id,score
0,0.9948571428571429
1,0.049
2,0.2545
3,0.029
4,0.528
5,0.093625
6,0.14265545938574395
7,0.321
8,0.013
9,0.16413677156177156
10,0.059
11,0.9906584615384616
12,0.994
13,0.041
14,0.128
15,0.993
16,0.121
17,0.9711158645276291
18,0.9883333333333334
19,0.22
20,0.07
21,0.01838049645390071
22,0.021
23,0.425
24,0.075
25,0.052
26,0.368
27,0.209
28,0.992
29,0.04625
30,0.066
31,0.274
32,0.993
33,0.158
34,0.999
35,0.1625
36,0.051
37,0.801
38,0.045
39,0.019142857142857142
40,1.0
41,0.993
42,0.049
43,0.417
44,0.0971
45,0.0765
46,0.993
47,0.6465
48,0.8649375
49,0.161
50,0.04533333333333333
51,0.996
52,0.01
53,0.23825
54,0.09175
55,0.087
56,0.175
57,0.015
58,0.041
59,0.023
60,0.7062738859180036
61,0.255
62,0.348
63,0.257
64,0.015
65,0.31533333333333335
66,0.02242857142857143
67,0.276
68,0.016
69,0.285
70,0.3884166666666667
71,0.014666666666666666
72,0.31566666666666665
73,0.087
74,0.182
75,0.251
76,0.315
77,0.156
78,0.102
79,0.13
80,0.066
81,0.19466671372494632
82,0.033
83,0.114
84,0.099
85,0.989
86,0.08558333333333333
87,0.2853949242765032
88,0.9618155622155624
89,0.988
90,0.17475
91,0.2
92,0.089
93,0.39
94,0.0975
95,0.104
96,0.03698333333333333
97,0.209
98,0.26443270742029107
99,0.16325
100,0.027
101,0.227
102,0.993
103,0.105
104,0.996
105,0.673
106,0.386
107,0.213
108,0.256
109,0.958
110,0.321
111,0.9229973580999897
112,0.068
113,0.108
114,0.16966666666666666
115,0.248
116,0.076
117,0.593
118,0.627
119,0.2506333333333334
120,0.057
121,0.103
122,0.829
123,0.03525
124,0.096125
125,0.994
126,0.075
127,0.301
128,0.019
129,0.998
130,0.009
131,0.04383208622439254
132,0.188
133,0.98612
134,0.118
135,0.154
136,0.231
137,0.187
138,0.066
139,0.544
140,0.10625
141,0.23933333333333334
142,0.052
143,0.04
144,0.027913043478260867
145,0.01
146,0.052
147,0.992
148,0.104
149,0.027677106227106226
150,0.118
151,0.998
152,0.17833333333333332
153,0.13749523809523811
154,0.5221512876012879
155,0.085
156,0.030109126984126985
157,0.999
158,0.055
159,0.385
160,0.9390701525054467
161,0.257
162,0.075
163,0.06666666666666665
164,0.037
165,0.29783333333333334
166,0.0224
167,0.749
168,0.194
169,0.023
170,0.07466666666666667
171,0.025583333333333333
172,0.298
173,0.3531628438594399
174,0.35
175,0.0855
176,0.04225
177,0.317
178,0.353
179,0.369
180,0.137
181,0.986
182,0.3177
183,0.042
184,0.331
185,0.13775833333333332
186,0.1585
187,0.198
188,0.304
189,0.141
190,0.236
191,0.9951111111111111
192,0.2508
193,0.132
194,0.996
195,0.351
196,0.18125
197,0.012666666666666666
198,0.30078492063492057
199,0.2374047619047619
200,0.016
201,0.242
202,0.03
203,0.094
204,0.291
205,0.2048
206,0.49
207,0.999
208,0.16142183875635907
209,0.06
210,0.692
211,0.06
212,0.06281428571428571
213,0.333
214,0.118
215,0.985
216,0.081
217,0.06670000000000001
218,0.046
219,0.068
220,0.019
221,0.923
222,0.129
223,0.028
224,0.03
225,0.03783333333333334
226,0.511
227,0.0997495670995671
228,0.11003333333333333
229,1.0
230,0.013
231,0.017
232,0.262
233,0.40113888888888893
234,0.14771904761904758
235,1.0
236,0.7458901098901098
237,0.093
238,0.04
239,0.033
240,0.276
241,0.01725
242,0.085
243,0.088
244,0.991
245,0.338
246,0.04488888888888889
247,0.014
248,0.11774799228549233
249,0.389
250,0.13
251,0.056
252,0.971
253,0.995
254,0.0545
255,0.031
256,0.9375148567119156
257,0.33868571428571426
258,0.154
259,0.444
260,0.096
261,0.05
262,0.18
263,0.1530738095238095
264,0.17
265,0.005
266,0.026
267,0.138
268,0.048
269,0.15416666666666667
270,0.18678058992950627
271,0.104
272,0.025166666666666664
273,0.7044
274,0.993
275,0.432
276,0.1416666666666667
277,0.459
278,0.841
279,0.8837065559888141
280,0.01838049645390071
281,0.0922
282,0.316
283,0.245
284,0.16263333333333332
285,0.015
286,0.794
287,0.226
288,0.222
289,0.005
290,0.132
291,0.0305
292,0.563
293,0.425
294,0.021533333333333335
295,0.444
296,0.694
297,0.989
298,0.008
299,0.045
300,0.0505
301,0.031
302,0.04251190476190476
303,0.027
304,0.1724
305,0.253
306,0.265
307,0.9408466686091687
308,0.006
309,0.036
310,0.998
311,0.989
312,0.998
313,0.094
314,0.187
315,0.09233333333333332
316,0.268
317,0.641
318,0.206
319,0.08
320,0.0495
321,0.309
322,0.047
323,0.081
324,0.992
325,0.5376487994298703
326,0.885
327,0.047545454545454544
328,0.065
329,0.021
330,0.03166666666666666
331,0.017
332,0.131
333,0.2365
334,0.1416666666666667
335,0.038943181818181814
336,0.1024
337,0.152
338,0.032
339,0.016166666666666666
340,0.217
341,0.312
342,0.146
343,0.06466666666666666
344,0.0135
345,0.372
346,0.8140349730597745
347,0.087
348,0.999
349,0.9899411764705883
350,0.057
351,0.165
352,0.997
353,0.014
354,0.09433333333333334
355,0.195
356,0.15428570945738135
357,0.177
358,0.992
359,0.155
360,0.13723333333333335
361,0.1566
362,0.099
363,0.425
364,0.513
365,0.03595
366,0.467
367,0.111
368,0.028
369,0.998
370,0.27666666666666667
371,0.148
372,0.5525
373,0.231
374,0.58125
375,0.2245
376,0.052
377,0.775
378,0.21
379,0.5633015873015872
380,0.026
381,0.3456666666666667
382,0.852
383,0.121
384,0.141
385,1.0
386,0.019
387,0.01
388,0.7440833333333332
389,0.9390833333333333
390,0.029111111111111112
391,0.20525
392,0.0724
393,0.036
394,0.3556666666666667
395,0.46166666666666667
396,0.041
397,0.011
398,0.078
399,0.8897626309835674
400,0.151
401,0.995
402,0.001
403,0.017
404,0.059
405,0.2353333333333333
406,0.16775
407,0.9895662055335968
408,0.08725
409,0.083
410,0.7658571428571429
411,0.20804347826086955
412,0.992
413,0.79
414,0.115
415,0.172
416,0.012
417,0.39
418,0.022
419,0.22033333333333333
420,0.076
421,0.211
422,0.986
423,0.496
424,0.116
425,0.8741487804878049
426,0.011018375241779496
427,0.502
428,0.117
429,0.856
430,0.648
431,0.26555555555555554
432,0.010142857142857143
433,0.4835
434,0.34
435,0.2275
436,0.24
437,0.0835
438,0.20925
439,0.0995
440,0.358
441,0.07735
442,0.242
443,0.998
444,0.7586923076923077
445,0.5613333333333334
446,0.028
447,0.098
448,0.981
449,0.135
450,0.375
451,0.3
452,0.6374833333333334
453,0.999
454,0.079
455,0.164
456,0.9581888888888889
457,0.355
458,0.288
459,0.006
460,0.31080073260073254
461,0.036
462,0.8761666666666666
463,0.21728571428571428
464,0.06166666666666666
465,0.225
466,0.02
467,0.32358333333333333
468,0.999
469,0.256
470,0.08633333333333335
471,0.18936767676767677
472,0.076
473,0.203
474,0.261
475,0.16599999999999998
476,0.18020557761449207
477,0.014
478,0.961
479,0.137
480,0.018333333333333337
481,0.8242456310433638
482,0.4746512237762239
483,0.2314685546506637
484,0.01841304347826087
485,0.036
486,1.0
487,0.119
488,0.043
489,0.168
490,0.175
491,0.364
492,0.734
493,0.06556666666666666
494,0.4176666666666667
495,0.161
496,0.416
497,0.17462764123570573
498,0.36460000000000004
499,0.19225
500,0.216
501,0.13339354838709677
502,0.05583333333333334
503,0.996
504,0.009
505,0.437
506,0.572
507,0.7067678139298531
508,0.15202777777777776
509,0.04408333333333333
510,0.036
511,0.0145
512,0.276
513,0.3726
514,0.1315
515,0.0864
516,0.1775
517,0.2606666666666666
518,0.7428440116822589
519,0.09016666666666667
520,0.336
521,0.13266666666666665
522,0.101
523,0.106
524,0.187
525,0.037
526,0.28
527,0.033
528,0.072
529,1.0
530,0.243
531,0.4995
532,0.386
533,0.025
534,0.551
535,0.048
536,0.06
537,0.838
538,0.467
539,0.10733333333333332
540,0.257
541,0.518
542,0.088
543,0.067
544,0.2395
545,0.23
546,0.25
547,0.076
548,0.6638333333333334
549,0.1585
550,0.214
551,0.9529384615384616
552,1.0
553,0.264
554,0.9662999999999999
555,0.013
556,0.0585
557,0.052
558,0.5
559,0.9712999999999999
560,0.205
561,0.136
562,0.985125
563,0.56625
564,0.05
565,0.11878860404103524
566,0.457
567,0.067
568,0.081
569,0.07033333333333333
570,0.7833333333333333
571,0.34008333333333335
572,0.143
573,0.164
574,0.187
575,0.996
576,0.13469230769230767
577,0.069
578,0.367
579,1.0
580,0.09
581,0.0052
582,0.025833333333333337
583,0.117
584,0.0329
585,0.389
586,0.40365782828282826
587,0.991
588,0.145
589,0.431
590,0.993
591,0.3138333333333333
592,1.0
593,0.017
594,0.8647
595,0.039
596,0.011
597,0.1494
598,0.02
599,0.205
600,0.23995714285714287
601,0.774
602,0.249
603,0.9933333333333334
604,0.19951666666666665
605,0.077
606,0.26076666666666665
607,0.151
608,0.037
609,0.027
610,0.047
611,0.26883333333333337
612,0.185
613,0.028
614,0.093
615,0.317
616,0.199
617,0.319
618,0.09966666666666667
619,0.040923630209659626
620,0.2316666666666667
621,0.218
622,0.299
623,0.075
624,0.0215
625,0.07565674603174602
626,0.109
627,0.7067678139298531
628,0.9697886178861789
629,0.052
630,0.9712999999999999
631,0.098
632,0.982
633,0.05747135429929548
634,0.407
635,0.145
636,0.103
637,0.043
638,0.009
639,0.1
640,0.993
641,0.054
642,0.038
643,0.997
644,0.554
645,0.3087712643678161
646,0.165
647,0.373
648,0.11758276493948548
649,0.09209423076923076
650,0.133
651,0.047
652,0.9933333333333334
653,0.028
654,0.1722
655,0.998
656,0.335
657,0.011
658,0.058
659,0.325
660,0.275
661,0.044
662,0.992
663,0.116
664,0.073
665,0.9955194805194806
666,0.144
667,0.057145634920634916
668,0.001
669,0.987
670,0.10816028138528137
671,0.47028571428571425
672,0.412
673,0.998
674,0.988
675,0.28791788282727787
676,0.03975
677,0.439
678,0.112
679,0.028
680,0.993
681,0.2695
682,0.988
683,0.988
684,0.057
685,0.998
686,0.016
687,0.22678205128205128
688,0.994
689,0.341
690,0.022
691,0.996
692,0.054
693,0.281
694,0.989
695,0.42709521406069023
696,0.15445357649596791
697,0.987
698,0.25969230769230767
699,0.17480348932676518
700,0.998
701,0.739
702,0.21549410589410592
703,0.114
704,0.10466666666666666
705,0.274
706,0.018
707,0.994
708,0.030944444444444438
709,0.09486977760801289
710,0.992
711,0.09782051282051284
712,0.089
713,0.51875
714,0.42441843434343446
715,0.173
716,0.2796486568986567
717,0.996
718,0.0175
719,0.986
720,0.667
721,0.194
722,0.686
723,0.913423611111111
724,0.9521960784313724
725,0.956
726,0.19
727,0.361
728,0.017
729,0.07
730,0.022
731,0.141
732,0.999
733,0.7085
734,0.2321875
735,0.116
736,0.349
737,0.072
738,0.997
739,0.214
740,0.18
741,0.107
742,0.1689515406162465
743,0.07053333333333334
744,0.052
745,0.397
746,0.015
747,0.531513888888889
748,0.024714285714285716
749,0.2955
750,0.0565
751,0.1205827524341844
752,0.7635833333333333
753,0.147
754,0.902
755,0.251
756,0.022
757,0.015
758,0.133
759,0.7645
760,0.195
761,0.0664
762,0.01908333333333333
763,0.1
764,0.156
765,0.032
766,0.257
767,0.14
768,0.011
769,0.999
770,0.044
771,0.04854015151515152
772,0.9591666666666666
773,0.361
774,0.4801388888888889
775,0.4965
776,0.224
777,0.115
778,0.027
779,0.928308084970585
780,0.139
781,0.06263142739613328
782,0.0835
783,0.225
784,0.08371666666666668
785,0.997
786,0.208
787,0.3945
788,0.015
789,0.014195238095238094
790,0.333
791,0.163
792,0.044
793,0.016
794,0.02
795,0.21
796,0.979
797,0.349
798,0.255
799,0.056
800,0.995
801,0.098
802,0.082
803,0.006
804,0.104
805,0.393
806,0.0292
807,0.15
808,0.021
809,0.124
810,0.987
811,0.996
812,0.271
813,0.2566666666666667
814,0.913423611111111
815,0.355
816,0.059
817,0.209
818,0.7672056561472583
819,0.048
820,0.0
821,0.39
822,0.017
823,0.085
824,0.67325
825,0.40620833333333334
826,0.475
827,0.0922
828,0.999
829,0.02025
830,0.21
831,0.04016666666666667
832,0.368
833,0.22133333333333333
834,0.0465
835,0.145
836,0.021
837,0.0013333333333333333
838,0.9973333333333334
839,0.085
840,0.602
841,0.119
842,0.1340622108404085
843,0.10291666666666666
844,0.999
845,0.183
846,0.022
847,0.068
848,0.23
849,0.222
850,0.043
851,0.0
852,0.292
853,0.633
854,0.993
855,0.129
856,0.167
857,0.25434285714285715
858,0.9935384615384616
859,0.457
860,0.023
861,0.042
862,0.977
863,0.106
864,0.236
865,0.431
866,0.052
867,0.993
868,0.129
869,0.998
870,0.06711111111111111
871,0.9865
872,0.0444
873,0.134
874,0.105
875,0.012
876,0.932
877,0.017
878,0.126
879,0.1
880,0.0
881,0.022
882,0.151
883,0.03358928571428572
884,0.151
885,0.037
886,0.012
887,0.16
888,0.106
889,0.6065
890,0.369
891,0.1238
892,0.37
893,0.457
894,0.2477166666666667
895,0.0075
896,0.167
897,0.151
898,0.201
899,0.016
900,0.697
901,0.23
902,0.1701666666666667
903,1.0
904,0.116
905,0.0795
906,0.186
907,0.144
908,0.05223731092436975
909,0.346
910,0.03
911,0.011
912,0.461
913,0.183
914,0.086
915,0.989
916,0.205
917,0.138
918,0.11533333333333334
919,0.0351875
920,0.556
921,0.3822
922,0.028
923,0.36939999999999995
924,0.3205
925,0.5086635461760461
926,0.011
927,0.508
928,0.321
929,0.2467738095238095
930,0.003
931,0.121
932,0.10533333333333333
933,0.044
934,0.008
935,0.435
936,0.05533333333333334
937,0.317
938,0.996
939,0.4564722222222222
940,0.999
941,0.053
942,0.08275
943,0.468
944,0.177
945,0.236
946,0.08316666666666665
947,0.098
948,0.1708888888888889
949,0.35933333333333334
950,0.367
951,0.129
952,0.993
953,0.279
954,0.05913333333333333
955,0.14225
956,0.252
957,0.196
958,0.068
959,0.044
960,0.6880666666666667
961,0.152
962,0.026
963,0.4215
964,0.2049166666666667
965,0.2275
966,0.014612698412698412
967,0.329
968,0.084
969,0.9833076923076923
970,0.268
971,0.23
972,0.139
973,0.05805
974,0.065
975,0.02940546218487395
976,0.833
977,0.9873333333333334
978,1.0
979,0.5776142857142856
980,0.988
981,0.21975
982,0.16766666666666669
983,0.5056333333333334
984,0.28
985,0.016
986,0.9873333333333333
987,0.456
988,0.323
989,0.024
990,0.992
991,0.429
992,0.184
993,0.01
994,0.012
995,0.998
996,0.8416476325285273
997,0.011
998,0.9645899433899433
999,0.161
1000,0.995
1001,0.561
1002,0.601
1003,0.05125
1004,0.294
1005,0.034
1006,0.064
1007,0.1272
1008,0.013433333333333332
1009,0.039
1010,0.15703571428571428
1011,0.006
1012,0.219
1013,0.069
1014,0.315
1015,0.387
1016,0.0355
1017,0.688
1018,0.7033333333333333
1019,0.021478260869565217
1020,0.0995
1021,0.14333095238095234
1022,0.172
1023,0.283
1024,0.156
1025,0.511
1026,0.506
1027,0.32139999999999996
1028,0.072
1029,0.2575
1030,0.913423611111111
1031,0.1
1032,0.1527037037037037
1033,0.13
1034,1.0
1035,0.777
1036,0.8143333333333334
1037,0.051
1038,0.09679285714285715
1039,0.103
1040,0.328
1041,0.032
1042,0.027
1043,0.9356449210919799
1044,0.135
1045,0.156
1046,0.89
1047,0.006
1048,0.246
1049,0.015
1050,0.245
1051,0.487
1052,0.050030078585844844
1053,0.0458
1054,0.209
1055,0.2675
1056,0.234
1057,0.501
1058,0.981
1059,0.086
1060,0.1844771444031807
1061,0.994
1062,0.045416666666666675
1063,0.053
1064,0.02095
1065,0.99095
1066,1.0
1067,0.046
1068,0.126
1069,0.805912205247705
1070,0.047
1071,0.511
1072,0.9572205128205129
1073,0.998
1074,0.082
1075,0.4291666666666667
1076,0.027
1077,0.349
1078,0.7168965201465202
1079,0.013666666666666666
1080,0.3083333333333333
1081,0.08504796380090499
1082,0.207
1083,0.12
1084,0.1795
1085,0.16
1086,0.057
1087,0.061
1088,0.136
1089,0.157
1090,0.193
1091,0.02195
1092,1.0
1093,0.01607142857142857
1094,0.058
1095,0.565
1096,0.296
1097,0.435
1098,0.994
1099,0.176
1100,0.102
1101,0.12245793650793652
1102,0.393
1103,0.005
1104,0.01175
1105,0.1315
1106,0.138
1107,0.4726581609395077
1108,0.996
1109,0.22019999999999998
1110,0.044
1111,0.442
1112,0.03201431469139379
1113,0.164
1114,0.088
1115,0.1986388888888889
1116,0.014
1117,0.298
1118,0.745090017825312
1119,0.28
1120,0.003333333333333333
1121,0.048
1122,0.018
1123,0.16748571428571427
1124,0.066
1125,0.06047385947385948
1126,0.145
1127,0.384
1128,0.282
1129,0.35333333333333333
1130,0.995
1131,0.187
1132,0.345
1133,1.0
1134,0.26
1135,0.015
1136,0.8639432151783544
1137,1.0
1138,0.19
1139,0.092
1140,0.1844771444031807
1141,0.163
1142,0.14696666666666666
1143,0.135
1144,0.26180000000000003
1145,0.057
1146,0.606
1147,0.212
1148,0.9491410256410256
1149,0.202
1150,0.066
1151,0.072
1152,0.199
1153,0.027
1154,0.7204443223443225
1155,0.17323333333333335
1156,0.03342261904761905
1157,0.65
1158,0.101
1159,0.42
1160,0.087825
1161,0.023477777777777778
1162,0.30533333333333335
1163,0.0
1164,0.08168333333333334
1165,0.185
1166,0.435
1167,0.057
1168,0.9225493382434561
1169,0.058
1170,0.44722222222222224
1171,0.14075
1172,0.978974358974359
1173,0.115
1174,0.148
1175,0.257
1176,0.099
1177,0.17
1178,0.916
1179,0.561
1180,0.039
1181,0.999
1182,0.514
1183,0.05704761904761905
1184,1.0
1185,0.985
1186,0.205
1187,0.0608
1188,0.013
1189,1.0
1190,0.0545
1191,0.125
1192,0.021
1193,0.078
1194,0.016
1195,0.1
1196,0.074
1197,0.062
1198,0.16501960784313724
1199,0.389
1200,0.267
1201,0.7874948156418746
1202,0.062
1203,0.019
1204,0.985125
1205,0.968
1206,0.986
1207,0.2075
1208,0.196
1209,0.024
1210,0.28003333333333336
1211,0.143
1212,0.38
1213,0.012
1214,0.0746
1215,0.05542424242424243
1216,0.463
1217,0.138
1218,0.122
1219,0.022
1220,0.062
1221,0.045
1222,0.116
1223,0.1723
1224,0.34
1225,1.0
1226,0.021
1227,0.017
1228,0.9982000000000001
1229,0.05
1230,0.919
1231,0.04161614463967406
1232,0.308
1233,0.424
1234,0.22225
1235,0.228
1236,0.13266666666666668
1237,0.985
1238,0.993
1239,0.42086666666666667
1240,0.337
1241,0.012
1242,0.304
1243,0.006
1244,0.988
1245,0.141
1246,0.992
1247,0.99
1248,0.2405
1249,0.03971764705882353
1250,0.052
1251,0.06047385947385948
1252,0.0932
1253,0.201
1254,0.04625
1255,0.8140349730597745
1256,0.954
1257,0.148
1258,0.077
1259,0.011357142857142857
1260,0.511
1261,0.132
1262,0.005
1263,0.0252
1264,0.089
1265,0.989
1266,0.140625
1267,0.601
1268,0.165
1269,0.035
1270,0.088
1271,0.077
1272,0.95
1273,0.178
1274,0.062
1275,0.53276329378972
1276,0.02025
1277,0.081
1278,0.187
1279,0.093
1280,0.40242857142857147
1281,0.035401784156833246
1282,0.197
1283,0.174
1284,0.321
1285,0.126
1286,0.185
1287,0.049
1288,0.04183333333333333
1289,0.068
1290,0.998
1291,0.29652857142857136
1292,0.016553191489361702
1293,0.188
1294,0.14075
1295,0.382
1296,0.05333333333333334
1297,0.077
1298,0.00825
1299,0.999
1300,0.122
1301,0.062
1302,0.039
1303,0.6266666666666667
1304,0.2872
1305,0.0345
1306,0.272
1307,0.993
1308,0.055
1309,0.283
1310,0.13291666666666668
1311,0.26104761904761903
1312,0.246
1313,0.722
1314,0.468
1315,0.453
1316,0.18
1317,0.30333333333333334
1318,0.116
1319,0.16556666666666667
1320,0.022
1321,0.1765
1322,0.304
1323,0.17825
1324,0.008
1325,0.16140066401912956
1326,0.212
1327,0.20829208079502196
1328,0.336
1329,0.022
1330,0.326
1331,0.5637000000000001
1332,0.009340740740740741
1333,0.020666666666666663
1334,0.119
1335,0.994
1336,1.0
1337,0.118
1338,0.983
1339,0.243
1340,0.121
1341,0.241
1342,0.18622077922077923
1343,0.185
1344,0.122
1345,0.02
1346,0.7639733023512435
1347,0.028
1348,0.4
1349,0.422
1350,0.996
1351,0.398
1352,0.411
1353,0.689
1354,0.5976833333333333
1355,0.09009829059829061
1356,0.219
1357,0.391
1358,0.2315
1359,0.041
1360,0.012199999999999999
1361,0.997
1362,0.127
1363,0.05
1364,0.143
1365,0.011666666666666665
1366,0.1533384615384616
1367,0.03201431469139379
1368,0.432
1369,0.102
1370,0.354
1371,0.016
1372,0.1428
1373,0.375
1374,0.987
1375,0.109
1376,0.108
1377,1.0
1378,0.025
1379,0.537
1380,0.16335714285714287
1381,0.24783723196881094
1382,0.10166666666666667
1383,0.249
1384,0.998
1385,0.201
1386,0.061
1387,0.23424999999999996
1388,0.995
1389,0.8550982142857142
1390,1.0
1391,0.017
1392,0.266
1393,0.386
1394,0.175
1395,0.128
1396,0.010116666666666668
1397,0.2365
1398,0.1625
1399,0.024
1400,0.152
1401,0.094
1402,0.19
1403,0.454
1404,0.023
1405,0.4553333333333333
1406,0.0505
1407,0.054
1408,0.052
1409,0.111
1410,0.018
1411,0.21433333333333332
1412,0.9498466686091687
1413,0.31566666666666665
1414,0.00858409090909091
1415,0.4005
1416,0.56
1417,0.336
1418,0.992
1419,0.289
1420,0.989
1421,0.0245
1422,0.369
1423,0.059
1424,0.087
1425,0.7015
1426,0.096
1427,0.06670000000000001
1428,0.256
1429,0.228
1430,0.994
1431,0.618
1432,0.057
1433,0.017
1434,0.999
1435,0.7303779086599673
1436,0.22521860500610502
1437,0.014
1438,0.999
1439,0.019
1440,0.193
1441,0.8382398681908132
1442,0.195
1443,0.042043478260869564
1444,0.06
1445,0.932
1446,0.183
1447,0.432
1448,0.19936363636363638
1449,0.3915
1450,0.8242456310433638
1451,0.04
1452,0.04966815610859729
1453,0.23535642135642132
1454,0.037
1455,0.2112
1456,0.104
1457,0.9973333333333334
1458,0.998
1459,0.10809999999999999
1460,0.033
1461,0.3325
1462,0.998
1463,0.197
1464,0.019
1465,0.706
1466,0.19116485671191555
1467,0.131
1468,0.2565
1469,0.36083333333333334
1470,0.337
1471,0.126
1472,0.04166666666666667
1473,0.3792439655172414
1474,0.5175
1475,0.017
1476,0.018
1477,0.919
1478,0.45480883501406644
1479,0.116
1480,0.433
1481,0.26405555555555554
1482,0.3070833333333334
1483,0.137
1484,0.141
1485,0.031
1486,0.022
1487,0.052
1488,0.015
1489,0.9863999999999999
1490,0.0195
1491,0.172
1492,0.12708333333333335
1493,0.20025
1494,0.416
1495,0.426
1496,0.338
1497,0.174
1498,0.026846153846153846
1499,0.372
1500,0.999
1501,0.01843076923076923
1502,0.065
1503,0.315
1504,0.09985714285714287
1505,0.008
1506,0.108
1507,0.083
1508,0.126
1509,0.19258785652771776
1510,0.42
1511,0.2990833333333333
1512,0.0466
1513,0.062
1514,0.358
1515,0.2215
1516,0.5976347591353044
1517,0.0265
1518,0.201
1519,0.10175
1520,0.075
1521,0.096
1522,0.1399190476190476
1523,0.1426
1524,0.102
1525,0.461
1526,0.087
1527,0.992
1528,0.299
1529,1.0
1530,0.31
1531,0.039
1532,0.5009166666666667
1533,0.11
1534,0.998
1535,0.291
1536,0.237
1537,0.08425
1538,0.198
1539,0.06
1540,0.028
1541,0.322
1542,0.997
1543,0.092
1544,0.8583849816849817
1545,0.094
1546,0.008
1547,0.25
1548,0.375
1549,0.278
1550,0.14841666666666667
1551,0.119
1552,0.02125
1553,0.012
1554,0.034
1555,0.788
1556,0.128
1557,0.997
1558,0.457
1559,0.465
1560,0.42
1561,0.029
1562,0.157
1563,0.099
1564,0.069
1565,0.1718873015873016
1566,0.005
1567,0.192
1568,0.6913333333333334
1569,0.997
1570,0.037
1571,0.014
1572,0.43355735930735934
1573,0.8776666666666666
1574,0.034
1575,0.994
1576,0.317
1577,0.025673076923076923
1578,0.132
1579,0.8417778583353331
1580,0.068
1581,0.196
1582,0.027
1583,0.366
1584,0.996
1585,0.0195
1586,0.104
1587,0.17133333333333334
1588,0.5434246575342465
1589,0.52
1590,0.052
1591,0.3
1592,0.144
1593,0.113
1594,0.056583333333333326
1595,0.992
1596,0.229
1597,0.61
1598,1.0
1599,0.361
1600,0.998
1601,0.5942857142857142
1602,0.336
1603,0.016
1604,0.12516666666666668
1605,0.047
1606,0.010666666666666666
1607,0.04633333333333333
1608,0.071
1609,1.0
1610,0.0795
1611,0.5656500000000001
1612,0.4285
1613,0.18907301587301586
1614,0.21591666666666665
1615,0.055
1616,0.993
1617,0.05466666666666666
1618,0.02733333333333333
1619,0.9280666666666666
1620,0.011407407407407408
1621,0.022
1622,0.382
1623,0.305
1624,0.029111111111111112
1625,0.3375
1626,0.09236591641048163
1627,0.097
1628,0.9504743589743591
1629,0.291
1630,0.407
1631,0.08266666666666667
1632,0.9698999999999999
1633,1.0
1634,0.017
1635,0.057
1636,0.125
1637,0.468
1638,0.114
1639,0.555
1640,0.5918823529411764
1641,0.013
1642,0.999
1643,0.014133333333333333
1644,0.32
1645,0.38239999999999996
1646,0.06104935897435897
1647,0.017333333333333333
1648,0.342
1649,0.093
1650,0.13725
1651,0.14006666666666667
1652,0.0404
1653,0.16340000000000002
1654,0.082
1655,0.807
1656,0.076
1657,0.318
1658,0.06
1659,0.102
1660,0.088
1661,0.26416666666666666
1662,0.054
1663,0.067
1664,0.2415
1665,0.6445666666666666
1666,0.076
1667,0.5731
1668,0.27
1669,0.006
1670,0.005
1671,0.450375
1672,0.025363708513708515
1673,0.305
1674,0.204
1675,0.068
1676,0.1
1677,0.183
1678,0.1435613154960981
1679,0.28
1680,0.313
1681,0.0785
1682,0.011452631578947369
1683,0.60975
1684,0.208
1685,0.2115
1686,0.294
1687,0.287
1688,0.9266803567029177
1689,0.495
1690,0.09775
1691,0.27066666666666667
1692,0.15524307359307357
1693,0.186
1694,0.3072
1695,0.986
1696,0.915
1697,0.316
1698,0.9955194805194806
1699,0.9266803567029177
1700,0.599
1701,0.002
1702,0.055299999999999995
1703,0.044
1704,0.09182190669371197
1705,0.051
1706,1.0
1707,0.113
1708,0.011454545454545453
1709,0.992
1710,0.11939354838709679
1711,0.999
1712,0.16413677156177156
1713,0.004
1714,0.068
1715,0.251
1716,0.208
1717,0.691
1718,0.8364594923678172
1719,0.4895
1720,0.93225
1721,0.628
1722,0.069
1723,0.532
1724,0.046
1725,0.036179176815653795
1726,0.556
1727,0.07466666666666666
1728,0.178
1729,0.435
1730,0.374
1731,0.162
1732,0.26
1733,0.0165
1734,0.408
1735,0.6635809523809524
1736,0.994
1737,0.508
1738,0.9873333333333333
1739,0.105
1740,0.20413333333333333
1741,0.253
1742,0.138
1743,0.2497083333333333
1744,0.057
1745,0.06720000000000001
1746,0.08716666666666666
1747,0.313
1748,0.025
1749,0.1499583333333333
1750,0.024
1751,0.041333333333333326
1752,0.03
1753,0.05
1754,0.058
1755,0.064
1756,0.6883333333333332
1757,0.109
1758,0.04375
1759,0.362
1760,0.008
1761,0.155
1762,0.994
1763,0.15
1764,0.132
1765,0.169
1766,0.19266666666666668
1767,0.045
1768,0.317
1769,0.7000339275430625
1770,0.225
1771,0.275
1772,0.006
1773,0.346
1774,0.078
1775,0.041
1776,0.08857440476190476
1777,0.26425
1778,0.986
1779,0.141
1780,0.056
1781,0.332
1782,0.032
1783,0.774
1784,0.103
1785,0.023
1786,0.9935384615384616
1787,1.0
1788,0.4727
1789,0.5841373873873874
1790,0.3445
1791,0.2246
1792,0.233
1793,0.1325
1794,0.669
1795,0.0945
1796,0.24993778262994176
1797,0.104
1798,0.977
1799,0.24833333333333335
1800,0.014
1801,0.997
1802,0.034
1803,0.058
1804,0.104
1805,0.16741666666666666
1806,0.104
1807,0.322
1808,0.204
1809,0.017083333333333336
1810,0.952
1811,0.24993778262994176
1812,0.054
1813,0.6781
1814,0.233
1815,0.08
1816,0.277
1817,0.013
1818,0.051
1819,0.092
1820,0.9905454545454545
1821,0.018545454545454546
1822,0.019
1823,0.698
1824,0.059
1825,0.997
1826,0.03025
1827,0.017
1828,0.29
1829,0.252275
1830,0.1436666666666667
1831,0.728
1832,0.228
1833,0.023
1834,0.996
1835,0.28
1836,0.012
1837,0.8259249393245962
1838,0.296
1839,0.026
1840,0.054
1841,0.116
1842,0.078
1843,0.161
1844,0.009
1845,0.49170724458016823
1846,0.079
1847,0.198
1848,0.06525
1849,0.229
1850,0.7530119658119658
1851,0.011
1852,0.026
1853,0.126
1854,0.017
1855,0.025
1856,0.122
1857,0.12688888888888888
1858,0.328
1859,0.342
1860,0.451
1861,0.55075
1862,0.024416666666666663
1863,0.3211333333333333
1864,1.0
1865,0.033
1866,0.137
1867,0.9662999999999999
1868,0.042
1869,0.9895662055335968
1870,0.19583333333333333
1871,0.159
1872,0.033
1873,1.0
1874,0.108
1875,0.222
1876,0.024
1877,1.0
1878,0.07525
1879,0.0605
1880,0.36
1881,0.03201431469139379
1882,0.09603809523809523
1883,0.265
1884,0.561
1885,0.986
1886,0.01
1887,0.057
1888,0.331
1889,0.2495
1890,0.6200277777777778
1891,0.997
1892,0.011
1893,0.09232142857142858
1894,0.018
1895,0.707
1896,0.134
1897,0.115
1898,0.0482
1899,1.0
1900,0.036
1901,0.7994904455607287
1902,0.259
1903,0.692
1904,0.094
1905,0.205
1906,0.454
1907,0.389
1908,0.992
1909,0.770982968269497
1910,0.7428440116822589
1911,0.011376147186147186
1912,0.117
1913,0.06
1914,0.468
1915,0.03683412698412698
1916,1.0
1917,0.24133333333333334
1918,0.174
1919,0.760658309990663
1920,0.997
1921,0.004
1922,0.9736076923076923
1923,0.6893333333333334
1924,0.071
1925,0.25
1926,0.953
1927,0.05728571428571429
1928,0.113
1929,0.2623039682539683
1930,0.994
1931,0.7033333333333334
1932,1.0
1933,0.466
1934,0.3537
1935,0.02025
1936,0.156
1937,0.024
1938,0.65
1939,0.1155
1940,0.289
1941,0.042
1942,0.763
1943,0.977
1944,0.15314285714285714
1945,0.05568333333333333
1946,0.0375
1947,0.086
1948,0.9428855574980575
1949,0.9388454545454544
1950,0.219
1951,0.993375
1952,0.555
1953,0.259
1954,0.176
1955,0.33517326839826844
1956,0.1725
1957,0.195
1958,0.14766666666666667
1959,0.254
1960,0.086
1961,0.2805
1962,0.021166666666666663
1963,0.3676666666666667
1964,0.06795442057942057
1965,0.10433333333333333
1966,0.007
1967,0.023
1968,0.1650833333333333
1969,0.8382398681908132
1970,0.998
1971,0.394
1972,0.375
1973,0.108
1974,0.015
1975,0.5951841736694677
1976,0.005
1977,0.07165
1978,0.17
1979,0.0525
1980,0.0935
1981,0.27
1982,0.5655
1983,0.027
1984,0.15
1985,0.062
1986,0.057
1987,0.304
1988,0.02756740319282989
1989,0.108
1990,0.27008333333333334
1991,0.11019472423001843
1992,0.0395
1993,0.9027551257253384
1994,0.9833076923076923
1995,0.105
1996,0.1185
1997,1.0
1998,0.02273333333333333
1999,0.7303779086599673
2000,0.269
2001,0.172
2002,0.01
2003,0.014
2004,0.0525
2005,0.04345238095238095
2006,0.3826666666666667
2007,0.069
2008,0.4961538461538461
2009,0.07
2010,0.595
2011,0.02025
2012,0.9973333333333334
2013,0.39143036497622136
2014,0.047
2015,0.16235882720519512
2016,0.026
2017,0.033
2018,0.236
2019,0.02341666666666667
2020,0.076
2021,0.1492233877233877
2022,0.253
2023,0.135
2024,0.994
2025,0.615
2026,0.985
2027,0.188
2028,0.5585
2029,0.19416666666666668
2030,0.0445
2031,0.00811304347826087
2032,0.1134
2033,0.144
2034,0.159
2035,0.093
2036,0.4
2037,0.6793333333333332
2038,0.0835
2039,0.044
2040,0.197
2041,0.994
2042,0.203
2043,0.994
2044,0.999
2045,0.2158984126984127
2046,0.01008611111111111
2047,0.021
2048,0.0245
2049,0.477
2050,0.5233333333333332
2051,0.019
2052,0.029
2053,0.054
2054,0.0935
2055,0.08080000000000001
2056,0.097
2057,0.147
2058,0.186
2059,0.144
2060,0.036
2061,0.033
2062,0.236
2063,0.06280452488687784
2064,0.389
2065,0.08
2066,0.779
2067,0.1663333333333333
2068,0.9358
2069,0.038943181818181814
2070,0.7970908873805932
2071,0.28996066252587993
2072,0.513
2073,0.354
2074,0.138
2075,0.09816666666666667
2076,0.997
2077,0.438
2078,0.152
2079,0.505
2080,0.6805808375892003
2081,0.2410285714285714
2082,1.0
2083,0.6516666666666666
2084,0.9356449210919799
2085,0.0435
2086,0.37970920745920744
2087,0.08418002340086739
2088,0.7067678139298531
2089,0.01
2090,0.39143036497622136
2091,0.078
2092,0.357
2093,0.519
2094,0.9920384615384615
2095,0.02
2096,0.9793
2097,0.948474358974359
2098,0.304
2099,0.998
2100,0.05771428571428572
2101,0.1575
2102,0.069
2103,0.0245
2104,0.33547831733483907
2105,0.12833333333333335
2106,0.344
2107,1.0
2108,0.013064171297809742
2109,0.085
2110,0.9027551257253384
2111,0.27176666666666666
2112,0.06306666666666667
2113,0.06980182954300602
2114,0.358
2115,0.037
2116,0.344
2117,0.2818333333333333
2118,0.997
2119,0.013495631313131312
2120,0.229
2121,0.212
2122,0.043
2123,0.159
2124,0.04642857142857143
2125,0.2910833333333333
2126,0.9368
2127,0.7303779086599673
2128,0.26375
2129,0.9948571428571429
2130,0.412
2131,1.0
2132,0.2
2133,1.0
2134,0.012
2135,0.197
2136,0.371
2137,0.065
2138,0.058
2139,0.0205
2140,0.085
2141,0.0555
2142,0.997
2143,0.999
2144,0.9736076923076923
2145,0.085
2146,0.627
2147,0.993
2148,0.21783333333333335
2149,0.145
2150,0.036
2151,0.0
2152,0.0595
2153,0.118
2154,0.24
2155,0.048
2156,0.144
2157,0.06
2158,0.247
2159,0.051
2160,0.125
2161,0.19649999999999998
2162,0.297
2163,0.7476017971650474
2164,0.03
2165,0.115
2166,0.09
2167,0.045
2168,0.9194408293460925
2169,0.1844771444031807
2170,0.008
2171,0.158
2172,0.49170724458016823
2173,1.0
2174,0.993
2175,0.109
2176,0.1308
2177,0.996
2178,0.0185
2179,0.048
2180,0.008
2181,0.036
2182,0.112
2183,0.129
2184,0.08751666666666667
2185,0.8681242584213172
2186,0.983
2187,0.431
2188,0.042
2189,0.996
2190,0.08
2191,0.094
2192,0.119
2193,0.044
2194,0.1685
2195,0.352
2196,0.29
2197,0.18233333333333335
2198,0.1957052045177045
2199,0.691
2200,0.064
2201,0.02007142857142857
2202,0.028
2203,0.334
2204,0.9385648567119156
2205,0.139
2206,0.381
2207,0.697
2208,0.131
2209,0.998
2210,0.6
2211,0.042692307692307696
2212,0.051
2213,0.983
2214,0.8498
2215,0.2008333333333333
2216,0.271
2217,0.035
2218,0.028
2219,0.3748146904483039
2220,0.051
2221,0.094
2222,0.3763333333333333
2223,0.042
2224,0.011
2225,0.442
2226,0.7483000000000001
2227,0.22
2228,0.457
2229,0.06866666666666665
2230,0.892
2231,0.28833333333333333
2232,0.1
2233,0.367
2234,0.16
2235,0.8583849816849817
2236,0.1
2237,0.0425
2238,0.113
2239,0.038
2240,0.027600000000000003
2241,0.1636923076923077
2242,0.015
2243,0.11319978070175439
2244,0.6430081876456876
2245,0.06916666666666665
2246,0.830927824921037
2247,0.7958375439509416
2248,0.9974666666666667
2249,0.39946407633474196
2250,0.7889318668259844
2251,0.997
2252,0.091
2253,0.970111111111111
2254,0.09209423076923076
2255,0.136
2256,0.224
2257,0.436
2258,0.8698696687370601
2259,0.02263888888888889
2260,0.12445454545454546
2261,0.131
2262,0.03376470588235294
2263,0.993
2264,0.185
2265,0.19873901458019103
2266,0.146
2267,0.8114946624248851
2268,0.111
2269,0.44656190476190477
2270,0.087
2271,0.728
2272,0.471
2273,0.15175
2274,0.18
2275,0.06758333333333334
2276,0.063
2277,0.948
2278,0.994
2279,0.074
2280,0.552
2281,0.008666666666666666
2282,0.022
2283,0.10725
2284,0.920001418026418
2285,0.35960000000000003
2286,0.857376083010221
2287,0.191
2288,0.022
2289,0.8987706614463966
2290,0.15765
2291,0.18025
2292,0.999
2293,0.48768181818181816
2294,0.128
2295,0.926
2296,0.035
2297,0.025333333333333336
2298,0.08333333333333334
2299,0.089
2300,1.0
2301,0.428
2302,0.926
2303,0.2375
2304,0.41606494898643503
2305,0.192
2306,0.379
2307,0.267
2308,0.056190476190476187
2309,0.014
2310,0.09974523809523808
2311,0.992
2312,0.9376219299318371
2313,0.991
2314,0.037
2315,0.141
2316,0.999
2317,0.2096184924552572
2318,0.9913333333333334
2319,0.135
2320,0.251
2321,0.16142183875635907
2322,0.013
2323,0.018909090909090907
2324,0.47159377389188994
2325,0.308
2326,0.153
2327,0.344
2328,0.9529384615384616
2329,0.984
2330,0.987
2331,0.068
2332,0.04546369047619047
2333,0.442
2334,0.7103507085020242
2335,0.228
2336,0.214
2337,0.928308084970585
2338,0.405
2339,0.9951111111111111
2340,0.039
2341,0.011
2342,0.233
2343,0.16
2344,0.987
2345,0.4371190476190476
2346,0.01
2347,0.997
2348,1.0
2349,0.996
2350,0.19191666666666668
2351,0.013736363636363637
2352,0.008
2353,0.986
2354,0.999
2355,0.012333333333333332
2356,0.2758333333333334
2357,0.303
2358,0.075
2359,0.18775
2360,0.2386666666666667
2361,0.1049174358974359
2362,0.998
2363,0.006
2364,0.105
2365,0.48
2366,0.24983333333333332
2367,0.2687727272727273
2368,0.047166666666666655
2369,0.024
2370,0.7446
2371,0.019
2372,0.462
2373,0.12275
2374,0.098
2375,1.0
2376,0.987
2377,0.303
2378,0.017444444444444443
2379,0.293
2380,0.022
2381,1.0
2382,0.1895
2383,0.009909090909090909
2384,0.1385
2385,0.948
2386,0.129
2387,0.077
2388,0.122
2389,0.285
2390,0.186
2391,0.08233333333333334
2392,0.995
2393,0.222
2394,0.136
2395,0.246
2396,0.998
2397,0.283
2398,0.6793333333333332
2399,0.41306666666666664
2400,0.04161614463967406
2401,0.15
2402,0.011125
2403,0.282
2404,0.992
2405,0.996
2406,0.404
2407,0.11601706349206352
2408,0.239
2409,0.3025
2410,0.042
2411,0.3
2412,0.3155
2413,0.033
2414,0.14525
2415,1.0
2416,0.008
2417,0.136
2418,0.8357673849238664
2419,0.03
2420,1.0
2421,0.1333333333333333
2422,0.0205
2423,0.03
2424,0.016575757575757577
2425,0.01
2426,0.036
2427,0.019
2428,0.031
2429,0.061
2430,0.1875
2431,0.255
2432,0.987
2433,0.094
2434,0.4135
2435,0.106
2436,0.7204443223443225
2437,0.9260375721500723
2438,0.063
2439,0.061
2440,0.04383208622439254
2441,0.274
2442,0.386
2443,0.040923630209659626
2444,0.7911608974903093
2445,0.041
2446,0.583
2447,0.371
2448,0.119
2449,0.121
2450,0.011
2451,0.019
2452,0.16
2453,0.028
2454,0.136
2455,0.067
2456,0.17
2457,0.186
2458,0.014666666666666666
2459,0.964
2460,0.227
2461,0.2715
2462,0.057
2463,0.04
2464,0.5561111111111111
2465,0.174
2466,0.9241630950920425
2467,0.328
2468,0.12
2469,0.161
2470,0.184
2471,0.865
2472,0.997
2473,0.161
2474,0.021
2475,0.87371361580392
2476,0.129
2477,0.0645
2478,0.055
2479,0.018
2480,0.4833505050505047
2481,0.156
2482,0.49170724458016823
2483,0.041
2484,0.059
2485,0.293
2486,0.02308333333333333
2487,0.051
2488,0.141
2489,0.032
2490,0.143
2491,0.193
2492,0.046788381291653275
2493,0.7555719642611551
2494,0.05
2495,0.096
2496,0.123
2497,0.5966666666666667
2498,0.332
2499,0.012
2500,0.017333333333333333
2501,0.126
2502,0.408
2503,0.535
2504,0.185
2505,0.025
2506,0.994
2507,0.424
2508,0.998
2509,0.028
2510,0.405
2511,0.088
2512,0.1844771444031807
2513,0.378
2514,0.992
2515,0.0625
2516,0.07016666666666665
2517,0.0233625
2518,0.157
2519,0.031
2520,0.026600000000000002
2521,0.019
2522,0.304
2523,0.5746666666666668
2524,0.218
2525,0.185
2526,0.2681
2527,0.994
2528,0.9345963216522041
2529,0.612
2530,0.048
2531,0.28
2532,0.088
2533,0.1517525344277852
2534,0.2006666666666667
2535,0.178
2536,0.015785714285714285
2537,0.4686666666666667
2538,1.0
2539,0.539
2540,0.997
2541,0.038
2542,0.051
2543,0.962
2544,0.23375
2545,0.05249999999999999
2546,0.9920384615384615
2547,0.247
2548,0.492
2549,0.14929713804713804
2550,0.133
2551,0.102
2552,0.11893333333333334
2553,0.09108333333333335
2554,0.125
2555,0.7676666666666667
2556,0.025066666666666668
2557,0.415
2558,0.066
2559,0.218
2560,0.1
2561,0.125
2562,0.101
2563,0.27434509803921564
2564,0.040470512820512825
2565,0.10011742424242423
2566,0.03124013157894737
2567,0.10061637472719698
2568,0.027
2569,0.185
2570,0.017415151515151515
2571,0.212
2572,0.2323333333333333
2573,0.021166666666666663
2574,0.188
2575,0.034
2576,0.065
2577,0.1988333333333333
2578,0.724
2579,0.35855000000000004
2580,0.04933333333333333
2581,0.302
2582,0.8919878539932719
2583,0.012
2584,0.121
2585,0.31065000000000004
2586,0.995
2587,0.743
2588,0.299
2589,0.023
2590,0.4206666666666667
2591,0.994
2592,0.2095
2593,0.1425
2594,0.065
2595,0.053
2596,0.025
2597,0.13
2598,0.279
2599,0.011
2600,0.050030078585844844
2601,0.034
2602,0.997
2603,0.016
2604,0.135
2605,0.08395
2606,0.9027551257253384
2607,0.977
2608,0.5195
2609,0.009
2610,0.511560606060606
2611,0.518
2612,0.993
2613,0.151
2614,0.051
2615,0.017527777777777778
2616,0.993
2617,0.142
2618,0.0535
2619,0.141
2620,0.3135
2621,0.021
2622,0.435
2623,0.969
2624,0.996
2625,0.363
2626,0.10733333333333334
2627,0.981
2628,0.123
2629,0.39
2630,0.7940499196772757
2631,0.303
2632,0.37066666666666664
2633,0.1535
2634,0.09800000000000002
2635,0.02351304347826087
2636,0.5083333333333333
2637,0.045
2638,0.597
2639,0.175
2640,0.999
2641,0.5571803794938016
2642,0.263
2643,0.322
2644,0.027945512820512816
2645,0.54
2646,0.315
2647,0.305
2648,0.6636954510259389
2649,0.003
2650,0.286
2651,0.1598
2652,0.01352777777777778
2653,0.074
2654,0.66
2655,0.169
2656,0.698
2657,0.02842857142857143
2658,0.23593333333333333
2659,0.021
2660,0.037
2661,0.635
2662,0.25825
2663,0.9973333333333334
2664,0.18
2665,0.25166666666666665
2666,0.102
2667,0.202
2668,1.0
2669,0.155
2670,0.994
2671,0.019
2672,0.987
2673,0.0692
2674,0.007
2675,0.046
2676,0.15
2677,0.04369230769230769
2678,0.973
2679,0.491
2680,0.946
2681,0.307
2682,0.03166666666666666
2683,0.288
2684,0.8699040452899159
2685,0.386
2686,0.045
2687,0.1765
2688,0.295
2689,0.07725
2690,0.083
2691,0.035
2692,0.163
2693,0.012
2694,0.8741017023517024
2695,0.4486666666666666
2696,0.016
2697,0.223
2698,0.099
2699,0.203
2700,0.776698862966239
2701,0.2827777777777778
2702,0.998
2703,0.6574
2704,0.397
2705,0.0285
2706,0.9982000000000001
2707,0.35716666666666674
2708,0.128
2709,0.010266666666666665
2710,0.057
2711,0.086
2712,0.248
2713,0.9913333333333334
2714,0.783
2715,0.0608
2716,0.021
2717,0.0855
2718,0.017
2719,0.179
2720,0.026846153846153846
2721,0.281
2722,0.084
2723,0.026
2724,0.14029166666666668
2725,0.226
2726,0.996
2727,0.5243333333333332
2728,0.389
2729,0.079
2730,0.9356449210919799
2731,0.123
2732,0.5097609401733838
2733,0.141
2734,0.251
2735,0.033
2736,0.977
2737,0.06980182954300602
2738,0.051
2739,0.2696666666666666
2740,0.5442576779429721
2741,0.457
2742,0.201
2743,0.026666666666666665
2744,1.0
2745,0.1
2746,0.125
2747,0.10527186554849066
2748,0.920001418026418
2749,0.037
2750,0.059
2751,0.995
2752,0.024
2753,0.092
2754,0.9895662055335968
2755,0.997
2756,0.993
2757,0.18533333333333335
2758,0.2266
2759,1.0
2760,0.001
2761,0.214
2762,0.14
2763,0.016
2764,0.811
2765,0.5208562606093098
2766,0.294
2767,0.083
2768,0.4628336597856785
2769,0.082
2770,0.989
2771,0.475
2772,0.037
2773,0.03833333333333333
2774,0.467
2775,0.274
2776,0.9581888888888889
2777,0.211
2778,0.10688163399999462
2779,0.339
2780,0.027
2781,0.102
2782,0.18570237719299879
2783,0.308
2784,0.14353333333333335
2785,0.9288648482236718
2786,0.032
2787,0.053
2788,0.18183333333333332
2789,0.124
2790,0.039
2791,0.6081166666666666
2792,0.699
2793,0.12533333333333332
2794,0.46366666666666667
2795,1.0
2796,0.018
2797,0.664
2798,0.024
2799,0.513
2800,0.095075
2801,0.20062670565302146
2802,0.15319999999999998
2803,0.03971764705882353
2804,0.413
2805,0.554
2806,0.384
2807,0.05600344932844933
2808,0.251
2809,0.082
2810,1.0
2811,0.2115
2812,0.334
2813,0.029175976800976805
2814,0.5403333333333333
2815,0.065
2816,0.03971764705882353
2817,0.037
2818,0.27133333333333337
2819,0.322
2820,0.036
2821,0.06829807692307693
2822,0.005
2823,0.06666666666666665
2824,0.007
2825,0.373
2826,0.525
2827,0.06775
2828,0.1357611111111111
2829,0.198
2830,0.482
2831,0.08516666666666665
2832,0.292
2833,0.035
2834,0.471
2835,0.06838095238095238
2836,0.078
2837,0.02235978835978836
2838,0.99095
2839,0.125
2840,0.979
2841,0.135
2842,0.05
2843,0.18433333333333335
2844,0.02487420814479638
2845,0.017
2846,0.18533333333333335
2847,0.015
2848,0.009
2849,1.0
2850,0.022
2851,0.94
2852,0.127
2853,0.06225
2854,0.04025
2855,0.02016666666666667
2856,0.6069166666666665
2857,0.331
2858,0.188
2859,0.016
2860,1.0
2861,0.003
2862,0.164
2863,0.9260375721500723
2864,0.1405
2865,0.053
2866,1.0
2867,0.698
2868,0.2570366115298471
2869,0.12645
2870,0.995
2871,0.9951111111111111
2872,0.051
2873,0.352
2874,0.028649042145593873
2875,0.018
2876,0.999
2877,0.105
2878,0.221
2879,0.08683333333333333
2880,0.05125
2881,0.09423529411764706
2882,0.2175
2883,0.9955194805194806
2884,0.014
2885,0.113
2886,0.023654761904761904
2887,0.0165
2888,0.06975
2889,0.496
2890,0.09283333333333332
2891,0.075
2892,0.1765
2893,0.0145
2894,0.028
2895,0.106
2896,0.014
2897,0.27
2898,0.42816666666666664
2899,1.0
2900,0.999
2901,0.7228333333333332
2902,0.02
2903,0.046
2904,0.223
2905,0.018
2906,0.0725
2907,0.02351304347826087
2908,0.051
2909,0.407
2910,0.399
2911,0.999
2912,0.29
2913,0.0315
2914,0.5646666666666668
2915,0.036
2916,0.081
2917,1.0
2918,0.014
2919,0.265
2920,0.036
2921,0.8259249393245962
2922,0.436
2923,0.002
2924,0.06659999999999999
2925,0.032
2926,0.09625
2927,0.02
2928,0.276
2929,0.29533333333333334
2930,0.009
2931,0.027
2932,0.03113131313131313
2933,0.21758333333333332
2934,0.04827625152625153
2935,0.11044998159734999
2936,0.259
2937,0.093
2938,0.185
2939,0.01525
2940,0.307
2941,0.035
2942,0.985
2943,0.962
2944,0.22663636363636364
2945,0.6225
2946,0.2525
2947,0.452
2948,0.993
2949,0.019399999999999997
2950,0.05222070707070707
2951,0.99112
2952,0.191
2953,0.047
2954,1.0
2955,0.1844771444031807
2956,0.0965
2957,0.086
2958,0.11082142857142857
2959,0.1125
2960,0.136
2961,0.484
2962,0.213
2963,0.15666666666666668
2964,0.11689999999999996
2965,0.468
2966,0.3070833333333334
2967,0.06980182954300602
2968,0.01603030303030303
2969,0.04
2970,0.2688888888888889
2971,0.136
2972,0.057333333333333326
2973,0.03083012265512266
2974,0.066
2975,0.0
2976,0.023840958815958813
2977,0.071
2978,0.9875
2979,0.302
2980,0.9948571428571429
2981,0.06
2982,0.039
2983,0.117
2984,0.7353333333333333
2985,0.388
2986,0.992
2987,0.8741487804878049
2988,0.235
2989,0.994
2990,0.032
2991,0.06304230769230769
2992,0.786875
2993,0.674
2994,0.9911363636363636
2995,0.129
2996,0.6256445512820512
2997,0.264
2998,0.04715384615384615
2999,0.258
3000,0.024153846153846154
3001,0.998
3002,0.9498466686091687
3003,0.20232214322324293
3004,0.015
3005,0.234
3006,0.034
3007,0.149
3008,0.15936666666666666
3009,0.385
3010,0.12766666666666668
3011,0.18570237719299879
3012,0.5708333333333333
3013,0.03336666666666667
3014,0.9299566149536737
3015,0.127
3016,0.001
3017,0.171
3018,0.036
3019,0.887
3020,0.018
3021,0.993
3022,0.145
3023,0.463
3024,0.895685606060606
3025,0.02115250965250965
3026,0.007894372294372294
3027,0.751
3028,0.996
3029,0.099
3030,0.061
3031,0.013
3032,0.095
3033,0.105
3034,0.999
3035,0.2245
3036,0.339
3037,0.012076923076923077
3038,0.059
3039,0.246
3040,0.9241630950920425
3041,0.212
3042,0.018
3043,0.192
3044,0.042
3045,0.716
3046,0.02425
3047,0.037
3048,0.043
3049,0.134
3050,0.053
3051,0.69
3052,0.011826793428980138
3053,0.011
3054,0.46
3055,0.650125
3056,0.08766666666666667
3057,0.3634
3058,0.5
3059,0.02
3060,0.993
3061,0.7085
3062,0.996
3063,0.138
3064,0.154
3065,0.583
3066,0.277
3067,0.9945384615384616
3068,0.034
3069,0.03332051282051282
3070,0.286
3071,0.868
3072,0.0473095238095238
3073,0.012
3074,0.5208562606093098
3075,0.020687179487179484
3076,0.018185714285714284
3077,0.09
3078,0.021166666666666663
3079,0.093
3080,0.027
3081,0.15425
3082,0.084
3083,0.1
3084,0.997
3085,0.992
3086,0.10017361111111112
3087,0.342
3088,0.048
3089,0.014
3090,0.013
3091,0.086
3092,0.997
3093,0.309
3094,0.109
3095,0.232
3096,0.313
3097,0.12
3098,0.19866666666666669
3099,0.8242456310433638
3100,0.101
3101,0.265
3102,0.182
3103,0.046
3104,0.03
3105,0.191
3106,0.643
3107,0.43533628612622566
3108,0.055049999999999995
3109,0.4869068381668441
3110,0.2675
3111,0.9895454545454545
3112,0.01
3113,0.762
3114,0.015
3115,0.018
3116,0.989533484162896
3117,1.0
3118,0.089
3119,0.26
3120,0.27245238095238095
3121,0.175
3122,0.194
3123,0.258
3124,0.994
3125,0.1645
3126,0.998
3127,0.034
3128,0.02925
3129,0.389804761904762
3130,0.9145398509715147
3131,0.622
3132,0.126
3133,0.9948571428571429
3134,0.328
3135,0.004
3136,0.315
3137,0.989
3138,0.276
3139,0.449
3140,0.042
3141,0.02756740319282989
3142,0.999
3143,0.134
3144,0.6860833333333334
3145,0.145
3146,0.094
3147,0.06980714285714285
3148,0.145
3149,0.27
3150,0.324
3151,0.2763333333333333
3152,0.486
3153,0.405
3154,0.35425
3155,0.111
3156,0.02
3157,0.296
3158,0.453
3159,0.911
3160,0.07033333333333334
3161,0.8697078340648001
3162,0.072
3163,0.006330434782608695
3164,0.42466666666666664
3165,0.06411507936507936
3166,0.014
3167,1.0
3168,0.242
3169,0.993
3170,0.119
3171,0.1865
3172,0.061
3173,0.16053333333333333
3174,0.9933333333333334
3175,0.012
3176,0.446
3177,0.9698999999999999
3178,0.265
3179,0.015
3180,0.089
3181,0.613
3182,0.005
3183,0.327
3184,0.08575
3185,0.241
3186,0.009
3187,0.161
3188,0.255
3189,0.154
3190,0.0375
3191,0.023
3192,0.0
3193,0.276
3194,0.993
3195,0.354
3196,0.049
3197,0.0
3198,0.26390909090909087
3199,0.6569166666666667
3200,0.23966666666666667
3201,0.196
3202,0.99112
3203,0.231
3204,0.991
3205,0.03
3206,0.977
3207,0.977
3208,0.47628571428571426
3209,0.088
3210,0.019105263157894736
3211,0.8123104078610928
3212,0.493
3213,0.9388454545454544
3214,0.0488125
3215,0.997
3216,0.026
3217,0.048588120213120214
3218,0.032162500000000004
3219,0.013
3220,0.119
3221,0.069
3222,1.0
3223,0.09066666666666667
3224,0.059
3225,0.024
3226,0.12040000000000001
3227,0.015
3228,0.996
3229,0.149
3230,0.142
3231,0.078
3232,0.111
3233,0.11466666666666667
3234,0.06047385947385948
3235,0.5364443459259518
3236,0.4489375
3237,0.07983333333333334
3238,0.044333333333333336
3239,0.153
3240,0.08259999999999999
3241,0.143
3242,0.095
3243,0.895
3244,0.1635
3245,0.989
3246,0.08418002340086739
3247,0.088
3248,0.12933333333333333
3249,0.296
3250,0.633
3251,0.030066666666666665
3252,0.024
3253,0.158
3254,0.098
3255,0.282
3256,0.998
3257,0.465
3258,0.78715
3259,0.241
3260,0.759
3261,0.194
3262,0.119
3263,0.02
3264,0.998
3265,0.089
3266,0.729237989641937
3267,0.997
3268,0.012
3269,0.13
3270,0.263
3271,0.013
3272,0.121
3273,0.2437496376811594
3274,0.3149166666666667
3275,0.144
3276,0.009
3277,0.28891666666666665
3278,0.032
3279,0.9521960784313724
3280,0.5673333333333334
3281,0.4917692307692308
3282,0.994
3283,0.14033333333333334
3284,0.36
3285,0.333
3286,0.479
3287,0.044
3288,0.042
3289,0.008
3290,0.0260790913335031
3291,0.041
3292,0.017
3293,0.076
3294,0.02
3295,0.111
3296,0.030166666666666665
3297,0.05271666666666666
3298,0.9697886178861789
3299,0.175
3300,0.057
3301,0.1905
3302,0.389
3303,0.244
3304,0.997
3305,0.242
3306,0.012
3307,0.999
3308,0.01
3309,0.8364594923678172
3310,0.2
3311,0.01841304347826087
3312,0.6977916666666666
3313,0.2036
3314,0.019
3315,0.019
3316,0.023846274509803922
3317,0.246
3318,0.47
3319,0.10156666666666668
3320,0.009
3321,0.583
3322,0.29318333333333335
3323,0.375
3324,0.023
3325,0.44571428571428573
3326,0.007
3327,0.039
3328,0.8054709982719941
3329,0.692
3330,0.082
3331,0.071
3332,0.07029404761904762
3333,0.7087428571428571
3334,0.7025892857142858
3335,0.048666666666666664
3336,0.926
3337,0.419
3338,0.03186527777777778
3339,0.014
3340,0.0261
3341,0.040285714285714286
3342,0.475
3343,0.024629067599067595
3344,0.3763333333333333
3345,0.078
3346,0.009
3347,0.9993636363636363
3348,0.28585000000000005
3349,0.04704347826086956
3350,0.28056785714285715
3351,0.448
3352,0.102
3353,0.008
3354,0.007
3355,0.07150714285714288
3356,0.125
3357,0.252
3358,0.281
3359,0.009
3360,1.0
3361,0.29225
3362,0.015571428571428571
3363,0.17
3364,0.753
3365,0.378
3366,0.038
3367,0.129
3368,0.032
3369,0.032
3370,0.025
3371,0.501
3372,0.62
3373,0.015
3374,0.059
3375,0.563
3376,0.022
3377,0.1613333333333333
3378,0.774
3379,0.5807922077922079
3380,0.18333333333333332
3381,0.267
3382,0.04675
3383,0.183
3384,0.217
3385,0.034
3386,0.748
3387,0.068
3388,0.08558333333333333
3389,0.04783333333333333
3390,0.096
3391,0.165
3392,0.017
3393,0.24483333333333332
3394,0.999
3395,0.249
3396,0.489
3397,0.372
3398,0.181
3399,0.247
3400,0.4869166666666666
3401,0.085
3402,0.12303448275862068
3403,0.8336666666666667
3404,0.364
3405,0.135
3406,1.0
3407,0.21442857142857144
3408,0.608
3409,0.056
3410,0.011
3411,0.07886868686868687
3412,0.177
3413,0.384
3414,0.041
3415,0.9873333333333333
3416,0.04
3417,0.08191666666666665
3418,0.262
3419,0.26458695652173914
3420,0.356
3421,0.161
3422,0.1535
3423,0.12666666666666668
3424,0.221
3425,0.07563333333333333
3426,0.154
3427,0.018
3428,0.388
3429,0.115
3430,0.426
3431,0.103
3432,0.214
3433,0.895
3434,0.067
3435,0.06733333333333333
3436,0.05510000000000001
3437,0.147
3438,0.377
3439,0.191
3440,0.329
3441,0.021
3442,0.114
3443,0.234
3444,0.194
3445,0.085
3446,0.998
3447,0.075
3448,0.99
3449,0.081
3450,0.2355
3451,0.10825
3452,0.089
3453,0.7994787388379618
3454,0.21866666666666665
3455,0.201
3456,0.021383333333333338
3457,0.8614770715194267
3458,0.2685
3459,0.995
3460,0.358
3461,0.11601706349206352
3462,0.01
3463,0.051
3464,0.3024
3465,0.232
3466,0.00982738095238095
3467,0.06091470588235294
3468,0.07883333333333334
3469,0.775588188945387
3470,0.334
3471,0.044
3472,0.242
3473,0.194
3474,1.0
3475,0.066
3476,0.328
3477,0.22233333333333336
3478,0.65
3479,0.083
3480,0.6304444444444445
3481,0.25133333333333335
3482,0.173
3483,0.997
3484,0.386
3485,0.979
3486,0.9982000000000001
3487,0.7794404761904762
3488,0.067
3489,0.2316666666666667
3490,0.106
3491,1.0
3492,0.047
3493,0.0217
3494,0.166
3495,0.082
3496,0.02
3497,0.24280796550199024
3498,0.10928571428571429
3499,0.046
3500,0.387984126984127
3501,0.09876666666666667
3502,0.001
3503,0.133
3504,0.007
3505,0.29533333333333334
3506,0.027466666666666667
3507,0.643
3508,0.183
3509,0.338
3510,0.725
3511,0.979
3512,0.318
3513,0.423
3514,0.12925
3515,0.019285714285714285
3516,0.174
3517,0.7067678139298531
3518,1.0
3519,0.32789999999999997
3520,0.084
3521,0.985
3522,0.08
3523,0.22
3524,0.171
3525,0.325
3526,0.33
3527,0.124
3528,0.18
3529,0.033
3530,0.6755564194577357
3531,0.242
3532,0.23616666666666666
3533,0.2154
3534,0.442
3535,0.238
3536,0.299
3537,0.2159
3538,0.038
3539,0.243
3540,0.055
3541,0.154
3542,0.408
3543,0.9972000000000001
3544,0.17923863913863913
3545,0.23
3546,0.052
3547,0.42415634920634915
3548,0.21642857142857144
3549,0.986
3550,0.0135
3551,0.3583333333333334
3552,0.037192251461988304
3553,0.228
3554,0.5
3555,0.3363333333333333
3556,0.5335
3557,0.996
3558,0.07775
3559,0.253
3560,0.18910177992505578
3561,0.122
3562,0.988
3563,0.12633333333333333
3564,0.317
3565,0.3372222222222222
3566,0.051
3567,0.2335
3568,0.989533484162896
3569,0.047
3570,0.03
3571,0.172
3572,0.108
3573,0.06013888888888889
3574,0.433
3575,0.009
3576,0.999
3577,0.11947619047619047
3578,0.042
3579,0.049833333333333334
3580,0.19633333333333333
3581,0.056
3582,0.9803
3583,0.023
3584,0.024149999999999998
3585,0.712
3586,0.08
3587,0.4510833333333334
3588,0.03524242424242424
3589,0.32
3590,0.366
3591,0.1
3592,0.406
3593,0.33
3594,0.154
3595,0.823
3596,0.65
3597,0.39526666666666666
3598,0.04483333333333333
3599,0.13667046841561487
3600,0.176
3601,0.026
3602,0.0711621212121212
3603,0.030507936507936505
3604,0.16
3605,0.038
3606,0.006
3607,0.911
3608,0.996
3609,0.328
3610,0.6556666666666666
3611,0.0312
3612,0.468
3613,0.012833333333333334
3614,0.387
3615,0.07166666666666667
3616,0.01
3617,0.218
3618,0.3553333333333334
3619,0.015
3620,0.29
3621,0.207
3622,0.17333333333333334
3623,0.1865
3624,0.17014285714285715
3625,0.012
3626,0.7801333333333333
3627,0.341
3628,0.17
3629,0.023833333333333335
3630,0.108
3631,0.123
3632,0.14929713804713804
3633,0.07666666666666666
3634,0.095
3635,0.0325
3636,0.2900952380952381
3637,0.9918571428571429
3638,0.759
3639,0.217
3640,0.17025
3641,0.87371361580392
3642,0.039
3643,0.259
3644,0.013
3645,0.399
3646,0.05000595238095239
3647,0.067
3648,0.0085
3649,0.015818181818181818
3650,0.024
3651,0.1866
3652,0.1365
3653,0.338
3654,0.08528571428571428
3655,0.069
3656,0.036994596999745735
3657,0.127
3658,0.0255
3659,0.11133333333333333
3660,0.12
3661,0.225
3662,0.602
3663,0.19208333333333333
3664,0.014
3665,0.074
3666,0.3719140423173317
3667,0.1740885561806614
3668,0.155
3669,0.06366666666666668
3670,0.09961666666666667
3671,0.202
3672,0.998
3673,0.179
3674,0.074
3675,0.098
3676,0.304
3677,0.001
3678,0.691
3679,0.069
3680,0.8530932808792298
3681,0.998
3682,0.057
3683,0.504
3684,0.012
3685,0.285
3686,0.427
3687,0.4018333333333334
3688,0.274
3689,1.0
3690,0.108
3691,0.182
3692,0.1736
3693,0.117
3694,0.123
3695,0.25
3696,0.107
3697,0.08
3698,0.065
3699,0.989
3700,0.4372333333333334
3701,0.055
3702,0.121
3703,0.131
3704,0.07875
3705,0.133
3706,0.179
3707,0.675
3708,0.93825
3709,0.416
3710,0.157
3711,0.02
3712,0.802
3713,0.066
3714,0.072
3715,0.058083333333333334
3716,0.099
3717,0.006193548387096774
3718,0.042
3719,0.046
3720,0.23
3721,0.05483333333333334
3722,0.06509999999999999
3723,0.03362307347920691
3724,0.008333333333333333
3725,0.382
3726,0.153
3727,0.989
3728,0.448
3729,0.013
3730,0.122
3731,0.536
3732,0.5345
3733,0.3425
3734,0.0367
3735,0.2968215728715728
3736,0.171
3737,0.05625
3738,0.009
3739,0.01
3740,0.019
3741,0.36027272727272724
3742,0.146
3743,0.007666666666666666
3744,0.19966666666666666
3745,0.36108783917287995
3746,0.374
3747,0.066
3748,0.999
3749,0.133
3750,0.092
3751,0.292
3752,0.018
3753,0.968
3754,0.061546709329318036
3755,0.18
3756,0.365
3757,0.041
3758,0.088
3759,0.54
3760,0.0635
3761,0.475
3762,0.09759999999999999
3763,0.0338
3764,0.444
3765,0.19289924256903623
3766,0.102
3767,0.221
3768,0.1395
3769,0.034
3770,0.03
3771,0.224
3772,0.2215
3773,0.09142857142857143
3774,0.008
3775,0.417
3776,0.21369230769230768
3777,0.218
3778,0.07
3779,0.041
3780,0.9945384615384616
3781,0.019
3782,0.035
3783,0.077
3784,0.10011255411255411
3785,0.965974358974359
3786,0.13997979797979798
3787,0.169
3788,0.233
3789,0.13916666666666666
3790,0.758
3791,0.07886868686868687
3792,0.261
3793,0.056
3794,0.995
3795,0.986
3796,0.041
3797,0.992
3798,1.0
3799,0.429
3800,0.453
3801,0.057
3802,0.0
3803,0.13325
3804,0.6390816876826245
3805,0.023
3806,0.494
3807,0.21
3808,0.998
3809,0.0875
3810,0.10615384615384615
3811,0.095
3812,0.997
3813,0.024
3814,0.987
3815,0.068
3816,0.032
3817,0.965974358974359
3818,0.4869068381668441
3819,0.021
3820,0.175
3821,0.23033333333333333
3822,0.001
3823,0.09338333333333335
3824,0.01
3825,0.619
3826,0.117
3827,0.244
3828,0.247
3829,0.009
3830,0.956
3831,0.235
3832,1.0
3833,1.0
3834,0.101
3835,0.165
3836,0.039
3837,1.0
3838,0.28925
3839,0.033
3840,0.994
3841,0.992
3842,0.995
3843,0.431
3844,0.993
3845,0.668
3846,0.6694
3847,0.006
3848,0.033160504201680666
3849,0.12
3850,0.068
3851,0.050030078585844844
3852,0.999
3853,0.096
3854,0.995
3855,0.268
3856,0.05986666666666667
3857,0.012
3858,0.11220000000000001
3859,0.102
3860,0.38122500000000004
3861,0.377
3862,0.8551090686274507
3863,0.119
3864,0.049
3865,0.327
3866,0.282
3867,0.998
3868,0.029
3869,0.017
3870,0.381
3871,0.254
3872,0.23166666666666666
3873,0.04966666666666667
3874,0.08975
3875,0.012833333333333332
3876,0.029
3877,0.0425
3878,0.026919047619047617
3879,0.33413333333333334
3880,0.026
3881,0.025
3882,0.13688940713882974
3883,0.030100000000000002
3884,0.506
3885,0.032
3886,0.06908333333333333
3887,0.527
3888,0.24495000000000003
3889,0.145
3890,0.092
3891,0.9201578643578642
3892,0.175
3893,0.364
3894,0.077
3895,0.13764992300826806
3896,0.003
3897,0.293
3898,0.04966815610859729
3899,0.12
3900,0.1024
3901,0.142
3902,0.037885714285714286
3903,0.8255
3904,0.998
3905,0.35092261904761907
3906,0.027566666666666666
3907,0.046
3908,0.26626666666666665
3909,0.281
3910,0.334
3911,0.039
3912,0.006
3913,0.018
3914,0.8504829004329003
3915,0.01890909090909091
3916,0.062
3917,0.004
3918,0.64
3919,0.096
3920,0.989
3921,0.49
3922,0.3483333333333334
3923,0.21
3924,0.414
3925,0.078
3926,0.8555556240612188
3927,0.009
3928,0.077
3929,0.3302
3930,0.3355535714285714
3931,0.4768
3932,0.37877777777777777
3933,0.7201969696969698
3934,0.081
3935,0.009
3936,0.068
3937,0.096
3938,0.042
3939,0.448
3940,0.998
3941,0.717
3942,0.321
3943,0.175
3944,0.072
3945,0.992
3946,0.18786666666666668
3947,0.112
3948,0.031
3949,0.22466666666666665
3950,0.032799999999999996
3951,0.685
3952,0.5223333333333333
3953,0.011
3954,0.8504829004329003
3955,0.031
3956,0.068
3957,0.021
3958,0.1055
3959,0.02157142857142857
3960,0.021
3961,0.1769
3962,1.0
3963,0.42709521406069023
3964,0.102
3965,0.07025
3966,0.996
3967,0.125
3968,0.042
3969,0.118
3970,0.261
3971,0.065
3972,0.758
3973,0.07175
3974,0.014
3975,0.025
3976,0.9327069097569098
3977,0.074
3978,0.048
3979,0.18853333333333333
3980,0.04625
3981,0.033
3982,0.403
3983,0.135
3984,0.963474358974359
3985,0.129
3986,0.987
3987,0.20175
3988,0.166
3989,0.107
3990,0.49675
3991,0.089
3992,0.55
3993,0.9678333333333334
3994,0.227
3995,0.08429285714285714
3996,0.015
3997,0.201
3998,0.037
3999,0.25
4000,0.015
4001,0.06705
4002,0.152
4003,0.132
4004,0.443
4005,0.093
4006,0.281
4007,0.196
4008,0.25
4009,0.16466666666666666
4010,0.2896
4011,0.595
4012,0.189
4013,0.407
4014,0.12465000000000001
4015,0.4391388888888889
4016,0.99095
4017,0.026
4018,0.016
4019,0.764
4020,0.411
4021,0.322
4022,0.063
4023,0.989533484162896
4024,0.006
4025,0.6
4026,0.0896
4027,0.332
4028,0.456
4029,0.425
4030,0.23206753246753245
4031,0.0
4032,0.062
4033,0.136
4034,0.121
4035,0.25
4036,0.099
4037,0.164
4038,0.198
4039,0.9916
4040,0.952
4041,1.0
4042,0.152
4043,0.393
4044,0.283
4045,0.113
4046,0.031
4047,0.2
4048,0.327
4049,0.03891978021978022
4050,0.02626666666666667
4051,0.19010000000000002
4052,0.12866666666666668
4053,0.996
4054,0.0894291866028708
4055,0.046
4056,0.994
4057,0.1975
4058,0.19944444444444445
4059,0.4726581609395077
4060,0.812
4061,0.996
4062,0.209
4063,0.08408333333333334
4064,0.009
4065,0.028
4066,0.2385
4067,0.115
4068,0.18
4069,0.1095
4070,0.417
4071,0.434
4072,0.44
4073,0.0013333333333333333
4074,0.58
4075,0.027
4076,0.011
4077,0.06047385947385948
4078,0.144
4079,0.028
4080,0.995
4081,0.920001418026418
4082,0.1395
4083,0.409
4084,0.9472461538461538
4085,0.083
4086,0.28694613997113994
4087,0.189
4088,0.998
4089,0.02940546218487395
4090,0.777
4091,0.0997495670995671
4092,0.047
4093,0.395
4094,0.114
4095,0.15488888888888888
4096,0.233
4097,0.033
4098,0.14185714285714285
4099,0.9269
4100,0.087
4101,0.345
4102,0.551
4103,0.293
4104,0.206
4105,0.2530833333333333
4106,0.495
4107,0.061
4108,0.15916904761904763
4109,0.08766666666666667
4110,0.2514
4111,0.20475
4112,0.0933
4113,0.02273333333333333
4114,0.07265
4115,0.9572205128205129
4116,0.018
4117,0.064
4118,0.015
4119,0.06
4120,0.041
4121,0.0775904761904762
4122,0.06
4123,0.99
4124,0.094
4125,0.2718250143678161
4126,0.365
4127,0.195
4128,0.275
4129,0.29919999999999997
4130,0.277
4131,0.05
4132,0.37233333333333335
4133,0.106
4134,0.952
4135,0.048833333333333326
4136,0.048
4137,0.184
4138,0.0375
4139,0.058
4140,0.18481136363636366
4141,0.379
4142,0.061
4143,0.364
4144,0.016595022624434387
4145,0.9189586489619773
4146,0.03755555555555556
4147,0.35264550264550265
4148,0.993
4149,0.0445
4150,0.052
4151,0.056
4152,0.4023333333333334
4153,0.7071099567099566
4154,0.277
4155,0.02475
4156,0.11797619047619047
4157,0.9298417582417582
4158,0.715
4159,0.032
4160,0.068
4161,0.9581888888888889
4162,0.059
4163,0.36108783917287995
4164,0.5015
4165,0.399
4166,0.980974358974359
4167,0.27
4168,0.06280452488687784
4169,0.077
4170,0.5971722334038513
4171,0.279
4172,0.369
4173,0.22
4174,0.3050833333333333
4175,0.045
4176,0.19261904761904763
4177,0.019
4178,0.2440769230769231
4179,0.425
4180,0.02728
4181,0.027
4182,0.09
4183,1.0
4184,0.9656666666666667
4185,0.07058333333333333
4186,0.426
4187,0.8699040452899159
4188,0.2355
4189,0.366
4190,0.009
4191,0.069
4192,0.3237000000000001
4193,0.028
4194,0.03590231729055258
4195,0.011
4196,0.4468888888888889
4197,0.093
4198,0.186
4199,0.085
4200,0.692
4201,0.218
4202,0.228
4203,0.023133333333333332
4204,0.041
4205,0.24633333333333335
4206,0.7399416666666667
4207,0.4195
4208,0.358
4209,0.07
4210,0.999
4211,0.01507142857142857
4212,0.356
4213,0.09291666666666666
4214,0.7223058608058608
4215,0.09616666666666668
4216,0.014833333333333334
4217,0.138
4218,0.203
4219,0.175
4220,0.997
4221,0.093
4222,0.9825
4223,0.366
4224,0.1915
4225,0.9153096938192526
4226,0.07616428571428571
4227,0.789
4228,0.1115
4229,0.236
4230,0.033
4231,0.058602564102564106
4232,0.46
4233,0.756
4234,0.9259878989474579
4235,0.013
4236,0.183
4237,0.5395611111111112
4238,0.999
4239,0.7775636363636363
4240,0.029
4241,0.264
4242,0.067
4243,0.21626904761904764
4244,0.20829208079502196
4245,0.027
4246,0.998
4247,0.025
4248,0.202
4249,0.048
4250,0.155
4251,0.13328510505512792
4252,0.2735
4253,0.238
4254,0.0076
4255,0.3340510162223397
4256,0.167
4257,0.997
4258,0.27
4259,0.126
4260,0.62425
4261,0.283
4262,0.995
4263,0.992
4264,0.3972
4265,0.4325315997141495
4266,0.015
4267,0.062
4268,0.107
4269,0.297
4270,0.124
4271,0.209
4272,0.175
4273,0.997
4274,0.069
4275,0.088
4276,0.24993778262994176
4277,0.699
4278,1.0
4279,0.087
4280,0.017
4281,0.023
4282,0.13516666666666668
4283,0.11
4284,0.04725
4285,0.547
4286,0.984
4287,0.028
4288,0.021
4289,0.25
4290,0.5911784187492806
4291,0.995
4292,0.139
4293,0.025
4294,0.062
4295,0.111
4296,0.12552102638141238
4297,0.02135384615384615
4298,0.92
4299,0.779
4300,0.183
4301,0.994
4302,0.6935
4303,0.276
4304,0.0965
4305,0.323
4306,1.0
4307,0.144
4308,0.367
4309,0.19388333333333335
4310,0.12856666666666666
4311,0.164
4312,0.4021619047619047
4313,0.011666666666666665
4314,0.9229973580999897
4315,0.092
4316,0.201
4317,1.0
4318,0.49581666666666663
4319,0.11778333333333334
4320,0.145
4321,0.1308333333333333
4322,0.15422943722943724
4323,0.16140066401912956
4324,0.14375
4325,0.1435
4326,0.07752069597069597
4327,0.0185
4328,0.01
4329,0.263
4330,0.1505
4331,0.06106944444444444
4332,0.2
4333,0.001
4334,0.1085
4335,0.004200000000000001
4336,0.005
4337,0.653
4338,0.08166959064327486
4339,0.09936666666666664
4340,0.9150713323999703
4341,0.993375
4342,1.0
4343,0.092
4344,0.308
4345,0.019857142857142858
4346,0.409
4347,0.999
4348,0.383
4349,0.7327452380952382
4350,0.351
4351,0.6952857142857142
4352,0.29
4353,0.07865000000000001
4354,0.006
4355,0.8496320728291318
4356,0.1396170246494113
4357,0.197
4358,0.993
4359,0.059
4360,0.036
4361,0.03
4362,0.05242857142857143
4363,0.239
4364,0.104
4365,0.612
4366,0.704
4367,0.8463333333333334
4368,0.066
4369,0.092
4370,0.006
4371,0.432
4372,0.2125
4373,0.039
4374,0.24441666666666667
4375,0.284
4376,0.227375
4377,0.03413333333333334
4378,0.2308405788655788
4379,0.099
4380,0.6105
4381,0.209
4382,0.02
4383,0.172
4384,0.11706021505376345
4385,0.998
4386,0.2695
4387,0.066
4388,0.138
4389,0.511
4390,0.6130645161290322
4391,0.7522773576097106
4392,0.323
4393,0.6053076923076923
4394,0.099
4395,0.04078333333333334
4396,0.23866666666666667
4397,0.274
4398,0.0844
4399,0.2725
4400,0.03133333333333334
4401,1.0
4402,0.634
4403,0.206
4404,0.199
4405,0.13329047619047618
4406,0.4135333333333333
4407,0.182
4408,0.109
4409,0.349
4410,0.324
4411,0.022
4412,0.118
4413,0.203
4414,0.065
4415,0.18
4416,0.545
4417,0.126
4418,0.01008611111111111
4419,0.9504743589743591
4420,0.295
4421,0.387
4422,0.987
4423,0.7067678139298531
4424,0.4836666666666667
4425,0.05125
4426,0.279
4427,0.7428440116822589
4428,0.364
4429,0.1225
4430,0.0155
4431,0.043
4432,0.373
4433,0.541
4434,0.056
4435,0.234
4436,0.919
4437,0.137
4438,0.229
4439,0.178
4440,0.25
4441,0.458
4442,0.298
4443,0.139
4444,0.20232214322324293
4445,0.999
4446,0.528
4447,0.579
4448,0.0712
4449,0.11
4450,0.092
4451,0.020130434782608696
4452,0.1444
4453,0.937
4454,0.284
4455,0.8649375
4456,0.018
4457,0.9626
4458,0.9712999999999999
4459,0.832
4460,0.018
4461,0.176
4462,0.6426001421851805
4463,0.033
4464,0.039
4465,0.025
4466,0.058925396825396825
4467,0.281
4468,0.9438333333333333
4469,0.0785
4470,0.11677464114832538
4471,0.253
4472,0.383
4473,0.04838461538461539
4474,0.283
4475,0.087
4476,0.991
4477,0.228
4478,0.1615
4479,0.086
4480,0.7303779086599673
4481,0.085
4482,0.39
4483,0.17
4484,0.468
4485,0.023
4486,0.155
4487,0.028
4488,0.362
4489,0.207
4490,0.9925
4491,0.036460317460317464
4492,0.07
4493,0.345
4494,0.155
4495,0.316
4496,0.352
4497,0.127
4498,0.13622222222222222
4499,0.083
4500,0.033
4501,0.081
4502,0.054
4503,0.9408466686091687
4504,0.095
4505,0.39840909090909093
4506,0.059
4507,0.0755
4508,0.464
4509,0.309
4510,0.09241666666666666
4511,0.115
4512,0.16266666666666665
4513,0.011105263157894736
4514,0.277
4515,0.3434
4516,0.416
4517,0.035
4518,0.627
4519,0.182
4520,0.232
4521,0.061
4522,0.026166666666666664
4523,0.044752768065268074
4524,0.9521960784313724
4525,0.4083333333333334
4526,0.535
4527,0.997
4528,0.9428855574980575
4529,0.3045833333333333
4530,0.141
4531,0.16633333333333333
4532,0.988
4533,0.3845
4534,0.14576666666666666
4535,0.0135
4536,0.0973
4537,1.0
4538,0.995
4539,0.028
4540,0.015
4541,0.367
4542,0.3578
4543,0.146
4544,0.047
4545,0.2863333333333334
4546,0.013
4547,0.6383333333333333
4548,0.219
4549,0.219
4550,0.03436742424242424
4551,0.123
4552,0.259
4553,0.643
4554,0.24125
4555,0.189
4556,0.992
4557,0.036
4558,0.25766666666666665
4559,0.212
4560,0.4485238095238095
4561,0.16
4562,0.078
4563,0.5186205627705631
4564,0.125
4565,0.051
4566,0.078
4567,0.109
4568,0.274
4569,0.18566666666666665
4570,0.34
4571,0.020358974358974363
4572,0.012
4573,0.038849999999999996
4574,0.493
4575,0.3873333333333333
4576,0.06
4577,0.093
4578,1.0
4579,0.169
4580,0.99
4581,1.0
4582,0.048
4583,0.057
4584,0.06020725108225109
4585,0.31820000000000004
4586,0.093
4587,0.081
4588,0.281
4589,0.163
4590,0.3308333333333333
4591,0.129
4592,0.026
4593,0.011
4594,0.06836363636363636
4595,0.05175
4596,0.995
4597,0.17237857142857146
4598,0.05825
4599,0.225
4600,0.999
4601,0.9933333333333334
4602,0.019
4603,0.047
4604,0.22916666666666669
4605,0.01
4606,0.4042805095016778
4607,0.039
4608,0.19204751703992212
4609,0.3025916666666667
4610,0.259
4611,0.10170513673318553
4612,0.9572205128205129
4613,0.436
4614,0.19775
4615,0.483
4616,0.247
4617,0.358
4618,0.158
4619,0.9948571428571429
4620,0.4042805095016778
4621,0.999
4622,0.0325
4623,0.999
4624,0.045
4625,0.5583714285714286
4626,0.5208491019214704
4627,0.016
4628,0.483
4629,0.20966666666666667
4630,0.7204443223443225
4631,0.332
4632,0.19923839070790064
4633,0.048
4634,0.048
4635,0.211
4636,0.9308000000000001
4637,0.074
4638,0.730362311472852
4639,0.079
4640,0.03275
4641,0.4959714285714285
4642,0.01
4643,0.026
4644,0.248
4645,0.81
4646,0.054
4647,0.107
4648,0.216
4649,0.138
4650,0.05
4651,0.993
4652,0.011
4653,0.49170724458016823
4654,0.06
4655,0.019
4656,0.422
4657,0.38066666666666665
4658,0.449
4659,0.049
4660,0.326
4661,0.9955194805194806
4662,0.9895454545454545
4663,0.049
4664,0.165
4665,0.4035666666666667
4666,0.9194408293460925
4667,0.015271428571428573
4668,0.379
4669,0.3553333333333334
4670,0.913423611111111
4671,0.942608409499857
4672,0.082
4673,1.0
4674,0.17
4675,0.016
4676,0.155
4677,0.124
4678,0.984
4679,0.064
4680,0.998
4681,0.08567352941176469
4682,0.193
4683,0.182
4684,1.0
4685,0.401
4686,0.444
4687,0.998
4688,0.05253571428571428
4689,0.4
4690,0.03102777777777778
4691,0.10716666666666666
4692,0.012
4693,0.117
4694,0.023
4695,0.05475
4696,0.062
4697,0.045
4698,0.994
4699,0.026
4700,0.1710833333333333
4701,0.998
4702,0.125
4703,0.040923630209659626
4704,0.021
4705,0.019
4706,0.092
4707,0.236
4708,0.994
4709,0.128
4710,0.018
4711,0.0605
4712,0.02
4713,0.9150713323999703
4714,0.159
4715,0.009433333333333334
4716,0.995
4717,0.8295247835497834
4718,0.155
4719,0.953
4720,0.213
4721,0.315
4722,0.02016666666666667
4723,0.5083075894440611
4724,0.995
4725,0.109
4726,0.138
4727,0.253
4728,0.048
4729,0.4345
4730,0.492
4731,0.0135
4732,0.182
4733,0.8729436507936507
4734,0.395
4735,0.407
4736,1.0
4737,0.5095145874490147
4738,0.9498466686091687
4739,0.199
4740,0.27285000000000004
4741,0.01841304347826087
4742,0.6463333333333334
4743,0.018
4744,0.776266115379513
4745,0.48216666666666663
4746,0.10208823529411765
4747,0.065
4748,0.13445
4749,0.1362
4750,1.0
4751,0.291
4752,0.067
4753,0.033
4754,0.161
4755,0.013
4756,0.06780303030303031
4757,0.853
4758,0.10266666666666667
4759,0.295
4760,0.158
4761,0.091
4762,0.024333333333333335
4763,0.128
4764,0.996
4765,0.042
4766,0.961
4767,0.253
4768,0.014
4769,0.255
4770,0.04868547012495289
4771,0.9993636363636363
4772,0.17056349206349206
4773,0.478
4774,0.07
4775,0.997
4776,0.008
4777,0.0855
4778,0.407
4779,0.15
4780,0.992
4781,0.266
4782,0.0905
4783,0.104
4784,0.197
4785,0.294
4786,0.315
4787,0.011
4788,0.34931666666666666
4789,0.513
4790,1.0
4791,0.403
4792,0.025
4793,0.061
4794,0.3315
4795,0.018
4796,0.9039
4797,0.993
4798,0.13
4799,0.011
4800,0.9581888888888889
4801,0.05533333333333333
4802,0.045
4803,0.467
4804,0.213
4805,1.0
4806,0.588
4807,0.042043478260869564
4808,0.9259878989474579
4809,0.14390541143993832
4810,0.01125
4811,0.04851162790697674
4812,0.3740803828406733
4813,0.998
4814,0.4106666666666667
4815,0.07796434807994991
4816,0.757
4817,1.0
4818,0.1761666666666667
4819,0.0225
4820,0.471
4821,0.281
4822,0.995
4823,0.0775904761904762
4824,0.056
4825,0.982
4826,0.5122000000000001
4827,0.438
4828,0.999
4829,0.163
4830,0.01
4831,0.206
4832,0.989
4833,0.09004999999999999
4834,0.224
4835,0.483
4836,0.01
4837,0.6874901960784314
4838,0.993
4839,0.027
4840,0.022
4841,0.022
4842,0.17292276334776335
4843,0.121
4844,0.038943181818181814
4845,0.0075
4846,0.0
4847,0.4946587014557134
4848,0.067
4849,0.02266666666666667
4850,0.998
4851,0.278
4852,0.384
4853,0.062
4854,0.016
4855,0.152
4856,0.276
4857,0.9793
4858,0.644
4859,0.095
4860,0.237
4861,0.346
4862,0.268
4863,0.12433333333333332
4864,0.3855
4865,0.109
4866,0.192
4867,0.22333333333333336
4868,0.3485
4869,1.0
4870,0.216
4871,0.2225
4872,1.0
4873,0.015
4874,0.53
4875,0.172
4876,0.027
4877,1.0
4878,0.2345
4879,0.056
4880,0.05433333333333334
4881,0.015
4882,0.16
4883,0.2295
4884,0.009909090909090909
4885,0.135
4886,0.1395
4887,0.353
4888,0.428
4889,0.356
4890,0.993
4891,0.109
4892,0.996
4893,0.068
4894,0.013064171297809742
4895,0.09375
4896,0.218
4897,0.035
4898,0.013142857142857142
4899,0.4463333333333333
4900,0.30244444444444446
4901,0.1495
4902,0.229
4903,0.994
4904,0.012
4905,0.019
4906,0.147
4907,0.057
4908,0.996
4909,0.504
4910,0.046
4911,0.236
4912,0.529
4913,0.47061378066378057
4914,0.06
4915,0.181
4916,0.293
4917,0.101
4918,0.272
4919,0.213
4920,0.068
4921,0.5095
4922,0.06383333333333334
4923,0.175
4924,0.077
4925,0.2575
4926,0.09185238095238094
4927,0.154
4928,0.24993778262994176
4929,0.088
4930,0.144
4931,1.0
4932,0.208
4933,0.016
4934,0.24
4935,0.3683636363636364
4936,0.149
4937,1.0
4938,0.002482608695652174
4939,0.036
4940,0.067
4941,0.101
4942,0.031
4943,0.04779600735471425
4944,0.2488785714285714
4945,0.17
4946,0.84045670995671
4947,0.85306412065109
4948,0.05383333333333334
4949,0.082
4950,0.268
4951,0.18922667147667147
4952,0.382
4953,0.993
4954,0.357
4955,0.0062
4956,0.196
4957,0.139
4958,0.056
4959,0.215
4960,0.23466666666666666
4961,0.0241
4962,0.219
4963,0.9966666666666666
4964,0.996
4965,0.205
4966,0.134
4967,0.041
4968,0.233
4969,0.05515686274509804
4970,0.875
4971,0.167
4972,0.029781573498964802
4973,0.819
4974,0.152
4975,0.171
4976,0.269
4977,0.114
4978,0.109
4979,0.030333333333333334
4980,0.07758333333333334
4981,0.39
4982,0.012
4983,0.1355
4984,0.019
4985,0.0402235294117647
4986,0.022
4987,0.5363333333333332
4988,0.03292307692307692
4989,1.0
4990,0.99
4991,0.26033333333333336
4992,0.10733333333333332
4993,0.0165
4994,0.038
4995,0.107
4996,0.994
4997,0.073
4998,0.123
4999,0.041
5000,0.653488933342896
5001,0.414
5002,0.973
5003,0.005
5004,0.09025
5005,0.38965
5006,0.38569444444444445
5007,0.999
5008,0.1839373064843653
5009,0.4033333333333333
5010,0.191
5011,0.2066
5012,0.491
5013,0.085
5014,0.5311833333333333
5015,0.695
5016,0.9873333333333334
5017,0.21139047619047618
5018,0.474
5019,0.4045
5020,0.075
5021,0.334
5022,0.061
5023,0.586
5024,0.13
5025,0.08990000000000001
5026,0.09726805555555555
5027,0.037
5028,0.993
5029,0.402
5030,0.268
5031,0.051
5032,0.22261666666666666
5033,0.149
5034,0.227
5035,0.29
5036,0.7398772847329543
5037,0.7234400000000001
5038,0.997
5039,1.0
5040,0.302
5041,0.04704347826086956
5042,0.558
5043,0.047
5044,0.394
5045,0.30566666666666664
5046,0.397
5047,0.103
5048,0.109
5049,0.169
5050,1.0
5051,0.991
5052,0.135
5053,0.369
5054,0.022
5055,0.046
5056,0.12766666666666668
5057,0.311
5058,0.994
5059,0.148
5060,0.037
5061,0.7042222222222222
5062,0.399
5063,0.137
5064,0.081
5065,0.047
5066,0.269
5067,0.116
5068,0.999
5069,0.398
5070,0.037
5071,0.008
5072,0.699
5073,0.1282928571428571
5074,0.188
5075,0.24316666666666667
5076,0.66325
5077,0.02425
5078,0.016
5079,0.098
5080,0.765
5081,0.998
5082,1.0
5083,0.2321111111111111
5084,0.21066666666666667
5085,0.393
5086,0.156
5087,0.920001418026418
5088,0.04161614463967406
5089,0.158
5090,0.0575
5091,0.339
5092,0.312
5093,0.510361111111111
5094,0.268
5095,0.088
5096,0.397
5097,0.0635
5098,0.3518
5099,0.077
5100,0.447
5101,0.09125
5102,0.147
5103,0.5856134920634921
5104,0.086
5105,0.10364935064935067
5106,0.02351304347826087
5107,0.239
5108,0.019
5109,0.8583849816849817
5110,0.135
5111,0.005
5112,0.408
5113,0.205
5114,0.19486666666666663
5115,0.695
5116,0.018
5117,0.42
5118,0.218
5119,0.266
5120,0.1905
5121,0.9955555555555555
5122,0.15475
5123,0.442
5124,0.20829208079502196
5125,0.22183333333333335
5126,0.7935000000000001
5127,0.061
5128,0.115
5129,0.994
5130,0.045
5131,0.22
5132,0.013444444444444445
5133,0.06508333333333333
5134,0.043
5135,0.18
5136,0.988
5137,0.021
5138,0.7204443223443225
5139,0.105
5140,0.0116
5141,0.054
5142,0.0455
5143,0.062
5144,0.8339964568655744
5145,0.132
5146,0.288
5147,0.218
5148,0.12843333333333334
5149,0.2689166666666667
5150,0.141
5151,0.325
5152,0.015
5153,0.22033333333333333
5154,0.217
5155,0.348
5156,0.013
5157,0.028
5158,0.996
5159,0.356
5160,0.02
5161,0.4715
5162,0.14625
5163,0.09136805555555556
5164,0.9260375721500723
5165,0.145
5166,0.5464
5167,0.378
5168,0.4573333333333333
5169,0.047
5170,0.0885
5171,0.1005
5172,0.039263254433941935
5173,0.028
5174,0.316
5175,0.168
5176,0.003
5177,0.1350376570583888
5178,0.986
5179,0.02304166666666667
5180,0.066
5181,0.08466666666666667
5182,0.007
5183,0.075
5184,0.031
5185,0.621
5186,1.0
5187,0.16235882720519512
5188,0.657
5189,0.11554545454545455
5190,0.094
5191,0.999
5192,0.3532
5193,0.999
5194,0.414
5195,0.4106666666666667
5196,0.464
5197,0.1835
5198,0.17722222222222223
5199,0.9912142857142858
5200,0.15783333333333333
5201,0.03
5202,0.12
5203,0.44478366933497
5204,0.01
5205,0.52
5206,0.0425
5207,0.278
5208,0.114
5209,0.154
5210,0.999
5211,0.029
5212,0.02553333333333333
5213,0.374
5214,0.3354
5215,0.019
5216,0.993
5217,0.011
5218,0.986
5219,0.992
5220,0.33934523809523814
5221,0.25166666666666665
5222,0.116
5223,0.7313404344193817
5224,0.1405
5225,0.115
5226,0.9280953838645016
5227,0.1495
5228,0.238
5229,0.02733203463203463
5230,0.652
5231,0.275
5232,0.045930735930735926
5233,0.018
5234,0.11
5235,0.04375
5236,0.022
5237,0.026
5238,0.25655555555555554
5239,0.203
5240,0.033
5241,0.336
5242,0.3323333333333333
5243,0.08933333333333335
5244,0.003
5245,0.177
5246,0.295
5247,0.1014
5248,0.994
5249,0.216
5250,0.4745
5251,0.729237989641937
5252,0.25916666666666666
5253,0.0155
5254,0.025
5255,0.721
5256,0.071
5257,0.081
5258,0.08
5259,0.027
5260,0.162
5261,0.032
5262,0.05825
5263,0.991
5264,0.033
5265,0.161
5266,0.408
5267,0.9288453838645016
5268,0.039
5269,0.084
5270,0.202
5271,0.274
5272,0.036
5273,1.0
5274,1.0
5275,0.101
5276,0.193
5277,0.22783333333333333
5278,0.994
5279,0.2068
5280,0.986
5281,0.235
5282,0.159
5283,0.103
5284,0.02756740319282989
5285,0.093
5286,0.035583333333333335
5287,0.8911428571428571
5288,0.6241248980904153
5289,0.2291212121212121
5290,0.204
5291,0.191
5292,0.543
5293,0.011
5294,0.23518511967280192
5295,0.998
5296,0.143
5297,0.2514
5298,0.007
5299,0.998
5300,0.16927951595618004
5301,0.143
5302,0.063
5303,0.087
5304,0.992
5305,0.66079149657532
5306,0.22633333333333333
5307,0.363
5308,0.9504743589743591
5309,0.10833333333333332
5310,0.49895357142857155
5311,0.0864
5312,0.448
5313,0.016
5314,0.5394285714285715
5315,0.014375
5316,0.431
5317,0.103
5318,0.264
5319,0.404
5320,1.0
5321,0.06445000000000001
5322,0.3415
5323,0.043
5324,0.5269880952380952
5325,0.9638076923076924
5326,0.3385
5327,0.999
5328,0.10722380952380951
5329,0.194
5330,0.09
5331,0.9885
5332,0.04978571428571429
5333,0.144
5334,0.677
5335,0.17420833333333335
5336,0.024833333333333336
5337,0.988
5338,0.9759743589743589
5339,0.04683333333333334
5340,0.432
5341,0.066
5342,0.06670000000000001
5343,0.145
5344,0.018
5345,0.13222222222222224
5346,0.597
5347,0.376
5348,0.8491000000000001
5349,0.9920384615384615
5350,0.42
5351,0.09233333333333334
5352,0.076
5353,0.006
5354,0.54
5355,0.05765151515151515
5356,0.061
5357,0.182
5358,0.012076923076923077
5359,0.178
5360,0.009518803418803418
5361,0.9948571428571429
5362,0.013
5363,0.9836666666666666
5364,0.395
5365,0.114
5366,0.10166666666666667
5367,0.13456190476190477
5368,0.932
5369,0.01
5370,0.999
5371,0.21058852539517292
5372,0.284
5373,0.988
5374,0.046285714285714284
5375,0.147
5376,0.993
5377,0.28346666666666664
5378,0.2235
5379,0.024
5380,0.9793
5381,0.348
5382,0.083
5383,0.035357658439149314
5384,0.146
5385,0.31
5386,0.43933333333333335
5387,0.042395887445887445
5388,0.964
5389,0.134
5390,0.2065
5391,0.49580654761904763
5392,0.038
5393,0.153
5394,0.989
5395,0.3301666666666666
5396,0.181
5397,1.0
5398,0.794
5399,0.03971764705882353
5400,0.067
5401,0.204
5402,0.387
5403,0.717
5404,0.085
5405,0.022
5406,0.386
5407,0.0895
5408,0.277
5409,0.075
5410,0.4602
5411,0.015
5412,0.066
5413,0.462
5414,0.035
5415,0.664
5416,0.387
5417,0.021383333333333338
5418,0.035
5419,0.9892105263157894
5420,0.3375
5421,0.04975
5422,0.259
5423,0.17
5424,0.463
5425,0.57
5426,0.0948
5427,0.9388454545454544
5428,0.078
5429,0.18675000000000003
5430,0.09887920168067225
5431,0.298
5432,0.03211727614490772
5433,0.9090508698215014
5434,0.17
5435,0.9873333333333333
5436,0.07125
5437,0.318
5438,0.1
5439,0.122
5440,0.045
5441,0.156
5442,0.264
5443,0.175
5444,0.49170724458016823
5445,0.47460126231697397
5446,0.433
5447,0.078
5448,0.208
5449,0.042541341991341984
5450,0.8280298156908442
5451,0.14325
5452,0.225
5453,0.013866666666666668
5454,0.16327142857142857
5455,0.441
5456,0.403
5457,0.4671666666666666
5458,0.27
5459,0.024785211267605634
5460,0.2322
5461,0.282
5462,0.9948571428571429
5463,0.094
5464,0.07317619047619046
5465,0.39466666666666667
5466,0.1882143817204301
5467,0.181
5468,0.627
5469,0.22166666666666668
5470,0.14536363636363636
5471,0.211
5472,1.0
5473,0.2961309523809524
5474,0.026433333333333333
5475,0.7447486943611943
5476,0.278
5477,0.977
5478,0.5029027056277059
5479,0.995
5480,0.027
5481,0.34644444444444444
5482,0.987
5483,0.07066666666666667
5484,0.004
5485,0.3023333333333334
5486,0.08983333333333335
5487,0.993
5488,0.642
5489,1.0
5490,0.31
5491,0.987
5492,0.27
5493,0.04042857142857143
5494,0.5305
5495,0.1665
5496,0.063
5497,0.07966666666666668
5498,0.126
5499,0.328
5500,0.5159523809523809
5501,0.078
5502,0.396
5503,0.996
5504,0.486
5505,0.019
5506,0.5713122807017543
5507,0.026166666666666664
5508,0.049
5509,0.162
5510,0.5025666666666666
5511,0.261
5512,0.4036666666666666
5513,0.152
5514,0.022
5515,0.09528571428571429
5516,0.275
5517,0.35575
5518,0.113
5519,0.253
5520,0.606
5521,0.289
5522,0.192
5523,0.095
5524,0.03983333333333333
5525,0.014
5526,0.044
5527,0.06933333333333334
5528,0.991
5529,0.21508333333333335
5530,0.033
5531,0.34
5532,0.9873333333333334
5533,0.024
5534,0.24558333333333332
5535,0.178
5536,0.151
5537,0.181
5538,0.317
5539,0.308
5540,0.215
5541,0.6805808375892003
5542,0.011
5543,0.396
5544,0.103
5545,0.058
5546,0.3564651162790698
5547,0.028923076923076923
5548,0.999
5549,1.0
5550,0.5082857142857142
5551,0.099
5552,0.109
5553,0.06375
5554,0.3442
5555,0.259
5556,0.712
5557,0.926
5558,0.9955194805194806
5559,0.008
5560,0.464
5561,0.18066666666666667
5562,0.126
5563,0.978974358974359
5564,0.194
5565,0.094
5566,0.234
5567,0.0696
5568,0.886
5569,0.144
5570,0.02733333333333333
5571,0.035
5572,0.071
5573,0.9288453838645016
5574,0.135
5575,0.011126923076923078
5576,0.149
5577,0.057
5578,0.08059756097560976
5579,0.145
5580,0.033
5581,0.266
5582,0.22
5583,0.285
5584,0.293
5585,0.445
5586,0.146
5587,0.11833333333333333
5588,0.999
5589,0.4776666666666667
5590,0.07316666666666666
5591,0.05
5592,0.021333333333333333
5593,0.9895714285714285
5594,0.142
5595,1.0
5596,0.058925396825396825
5597,0.023
5598,0.18570237719299879
5599,0.964
5600,0.174
5601,0.215
5602,0.036
5603,0.3515
5604,0.13710467541144783
5605,0.064
5606,0.145
5607,0.009642857142857142
5608,0.017
5609,0.112
5610,0.162
5611,0.024062770562770563
5612,0.016007817385866166
5613,0.047
5614,0.134
5615,0.016055555555555556
5616,0.525
5617,0.297
5618,0.325975
5619,0.003
5620,0.986
5621,0.776387488328665
5622,0.32
5623,0.391
5624,0.025
5625,0.59
5626,0.010266666666666665
5627,0.361
5628,0.23983809523809518
5629,0.021833333333333337
5630,0.342
5631,0.522
5632,0.12
5633,0.151
5634,0.021470588235294116
5635,0.05936038961038961
5636,0.785
5637,0.17658333333333331
5638,0.299
5639,0.338
5640,0.8069166666666666
5641,0.9920384615384615
5642,0.0
5643,0.675
5644,0.272
5645,0.256
5646,0.284
5647,0.5018333333333334
5648,0.018
5649,0.3992
5650,0.454
5651,0.015
5652,0.085
5653,0.07258333333333333
5654,0.415
5655,0.305
5656,0.997
5657,0.049
5658,0.121
5659,0.0555
5660,0.166
5661,0.0348
5662,0.9920384615384615
5663,0.2
5664,0.133
5665,0.11
5666,0.07951587301587301
5667,0.0785
5668,0.09266666666666666
5669,0.5211666666666667
5670,0.41
5671,0.7152374033918152
5672,0.031
5673,0.006
5674,0.01
5675,0.993
5676,0.401
5677,0.28
5678,0.144
5679,0.1049174358974359
5680,0.49170724458016823
5681,0.073
5682,0.234
5683,0.3515
5684,0.2523333333333333
5685,0.999
5686,0.4
5687,0.042043478260869564
5688,0.026
5689,0.8834052003552002
5690,0.049
5691,0.17
5692,0.078
5693,0.052
5694,0.4388333333333333
5695,0.36641428571428597
5696,0.064
5697,0.987
5698,0.239
5699,0.8910777777777777
5700,0.007
5701,0.42
5702,0.027
5703,0.208
5704,0.06554285714285714
5705,0.5079462121212122
5706,0.16706330336330333
5707,0.997
5708,0.2655
5709,0.096
5710,0.291
5711,0.346
5712,0.352
5713,0.0605
5714,0.09726805555555555
5715,0.8339964568655744
5716,0.30566666666666664
5717,0.818
5718,0.061
5719,0.2954
5720,0.988
5721,0.9554128205128205
5722,1.0
5723,0.36
5724,0.128
5725,0.2846666666666666
5726,0.061
5727,0.271
5728,0.07604999999999999
5729,0.7958375439509416
5730,0.7343333333333334
5731,0.347
5732,0.20876944444444445
5733,0.333
5734,0.283
5735,0.098
5736,0.13112619047619048
5737,0.15808333333333335
5738,0.014
5739,0.999
5740,0.13
5741,0.2215
5742,0.047
5743,0.042
5744,0.993
5745,0.183
5746,0.4884
5747,0.09691666666666666
5748,0.8956666666666666
5749,0.1045
5750,0.153
5751,0.996
5752,0.009
5753,0.331
5754,0.126
5755,0.039200000000000006
5756,0.05413788335847159
5757,0.085
5758,0.048
5759,0.0095
5760,0.17733333333333334
5761,0.327
5762,0.10527186554849066
5763,0.214
5764,0.053
5765,0.187
5766,0.142
5767,0.997
5768,0.04704347826086956
5769,0.029
5770,0.10833333333333334
5771,0.021011052009456264
5772,0.259
5773,0.058
5774,0.9955194805194806
5775,0.179
5776,0.996
5777,0.117
5778,0.07317619047619046
5779,0.3659375
5780,0.996
5781,0.284
5782,0.36
5783,0.2971
5784,0.109
5785,0.202
5786,0.156
5787,0.351
5788,0.072
5789,0.025057692307692305
5790,0.018
5791,0.5175
5792,0.022
5793,0.043
5794,0.006
5795,0.3715
5796,0.8188035131535131
5797,0.317
5798,0.068
5799,0.27466666666666667
5800,0.998
5801,0.027
5802,0.17864285714285713
5803,0.007
5804,0.246
5805,0.108
5806,0.024
5807,0.9945384615384616
5808,0.375
5809,1.0
5810,0.065
5811,0.3361666666666666
5812,0.31533333333333335
5813,0.06122727272727273
5814,0.728
5815,0.996
5816,0.343
5817,0.093
5818,0.105
5819,0.3134537522757947
5820,0.207
5821,0.986
5822,0.09525000000000002
5823,0.381
5824,1.0
5825,0.291
5826,0.899232456140351
5827,0.9626
5828,0.6565
5829,0.518
5830,0.168
5831,0.016
5832,0.08189374057315234
5833,0.08166666666666667
5834,0.7940499196772757
5835,0.272
5836,0.565
5837,0.0685
5838,0.3519999999999999
5839,0.9280953838645016
5840,0.01525
5841,0.257
5842,0.015
5843,0.9948571428571429
5844,0.6706
5845,0.999
5846,0.9416239316239317
5847,0.913423611111111
5848,0.121
5849,0.8294172762480037
5850,0.247
5851,0.107
5852,0.021011052009456264
5853,0.999
5854,0.079
5855,0.509
5856,0.024
5857,0.204
5858,0.36475
5859,0.97
5860,0.494
5861,0.028
5862,0.079
5863,0.12253333333333333
5864,0.002
5865,0.162
5866,0.04
5867,0.197
5868,0.30433333333333334
5869,0.12925
5870,0.49916666666666665
5871,0.031
5872,0.08925
5873,0.02
5874,1.0
5875,0.059
5876,0.02027777777777778
5877,0.066
5878,0.999
5879,0.33175
5880,0.403
5881,0.47213888888888894
5882,0.037666666666666675
5883,0.619
5884,0.994
5885,0.09726805555555555
5886,0.7672056561472583
5887,0.994
5888,0.048
5889,0.009
5890,0.178
5891,0.609
5892,0.43
5893,0.5011466666666667
5894,0.099
5895,0.15
5896,0.09
5897,0.997
5898,0.992
5899,0.056
5900,0.09814043456543457
5901,0.999
5902,0.09583333333333333
5903,0.21058852539517292
5904,1.0
5905,0.969
5906,0.121
5907,0.171
5908,0.029375
5909,0.028
5910,0.178
5911,0.857
5912,0.222
5913,0.065
5914,0.011200000000000002
5915,0.49
5916,0.02575
5917,0.0385
5918,0.017083333333333336
5919,0.23625
5920,0.485
5921,0.1980909090909091
5922,0.050833333333333335
5923,0.111
5924,0.116
5925,0.34
5926,0.157
5927,0.03491854460093897
5928,0.989
5929,0.18
5930,0.08680119047619049
5931,0.02
5932,0.6054238095238096
5933,0.033
5934,0.085
5935,0.9476
5936,0.054
5937,1.0
5938,0.293
5939,0.023
5940,0.115
5941,0.243
5942,0.2621428571428571
5943,0.2025
5944,0.019
5945,0.15525
5946,0.03943809523809524
5947,0.063
5948,0.1713333333333333
5949,0.861
5950,0.02
5951,0.075
5952,0.997
5953,0.46401231060606063
5954,0.9895454545454545
5955,0.273
5956,0.017
5957,0.08303837945096466
5958,0.111
5959,0.125
5960,0.397
5961,0.483
5962,0.2793333333333334
5963,0.006
5964,0.055
5965,0.9696076923076923
5966,0.274
5967,0.991
5968,0.087
5969,0.2895
5970,0.159
5971,0.155
5972,0.017666666666666664
5973,0.989
5974,0.994
5975,0.07161428571428573
5976,0.246
5977,0.108
5978,0.235
5979,0.402
5980,0.0915952380952381
5981,0.201
5982,0.6275
5983,0.035272727272727275
5984,0.171
5985,0.024029411764705882
5986,0.04
5987,0.335
5988,0.34
5989,0.9308000000000001
5990,0.109
5991,0.123
5992,0.3019
5993,0.157
5994,0.0451875
5995,0.132
5996,0.353
5997,0.9948571428571429
5998,0.064
5999,0.104
6000,0.156
6001,0.18425
6002,0.13380418192918192
6003,0.68
6004,0.02890909090909091
6005,0.04061904761904762
6006,0.394
6007,0.268
6008,0.49
6009,0.176
6010,0.056
6011,0.328
6012,0.101
6013,0.46738015873015887
6014,0.05
6015,0.236
6016,0.005
6017,0.27871736292603155
6018,0.326
6019,0.195
6020,0.375
6021,0.986
6022,0.999
6023,0.306
6024,0.006807692307692307
6025,0.249
6026,1.0
6027,0.161
6028,0.153
6029,0.094
6030,0.089
6031,0.077
6032,0.04
6033,0.04122990050884787
6034,0.047
6035,0.10625
6036,0.09209423076923076
6037,0.6711666666666667
6038,0.246
6039,0.014
6040,0.128
6041,0.8295247835497834
6042,0.057
6043,0.05403095238095238
6044,1.0
6045,0.8392187313744247
6046,0.494
6047,0.0485
6048,0.168
6049,0.35675
6050,0.19661666666666666
6051,0.03460042735042735
6052,0.3748146904483039
6053,0.2325
6054,0.993
6055,0.027
6056,0.16425
6057,0.111
6058,0.087
6059,0.076
6060,0.072
6061,0.371
6062,0.075
6063,0.193
6064,0.009
6065,0.27
6066,0.2837
6067,0.996
6068,0.756
6069,0.071
6070,0.005
6071,0.294
6072,0.06733333333333334
6073,0.2520054338927327
6074,0.20232214322324293
6075,0.0595
6076,0.981974358974359
6077,0.019909090909090908
6078,0.7672056561472583
6079,0.304
6080,0.154
6081,0.0135
6082,0.142
6083,0.113
6084,0.03333333333333333
6085,0.169
6086,0.1605
6087,0.23505
6088,0.21118253968253967
6089,0.029
6090,0.1355
6091,0.711
6092,0.005
6093,0.014
6094,0.068
6095,0.027
6096,0.381
6097,0.444
6098,0.468
6099,0.07673333333333333
6100,0.5323333333333333
6101,0.18718494917092424
6102,0.2592
6103,0.095
6104,0.272
6105,0.012666666666666666
6106,0.157
6107,0.017
6108,0.3596666666666667
6109,0.046
6110,0.167
6111,0.1766666666666667
6112,0.08055000000000001
6113,0.11275
6114,0.1672
6115,0.096
6116,0.22643300865800864
6117,0.035
6118,0.646
6119,1.0
6120,0.017
6121,0.020464285714285716
6122,0.256625
6123,0.17538343358138253
6124,0.026071428571428572
6125,0.069
6126,0.457
6127,0.928308084970585
6128,0.027
6129,0.30985476190476186
6130,0.081
6131,1.0
6132,0.01425
6133,0.121
6134,0.049
6135,0.015
6136,0.5142666666666666
6137,0.175
6138,0.12
6139,0.425
6140,0.572
6141,0.996
6142,0.998
6143,0.184
6144,0.07003333333333334
6145,0.37375
6146,0.248
6147,0.258
6148,0.995
6149,0.01
6150,0.351
6151,0.233
6152,0.24175
6153,0.029307692307692305
6154,0.0945
6155,1.0
6156,0.2318822781277892
6157,0.08
6158,0.008
6159,0.9529384615384616
6160,1.0
6161,0.25
6162,0.8649375
6163,0.991
6164,0.3030666666666667
6165,0.995
6166,0.998
6167,0.067
6168,0.1807
6169,0.334
6170,0.028080357142857143
6171,0.01775
6172,0.366
6173,0.094
6174,0.007
6175,0.069
6176,0.09373333333333334
6177,0.15608333333333335
6178,0.03346076423576423
6179,0.3088
6180,0.1844771444031807
6181,0.016672661396574442
6182,0.062
6183,0.027
6184,0.02225
6185,0.523
6186,0.067
6187,0.921500274579222
6188,0.031
6189,0.06666666666666667
6190,0.999
6191,0.0855
6192,0.08206666666666666
6193,0.102
6194,0.08
6195,0.85306412065109
6196,0.058
6197,0.079
6198,0.05
6199,0.98
6200,0.986
6201,0.285
6202,0.996
6203,0.129
6204,0.128
6205,0.039799999999999995
6206,0.37025
6207,0.322
6208,0.37782499999999997
6209,0.243
6210,0.328
6211,0.239
6212,0.12466666666666668
6213,0.12008333333333333
6214,0.83775
6215,0.02
6216,0.9298417582417582
6217,0.05764285714285715
6218,0.195
6219,0.328
6220,1.0
6221,0.08731666666666667
6222,0.9948571428571429
6223,0.038
6224,0.05938333333333333
6225,0.019
6226,0.8741487804878049
6227,0.003
6228,0.046
6229,0.11554545454545455
6230,0.813
6231,0.0916
6232,0.5971722334038513
6233,0.03117333333333333
6234,0.0465
6235,0.72
6236,0.992
6237,0.6200666666666667
6238,0.987
6239,0.05602380952380952
6240,0.9310659614723082
6241,0.021571428571428568
6242,0.424
6243,0.137
6244,0.138
6245,0.457
6246,0.321
6247,0.04215
6248,0.091
6249,0.0275
6250,0.37
6251,0.169
6252,0.02195
6253,0.3515
6254,0.103
6255,0.25355
6256,1.0
6257,0.315
6258,0.156
6259,0.01
6260,0.179
6261,0.20732857142857142
6262,0.161
6263,0.997
6264,0.989
6265,0.053
6266,0.364
6267,0.5376487994298703
6268,0.07374444444444446
6269,1.0
6270,0.8649375
6271,0.044752768065268074
6272,0.083
6273,0.5843333333333334
6274,0.993
6275,0.111
6276,0.143
6277,0.1965
6278,0.044
6279,0.06442857142857143
6280,0.991
6281,0.084
6282,0.8790445378151259
6283,0.5595333333333333
6284,0.489
6285,0.129
6286,0.517
6287,0.9948571428571429
6288,0.012702380952380951
6289,0.3182
6290,0.3425
6291,0.191
6292,0.562
6293,0.8065
6294,0.146
6295,0.47923849206349206
6296,0.101
6297,0.366
6298,0.9581888888888889
6299,0.522
6300,0.12
6301,0.072
6302,0.212
6303,0.2031666666666667
6304,0.09001131221719458
6305,0.047
6306,0.194
6307,0.368
6308,0.9934101449275362
6309,0.331
6310,0.187
6311,0.199
6312,0.304
6313,0.996
6314,0.275
6315,0.236
6316,0.075
6317,0.9027551257253384
6318,0.087
6319,0.30579938556067593
6320,0.049
6321,0.992
6322,0.04966815610859729
6323,0.9327069097569098
6324,0.10583333333333335
6325,1.0
6326,0.008
6327,0.101
6328,0.094
6329,0.105
6330,0.203
6331,0.04
6332,0.306
6333,0.037
6334,0.111
6335,0.189
6336,0.275
6337,0.057
6338,0.998
6339,0.44478366933497
6340,0.05853333333333334
6341,0.4686818181818182
6342,1.0
6343,0.05906666666666666
6344,0.08209999999999999
6345,0.714
6346,0.164
6347,0.992
6348,0.5254444444444445
6349,0.3138235294117647
6350,0.996
6351,0.01681818181818182
6352,0.04275
6353,0.057
6354,0.396
6355,0.28783333333333333
6356,0.063
6357,0.4475
6358,0.198
6359,0.083
6360,0.01
6361,0.033
6362,0.15177435064935066
6363,0.198
6364,0.02842857142857143
6365,0.024
6366,0.126625
6367,0.13
6368,0.183
6369,0.182
6370,0.119
6371,0.25
6372,0.059166666666666666
6373,0.14
6374,0.031
6375,0.24133333333333334
6376,0.22466666666666668
6377,0.632
6378,0.07799232991007286
6379,0.1895
6380,0.992
6381,0.04632301587301587
6382,0.999
6383,0.8575195707070707
6384,1.0
6385,0.157
6386,0.4
6387,0.022
6388,0.123
6389,0.371
6390,0.205
6391,0.3398333333333333
6392,0.0
6393,1.0
6394,0.029866666666666666
6395,0.3598333333333334
6396,0.373
6397,0.148
6398,0.035
6399,0.1365
6400,0.5513333333333332
6401,0.232
6402,0.577
6403,0.074
6404,0.3824488095238095
6405,0.191
6406,0.041
6407,0.192
6408,0.024
6409,0.096
6410,0.258
6411,0.6603333333333333
6412,0.01
6413,0.38
6414,0.027913043478260867
6415,0.8292857142857142
6416,0.052
6417,0.076
6418,0.0805
6419,0.29
6420,0.076
6421,0.161
6422,0.232
6423,0.15
6424,0.993
6425,0.508
6426,0.11
6427,0.042
6428,0.707
6429,0.0165
6430,0.179
6431,0.119
6432,0.319
6433,0.953
6434,0.973974358974359
6435,0.036666666666666674
6436,1.0
6437,0.0755
6438,0.206
6439,0.116
6440,0.034
6441,0.17
6442,0.3217976190476191
6443,0.053
6444,0.207
6445,0.045566666666666665
6446,0.998
6447,0.08429285714285714
6448,0.713
6449,0.009
6450,0.9448461538461538
6451,0.11504166666666667
6452,0.17342857142857143
6453,0.994
6454,0.372
6455,0.061
6456,0.056
6457,0.111
6458,0.20575
6459,0.5029027056277059
6460,0.221
6461,0.8741487804878049
6462,0.291
6463,0.239
6464,0.2276
6465,0.441
6466,0.03
6467,0.191
6468,0.028
6469,0.994
6470,1.0
6471,1.0
6472,0.099
6473,0.221
6474,0.196
6475,0.012
6476,0.7111666666666666
6477,0.113
6478,0.029
6479,0.962
6480,0.1404166666666667
6481,0.1035
6482,0.472
6483,0.016
6484,0.22570154597724262
6485,0.287125
6486,0.26433333333333336
6487,0.051333333333333335
6488,0.07076904761904762
6489,0.381
6490,0.7297704493133287
6491,0.662
6492,0.998
6493,0.18533333333333335
6494,0.18570237719299879
6495,0.7560357142857143
6496,0.2986666666666667
6497,0.027
6498,0.657
6499,0.029
6500,0.202
6501,0.08
6502,0.414
6503,0.029111111111111112
6504,0.247
6505,0.9196666666666666
6506,0.092
6507,0.02275
6508,0.02
6509,0.084
6510,0.025
6511,0.074
6512,0.24993778262994176
6513,0.6478747474747475
6514,0.122
6515,0.144
6516,0.3275
6517,0.1565
6518,0.359
6519,0.04122990050884787
6520,1.0
6521,0.012
6522,0.22541666666666665
6523,0.5269880952380952
6524,0.029166666666666667
6525,0.353
6526,0.353
6527,0.999
6528,0.453
6529,0.071
6530,0.968
6531,0.996
6532,0.7685
6533,0.8916666666666667
6534,0.106
6535,0.015
6536,0.5528784798534798
6537,0.2779166666666667
6538,0.307
6539,0.012333333333333332
6540,0.4959166666666667
6541,0.589
6542,0.624
6543,0.7533629509379509
6544,0.127
6545,0.657
6546,0.451
6547,0.099
6548,0.2678666666666667
6549,0.2805
6550,0.07528571428571428
6551,0.006
6552,0.011
6553,0.163
6554,1.0
6555,0.003
6556,0.132
6557,0.993
6558,0.066
6559,0.796
6560,0.029
6561,0.845375
6562,0.2210714285714286
6563,0.11295555555555555
6564,0.18
6565,0.09
6566,0.019541697191697193
6567,0.11933333333333333
6568,0.118
6569,0.232
6570,0.121
6571,0.9951290322580645
6572,0.994
6573,0.081
6574,0.0125
6575,0.913423611111111
6576,0.217
6577,0.343
6578,0.336
6579,0.081
6580,0.03
6581,0.13663333333333333
6582,0.9753
6583,0.0407
6584,0.321
6585,0.2514
6586,0.054
6587,0.009
6588,0.022
6589,0.102
6590,0.059833333333333336
6591,0.7067678139298531
6592,0.148
6593,0.039
6594,0.034
6595,0.9292175562011089
6596,0.987
6597,0.02
6598,0.118
6599,0.1061
6600,0.0885
6601,0.1265
6602,0.20470000000000002
6603,0.362
6604,0.2314685546506637
6605,0.024
6606,0.14375
6607,0.2620333333333333
6608,0.07563480392156863
6609,0.0235
6610,0.029
6611,0.26780000000000004
6612,0.1405833333333333
6613,0.082
6614,0.06
6615,0.4805
6616,0.039
6617,0.038
6618,0.026285714285714284
6619,0.107
6620,0.111
6621,0.054
6622,0.2785
6623,0.346
6624,0.8602880230880231
6625,0.10333333333333335
6626,0.877
6627,0.091
6628,0.157
6629,0.055
6630,0.03976190476190476
6631,1.0
6632,0.2
6633,0.997
6634,0.426
6635,0.642
6636,0.106
6637,0.12081666666666668
6638,0.088
6639,0.017
6640,0.0342
6641,0.06626616915422887
6642,0.231
6643,0.267
6644,0.132
6645,0.023833333333333335
6646,0.9299566149536737
6647,0.6798735202294146
6648,0.219
6649,0.064
6650,0.9390833333333333
6651,0.133
6652,0.7861304347826088
6653,0.16
6654,1.0
6655,0.021
6656,0.312
6657,0.021
6658,0.083
6659,0.207
6660,0.039
6661,0.995
6662,0.994
6663,0.915
6664,0.9288648482236718
6665,0.116
6666,0.283
6667,0.316
6668,0.209
6669,0.093
6670,0.04524666666666667
6671,0.062
6672,0.11758276493948548
6673,0.993
6674,0.01
6675,0.103
6676,0.995
6677,0.9952000000000001
6678,0.094
6679,0.208
6680,0.0455
6681,0.996
6682,0.2425
6683,0.032
6684,0.4512
6685,0.017
6686,0.008
6687,0.012271428571428572
6688,0.17124242424242425
6689,0.117
6690,0.241
6691,0.194
6692,0.032
6693,0.2465
6694,0.012
6695,0.1391666666666667
6696,0.04704347826086956
6697,0.005
6698,0.998
6699,0.948
6700,0.536
6701,0.057
6702,0.075
6703,0.07575
6704,0.9833076923076923
6705,0.188
6706,0.3575458874458875
6707,0.0625
6708,0.202
6709,0.05
6710,1.0
6711,0.04383333333333333
6712,0.132
6713,0.046
6714,0.0
6715,0.993
6716,0.06
6717,0.158
6718,0.218
6719,0.8649375
6720,0.025
6721,0.991
6722,0.999
6723,0.505
6724,0.2
6725,0.04779600735471425
6726,0.166
6727,0.032125
6728,0.23518511967280192
6729,0.06
6730,0.025
6731,0.375
6732,0.02
6733,0.45366666666666666
6734,0.58
6735,0.9895714285714285
6736,0.109
6737,0.063
6738,0.189
6739,0.02366666666666667
6740,0.6755
6741,0.249
6742,0.337
6743,0.397
6744,0.999
6745,0.129
6746,0.13718582635137555
6747,0.21316666666666667
6748,0.09249358974358975
6749,0.0819
6750,0.4182
6751,0.085
6752,0.28555555555555556
6753,0.5303333333333332
6754,0.15516666666666667
6755,0.198
6756,0.508
6757,0.0685
6758,0.19289924256903623
6759,0.315
6760,0.9855714285714285
6761,0.074
6762,0.4941666666666667
6763,0.16142183875635907
6764,0.059
6765,0.03411212121212121
6766,0.131
6767,0.042
6768,0.060166666666666674
6769,0.976
6770,0.404875
6771,0.286
6772,0.002
6773,0.23415789473684212
6774,0.994
6775,0.05981301078783917
6776,0.5454
6777,0.08383333333333334
6778,0.3
6779,0.098
6780,0.345
6781,0.04575
6782,0.111
6783,0.101
6784,0.164
6785,0.22
6786,0.0
6787,0.315
6788,0.351
6789,0.003
6790,0.0515
6791,0.251
6792,0.177
6793,0.198
6794,0.987
6795,0.056
6796,0.0038333333333333336
6797,0.011305555555555555
6798,0.091
6799,0.4614761904761905
6800,0.139
6801,0.17166666666666666
6802,0.144
6803,0.02086111111111111
6804,0.007
6805,0.986
6806,0.5113076923076924
6807,0.042
6808,0.997
6809,0.13
6810,0.02
6811,0.107
6812,0.188
6813,0.144
6814,0.041
6815,0.37966666666666665
6816,0.10116666666666667
6817,0.235
6818,0.092
6819,0.027575757575757576
6820,0.225
6821,0.023333333333333334
6822,0.322
6823,0.976
6824,0.358
6825,0.982
6826,0.3690833333333334
6827,0.347
6828,0.9945384615384616
6829,0.7067678139298531
6830,0.169
6831,0.09235000000000002
6832,0.001
6833,0.999
6834,0.14539963360512892
6835,0.723
6836,0.339
6837,0.993
6838,0.064
6839,0.068
6840,0.19475
6841,0.999
6842,0.345
6843,0.13692857142857143
6844,0.356
6845,0.082625
6846,0.06
6847,0.09
6848,0.69
6849,0.066
6850,0.4195
6851,0.046
6852,0.029607142857142856
6853,0.0
6854,0.6806
6855,0.252
6856,0.0565
6857,0.216
6858,0.9266803567029177
6859,0.0315
6860,0.986
6861,0.033160504201680666
6862,0.044
6863,0.406
6864,0.435
6865,0.233625
6866,0.9246546735937801
6867,0.32465
6868,0.005
6869,0.1438277777777778
6870,0.102
6871,0.006
6872,0.644
6873,0.997
6874,0.9170719661888392
6875,0.524
6876,0.158
6877,0.1549
6878,0.9408466686091687
6879,0.325
6880,0.089
6881,0.059
6882,0.993
6883,0.3489491590336676
6884,0.13925
6885,0.142
6886,0.415
6887,0.258
6888,0.226
6889,0.0265
6890,0.102
6891,0.04716666666666666
6892,0.4065
6893,0.0935
6894,0.10415355493938802
6895,0.315
6896,0.1643333333333333
6897,0.992
6898,1.0
6899,0.285
6900,0.011
6901,0.08341666666666667
6902,0.011682539682539681
6903,0.381
6904,0.0525
6905,0.53276329378972
6906,0.010666666666666666
6907,0.205
6908,0.33377777777777784
6909,0.356
6910,0.2826666666666666
6911,0.24975
6912,0.17
6913,0.025
6914,0.16413677156177156
6915,0.6362424242424243
6916,0.863
6917,0.5053333333333333
6918,0.08175
6919,1.0
6920,0.648
6921,0.354
6922,0.027
6923,0.22615149587254854
6924,0.5305
6925,0.03817142857142857
6926,0.1
6927,0.15667857142857144
6928,0.087
6929,0.064
6930,0.699
6931,0.07908333333333332
6932,0.091
6933,0.961
6934,0.036
6935,0.037
6936,0.012666666666666666
6937,0.077
6938,0.154
6939,0.408
6940,0.202
6941,0.17975
6942,0.262
6943,0.066
6944,0.148
6945,0.089
6946,0.01908333333333333
6947,0.381
6948,0.434
6949,0.204
6950,0.8715948331925005
6951,0.224
6952,0.7
6953,0.267
6954,0.2001666666666667
6955,0.399
6956,0.137
6957,0.16625
6958,0.14525
6959,0.064
6960,0.045410557800832946
6961,0.02925
6962,0.336
6963,0.04
6964,0.256
6965,0.28
6966,0.02195
6967,0.9906584615384616
6968,0.015166666666666667
6969,0.019
6970,0.051
6971,0.066
6972,0.6761666666666667
6973,0.221
6974,0.3514
6975,0.302
6976,0.508
6977,0.9948571428571429
6978,0.038
6979,0.3805
6980,0.113
6981,0.061
6982,0.032
6983,0.1706
6984,0.018166666666666664
6985,0.171
6986,0.02
6987,0.072
6988,0.021
6989,0.055785714285714286
6990,1.0
6991,0.99
6992,0.99
6993,0.21433333333333335
6994,0.259
6995,0.03
6996,0.511
6997,0.286
6998,0.06342857142857143
6999,0.031
7000,0.352524957613662
7001,0.01958333333333333
7002,0.11175
7003,1.0
7004,0.14125
7005,0.04
7006,0.997
7007,0.016
7008,0.474
7009,0.731
7010,0.317
7011,0.019
7012,0.357
7013,0.020765942028985507
7014,0.0
7015,0.15657719298245615
7016,0.996
7017,0.01
7018,0.301
7019,0.12
7020,1.0
7021,0.037027777777777784
7022,0.23666666666666666
7023,0.026
7024,0.2194147773279352
7025,0.787
7026,0.053
7027,0.274
7028,0.399
7029,0.08966666666666667
7030,0.997
7031,0.30175
7032,0.9290693602693603
7033,0.977
7034,0.8419260683760683
7035,0.752
7036,0.093
7037,0.97
7038,0.7333055534878878
7039,0.093
7040,0.97
7041,0.281
7042,0.327
7043,0.09
7044,0.148
7045,0.278
7046,0.9753
7047,0.03
7048,0.094
7049,0.135
7050,0.956
7051,0.11240000000000001
7052,0.059
7053,0.805
7054,0.01329091847265222
7055,1.0
7056,0.1806111111111111
7057,0.948
7058,0.731375
7059,0.999
7060,0.05516666666666667
7061,0.961
7062,0.014
7063,0.0
7064,0.014
7065,0.617
7066,0.23193333333333335
7067,0.7225
7068,0.185
7069,0.2722
7070,0.083
7071,0.028
7072,0.03346153846153846
7073,0.351
7074,0.256
7075,0.4353333333333333
7076,0.6581428571428571
7077,0.124
7078,0.7333055534878878
7079,0.023654761904761904
7080,0.166
7081,0.071
7082,0.222
7083,0.082
7084,0.04066666666666666
7085,0.0217
7086,0.0195
7087,0.1756
7088,0.036
7089,0.993
7090,0.356
7091,0.226
7092,1.0
7093,0.282
7094,0.987
7095,0.5893999999999999
7096,0.414
7097,0.184
7098,0.479
7099,0.996
7100,0.085
7101,0.53
7102,0.051666666666666666
7103,0.8758410642135643
7104,0.3806666666666667
7105,0.231
7106,0.16666666666666666
7107,0.6516309523809524
7108,0.433
7109,0.193
7110,0.208
7111,0.098
7112,0.337
7113,0.275
7114,0.218
7115,0.8364594923678172
7116,0.08348351648351648
7117,0.19725
7118,0.0
7119,0.012199999999999999
7120,0.024285714285714285
7121,0.375
7122,0.132
7123,0.069
7124,0.018
7125,0.41883333333333334
7126,0.09664999999999999
7127,0.249
7128,0.251
7129,0.05
7130,0.4450333333333333
7131,0.481
7132,0.998
7133,1.0
7134,0.386
7135,0.017
7136,0.182
7137,0.017
7138,0.35
7139,0.145
7140,0.1035
7141,0.012
7142,0.3001666666666667
7143,0.066
7144,0.8649375
7145,0.05
7146,0.406
7147,0.099
7148,0.367
7149,0.10989935064935066
7150,0.01075
7151,0.9225493382434561
7152,0.164
7153,0.082
7154,0.0845357142857143
7155,0.157
7156,0.999
7157,0.183
7158,0.529
7159,0.023
7160,0.412
7161,0.105
7162,1.0
7163,0.08
7164,0.0265
7165,0.036
7166,0.998
7167,0.1565
7168,0.456
7169,0.35994374653124644
7170,0.025
7171,0.1775
7172,0.156
7173,0.0
7174,0.266
7175,0.028
7176,0.37525
7177,0.15462065116296106
7178,0.277125
7179,0.41960000000000003
7180,0.387
7181,0.029
7182,0.023
7183,0.045
7184,0.172
7185,0.08175
7186,0.18719999999999998
7187,1.0
7188,0.168
7189,0.108
7190,0.101
7191,0.361
7192,0.255
7193,0.408
7194,0.312
7195,1.0
7196,0.03366666666666667
7197,0.18383333333333335
7198,0.224
7199,0.032
7200,0.861
7201,0.871
7202,0.2771666666666666
7203,0.0404
7204,0.504
7205,0.039
7206,0.99
7207,0.24
7208,0.493
7209,0.1845
7210,0.017
7211,0.0805
7212,0.238
7213,0.4445
7214,0.08920476190476191
7215,0.027
7216,0.5528333333333334
7217,0.993
7218,0.013
7219,0.075
7220,0.044
7221,0.111
7222,0.048
7223,0.015
7224,0.079
7225,0.042
7226,1.0
7227,0.046
7228,0.2
7229,0.26
7230,0.19046190476190475
7231,0.988
7232,0.005
7233,0.1882143817204301
7234,0.018
7235,0.044
7236,0.278
7237,0.013
7238,0.021
7239,0.06104117647058823
7240,0.012
7241,0.311
7242,1.0
7243,0.249
7244,0.053
7245,0.102
7246,0.16140066401912956
7247,0.21020000000000003
7248,0.019
7249,0.15041666666666667
7250,0.086
7251,0.169
7252,0.164
7253,0.112
7254,0.1435
7255,1.0
7256,0.9673076923076924
7257,0.127
7258,0.014
7259,0.068
7260,0.995
7261,0.06760833333333334
7262,0.039
7263,0.379
7264,0.362
7265,0.225
7266,0.013
7267,0.2209229762984407
7268,0.172
7269,0.019026737967914438
7270,0.252
7271,0.099
7272,0.016
7273,0.034
7274,0.041
7275,0.15025
7276,0.375
7277,0.042
7278,0.997
7279,0.102
7280,0.1733591133004926
7281,0.996
7282,0.5185
7283,0.102
7284,0.024
7285,0.178
7286,0.055
7287,0.018
7288,0.01841304347826087
7289,0.305
7290,0.039
7291,0.984
7292,0.013
7293,0.218
7294,0.178
7295,0.998
7296,0.019
7297,0.01
7298,0.04
7299,0.9586666666666668
7300,0.466
7301,0.996
7302,0.199
7303,0.029
7304,0.09858467170084818
7305,0.992
7306,0.982
7307,1.0
7308,0.22823076923076924
7309,0.18933333333333335
7310,0.986
7311,0.2922310344827586
7312,0.1489166666666667
7313,0.998
7314,0.96
7315,0.107
7316,0.212
7317,0.575
7318,0.223
7319,0.993
7320,0.488
7321,0.1778154498279498
7322,0.766875
7323,0.104
7324,0.136
7325,0.188
7326,0.05
7327,0.0182
7328,0.027
7329,0.061
7330,0.017
7331,0.09
7332,0.27928333333333333
7333,0.147
7334,0.125
7335,0.0575
7336,0.5166666666666666
7337,0.0
7338,0.116
7339,0.022584670231729057
7340,0.6805808375892003
7341,0.06715
7342,1.0
7343,0.218
7344,0.241
7345,0.196
7346,0.2025
7347,0.29709177489177496
7348,0.8259249393245962
7349,0.054
7350,0.029
7351,0.015
7352,0.01685714285714286
7353,0.418
7354,0.01875
7355,0.022181818181818184
7356,0.132
7357,0.992
7358,0.223
7359,0.012833333333333334
7360,0.9933333333333334
7361,0.915
7362,0.1995
7363,0.0362653605329369
7364,0.49170724458016823
7365,0.8022857142857143
7366,0.269
7367,0.209
7368,0.9964
7369,0.014375
7370,0.101
7371,0.108
7372,0.8982
7373,0.3245
7374,0.036
7375,0.2993827884533767
7376,0.035
7377,0.073
7378,0.04409090909090909
7379,0.415
7380,0.133
7381,0.224
7382,0.028
7383,0.023
7384,0.019
7385,0.994
7386,0.018
7387,0.161
7388,0.08
7389,0.286
7390,0.985
7391,0.994
7392,0.7658571428571429
7393,0.087
7394,0.32480000000000003
7395,0.087
7396,0.348
7397,0.17
7398,0.055
7399,0.054
7400,0.467
7401,0.099
7402,0.9955555555555555
7403,0.044
7404,0.9581888888888889
7405,0.04175
7406,0.0195
7407,0.229
7408,0.23183333333333334
7409,0.03903947368421053
7410,0.374
7411,0.212
7412,0.2514
7413,0.03133333333333333
7414,0.072
7415,0.058
7416,0.13266666666666668
7417,0.587
7418,0.111
7419,0.038
7420,0.114
7421,0.3
7422,0.36985602205939344
7423,0.1907333333333333
7424,0.9194408293460925
7425,0.993375
7426,0.082
7427,0.246
7428,0.8555556240612188
7429,0.0565
7430,0.16
7431,0.9815617881154689
7432,0.367
7433,0.336
7434,0.038
7435,0.3423333333333334
7436,0.081
7437,0.022
7438,0.274
7439,0.7746666666666666
7440,0.01329091847265222
7441,0.13441666666666666
7442,0.032
7443,0.19575
7444,0.033
7445,0.471
7446,0.0815
7447,0.043
7448,0.08925
7449,0.199
7450,0.485
7451,0.192
7452,0.994
7453,0.9390833333333333
7454,0.013
7455,0.009
7456,0.3867
7457,0.051
7458,0.177856297960161
7459,0.986
7460,1.0
7461,0.38684382423132374
7462,0.303
7463,0.997
7464,0.082
7465,0.993
7466,0.109
7467,0.18866666666666668
7468,0.191
7469,0.333
7470,0.111
7471,0.998
7472,0.3907
7473,0.028
7474,0.684
7475,0.071
7476,0.065
7477,0.9573764705882352
7478,0.029
7479,0.051
7480,0.09140000000000001
7481,0.7833333333333332
7482,0.7125
7483,0.025
7484,0.05
7485,0.059
7486,0.11766666666666666
7487,0.84975
7488,0.6495
7489,0.186
7490,0.137
7491,0.6478747474747475
7492,0.24645
7493,0.5222708333333332
7494,0.07659999999999999
7495,0.02266666666666667
7496,0.0442
7497,0.268
7498,0.235
7499,0.028399999999999998
7500,0.007
7501,0.9716666666666667
7502,0.0105
7503,0.146
7504,0.535
7505,0.99
7506,0.375
7507,0.632
7508,0.003
7509,0.266
7510,0.01
7511,0.15
7512,0.06184848484848485
7513,0.247
7514,0.202
7515,0.094
7516,0.9972000000000001
7517,0.26
7518,0.9973333333333334
7519,0.008222222222222221
7520,0.087
7521,0.11943787414022605
7522,0.998
7523,0.354
7524,0.03336666666666667
7525,0.47157575757575765
7526,0.051
7527,0.13
7528,0.039263254433941935
7529,0.265
7530,0.168
7531,0.998
7532,0.11548181818181819
7533,0.015
7534,0.12709803921568627
7535,0.993
7536,0.081
7537,0.46
7538,0.36866666666666675
7539,0.09177272727272728
7540,0.024
7541,0.703
7542,0.2755
7543,0.074
7544,0.397
7545,0.2354
7546,0.404
7547,0.153
7548,0.22166666666666668
7549,0.997
7550,0.11258333333333333
7551,0.240125
7552,0.09209523809523809
7553,0.147
7554,0.053
7555,0.252
7556,0.132
7557,0.14972957258943329
7558,0.11766666666666667
7559,0.920001418026418
7560,0.015
7561,0.025
7562,0.998
7563,0.10508333333333335
7564,0.276
7565,0.011
7566,0.058
7567,0.021
7568,0.297
7569,0.979
7570,0.036
7571,0.038
7572,0.4405
7573,0.1409166666666667
7574,0.991
7575,0.8323623162265712
7576,0.095
7577,0.04
7578,0.676
7579,0.1892333333333333
7580,0.969
7581,0.024062770562770563
7582,0.498
7583,0.35666666666666663
7584,0.0526
7585,0.13293333333333335
7586,0.019
7587,0.146
7588,0.284
7589,0.1692
7590,0.183
7591,0.581
7592,0.301
7593,0.287
7594,0.998
7595,0.22372087357087359
7596,0.12323333333333335
7597,0.024
7598,0.775588188945387
7599,0.291
7600,0.129
7601,0.507
7602,0.123
7603,0.023333333333333334
7604,0.0325
7605,1.0
7606,0.177
7607,0.024
7608,0.99
7609,0.5755
7610,0.025
7611,0.368
7612,0.022333333333333334
7613,0.2666
7614,0.0163773199023199
7615,0.22893333333333335
7616,0.537
7617,0.027913043478260867
7618,0.9993636363636363
7619,0.956
7620,0.042
7621,0.275
7622,0.3833333333333333
7623,0.054299999999999994
7624,0.997
7625,0.4090666666666667
7626,0.4665
7627,0.3512857933732934
7628,0.108
7629,0.415
7630,0.186
7631,0.045000000000000005
7632,0.058
7633,0.4656666666666667
7634,0.8114946624248851
7635,0.024
7636,0.267
7637,0.045
7638,0.056749999999999995
7639,0.223
7640,0.079
7641,0.151
7642,0.015
7643,0.532
7644,0.116
7645,0.245
7646,0.023
7647,0.9266803567029177
7648,0.23977777777777778
7649,0.694480797676901
7650,0.005666666666666666
7651,0.03986666666666667
7652,0.388
7653,0.063
7654,0.2855
7655,0.108
7656,0.064
7657,0.042
7658,0.018
7659,0.1
7660,0.934
7661,0.11554545454545455
7662,0.06
7663,0.272
7664,0.403
7665,0.18391666666666667
7666,0.303
7667,1.0
7668,0.9662999999999999
7669,0.405
7670,0.154
7671,0.13216666666666665
7672,0.09425
7673,0.014
7674,0.013
7675,0.283
7676,0.442
7677,0.097
7678,0.025
7679,0.19519999999999998
7680,0.9873333333333333
7681,0.207
7682,0.177856297960161
7683,0.033
7684,0.0765
7685,0.99
7686,0.049
7687,0.16366666666666665
7688,0.996
7689,0.18425
7690,0.08
7691,0.408
7692,0.24766666666666665
7693,0.135
7694,0.028
7695,0.954
7696,0.994
7697,0.676
7698,0.05992857142857143
7699,0.441
7700,0.291
7701,0.28
7702,0.4
7703,0.118
7704,0.321
7705,0.044
7706,0.2105
7707,0.20829208079502196
7708,0.103
7709,0.23033333333333333
7710,0.504
7711,0.722
7712,0.093
7713,0.0652888888888889
7714,0.977
7715,0.14325
7716,0.367
7717,0.44
7718,0.9992727272727272
7719,0.3125
7720,0.9712999999999999
7721,0.128
7722,0.204
7723,0.203
7724,0.64
7725,0.152
7726,0.998
7727,0.076
7728,0.051
7729,0.175
7730,0.005
7731,0.999
7732,0.07134615384615384
7733,0.091
7734,0.014
7735,0.624
7736,0.12086666666666666
7737,0.05183333333333333
7738,0.952
7739,0.296
7740,0.561
7741,0.309
7742,0.051272727272727275
7743,0.225
7744,0.179
7745,0.238
7746,0.1025
7747,0.215
7748,0.999
7749,1.0
7750,0.9736076923076923
7751,0.995
7752,0.111
7753,0.16566666666666668
7754,0.58
7755,0.078
7756,0.042
7757,0.97
7758,0.38700651424449384
7759,0.13833333333333334
7760,0.024
7761,0.184
7762,0.9740930232558139
7763,0.2993827884533767
7764,0.438
7765,0.116225
7766,0.143
7767,0.14404920634920634
7768,0.008
7769,0.050666666666666665
7770,0.094
7771,0.2975
7772,0.284
7773,0.962
7774,0.6535668055329789
7775,0.161
7776,0.02195
7777,1.0
7778,0.2406666666666667
7779,0.6188353207828381
7780,0.06701666666666667
7781,0.095
7782,0.013018375241779496
7783,0.760658309990663
7784,0.976
7785,0.602
7786,0.26
7787,0.8280298156908442
7788,0.9905454545454545
7789,0.364
7790,0.321
7791,0.022
7792,0.25766666666666665
7793,0.122
7794,0.3265
7795,0.096
7796,0.296
7797,0.1655848060436296
7798,0.016055555555555556
7799,0.071
7800,0.02086111111111111
7801,0.03
7802,0.151
7803,0.793
7804,0.055
7805,0.20232214322324293
7806,0.1754
7807,0.404
7808,0.20232214322324293
7809,0.8803439171122994
7810,0.501
7811,0.0165
7812,0.7110526315789473
7813,0.137
7814,0.306
7815,0.011
7816,0.128
7817,0.024
7818,0.3893333333333333
7819,0.37
7820,0.033
7821,0.29
7822,0.1844771444031807
7823,0.16883333333333334
7824,0.31521149283344296
7825,0.986
7826,0.8487253174492655
7827,0.02
7828,0.0925
7829,0.005
7830,0.028
7831,0.8043333333333332
7832,0.6626666666666667
7833,0.1
7834,0.024
7835,0.043
7836,0.8258333333333334
7837,0.102
7838,0.304
7839,0.2705
7840,0.2208380952380953
7841,0.162
7842,0.073
7843,0.03769444444444444
7844,0.104
7845,0.016
7846,0.021366666666666666
7847,0.49170724458016823
7848,0.3093333333333333
7849,0.15855555555555553
7850,0.111
7851,0.993
7852,0.022
7853,0.9948571428571429
7854,0.023
7855,0.836
7856,0.01039985380116959
7857,0.5079462121212122
7858,0.7428440116822589
7859,0.093
7860,0.23383333333333334
7861,0.574
7862,0.052
7863,0.166
7864,0.020687179487179484
7865,0.8235333333333335
7866,0.993
7867,0.07
7868,0.079
7869,0.268
7870,0.043
7871,0.026199999999999998
7872,0.9119164086687307
7873,0.062
7874,0.226
7875,0.13725
7876,0.068
7877,0.08702380952380952
7878,0.085
7879,0.173
7880,0.022
7881,0.139
7882,0.088
7883,0.177
7884,0.06133333333333334
7885,0.0245
7886,0.9971951871657754
7887,0.008
7888,1.0
7889,0.23
7890,0.27
7891,0.9816666666666666
7892,0.066
7893,0.0994
7894,0.05174999999999999
7895,0.145
7896,0.376
7897,0.062
7898,0.23235000000000003
7899,0.997
7900,0.026
7901,1.0
7902,0.183
7903,0.556
7904,0.04233333333333333
7905,0.0195
7906,0.9491410256410256
7907,0.041
7908,0.998
7909,0.16633333333333333
7910,1.0
7911,0.24
7912,0.518
7913,0.02025
7914,0.003
7915,0.039
7916,0.148
7917,0.12708333333333335
7918,0.956
7919,0.0335
7920,0.643875
7921,0.11031501831501832
7922,0.9951111111111111
7923,0.048
7924,0.153
7925,0.05574535289649854
7926,0.18493680082559336
7927,0.985
7928,0.0735
7929,0.01025
7930,0.267
7931,0.17372500000000002
7932,0.7303779086599673
7933,0.005
7934,0.33641666666666664
7935,0.991
7936,0.363
7937,0.027
7938,0.375
7939,0.293
7940,0.044
7941,0.042
7942,0.030855357142857146
7943,0.216
7944,0.334
7945,0.09091666666666667
7946,0.996
7947,0.7058749077590797
7948,0.323
7949,0.038
7950,0.12
7951,0.111
7952,0.49056086956521744
7953,0.264
7954,0.058
7955,0.082
7956,0.26866666666666666
7957,0.233
7958,0.06533333333333334
7959,0.4563333333333333
7960,0.02
7961,0.03357142857142857
7962,0.4663333333333333
7963,1.0
7964,0.299
7965,0.082
7966,0.878
7967,0.984
7968,0.244
7969,0.016
7970,0.073
7971,0.745090017825312
7972,0.348
7973,0.329
7974,0.016
7975,0.246
7976,0.054
7977,0.127
7978,0.968
7979,0.3233333333333333
7980,0.047
7981,0.095
7982,0.03933333333333333
7983,0.03903947368421053
7984,0.534
7985,0.389
7986,0.321
7987,0.224
7988,0.028
7989,0.04
7990,0.011571428571428571
7991,0.15133333333333332
7992,0.33372126436781613
7993,0.115
7994,0.5229051175100067
7995,0.03472619047619047
7996,0.499
7997,0.989
7998,0.10944444444444444
7999,0.03966666666666666
8000,0.029
8001,0.179
8002,0.012
8003,0.05
8004,0.166
8005,0.11220000000000001
8006,0.2201
8007,0.038
8008,0.246
8009,0.003
8010,1.0
8011,0.999
8012,0.373
8013,0.7327452380952382
8014,0.113
8015,0.06
8016,0.9951538461538462
8017,0.012333333333333333
8018,0.28784848484848485
8019,0.003
8020,0.033
8021,0.0245
8022,0.047
8023,0.314
8024,0.121
8025,0.985
8026,0.09722222222222222
8027,0.988
8028,0.12
8029,0.032
8030,0.39175
8031,0.241
8032,1.0
8033,0.068
8034,0.028
8035,0.1783500584554764
8036,0.056
8037,0.308
8038,0.133
8039,0.03591666666666667
8040,0.044
8041,0.18566666666666665
8042,0.23
8043,0.025
8044,0.034
8045,0.021433333333333332
8046,0.9945384615384616
8047,0.464
8048,0.013935897435897435
8049,0.199
8050,0.025
8051,0.014
8052,0.16325
8053,0.02
8054,0.2465575162050226
8055,0.1330833333333333
8056,0.176
8057,0.999
8058,0.9318417582417582
8059,0.088
8060,0.4825
8061,0.327
8062,0.4067777918727564
8063,0.861
8064,0.004
8065,0.682
8066,0.136
8067,0.9693205128205128
8068,0.115
8069,0.055
8070,0.32030000000000003
8071,0.026
8072,0.01008611111111111
8073,0.09603809523809523
8074,0.127
8075,0.02688888888888889
8076,0.0745
8077,0.2353333333333333
8078,0.145
8079,0.999
8080,0.7474
8081,0.047
8082,0.8526825396825397
8083,0.06980182954300602
8084,0.993
8085,0.034
8086,0.184
8087,0.04812414892107643
8088,0.1426666666666667
8089,0.998
8090,0.11758276493948548
8091,0.368
8092,0.044752768065268074
8093,0.14766666666666667
8094,0.015
8095,0.14929713804713804
8096,0.20277978582300504
8097,0.747
8098,0.8583849816849817
8099,0.449
8100,0.02266666666666667
8101,0.6775666666666667
8102,0.019733333333333332
8103,0.9150713323999703
8104,0.144
8105,1.0
8106,0.121
8107,0.015
8108,0.228
8109,0.9498466686091687
8110,0.017
8111,0.49992857142857144
8112,1.0
8113,0.333
8114,0.095
8115,1.0
8116,0.104
8117,0.007
8118,0.256
8119,0.432
8120,0.382
8121,0.20277978582300504
8122,0.998
8123,1.0
8124,0.0745
8125,0.091
8126,0.9189586489619773
8127,0.04
8128,0.006
8129,0.06825
8130,0.375
8131,0.162
8132,0.2208181818181818
8133,0.312
8134,0.3813333333333333
8135,0.14305105384811265
8136,0.094
8137,0.046
8138,0.533
8139,0.382
8140,0.994
8141,0.452
8142,0.01375
8143,0.157
8144,0.016593406593406593
8145,0.085
8146,0.053
8147,0.016
8148,0.1725
8149,0.625
8150,0.124
8151,0.014
8152,0.01925
8153,0.954
8154,0.2
8155,0.165
8156,0.012
8157,0.154
8158,0.997
8159,0.766
8160,0.5824
8161,0.9498466686091687
8162,0.06
8163,0.012
8164,0.1075
8165,0.3706470588235294
8166,0.03
8167,0.114
8168,0.035
8169,0.1134
8170,0.992
8171,0.275
8172,0.31544444444444447
8173,0.9793
8174,0.014372549019607843
8175,0.0865
8176,0.246
8177,0.07
8178,0.19425
8179,0.068
8180,0.4132058069381599
8181,0.109
8182,0.107
8183,0.870060606060606
8184,0.24383333333333335
8185,0.223
8186,0.082
8187,0.091
8188,0.214
8189,0.266
8190,0.202
8191,0.2849999999999999
8192,0.115
8193,0.022
8194,0.01926923076923077
8195,0.9948571428571429
8196,0.415
8197,0.162
8198,0.07
8199,0.11273333333333335
8200,0.014
8201,0.312
8202,0.023
8203,0.39433333333333337
8204,0.161
8205,0.02975416666666666
8206,0.7125
8207,0.099
8208,0.251
8209,0.9260375721500723
8210,0.117
8211,0.09659999999999999
8212,0.987
8213,0.602
8214,0.9389317176287766
8215,0.022
8216,0.284
8217,0.426
8218,0.457
8219,0.012
8220,0.072
8221,0.259
8222,0.252
8223,0.769
8224,0.06691666666666665
8225,0.05
8226,0.631
8227,0.33525
8228,0.2637333333333334
8229,0.2695333333333333
8230,0.1351392857142857
8231,0.135
8232,0.986
8233,0.022682683982683978
8234,0.035
8235,0.034
8236,0.987
8237,0.42144444444444445
8238,0.162
8239,0.021011052009456264
8240,0.016
8241,0.17462764123570573
8242,0.15
8243,0.011
8244,0.244
8245,1.0
8246,0.037166666666666674
8247,0.0
8248,0.09916666666666665
8249,0.13416666666666668
8250,0.999
8251,0.637
8252,0.027251044277360068
8253,0.10107090703716266
8254,0.9554128205128205
8255,0.033
8256,0.9934101449275362
8257,0.9951111111111111
8258,0.035
8259,0.5966086956521739
8260,0.042
8261,0.156
8262,0.166
8263,0.0135
8264,0.5833147665952971
8265,0.348
8266,0.05080357142857144
8267,0.5873333333333334
8268,0.49170724458016823
8269,0.08025
8270,0.241
8271,0.164
8272,0.012833333333333334
8273,0.1725
8274,0.977
8275,0.09670000000000001
8276,0.019110071301247773
8277,0.16991507936507935
8278,0.385
8279,0.17801309523809525
8280,0.5229051175100067
8281,0.989
8282,0.998
8283,0.2580525781517134
8284,0.09726805555555555
8285,0.352
8286,0.994
8287,0.2755
8288,0.993
8289,0.534
8290,0.993
8291,0.256
8292,0.18866666666666665
8293,0.02
8294,0.016
8295,0.31
8296,0.09031241000570737
8297,1.0
8298,0.5755454545454545
8299,0.301
8300,0.043
8301,0.491
8302,0.041
8303,0.8915846744758509
8304,0.027
8305,0.063
8306,0.9323709054834055
8307,0.079
8308,1.0
8309,0.09341666666666666
8310,0.19478095238095236
8311,0.075
8312,0.02
8313,0.029
8314,0.01843076923076923
8315,0.16235882720519512
8316,0.8731428571428571
8317,0.826
8318,0.409
8319,0.1365
8320,0.17663333333333334
8321,0.152
8322,1.0
8323,0.255
8324,0.187
8325,0.992
8326,0.078
8327,0.256
8328,0.107
8329,0.235
8330,0.151
8331,0.14175426444900124
8332,0.857376083010221
8333,0.071
8334,0.8551038045090444
8335,0.09725
8336,0.059833333333333336
8337,0.12596666666666667
8338,0.016
8339,0.998
8340,0.257
8341,0.023
8342,0.027
8343,0.227
8344,0.299
8345,0.993
8346,0.4037988580766982
8347,0.035
8348,0.25
8349,0.998
8350,0.049
8351,0.299
8352,0.09
8353,0.025
8354,0.248
8355,0.969
8356,0.059
8357,0.136
8358,0.039
8359,0.1844771444031807
8360,0.065
8361,0.322
8362,0.026866666666666667
8363,0.649
8364,0.9288453838645016
8365,0.07278571428571427
8366,0.273
8367,1.0
8368,0.279
8369,0.008
8370,0.928308084970585
8371,0.045
8372,0.071
8373,0.263
8374,0.10733333333333332
8375,0.993
8376,0.998
8377,0.9895662055335968
8378,0.1645
8379,0.9750930232558139
8380,0.8575195707070707
8381,0.205
8382,0.491
8383,0.029
8384,0.046
8385,0.9753
8386,0.014
8387,0.796
8388,0.062
8389,1.0
8390,0.767
8391,0.195
8392,0.184
8393,0.891
8394,0.042
8395,0.04
8396,0.2
8397,0.303
8398,0.02
8399,0.75
8400,0.177
8401,0.294
8402,0.054
8403,0.1035
8404,0.999
8405,0.378
8406,0.321
8407,0.021383333333333338
8408,1.0
8409,0.025
8410,0.44666666666666666
8411,0.997
8412,0.203
8413,0.6533333333333333
8414,0.247
8415,1.0
8416,0.014542857142857142
8417,0.438
8418,0.276
8419,0.352
8420,0.073
8421,0.034
8422,0.007
8423,0.025
8424,0.07633333333333332
8425,0.3549546398046397
8426,0.49170724458016823
8427,0.041
8428,0.071
8429,0.153
8430,0.219475
8431,0.109
8432,0.353
8433,0.9948571428571429
8434,0.5938674603174608
8435,0.997
8436,0.187
8437,0.526
8438,0.158
8439,1.0
8440,0.999
8441,0.196
8442,0.019
8443,0.23025
8444,0.047
8445,0.017
8446,0.051
8447,0.3595
8448,0.08746969696969699
8449,0.05482456140350877
8450,0.5169095238095236
8451,0.016
8452,0.299
8453,0.7893333333333333
8454,0.103
8455,0.036
8456,0.9259878989474579
8457,0.999
8458,0.109
8459,0.346
8460,1.0
8461,0.04016666666666666
8462,0.24498800611153554
8463,0.252
8464,0.11666666666666667
8465,0.037
8466,0.049333333333333326
8467,0.109
8468,0.8111227346741666
8469,0.092
8470,0.036189922480620154
8471,0.2887911230876401
8472,0.093
8473,0.16150101010101012
8474,0.077
8475,1.0
8476,0.35
8477,0.24233333333333332
8478,0.121
8479,0.993
8480,0.118
8481,0.123
8482,0.3416666666666666
8483,0.2332
8484,0.109
8485,0.19
8486,0.21595863395863396
8487,0.033
8488,0.157
8489,0.128
8490,0.18433333333333335
8491,0.04958333333333333
8492,0.025625
8493,0.342
8494,0.993
8495,0.987
8496,0.09483333333333334
8497,0.714
8498,0.3205
8499,1.0
8500,0.043121212121212116
8501,0.9992727272727272
8502,0.036
8503,0.115
8504,0.9796666666666666
8505,0.867
8506,0.011
8507,0.059
8508,0.06
8509,0.016672661396574442
8510,0.979
8511,0.009
8512,0.146
8513,0.24475
8514,0.07640218115218116
8515,0.034888888888888886
8516,0.9570546558704454
8517,0.076
8518,0.7067678139298531
8519,0.026
8520,0.052
8521,0.468
8522,0.133
8523,0.7623333333333334
8524,0.993
8525,0.19864615384615386
8526,0.3446666666666666
8527,0.04241666666666667
8528,0.039
8529,0.106
8530,0.011
8531,0.12
8532,0.145
8533,0.1396170246494113
8534,0.141
8535,0.432
8536,0.08
8537,0.31030769230769234
8538,0.07963452380952381
8539,0.039
8540,0.059
8541,0.7502122153001798
8542,0.03313636363636364
8543,0.992
8544,0.417
8545,0.062
8546,0.033
8547,0.99
8548,0.248
8549,0.284
8550,0.0235
8551,0.16142183875635907
8552,0.8364594923678172
8553,0.229
8554,1.0
8555,0.277
8556,0.2575
8557,0.356
8558,0.08105294117647058
8559,0.03548695652173913
8560,0.31525
8561,0.994
8562,0.993
8563,0.21046941669441674
8564,0.168
8565,0.015
8566,0.165
8567,0.632
8568,0.995
8569,0.12049444444444445
8570,0.10345
8571,0.224
8572,0.347
8573,0.0875
8574,0.083
8575,0.4523999999999999
8576,0.5208562606093098
8577,0.9948571428571429
8578,0.09
8579,0.9260375721500723
8580,0.111
8581,0.024
8582,0.3775
8583,0.082
8584,0.319
8585,0.058377947736973246
8586,0.037
8587,0.1877666666666667
8588,0.046422222222222226
8589,1.0
8590,0.989
8591,0.996
8592,0.098
8593,0.406
8594,0.0088
8595,0.111
8596,0.2805
8597,0.077
8598,1.0
8599,0.397
8600,0.1845
8601,0.8834052003552002
8602,1.0
8603,0.976
8604,0.014
8605,0.9527749999999999
8606,0.025
8607,0.047
8608,0.019
8609,0.088
8610,0.44478366933497
8611,0.047
8612,0.098
8613,0.7258636363636364
8614,0.09209423076923076
8615,0.058
8616,0.9368
8617,0.213
8618,0.323
8619,0.7167560814595174
8620,0.015
8621,0.168
8622,0.3815
8623,0.294
8624,0.994
8625,0.041
8626,0.019214285714285715
8627,0.043
8628,0.003
8629,0.9345963216522041
8630,0.16186442507264429
8631,0.24815384615384617
8632,0.073
8633,0.9793
8634,0.568
8635,0.10866666666666668
8636,0.041
8637,0.993
8638,0.05430555555555556
8639,0.11372408963585434
8640,0.3611333333333333
8641,0.115
8642,0.0975
8643,0.021
8644,0.983
8645,0.186
8646,0.266
8647,0.14883333333333332
8648,0.985
8649,0.035
8650,0.1142857142857143
8651,0.065
8652,0.322
8653,0.569
8654,0.38
8655,0.213
8656,0.045
8657,0.183
8658,0.05708541973490427
8659,0.0
8660,0.949
8661,0.4706331501831501
8662,0.164625
8663,0.02830476190476191
8664,0.02733203463203463
8665,0.091
8666,0.018
8667,0.053
8668,0.2215
8669,0.03671756021756022
8670,0.1575
8671,0.995
8672,0.01838049645390071
8673,0.091
8674,0.003
8675,0.087
8676,0.33611023476523466
8677,0.092
8678,0.149
8679,0.014
8680,0.2215
8681,1.0
8682,0.321
8683,0.36369408646908624
8684,0.091
8685,0.999
8686,0.136
8687,0.459
8688,0.8040140692640693
8689,0.09368939393939392
8690,0.204
8691,0.057
8692,0.175
8693,0.0074
8694,0.033
8695,0.07483333333333334
8696,0.254
8697,0.04
8698,0.219
8699,0.10473571428571431
8700,0.0603
8701,1.0
8702,0.5330938834154352
8703,0.052
8704,0.298
8705,0.043
8706,0.34
8707,0.027
8708,0.012085714285714285
8709,0.9589871794871795
8710,0.008
8711,0.987
8712,0.2318822781277892
8713,0.11
8714,0.044
8715,0.208
8716,0.066
8717,0.8976875450400992
8718,0.731
8719,0.133
8720,0.124
8721,0.467
8722,0.997
8723,0.04012698412698413
8724,0.99
8725,0.384125
8726,0.2835
8727,0.04715384615384615
8728,0.009
8729,0.304
8730,0.9504743589743591
8731,0.1695
8732,0.777
8733,0.2025
8734,0.097
8735,0.994
8736,0.5428333333333333
8737,0.1375
8738,0.416
8739,0.050272727272727274
8740,0.039
8741,0.01
8742,0.0605
8743,0.22
8744,0.9712999999999999
8745,0.993
8746,0.06633333333333334
8747,1.0
8748,0.139
8749,0.2315
8750,0.15883333333333333
8751,1.0
8752,0.052
8753,0.049
8754,0.999
8755,0.17581666666666668
8756,0.589
8757,0.217
8758,0.071
8759,0.8153333333333332
8760,0.183
8761,0.1305
8762,0.181
8763,0.399
8764,0.014
8765,0.076
8766,0.03244413919413918
8767,0.32559829059829054
8768,0.374
8769,0.056
8770,0.038
8771,0.037192251461988304
8772,0.199
8773,0.214
8774,0.384
8775,0.018
8776,0.03193636363636364
8777,0.11149999999999997
8778,0.227
8779,1.0
8780,0.0115
8781,0.305
8782,0.202
8783,1.0
8784,0.995
8785,0.011947368421052632
8786,0.172
8787,0.663449286631212
8788,0.622
8789,0.576
8790,0.18533333333333335
8791,0.316
8792,0.027666666666666666
8793,0.008199999999999999
8794,0.005
8795,0.066
8796,0.996
8797,0.08
8798,0.103
8799,0.10415287114845939
8800,0.9529384615384616
8801,0.08961666666666668
8802,0.204
8803,0.2305
8804,0.25112121212121213
8805,0.392
8806,0.242
8807,0.05931666666666667
8808,0.3475
8809,0.14679347826086955
8810,0.8242456310433638
8811,0.477
8812,0.12469756778309408
8813,0.263
8814,0.112
8815,0.082
8816,0.9194408293460925
8817,0.073
8818,0.01725
8819,0.264
8820,0.03
8821,0.12575
8822,0.012076923076923077
8823,0.344
8824,0.199
8825,0.08160606060606061
8826,0.979
8827,0.9920384615384615
8828,0.04066666666666667
8829,0.186
8830,0.049416666666666664
8831,0.03657692307692308
8832,0.1771666666666667
8833,0.157
8834,0.996
8835,0.123
8836,0.0235
8837,0.029083333333333336
8838,0.219
8839,0.040128787878787875
8840,1.0
8841,0.262
8842,0.9408466686091687
8843,0.138
8844,0.0445
8845,0.997
8846,0.6389808090460265
8847,0.016595022624434387
8848,0.254
8849,0.219
8850,0.08333333333333333
8851,0.21639700756244104
8852,0.1743098938138608
8853,0.046
8854,0.383
8855,0.052583333333333336
8856,0.0268
8857,0.068
8858,0.7620333333333335
8859,0.028
8860,0.441
8861,0.112
8862,0.901
8863,0.191
8864,0.020487179487179485
8865,0.13710467541144783
8866,1.0
8867,0.037
8868,0.1285
8869,0.228
8870,0.34
8871,0.19010000000000002
8872,0.992
8873,0.3315166666666666
8874,0.24178571428571427
8875,0.8795
8876,0.187
8877,0.8271936868686869
8878,0.056
8879,0.981
8880,0.285
8881,0.292
8882,0.192
8883,0.048
8884,0.8987717997001278
8885,0.465
8886,0.8416476325285273
8887,0.8283333333333334
8888,0.009
8889,0.06742857142857143
8890,0.2735
8891,0.425
8892,0.1492233877233877
8893,0.994
8894,0.146
8895,0.01685714285714286
8896,1.0
8897,0.118
8898,0.06701666666666667
8899,1.0
8900,0.053
8901,0.048
8902,0.9865
8903,0.18275
8904,0.25939999999999996
8905,0.129
8906,0.1726666666666667
8907,0.08
8908,0.432
8909,0.0616547619047619
8910,0.016
8911,0.11
8912,0.99095
8913,0.10527186554849066
8914,0.992
8915,0.018333333333333337
8916,0.7293166666666667
8917,0.033
8918,0.856
8919,0.35
8920,0.584
8921,0.10833333333333332
8922,0.102
8923,0.0085
8924,0.26465476190476195
8925,0.6191000000000001
8926,0.028
8927,0.16225
8928,0.9678333333333334
8929,0.125
8930,0.014
8931,0.292
8932,0.9803
8933,0.1613333333333333
8934,0.025
8935,0.042
8936,0.21
8937,0.02
8938,0.243
8939,0.9589871794871795
8940,0.9318417582417582
8941,0.03
8942,0.095
8943,0.2529
8944,0.251
8945,0.921500274579222
8946,0.046
8947,0.011
8948,0.774
8949,0.09
8950,0.085
8951,0.669
8952,0.9948571428571429
8953,0.8919878539932719
8954,1.0
8955,0.223
8956,1.0
8957,0.487
8958,0.997
8959,0.092
8960,0.35975
8961,0.115
8962,0.014
8963,0.012
8964,0.101
8965,0.149
8966,0.13828333333333334
8967,0.988
8968,0.568
8969,0.036
8970,0.9591666666666666
8971,1.0
8972,0.998
8973,0.028
8974,0.228
8975,0.11
8976,0.152
8977,0.055
8978,0.32666666666666666
8979,0.739
8980,0.0076
8981,0.203
8982,0.8504829004329003
8983,0.49170724458016823
8984,0.5146666666666666
8985,0.15266666666666664
8986,0.8416104797979798
8987,0.08283333333333333
8988,0.34
8989,0.078
8990,0.9667060890067787
8991,0.7492742257742258
8992,0.022
8993,0.251
8994,0.997
8995,0.9742999999999999
8996,0.9150713323999703
8997,0.314
8998,0.06
8999,0.5009166666666667
9000,0.671
9001,0.2
9002,0.046
9003,0.020425252525252523
9004,0.099
9005,0.155
9006,0.112
9007,0.36
9008,0.9638076923076924
9009,0.4480034847763177
9010,0.024
9011,0.495
9012,0.05975
9013,0.296
9014,0.9521960784313724
9015,1.0
9016,0.9299566149536737
9017,0.20638214285714288
9018,0.092
9019,0.234
9020,0.0915
9021,0.05358333333333334
9022,0.545
9023,0.222
9024,0.45020952380952384
9025,0.036783333333333335
9026,0.693
9027,0.9345963216522041
9028,0.06280452488687784
9029,0.451
9030,0.963474358974359
9031,0.631
9032,0.023
9033,0.04
9034,0.2289449494949495
9035,0.267
9036,0.068
9037,0.099
9038,0.137
9039,0.08325
9040,0.314
9041,0.143
9042,1.0
9043,0.108
9044,0.075
9045,0.1135
9046,0.103
9047,0.23443333333333333
9048,0.1
9049,0.097
9050,1.0
9051,1.0
9052,0.039
9053,0.7794404761904762
9054,1.0
9055,0.3863333333333333
9056,0.054
9057,0.316
9058,0.057
9059,0.009272727272727273
9060,0.048
9061,0.016
9062,0.598
9063,0.010266666666666665
9064,0.176
9065,0.289
9066,0.04175
9067,0.174
9068,0.15925
9069,0.039983333333333336
9070,0.21
9071,0.115
9072,0.027
9073,0.045
9074,0.43018333333333336
9075,0.159
9076,0.073
9077,0.32830000000000004
9078,0.04025
9079,1.0
9080,0.145
9081,0.07554166666666667
9082,0.357075
9083,0.023
9084,0.016
9085,0.08059756097560976
9086,0.9472461538461538
9087,0.986
9088,0.1365
9089,0.042
9090,0.532
9091,0.148
9092,0.3385
9093,0.07066666666666666
9094,1.0
9095,0.186
9096,0.6884
9097,0.14466666666666667
9098,0.996
9099,0.302
9100,0.172
9101,0.9466888888888889
9102,0.04483333333333333
9103,0.06667352642276424
9104,0.249
9105,0.0375
9106,0.995
9107,0.0342
9108,0.008933333333333333
9109,0.011
9110,1.0
9111,0.6936686104744929
9112,0.271
9113,0.008
9114,0.953
9115,0.999
9116,0.083
9117,0.998
9118,0.16142183875635907
9119,0.029
9120,1.0
9121,0.092
9122,0.191
9123,0.1669404761904762
9124,0.07896944444444445
9125,0.301
9126,0.106
9127,0.9466888888888889
9128,0.041
9129,0.336
9130,0.029
9131,0.303
9132,1.0
9133,0.014199999999999999
9134,0.368
9135,0.986
9136,0.2400961130154376
9137,0.06726190476190476
9138,0.3985
9139,0.004
9140,0.9252435897435898
9141,0.4625
9142,0.997
9143,0.12801775749709055
9144,0.098
9145,0.763
9146,0.088
9147,0.418
9148,0.031
9149,0.027
9150,0.17833333333333332
9151,0.23518511967280192
9152,0.009
9153,0.127
9154,0.0386
9155,0.993375
9156,0.06770471089678182
9157,0.8728670269817327
9158,0.24533333333333332
9159,0.3328833333333333
9160,0.07308333333333335
9161,0.025332167832167834
9162,0.37
9163,0.30224254746211004
9164,0.04503853754940711
9165,0.115
9166,0.5685
9167,0.999
9168,0.253
9169,0.36985602205939344
9170,0.2255
9171,0.032
9172,0.011
9173,0.08418002340086739
9174,0.284
9175,0.078
9176,0.107
9177,0.16287397504456327
9178,0.026
9179,0.569
9180,0.021333333333333333
9181,0.9825
9182,0.243
9183,0.13450198412698416
9184,0.006
9185,0.9150713323999703
9186,0.09
9187,0.0465
9188,0.291
9189,0.02086111111111111
9190,0.11
9191,0.172
9192,0.138
9193,0.167
9194,0.653488933342896
9195,0.03
9196,0.7362857142857142
9197,0.273
9198,0.005
9199,0.0351
9200,0.008
9201,0.1845
9202,0.026616666666666667
9203,0.366
9204,0.214
9205,0.998
9206,0.06675
9207,0.0526
9208,0.112
9209,0.556613376889716
9210,0.16616666666666668
9211,0.04483333333333333
9212,0.283
9213,0.00675
9214,0.461
9215,0.7672056561472583
9216,0.10737380952380952
9217,0.236
9218,0.39
9219,0.04525
9220,0.133
9221,0.042023809523809526
9222,0.255
9223,0.997
9224,0.5286666666666667
9225,0.04683333333333334
9226,0.053
9227,0.156
9228,0.055
9229,0.106
9230,0.165
9231,0.101
9232,0.153
9233,0.006
9234,0.43533628612622566
9235,0.382
9236,0.043894230769230776
9237,0.065
9238,0.993964705882353
9239,1.0
9240,0.335
9241,0.449
9242,0.996
9243,0.009
9244,0.13265000000000002
9245,0.667
9246,0.08135299499094256
9247,0.032
9248,0.675
9249,0.1
9250,0.326
9251,0.169
9252,0.999
9253,0.99
9254,0.10122914422533988
9255,0.109
9256,0.097
9257,0.348
9258,0.136
9259,0.2965
9260,0.4295562987822033
9261,1.0
9262,0.201
9263,0.148
9264,0.397
9265,0.083
9266,0.022
9267,0.112
9268,0.012
9269,0.44781556807485595
9270,0.01825
9271,0.998
9272,0.9895454545454545
9273,0.128
9274,0.01008611111111111
9275,0.9892105263157894
9276,0.0
9277,0.010666666666666666
9278,0.155
9279,0.987
9280,0.234
9281,0.288
9282,1.0
9283,0.99
9284,0.089
9285,0.006
9286,0.047
9287,0.389
9288,0.435
9289,0.026333333333333337
9290,0.37675
9291,0.259
9292,0.007
9293,0.21275
9294,0.195
9295,0.022
9296,0.217
9297,0.9308000000000001
9298,0.049
9299,0.049296761133603234
9300,0.063
9301,0.09659999999999999
9302,0.03125
9303,0.699
9304,0.375
9305,0.044
9306,0.12049999999999998
9307,0.165
9308,0.27315692307692313
9309,0.205
9310,0.507004761904762
9311,0.06975
9312,0.0465
9313,0.23886428571428572
9314,0.043
9315,0.107
9316,0.993375
9317,0.177
9318,0.041083333333333326
9319,0.045
9320,0.12137062937062937
9321,0.015
9322,0.052
9323,0.06
9324,0.346
9325,0.26211904761904764
9326,0.181
9327,0.05625
9328,0.067
9329,0.232
9330,0.428
9331,0.030333333333333334
9332,0.052
9333,1.0
9334,0.634
9335,0.134
9336,0.067
9337,0.071
9338,0.15
9339,0.03361111111111111
9340,0.051
9341,0.041
9342,0.994
9343,0.032
9344,1.0
9345,0.07975
9346,0.018
9347,0.016
9348,0.30223131868131875
9349,0.06966666666666665
9350,0.077
9351,0.013
9352,0.103
9353,0.8420666666666667
9354,0.022
9355,0.395
9356,0.598
9357,0.9645899433899433
9358,0.25854285714285713
9359,0.053
9360,0.073
9361,0.999
9362,0.007
9363,0.415
9364,0.036
9365,0.018
9366,0.015
9367,0.389
9368,0.9448461538461538
9369,0.023
9370,0.109
9371,0.8837065559888141
9372,0.296
9373,0.2
9374,0.226
9375,0.4225
9376,0.204
9377,0.326
9378,0.024
9379,0.071
9380,0.06980182954300602
9381,0.038252380952380954
9382,0.2535
9383,0.209
9384,0.025
9385,0.148
9386,0.167
9387,0.8323623162265712
9388,0.027
9389,0.185
9390,0.03666666666666667
9391,0.277
9392,0.13505454545454545
9393,0.5711
9394,0.014
9395,0.214
9396,0.1925833333333333
9397,0.003333333333333333
9398,0.012666666666666666
9399,0.041
9400,0.09
9401,0.243
9402,0.132
9403,0.968
9404,0.19866666666666669
9405,0.106
9406,0.103
9407,0.730362311472852
9408,0.367
9409,0.139
9410,0.219
9411,0.076
9412,0.06
9413,0.069
9414,0.141
9415,0.233
9416,0.135
9417,0.284
9418,0.01838049645390071
9419,0.30839999999999995
9420,0.014
9421,0.193
9422,0.02621666666666667
9423,0.133
9424,0.8401666666666666
9425,0.743
9426,0.0
9427,0.227
9428,0.989
9429,0.029
9430,0.142
9431,0.2318822781277892
9432,0.05847619047619048
9433,0.9773
9434,0.1065
9435,0.023
9436,0.08578636363636363
9437,0.019821428571428573
9438,0.1802
9439,0.3613333333333334
9440,0.054
9441,0.04
9442,0.0755
9443,0.14
9444,0.97
9445,0.062
9446,0.07346915584415584
9447,0.068
9448,0.996
9449,0.415
9450,0.446452380952381
9451,0.203
9452,0.99
9453,0.488
9454,0.022
9455,0.024680490956072353
9456,0.065
9457,0.02894318181818182
9458,0.8280298156908442
9459,0.7792646865300491
9460,0.07125
9461,0.103
9462,0.163
9463,0.211
9464,0.7861304347826088
9465,0.992
9466,0.44
9467,0.865
9468,0.12114285714285714
9469,0.264
9470,0.025
9471,0.029830065359477125
9472,0.4609375
9473,0.9964
9474,0.08844455691367455
9475,0.092
9476,0.27057391783843393
9477,0.021
9478,0.585
9479,1.0
9480,0.323
9481,0.01838049645390071
9482,0.066
9483,0.211
9484,0.09
9485,0.098
9486,0.094
9487,0.086
9488,0.0765
9489,0.01838049645390071
9490,0.2492318244391774
9491,0.038
9492,0.16142183875635907
9493,0.27
9494,0.08600000000000002
9495,0.10666666666666667
9496,0.16426666666666664
9497,0.464
9498,0.186
9499,0.522
9500,0.11645000000000001
9501,0.15456666666666666
9502,0.017
9503,0.25
9504,0.192
9505,0.051
9506,0.3930913030838156
9507,0.035
9508,0.3675
9509,0.2596666666666667
9510,0.11516666666666667
9511,0.071
9512,1.0
9513,1.0
9514,0.442
9515,0.799
9516,0.073
9517,0.055
9518,0.007333333333333333
9519,0.546
9520,0.014
9521,0.138
9522,0.7067678139298531
9523,0.069
9524,1.0
9525,0.049
9526,0.538
9527,0.24966666666666665
9528,0.9241630950920425
9529,0.611
9530,0.439
9531,0.999
9532,0.926
9533,0.994
9534,0.5071538461538462
9535,0.013
9536,0.023210135135135136
9537,0.9793
9538,0.407
9539,0.09149285714285715
9540,0.373
9541,0.026
9542,0.099
9543,0.881
9544,1.0
9545,0.248
9546,0.10133333333333333
9547,0.252
9548,0.196
9549,0.8308
9550,0.11967757452699712
9551,0.09
9552,0.057
9553,0.12685396825396827
9554,0.297
9555,0.994
9556,0.25598333333333334
9557,0.296
9558,0.939
9559,0.166
9560,0.09775
9561,0.0914857142857143
9562,0.22733333333333333
9563,0.231
9564,0.20625
9565,0.035
9566,0.024
9567,0.478
9568,0.282
9569,0.243
9570,0.359
9571,0.366
9572,0.87371361580392
9573,0.163
9574,0.0485
9575,0.47213888888888894
9576,0.66725
9577,0.383
9578,0.07857777777777779
9579,0.3316047619047618
9580,0.9993636363636363
9581,0.5334222222222222
9582,0.994
9583,0.006
9584,0.027
9585,0.183
9586,0.281
9587,0.6878333333333333
9588,0.1675
9589,0.998
9590,0.1685
9591,0.998
9592,0.437
9593,1.0
9594,0.0036666666666666666
9595,0.7639733023512435
9596,0.16383333333333333
9597,0.16
9598,0.024062770562770563
9599,0.0785
9600,0.094
9601,0.07841666666666668
9602,0.8885833333333334
9603,0.08133333333333334
9604,0.03685714285714286
9605,0.032
9606,0.199
9607,0.08418002340086739
9608,0.06305555555555556
9609,0.20425
9610,0.039
9611,0.078
9612,0.9027113591444753
9613,0.089
9614,0.18
9615,0.068
9616,0.365
9617,0.321
9618,0.014217948717948719
9619,0.017333333333333336
9620,0.024629067599067595
9621,0.005
9622,0.13266666666666668
9623,0.027
9624,0.437
9625,0.328
9626,1.0
9627,0.412
9628,0.296
9629,0.993
9630,0.021
9631,0.0735
9632,0.02146666666666667
9633,0.006
9634,0.204
9635,0.025
9636,0.08429285714285714
9637,0.2175
9638,0.46304285714285714
9639,0.1005
9640,0.268
9641,0.137
9642,0.17
9643,0.379
9644,0.033
9645,0.012
9646,0.16
9647,0.99
9648,0.32
9649,0.991
9650,0.285
9651,0.16083333333333333
9652,0.693
9653,0.174
9654,0.999
9655,0.268
9656,0.0442
9657,0.123
9658,0.017
9659,0.215
9660,1.0
9661,0.245
9662,0.5483333333333333
9663,0.542
9664,0.6900952380952381
9665,1.0
9666,0.215
9667,0.996
9668,0.192
9669,0.3053333333333333
9670,0.141
9671,0.16142183875635907
9672,0.681476811594203
9673,0.748
9674,0.999
9675,0.063
9676,0.024333333333333335
9677,1.0
9678,0.128
9679,0.328
9680,0.8416476325285273
9681,0.065
9682,0.999
9683,0.039
9684,0.642
9685,0.314
9686,0.3842
9687,0.015
9688,0.268
9689,0.6535668055329789
9690,0.3163333333333333
9691,0.083
9692,0.193
9693,0.17503571428571427
9694,0.174
9695,0.064
9696,0.039
9697,0.997
9698,0.024133333333333333
9699,0.6755564194577357
9700,0.9263333333333333
9701,0.094
9702,0.026
9703,0.277
9704,0.039
9705,0.3845833333333334
9706,0.142
9707,0.030699999999999998
9708,0.674
9709,0.8255
9710,0.1493095238095238
9711,0.012
9712,0.9948571428571429
9713,0.8834052003552002
9714,0.127
9715,0.168
9716,0.8915846744758509
9717,0.13119805194805195
9718,0.011
9719,0.015
9720,0.024
9721,0.635
9722,1.0
9723,0.324
9724,0.187
9725,0.09925484801936414
9726,0.125
9727,0.892
9728,0.012
9729,0.0567598400403048
9730,0.317
9731,0.010266666666666665
9732,0.147
9733,0.49170724458016823
9734,0.012
9735,0.099
9736,0.021011052009456264
9737,0.249
9738,0.025
9739,0.13444444444444445
9740,0.075
9741,0.9294198510639688
9742,0.996
9743,0.14966666666666667
9744,0.21633333333333335
9745,0.948474358974359
9746,0.404
9747,0.38
9748,0.09532376438115873
9749,0.054
9750,0.319
9751,0.999
9752,0.15
9753,0.19787171717171714
9754,0.212
9755,0.46755580808080804
9756,0.286
9757,0.086
9758,0.285
9759,0.18
9760,0.027
9761,0.041
9762,0.31521149283344296
9763,0.312
9764,0.105
9765,0.13866666666666666
9766,0.553
9767,0.02
9768,0.385
9769,0.12533333333333332
9770,0.216
9771,0.987
9772,0.10566666666666667
9773,0.998
9774,0.045
9775,0.389
9776,0.045
9777,0.056
9778,0.9951111111111111
9779,0.084
9780,0.106
9781,0.017583333333333336
9782,0.07333333333333335
9783,0.0984393779342723
9784,0.18718494917092424
9785,0.124
9786,0.152
9787,0.231
9788,0.152
9789,0.333
9790,0.3045
9791,0.411
9792,0.97
9793,0.106
9794,0.344
9795,0.259
9796,0.114
9797,0.09
9798,0.21
9799,0.09545000000000001
9800,0.999
9801,0.505
9802,0.051
9803,0.197
9804,0.372
9805,0.24948809523809523
9806,0.071
9807,0.186
9808,0.14155924963924965
9809,0.13319999999999999
9810,0.064
9811,0.202
9812,0.311
9813,0.03
9814,0.6981315789473684
9815,0.01008611111111111
9816,0.1616423342985843
9817,0.056
9818,0.0344
9819,0.22
9820,0.195
9821,0.26533333333333337
9822,0.03346076423576423
9823,0.304
9824,0.144
9825,0.0264
9826,0.291
9827,0.172
9828,0.212
9829,0.019
9830,0.007
9831,0.325
9832,0.996
9833,0.036
9834,0.029666666666666668
9835,0.157
9836,0.7520192640692642
9837,0.01
9838,0.994
9839,0.021166666666666663
9840,0.042
9841,0.022214285714285714
9842,0.19
9843,0.052
9844,0.999
9845,0.996
9846,0.021
9847,0.017
9848,0.042
9849,0.240125
9850,0.23518511967280192
9851,0.5714803848697855
9852,0.149
9853,0.0495
9854,0.491
9855,0.075
9856,0.08059756097560976
9857,0.168
9858,0.4361470588235294
9859,0.4911295871486486
9860,0.048
9861,0.45376608420990766
9862,0.019
9863,0.397
9864,0.16391666666666665
9865,0.1896
9866,0.9913333333333334
9867,0.219
9868,0.07674812030075188
9869,0.0225
9870,0.017
9871,0.11
9872,0.407
9873,0.29
9874,0.14
9875,0.3095
9876,0.36108783917287995
9877,0.03933333333333334
9878,0.034
9879,0.019
9880,0.331
9881,0.181
9882,0.65
9883,0.986
9884,0.617111111111111
9885,0.059
9886,0.067
9887,0.195
9888,0.996
9889,0.034
9890,0.104
9891,0.24686666666666668
9892,0.791
9893,0.0105
9894,0.176
9895,1.0
9896,0.8803439171122994
9897,0.479
9898,0.989
9899,0.733
9900,0.207
9901,0.1517525344277852
9902,0.061
9903,0.549
9904,0.384
9905,0.948
9906,0.02643651778329198
9907,0.196
9908,0.07018333333333333
9909,0.109
9910,0.006
9911,0.2926923076923077
9912,0.04875
9913,0.075
9914,0.097
9915,0.016
9916,0.06891666666666667
9917,0.025
9918,0.568
9919,0.060700000000000004
9920,0.535
9921,0.3355
9922,0.2985
9923,0.39
9924,0.368
9925,0.03468333333333333
9926,0.289
9927,0.11243333333333334
9928,0.375
9929,0.016
9930,0.135
9931,0.035
9932,0.254
9933,0.10366666666666667
9934,0.976
9935,0.9945384615384616
9936,0.292
9937,0.067
9938,1.0
9939,0.062
9940,1.0
9941,0.012056128658359895
9942,0.595625
9943,0.395
9944,0.414
9945,0.1315
9946,0.362
9947,0.448
9948,0.056
9949,0.259
9950,0.166
9951,0.051
9952,0.054
9953,0.055
9954,1.0
9955,0.04012698412698413
9956,0.47733333333333333
9957,0.048
9958,0.028
9959,0.352
9960,0.366
9961,0.6346414141414141
9962,0.27225
9963,0.159
9964,0.997
9965,0.029
9966,0.353
9967,0.452
9968,0.12066666666666667
9969,0.366
9970,0.093
9971,0.021555555555555557
9972,0.4042805095016778
9973,0.14929713804713804
9974,0.107
9975,0.002
9976,0.7067678139298531
9977,0.73
9978,0.3
9979,0.09
9980,0.099
9981,0.917
9982,0.992
9983,0.928308084970585
9984,0.1549
9985,0.175
9986,0.644
9987,0.427
9988,0.018
9989,0.0214
9990,0.569
9991,0.196
9992,0.378
9993,0.031
9994,0.136
9995,0.566
9996,0.071
9997,0.5996666666666667
9998,0.997
9999,0.604
10000,0.07675
10001,1.0
10002,0.9466888888888889
10003,0.06
10004,0.349
10005,0.998
10006,0.05
10007,0.25266666666666665
10008,0.194
10009,0.146
10010,0.045
10011,0.013
10012,0.996
10013,0.11925
10014,0.7422222222222221
10015,0.993
10016,0.064
10017,0.2819166666666667
10018,0.4205
10019,0.001375
10020,0.055785714285714286
10021,0.19966666666666666
10022,0.087
10023,0.1995
10024,0.456
10025,0.1
10026,0.09726805555555555
10027,0.07
10028,0.037
10029,0.234
10030,0.013
10031,0.01008611111111111
10032,0.021
10033,0.021
10034,0.015
10035,0.342
10036,0.079
10037,0.071
10038,0.04075
10039,0.037904761904761906
10040,0.244
10041,0.018
10042,0.248
10043,0.057
10044,0.062
10045,0.013
10046,0.5190526315789474
10047,0.0745
10048,0.06725
10049,0.3545
10050,0.043
10051,0.091
10052,0.026
10053,0.73
10054,0.201
10055,0.406
10056,0.03376470588235294
10057,0.9835722222222223
10058,0.9955194805194806
10059,0.698
10060,0.005
10061,0.005666666666666666
10062,0.127
10063,0.324
10064,0.021
10065,0.18
10066,0.050666666666666665
10067,0.168
10068,0.519
10069,0.48136629370629375
10070,0.16225
10071,0.08
10072,0.49170724458016823
10073,0.05616666666666666
10074,0.4
10075,0.082
10076,0.25
10077,0.067
10078,0.030404970760233914
10079,0.111
10080,0.08630769230769231
10081,1.0
10082,0.3518
10083,0.026
10084,0.040333333333333325
10085,0.991
10086,0.997
10087,0.115
10088,0.027727272727272725
10089,0.016
10090,0.013633333333333332
10091,0.408
10092,0.503
10093,0.07
10094,0.01
10095,0.341
10096,0.730362311472852
10097,0.168
10098,0.996
10099,0.188
10100,0.0
10101,0.053
10102,0.152
10103,0.239
10104,0.012007817385866166
10105,0.196
10106,0.101
10107,0.366
10108,0.457
10109,0.064
10110,0.4905
10111,0.0219
10112,0.9945384615384616
10113,0.767
10114,0.15116666666666664
10115,0.034
10116,0.044
10117,0.0235
10118,0.081
10119,0.45
10120,0.9527749999999999
10121,0.07086796709912033
10122,0.112
10123,0.047799999999999995
10124,0.7333055534878878
10125,0.6303333333333334
10126,0.04524666666666667
10127,0.108
10128,0.162
10129,0.071
10130,0.191
10131,0.062233333333333335
10132,1.0
10133,0.04753333333333333
10134,0.148
10135,0.5816923076923076
10136,0.063
10137,0.99
10138,0.0241
10139,0.207
10140,0.349
10141,0.148
10142,0.997
10143,0.273
10144,0.49
10145,0.201
10146,0.083
10147,0.999
10148,0.038
10149,0.113
10150,0.044
10151,0.078
10152,0.029
10153,0.206
10154,0.364
10155,0.952
10156,0.06
10157,0.021
10158,0.8919878539932719
10159,0.433
10160,0.2214
10161,0.35525
10162,0.999
10163,0.023
10164,0.039
10165,0.0155
10166,0.048
10167,0.009
10168,0.265
10169,0.464
10170,0.78
10171,0.995
10172,0.026
10173,0.425
10174,0.4245
10175,0.1135
10176,0.999
10177,0.262
10178,1.0
10179,0.047
10180,1.0
10181,0.21
10182,0.992
10183,0.242
10184,0.05283333333333333
10185,0.02
10186,0.033
10187,0.980974358974359
10188,0.999
10189,0.15825
10190,0.025666666666666667
10191,0.13223333333333334
10192,0.405
10193,0.16044444444444447
10194,0.213
10195,0.998
10196,0.101
10197,0.0983517955044317
10198,0.12316666666666666
10199,0.3911666666666666
10200,0.0425
10201,0.3795
10202,0.04
10203,0.4325315997141495
10204,1.0
10205,0.002
10206,0.27
10207,0.032
10208,0.03966666666666667
10209,0.007071428571428571
10210,0.21658333333333335
10211,0.041
10212,0.121
10213,0.997
10214,0.4514166666666667
10215,0.09
10216,0.16877777777777778
10217,0.20625
10218,0.073
10219,0.07
10220,0.227
10221,0.31
10222,0.019
10223,0.2685
10224,0.9399372740821271
10225,0.164
10226,0.27
10227,0.2263333333333333
10228,0.216
10229,0.264
10230,0.2621069269678312
10231,0.053142857142857144
10232,0.04793181818181819
10233,0.040923630209659626
10234,0.316
10235,0.2046666666666667
10236,0.9389317176287766
10237,0.198
10238,0.964
10239,0.23156762593204558
10240,0.243
10241,0.036666666666666674
10242,0.131
10243,0.04704347826086956
10244,0.003
10245,0.007
10246,0.174
10247,0.284
10248,0.616
10249,0.6478747474747475
10250,0.007
10251,0.427
10252,0.033333333333333326
10253,0.191
10254,0.18225278666481196
10255,0.018
10256,0.009340740740740741
10257,0.206
10258,0.206
10259,0.133
10260,0.042
10261,0.13883333333333334
10262,0.9886666666666666
10263,0.17439999999999997
10264,0.343
10265,0.03
10266,0.061
10267,0.3766875
10268,0.098
10269,0.014
10270,0.011947368421052632
10271,0.027666666666666666
10272,0.236
10273,0.33383333333333337
10274,0.3515
10275,0.04929274322169059
10276,0.15866666666666668
10277,0.011
10278,0.051
10279,0.015
10280,0.48846263736263734
10281,0.168
10282,0.124
10283,0.999
10284,0.163
10285,0.56875
10286,0.8354
10287,0.549
10288,0.016
10289,0.3945
10290,0.535
10291,0.13
10292,0.033
10293,0.003
10294,0.028
10295,0.157
10296,0.022
10297,0.597
10298,0.181
10299,0.155
10300,0.281
10301,0.1315
10302,0.38783333333333336
10303,0.162
10304,0.035588888888888885
10305,0.993
10306,0.05925
10307,0.019
10308,0.9201578643578642
10309,0.0013333333333333333
10310,0.082
10311,0.002
10312,0.08533333333333333
10313,0.07993106060606062
10314,0.103
10315,0.12966666666666668
10316,0.07140652173913044
10317,0.028
10318,0.689
10319,0.025
10320,0.04632301587301587
10321,0.653488933342896
10322,0.9945384615384616
10323,0.091
10324,0.208
10325,0.11176666666666667
10326,0.9712999999999999
10327,0.092
10328,0.31566666666666665
10329,0.109
10330,0.113
10331,0.842
10332,0.03336363636363636
10333,0.0545452380952381
10334,0.073
10335,0.9331288651776039
10336,0.0485
10337,0.09026989279332938
10338,0.061
10339,0.051
10340,0.126
10341,0.15
10342,0.257
10343,0.8566291594516596
10344,0.992
10345,0.005
10346,0.7116666666666667
10347,0.0975
10348,0.19516666666666665
10349,0.9288453838645016
10350,0.992
10351,0.9905788317962231
10352,0.008
10353,0.661
10354,0.094
10355,0.08542857142857144
10356,0.9390701525054467
10357,0.8416476325285273
10358,0.06
10359,0.063
10360,0.36108783917287995
10361,0.226
10362,0.992
10363,0.879
10364,0.009
10365,0.928308084970585
10366,0.10914166666666665
10367,0.18421697332762868
10368,0.22223333333333334
10369,0.0735
10370,0.082
10371,0.092
10372,0.261
10373,0.996
10374,0.99
10375,0.427
10376,0.2514
10377,0.298
10378,0.057
10379,0.098
10380,0.06398333333333332
10381,0.7204443223443225
10382,0.324
10383,0.009666666666666665
10384,0.362
10385,0.146
10386,0.416
10387,0.066
10388,0.28
10389,0.061
10390,0.04
10391,0.35425
10392,0.992
10393,0.02
10394,0.017
10395,0.103
10396,0.6655555555555557
10397,0.024627777777777776
10398,0.963474358974359
10399,0.076
10400,0.168
10401,0.887
10402,0.2298
10403,0.7672056561472583
10404,0.05738461538461539
10405,0.023
10406,0.16433333333333333
10407,0.6231666666666668
10408,0.038
10409,0.1844771444031807
10410,0.05145
10411,0.993
10412,0.045
10413,0.19258785652771776
10414,0.114
10415,0.0135
10416,0.9964
10417,0.21666666666666665
10418,0.986
10419,0.9466666666666668
10420,0.031
10421,0.465
10422,0.009
10423,0.1376767094017094
10424,0.028
10425,0.078
10426,0.029866666666666666
10427,0.055
10428,0.159
10429,0.481
10430,0.999
10431,0.41383333333333333
10432,0.344
10433,0.12586666666666668
10434,0.132
10435,1.0
10436,0.986
10437,0.7954333333333333
10438,0.4333260548559965
10439,0.984
10440,0.058
10441,0.458
10442,0.02
10443,0.085
10444,0.252
10445,0.1355
10446,0.185
10447,0.028
10448,0.049
10449,0.028
10450,0.083
10451,0.05978571428571428
10452,0.06203333333333333
10453,0.098
10454,0.017
10455,0.151
10456,0.013
10457,0.0496
10458,0.99
10459,0.9835722222222223
10460,0.1
10461,0.992
10462,0.128
10463,0.996
10464,0.9696076923076923
10465,0.010199999999999999
10466,0.236
10467,0.032
10468,0.9525
10469,0.03156740319282989
10470,0.192
10471,0.13966666666666666
10472,0.1505
10473,0.993
10474,0.242
10475,0.036
10476,0.019
10477,0.039
10478,0.069
10479,0.152
10480,0.04408333333333333
10481,0.073
10482,1.0
10483,0.999
10484,0.248
10485,0.04985
10486,0.15
10487,0.221
10488,0.172
10489,0.9982000000000001
10490,0.551
10491,0.082
10492,0.431
10493,0.11758276493948548
10494,0.592
10495,0.969
10496,0.1497
10497,0.048975000000000005
10498,0.387
10499,0.948474358974359
10500,0.09818181818181819
10501,0.017
10502,0.046200000000000005
10503,1.0
10504,0.435
10505,0.021833333333333337
10506,0.0083
10507,0.158
10508,0.167
10509,0.302
10510,0.987
10511,0.8624371268437444
10512,0.063
10513,0.211
10514,0.156
10515,0.118
10516,0.016
10517,0.08
10518,0.113
10519,0.03186527777777778
10520,0.266
10521,0.094
10522,0.319
10523,0.045
10524,0.139
10525,1.0
10526,0.5221512876012879
10527,0.0
10528,0.997
10529,0.039
10530,0.997
10531,0.2518
10532,0.49170724458016823
10533,0.174
10534,0.296
10535,0.19
10536,0.5282051282051282
10537,0.058
10538,0.112
10539,0.992
10540,0.3725
10541,0.272
10542,0.0245
10543,0.99
10544,0.325
10545,0.419
10546,0.35
10547,0.058
10548,0.375
10549,0.262
10550,0.3102
10551,0.446
10552,0.998
10553,0.198
10554,0.832
10555,0.21208333333333335
10556,0.0495
10557,0.014
10558,0.2136848739495798
10559,0.580905768756275
10560,1.0
10561,0.118
10562,0.135
10563,0.425
10564,0.1239423076923077
10565,0.11
10566,0.631625
10567,0.02
10568,0.842
10569,0.065
10570,0.10373333333333334
10571,0.0805
10572,0.40065000000000006
10573,0.996
10574,0.994
10575,0.085
10576,1.0
10577,0.6605942982456139
10578,0.39
10579,1.0
10580,0.02175
10581,0.13
10582,0.04966666666666667
10583,0.998
10584,0.991
10585,0.404
10586,0.145
10587,0.9972000000000001
10588,0.2765
10589,0.0565
10590,0.113
10591,0.226
10592,0.9916520202020201
10593,0.073
10594,0.369
10595,1.0
10596,0.6195625
10597,0.075
10598,0.253
10599,0.211
10600,0.010266666666666665
10601,0.121
10602,0.392
10603,0.997
10604,0.048
10605,0.119
10606,0.09925484801936414
10607,0.04704347826086956
10608,0.15833333333333333
10609,0.048
10610,0.968
10611,0.9873333333333333
10612,0.327
10613,0.009
10614,0.4235
10615,0.269
10616,0.99
10617,0.991
10618,0.031
10619,0.044
10620,0.075
10621,0.09766666666666665
10622,0.20078571428571432
10623,0.029
10624,0.197
10625,0.102
10626,0.018
10627,0.302
10628,0.011
10629,0.1251919413919414
10630,0.11433174603174603
10631,0.15733333333333335
10632,0.316
10633,0.043
10634,0.009
10635,0.11
10636,0.0
10637,0.191
10638,0.238
10639,0.13
10640,0.077009768009768
10641,0.035
10642,0.9920384615384615
10643,0.042
10644,0.074
10645,0.993
10646,0.021
10647,0.032
10648,0.0815
10649,0.05
10650,0.4993333333333333
10651,0.991
10652,0.721443827371459
10653,0.4395
10654,0.993
10655,0.059
10656,0.9955194805194806
10657,0.16033333333333333
10658,0.119
10659,0.033160504201680666
10660,0.082
10661,0.177
10662,0.16
10663,0.034
10664,0.261
10665,0.031
10666,0.981
10667,0.318
10668,0.03291666666666667
10669,0.103
10670,0.19475
10671,0.197
10672,0.091
10673,0.039
10674,0.9472461538461538
10675,0.037192251461988304
10676,0.361
10677,0.66
10678,0.107
10679,0.1613333333333333
10680,0.034
10681,0.206
10682,0.106
10683,0.047
10684,0.545
10685,0.057
10686,0.39856666666666674
10687,0.991
10688,0.2925
10689,0.029
10690,0.08641547619047618
10691,0.079
10692,0.3655
10693,0.05933333333333333
10694,0.033
10695,0.06591666666666665
10696,0.8910777777777777
10697,0.03
10698,0.494
10699,0.16269999999999998
10700,0.029333333333333336
10701,0.712
10702,0.007
10703,0.027
10704,0.043
10705,0.343
10706,1.0
10707,0.198
10708,0.021
10709,0.581
10710,0.11856428571428572
10711,1.0
10712,0.281
10713,0.068113344988345
10714,0.591
10715,0.993
10716,0.414
10717,0.996
10718,0.286
10719,0.5213333333333332
10720,0.31715
10721,0.999
10722,0.079
10723,0.014
10724,0.02086111111111111
10725,0.979
10726,0.022
10727,0.029
10728,0.8919878539932719
10729,0.997
10730,0.069
10731,0.603
10732,0.24853333333333333
10733,0.09
10734,0.0112
10735,0.032
10736,0.09833333333333333
10737,0.098
10738,0.113
10739,0.029
10740,0.10850000000000001
10741,0.165
10742,0.9722999999999999
10743,0.126
10744,0.178
10745,0.011
10746,0.98
10747,0.9712999999999999
10748,0.635
10749,0.19091666666666668
10750,0.118
10751,0.224
10752,0.03
10753,0.234
10754,1.0
10755,0.072
10756,0.0364
10757,0.18
10758,0.439
10759,0.033
10760,0.675
10761,0.032
10762,0.4945
10763,0.0945
10764,0.127
10765,0.392
10766,0.093
10767,0.082
10768,0.988
10769,0.09933333333333334
10770,0.625
10771,0.204
10772,0.389
10773,0.16133333333333336
10774,0.09791666666666665
10775,0.03477705627705628
10776,0.007
10777,0.428
10778,0.344
10779,0.15475
10780,0.1715
10781,0.217
10782,0.3653333333333334
10783,0.9017142857142858
10784,1.0
10785,0.156
10786,0.159
10787,0.995
10788,0.6583306038507356
10789,0.19325
10790,0.47545833333333337
10791,0.033
10792,0.011
10793,0.37971974688991433
10794,0.963474358974359
10795,0.045
10796,0.017
10797,0.076
10798,0.3766875
10799,0.031
10800,0.463
10801,0.28014285714285714
10802,0.332
10803,0.108
10804,0.07
10805,1.0
10806,0.075
10807,0.04
10808,0.1806761904761905
10809,0.7874948156418746
10810,0.0825
10811,0.13679627854863924
10812,0.10025
10813,0.213
10814,0.025
10815,0.0585
10816,0.987
10817,0.0505
10818,0.295
10819,0.307
10820,0.073
10821,0.188
10822,0.8741487804878049
10823,0.205
10824,0.01685714285714286
10825,0.01863831168831169
10826,0.994
10827,0.03
10828,0.173
10829,0.203
10830,0.157
10831,1.0
10832,0.027370129870129867
10833,0.118
10834,0.49895357142857155
10835,0.128
10836,0.135
10837,0.107
10838,0.243
10839,0.466
10840,0.54
10841,0.128
10842,0.42
10843,0.01329091847265222
10844,0.088
10845,0.9693205128205128
10846,0.061
10847,0.062
10848,0.049
10849,0.067
10850,0.056
10851,0.009666666666666665
10852,0.05
10853,0.46108333333333335
10854,0.963474358974359
10855,0.102
10856,0.516
10857,0.285
10858,0.9773
10859,0.251
10860,0.06
10861,0.01
10862,0.084
10863,0.288
10864,0.335
10865,0.5776666666666667
10866,0.036
10867,0.999
10868,0.121
10869,0.319
10870,0.4083333333333333
10871,0.998
10872,0.998
10873,0.4037988580766982
10874,0.06
10875,0.093
10876,0.764
10877,0.47
10878,0.04704347826086956
10879,0.892
10880,1.0
10881,0.02025
10882,0.115
10883,0.0013333333333333333
10884,0.6715675675675675
10885,0.0315
10886,0.11889298245614034
10887,0.067
10888,0.18
10889,0.5509166666666667
10890,0.09
10891,0.404
10892,0.169
10893,0.997
10894,0.154
10895,0.024
10896,0.03102777777777778
10897,0.987
10898,0.202
10899,0.11969880952380953
10900,0.094
10901,0.4125
10902,0.14833333333333332
10903,0.574
10904,0.085
10905,0.116
10906,0.267
10907,0.41
10908,0.358
10909,0.175
10910,0.366
10911,0.35719999999999996
10912,0.291
10913,0.994
10914,0.048
10915,0.204
10916,0.156
10917,0.04177056277056277
10918,0.3135
10919,0.306434126984127
10920,0.211
10921,0.633
10922,0.10665294117647059
10923,0.172
10924,0.23780537518037517
10925,0.1581106240981241
10926,0.197
10927,0.398
10928,0.178
10929,0.011
10930,0.153
10931,0.198
10932,0.0155
10933,0.106825
10934,0.11533333333333334
10935,0.24731190476190476
10936,0.5216333333333334
10937,0.987
10938,0.284
10939,0.079
10940,0.152625
10941,0.0335
10942,0.161
10943,0.993375
10944,0.291
10945,0.08
10946,0.279
10947,0.069
10948,0.30966666666666665
10949,0.392
10950,0.997
10951,0.035
10952,0.038
10953,0.021
10954,0.202
10955,0.012
10956,0.991
10957,0.18533333333333332
10958,0.003
10959,0.354
10960,1.0
10961,0.020666666666666663
10962,0.018
10963,0.6478747474747475
10964,0.047
10965,0.2022
10966,0.101
10967,0.147
10968,0.45
10969,0.07054285714285714
10970,0.214
10971,0.268
10972,0.11208333333333333
10973,0.414
10974,0.086
10975,0.037
10976,0.9736076923076923
10977,0.189
10978,0.046
10979,0.239
10980,0.987
10981,0.5063333333333334
10982,0.059
10983,0.063
10984,0.9529384615384616
10985,0.271
10986,0.049
10987,0.038943181818181814
10988,0.021
10989,0.184
10990,0.20008016362722242
10991,0.058333333333333334
10992,0.993
10993,0.039
10994,0.089
10995,0.979
10996,0.062
10997,0.996
10998,0.3425
10999,0.135
11000,0.63
11001,0.5958333333333333
11002,0.009
11003,0.063
11004,0.13125
11005,0.083
11006,1.0
11007,0.995
11008,0.05666666666666667
11009,0.29166666666666663
11010,0.127
11011,0.475
11012,0.68
11013,0.4720490196078431
11014,0.417
11015,0.22
11016,0.135
11017,0.999
11018,0.25
11019,0.5065
11020,0.07
11021,0.5990333333333333
11022,0.9662999999999999
11023,0.109
11024,0.16
11025,0.0761
11026,0.096375
11027,0.3355
11028,0.007
11029,0.005
11030,0.242
11031,0.988
11032,0.087
11033,0.001375
11034,1.0
11035,0.552
11036,0.002
11037,0.663
11038,0.028
11039,0.174
11040,0.038
11041,0.014
11042,0.261
11043,0.326
11044,0.139
11045,1.0
11046,0.018
11047,0.567
11048,0.9966
11049,0.8915846744758509
11050,0.066
11051,0.20575
11052,0.471
11053,0.14884999999999998
11054,0.19223533856805133
11055,0.302
11056,0.012666666666666666
11057,0.14205555555555555
11058,0.7968982683982685
11059,0.092
11060,0.8504829004329003
11061,0.126
11062,0.8862887426900585
11063,0.7845
11064,0.087
11065,0.6328625814536339
11066,0.3030333333333333
11067,0.3930913030838156
11068,0.8983111111111112
11069,0.076
11070,0.023
11071,0.088
11072,0.994
11073,0.335
11074,0.222
11075,0.09616666666666668
11076,0.024
11077,0.06066666666666667
11078,0.0475
11079,0.984
11080,0.135
11081,0.1
11082,0.053
11083,0.1394166666666667
11084,0.215
11085,0.216
11086,0.155
11087,0.03127272727272727
11088,0.045
11089,0.07
11090,0.024
11091,0.31521149283344296
11092,0.01
11093,0.213
11094,0.22425
11095,0.06333333333333334
11096,0.433
11097,0.126
11098,0.313
11099,0.416
11100,0.09226666666666666
11101,0.016
11102,0.001
11103,0.029
11104,0.012
11105,0.41586666666666666
11106,0.098
11107,0.078
11108,0.291
11109,0.017
11110,0.056
11111,0.9327069097569098
11112,0.028
11113,0.007
11114,0.0376
11115,0.159
11116,0.056
11117,0.986
11118,0.12
11119,0.076
11120,0.9895662055335968
11121,0.2037
11122,0.665
11123,0.031625
11124,0.489
11125,0.4195
11126,0.328
11127,0.2165059829059829
11128,0.059
11129,0.413
11130,0.011300000000000001
11131,0.189
11132,0.999
11133,0.994
11134,0.477
11135,0.173
11136,0.023
11137,0.6081500000000001
11138,0.405
11139,0.542
11140,0.1579831168831169
11141,0.408
11142,0.025
11143,0.383
11144,1.0
11145,0.6014225274725274
11146,0.117
11147,0.273
11148,0.077
11149,0.067
11150,0.157
11151,1.0
11152,0.996
11153,0.20232214322324293
11154,0.997
11155,0.255
11156,0.9920384615384615
11157,0.094
11158,0.043
11159,0.996
11160,0.993
11161,0.16305549719887955
11162,0.097
11163,0.16983333333333334
11164,0.061
11165,0.11
11166,0.202
11167,0.24280796550199024
11168,0.008
11169,0.294
11170,0.273
11171,0.30605882352941177
11172,0.982
11173,0.977
11174,0.02925
11175,0.145
11176,0.143
11177,0.099
11178,0.016
11179,0.727
11180,0.41320000000000007
11181,0.584
11182,0.065
11183,0.2440333333333333
11184,0.357
11185,0.13119999999999998
11186,0.021166666666666663
11187,0.36839999999999995
11188,0.06670000000000001
11189,0.05126666666666667
11190,0.363
11191,0.952
11192,0.221
11193,0.192
11194,0.117
11195,0.9948571428571429
11196,0.217
11197,0.224
11198,0.24
11199,0.995
11200,0.40290909090909094
11201,0.2795
11202,0.181
11203,0.108
11204,0.416
11205,0.308
11206,0.392
11207,0.014
11208,0.1308
11209,0.026
11210,0.079
11211,0.28036666666666665
11212,0.249
11213,0.605
11214,0.999
11215,0.39
11216,0.059
11217,0.054
11218,0.012333333333333332
11219,0.97925
11220,0.345
11221,0.022
11222,0.02
11223,0.282
11224,0.15723939393939393
11225,0.6238608225108225
11226,1.0
11227,0.11
11228,0.25
11229,0.012
11230,0.3117666666666667
11231,0.204
11232,0.034
11233,0.09759999999999999
11234,0.148
11235,0.052
11236,0.212
11237,0.10255555555555555
11238,0.188
11239,0.024
11240,0.02325
11241,0.07366666666666667
11242,0.993
11243,0.6492
11244,0.1492233877233877
11245,0.052666666666666674
11246,0.010225
11247,0.09616666666666668
11248,0.015
11249,0.084
11250,0.36
11251,0.999
11252,0.026271428571428567
11253,0.137
11254,0.024
11255,0.049
11256,0.265
11257,0.023
11258,0.02
11259,0.014
11260,0.386
11261,0.166
11262,0.088
11263,0.17245159053909054
11264,0.187
11265,0.3085
11266,0.10083333333333333
11267,0.488
11268,0.04716666666666666
11269,0.08
11270,0.235
11271,0.102
11272,0.017
11273,0.19
11274,0.30208333333333337
11275,0.9252435897435898
11276,0.2635833333333334
11277,0.398
11278,0.5785833333333333
11279,1.0
11280,0.38625
11281,0.016142857142857143
11282,0.1441
11283,0.8467380952380952
11284,0.072
11285,0.243
11286,0.246
11287,0.119
11288,0.04804347826086956
11289,0.351
11290,0.812
11291,0.684
11292,0.043
11293,0.514
11294,0.14
11295,0.2017
11296,0.03
11297,0.232
11298,0.361
11299,0.991
11300,0.004
11301,0.373
11302,0.058
11303,0.228
11304,0.1
11305,0.9294198510639688
11306,0.343
11307,0.053
11308,0.075
11309,0.07041666666666666
11310,0.6
11311,0.047
11312,0.9288453838645016
11313,0.2756666666666666
11314,0.054
11315,0.0825
11316,0.4122666666666667
11317,0.9294198510639688
11318,0.02
11319,0.995
11320,0.255
11321,0.011
11322,0.047
11323,0.064
11324,0.017
11325,0.038
11326,0.345
11327,0.994
11328,0.021
11329,0.09
11330,0.364
11331,0.098
11332,0.752
11333,0.24
11334,1.0
11335,0.994
11336,0.017
11337,0.08904761904761906
11338,0.822
11339,0.012076923076923077
11340,0.30633333333333335
11341,0.5030033235346092
11342,0.03
11343,0.48
11344,0.017
11345,0.419
11346,0.0914358695652174
11347,0.039263254433941935
11348,0.23927658730158732
11349,0.264
11350,0.20585185185185184
11351,0.019625
11352,0.299
11353,0.063
11354,0.535
11355,0.127
11356,0.16340000000000002
11357,0.20232214322324293
11358,0.0425
11359,0.1888024132730015
11360,0.031
11361,0.961
11362,0.23033333333333333
11363,0.298
11364,0.062299999999999994
11365,0.01
11366,0.359
11367,0.994
11368,0.164
11369,0.059
11370,0.10527186554849066
11371,0.02
11372,0.116
11373,0.5765838763575607
11374,0.10233333333333335
11375,0.9833076923076923
11376,0.2984766088481407
11377,0.05894047619047618
11378,0.035
11379,0.069
11380,0.274
11381,0.273
11382,0.22725
11383,0.167
11384,0.1485
11385,0.045
11386,0.31489999999999996
11387,0.134
11388,0.0175
11389,0.49170724458016823
11390,0.0495
11391,0.032
11392,0.124
11393,0.069
11394,0.03599019607843137
11395,0.093
11396,0.12875
11397,0.181
11398,0.093625
11399,0.997
11400,0.447
11401,0.03433333333333333
11402,0.069
11403,0.011826793428980138
11404,0.991
11405,0.321
11406,0.414
11407,0.226
11408,0.999
11409,0.942608409499857
11410,0.408
11411,0.373
11412,0.062
11413,0.3238333333333333
11414,0.997
11415,0.118
11416,0.329
11417,0.1894
11418,0.227
11419,0.041666666666666664
11420,0.9571666666666666
11421,0.334
11422,0.081
11423,0.195
11424,0.013
11425,0.336
11426,0.663
11427,0.452125
11428,0.14
11429,0.093
11430,0.2687984100050277
11431,0.344
11432,0.467
11433,0.994
11434,0.535
11435,0.038
11436,0.14691666666666667
11437,0.11255919913419915
11438,0.32
11439,0.236
11440,0.9438333333333333
11441,0.23
11442,0.151
11443,0.08793181818181818
11444,0.44333333333333336
11445,0.995
11446,0.079
11447,0.14
11448,0.0013333333333333333
11449,0.032
11450,0.021
11451,0.4258692995223168
11452,0.661
11453,0.891
11454,0.999
11455,0.038476190476190476
11456,0.176
11457,0.09726805555555555
11458,0.128
11459,0.992
11460,0.285
11461,0.213
11462,0.526
11463,0.20647452146797282
11464,0.9742999999999999
11465,0.04025
11466,0.358
11467,0.18268304659165724
11468,0.035
11469,0.991
11470,0.58975
11471,0.167
11472,0.065
11473,0.058
11474,0.4411388888888889
11475,0.375
11476,0.188
11477,0.165
11478,0.031
11479,0.172
11480,0.415
11481,0.0
11482,0.09173333333333333
11483,0.782
11484,0.266
11485,0.041
11486,0.127
11487,0.379
11488,0.05396014492753624
11489,0.264
11490,0.24
11491,0.282
11492,0.027
11493,0.135
11494,0.079
11495,0.067
11496,0.23366666666666666
11497,0.1945
11498,0.5158814272157152
11499,0.005666666666666666
11500,0.6390816876826245
11501,0.37
11502,0.127
11503,0.10527186554849066
11504,0.015
11505,0.389
11506,0.1
11507,0.048
11508,0.8673333333333333
11509,0.9678333333333334
11510,0.003
11511,0.226
11512,0.928308084970585
11513,0.05803333333333333
11514,0.255
11515,0.184
11516,0.84125
11517,0.996
11518,0.997
11519,0.039
11520,0.544
11521,0.242
11522,0.04540588235294118
11523,0.997
11524,0.023
11525,0.038
11526,1.0
11527,0.161
11528,0.061
11529,0.2625
11530,0.02741666666666667
11531,0.997
11532,0.087
11533,0.9876666666666666
11534,0.10697698306595364
11535,0.168
11536,0.119
11537,0.189
11538,0.17
11539,0.093
11540,0.391
11541,0.8313333333333333
11542,0.403
11543,0.082
11544,0.005
11545,0.0165
11546,0.04
11547,0.0522
11548,0.04866666666666667
11549,0.1175
11550,0.999
11551,0.14783333333333332
11552,0.9491410256410256
11553,0.5802619047619049
11554,0.09616666666666668
11555,0.3796452991452992
11556,0.0984
11557,0.14909999999999998
11558,0.993
11559,0.995
11560,0.026
11561,0.39666473755003145
11562,0.993
11563,0.538
11564,0.267
11565,0.197
11566,0.212375
11567,0.696
11568,0.718
11569,0.923534188034188
11570,0.127
11571,0.132
11572,0.067
11573,0.144
11574,0.188
11575,0.009
11576,0.03551666666666667
11577,0.033584732371209354
11578,0.03124013157894737
11579,0.44
11580,0.04546369047619047
11581,0.109
11582,0.05633333333333333
11583,0.994
11584,0.05370277777777777
11585,0.264
11586,0.165
11587,0.2625
11588,0.078
11589,0.211
11590,0.0251
11591,0.053
11592,0.249
11593,0.199
11594,0.1251919413919414
11595,0.996
11596,0.0635
11597,0.993
11598,0.467
11599,0.183
11600,0.0889345238095238
11601,0.993
11602,0.241
11603,0.29816666666666664
11604,0.07
11605,0.097
11606,0.087
11607,0.08189374057315234
11608,0.289
11609,0.151
11610,0.064
11611,0.204
11612,0.329
11613,0.349
11614,0.009
11615,0.992
11616,0.623
11617,0.395
11618,0.0285
11619,0.098
11620,0.332
11621,0.135
11622,0.014
11623,0.03433333333333333
11624,0.11866666666666666
11625,0.24133333333333332
11626,0.2
11627,0.25405
11628,0.013444444444444445
11629,0.016
11630,0.988
11631,0.993
11632,0.131
11633,1.0
11634,0.096
11635,0.18
11636,0.995
11637,0.12597916666666667
11638,0.052
11639,0.837
11640,0.968
11641,0.094
11642,0.995
11643,0.092
11644,0.199
11645,0.193
11646,0.04760869565217391
11647,0.13
11648,0.22
11649,0.969
11650,0.989
11651,0.5376487994298703
11652,0.013
11653,0.085
11654,0.01
11655,0.05
11656,0.178
11657,0.369
11658,0.993
11659,0.5801858597285068
11660,0.11729761904761905
11661,0.1615
11662,0.065
11663,0.223
11664,0.013
11665,0.948
11666,0.248
11667,0.20647452146797282
11668,0.485
11669,0.9948571428571429
11670,0.09033333333333333
11671,0.158
11672,0.05166666666666667
11673,0.1605
11674,0.5566666666666668
11675,0.29275
11676,0.079
11677,0.011
11678,0.19083333333333335
11679,0.08465267899478425
11680,0.142
11681,0.024
11682,0.9916520202020201
11683,0.01875
11684,0.358
11685,0.096
11686,0.366
11687,0.29566666666666663
11688,0.9948571428571429
11689,0.063
11690,0.015
11691,0.975
11692,0.9825
11693,0.457
11694,0.189
11695,0.044608695652173916
11696,0.199
11697,0.17961403508771928
11698,0.091
11699,0.29
11700,0.97
11701,0.372
11702,1.0
11703,0.181
11704,0.8987717997001278
11705,0.999
11706,0.03
11707,0.6478747474747475
11708,0.996
11709,0.998
11710,0.8959206504606503
11711,0.736
11712,0.108
11713,0.118
11714,0.706
11715,0.2549583333333333
11716,0.044
11717,0.12408333333333334
11718,0.995
11719,0.09603809523809523
11720,0.104175
11721,0.426
11722,0.02
11723,0.034
11724,0.183
11725,0.999
11726,0.09909090909090909
11727,0.994
11728,0.994
11729,0.027
11730,0.196
11731,0.269
11732,0.586
11733,0.22334166666666663
11734,0.042
11735,0.44657142857142856
11736,0.046
11737,0.211
11738,0.222
11739,0.9498466686091687
11740,0.982
11741,0.358
11742,0.512
11743,0.025
11744,0.485
11745,0.473
11746,0.49170724458016823
11747,0.047285714285714285
11748,0.001
11749,0.227
11750,0.961
11751,0.019
11752,0.159
11753,0.093
11754,0.811
11755,0.368
11756,0.148
11757,0.443
11758,0.389
11759,0.18808136493559832
11760,0.141
11761,0.247
11762,0.058
11763,0.106
11764,0.134
11765,0.9948571428571429
11766,0.097
11767,0.067
11768,0.224
11769,0.011
11770,0.0255
11771,0.06
11772,0.071
11773,0.261
11774,0.229
11775,0.1035
11776,0.275
11777,0.363
11778,0.474
11779,0.028
11780,0.285
11781,0.332
11782,0.02275
11783,0.0195
11784,0.611
11785,0.207125
11786,0.7153333333333334
11787,0.313
11788,0.8071111111111111
11789,0.213
11790,0.027800000000000002
11791,0.083
11792,0.993
11793,0.102
11794,0.9498466686091687
11795,0.04725
11796,0.104
11797,0.04634371844371844
11798,0.057
11799,0.148
11800,0.078
11801,0.057
11802,0.278
11803,0.12
11804,0.197
11805,1.0
11806,0.073
11807,0.33215000000000006
11808,0.714
11809,0.904
11810,0.213
11811,0.17828333333333332
11812,0.992
11813,0.9390833333333333
11814,1.0
11815,0.061
11816,0.1744
11817,0.92375
11818,0.3023333333333333
11819,0.613
11820,0.069
11821,0.025
11822,0.16
11823,0.03508137829912023
11824,0.08783333333333333
11825,0.23
11826,0.029
11827,0.025266666666666666
11828,0.195
11829,0.717
11830,0.266
11831,0.142
11832,0.10175935828877004
11833,0.038
11834,0.22706071428571425
11835,1.0
11836,0.111
11837,0.43975
11838,0.234
11839,0.545
11840,0.663
11841,0.998
11842,0.312
11843,0.6624155844155843
11844,0.99
11845,0.031
11846,1.0
11847,0.069
11848,0.126
11849,0.24766666666666665
11850,0.524
11851,0.994
11852,0.042
11853,0.311656632596924
11854,0.999
11855,0.675
11856,0.2646111111111111
11857,0.03291666666666667
11858,0.4771747593402766
11859,0.37
11860,0.1
11861,0.19046666666666667
11862,0.983
11863,0.261
11864,0.62925
11865,0.081
11866,0.231
11867,0.063
11868,0.281
11869,0.164
11870,0.379
11871,0.01151154401154401
11872,0.04470714285714285
11873,0.9736076923076923
11874,0.049833333333333334
11875,0.249
11876,0.077
11877,0.5882000000000001
11878,0.13
11879,0.0655
11880,0.9294198510639688
11881,0.1
11882,0.012
11883,0.019285714285714288
11884,0.078
11885,0.0
11886,0.441
11887,0.165
11888,0.26761111111111113
11889,0.193
11890,0.109
11891,0.072
11892,0.08
11893,1.0
11894,0.9972000000000001
11895,0.999
11896,0.989
11897,0.6179723214285715
11898,0.41
11899,0.032989393939393936
11900,0.9833076923076923
11901,0.29519999999999996
11902,0.020333333333333335
11903,0.003
11904,0.8508854700854701
11905,0.152
11906,0.4485
11907,0.272
11908,0.25045595238095236
11909,0.9358
11910,0.993
11911,0.759
11912,0.10697500000000001
11913,0.611
11914,0.084
11915,0.9966666666666666
11916,0.026
11917,0.3380724447937683
11918,0.1105
11919,0.9962222222222221
11920,0.016
11921,0.48
11922,0.284
11923,0.345
11924,0.997
11925,0.147
11926,0.369
11927,0.011
11928,0.208
11929,0.253
11930,0.0390625
11931,0.3655
11932,0.133
11933,0.025166666666666667
11934,0.996
11935,0.09283333333333332
11936,0.052
11937,0.109
11938,0.079
11939,0.027
11940,0.1
11941,0.4525
11942,0.02375336617405583
11943,0.09344444444444444
11944,0.030916883116883113
11945,0.9873333333333333
11946,0.025
11947,0.219
11948,0.9750930232558139
11949,0.104
11950,0.333
11951,0.04854015151515152
11952,0.122
11953,0.5720854700854701
11954,0.3411666666666667
11955,0.969
11956,0.19336666666666666
11957,0.25276666666666664
11958,0.25695000000000007
11959,0.142
11960,0.28791788282727787
11961,0.336
11962,0.199
11963,0.051
11964,0.191
11965,0.455
11966,0.926
11967,0.009
11968,0.041
11969,0.233
11970,0.17666666666666667
11971,0.069
11972,0.298
11973,0.113
11974,0.311
11975,0.516
11976,0.131
11977,0.009
11978,0.069
11979,0.126
11980,0.02025
11981,0.025666666666666667
11982,0.007
11983,0.055
11984,0.024
11985,0.028
11986,0.096
11987,0.021166666666666663
11988,0.187
11989,0.06966666666666667
11990,0.025
11991,0.38125
11992,0.11758276493948548
11993,0.9920384615384615
11994,0.979
11995,0.49
11996,0.354168407327227
11997,0.978974358974359
11998,0.992
11999,0.109
12000,0.0357
12001,0.335
12002,0.25266666666666665
12003,0.24733333333333332
12004,0.922
12005,0.11543888888888891
12006,0.278
12007,0.0474
12008,0.12875
12009,0.219
12010,0.053
12011,0.007
12012,0.992
12013,0.993
12014,0.23306335688268148
12015,0.07208333333333333
12016,0.064
12017,0.072
12018,0.096
12019,0.16650757575757574
12020,0.914
12021,0.17833333333333332
12022,0.37875
12023,0.105
12024,0.028
12025,0.03354411764705883
12026,0.9933333333333334
12027,0.172
12028,0.06
12029,0.081
12030,0.9945384615384616
12031,0.044
12032,0.992
12033,0.19966666666666666
12034,0.843
12035,0.023
12036,0.0825702380952381
12037,0.102
12038,0.13771865741757383
12039,0.161
12040,0.0065
12041,0.405
12042,0.241
12043,0.111
12044,0.3993333333333333
12045,0.999
12046,0.1885
12047,0.9933333333333334
12048,0.0485
12049,0.0625
12050,0.12400927128427129
12051,0.095
12052,0.362
12053,0.22733333333333333
12054,0.051
12055,0.979
12056,0.011
12057,0.996
12058,0.996
12059,0.0064
12060,0.402
12061,0.9521960784313724
12062,0.3172857142857143
12063,0.994
12064,0.138
12065,0.994
12066,0.9150713323999703
12067,0.04
12068,0.2308405788655788
12069,0.013
12070,0.027083333333333334
12071,0.027399999999999997
12072,0.769
12073,0.996
12074,0.74
12075,0.135
12076,0.222
12077,0.112
12078,0.093
12079,0.9948571428571429
12080,0.356
12081,0.18
12082,0.019
12083,0.18
12084,0.061
12085,0.393
12086,0.017
12087,0.23669621212121214
12088,0.683
12089,1.0
12090,0.0485
12091,0.087
12092,0.402
12093,0.037
12094,0.2345
12095,1.0
12096,0.029
12097,0.07816666666666668
12098,0.084
12099,0.468
12100,0.005
12101,0.12975
12102,0.013275
12103,0.5162505494505495
12104,0.9993636363636363
12105,0.48015384615384615
12106,0.8339964568655744
12107,0.081
12108,0.10093977591036415
12109,0.02940546218487395
12110,0.926
12111,0.08066666666666668
12112,0.01
12113,0.121
12114,0.09
12115,0.232
12116,0.133
12117,0.24858333333333332
12118,0.08
12119,0.272
12120,0.354
12121,0.377
12122,0.23033333333333333
12123,0.123
12124,0.993
12125,0.0685
12126,0.209
12127,0.96
12128,0.052
12129,0.21833333333333332
12130,0.016
12131,0.17745007215007208
12132,0.272
12133,0.08491666666666667
12134,0.11377272727272726
12135,0.466
12136,0.998
12137,0.115
12138,0.443
12139,0.05525
12140,0.9229973580999897
12141,0.354168407327227
12142,0.121
12143,0.16390073557878435
12144,0.09683333333333333
12145,0.043
12146,1.0
12147,0.977
12148,0.6826333333333332
12149,0.374
12150,0.018
12151,0.515285378510378
12152,0.014
12153,0.107
12154,0.209
12155,0.009
12156,0.992
12157,0.12191666666666667
12158,0.018
12159,0.132
12160,0.215
12161,0.645
12162,0.6093333333333333
12163,0.131
12164,0.998
12165,0.994
12166,0.12933333333333333
12167,0.042
12168,0.019
12169,0.993
12170,0.028
12171,0.08466666666666667
12172,0.273
12173,0.17225
12174,0.2209229762984407
12175,0.008
12176,0.126
12177,0.143
12178,0.05
12179,0.019
12180,0.5408333333333333
12181,0.985
12182,0.2450108225108225
12183,0.577
12184,0.11
12185,0.575
12186,0.045
12187,0.133
12188,1.0
12189,0.1695375
12190,0.9638076923076924
12191,0.668
12192,0.15522946093680454
12193,0.0195
12194,0.026199999999999998
12195,0.988
12196,0.15826666666666664
12197,0.147
12198,0.477
12199,0.045
12200,0.04016666666666666
12201,0.425
12202,0.061
12203,0.34
12204,0.161
12205,0.022214285714285714
12206,0.075
12207,0.102
12208,0.19
12209,0.32
12210,0.009
12211,0.078
12212,0.24633333333333338
12213,0.001
12214,0.009
12215,0.13316237373737372
12216,0.095
12217,0.052
12218,0.10248333333333333
12219,1.0
12220,0.107
12221,0.481
12222,0.121
12223,0.9472461538461538
12224,0.045
12225,0.993
12226,0.249
12227,0.10116666666666665
12228,0.07025
12229,0.034
12230,0.031
12231,0.18633333333333332
12232,0.308
12233,0.174
12234,0.372
12235,0.4383128205128205
12236,0.3023333333333334
12237,0.375
12238,0.989
12239,0.093
12240,0.04875
12241,0.0575
12242,0.103
12243,0.035
12244,0.05181453343404563
12245,0.0315
12246,0.188
12247,0.1096
12248,0.379
12249,0.08219021739130435
12250,1.0
12251,0.427
12252,0.997
12253,0.993
12254,0.997
12255,0.057
12256,0.535
12257,0.38966666666666666
12258,1.0
12259,0.492
12260,0.11
12261,0.913423611111111
12262,0.995
12263,0.0
12264,1.0
12265,1.0
12266,0.041
12267,0.522
12268,0.095
12269,0.9285234758705347
12270,0.199
12271,0.5695
12272,0.9063257799671591
12273,0.115
12274,0.032
12275,0.6893833333333335
12276,0.021
12277,0.20365
12278,0.067
12279,0.983
12280,0.754
12281,0.45833333333333337
12282,0.023833333333333335
12283,0.125
12284,0.013
12285,0.983
12286,0.9356449210919799
12287,0.14854722222222225
12288,0.1
12289,0.997
12290,0.062
12291,0.15437276334776337
12292,0.952
12293,0.085
12294,0.047
12295,0.11282692307692307
12296,0.0535
12297,0.198
12298,0.021166666666666663
12299,0.144
12300,0.342
12301,0.07742857142857143
12302,0.002
12303,0.6335
12304,0.295
12305,0.014
12306,0.035
12307,0.226
12308,0.212
12309,0.149
12310,0.25
12311,0.181
12312,0.03436742424242424
12313,0.31227678477545584
12314,0.003
12315,0.039
12316,0.606
12317,0.999
12318,0.256
12319,0.166
12320,0.9572205128205129
12321,0.4483333333333333
12322,0.15259999999999999
12323,0.409
12324,0.1055
12325,0.8430019517118589
12326,0.20136563417637587
12327,0.992
12328,0.5333333333333333
12329,0.024833333333333336
12330,0.9983
12331,0.317
12332,0.17
12333,0.253
12334,0.20829208079502196
12335,0.1832388888888889
12336,0.032875
12337,0.8295247835497834
12338,0.234
12339,0.149
12340,0.23851666666666668
12341,0.07225
12342,0.3780420168067227
12343,0.121
12344,0.0945
12345,0.43533628612622566
12346,0.997
12347,0.31521149283344296
12348,0.091
12349,0.40936681077694237
12350,0.132
12351,0.999
12352,0.135
12353,0.192
12354,0.9402788744588745
12355,0.727
12356,0.06441666666666666
12357,0.999
12358,0.038
12359,0.046
12360,0.03361111111111111
12361,0.057
12362,0.40875
12363,0.19
12364,0.040458887680946506
12365,0.39143036497622136
12366,0.09525
12367,0.085
12368,0.621
12369,0.039
12370,1.0
12371,0.19615757575757575
12372,0.119
12373,0.066
12374,0.188
12375,0.203
12376,0.059
12377,1.0
12378,0.15
12379,0.143
12380,0.225
12381,0.18
12382,0.424
12383,0.179
12384,0.196
12385,0.30433333333333334
12386,0.07430769230769231
12387,0.115
12388,0.4033333333333333
12389,0.38408333333333333
12390,0.177
12391,0.197
12392,0.197
12393,0.97
12394,0.9916
12395,0.08333333333333333
12396,0.331
12397,0.162
12398,0.359
12399,0.0465
12400,0.0407
12401,0.14483333333333331
12402,0.047
12403,0.03841666666666667
12404,0.035
12405,0.022
12406,0.229
12407,0.126
12408,0.147
12409,0.1132834736814613
12410,0.093
12411,0.054
12412,0.027
12413,0.9955555555555555
12414,0.18555000000000002
12415,0.08633333333333335
12416,0.995
12417,0.07116666666666666
12418,0.03025
12419,0.152
12420,1.0
12421,0.7639733023512435
12422,0.005
12423,0.028
12424,0.992
12425,0.9912727272727273
12426,0.1114
12427,0.0263
12428,0.13168333333333335
12429,0.41
12430,0.188
12431,0.024
12432,0.16033333333333333
12433,0.102
12434,0.6720666666666666
12435,0.091
12436,0.04741666666666667
12437,0.23708333333333334
12438,0.022
12439,0.054
12440,0.6595
12441,0.016
12442,0.343
12443,0.29
12444,0.15
12445,0.155
12446,0.03825
12447,0.441
12448,0.23066666666666666
12449,0.16856666666666667
12450,0.988
12451,0.041
12452,0.3316
12453,0.084
12454,0.076
12455,0.103
12456,0.425
12457,0.004
12458,0.027
12459,0.008142857142857143
12460,0.139
12461,0.21473333333333333
12462,0.7624473665223666
12463,0.41
12464,0.077
12465,0.205
12466,0.602
12467,0.046
12468,0.997
12469,0.046700000000000005
12470,0.04
12471,0.10183333333333335
12472,0.038
12473,0.9873333333333333
12474,0.064
12475,0.12136363636363637
12476,0.03979365079365079
12477,0.258
12478,0.117
12479,0.75
12480,0.08567352941176469
12481,0.095
12482,0.8741017023517024
12483,0.006
12484,0.00375
12485,0.209
12486,0.092
12487,0.6547027649769586
12488,0.075
12489,0.306
12490,0.3135
12491,0.993
12492,0.266
12493,0.017
12494,0.993
12495,0.258
12496,0.173
12497,0.701
12498,0.284
12499,0.278
12500,0.036
12501,0.363
12502,0.9913333333333334
12503,0.033
12504,0.179
12505,0.028454545454545455
12506,0.005
12507,0.315
12508,0.9693205128205128
12509,0.02953333333333333
12510,0.3295
12511,0.11983333333333335
12512,0.930130701754386
12513,0.9696076923076923
12514,0.27986666666666665
12515,0.97
12516,0.72725
12517,0.6192666666666666
12518,0.5229051175100067
12519,0.224
12520,0.4325315997141495
12521,0.0
12522,0.0348
12523,0.326
12524,0.048
12525,0.97
12526,0.045
12527,0.278
12528,0.9535
12529,0.182
12530,0.03926984126984127
12531,0.13088431372549023
12532,0.117
12533,1.0
12534,0.5586825396825398
12535,0.008347058823529412
12536,0.999
12537,1.0
12538,0.09230769230769231
12539,0.981
12540,0.038
12541,0.05675
12542,0.093625
12543,0.985
12544,0.282
12545,0.049833333333333334
12546,0.138
12547,0.181
12548,0.01838049645390071
12549,0.993
12550,0.203
12551,0.47
12552,0.004666666666666666
12553,0.14670449550449552
12554,0.15
12555,0.013
12556,0.009
12557,0.365
12558,0.926
12559,0.16768506493506494
12560,0.034
12561,0.197
12562,0.022
12563,0.991
12564,0.369
12565,0.035
12566,0.010666666666666666
12567,0.214
12568,0.331
12569,0.411
12570,0.272
12571,0.058
12572,0.289
12573,0.459
12574,0.051
12575,0.992
12576,0.024
12577,0.021011052009456264
12578,0.33
12579,0.004
12580,0.054
12581,0.184
12582,0.337
12583,0.9299566149536737
12584,0.74525
12585,0.07
12586,0.108
12587,0.02425
12588,0.043
12589,0.131
12590,0.381
12591,0.144
12592,0.8370416666666668
12593,0.993
12594,0.159
12595,1.0
12596,0.089
12597,0.3740803828406733
12598,0.996
12599,0.06
12600,0.21175
12601,0.885
12602,0.6478747474747475
12603,0.5519047619047618
12604,0.251
12605,0.296
12606,0.042
12607,0.0314
12608,0.057
12609,0.04166666666666667
12610,1.0
12611,0.108
12612,0.21047777777777776
12613,0.024
12614,0.005
12615,0.4755
12616,0.053
12617,0.332
12618,0.208
12619,0.444
12620,0.091
12621,0.113
12622,0.29
12623,0.528
12624,0.1195
12625,0.19
12626,0.266
12627,0.997
12628,0.2223
12629,0.132
12630,0.4285
12631,0.46559999999999996
12632,0.12125
12633,0.998
12634,0.3311666666666666
12635,0.111
12636,0.17975
12637,0.239
12638,0.10694347826086957
12639,0.302
12640,0.212
12641,0.439
12642,0.106
12643,0.1363333333333333
12644,0.207
12645,0.004
12646,0.265
12647,0.992
12648,0.1752561327512792
12649,0.203
12650,0.345
12651,0.033
12652,0.23853333333333332
12653,0.166
12654,0.185
12655,0.078
12656,0.301
12657,0.053
12658,0.134
12659,0.1095
12660,0.1945
12661,0.055
12662,0.2555
12663,0.179
12664,0.1722377344877345
12665,0.078
12666,0.999
12667,0.525
12668,0.019
12669,0.16291666666666665
12670,0.242
12671,0.296
12672,0.007
12673,0.048
12674,0.033
12675,0.11
12676,0.261
12677,0.156
12678,1.0
12679,0.57
12680,0.01838049645390071
12681,0.13
12682,0.095
12683,0.9816
12684,0.406
12685,1.0
12686,0.0285
12687,0.078
12688,0.098
12689,0.015
12690,0.307
12691,0.012
12692,0.77
12693,0.0
12694,0.977
12695,0.243
12696,0.425
12697,0.057
12698,0.06716666666666665
12699,0.016
12700,0.209
12701,1.0
12702,0.349
12703,0.021558333333333332
12704,0.024
12705,0.161
12706,0.175
12707,0.986
12708,0.994
12709,0.996
12710,0.996
12711,0.998
12712,0.05450952380952381
12713,0.516
12714,0.092
12715,0.36804329004328995
12716,0.421
12717,0.828
12718,0.08660000000000004
12719,0.042
12720,0.358
12721,0.997
12722,0.14
12723,0.2445
12724,0.014
12725,0.7592666666666666
12726,0.069
12727,0.03781818181818182
12728,0.024
12729,0.087
12730,0.202
12731,1.0
12732,0.246
12733,0.11955
12734,0.035
12735,0.2095
12736,0.07158333333333333
12737,0.3
12738,0.09266666666666666
12739,0.0745290672013497
12740,0.275
12741,0.4305
12742,0.992
12743,0.026
12744,0.989
12745,0.405
12746,0.996
12747,0.017
12748,0.28
12749,0.3538333333333334
12750,0.222
12751,0.992
12752,0.063
12753,0.153
12754,0.0075
12755,0.8052857142857143
12756,0.998
12757,0.045
12758,0.476
12759,0.014
12760,0.06559999999999999
12761,0.993
12762,0.065
12763,0.062
12764,0.019
12765,0.0024500000000000004
12766,0.094
12767,0.262
12768,0.006
12769,0.068
12770,0.985
12771,0.412
12772,0.028
12773,0.14
12774,0.1
12775,0.995
12776,0.122
12777,0.083
12778,0.086
12779,0.9241428571428572
12780,0.028
12781,0.016
12782,0.3525
12783,0.9521960784313724
12784,0.12
12785,0.175
12786,0.042
12787,0.625
12788,0.18
12789,0.717
12790,0.038
12791,0.2637333333333334
12792,0.04625
12793,0.06280452488687784
12794,0.177
12795,0.104
12796,0.154
12797,0.005
12798,0.459
12799,0.013
12800,0.424
12801,0.019821428571428573
12802,0.032
12803,0.102
12804,0.675
12805,1.0
12806,0.151
12807,0.7327452380952382
12808,0.9952000000000001
12809,0.9626
12810,0.013
12811,0.075
12812,0.03802777777777778
12813,0.119
12814,0.5601333333333334
12815,0.113857326007326
12816,0.997
12817,0.157
12818,0.47628571428571426
12819,0.042
12820,0.063
12821,0.4415
12822,0.19383333333333333
12823,0.41
12824,0.104
12825,1.0
12826,0.066
12827,0.27408333333333335
12828,0.1075
12829,0.027
12830,0.1155
12831,0.016
12832,0.4137980769230769
12833,0.268
12834,0.2505
12835,0.138
12836,1.0
12837,1.0
12838,0.111
12839,0.417
12840,0.097
12841,0.073
12842,0.15
12843,0.8915846744758509
12844,0.11
12845,0.194
12846,0.9973333333333334
12847,0.083
12848,0.28996428571428573
12849,0.152
12850,0.353
12851,0.02
12852,0.018
12853,0.51
12854,0.247
12855,0.608
12856,0.005
12857,0.006
12858,0.157
12859,0.026
12860,0.195
12861,0.9816666666666666
12862,0.20661810569946687
12863,0.634
12864,0.017
12865,0.171
12866,0.9554128205128205
12867,0.221
12868,0.07033333333333334
12869,0.096
12870,0.085
12871,0.031
12872,0.141
12873,0.126
12874,0.312
12875,0.20366666666666666
12876,0.042133333333333335
12877,0.032
12878,0.999
12879,0.9873333333333333
12880,0.9696666666666667
12881,0.364
12882,0.201
12883,0.237
12884,0.770982968269497
12885,0.397
12886,0.96
12887,0.07
12888,0.012
12889,0.236
12890,1.0
12891,0.165
12892,0.205
12893,0.009
12894,0.025
12895,0.047
12896,0.198
12897,1.0
12898,0.139
12899,0.01841304347826087
12900,0.1065
12901,0.666
12902,0.3827857142857143
12903,0.4235
12904,0.068
12905,0.017
12906,0.012702380952380951
12907,0.014
12908,0.97412
12909,0.036
12910,0.3095
12911,0.015
12912,0.124
12913,0.39625
12914,0.299
12915,0.012
12916,0.0224
12917,0.264
12918,0.9873333333333333
12919,0.095
12920,0.068
12921,0.17133333333333334
12922,0.999
12923,0.06667352642276424
12924,0.592
12925,0.17163290598290598
12926,0.2
12927,0.41
12928,0.08733333333333335
12929,0.331
12930,0.99512
12931,0.28751428571428583
12932,0.08
12933,0.038514285714285716
12934,0.239
12935,0.263
12936,0.134
12937,0.119
12938,0.56075
12939,0.22183333333333335
12940,0.9504743589743591
12941,0.999
12942,0.09493351648351649
12943,0.032
12944,0.139
12945,0.021544055944055944
12946,0.018600000000000002
12947,1.0
12948,0.442
12949,0.992
12950,0.033
12951,0.46418333333333334
12952,1.0
12953,0.9993636363636363
12954,0.044
12955,0.183
12956,0.9742999999999999
12957,0.137
12958,0.32125
12959,0.299
12960,0.02
12961,0.3569166666666666
12962,0.274
12963,0.996
12964,0.38783333333333336
12965,0.179
12966,0.029
12967,0.021
12968,0.059
12969,0.02
12970,0.17452380952380953
12971,0.749
12972,0.9722999999999999
12973,0.10125
12974,0.05
12975,0.043
12976,0.24033333333333334
12977,0.4226666666666667
12978,0.72
12979,0.005717948717948718
12980,0.352
12981,0.775588188945387
12982,0.047
12983,0.022
12984,0.035
12985,0.17092380952380953
12986,0.15080000000000002
12987,0.072
12988,0.9993636363636363
12989,0.9375148567119156
12990,0.111
12991,0.57885425805728
12992,0.5095
12993,0.023
12994,0.8336666666666667
12995,0.008
12996,0.006
12997,0.997
12998,0.397
12999,0.062
13000,0.2775
13001,0.030666666666666665
13002,0.21
13003,0.020666666666666667
13004,0.071
13005,0.16
13006,0.014
13007,0.1715
13008,0.993
13009,0.997
13010,0.018
13011,0.123
13012,0.9294198510639688
13013,0.44
13014,0.999
13015,0.035583333333333335
13016,0.013
13017,0.022
13018,0.13
13019,0.013736363636363637
13020,0.2028452380952381
13021,0.092
13022,0.065
13023,0.069
13024,0.322
13025,0.059
13026,0.14929713804713804
13027,0.457
13028,0.997
13029,0.132
13030,0.024
13031,0.203
13032,0.047
13033,1.0
13034,0.319875
13035,0.37
13036,0.39221666666666666
13037,0.2915
13038,0.275
13039,0.02
13040,0.163
13041,0.282
13042,0.326
13043,0.18
13044,0.020933333333333335
13045,0.381
13046,0.13183333333333333
13047,0.18900000000000003
13048,0.0915
13049,0.054
13050,0.2
13051,0.41404166666666664
13052,0.165
13053,0.191
13054,0.053
13055,0.154
13056,0.03438910256410257
13057,0.956
13058,0.998
13059,0.09858467170084818
13060,0.184
13061,0.657
13062,0.089
13063,0.966
13064,0.494
13065,0.347
13066,0.9742999999999999
13067,0.992
13068,0.987
13069,0.025333333333333333
13070,0.14
13071,0.027600000000000003
13072,0.142
13073,0.038
13074,0.545
13075,0.127
13076,0.25533333333333336
13077,0.988
13078,0.512
13079,0.003
13080,0.043
13081,0.09
13082,0.29
13083,0.057
13084,0.012
13085,0.087
13086,0.09166666666666667
13087,0.993
13088,0.161
13089,0.317
13090,0.822
13091,0.993
13092,0.03201431469139379
13093,1.0
13094,0.059
13095,0.999
13096,0.089
13097,0.101
13098,0.08566666666666667
13099,0.013
13100,0.173
13101,0.356
13102,0.089
13103,0.027
13104,0.851
13105,1.0
13106,0.793
13107,0.186
13108,0.232
13109,0.121
13110,0.007
13111,0.489
13112,0.538
13113,0.297
13114,0.8114946624248851
13115,0.37661666666666666
13116,0.08066666666666665
13117,0.16299283651445073
13118,0.055400000000000005
13119,0.43533628612622566
13120,0.42
13121,0.064
13122,0.999
13123,0.075
13124,0.382
13125,0.923
13126,0.347
13127,0.357
13128,0.47460126231697397
13129,0.9039
13130,0.07418181818181818
13131,0.35254108009829777
13132,0.4533333333333333
13133,0.28263787878787877
13134,0.3576666666666667
13135,0.982
13136,0.257
13137,0.064
13138,0.29875
13139,0.365
13140,0.324
13141,0.999
13142,0.406
13143,0.464
13144,0.221
13145,0.03238571428571429
13146,0.566
13147,0.012
13148,0.5038333333333334
13149,0.089
13150,0.144
13151,0.6916333333333332
13152,0.006
13153,0.006333333333333333
13154,0.303
13155,0.136
13156,0.335075
13157,0.041925
13158,0.99112
13159,0.089
13160,0.5465833333333334
13161,0.225
13162,0.024
13163,0.04425
13164,0.17405833333333337
13165,0.11
13166,0.294
13167,0.028018181818181817
13168,0.173
13169,0.05818333333333335
13170,0.997
13171,0.088
13172,0.4675
13173,0.053
13174,0.227
13175,0.248
13176,0.074
13177,0.514
13178,0.36794698079698085
13179,0.439
13180,0.029
13181,0.157
13182,0.3186714285714286
13183,0.3068333333333333
13184,0.10959487179487179
13185,0.237
13186,0.048
13187,0.044
13188,0.037
13189,0.464
13190,0.716
13191,0.0195
13192,0.059
13193,0.43275
13194,0.2525
13195,0.311
13196,0.258
13197,0.8417778583353331
13198,0.138
13199,0.27
13200,0.434
13201,0.053
13202,0.3921818181818182
13203,0.289
13204,0.467
13205,0.0245
13206,0.482
13207,0.992
13208,0.048333333333333325
13209,1.0
13210,0.052583333333333336
13211,0.162
13212,0.132
13213,0.289
13214,0.006807692307692307
13215,0.1626470588235294
13216,0.27323333333333333
13217,0.016672661396574442
13218,0.996
13219,0.999
13220,0.198
13221,0.04633333333333333
13222,0.328
13223,0.215
13224,0.088
13225,0.2045
13226,0.0905
13227,0.17683333333333334
13228,0.086
13229,0.730362311472852
13230,0.998
13231,0.026
13232,0.1
13233,0.063
13234,0.19258785652771776
13235,0.003
13236,0.1859
13237,0.9906584615384616
13238,0.202
13239,0.267
13240,0.029687179487179485
13241,0.994
13242,0.26
13243,0.98
13244,1.0
13245,0.33066666666666666
13246,0.249
13247,0.156
13248,0.073
13249,0.137
13250,0.36794698079698085
13251,0.06766666666666667
13252,0.8003689033189033
13253,0.443
13254,0.0565
13255,0.997
13256,0.16950582293523467
13257,0.389
13258,0.034
13259,0.6921554417710378
13260,0.33788888888888885
13261,0.221
13262,0.204
13263,0.055
13264,0.136
13265,0.596
13266,0.186
13267,0.184
13268,0.133
13269,0.03625
13270,0.318
13271,0.9992727272727272
13272,0.224
13273,0.046
13274,0.23004801587301588
13275,0.621
13276,0.10033333333333334
13277,0.322
13278,0.0155
13279,0.06225
13280,0.029
13281,0.9981363636363636
13282,0.008933333333333333
13283,0.027575757575757576
13284,0.12898095238095236
13285,0.05816666666666667
13286,0.054
13287,0.091
13288,0.3916
13289,0.011345238095238096
13290,0.2825
13291,0.998
13292,0.049225000000000005
13293,0.038
13294,0.998
13295,0.07090833333333335
13296,0.999
13297,0.149
13298,1.0
13299,0.409
13300,0.292
13301,0.9352925407925408
13302,0.036
13303,1.0
13304,0.215
13305,0.10166666666666666
13306,0.6583306038507356
13307,0.021011052009456264
13308,0.033
13309,0.019
13310,0.011
13311,0.432
13312,0.035
13313,0.052
13314,0.166
13315,0.999
13316,0.5803636363636364
13317,0.9525
13318,0.1115
13319,0.069
13320,0.13
13321,0.952
13322,0.5197642857142857
13323,0.208
13324,0.046
13325,0.135375
13326,0.013
13327,0.118
13328,0.9693205128205128
13329,0.994
13330,0.013
13331,1.0
13332,0.066
13333,0.11525
13334,0.055
13335,0.996
13336,0.019571428571428573
13337,0.2
13338,0.318
13339,0.162
13340,0.058
13341,0.04
13342,0.012085714285714285
13343,0.005
13344,0.04471428571428571
13345,0.11
13346,0.191
13347,0.3792
13348,0.014
13349,0.14416666666666667
13350,0.46758333333333335
13351,0.444
13352,0.043
13353,0.449
13354,0.096
13355,0.9993636363636363
13356,0.28
13357,0.6130803418803419
13358,0.979
13359,0.2659166666666667
13360,0.11098333333333334
13361,0.1301098901098901
13362,0.116
13363,0.25
13364,0.037
13365,0.539
13366,0.334
13367,0.069
13368,0.010595238095238095
13369,0.04241666666666667
13370,0.266
13371,0.416
13372,0.13541666666666666
13373,0.743
13374,0.155
13375,0.31
13376,0.064
13377,0.17641666666666667
13378,0.186
13379,0.025142857142857144
13380,0.342
13381,0.192
13382,0.153
13383,0.1008968253968254
13384,0.254
13385,0.03133333333333334
13386,0.018333333333333333
13387,0.9466888888888889
13388,0.087
13389,0.011453404892918961
13390,0.119
13391,0.213625
13392,0.087
13393,0.126
13394,0.142
13395,0.1805
13396,0.05566666666666666
13397,0.993
13398,0.053
13399,0.128
13400,0.053
13401,0.067
13402,0.023
13403,0.019
13404,0.082
13405,0.17745007215007208
13406,0.119
13407,0.206
13408,0.3056666666666667
13409,0.5208562606093098
13410,0.165
13411,0.22625
13412,0.9945384615384616
13413,0.03175
13414,0.304
13415,0.998
13416,0.242
13417,0.041
13418,0.177
13419,0.026
13420,0.161
13421,0.052
13422,0.389
13423,0.148
13424,0.066
13425,0.47
13426,0.23275
13427,0.297
13428,0.992
13429,0.033
13430,0.926
13431,0.141
13432,0.074
13433,0.441
13434,0.36660000000000004
13435,0.019
13436,0.1320416666666667
13437,0.049
13438,1.0
13439,0.474
13440,0.265
13441,0.995
13442,0.064
13443,0.287
13444,0.243
13445,0.2475630579586462
13446,0.993
13447,0.392
13448,0.399
13449,0.014
13450,0.003
13451,0.8888243442831677
13452,0.04318253968253968
13453,0.5585833333333332
13454,0.015857142857142858
13455,0.428
13456,1.0
13457,0.408
13458,0.9786076923076923
13459,0.2374
13460,0.03464285714285714
13461,0.223
13462,0.993
13463,0.2056
13464,0.053
13465,0.11621915584415582
13466,0.04375
13467,0.01915546218487395
13468,0.7204443223443225
13469,0.081
13470,0.131
13471,0.199
13472,0.062
13473,0.056666666666666664
13474,0.405
13475,0.23683333333333334
13476,0.13
13477,0.16
13478,0.014
13479,0.9266803567029177
13480,0.1025
13481,0.028
13482,0.253
13483,0.87371361580392
13484,0.293
13485,0.19
13486,0.09533333333333333
13487,0.136
13488,0.31875
13489,0.1062
13490,0.18570237719299879
13491,0.13926861471861468
13492,0.401
13493,0.999
13494,0.233
13495,0.111
13496,0.357
13497,0.21
13498,0.085
13499,0.041
13500,0.039
13501,0.043
13502,0.074
13503,0.113
13504,0.993375
13505,0.012
13506,0.988
13507,0.04014920634920635
13508,0.9948571428571429
13509,0.04447619047619048
13510,0.40755555555555556
13511,0.018
13512,0.162
13513,0.046
13514,0.7067678139298531
13515,0.241
13516,0.996
13517,0.02842857142857143
13518,0.267
13519,0.456
13520,0.155
13521,0.044250000000000005
13522,0.518
13523,0.17166666666666666
13524,0.212
13525,0.9948571428571429
13526,0.19133333333333336
13527,0.324
13528,0.998
13529,0.050125
13530,0.005
13531,0.105
13532,0.1153892968142969
13533,0.485
13534,0.249
13535,0.683
13536,0.28783333333333333
13537,0.128
13538,0.333
13539,0.12
13540,0.292
13541,0.053
13542,0.13783333333333334
13543,0.996
13544,0.058
13545,0.058
13546,0.344
13547,0.006
13548,1.0
13549,0.106
13550,0.349
13551,0.089
13552,0.009916666666666666
13553,0.109
13554,0.994
13555,0.044
13556,0.132
13557,0.113
13558,0.204
13559,0.711
13560,0.16266666666666668
13561,0.216
13562,0.468
13563,0.1405
13564,0.021
13565,0.227
13566,0.10125
13567,0.123
13568,0.99
13569,0.3925
13570,0.244
13571,0.118
13572,0.1421304347826087
13573,0.336
13574,0.16299283651445073
13575,0.9673076923076924
13576,0.03025
13577,0.0491578947368421
13578,1.0
13579,0.068
13580,0.07405714285714285
13581,0.996
13582,0.35254108009829777
13583,0.99
13584,0.454
13585,0.026
13586,0.3281111111111111
13587,0.3383868594082218
13588,0.9892105263157894
13589,0.333
13590,0.144
13591,0.98
13592,0.2785
13593,0.148
13594,0.041
13595,0.15256349206349204
13596,0.029666666666666664
13597,0.008
13598,0.1025
13599,0.12583333333333332
13600,0.2905
13601,0.926
13602,0.102
13603,0.2398608847211789
13604,0.5076934065934066
13605,0.8543333333333334
13606,0.567
13607,0.438
13608,0.5971722334038513
13609,0.011
13610,0.418
13611,0.026
13612,0.15428571428571428
13613,0.339
13614,0.473
13615,0.561
13616,0.039
13617,0.999
13618,0.101
13619,0.476
13620,0.189
13621,0.996
13622,0.576
13623,0.1415
13624,0.22816666666666666
13625,0.044
13626,0.6774142857142857
13627,0.122
13628,0.9521960784313724
13629,0.09608333333333333
13630,1.0
13631,0.182
13632,0.03678787878787878
13633,0.5996227272727273
13634,0.044
13635,0.663
13636,0.998
13637,0.2675
13638,0.009909090909090909
13639,0.172
13640,0.277
13641,0.113
13642,0.169
13643,0.111
13644,0.039
13645,0.3388
13646,0.02
13647,0.366
13648,0.04912696146524669
13649,0.024
13650,0.22266666666666668
13651,0.114
13652,0.998
13653,0.061
13654,0.02333333333333333
13655,0.999
13656,0.253
13657,0.741
13658,0.111
13659,0.034
13660,0.057
13661,0.0435
13662,0.042
13663,0.5376487994298703
13664,0.07540595238095237
13665,0.147
13666,0.034
13667,0.03133333333333333
13668,0.585
13669,0.1454803198315981
13670,0.048
13671,0.2950705882352941
13672,0.0343
13673,0.301
13674,0.1844771444031807
13675,0.027
13676,0.312
13677,0.464
13678,0.7926666666666667
13679,0.103
13680,0.196
13681,0.8294172762480037
13682,0.579
13683,0.9948571428571429
13684,0.05125
13685,0.105
13686,0.102
13687,0.117
13688,0.109
13689,0.13275
13690,0.0265
13691,0.006
13692,0.029
13693,0.296
13694,0.998
13695,0.006333333333333334
13696,0.105
13697,0.20725
13698,0.009
13699,0.016
13700,0.033
13701,0.2735
13702,0.474
13703,0.995
13704,0.789
13705,0.11645
13706,0.024
13707,0.255375
13708,0.438
13709,0.010266666666666665
13710,0.015
13711,0.925
13712,0.8972609393412538
13713,0.01
13714,0.009
13715,0.516
13716,0.994
13717,0.045
13718,0.3
13719,0.447
13720,0.21398333333333336
13721,0.019
13722,0.25
13723,0.022850000000000002
13724,0.0585
13725,0.01685714285714286
13726,0.019375
13727,0.0795
13728,0.985
13729,0.9294198510639688
13730,0.07
13731,0.367
13732,0.034
13733,0.11
13734,0.48919999999999997
13735,0.1260302586302586
13736,0.13
13737,0.9241630950920425
13738,0.134
13739,0.05486666666666667
13740,0.993
13741,0.41523333333333334
13742,0.996
13743,0.054
13744,0.046
13745,0.17
13746,0.36233333333333334
13747,0.1465
13748,0.208
13749,0.144
13750,0.248
13751,0.025
13752,0.08
13753,0.47460126231697397
13754,0.511
13755,0.384
13756,0.019
13757,0.329
13758,0.129
13759,0.035
13760,0.999
13761,0.49170724458016823
13762,0.206
13763,0.021011052009456264
13764,0.554
13765,0.252
13766,0.203
13767,0.426
13768,0.516
13769,0.163
13770,0.1345
13771,1.0
13772,1.0
13773,0.995
13774,0.008
13775,0.286
13776,0.19
13777,0.7672056561472583
13778,0.999
13779,0.217
13780,0.261
13781,0.187
13782,0.735
13783,0.011
13784,0.12
13785,0.455
13786,0.995
13787,0.0135
13788,0.10407142857142856
13789,0.094
13790,0.313
13791,0.014
13792,0.269
13793,0.099
13794,0.113
13795,0.092
13796,0.8888243442831677
13797,1.0
13798,0.802
13799,0.234
13800,0.307
13801,0.376
13802,0.238
13803,0.20829208079502196
13804,0.272
13805,0.013
13806,0.024
13807,0.9390701525054467
13808,0.34525
13809,0.065
13810,0.1105
13811,0.558
13812,1.0
13813,0.01
13814,0.992
13815,0.1653333333333333
13816,0.385
13817,0.115
13818,0.09925
13819,0.044
13820,0.364
13821,0.992
13822,0.217
13823,0.004
13824,0.413
13825,0.088
13826,0.124
13827,0.0405
13828,0.9399372740821271
13829,0.20026190476190475
13830,0.056
13831,0.276
13832,0.124
13833,0.305
13834,0.48
13835,0.017
13836,0.089
13837,0.08189374057315234
13838,0.101
13839,0.091
13840,0.3765
13841,0.602
13842,0.112
13843,0.564
13844,0.192
13845,0.21
13846,0.197
13847,0.078
13848,0.49170724458016823
13849,0.164
13850,0.162
13851,0.995
13852,0.07433333333333333
13853,0.022
13854,0.997
13855,0.01
13856,0.030904545454545455
13857,0.07661111111111112
13858,0.30266666666666664
13859,0.316
13860,0.072
13861,0.217
13862,0.076
13863,0.161
13864,0.08663030303030303
13865,0.0265
13866,0.12683333333333333
13867,0.993
13868,0.986
13869,0.976
13870,0.18697067099567102
13871,0.3383868594082218
13872,0.1725966451069211
13873,0.045
13874,0.999
13875,0.078
13876,0.994
13877,0.075
13878,0.996
13879,0.077
13880,0.5662363440652916
13881,0.46
13882,0.37375
13883,0.19
13884,0.813
13885,0.132
13886,0.128
13887,0.05610750915750916
13888,0.970974358974359
13889,0.114
13890,0.3306
13891,0.325
13892,0.305
13893,0.995
13894,0.059
13895,0.575
13896,0.182
13897,0.6371960784313726
13898,0.065
13899,0.059333333333333335
13900,0.5121666666666667
13901,0.06114999999999999
13902,0.0132
13903,0.004
13904,0.32289999999999996
13905,0.5229051175100067
13906,0.2
13907,0.105
13908,0.1702857142857143
13909,0.3019174603174603
13910,0.174
13911,0.995
13912,0.11659555555555555
13913,0.182
13914,0.008
13915,0.307
13916,0.1758
13917,0.408
13918,0.988
13919,0.271
13920,0.074
13921,0.083
13922,0.03233333333333334
13923,0.397
13924,0.3645
13925,0.026
13926,0.213
13927,0.46975
13928,0.003
13929,0.333
13930,0.775588188945387
13931,0.795
13932,0.319
13933,0.02025
13934,0.1565
13935,0.0245
13936,0.1755
13937,0.037192251461988304
13938,0.994
13939,0.185
13940,0.07766666666666668
13941,0.424
13942,0.027333333333333334
13943,0.013
13944,0.3363333333333333
13945,0.0
13946,0.449
13947,0.015
13948,0.19738333333333336
13949,0.008
13950,0.095
13951,0.14975
13952,0.769
13953,0.16595
13954,0.078
13955,0.0535
13956,0.224
13957,0.176
13958,0.997
13959,0.87371361580392
13960,0.507
13961,0.193
13962,0.968
13963,0.36108783917287995
13964,0.022
13965,0.071
13966,0.9527749999999999
13967,0.08325
13968,0.052
13969,0.013
13970,0.271
13971,0.132
13972,0.092
13973,0.052
13974,0.505
13975,0.762
13976,0.36
13977,0.12475
13978,0.105
13979,0.538
13980,0.0535
13981,0.014
13982,0.088
13983,0.48683333333333334
13984,0.4645
13985,0.182
13986,0.346
13987,0.119
13988,0.002
13989,0.047
13990,0.087
13991,0.0
13992,0.8111227346741666
13993,0.998
13994,0.219
13995,0.207
13996,0.679
13997,0.005
13998,0.03071764705882353
13999,0.002
14000,0.3228333333333333
14001,0.799
14002,0.979
14003,0.019
14004,0.008
14005,0.22
14006,0.172
14007,0.03443076923076924
14008,0.0070177623519804
14009,0.167
14010,0.04387126436781609
14011,0.04100000000000001
14012,0.206
14013,0.263
14014,0.249
14015,0.1643333333333333
14016,0.06047385947385948
14017,0.075
14018,0.025
14019,0.166
14020,0.044
14021,0.764
14022,0.9521960784313724
14023,0.095
14024,0.48
14025,0.13694444444444445
14026,0.22
14027,0.3445
14028,0.5009166666666667
14029,0.06890952380952382
14030,0.282
14031,0.242
14032,0.50875
14033,0.023
14034,0.01475
14035,0.21804444444444446
14036,0.537
14037,0.24881633274552953
14038,0.24475
14039,0.199
14040,0.11499999999999999
14041,0.20122222222222222
14042,0.06016666666666667
14043,0.119
14044,0.5635
14045,0.721
14046,0.5364443459259518
14047,0.032
14048,0.18466666666666665
14049,0.009263025210084033
14050,0.1785
14051,0.029
14052,0.101
14053,0.367
14054,0.995
14055,0.999
14056,0.213625
14057,0.1429
14058,0.151
14059,0.992
14060,0.214
14061,0.9591666666666666
14062,0.030516666666666664
14063,0.256
14064,0.151
14065,0.041
14066,0.089
14067,0.197
14068,0.014666666666666666
14069,0.11
14070,0.616
14071,0.17
14072,0.48219999999999996
14073,0.07
14074,1.0
14075,0.069
14076,0.074
14077,0.092
14078,0.106
14079,0.233
14080,0.1015
14081,0.1
14082,0.016
14083,0.039
14084,0.292
14085,0.16142183875635907
14086,0.9280953838645016
14087,0.16766666666666669
14088,0.421
14089,0.374
14090,0.08366666666666667
14091,0.021
14092,0.057
14093,0.9920384615384615
14094,0.926
14095,0.4051666666666667
14096,0.41225
14097,0.19139318933474503
14098,0.013
14099,0.6610631652661064
14100,0.001
14101,0.05995608974358975
14102,0.15916666666666668
14103,0.432
14104,0.047
14105,0.263
14106,0.171
14107,0.041
14108,0.137
14109,0.05
14110,0.358
14111,0.016
14112,0.042
14113,0.10527186554849066
14114,0.225
14115,0.033333333333333326
14116,0.167
14117,0.018
14118,0.06905
14119,0.5483333333333332
14120,0.1005
14121,0.338
14122,0.0179375
14123,0.051
14124,0.1778
14125,0.187
14126,0.724
14127,0.0935
14128,0.377
14129,0.158
14130,0.188
14131,0.061
14132,0.017
14133,0.98
14134,0.12179999999999999
14135,0.32426871479774705
14136,0.02
14137,0.017
14138,0.949
14139,0.9589871794871795
14140,0.9873333333333333
14141,0.028
14142,0.178
14143,0.999
14144,0.299
14145,0.335
14146,1.0
14147,0.104
14148,0.01814285714285714
14149,0.206
14150,1.0
14151,0.992
14152,0.365
14153,0.784
14154,0.0969
14155,0.16
14156,0.353
14157,0.029966666666666666
14158,0.979
14159,0.109
14160,1.0
14161,0.167
14162,0.17355540605411945
14163,0.023
14164,0.218
14165,0.114
14166,0.21983333333333335
14167,0.998
14168,0.012
14169,0.075
14170,0.10553911284793638
14171,0.993
14172,0.241
14173,0.8504829004329003
14174,0.2005
14175,0.097
14176,0.23047619047619047
14177,0.018
14178,0.8116281233472412
14179,0.347
14180,0.093
14181,0.072
14182,0.269
14183,0.23075
14184,0.12333333333333332
14185,0.373
14186,0.18404761904761904
14187,0.20566666666666666
14188,0.9803
14189,0.0785
14190,0.069
14191,0.995
14192,0.268
14193,0.184
14194,0.111
14195,0.7350333333333334
14196,0.25
14197,0.118
14198,0.044666666666666674
14199,0.16140066401912956
14200,0.11433333333333333
14201,0.043
14202,0.016
14203,0.2832
14204,1.0
14205,0.6040539180477504
14206,0.303
14207,0.209
14208,0.1375
14209,0.247
14210,0.098
14211,0.045666666666666675
14212,0.25
14213,0.9742999999999999
14214,1.0
14215,0.226
14216,0.068
14217,0.02273333333333333
14218,0.036
14219,0.413
14220,0.995
14221,0.998
14222,0.569
14223,0.35
14224,0.192
14225,0.399
14226,0.16116666666666665
14227,0.027298701298701294
14228,0.326
14229,0.0884797619047619
14230,0.031
14231,0.118
14232,0.0184
14233,0.119
14234,0.2074285714285714
14235,0.53
14236,0.0215
14237,0.136
14238,0.243
14239,0.997
14240,0.694
14241,0.8741017023517024
14242,0.254
14243,0.72
14244,0.14125
14245,0.095
14246,0.995
14247,0.26911924334261556
14248,0.03725
14249,0.311
14250,0.126
14251,0.02940546218487395
14252,0.22733333333333333
14253,0.5155833333333333
14254,0.032125
14255,0.0696952380952381
14256,0.115
14257,0.197
14258,0.284
14259,0.008347058823529412
14260,0.3340510162223397
14261,0.019
14262,0.9906584615384616
14263,0.183
14264,1.0
14265,0.577
14266,0.17276923076923079
14267,0.079
14268,0.06
14269,0.04
14270,0.0
14271,0.3155
14272,0.145
14273,0.018626923076923076
14274,0.177
14275,0.7277222222222222
14276,0.46175
14277,0.675
14278,0.19975227743271223
14279,0.067
14280,0.07983333333333334
14281,0.02
14282,0.203
14283,0.998
14284,0.367
14285,0.39975
14286,0.102
14287,0.41225
14288,0.2215
14289,0.228
14290,0.12033333333333333
14291,0.13266666666666668
14292,0.0545
14293,0.105
14294,0.06
14295,0.1175
14296,0.157
14297,0.198
14298,0.4250027056277048
14299,1.0
14300,0.0285
14301,0.167
14302,0.152
14303,0.106
14304,0.197
14305,0.038
14306,0.06683333333333334
14307,0.989
14308,0.347
14309,0.052
14310,0.07786507936507937
14311,0.04704347826086956
14312,0.017
14313,0.036083333333333335
14314,1.0
14315,0.313
14316,0.12466666666666666
14317,0.952
14318,0.2308405788655788
14319,0.53276329378972
14320,0.028
14321,1.0
14322,0.234
14323,0.999
14324,0.296
14325,0.004
14326,0.182
14327,0.7639733023512435
14328,0.023
14329,0.26265
14330,0.019
14331,0.03
14332,0.595
14333,0.121
14334,0.026
14335,0.09486977760801289
14336,0.12066666666666666
14337,0.3195
14338,1.0
14339,0.006
14340,0.234
14341,0.8919878539932719
14342,0.8040140692640693
14343,0.392
14344,0.017
14345,0.02
14346,0.1093
14347,0.997
14348,0.1165
14349,0.169
14350,0.007
14351,0.7853333333333333
14352,0.5136034354534356
14353,0.0441
14354,0.642
14355,0.5463333333333332
14356,0.235
14357,0.11743418388628916
14358,0.9476
14359,0.7035
14360,0.053
14361,0.3942857142857143
14362,0.052
14363,0.457
14364,0.12
14365,0.3344
14366,0.037192251461988304
14367,0.03533333333333333
14368,0.02988095238095238
14369,0.048
14370,0.09603809523809523
14371,0.455
14372,0.007
14373,0.979
14374,0.213
14375,0.024
14376,0.4604
14377,0.144
14378,1.0
14379,0.993
14380,0.022
14381,0.044
14382,0.36794698079698085
14383,0.091
14384,0.0
14385,0.1006
14386,0.266
14387,0.013
14388,0.245
14389,0.015
14390,0.116
14391,0.999
14392,0.042043478260869564
14393,0.17983333333333335
14394,0.7228797717903125
14395,0.0795
14396,0.30890277777777775
14397,0.342
14398,0.111
14399,0.4
14400,0.691
14401,0.153
14402,0.49170724458016823
14403,0.009
14404,0.001
14405,0.024
14406,0.988
14407,1.0
14408,0.196
14409,0.059666666666666666
14410,0.086
14411,0.406
14412,0.13
14413,0.307
14414,0.065
14415,0.2323333333333333
14416,0.059
14417,0.324
14418,0.055
14419,0.113
14420,0.21265
14421,0.042
14422,0.6425
14423,0.177
14424,0.3317639028309237
14425,0.04122990050884787
14426,0.28656666666666664
14427,0.275
14428,0.031
14429,0.11273333333333332
14430,0.209
14431,0.056
14432,0.113
14433,0.063
14434,0.021011052009456264
14435,0.989
14436,0.016
14437,0.056
14438,0.134
14439,0.965974358974359
14440,0.23875
14441,0.16541666666666666
14442,0.996
14443,0.08233333333333334
14444,0.376
14445,0.69
14446,0.487
14447,0.377
14448,0.0455
14449,0.037
14450,0.229
14451,0.528
14452,0.17366666666666666
14453,0.09516666666666666
14454,0.0013333333333333333
14455,0.178
14456,0.05413788335847159
14457,0.475
14458,0.276
14459,0.313
14460,0.994
14461,0.051166666666666666
14462,0.434
14463,0.2195
14464,0.09688095238095236
14465,0.9027551257253384
14466,0.049
14467,0.219
14468,0.173
14469,0.1660666666666667
14470,0.103
14471,0.001
14472,0.5576666666666666
14473,0.060333333333333336
14474,0.6526980676328502
14475,0.038
14476,0.788
14477,0.202
14478,0.445
14479,0.373
14480,0.009
14481,0.09525
14482,0.2430187257187257
14483,0.299
14484,0.999
14485,0.362
14486,0.183
14487,0.087
14488,1.0
14489,0.071
14490,0.3
14491,0.029
14492,0.5443750000000002
14493,0.125
14494,0.998
14495,0.923534188034188
14496,0.117
14497,0.442
14498,0.7666666666666667
14499,0.1523454390451833
14500,0.016
14501,0.008
14502,0.161
14503,0.097
14504,0.2675333333333333
14505,0.198
14506,0.039
14507,0.068
14508,0.702
14509,0.472
14510,0.0445
14511,0.8431764705882354
14512,0.028
14513,0.425
14514,0.16
14515,0.996
14516,0.529
14517,0.998
14518,0.051
14519,0.085
14520,0.999
14521,0.998
14522,0.228
14523,0.274
14524,0.05280384615384615
14525,0.036
14526,0.0499
14527,0.6102884099616859
14528,0.9833076923076923
14529,0.041
14530,0.0195
14531,0.07633333333333334
14532,0.179
14533,0.04524666666666667
14534,0.11397999999999998
14535,0.998
14536,0.992
14537,0.088
14538,0.005
14539,0.45633333333333337
14540,0.194
14541,0.9450707771409638
14542,0.706
14543,0.8242456310433638
14544,0.5639
14545,0.982
14546,0.152
14547,0.265
14548,0.011
14549,0.813
14550,0.3811470588235294
14551,0.056
14552,0.011
14553,0.10558333333333333
14554,0.08366666666666665
14555,0.033
14556,0.055
14557,0.239
14558,0.076
14559,0.174
14560,0.19258785652771776
14561,0.238
14562,0.038
14563,0.0239
14564,0.355
14565,0.109
14566,0.042583333333333334
14567,0.04
14568,0.054
14569,0.11325
14570,0.2768571428571429
14571,0.4814
14572,0.13883333333333334
14573,0.131
14574,0.024
14575,0.8765
14576,0.124
14577,0.729
14578,0.9356449210919799
14579,0.07773676046176044
14580,0.024
14581,0.987
14582,0.9260375721500723
14583,0.2582833333333333
14584,0.121
14585,0.407
14586,0.979
14587,0.481
14588,0.328
14589,0.054
14590,0.33925
14591,0.03196443161932966
14592,0.039
14593,0.926
14594,0.9920384615384615
14595,0.026
14596,0.044666666666666674
14597,1.0
14598,0.46273333333333333
14599,0.013
14600,0.153
14601,0.137
14602,0.997
14603,0.044
14604,0.4246119663832899
14605,0.986
14606,0.01838049645390071
14607,0.052
14608,0.994
14609,0.095
14610,0.337
14611,0.0275
14612,0.104
14613,0.009949999999999999
14614,0.10965000000000001
14615,0.7639733023512435
14616,0.0535
14617,0.23109444444444446
14618,0.098
14619,0.49019999999999997
14620,0.182
14621,0.4126
14622,0.155
14623,0.998
14624,0.12049999999999998
14625,0.207
14626,0.336
14627,0.255
14628,0.268
14629,0.355
14630,0.009340740740740741
14631,0.011
14632,0.994
14633,0.08267857142857143
14634,0.15
14635,0.022566666666666665
14636,0.04633333333333334
14637,0.16413677156177156
14638,0.041
14639,0.45
14640,0.05128786809877074
14641,0.993375
14642,0.03186527777777778
14643,0.999
14644,1.0
14645,0.18800409035409035
14646,0.994
14647,0.039
14648,0.1744952380952381
14649,1.0
14650,0.232
14651,0.153
14652,0.251
14653,0.129
14654,0.075
14655,0.979
14656,0.9972000000000001
14657,0.514
14658,1.0
14659,0.186
14660,0.49441666666666667
14661,0.3375
14662,0.183
14663,0.249
14664,0.416
14665,0.0865496031746032
14666,0.993
14667,0.495
14668,0.026625
14669,0.2006904761904762
14670,0.97
14671,0.049
14672,0.037
14673,0.0365
14674,0.283
14675,0.08541666666666667
14676,0.9993636363636363
14677,0.2514
14678,0.12833333333333335
14679,0.13597348484848484
14680,0.7585427109440267
14681,0.205
14682,0.6513333333333333
14683,0.224
14684,0.9662999999999999
14685,0.133
14686,0.027
14687,0.025333333333333336
14688,0.272
14689,0.04662019230769231
14690,0.38033333333333336
14691,0.149
14692,0.98
14693,0.4045
14694,0.19036363636363637
14695,0.6662761904761905
14696,0.312
14697,0.4195
14698,0.498
14699,0.024
14700,0.241
14701,0.997
14702,0.073
14703,0.129
14704,0.9742999999999999
14705,0.289
14706,0.996
14707,0.12240000000000001
14708,0.327
14709,0.2631226190476191
14710,0.283
14711,0.127
14712,0.987
14713,0.528
14714,0.363
14715,0.2945177128427128
14716,0.993
14717,0.02195
14718,0.042
14719,0.085
14720,1.0
14721,0.079
14722,0.051
14723,0.9394403684550744
14724,0.526
14725,0.338
14726,0.12876666666666664
14727,0.008
14728,0.012085714285714285
14729,0.999
14730,0.18
14731,0.38
14732,0.996
14733,0.4175
14734,0.920001418026418
14735,0.419
14736,0.321
14737,0.0985
14738,0.362
14739,0.276
14740,0.10666666666666667
14741,0.998
14742,0.629
14743,0.4325315997141495
14744,0.227
14745,0.092
14746,0.022
14747,0.263
14748,0.999
14749,0.991
14750,0.04226666666666667
14751,0.0765
14752,0.926
14753,0.956
14754,0.06
14755,0.33025
14756,0.069
14757,0.135
14758,0.039
14759,0.113
14760,0.237
14761,0.055
14762,0.13
14763,1.0
14764,0.18128571428571427
14765,0.515
14766,0.025333333333333336
14767,0.09726805555555555
14768,0.3135
14769,0.23508333333333337
14770,0.119
14771,0.57
14772,0.593
14773,0.027
14774,0.148
14775,0.033
14776,0.9529384615384616
14777,0.03533333333333333
14778,0.09485984848484846
14779,0.5983666666666666
14780,0.987
14781,0.26233333333333336
14782,0.097
14783,0.246
14784,0.12333333333333332
14785,0.976
14786,0.445
14787,0.055
14788,0.393
14789,0.169
14790,0.6554
14791,0.063
14792,0.8259249393245962
14793,0.12753333333333333
14794,0.07
14795,1.0
14796,0.411
14797,0.21248333333333336
14798,0.071
14799,0.9343924242424243
14800,0.04083333333333333
14801,0.993
14802,0.072
14803,0.039
14804,0.064
14805,0.075
14806,0.998
14807,0.285
14808,0.02
14809,0.1528999779901904
14810,0.06925
14811,0.233
14812,0.364
14813,0.026
14814,1.0
14815,0.244
14816,0.2673333333333333
14817,0.086
14818,0.067
14819,0.029
14820,0.21
14821,0.894819806313822
14822,0.029
14823,0.10617738095238095
14824,0.06649761904761906
14825,0.010595238095238095
14826,1.0
14827,0.7275
14828,0.12
14829,0.288
14830,0.039
14831,0.461
14832,0.821
14833,0.016
14834,0.99
14835,0.095
14836,0.33
14837,0.155
14838,0.07429999999999999
14839,0.12542857142857142
14840,0.97925
14841,0.133
14842,0.887365042070073
14843,0.123
14844,0.02225
14845,0.24883333333333335
14846,0.017
14847,0.359
14848,0.16566666666666668
14849,0.996
14850,0.954
14851,0.072
14852,0.107
14853,0.522
14854,0.44478366933497
14855,0.01843076923076923
14856,0.04133333333333333
14857,0.997
14858,0.117
14859,0.995
14860,0.257
14861,0.09573730158730161
14862,0.231
14863,0.051
14864,0.54
14865,0.9948571428571429
14866,0.105
14867,0.9356449210919799
14868,0.116
14869,0.428
14870,0.054
14871,0.063
14872,0.3365
14873,0.7085454545454545
14874,0.05933333333333333
14875,0.112
14876,0.179
14877,0.36728647494776084
14878,0.098
14879,0.999
14880,0.24744999999999998
14881,1.0
14882,0.31
14883,0.997
14884,0.036189922480620154
14885,0.054
14886,0.031
14887,0.116
14888,0.265
14889,0.171
14890,0.081
14891,0.009833333333333335
14892,0.046
14893,0.98
14894,0.581
14895,0.9019136178861789
14896,0.037
14897,0.9948571428571429
14898,0.22
14899,0.106
14900,0.133
14901,0.067
14902,0.03769047619047619
14903,0.09
14904,0.532
14905,0.115
14906,0.058
14907,0.9466888888888889
14908,0.022
14909,0.5491666666666666
14910,0.9955194805194806
14911,0.223
14912,0.1844771444031807
14913,0.098
14914,0.281
14915,0.032
14916,0.13266666666666668
14917,0.018
14918,0.233986568986569
14919,0.181
14920,0.28
14921,0.998
14922,0.0895
14923,0.021333333333333333
14924,0.089
14925,0.028
14926,0.08742857142857142
14927,0.177
14928,0.471
14929,0.991
14930,0.997
14931,0.046
14932,0.04
14933,0.2415
14934,0.259
14935,0.968
14936,0.293
14937,0.99
14938,0.997
14939,0.244
14940,0.317
14941,0.487
14942,0.2551095238095238
14943,0.3515
14944,0.013
14945,0.09433333333333332
14946,0.1815
14947,0.035
14948,0.598
14949,0.03
14950,0.25133333333333335
14951,0.509
14952,0.245
14953,0.025714285714285714
14954,0.196
14955,1.0
14956,0.9124217088724829
14957,0.069
14958,0.12242857142857143
14959,0.1616
14960,0.998
14961,0.209
14962,0.8432871627069856
14963,0.08366666666666665
14964,0.001
14965,0.005
14966,0.5026666666666666
14967,0.11
14968,0.048
14969,0.06891666666666667
14970,0.261
14971,0.4415
14972,0.015
14973,0.02
14974,0.115
14975,0.1885
14976,0.01
14977,0.114
14978,0.6074166666666666
14979,0.012
14980,0.092
14981,0.0761
14982,0.145
14983,0.6431694805194809
14984,0.243
14985,0.32811111111111113
14986,0.5225
14987,0.205
14988,0.219
14989,0.062
14990,0.109
14991,0.11533333333333333
14992,0.013
14993,0.015
14994,0.04057142857142857
14995,0.01
14996,0.106
14997,0.18
14998,0.11
14999,0.376
15000,0.268
15001,0.003
15002,0.12825
15003,0.5916666666666667
15004,0.972
15005,0.313
15006,0.232
15007,0.12
15008,0.018
15009,0.095
15010,0.201
15011,0.586
15012,0.144
15013,0.092
15014,0.159
15015,0.998
15016,0.961
15017,0.0451940737423496
15018,0.157
15019,0.066
15020,0.024
15021,0.129
15022,0.272
15023,0.696
15024,0.048285714285714286
15025,0.234
15026,0.376
15027,0.996
15028,0.24
15029,0.921500274579222
15030,0.04966666666666667
15031,0.1805
15032,0.072
15033,0.043666666666666666
15034,0.091
15035,0.092
15036,0.15678333333333333
15037,0.047
15038,0.07425
15039,0.052966666666666676
15040,0.11
15041,0.25209404761904763
15042,0.024
15043,0.377
15044,0.0715
15045,0.279
15046,0.3159166666666667
15047,0.085
15048,0.04033333333333334
15049,0.236
15050,0.28
15051,0.351
15052,0.994
15053,0.5335
15054,0.329
15055,0.09
15056,0.479
15057,0.0337
15058,0.425
15059,0.305
15060,0.991
15061,0.098
15062,0.997
15063,0.626
15064,0.399
15065,0.998
15066,0.172
15067,0.058
15068,0.29333333333333333
15069,0.10646666666666665
15070,1.0
15071,0.773
15072,0.993375
15073,0.06118333333333334
15074,0.674625
15075,0.5009166666666667
15076,0.02756740319282989
15077,0.006
15078,0.2744
15079,0.0835
15080,0.838
15081,0.366
15082,0.1638
15083,0.37
15084,0.018
15085,0.028
15086,0.161
15087,0.9327069097569098
15088,0.10031666666666668
15089,0.088
15090,0.87575
15091,0.12394444444444444
15092,0.069
15093,0.016
15094,0.3575
15095,0.459
15096,0.2299
15097,0.078
15098,0.019399999999999997
15099,0.096
15100,0.346
15101,0.356
15102,0.421
15103,0.604
15104,0.061
15105,0.266
15106,0.193
15107,0.058925396825396825
15108,0.30419999999999997
15109,0.1825
15110,0.061
15111,0.7103333333333333
15112,0.185
15113,1.0
15114,0.3340510162223397
15115,0.144
15116,0.034
15117,0.17
15118,0.031
15119,0.14846666666666666
15120,0.214
15121,0.8694346472581127
15122,0.157
15123,0.248
15124,0.119
15125,0.109
15126,0.022
15127,0.13
15128,0.32556051839923883
15129,0.162
15130,0.226
15131,0.173
15132,0.239
15133,0.029
15134,0.5505
15135,0.0345
15136,0.038
15137,0.9974666666666667
15138,0.0286
15139,0.175
15140,0.153
15141,0.10433333333333333
15142,0.992
15143,0.07792307692307691
15144,0.11566666666666665
15145,0.32333333333333336
15146,0.002
15147,0.04716666666666666
15148,0.06133333333333334
15149,0.35716666666666663
15150,0.994
15151,0.206
15152,0.09308333333333332
15153,0.167
15154,0.229
15155,0.087
15156,0.21625
15157,0.31013023088023084
15158,0.111
15159,0.056833333333333326
15160,0.304
15161,0.039
15162,0.9472461538461538
15163,0.698
15164,1.0
15165,0.02
15166,0.274
15167,0.07316666666666667
15168,0.296
15169,0.039
15170,0.0315
15171,0.04338310708898944
15172,0.153
15173,0.032
15174,0.03
15175,0.9299566149536737
15176,0.05985
15177,0.158
15178,0.997
15179,0.249
15180,0.11775
15181,0.019
15182,0.1844
15183,0.355
15184,0.9723333333333333
15185,0.025
15186,0.025
15187,0.1003095238095238
15188,0.998
15189,0.401
15190,0.375
15191,1.0
15192,0.132
15193,0.1117238095238095
15194,0.043894230769230776
15195,0.167
15196,0.074
15197,0.037
15198,0.043
15199,0.208
15200,0.012
15201,0.133
15202,0.992
15203,0.088
15204,0.207
15205,0.003
15206,0.086
15207,0.046
15208,0.23675
15209,0.305
15210,0.770982968269497
15211,0.013
15212,0.412
15213,0.424
15214,0.767
15215,0.402
15216,0.181
15217,0.053
15218,0.15425
15219,0.0865
15220,0.281
15221,0.6513333333333333
15222,0.995
15223,0.384
15224,0.5824916666666666
15225,0.119
15226,0.21383333333333335
15227,0.311
15228,0.266
15229,0.997
15230,0.007
15231,0.322
15232,0.9903333333333334
15233,0.028
15234,0.998
15235,0.15025
15236,0.125
15237,0.024149999999999998
15238,0.25126315789473685
15239,0.126
15240,0.653
15241,0.991
15242,0.297
15243,0.21
15244,0.676
15245,0.663
15246,0.18
15247,0.5
15248,0.338
15249,0.472
15250,0.10976666666666665
15251,0.9873333333333333
15252,0.968
15253,0.88
15254,0.579
15255,1.0
15256,0.993
15257,0.058
15258,0.035
15259,0.887365042070073
15260,0.203
15261,0.9955194805194806
15262,0.13025111832611833
15263,0.073
15264,0.65
15265,0.029
15266,0.066
15267,0.1125
15268,0.133
15269,0.2996309523809524
15270,0.046
15271,0.677
15272,0.068
15273,0.264
15274,0.18238333333333331
15275,0.043
15276,0.995
15277,0.74
15278,0.17211666666666667
15279,0.1505
15280,0.077
15281,0.21375
15282,0.986
15283,0.018
15284,0.998
15285,0.6437380952380952
15286,0.9292175562011089
15287,0.113
15288,0.011
15289,0.026
15290,0.196
15291,0.405
15292,0.3544415584415584
15293,0.9819285714285715
15294,0.2633333333333333
15295,0.3845
15296,0.143
15297,0.05
15298,0.378
15299,0.164
15300,1.0
15301,0.677
15302,0.247
15303,0.021226190476190475
15304,0.194
15305,0.478
15306,0.0475
15307,0.097
15308,0.970974358974359
15309,0.047
15310,0.118
15311,0.07316666666666667
15312,0.353
15313,0.16
15314,0.203
15315,0.31227678477545584
15316,0.019
15317,0.131
15318,0.228
15319,0.022850000000000002
15320,0.035
15321,0.121
15322,0.02775
15323,0.07
15324,0.1980909090909091
15325,0.277
15326,0.056333333333333326
15327,0.0211
15328,0.28
15329,0.994
15330,0.3275
15331,0.059666666666666666
15332,0.021
15333,0.249
15334,0.855
15335,0.099
15336,0.4305
15337,0.2
15338,0.405
15339,0.36711764705882355
15340,0.019
15341,0.163
15342,0.078
15343,0.715
15344,0.399
15345,0.0405
15346,0.12608333333333333
15347,0.023
15348,0.449
15349,0.008
15350,0.9169244582215171
15351,0.051
15352,0.31625
15353,0.118
15354,0.079
15355,0.181
15356,0.18275
15357,0.305
15358,0.196
15359,0.024535211267605633
15360,0.684
15361,0.174
15362,0.2945
15363,0.362
15364,0.247
15365,0.059
15366,0.159
15367,0.005722222222222222
15368,0.05574535289649854
15369,0.036
15370,0.12104999999999999
15371,0.207
15372,0.166
15373,0.4688888888888889
15374,0.253
15375,0.5376487994298703
15376,0.26733333333333337
15377,0.0606
15378,0.1985
15379,0.8726666666666667
15380,0.117
15381,0.20909442471143225
15382,0.797
15383,0.107
15384,0.024
15385,0.351
15386,0.6620952380952381
15387,0.111
15388,0.187
15389,0.028
15390,0.16
15391,0.3615
15392,0.51
15393,0.027
15394,0.279
15395,0.027
15396,0.173
15397,0.15333333333333332
15398,0.058
15399,0.7672056561472583
15400,0.301
15401,0.275
15402,0.043
15403,0.026
15404,0.21966666666666665
15405,0.196
15406,0.513
15407,0.059
15408,0.107
15409,0.334
15410,0.05
15411,0.999
15412,0.057
15413,0.27202543090221937
15414,0.3525
15415,0.06933333333333334
15416,0.303
15417,0.357
15418,0.277
15419,0.3785617647058823
15420,0.017
15421,0.551
15422,0.24080000000000001
15423,0.7563886221059342
15424,0.992
15425,0.682
15426,0.3768333333333333
15427,0.18
15428,0.6314285714285715
15429,0.994
15430,0.8364594923678172
15431,0.026
15432,0.0565
15433,0.19733333333333333
15434,0.271
15435,0.6390816876826245
15436,0.379
15437,0.276
15438,0.11656239854486486
15439,0.14908333333333335
15440,0.048761904761904756
15441,0.478
15442,0.03
15443,0.17653968253968252
15444,0.11758276493948548
15445,0.024
15446,0.354
15447,0.321
15448,0.196
15449,0.047
15450,0.266
15451,0.06
15452,0.403
15453,0.186
15454,0.257
15455,0.16726190476190478
15456,0.298
15457,0.10666666666666667
15458,0.040125
15459,0.025
15460,0.193
15461,0.16413677156177156
15462,0.019625
15463,0.02
15464,0.409
15465,0.826
15466,0.15
15467,0.008
15468,0.1835
15469,0.5231152181152181
15470,0.98612
15471,0.08483333333333334
15472,0.489
15473,0.218
15474,0.2910333333333333
15475,0.37
15476,0.012
15477,0.202
15478,0.048
15479,0.356
15480,0.317
15481,0.9246546735937801
15482,0.1
15483,0.7675236111111112
15484,0.013
15485,0.8903076923076924
15486,0.465
15487,0.13466666666666666
15488,0.6478747474747475
15489,0.017566666666666664
15490,1.0
15491,0.22
15492,0.084
15493,0.6755564194577357
15494,0.17966666666666667
15495,0.20279166666666665
15496,0.9521960784313724
15497,0.34101190476190474
15498,0.025333333333333336
15499,0.768
15500,0.011
15501,0.004
15502,0.675
15503,0.071
15504,0.730362311472852
15505,0.631
15506,0.099
15507,0.8741017023517024
15508,0.037
15509,0.15625
15510,0.09033333333333335
15511,0.2798
15512,0.313
15513,0.015333333333333332
15514,0.992
15515,0.04684207839262187
15516,0.493
15517,0.06625
15518,1.0
15519,0.292
15520,0.0804
15521,0.165
15522,0.007
15523,0.078
15524,0.966
15525,0.998
15526,0.056
15527,0.1305
15528,0.426
15529,0.026866666666666667
15530,0.015166666666666667
15531,0.066
15532,0.062
15533,0.376
15534,0.011
15535,0.207
15536,0.599
15537,0.272
15538,0.24466666666666664
15539,0.2999714285714288
15540,0.043
15541,0.09546753246753246
15542,0.134
15543,0.032
15544,0.11299093457711877
15545,0.015
15546,0.2425
15547,0.3048666666666667
15548,0.04966815610859729
15549,0.145
15550,0.085
15551,0.086
15552,0.1623333333333333
15553,0.028
15554,0.308
15555,0.128
15556,0.9920384615384615
15557,0.105
15558,0.46212878787878786
15559,0.069
15560,0.301
15561,1.0
15562,0.994
15563,0.016
15564,0.107
15565,0.28625
15566,0.066
15567,0.1185
15568,0.277
15569,0.9974666666666667
15570,0.10236219336219336
15571,0.277
15572,0.018666666666666668
15573,0.15005555555555555
15574,0.8416476325285273
15575,0.114
15576,0.134
15577,0.113
15578,1.0
15579,0.106
15580,0.998
15581,0.226
15582,0.299
15583,0.722
15584,0.999
15585,0.011833333333333333
15586,0.029
15587,0.026
15588,0.043
15589,0.152
15590,0.013947368421052632
15591,0.2400961130154376
15592,0.445
15593,0.337
15594,0.751
15595,0.098
15596,0.345
15597,0.142
15598,0.2145
15599,0.019
15600,0.044
15601,0.102
15602,0.998
15603,0.023
15604,0.067
15605,0.091
15606,0.034
15607,0.691
15608,0.095
15609,0.487
15610,0.001
15611,0.019133333333333332
15612,0.361
15613,1.0
15614,0.6893833333333335
15615,0.07358333333333335
15616,0.8748580064414428
15617,0.418
15618,0.059
15619,0.8919003937239232
15620,0.30133333333333334
15621,0.243
15622,0.3010176587301587
15623,0.451
15624,0.189
15625,0.092
15626,0.056
15627,0.112375
15628,0.999
15629,0.999
15630,0.141
15631,0.021332034632034633
15632,0.029111111111111112
15633,0.167
15634,0.019
15635,0.343
15636,0.06618181818181819
15637,0.028
15638,0.17866666666666667
15639,0.24033333333333334
15640,0.544
15641,0.02
15642,0.993
15643,0.2772723873474541
15644,0.765
15645,0.1665
15646,0.03866666666666666
15647,0.009
15648,0.02195
15649,0.08566666666666667
15650,0.062
15651,0.08057142857142857
15652,0.0135
15653,0.2881428571428571
15654,0.1465
15655,0.0176
15656,0.133
15657,0.993
15658,0.568
15659,0.202
15660,0.318
15661,0.3155
15662,0.291
15663,0.397
15664,0.993
15665,0.013736363636363637
15666,0.063
15667,0.994
15668,0.08567352941176469
15669,0.132
15670,0.083
15671,0.016
15672,0.229
15673,0.093
15674,0.4491666666666666
15675,0.214
15676,0.035
15677,0.12833333333333333
15678,0.38625
15679,0.146
15680,0.136
15681,0.995
15682,0.121
15683,0.432
15684,0.407
15685,0.007666666666666666
15686,0.04666666666666666
15687,0.15166666666666667
15688,1.0
15689,0.245
15690,0.021
15691,0.286
15692,0.038
15693,0.6183788440611718
15694,0.014
15695,0.122
15696,0.474
15697,0.477
15698,0.989
15699,0.088
15700,0.999
15701,0.8416476325285273
15702,0.116
15703,0.046200000000000005
15704,0.09801666666666667
15705,0.205
15706,0.87395191559988
15707,0.346
15708,0.817752592988477
15709,0.16
15710,0.142
15711,0.106
15712,0.223
15713,0.6776190476190476
15714,0.213
15715,0.11377272727272726
15716,0.354
15717,0.08261309523809524
15718,0.126
15719,0.997
15720,0.206
15721,0.2422
15722,0.996
15723,0.216
15724,0.996
15725,0.128
15726,0.424
15727,0.179
15728,0.04925
15729,0.097
15730,0.266
15731,0.166
15732,0.264
15733,0.3148333333333333
15734,0.012271428571428572
15735,0.8728056082806083
15736,0.028
15737,0.991
15738,0.303
15739,0.039
15740,0.023
15741,0.994
15742,0.07457142857142857
15743,0.997
15744,0.09333333333333334
15745,0.9951111111111111
15746,0.998
15747,0.018
15748,0.005
15749,0.09
15750,0.119
15751,0.091
15752,0.022
15753,0.3378333333333333
15754,0.26145454545454544
15755,0.993
15756,0.434
15757,0.152
15758,0.1895
15759,0.20047222222222222
15760,0.012199999999999999
15761,0.9224166666666668
15762,0.272
15763,0.335
15764,0.227
15765,0.0415
15766,0.343
15767,1.0
15768,0.066
15769,0.066
15770,0.114
15771,0.081
15772,0.8825
15773,0.029
15774,0.999
15775,0.093
15776,0.09466666666666666
15777,0.517
15778,0.175
15779,0.356
15780,0.17583333333333334
15781,0.019
15782,0.689
15783,0.214
15784,0.04
15785,0.20829208079502196
15786,0.464
15787,0.442
15788,0.04780952380952381
15789,0.928308084970585
15790,0.3423887845104596
15791,0.067
15792,0.30533333333333335
15793,0.468
15794,0.062
15795,0.987
15796,0.149
15797,0.986
15798,0.7080285714285715
15799,0.08135299499094256
15800,0.236
15801,0.24980000000000002
15802,0.1635
15803,0.304
15804,0.028
15805,0.17449999999999996
15806,0.062
15807,0.089
15808,0.995
15809,0.337
15810,0.2043333333333333
15811,0.7067678139298531
15812,0.354
15813,0.2
15814,0.30308333333333337
15815,0.19433333333333333
15816,0.03858333333333334
15817,0.987
15818,0.012085714285714285
15819,0.048
15820,0.31311111111111106
15821,0.429
15822,0.02
15823,0.022
15824,0.424
15825,0.9865
15826,0.259
15827,1.0
15828,0.3380571428571429
15829,0.025
15830,0.014
15831,0.038
15832,0.009
15833,0.1844771444031807
15834,0.14675
15835,0.3740803828406733
15836,0.056
15837,0.181
15838,0.114
15839,0.9895662055335968
15840,0.079375
15841,0.995
15842,0.081
15843,0.014
15844,0.674
15845,0.386
15846,0.28575654623154617
15847,0.0245
15848,0.084
15849,0.188
15850,0.986
15851,0.704343300110742
15852,0.01625
15853,0.061
15854,0.178
15855,0.077
15856,0.20644444444444446
15857,0.044
15858,0.035
15859,0.25983333333333336
15860,0.089
15861,0.0325
15862,0.525
15863,0.971
15864,0.02211111111111111
15865,0.01525
15866,0.998
15867,0.107
15868,0.366
15869,0.20725
15870,0.028
15871,0.8419260683760683
15872,0.091
15873,0.20933333333333334
15874,0.06068333333333334
15875,0.06787575757575758
15876,0.171
15877,0.243
15878,0.162
15879,0.196
15880,0.06701666666666667
15881,0.086
15882,0.246
15883,0.068
15884,0.073
15885,0.26896428571428566
15886,0.01
15887,0.033
15888,0.243
15889,0.092
15890,0.0155
15891,0.189
15892,0.452
15893,0.04540588235294118
15894,0.98
15895,0.224
15896,0.151
15897,0.994
15898,0.131
15899,1.0
15900,0.381094427244582
15901,0.086
15902,0.881
15903,0.5831664884155958
15904,0.007
15905,0.017
15906,0.992
15907,0.008
15908,0.1185
15909,0.24993778262994176
15910,0.109
15911,0.9873333333333333
15912,0.654
15913,0.341
15914,0.9951111111111111
15915,0.1844771444031807
15916,0.034
15917,0.08969931457431456
15918,0.08825
15919,0.1766666666666667
15920,0.04866666666666667
15921,0.887365042070073
15922,0.219
15923,0.28925
15924,0.054766666666666665
15925,0.387
15926,0.074
15927,0.3716666666666667
15928,0.16
15929,0.3399398560503824
15930,0.334
15931,0.204
15932,0.336
15933,0.209
15934,0.0745
15935,0.101
15936,0.175
15937,0.5426666666666667
15938,0.178
15939,0.108
15940,0.011
15941,0.0087
15942,0.051
15943,0.052
15944,0.995
15945,0.031
15946,0.991
15947,1.0
15948,0.083
15949,0.08
15950,0.2514
15951,0.05475
15952,0.032
15953,0.362
15954,0.999
15955,0.385
15956,0.023
15957,0.7691111111111111
15958,0.011184429018647066
15959,0.16413677156177156
15960,0.2878888888888889
15961,0.205
15962,0.1666
15963,0.0205
15964,0.197
15965,0.21875
15966,0.165
15967,0.012
15968,0.2305
15969,0.7183333333333334
15970,0.996
15971,0.011
15972,0.993
15973,0.069
15974,0.203
15975,0.20614625603864736
15976,0.014
15977,0.995
15978,0.423
15979,0.723
15980,0.26384210526315793
15981,0.083
15982,0.3982
15983,0.523
15984,1.0
15985,0.4018333333333333
15986,0.01
15987,0.332
15988,0.625
15989,0.22
15990,0.14325
15991,0.404
15992,0.8295247835497834
15993,0.1638333333333333
15994,0.08475
15995,0.105
15996,0.10527186554849066
15997,0.9150713323999703
15998,0.992
15999,0.126
16000,0.116
16001,0.2978518745186703
16002,0.10733333333333334
16003,0.181
16004,0.057
16005,0.094
16006,0.029
16007,0.9892105263157894
16008,0.06
16009,0.018
16010,0.029
16011,0.2075
16012,0.059
16013,0.299
16014,1.0
16015,0.0587
16016,0.26166666666666666
16017,0.05625
16018,0.044
16019,0.023537500000000003
16020,0.852
16021,0.486
16022,0.063
16023,0.013
16024,0.626
16025,0.117
16026,0.062
16027,0.9911363636363636
16028,0.9150713323999703
16029,0.061
16030,0.20633333333333334
16031,0.067
16032,0.7923333333333332
16033,0.04
16034,0.6605942982456139
16035,1.0
16036,0.08366666666666665
16037,0.993
16038,0.02
16039,0.158
16040,0.171
16041,0.45075
16042,0.163
16043,0.11
16044,0.2308405788655788
16045,0.15
16046,0.982
16047,0.009
16048,0.424
16049,0.458
16050,0.991
16051,0.623
16052,0.66125
16053,0.999
16054,0.068
16055,0.294
16056,0.301
16057,0.012
16058,0.4
16059,0.489
16060,0.331
16061,0.091
16062,0.377
16063,0.06433333333333333
16064,0.033
16065,0.3615
16066,0.11967757452699712
16067,0.03210526315789474
16068,0.12875
16069,0.148
16070,0.008
16071,0.017
16072,0.998
16073,0.97775
16074,0.996
16075,0.821
16076,0.19019999999999998
16077,0.0305
16078,0.693
16079,0.41
16080,0.997
16081,0.035401784156833246
16082,0.482
16083,0.026958333333333334
16084,0.958
16085,0.119
16086,0.119
16087,0.098
16088,0.363
16089,0.31
16090,0.343
16091,0.017
16092,0.301
16093,0.862
16094,0.989
16095,0.26
16096,0.389
16097,0.004
16098,0.996
16099,0.1753333333333333
16100,0.511
16101,0.0295
16102,0.1247104895104895
16103,0.164625
16104,0.038
16105,0.33
16106,0.15
16107,0.386
16108,0.114
16109,0.4036666666666666
16110,0.9280666666666666
16111,0.2746666666666666
16112,0.029
16113,0.2399
16114,0.9895662055335968
16115,0.081
16116,0.539
16117,0.098
16118,0.03933333333333333
16119,0.041
16120,0.04779600735471425
16121,0.047
16122,0.017
16123,0.049
16124,0.575
16125,0.24658333333333335
16126,0.018
16127,0.31
16128,0.1753333333333333
16129,0.023
16130,0.284
16131,0.029
16132,0.136
16133,0.24
16134,0.057666666666666665
16135,0.086
16136,0.428
16137,0.052
16138,0.0395
16139,0.036
16140,0.721
16141,0.018
16142,0.05018181818181819
16143,0.041
16144,0.055
16145,1.0
16146,0.04988734598734598
16147,0.143
16148,0.8416104797979798
16149,0.003
16150,0.168
16151,0.48333333333333334
16152,0.2355162698412698
16153,0.03166666666666667
16154,0.04966815610859729
16155,0.047
16156,0.2981403776778777
16157,0.014
16158,0.44478366933497
16159,0.7874948156418746
16160,0.404
16161,0.326
16162,0.99112
16163,0.029
16164,0.031
16165,0.030855357142857146
16166,0.977
16167,0.01329091847265222
16168,0.1142
16169,0.2602434782608696
16170,0.248
16171,0.065
16172,0.8081428571428572
16173,0.183
16174,0.1014
16175,0.15736666666666668
16176,0.035
16177,0.0
16178,0.096
16179,0.293
16180,0.0908768115942029
16181,0.018
16182,0.175
16183,0.5365
16184,0.107
16185,0.225
16186,0.032
16187,0.11666666666666667
16188,0.097
16189,0.071
16190,0.33383241758241755
16191,0.078
16192,0.775588188945387
16193,0.059
16194,0.003
16195,0.08066666666666665
16196,0.019
16197,0.354
16198,0.9678333333333334
16199,0.186
16200,0.515
16201,0.24875
16202,0.019
16203,0.303
16204,0.859
16205,0.20478333333333334
16206,0.021
16207,0.1205
16208,0.18027575757575756
16209,0.148
16210,0.378
16211,0.105
16212,0.076
16213,0.023
16214,0.1378888888888889
16215,0.304
16216,0.024
16217,0.9850634920634921
16218,0.01
16219,0.111
16220,0.1369166666666667
16221,0.023
16222,0.506
16223,0.019026737967914438
16224,0.09726805555555555
16225,0.074
16226,0.108
16227,0.201
16228,0.201
16229,0.112
16230,0.22155555555555553
16231,0.9711158645276291
16232,0.069
16233,0.397
16234,0.19776666666666665
16235,0.22796666666666668
16236,0.9873333333333334
16237,0.992
16238,0.994
16239,0.989
16240,0.998
16241,0.13985714285714287
16242,0.03416666666666667
16243,0.1975
16244,0.023785714285714285
16245,0.0535
16246,0.04546369047619047
16247,0.0445
16248,0.201
16249,0.1355
16250,0.2436666666666667
16251,0.0565
16252,0.138
16253,0.004
16254,0.019
16255,0.01
16256,0.047
16257,0.321
16258,0.1461818181818182
16259,0.151
16260,0.091
16261,0.18683333333333332
16262,0.010116666666666668
16263,0.2
16264,0.1652727272727273
16265,0.041
16266,0.0675
16267,0.181
16268,0.476
16269,0.025363708513708515
16270,0.151
16271,0.991
16272,0.159
16273,0.6583306038507356
16274,0.021
16275,0.22295238095238096
16276,0.47155
16277,0.031
16278,0.047
16279,0.192
16280,0.39
16281,0.251
16282,0.07852500000000001
16283,0.040583333333333325
16284,0.237
16285,0.317
16286,0.18570237719299879
16287,0.54425
16288,0.09570833333333334
16289,0.026
16290,0.077
16291,0.1925
16292,0.994
16293,0.055
16294,0.3795
16295,0.028666666666666663
16296,0.72885
16297,0.193
16298,0.371
16299,0.9678333333333334
16300,0.1042
16301,0.797
16302,0.109
16303,0.545
16304,0.3930913030838156
16305,0.048
16306,0.9169244582215171
16307,0.9297136178861789
16308,0.14081199294532626
16309,0.012147514697578637
16310,0.032
16311,0.724
16312,0.188
16313,0.11
16314,0.9948571428571429
16315,0.018
16316,0.11375
16317,0.9225493382434561
16318,0.42019999999999996
16319,0.02309722222222222
16320,0.029944444444444444
16321,0.998
16322,0.455
16323,1.0
16324,0.816
16325,0.0785
16326,0.3398
16327,0.04752227494727493
16328,0.981
16329,0.161
16330,0.3506666666666666
16331,0.987
16332,0.089
16333,0.8487253174492655
16334,0.007
16335,0.265
16336,0.062
16337,0.9572205128205129
16338,0.09733333333333333
16339,0.025
16340,0.5306085608076665
16341,0.984
16342,0.1830597266006305
16343,0.08698333333333333
16344,0.02496190476190476
16345,0.311
16346,0.066
16347,0.131
16348,0.02
16349,0.048
16350,0.0977835826210826
16351,0.02
16352,0.009
16353,0.7188166666666667
16354,0.1125
16355,0.202
16356,0.08418002340086739
16357,0.802
16358,0.272
16359,0.2236
16360,0.15
16361,0.085
16362,0.05805238095238095
16363,0.106
16364,0.034
16365,0.10393333333333332
16366,0.28
16367,0.014
16368,0.211
16369,0.999
16370,0.9375148567119156
16371,0.386
16372,0.9945384615384616
16373,0.466
16374,0.07665238095238097
16375,0.031
16376,0.013142857142857142
16377,0.435
16378,0.255
16379,0.996
16380,0.9573764705882352
16381,0.373
16382,0.3535
16383,0.081
16384,0.116
16385,0.063
16386,1.0
16387,0.913423611111111
16388,0.9948571428571429
16389,0.395
16390,0.09125
16391,0.987
16392,0.116
16393,0.088
16394,0.12296666666666667
16395,0.413
16396,0.093
16397,0.051
16398,0.497
16399,0.075
16400,0.014625
16401,0.136
16402,0.04
16403,0.289
16404,0.03
16405,0.397
16406,0.415
16407,0.2295
16408,0.09925484801936414
16409,0.3835
16410,0.02419318181818182
16411,0.211
16412,0.041
16413,0.011
16414,0.098
16415,0.208
16416,0.8795
16417,0.19816666666666666
16418,0.9920384615384615
16419,0.6555
16420,0.015
16421,0.134
16422,0.481
16423,0.08550000000000002
16424,0.08933333333333333
16425,0.003
16426,0.132
16427,0.104
16428,0.16854761904761903
16429,0.1362857142857143
16430,0.08166003996003997
16431,0.029
16432,0.27275
16433,0.177856297960161
16434,0.133
16435,0.051
16436,0.49170724458016823
16437,0.26133333333333336
16438,0.196
16439,0.101
16440,0.064
16441,0.767
16442,0.201
16443,0.131
16444,0.023291208791208794
16445,0.5480892857142858
16446,0.359
16447,0.11036238095238096
16448,0.031
16449,0.167
16450,0.0585
16451,0.347
16452,1.0
16453,0.596
16454,0.048
16455,0.032266666666666666
16456,0.502
16457,0.732
16458,0.979
16459,0.6592055555555555
16460,0.03562878787878788
16461,0.00908888888888889
16462,0.04
16463,0.704
16464,0.038
16465,0.382
16466,0.297
16467,0.10480952380952381
16468,0.389
16469,0.025333333333333336
16470,0.079
16471,0.357
16472,0.040923630209659626
16473,0.021
16474,0.5703333333333332
16475,0.1660666666666667
16476,0.038
16477,0.10141666666666667
16478,0.043
16479,0.07325555555555556
16480,0.08325
16481,0.003
16482,0.344
16483,0.108
16484,0.259
16485,0.08966666666666667
16486,0.2125
16487,0.174
16488,0.1071
16489,0.993
16490,0.074
16491,0.155
16492,0.251
16493,0.998
16494,0.028
16495,0.148
16496,0.095
16497,0.493
16498,0.30425
16499,0.996
16500,1.0
16501,0.012
16502,0.135
16503,0.034
16504,0.742
16505,0.106
16506,0.989
16507,0.149
16508,0.22366666666666665
16509,0.937
16510,0.079
16511,0.08940000000000001
16512,0.07140476190476192
16513,0.7204443223443225
16514,0.2661
16515,0.9722999999999999
16516,0.046838095238095234
16517,0.403
16518,0.054
16519,0.03
16520,0.158
16521,0.119
16522,0.0675
16523,0.021
16524,0.8795
16525,0.004
16526,0.06280452488687784
16527,0.348
16528,0.052
16529,0.018
16530,0.094
16531,0.116
16532,0.20071428571428573
16533,0.022
16534,0.1175
16535,0.048
16536,0.058
16537,0.415
16538,0.02
16539,0.216
16540,0.07266666666666667
16541,0.022
16542,0.4960357142857143
16543,1.0
16544,0.1255
16545,0.383
16546,0.15825
16547,0.005
16548,0.405
16549,0.103
16550,0.01725
16551,0.16413677156177156
16552,0.02
16553,0.06029166666666666
16554,0.13941904761904764
16555,0.05690140056022409
16556,0.06739323062558357
16557,0.995
16558,0.056
16559,0.203
16560,0.059
16561,0.113
16562,0.7533629509379509
16563,0.38
16564,0.9260375721500723
16565,0.010595238095238095
16566,0.51495
16567,0.775
16568,0.43533333333333335
16569,0.0695
16570,0.4756331501831502
16571,0.137
16572,0.7995
16573,0.102
16574,0.20876944444444445
16575,0.073
16576,0.088
16577,0.693
16578,0.04225
16579,0.348
16580,0.037
16581,0.138
16582,0.009
16583,0.011
16584,0.0145
16585,0.204
16586,0.031
16587,0.997
16588,0.0745
16589,0.9966
16590,0.182
16591,0.9589871794871795
16592,0.06610119047619048
16593,0.02
16594,0.013
16595,0.04966815610859729
16596,0.032
16597,0.084
16598,0.9873333333333333
16599,0.760658309990663
16600,0.0995
16601,0.106
16602,0.057
16603,0.274
16604,0.07066666666666666
16605,0.4588
16606,0.24
16607,0.45277658730158704
16608,0.4111
16609,0.982
16610,0.038
16611,0.01
16612,0.3603333333333334
16613,0.08830000000000002
16614,0.038
16615,0.2140345856184243
16616,0.347
16617,0.067
16618,0.0840625
16619,0.013
16620,0.221
16621,0.999
16622,0.487
16623,0.073
16624,0.045
16625,0.992
16626,0.13433333333333333
16627,0.03971764705882353
16628,0.155
16629,0.084
16630,0.113
16631,0.013
16632,0.23
16633,0.036
16634,0.088
16635,0.8075
16636,0.181
16637,0.367
16638,0.04630381653389461
16639,0.3993333333333334
16640,0.627
16641,0.006
16642,0.449
16643,0.3855
16644,0.28
16645,0.49
16646,0.3581428571428571
16647,0.074
16648,0.264
16649,0.014
16650,0.15405263157894736
16651,0.056
16652,0.468
16653,0.07
16654,0.397
16655,0.15431904761904763
16656,0.012
16657,0.025
16658,0.41683333333333333
16659,0.014
16660,0.6242366274965271
16661,0.236
16662,0.151
16663,0.16235882720519512
16664,0.235
16665,0.18570237719299879
16666,0.149
16667,0.055
16668,0.032
16669,0.059
16670,0.349
16671,0.451
16672,0.016987163141118516
16673,0.123
16674,0.024
16675,0.4362666666666667
16676,0.199
16677,0.595
16678,0.004
16679,0.997
16680,0.9935384615384616
16681,0.298
16682,0.995
16683,0.22008333333333333
16684,0.143
16685,0.3
16686,0.288
16687,0.173
16688,0.1704
16689,0.322
16690,0.01525
16691,0.485
16692,0.06
16693,0.304
16694,0.014
16695,0.13
16696,0.027
16697,0.9308000000000001
16698,0.189
16699,0.08371169108669109
16700,0.269
16701,0.077
16702,0.1802
16703,0.09722222222222222
16704,0.999
16705,0.379
16706,0.35575
16707,0.044
16708,0.212
16709,0.03133333333333334
16710,0.996
16711,0.41283333333333333
16712,0.1002996239899384
16713,0.4005833333333333
16714,0.136
16715,0.046
16716,0.979
16717,0.3130833333333333
16718,0.7132406593406594
16719,0.296
16720,0.31933333333333336
16721,0.7490659947336803
16722,0.323
16723,0.194
16724,0.022285714285714284
16725,0.527
16726,0.992
16727,0.062
16728,0.424
16729,0.043
16730,0.03693141945773525
16731,0.051
16732,0.114
16733,0.8694346472581127
16734,0.083
16735,0.04
16736,0.38
16737,0.127
16738,0.996
16739,0.15233333333333335
16740,0.019
16741,0.7502122153001798
16742,0.991
16743,0.2855
16744,0.17
16745,1.0
16746,0.099
16747,0.892
16748,0.07
16749,0.322
16750,1.0
16751,0.064
16752,0.151
16753,0.133
16754,0.128
16755,0.017851095685313734
16756,0.2690253246753247
16757,0.8431764705882354
16758,0.178
16759,0.534
16760,0.0605
16761,0.034
16762,1.0
16763,0.305
16764,0.065
16765,0.003
16766,0.035
16767,0.251
16768,0.194
16769,1.0
16770,0.314
16771,0.993
16772,0.066
16773,0.371
16774,0.5125
16775,0.329
16776,0.019
16777,0.025
16778,0.201
16779,0.7672056561472583
16780,0.009
16781,0.31521149283344296
16782,0.25
16783,0.412
16784,0.09
16785,0.7672056561472583
16786,0.236
16787,0.13891666666666666
16788,0.005
16789,0.079
16790,0.9836666666666666
16791,0.023
16792,0.243
16793,0.0355
16794,0.147
16795,0.9993636363636363
16796,0.996
16797,0.179
16798,0.14
16799,0.99
16800,0.742
16801,0.25
16802,0.241
16803,0.96
16804,0.993
16805,0.09217264430024318
16806,0.02596666666666667
16807,0.16944085497835495
16808,0.056
16809,0.17155
16810,0.31766428571428573
16811,0.023
16812,0.379
16813,0.154
16814,0.12133333333333335
16815,1.0
16816,0.1165
16817,0.016550000000000002
16818,0.005666666666666666
16819,1.0
16820,0.043
16821,0.15266666666666664
16822,0.049
16823,0.01925
16824,0.123
16825,0.406
16826,0.049
16827,0.7672056561472583
16828,0.986
16829,0.678
16830,0.05725
16831,0.13566666666666666
16832,0.209
16833,0.12675
16834,0.998
16835,0.174
16836,0.5493333333333333
16837,0.523
16838,0.022566666666666665
16839,0.32480000000000003
16840,0.063
16841,0.11
16842,0.046
16843,0.012
16844,0.233
16845,0.07690000000000001
16846,0.228
16847,0.14539963360512892
16848,0.998
16849,0.986
16850,1.0
16851,0.589
16852,0.009
16853,1.0
16854,0.027575757575757576
16855,0.11766666666666667
16856,0.047
16857,0.155
16858,0.125
16859,0.021
16860,0.007991666666666666
16861,0.063
16862,0.052
16863,0.456
16864,0.021
16865,0.073
16866,0.175
16867,0.2805
16868,0.26025
16869,0.68525
16870,0.06633333333333333
16871,0.995
16872,0.096
16873,0.027
16874,0.231
16875,0.013
16876,0.8649375
16877,0.991
16878,0.128
16879,0.13908333333333334
16880,0.069
16881,0.012
16882,0.034
16883,0.188
16884,0.109
16885,0.995
16886,0.058925396825396825
16887,0.135
16888,0.2126666666666667
16889,0.244
16890,0.077
16891,0.565875
16892,0.085
16893,0.5517894323376278
16894,0.881
16895,0.21433333333333332
16896,0.57
16897,0.6581428571428571
16898,0.2733333333333334
16899,0.453
16900,0.26166666666666666
16901,0.511
16902,0.042
16903,0.019933333333333334
16904,0.118
16905,0.352
16906,0.908
16907,0.506
16908,0.998
16909,0.645
16910,0.124
16911,0.072
16912,0.034
16913,0.7958375439509416
16914,0.995
16915,0.24
16916,0.013142857142857142
16917,0.194
16918,0.133
16919,0.282
16920,0.252
16921,0.378
16922,0.266
16923,0.043
16924,0.3055
16925,0.696
16926,0.051
16927,0.16133333333333336
16928,0.22766666666666666
16929,0.055
16930,0.0265
16931,0.15
16932,0.333
16933,0.017
16934,0.124
16935,0.9638076923076924
16936,0.07984999999999999
16937,0.157
16938,0.056
16939,0.057
16940,0.118
16941,0.228
16942,0.991
16943,0.052971428571428565
16944,0.234
16945,0.011
16946,0.999
16947,0.10966666666666668
16948,0.9906584615384616
16949,0.0465
16950,0.236
16951,0.053
16952,0.7507666666666667
16953,0.8983111111111112
16954,0.066
16955,0.472
16956,0.16115000000000002
16957,0.07877878787878789
16958,0.1405
16959,0.027913043478260867
16960,0.956
16961,0.275
16962,0.099
16963,0.6958333333333333
16964,0.022022727272727274
16965,0.011
16966,0.064
16967,0.24246475468975473
16968,0.26175
16969,0.006
16970,0.493
16971,0.11016666666666668
16972,0.014
16973,0.999
16974,0.063
16975,0.2726666666666666
16976,0.034833333333333334
16977,0.994
16978,0.022666666666666665
16979,0.032
16980,0.997
16981,0.9399372740821271
16982,0.23
16983,1.0
16984,0.279
16985,0.2173559523809524
16986,0.059
16987,0.913423611111111
16988,0.24
16989,0.10564139194139194
16990,0.024
16991,0.06
16992,0.676
16993,0.27
16994,0.411
16995,0.034333333333333334
16996,0.176
16997,0.073
16998,0.871
16999,0.995
17000,0.065
17001,0.024
17002,0.3041666666666667
17003,0.705
17004,0.266
17005,0.434
17006,0.11883333333333333
17007,0.997
17008,0.018
17009,0.121
17010,0.207
17011,0.264
17012,0.023
17013,0.293
17014,0.18570237719299879
17015,0.276
17016,0.675
17017,0.036833333333333336
17018,0.046
17019,0.026625234487734486
17020,0.052
17021,0.019
17022,0.7251159812409813
17023,0.048
17024,0.9903333333333334
17025,0.095
17026,0.9948571428571429
17027,0.1005
17028,0.010116666666666668
17029,0.14
17030,0.066
17031,0.2891644074976823
17032,0.068
17033,0.10557777777777778
17034,0.032
17035,0.06632857142857142
17036,0.483
17037,0.012147727272727274
17038,0.993
17039,0.316
17040,0.251
17041,0.278
17042,0.02033333333333333
17043,0.477
17044,0.5715
17045,0.1779
17046,0.254
17047,0.021
17048,0.021
17049,0.988
17050,0.09
17051,0.009
17052,0.3835
17053,0.15742380952380952
17054,0.025
17055,0.057678571428571426
17056,0.32
17057,0.9693205128205128
17058,0.099
17059,0.168
17060,0.196
17061,1.0
17062,0.191
17063,0.2346
17064,0.155
17065,0.131
17066,0.136
17067,0.227
17068,0.03
17069,0.1915
17070,0.131
17071,0.564
17072,0.066
17073,1.0
17074,0.84
17075,0.061
17076,0.126
17077,0.0036
17078,0.419
17079,0.20175
17080,0.431
17081,0.1895
17082,0.7639733023512435
17083,0.009
17084,0.018
17085,0.16561638084138083
17086,0.9437605382233866
17087,0.0147
17088,0.315
17089,0.028
17090,0.996
17091,1.0
17092,0.029333333333333336
17093,0.99112
17094,0.436
17095,0.0385
17096,0.983
17097,0.19258785652771776
17098,0.25266666666666665
17099,0.1185
17100,0.061
17101,0.132
17102,0.159
17103,0.5860451312576314
17104,0.075
17105,0.181
17106,0.067
17107,0.388
17108,0.08
17109,0.176
17110,0.225
17111,0.1015
17112,1.0
17113,0.09
17114,0.49
17115,0.07678652160996151
17116,0.9027551257253384
17117,0.217
17118,0.136
17119,0.1076
17120,0.0135
17121,0.2533444444444444
17122,1.0
17123,0.134
17124,0.105
17125,0.234
17126,0.8916666666666667
17127,0.396
17128,0.098
17129,0.32
17130,0.096
17131,0.095
17132,0.31975
17133,0.023
17134,0.15087412587412585
17135,0.997
17136,0.16285714285714287
17137,0.97925
17138,0.284
17139,0.584
17140,0.117
17141,0.061
17142,0.446
17143,0.089
17144,0.096
17145,0.2934
17146,0.17420833333333335
17147,0.015
17148,0.005
17149,0.213
17150,0.077
17151,0.367
17152,0.124
17153,0.997
17154,0.99
17155,0.999
17156,0.12073061211664152
17157,0.999
17158,0.426
17159,0.994
17160,0.411
17161,0.011
17162,0.228
17163,0.109
17164,0.17
17165,0.169
17166,0.181
17167,0.99
17168,0.211
17169,0.994
17170,0.129
17171,0.30226309523809536
17172,0.9920384615384615
17173,0.1
17174,0.103
17175,0.9491410256410256
17176,0.993
17177,0.28
17178,0.913423611111111
17179,0.366
17180,0.027
17181,1.0
17182,0.461
17183,0.467
17184,0.005666666666666667
17185,0.271
17186,0.04316666666666667
17187,0.003
17188,0.031
17189,0.022794642857142857
17190,0.13583333333333333
17191,0.273
17192,0.995
17193,0.24225
17194,0.1038
17195,0.22700000000000004
17196,0.006
17197,0.052
17198,0.3
17199,0.07
17200,0.201
17201,0.019
17202,1.0
17203,0.148
17204,0.707
17205,0.126
17206,0.10567857142857143
17207,0.2133301628926629
17208,0.991
17209,0.335
17210,0.052333333333333336
17211,0.078
17212,0.20829208079502196
17213,0.043
17214,0.113
17215,0.36186666666666667
17216,0.19673333333333334
17217,0.15135634920634922
17218,0.16
17219,0.366
17220,0.006
17221,0.6676666666666667
17222,0.357
17223,0.019
17224,0.32375
17225,0.071
17226,0.04988734598734598
17227,0.109
17228,0.066
17229,0.241
17230,0.039
17231,0.477
17232,0.04116666666666667
17233,0.299
17234,0.4656950937950939
17235,0.2626666666666666
17236,0.092
17237,0.12490000000000001
17238,0.101
17239,0.991
17240,0.011
17241,0.128
17242,0.99
17243,0.428
17244,0.023
17245,0.15766666666666665
17246,0.012
17247,0.3266761904761905
17248,0.089
17249,0.9241630950920425
17250,0.0
17251,0.770982968269497
17252,0.117
17253,0.456
17254,0.08219021739130435
17255,0.102
17256,0.17923863913863913
17257,0.108
17258,0.062
17259,0.997
17260,0.37
17261,0.99725
17262,0.169
17263,0.035
17264,0.024864285714285714
17265,0.06812564102564103
17266,0.8982
17267,0.8431764705882354
17268,0.0365
17269,0.994
17270,0.040923630209659626
17271,0.12
17272,0.012
17273,0.038
17274,0.043
17275,0.3923333333333333
17276,0.999
17277,0.576
17278,0.184
17279,0.316
17280,0.9263333333333333
17281,0.104
17282,0.989
17283,0.109
17284,0.117
17285,0.04983333333333333
17286,0.2
17287,1.0
17288,0.043
17289,0.995
17290,0.332
17291,0.037
17292,0.385
17293,0.1475
17294,0.0
17295,0.9673076923076924
17296,0.018
17297,0.046
17298,0.111
17299,0.99
17300,0.2121666666666667
17301,0.98
17302,0.9696666666666667
17303,0.037
17304,0.03
17305,0.6041064566222256
17306,0.06535526315789474
17307,0.188
17308,0.0392235294117647
17309,0.133
17310,0.98
17311,0.225
17312,0.109
17313,0.084
17314,0.12468181818181819
17315,0.016
17316,0.983
17317,0.24003012324688824
17318,0.987
17319,0.08233333333333333
17320,0.952
17321,0.7759166666666666
17322,0.304
17323,0.056
17324,0.029
17325,0.08148782446311859
17326,0.025333333333333336
17327,0.059
17328,0.4637777777777778
17329,0.158
17330,0.334
17331,0.2876893981424152
17332,0.102
17333,0.1135
17334,0.011453404892918961
17335,0.1055
17336,0.04
17337,0.993
17338,0.08
17339,0.4910833333333333
17340,0.0715
17341,0.121
17342,0.037
17343,0.037
17344,0.294732142857143
17345,0.163
17346,1.0
17347,0.17
17348,0.279
17349,0.01
17350,0.096
17351,0.138
17352,0.367
17353,0.019110071301247773
17354,0.138
17355,0.9982000000000001
17356,0.057
17357,0.991
17358,0.015
17359,0.733
17360,0.29
17361,0.0955
17362,0.998
17363,0.866
17364,0.243
17365,0.0245
17366,0.1010348966393084
17367,0.32975
17368,0.9803
17369,0.392
17370,0.106
17371,0.238
17372,0.01873333333333333
17373,1.0
17374,0.08366666666666665
17375,1.0
17376,0.7228797717903125
17377,0.169
17378,1.0
17379,0.942608409499857
17380,1.0
17381,0.995
17382,0.285
17383,0.306
17384,0.605
17385,0.074
17386,0.419
17387,0.01008611111111111
17388,0.651
17389,0.006
17390,0.08633333333333333
17391,0.0405
17392,0.6655
17393,0.22333333333333336
17394,0.994
17395,0.08328571428571428
17396,0.043
17397,0.456
17398,0.11883333333333333
17399,0.4033166666666667
17400,0.015
17401,0.12572619047619046
17402,0.308
17403,0.229
17404,0.376
17405,0.949
17406,0.2096666666666667
17407,0.4201328320802005
17408,0.016
17409,0.20175
17410,0.064
17411,0.205
17412,0.086
17413,0.09766666666666665
17414,0.014
17415,0.303
17416,0.06691666666666665
17417,0.031
17418,0.999
17419,0.462
17420,0.913423611111111
17421,0.171
17422,0.187
17423,0.392
17424,0.211
17425,0.105
17426,0.09233333333333332
17427,0.07
17428,0.499
17429,0.09078571428571428
17430,0.05766666666666667
17431,0.07816666666666666
17432,0.168
17433,0.017
17434,0.093
17435,0.196
17436,0.1295
17437,0.272
17438,0.141
17439,0.998
17440,0.997
17441,0.023
17442,0.059
17443,0.33747482632310216
17444,0.104
17445,0.12468181818181819
17446,0.048769192768016306
17447,0.025
17448,0.02
17449,0.007888888888888888
17450,0.041
17451,0.022
17452,0.064
17453,0.992
17454,0.024
17455,0.2
17456,0.0415
17457,0.18819999999999998
17458,0.024
17459,0.333
17460,0.292
17461,0.084
17462,0.13275
17463,0.427
17464,0.0
17465,0.046
17466,0.995
17467,0.4006383313325521
17468,0.04525
17469,0.255
17470,0.029333333333333333
17471,0.3195
17472,0.09140526315789475
17473,0.029
17474,0.1525
17475,0.189
17476,0.189
17477,0.9964
17478,0.028
17479,0.0013333333333333333
17480,0.277
17481,0.069
17482,0.01975
17483,0.999
17484,0.119
17485,0.0693199134199134
17486,0.432
17487,0.022
17488,0.205
17489,0.395
17490,0.3635
17491,0.051
17492,0.9948571428571429
17493,0.383
17494,0.285
17495,0.997
17496,0.031
17497,0.016800000000000002
17498,0.9027551257253384
17499,0.011126923076923078
17500,0.961
17501,0.9955194805194806
17502,0.055
17503,0.054
17504,0.2295
17505,0.116
17506,0.013
17507,0.005
17508,0.015
17509,0.3740803828406733
17510,0.023
17511,0.042
17512,0.9955555555555555
17513,0.26689999999999997
17514,0.114
17515,0.9280953838645016
17516,0.44
17517,0.085
17518,0.01329091847265222
17519,0.0544
17520,0.42915000000000003
17521,0.194
17522,0.306
17523,0.069
17524,0.9521960784313724
17525,0.033
17526,0.329
17527,0.05925
17528,0.052333333333333336
17529,0.08666666666666666
17530,0.381
17531,0.013428571428571429
17532,0.038
17533,0.08095000000000001
17534,0.10527186554849066
17535,0.017
17536,0.054
17537,0.143
17538,0.131
17539,0.094
17540,0.202
17541,0.999
17542,0.0275
17543,0.369
17544,0.048
17545,0.024
17546,0.159
17547,0.8396066849816849
17548,0.2806666666666666
17549,0.02675
17550,0.09968181818181819
17551,0.3148333333333333
17552,0.1421190476190476
17553,0.6835
17554,0.055
17555,0.077
17556,0.037
17557,0.305
17558,0.037
17559,0.068
17560,0.03225
17561,0.029
17562,0.12333333333333332
17563,0.03124013157894737
17564,0.19133333333333333
17565,0.053
17566,0.018
17567,0.585
17568,0.381
17569,0.048
17570,0.383
17571,0.14466666666666667
17572,0.22775
17573,0.19893333333333335
17574,0.6341587301587303
17575,0.5446873376623378
17576,0.73
17577,0.024
17578,0.998
17579,0.484
17580,0.397
17581,0.071
17582,0.061
17583,0.116
17584,0.9816666666666666
17585,0.155
17586,0.157
17587,0.33825
17588,0.26175
17589,1.0
17590,0.056
17591,0.015
17592,0.174
17593,0.986
17594,0.207
17595,0.31132058635808635
17596,0.022
17597,0.9759743589743589
17598,0.035
17599,0.0074
17600,0.647
17601,0.6115
17602,0.035
17603,0.999
17604,0.317
17605,0.106
17606,0.99
17607,0.7213144489600106
17608,0.11311111111111112
17609,0.654
17610,0.7672056561472583
17611,0.311
17612,0.022
17613,0.08199999999999999
17614,0.38
17615,0.14266428571428572
17616,1.0
17617,0.994
17618,0.21
17619,0.06216666666666666
17620,0.033
17621,0.09933333333333334
17622,0.046
17623,0.04033333333333334
17624,0.024
17625,0.053
17626,0.345
17627,0.993
17628,0.144
17629,0.035
17630,0.108992784992785
17631,0.8614770715194267
17632,0.416
17633,0.342
17634,0.047
17635,0.116
17636,0.358
17637,0.34075
17638,0.035
17639,0.326
17640,0.139
17641,0.05633333333333333
17642,0.054
17643,0.199
17644,0.013
17645,0.38615
17646,0.08825
17647,0.8694346472581127
17648,0.033
17649,0.017
17650,0.184
17651,0.23
17652,0.12141666666666666
17653,0.078
17654,0.008
17655,0.027
17656,0.049454219615509935
17657,0.064
17658,0.24
17659,0.09044242424242424
17660,0.258
17661,0.041333333333333326
17662,0.1484
17663,0.114
17664,0.08816666666666666
17665,0.029111111111111112
17666,0.462
17667,0.02304166666666667
17668,0.02599141414141414
17669,0.02
17670,0.126
17671,0.9572205128205129
17672,0.999
17673,0.055
17674,0.349
17675,0.098
17676,0.056
17677,1.0
17678,0.017
17679,0.057
17680,0.47
17681,0.013
17682,0.1323333333333333
17683,0.094
17684,0.011
17685,0.026
17686,0.995
17687,0.019941176470588236
17688,0.027
17689,0.023
17690,0.155
17691,0.407
17692,0.1778
17693,0.195
17694,0.082
17695,0.078
17696,0.0706
17697,0.194
17698,0.9951111111111111
17699,0.0475
17700,0.0052
17701,0.25
17702,0.452
17703,0.018
17704,0.154
17705,0.0314
17706,0.077
17707,0.088
17708,0.049
17709,0.056
17710,0.106
17711,0.138
17712,0.028
17713,0.03526666666666667
17714,0.32419349286800814
17715,0.49969230769230766
17716,0.738
17717,0.995
17718,0.015
17719,0.05166666666666667
17720,0.997
17721,0.008199999999999999
17722,0.987
17723,1.0
17724,0.227
17725,0.083
17726,0.023
17727,0.06353333333333333
17728,1.0
17729,0.136
17730,0.19
17731,0.018
17732,0.8553
17733,0.9956666666666666
17734,0.024
17735,0.06666666666666665
17736,0.20183333333333334
17737,0.9933333333333334
17738,0.016
17739,0.1425
17740,0.4651666666666667
17741,0.06366666666666666
17742,0.302
17743,0.9750930232558139
17744,0.029
17745,0.124
17746,0.238
17747,0.994
17748,0.248
17749,0.22270833333333334
17750,0.1295
17751,0.999
17752,0.17
17753,0.991
17754,0.139
17755,0.141
17756,0.083
17757,0.996
17758,0.095
17759,0.12116666666666666
17760,0.987
17761,0.616
17762,0.164
17763,0.9886666666666666
17764,0.041
17765,0.948
17766,0.055
17767,0.24811730078551447
17768,0.002
17769,0.229
17770,0.037
17771,0.7673076923076922
17772,0.01525
17773,0.233
17774,0.328
17775,0.191
17776,0.028833333333333336
17777,0.302
17778,0.06701666666666667
17779,0.16533333333333333
17780,0.02025
17781,0.194
17782,0.138
17783,0.064
17784,0.05021428571428572
17785,0.998
17786,0.018629509379509378
17787,0.04177056277056277
17788,0.998
17789,0.987
17790,0.013
17791,0.9327394220846235
17792,0.111
17793,0.131
17794,0.248
17795,0.026566666666666666
17796,0.1
17797,1.0
17798,0.177
17799,0.414
17800,0.43
17801,0.1422
17802,0.427
17803,0.0335
17804,0.022
17805,0.152
17806,0.01
17807,0.9951951871657754
17808,0.08
17809,0.259
17810,0.057
17811,0.423
17812,0.916
17813,0.792
17814,0.115
17815,0.15621843434343438
17816,0.15819999999999998
17817,0.203
17818,0.04546369047619047
17819,0.027
17820,0.02
17821,0.3075
17822,0.1765
17823,0.0485
17824,0.049454219615509935
17825,0.009
17826,0.063
17827,0.04
17828,0.6023999999999999
17829,0.03
17830,0.005
17831,0.032
17832,0.996
17833,0.17884999999999998
17834,0.096
17835,0.5948687939466979
17836,0.325
17837,0.303
17838,0.186
17839,0.652
17840,0.113
17841,0.18419999999999997
17842,0.47619395252837976
17843,0.172
17844,1.0
17845,0.0305
17846,0.058
17847,0.9308000000000001
17848,0.078
17849,0.248
17850,0.451
17851,0.024
17852,0.165
17853,0.193
17854,0.574
17855,0.103
17856,0.013
17857,0.32325
17858,0.202
17859,0.01
17860,1.0
17861,0.993
17862,0.186
17863,0.044
17864,0.481
17865,0.031
17866,0.001375
17867,0.157
17868,0.049
17869,0.4965
17870,0.229
17871,0.2058333333333333
17872,0.08258333333333334
17873,0.023
17874,0.18268333333333334
17875,0.05
17876,0.976
17877,0.453
17878,1.0
17879,1.0
17880,0.04734482041993471
17881,0.01
17882,0.948474358974359
17883,0.03
17884,0.105
17885,1.0
17886,0.212
17887,0.007
17888,0.20873333333333333
17889,0.07025
17890,0.6480833333333333
17891,0.0515
17892,0.985
17893,0.01
17894,0.3494
17895,0.9952000000000001
17896,0.026537931034482758
17897,0.05025
17898,0.247
17899,0.437
17900,0.065
17901,0.30044444444444446
17902,0.996
17903,0.992
17904,0.004
17905,0.05175
17906,0.137
17907,0.0365
17908,0.163
17909,0.09603809523809523
17910,0.1561
17911,0.135
17912,0.2645
17913,0.024149999999999998
17914,0.027
17915,0.07216666666666666
17916,0.166
17917,0.479
17918,0.19796428571428573
17919,0.09
17920,0.122
17921,0.985
17922,0.229
17923,0.332
17924,0.3098333333333333
17925,0.047
17926,0.659
17927,0.11
17928,0.281
17929,0.168
17930,0.078
17931,0.5851340125719839
17932,0.152
17933,0.192
17934,0.198
17935,0.987
17936,0.09
17937,0.005
17938,0.219
17939,0.08105294117647058
17940,0.4426952380952381
17941,0.03861764705882353
17942,0.037607723577235776
17943,0.248
17944,0.2463560606060606
17945,0.298
17946,0.03088888888888889
17947,0.034
17948,0.043
17949,0.06475
17950,0.244
17951,0.2893333333333334
17952,0.996
17953,0.22308695652173913
17954,0.081
17955,1.0
17956,0.02325
17957,0.179
17958,0.9793
17959,0.06667352642276424
17960,0.328
17961,0.07579999999999999
17962,0.992
17963,0.169
17964,0.345
17965,0.21966666666666665
17966,0.344
17967,0.066
17968,0.1844771444031807
17969,0.026
17970,0.2481904761904762
17971,0.168
17972,0.087
17973,0.2436666666666667
17974,0.10666666666666666
17975,0.059
17976,0.348
17977,0.071
17978,0.979
17979,0.418
17980,0.325
17981,0.27175
17982,0.073
17983,0.5933333333333333
17984,0.087
17985,0.13269999999999998
17986,0.32289999999999996
17987,0.06646666666666667
17988,0.243
17989,0.08366666666666665
17990,0.116
17991,0.2412
17992,0.7911608974903093
17993,0.644
17994,0.03127272727272727
17995,0.277
17996,0.199
17997,0.167
17998,0.8363998081511799
17999,0.998
18000,0.101
18001,0.339
18002,0.255
18003,0.03
18004,0.14
18005,0.059
18006,0.429
18007,0.1185
18008,0.11009999999999999
18009,0.1323969696969697
18010,0.063
18011,0.10779999999999999
18012,0.08038333333333332
18013,0.145
18014,0.993
18015,0.997
18016,0.276
18017,0.19319711852475013
18018,0.204
18019,0.010897368421052631
18020,0.161
18021,0.995
18022,0.063
18023,0.7613333333333333
18024,0.035
18025,0.102
18026,0.65
18027,0.9491410256410256
18028,0.10564139194139194
18029,0.306
18030,0.06580353274461817
18031,0.011083333333333334
18032,0.226
18033,0.121
18034,0.04715384615384615
18035,0.056
18036,1.0
18037,0.993
18038,0.2351666666666667
18039,0.019
18040,0.0265
18041,0.5977666666666667
18042,0.207
18043,1.0
18044,0.9982000000000001
18045,0.25373333333333337
18046,0.337
18047,0.0125
18048,0.9201578643578642
18049,0.828
18050,0.4028761814982402
18051,0.1515
18052,0.948474358974359
18053,0.106
18054,0.043
18055,0.739
18056,0.2782193581780538
18057,0.061
18058,0.12975
18059,0.032
18060,0.327
18061,0.067
18062,0.02672924297924298
18063,0.03
18064,0.4425
18065,0.283
18066,0.07896944444444445
18067,0.9589871794871795
18068,0.17477777777777778
18069,0.28
18070,0.9229973580999897
18071,0.011
18072,0.6823090909090909
18073,0.987
18074,0.022619047619047622
18075,0.868
18076,1.0
18077,0.255
18078,1.0
18079,0.027
18080,0.963474358974359
18081,0.4067777918727564
18082,0.036
18083,0.006
18084,0.07933333333333334
18085,0.093
18086,0.543
18087,0.84045670995671
18088,0.995
18089,0.223
18090,0.049
18091,0.045
18092,0.773
18093,0.31573333333333337
18094,0.367
18095,0.394
18096,0.154
18097,0.145
18098,0.13
18099,0.999
18100,0.04
18101,0.08309285714285716
18102,0.49170724458016823
18103,0.122
18104,0.006
18105,0.057
18106,0.04936568986568988
18107,0.02
18108,0.0906
18109,0.2432666666666667
18110,0.6722587412587412
18111,0.2685
18112,0.036
18113,0.074
18114,0.992
18115,0.3098333333333333
18116,0.7639733023512435
18117,0.2891666666666666
18118,0.117
18119,0.368
18120,0.3884166666666667
18121,0.07001666666666666
18122,0.994
18123,0.576
18124,0.115
18125,0.6755564194577357
18126,0.9153096938192526
18127,0.164
18128,0.0914358695652174
18129,0.3456
18130,0.5576621989121989
18131,0.8988377110694183
18132,0.009
18133,0.286
18134,0.07275
18135,0.087
18136,0.033
18137,0.047
18138,0.057
18139,0.057
18140,0.0195
18141,0.22825
18142,0.153
18143,0.2735
18144,0.033
18145,0.102
18146,0.371
18147,0.364
18148,0.033
18149,0.081
18150,0.237
18151,0.058
18152,0.995
18153,1.0
18154,0.3729753968253968
18155,0.521
18156,0.484
18157,0.065
18158,0.7745
18159,0.098
18160,0.2156080919080919
18161,0.9292175562011089
18162,0.2889155844155844
18163,0.112
18164,0.19025000000000003
18165,0.14485714285714285
18166,0.262
18167,0.995
18168,0.312
18169,0.047285714285714285
18170,0.1088697776080129
18171,0.020308823529411765
18172,1.0
18173,0.014
18174,0.226
18175,0.228
18176,0.021166666666666663
18177,0.93825
18178,0.998
18179,0.039
18180,0.05416666666666666
18181,0.126
18182,0.136
18183,0.309
18184,0.037
18185,0.99
18186,0.372
18187,0.557
18188,0.092
18189,0.095
18190,0.081
18191,0.12
18192,0.038
18193,0.692
18194,0.019
18195,0.414
18196,0.6283333333333333
18197,0.051
18198,0.05
18199,0.411
18200,0.143
18201,0.041666666666666664
18202,0.6805
18203,0.285
18204,0.226
18205,0.04814285714285714
18206,0.972
18207,0.008
18208,0.035
18209,0.046
18210,0.157
18211,0.6805238636363636
18212,0.306
18213,0.51
18214,0.0438
18215,0.07476666666666666
18216,0.054
18217,0.018
18218,0.336
18219,0.795611111111111
18220,0.403
18221,0.106
18222,0.02
18223,0.5979185970462286
18224,0.996
18225,0.034
18226,0.994
18227,0.31228409090909093
18228,0.12383333333333332
18229,0.19724562324929973
18230,0.091
18231,0.105
18232,1.0
18233,0.11572704369274138
18234,0.999
18235,0.1491666666666667
18236,0.08933333333333333
18237,0.999
18238,0.084
18239,0.09639999999999999
18240,0.988
18241,0.2154761904761905
18242,0.05140665478312537
18243,0.5373333333333333
18244,0.1975
18245,1.0
18246,0.041
18247,0.18606805555555556
18248,0.265
18249,0.4271397076018883
18250,0.193
18251,0.07756111111111112
18252,0.16989473684210527
18253,0.351
18254,0.15313118279569893
18255,0.026
18256,0.19
18257,0.136
18258,0.09459999999999999
18259,0.115
18260,0.891
18261,0.263
18262,0.043
18263,0.995
18264,0.999
18265,0.008
18266,0.07077615554036608
18267,0.040833333333333326
18268,0.05736666666666668
18269,0.083
18270,0.181
18271,0.377
18272,0.033
18273,0.15111428571428573
18274,0.152
18275,0.025
18276,0.233
18277,0.23156762593204558
18278,0.087
18279,0.318
18280,0.6818333333333333
18281,0.12875
18282,0.870060606060606
18283,0.017
18284,0.03346076423576423
18285,0.184
18286,0.363
18287,0.9696076923076923
18288,0.152
18289,0.05933333333333333
18290,0.021
18291,0.04617857142857143
18292,0.040999999999999995
18293,0.044
18294,0.277
18295,0.031285714285714285
18296,0.2205
18297,0.4895
18298,0.525
18299,0.04868547012495289
18300,0.096
18301,0.521
18302,0.1965
18303,0.2989988705738706
18304,0.030109126984126985
18305,0.036666666666666674
18306,0.046
18307,1.0
18308,0.373
18309,0.43533628612622566
18310,0.996
18311,0.01375
18312,0.995
18313,0.16142183875635907
18314,0.2545
18315,0.15
18316,0.04775
18317,0.152
18318,0.108
18319,0.09933333333333334
18320,0.335
18321,0.12516666666666668
18322,0.996
18323,0.342
18324,0.11082142857142857
18325,0.999
18326,0.010577639751552795
18327,0.11116666666666668
18328,0.172
18329,0.09
18330,0.77225
18331,0.689
18332,0.4042805095016778
18333,0.9263333333333333
18334,0.6119059523809524
18335,0.014
18336,0.015166666666666667
18337,0.7639733023512435
18338,1.0
18339,0.23156762593204558
18340,0.328
18341,0.108
18342,0.008
18343,0.11675
18344,0.444
18345,0.174
18346,0.294
18347,0.997
18348,0.11771216502795452
18349,0.107
18350,0.367
18351,0.012
18352,0.018
18353,0.23
18354,0.8416476325285273
18355,1.0
18356,0.575
18357,0.08233333333333334
18358,0.8869444444444443
18359,0.083
18360,0.12727857142857144
18361,0.056
18362,0.346
18363,1.0
18364,0.5999333333333334
18365,0.285
18366,0.8974540275455569
18367,0.136
18368,0.371
18369,0.989
18370,0.57
18371,0.14922435897435898
18372,0.462
18373,0.10733333333333334
18374,0.372
18375,0.9618155622155624
18376,0.0425
18377,0.226
18378,0.049
18379,0.259
18380,0.6624444444444445
18381,0.253
18382,0.067
18383,0.046
18384,0.57
18385,0.435
18386,0.122
18387,0.172
18388,0.0185
18389,0.468
18390,0.7556666666666667
18391,0.224
18392,0.394
18393,0.078
18394,0.187
18395,0.109
18396,0.324
18397,0.8741017023517024
18398,1.0
18399,0.185
18400,0.116
18401,0.023
18402,0.088
18403,0.11
18404,0.708
18405,0.011
18406,0.137
18407,0.363
18408,0.04593939393939394
18409,0.9836666666666666
18410,0.027
18411,0.212
18412,0.246
18413,0.611
18414,0.015555555555555555
18415,0.091
18416,0.038
18417,0.32206666666666667
18418,0.9345963216522041
18419,0.029875
18420,0.18458333333333335
18421,0.9554128205128205
18422,0.3745
18423,0.996
18424,0.523
18425,0.993
18426,0.086
18427,0.098
18428,0.139
18429,0.393
18430,0.057666666666666665
18431,0.025
18432,0.404
18433,0.124
18434,0.9318417582417582
18435,0.124
18436,0.011
18437,0.03908333333333333
18438,0.076
18439,0.019285714285714285
18440,0.599
18441,0.028
18442,0.121
18443,0.029
18444,0.999
18445,0.024
18446,0.676
18447,1.0
18448,0.17575
18449,0.04082525252525253
18450,0.12333888888888889
18451,0.987
18452,0.209
18453,0.028
18454,0.028
18455,1.0
18456,0.023214593331505096
18457,0.06816666666666667
18458,0.289
18459,0.986
18460,0.6503142857142857
18461,0.06844444444444445
18462,0.9389317176287766
18463,0.04
18464,0.21
18465,0.996
18466,0.999
18467,0.199
18468,0.18819999999999998
18469,0.21
18470,0.249
18471,0.239
18472,0.16516666666666668
18473,0.121
18474,0.05825
18475,0.029
18476,0.026
18477,0.114
18478,0.003
18479,0.998
18480,0.031
18481,0.995
18482,0.0145
18483,0.035
18484,0.998
18485,0.44478366933497
18486,0.998
18487,0.999
18488,0.03124013157894737
18489,0.004
18490,0.072
18491,0.157
18492,0.222
18493,0.2035
18494,0.31875
18495,0.234
18496,0.12
18497,0.987
18498,0.0645
18499,0.06728571428571428
18500,0.4126091269841266
18501,0.063
18502,0.5347347732952106
18503,0.2635
18504,0.01
18505,0.006083333333333334
18506,0.9966666666666666
18507,1.0
18508,0.2805
18509,0.283
18510,0.015
18511,0.012
18512,0.26139999999999997
18513,0.047
18514,0.324
18515,0.0252
18516,0.4067777918727564
18517,0.511
18518,0.031
18519,0.7228142857142857
18520,0.029333333333333336
18521,0.16033333333333336
18522,0.058
18523,0.8699040452899159
18524,0.268
18525,0.326
18526,0.647
18527,0.016
18528,0.1834285714285714
18529,0.697
18530,0.089
18531,0.2495
18532,0.9385648567119156
18533,0.8126190476190477
18534,0.156
18535,0.60415
18536,0.08333333333333334
18537,0.659252380952381
18538,0.137
18539,0.193
18540,0.329
18541,0.047
18542,0.028333333333333332
18543,0.013
18544,0.103
18545,0.010982456140350877
18546,0.981
18547,0.991
18548,0.232
18549,0.8295247835497834
18550,0.365
18551,0.025
18552,0.011
18553,0.2345
18554,0.01
18555,0.037
18556,0.234
18557,0.097
18558,0.05366666666666666
18559,0.41666666666666663
18560,0.079
18561,0.2895
18562,0.846
18563,1.0
18564,0.993
18565,0.53
18566,0.691
18567,0.254
18568,0.054
18569,0.114
18570,0.7672056561472583
18571,0.0
18572,0.039
18573,0.304
18574,0.077
18575,0.019
18576,0.231
18577,0.996
18578,0.074
18579,0.998
18580,0.996
18581,0.0469
18582,0.345
18583,0.995
18584,0.231
18585,0.994
18586,0.98
18587,0.141
18588,0.16142183875635907
18589,0.15925
18590,0.012076923076923077
18591,0.02564285714285714
18592,0.182
18593,0.221
18594,0.8959206504606503
18595,0.0
18596,0.053909090909090907
18597,0.071
18598,0.07404444444444444
18599,0.2265
18600,0.24233333333333335
18601,0.994
18602,0.022
18603,0.020487179487179485
18604,0.37245
18605,0.0385
18606,0.7726666666666667
18607,0.223
18608,0.022
18609,0.056
18610,0.023
18611,0.9906584615384616
18612,0.993
18613,0.6805808375892003
18614,0.3266761904761905
18615,0.083
18616,0.04266666666666667
18617,0.1805
18618,0.024
18619,0.926
18620,0.052
18621,0.301
18622,0.107
18623,0.213
18624,0.149
18625,0.0105
18626,0.04410632411067193
18627,0.331
18628,0.03
18629,0.0013333333333333333
18630,0.308
18631,0.09278463203463203
18632,0.012666666666666666
18633,0.7145735294117647
18634,0.469
18635,0.053
18636,0.007273529411764706
18637,0.2185
18638,0.058
18639,0.08
18640,0.017
18641,0.669
18642,0.0235
18643,0.112
18644,0.144
18645,0.1629075449318484
18646,0.17480348932676518
18647,0.048600000000000004
18648,0.011444444444444445
18649,0.387
18650,0.007
18651,0.31683333333333336
18652,0.22728571428571429
18653,0.09583333333333333
18654,1.0
18655,0.086
18656,0.027677106227106226
18657,0.28
18658,0.293
18659,0.06683333333333333
18660,0.993
18661,0.16375
18662,0.004
18663,0.2635
18664,0.997
18665,0.01
18666,0.07109059936268783
18667,0.331
18668,0.26
18669,0.035
18670,0.03
18671,0.131
18672,0.043
18673,0.042
18674,0.04971428571428572
18675,0.998
18676,0.585
18677,0.109
18678,0.104
18679,0.373
18680,0.209
18681,0.994
18682,0.999
18683,0.012142857142857143
18684,0.9194408293460925
18685,0.991
18686,0.107
18687,0.541
18688,0.35501917214641004
18689,0.972
18690,0.8837065559888141
18691,0.03346076423576423
18692,0.246
18693,0.3669
18694,0.09789999999999999
18695,0.114
18696,0.023
18697,0.015666666666666666
18698,0.083
18699,0.12878809523809526
18700,0.21233333333333335
18701,0.106
18702,0.0115
18703,0.085
18704,0.01
18705,0.3445
18706,0.162
18707,0.046
18708,0.026
18709,0.022
18710,0.103
18711,0.048
18712,0.02333333333333333
18713,0.237
18714,0.998
18715,0.104
18716,0.021
18717,0.223
18718,0.17480348932676518
18719,0.15522222222222223
18720,0.206
18721,0.303
18722,0.391
18723,0.106
18724,0.2725
18725,0.13319999999999999
18726,0.019821428571428573
18727,0.222
18728,1.0
18729,0.025
18730,0.0185
18731,0.112
18732,0.030600000000000002
18733,0.7585427109440267
18734,0.062125
18735,0.077
18736,0.5284901960784314
18737,0.041
18738,0.288
18739,0.456
18740,0.204
18741,0.7988
18742,0.12566666666666665
18743,0.10991202878591295
18744,0.095
18745,0.992
18746,0.196
18747,1.0
18748,0.038
18749,0.186
18750,0.2002199647574648
18751,0.12468181818181819
18752,0.6537166666666667
18753,0.023833333333333335
18754,0.177
18755,0.205
18756,0.06381666666666666
18757,0.03883333333333333
18758,0.231
18759,0.4126
18760,0.7889318668259844
18761,0.05
18762,0.032
18763,0.7672056561472583
18764,0.15445357649596791
18765,0.0788
18766,0.059
18767,0.0335
18768,0.01525
18769,0.324
18770,0.174
18771,0.12333333333333332
18772,0.9290693602693603
18773,0.992
18774,0.467
18775,0.303
18776,0.14557142857142855
18777,0.05
18778,0.033
18779,0.929
18780,1.0
18781,0.036626984126984126
18782,0.303
18783,0.028
18784,0.123
18785,0.9958666666666667
18786,0.011
18787,0.338
18788,0.41960000000000003
18789,0.16
18790,0.025
18791,0.847
18792,0.053899999999999997
18793,0.04666666666666666
18794,0.15172085414585412
18795,0.4955
18796,0.915
18797,0.114
18798,0.26
18799,0.23
18800,0.015
18801,0.7555719642611551
18802,0.028
18803,0.09135050505050506
18804,0.994
18805,0.02
18806,0.996
18807,0.171
18808,0.99
18809,0.069
18810,0.2425
18811,0.998
18812,0.2395
18813,0.041
18814,0.247
18815,0.1625
18816,0.694
18817,0.04
18818,0.386
18819,0.041583333333333326
18820,0.057
18821,0.09033333333333335
18822,1.0
18823,0.191
18824,0.9816666666666666
18825,0.04546369047619047
18826,0.034
18827,0.142
18828,0.3100833333333333
18829,0.274
18830,0.21
18831,0.191
18832,0.04827625152625153
18833,0.043
18834,0.054
18835,0.05025
18836,0.26
18837,0.0914358695652174
18838,0.15
18839,0.99
18840,0.23
18841,0.021
18842,0.837
18843,0.017
18844,0.028
18845,0.153
18846,0.12175
18847,0.15518333333333334
18848,0.062
18849,0.5536086956521739
18850,0.1250357142857143
18851,0.8417778583353331
18852,0.69
18853,0.213
18854,0.981
18855,0.409
18856,1.0
18857,0.034
18858,0.439
18859,0.0469
18860,0.021
18861,0.657
18862,0.116
18863,0.996
18864,0.138
18865,0.012085714285714285
18866,0.125
18867,0.09726805555555555
18868,0.215
18869,0.01
18870,0.14577500000000002
18871,0.387
18872,0.492
18873,0.198
18874,0.15519999999999998
18875,0.16413677156177156
18876,0.013
18877,0.996
18878,1.0
18879,0.008
18880,0.052
18881,0.031
18882,0.165
18883,0.017
18884,0.204
18885,0.239
18886,0.49
18887,0.526
18888,0.296
18889,0.17
18890,0.034
18891,0.05366666666666666
18892,0.32283333333333336
18893,0.995
18894,0.019399999999999997
18895,0.8552000000000001
18896,0.246
18897,0.3423833333333333
18898,0.9294198510639688
18899,0.919
18900,0.028
18901,0.07414285714285714
18902,0.3075
18903,0.8029166666666666
18904,0.052
18905,0.175
18906,0.05157142857142857
18907,0.313
18908,0.154
18909,0.024
18910,0.984
18911,0.032
18912,0.23833928571428573
18913,0.7028571428571428
18914,0.36
18915,0.992
18916,0.29
18917,0.8295247835497834
18918,0.38033333333333336
18919,0.229
18920,0.513
18921,0.033
18922,0.143
18923,0.07533333333333335
18924,0.9586666666666668
18925,0.188
18926,0.233
18927,0.432
18928,0.9110983928035178
18929,0.119
18930,0.02553409090909091
18931,0.037
18932,0.1555
18933,0.66125
18934,0.934
18935,0.6311666666666668
18936,0.053
18937,0.44166666666666665
18938,0.993
18939,0.007
18940,0.5967202380952383
18941,0.02
18942,0.011
18943,1.0
18944,0.1968
18945,0.33747482632310216
18946,0.177
18947,0.533
18948,0.129
18949,0.995
18950,0.05124499300448283
18951,0.036
18952,0.8217898133887757
18953,0.1079484126984127
18954,0.07146666666666666
18955,0.14136666666666664
18956,0.031
18957,0.2635325863678805
18958,0.996
18959,0.14725
18960,0.29075
18961,0.558
18962,0.025333333333333336
18963,0.154
18964,0.015
18965,0.276
18966,0.9955555555555555
18967,0.01008611111111111
18968,0.082
18969,0.175
18970,0.546
18971,0.32
18972,0.0195
18973,0.063
18974,0.175
18975,0.597
18976,0.6145416666666668
18977,0.0785
18978,0.055
18979,0.655
18980,0.369
18981,0.14144444444444446
18982,0.24325
18983,0.048
18984,0.22
18985,0.197
18986,0.0465
18987,0.1845
18988,0.9194408293460925
18989,0.267
18990,0.317
18991,0.02
18992,0.333
18993,0.147
18994,0.08801010101010101
18995,0.993375
18996,0.145
18997,0.044
18998,0.040833333333333326
18999,0.14155924963924965
19000,0.182
19001,0.5796598679098679
19002,0.079
19003,0.049
19004,0.6208995369555234
19005,0.993
19006,0.13116666666666665
19007,0.9521960784313724
19008,0.019
19009,0.0205625
19010,0.365
19011,0.8430019517118589
19012,0.7243333333333334
19013,0.02
19014,0.07233333333333333
19015,0.968
19016,0.004
19017,0.13698333333333332
19018,0.979
19019,0.144
19020,0.2459333333333333
19021,0.09033333333333333
19022,0.0615
19023,0.237
19024,0.026
19025,0.03332051282051282
19026,0.021
19027,0.34
19028,0.07333333333333335
19029,0.087
19030,0.235
19031,0.49170724458016823
19032,0.07741666666666668
19033,0.0432
19034,0.15886666666666668
19035,0.26025
19036,0.991
19037,0.362
19038,0.982
19039,0.485
19040,0.259
19041,0.052
19042,0.059
19043,0.168
19044,0.126
19045,0.99
19046,0.986
19047,0.364
19048,0.44478366933497
19049,0.3593333333333334
19050,0.0195
19051,0.956
19052,0.231
19053,0.245
19054,0.08
19055,0.15516666666666665
19056,0.449
19057,0.024133333333333333
19058,0.1338
19059,0.045
19060,0.12615581177508423
19061,0.999
19062,0.276
19063,0.997
19064,0.256
19065,0.014
19066,0.011947368421052632
19067,0.012
19068,0.23175
19069,0.318
19070,0.996
19071,0.188
19072,0.017
19073,0.044
19074,0.948
19075,0.37922222222222224
19076,0.243
19077,0.123
19078,0.4955689655172414
19079,0.257
19080,0.17
19081,0.013
19082,0.049
19083,0.675
19084,0.09
19085,0.17599285714285723
19086,0.408
19087,0.09266666666666667
19088,0.028
19089,0.9399372740821271
19090,0.16299283651445073
19091,0.039
19092,0.325
19093,0.191515873015873
19094,0.085
19095,0.227
19096,0.49170724458016823
19097,0.206
19098,0.111
19099,0.498
19100,0.99
19101,0.38537499999999997
19102,0.9388454545454544
19103,0.137
19104,0.0145
19105,0.133
19106,0.208
19107,0.088
19108,0.395
19109,0.026
19110,0.091
19111,0.083
19112,0.8040140692640693
19113,0.009
19114,0.289
19115,1.0
19116,0.12233333333333332
19117,0.073
19118,0.12783333333333333
19119,0.1255
19120,0.005666666666666666
19121,0.03781818181818182
19122,0.091
19123,0.999
19124,0.0712
19125,0.1015
19126,0.315
19127,0.075
19128,0.996
19129,0.05625
19130,0.03342857142857143
19131,0.691
19132,0.187
19133,0.036
19134,0.07033333333333334
19135,0.003
19136,0.7333055534878878
19137,0.09625833333333333
19138,0.201
19139,0.9793
19140,0.0265
19141,0.028807692307692305
19142,0.113
19143,0.7994904455607287
19144,0.12438333333333335
19145,0.214
19146,0.6
19147,0.6478747474747475
19148,0.136
19149,0.072
19150,0.011
19151,0.32465
19152,0.014
19153,0.0
19154,0.014
19155,0.238
19156,0.278
19157,0.007273529411764706
19158,0.012
19159,0.474
19160,0.618
19161,0.389
19162,0.03175
19163,0.30894479847039047
19164,0.019
19165,0.011
19166,0.436
19167,0.15366666666666665
19168,0.06725
19169,0.107
19170,0.347
19171,0.388
19172,0.0
19173,0.077
19174,0.216
19175,0.02557142857142857
19176,0.142
19177,0.207
19178,0.6343333333333334
19179,0.025
19180,0.009
19181,0.4869068381668441
19182,0.15
19183,0.288
19184,0.13466666666666668
19185,0.28
19186,0.049
19187,0.314
19188,0.996
19189,0.242
19190,0.056
19191,0.1395
19192,0.0775
19193,0.721
19194,0.09616666666666668
19195,0.32154220212753937
19196,0.35254108009829777
19197,0.998
19198,0.191
19199,0.141
19200,0.791
19201,0.036
19202,0.318
19203,0.052
19204,0.149
19205,0.99
19206,0.22225
19207,0.012
19208,0.284
19209,0.056666666666666664
19210,0.345
19211,0.28
19212,0.174
19213,0.225
19214,0.036
19215,0.3345
19216,0.121
19217,0.146
19218,0.5228333333333333
19219,0.996
19220,0.018
19221,0.992
19222,0.161
19223,0.997
19224,0.042
19225,0.226
19226,0.7596666666666666
19227,0.01
19228,0.019857142857142858
19229,0.491
19230,0.541
19231,0.022
19232,0.20829208079502196
19233,0.998
19234,0.049
19235,0.027677106227106226
19236,0.074
19237,0.189
19238,0.478
19239,0.9189586489619773
19240,0.031
19241,0.051
19242,0.433
19243,0.2225
19244,0.06
19245,0.089
19246,0.41
19247,0.024
19248,0.022325396825396825
19249,0.997
19250,0.025
19251,0.118
19252,0.117
19253,0.997
19254,1.0
19255,0.13710467541144783
19256,0.3043333333333333
19257,0.329
19258,0.996
19259,0.114
19260,0.176
19261,0.199875
19262,0.36393333333333333
19263,0.1095
19264,0.05733333333333333
19265,0.2673333333333333
19266,0.13450198412698416
19267,0.996
19268,0.222
19269,0.182
19270,0.465
19271,0.021833333333333337
19272,0.318
19273,0.9886666666666666
19274,0.044
19275,0.075
19276,0.037
19277,0.115
19278,0.162
19279,0.424
19280,0.062
19281,0.996
19282,0.008
19283,0.037
19284,0.948474358974359
19285,0.035
19286,0.993
19287,0.07008333333333333
19288,0.057
19289,0.9390833333333333
19290,0.9466888888888889
19291,0.994
19292,0.985
19293,0.994
19294,0.2283333333333333
19295,0.8972609393412538
19296,0.765
19297,0.06
19298,0.2304047619047619
19299,0.273
19300,0.367
19301,0.164
19302,0.055
19303,0.838
19304,0.03413333333333334
19305,0.028
19306,0.03562878787878788
19307,0.2126666666666667
19308,0.111
19309,0.1485
19310,0.155
19311,0.403
19312,0.329
19313,0.584
19314,0.032833333333333325
19315,0.991
19316,0.099
19317,0.2583333333333333
19318,1.0
19319,0.9673076923076924
19320,0.097
19321,0.19
19322,0.157
19323,0.115
19324,0.9803
19325,0.246
19326,0.275
19327,0.0983517955044317
19328,0.021666666666666664
19329,0.475
19330,0.5390499999999999
19331,0.07116666666666667
19332,0.302
19333,1.0
19334,0.067
19335,0.953
19336,0.025332167832167834
19337,0.021571428571428568
19338,0.986
19339,0.028
19340,0.977
19341,0.51
19342,0.015
19343,0.347
19344,0.026
19345,0.47675000000000006
19346,0.365
19347,0.09133333333333335
19348,0.41
19349,0.2690253246753247
19350,0.061
19351,0.078
19352,0.1802
19353,0.993
19354,0.299
19355,0.3363333333333334
19356,0.061
19357,0.015
19358,0.0205
19359,0.075
19360,0.0775
19361,0.993
19362,0.467
19363,0.081
19364,0.992
19365,0.993375
19366,0.06047385947385948
19367,0.039
19368,0.674
19369,0.47
19370,0.015
19371,0.145
19372,0.997
19373,0.12
19374,0.037
19375,0.193
19376,0.224
19377,0.1968
19378,0.13025667388167386
19379,0.2026666666666667
19380,0.298
19381,0.14068333333333333
19382,0.0895
19383,0.030404970760233914
19384,0.044
19385,0.994
19386,0.3045
19387,0.861
19388,0.26483333333333337
19389,0.215
19390,0.075
19391,1.0
19392,0.998
19393,0.021011052009456264
19394,0.377492907449784
19395,0.6390816876826245
19396,0.991
19397,0.045
19398,0.5364443459259518
19399,0.09382942057942059
19400,0.9280666666666666
19401,0.719
19402,0.057666666666666665
19403,0.106
19404,0.9948571428571429
19405,0.405
19406,0.081
19407,0.058
19408,0.076
19409,0.247
19410,0.096
19411,0.111
19412,0.9948571428571429
19413,0.24609999999999999
19414,0.24015384615384616
19415,0.081
19416,0.476
19417,0.186
19418,0.159
19419,0.121
19420,0.17556666666666668
19421,0.996
19422,0.041
19423,0.176
19424,0.027
19425,0.063
19426,0.20390595238095238
19427,0.037779545454545455
19428,0.109
19429,0.77075
19430,0.0605
19431,0.19366666666666665
19432,0.8208400488400489
19433,0.133
19434,0.493
19435,0.37423333333333336
19436,0.0396
19437,0.152
19438,0.8555556240612188
19439,0.018
19440,0.987
19441,0.04
19442,0.039
19443,0.04704347826086956
19444,0.142
19445,0.99
19446,0.38
19447,0.2787380952380952
19448,0.07819999999999999
19449,0.492
19450,0.056
19451,0.26775
19452,0.334
19453,0.285
19454,0.0715
19455,0.024
19456,0.956
19457,0.051
19458,0.8982
19459,0.02716666666666667
19460,0.7065
19461,0.06733333333333334
19462,0.116
19463,0.286
19464,0.41
19465,0.058
19466,0.16
19467,0.16556666666666667
19468,0.9356449210919799
19469,0.526
19470,0.059
19471,0.993
19472,0.121
19473,0.399
19474,0.068
19475,0.9438333333333333
19476,0.043
19477,0.06933333333333334
19478,0.15571666666666664
19479,0.9873333333333333
19480,0.35254108009829777
19481,0.366
19482,0.136
19483,0.2
19484,0.175
19485,0.494
19486,0.34571111111111114
19487,0.21549410589410592
19488,0.011
19489,0.4155
19490,0.024
19491,0.556
19492,0.999
19493,0.7490659947336803
19494,0.068
19495,0.32
19496,0.05277777777777778
19497,0.414
19498,0.139
19499,0.127
19500,0.6775666666666667
19501,0.129
19502,0.1165
19503,0.02675
19504,0.355
19505,0.42709521406069023
19506,0.139
19507,0.253
19508,0.997
19509,0.263
19510,0.263
19511,1.0
19512,0.06866666666666667
19513,0.024
19514,0.30258333333333337
19515,0.029
19516,0.995
19517,0.334
19518,0.29
19519,0.092
19520,0.219
19521,0.04574999999999999
19522,0.31170000000000003
19523,0.963474358974359
19524,0.502
19525,0.03001666666666667
19526,0.987
19527,0.012
19528,0.996
19529,0.02553409090909091
19530,0.271
19531,0.8875215898523561
19532,0.9966666666666666
19533,0.21533333333333335
19534,0.7067678139298531
19535,0.3079935064935065
19536,0.5890384615384615
19537,0.087
19538,0.12733333333333333
19539,0.025
19540,0.01
19541,0.022
19542,0.022
19543,0.145
19544,0.127
19545,0.4
19546,0.243
19547,0.07
19548,0.1375
19549,0.247
19550,0.19928446226975638
19551,0.1715
19552,0.118
19553,0.132
19554,0.063
19555,0.013
19556,0.339
19557,0.27
19558,0.049666666666666665
19559,0.023
19560,0.338
19561,0.20225
19562,0.995
19563,0.19391666666666665
19564,0.24383333333333335
19565,0.029
19566,0.9693205128205128
19567,0.997
19568,0.1794805194805195
19569,0.467
19570,0.6091666666666667
19571,0.1
19572,0.13
19573,0.1499075008325008
19574,0.994
19575,0.165
19576,0.207
19577,0.39
19578,0.014
19579,0.218
19580,0.3795
19581,0.049
19582,0.059333333333333335
19583,0.043
19584,0.122
19585,0.102
19586,0.094
19587,0.18
19588,0.5203076923076924
19589,0.171
19590,0.21212222222222224
19591,0.026925
19592,0.066
19593,0.297
19594,0.747948717948718
19595,0.21686715090465095
19596,0.279
19597,0.059
19598,0.221
19599,0.06064166666666667
19600,0.146
19601,0.11
19602,0.956
19603,0.0
19604,0.9394403684550744
19605,0.026
19606,0.112
19607,0.134
19608,0.255
19609,0.036
19610,0.17026666666666668
19611,0.256
19612,0.307
19613,0.9793
19614,0.315
19615,0.222
19616,0.03
19617,0.039
19618,0.11725
19619,0.007
19620,0.011
19621,0.134
19622,0.42706666666666665
19623,0.149
19624,0.13365263157894736
19625,0.48
19626,0.991
19627,0.329
19628,0.295
19629,0.038348124098124096
19630,0.13
19631,0.103
19632,0.1764
19633,0.03533333333333333
19634,0.17
19635,0.09733333333333333
19636,0.14
19637,0.8270416162423747
19638,0.05425
19639,0.998
19640,0.862
19641,0.019
19642,0.024
19643,0.0392235294117647
19644,0.3683666666666667
19645,0.129
19646,0.155
19647,0.976
19648,1.0
19649,0.098
19650,0.087
19651,0.970974358974359
19652,0.125
19653,0.99
19654,0.303
19655,0.103
19656,0.325
19657,0.239
19658,0.010142857142857143
19659,0.397
19660,0.142
19661,0.3374365079365079
19662,0.247
19663,0.530886524822695
19664,0.5386492063492063
19665,0.022350000000000002
19666,0.036
19667,0.03196443161932966
19668,0.222
19669,0.485
19670,0.08133333333333334
19671,0.145
19672,0.025
19673,0.4924
19674,0.638
19675,0.0135
19676,0.029
19677,0.098
19678,0.41091666666666676
19679,0.25533333333333336
19680,0.073
19681,0.065
19682,0.175
19683,0.999
19684,0.098
19685,0.9288453838645016
19686,0.017851095685313734
19687,0.007
19688,0.115
19689,0.745090017825312
19690,0.073
19691,0.062
19692,0.033160504201680666
19693,0.009
19694,0.338
19695,0.284
19696,0.10295384615384616
19697,0.257
19698,0.13991893939393937
19699,0.17313333333333333
19700,0.999
19701,0.215
19702,0.45
19703,0.069
19704,0.37
19705,0.017
19706,0.11833333333333333
19707,0.544
19708,0.12
19709,0.314
19710,0.993
19711,0.185
19712,0.43533628612622566
19713,0.02
19714,0.041
19715,0.082
19716,1.0
19717,0.5061833333333334
19718,0.134
19719,0.968
19720,0.8332532353817679
19721,0.263
19722,0.24046153846153845
19723,0.364
19724,0.14
19725,0.195
19726,0.156
19727,0.08533333333333333
19728,0.375
19729,0.29152712776241846
19730,0.046
19731,0.7672056561472583
19732,0.019
19733,0.3465
19734,0.397
19735,0.02273333333333333
19736,0.349
19737,0.118
19738,0.09725
19739,0.023
19740,0.045
19741,0.014640911768345843
19742,0.022
19743,0.37215
19744,0.106
19745,0.6460147058823529
19746,0.326
19747,0.948474358974359
19748,0.996
19749,0.09887920168067225
19750,0.24766666666666667
19751,0.20008016362722242
19752,0.993
19753,0.232
19754,0.07825
19755,0.6747667486967798
19756,0.205
19757,0.7439417921861422
19758,0.042773809523809526
19759,0.128
19760,0.009
19761,0.995
19762,0.201
19763,0.096
19764,0.29652857142857136
19765,0.09209722222222223
19766,0.082
19767,0.998
19768,0.45
19769,0.01
19770,1.0
19771,0.045
19772,0.913423611111111
19773,0.335
19774,0.29
19775,0.026
19776,0.04224761904761905
19777,0.14081904761904762
19778,0.225
19779,0.04928571428571429
19780,0.013
19781,0.08193333333333333
19782,0.06409999999999999
19783,0.361
19784,0.254
19785,0.993
19786,0.8583849816849817
19787,0.243
19788,0.986
19789,0.075
19790,0.17
19791,0.621
19792,0.019
19793,0.034
19794,0.177
19795,0.4
19796,1.0
19797,0.1433333333333333
19798,0.28323401534526854
19799,0.8040140692640693
19800,0.079
19801,0.048873995280941405
19802,0.315
19803,0.621
19804,0.4986666666666667
19805,0.061
19806,0.7351879629629631
19807,0.0275
19808,0.072
19809,0.223
19810,0.28058333333333335
19811,0.6526692653190797
19812,1.0
19813,0.1756285714285714
19814,0.744
19815,0.0540231884057971
19816,0.04642307692307692
19817,0.482
19818,0.0705
19819,0.147
19820,0.157
19821,0.996
19822,0.104
19823,0.181
19824,0.995
19825,0.1595
19826,0.04127272727272727
19827,0.378
19828,0.194
19829,0.3405
19830,0.4869068381668441
19831,0.047
19832,0.992
19833,0.16142183875635907
19834,1.0
19835,0.021
19836,0.048987874082439306
19837,1.0
19838,0.987
19839,0.051
19840,0.015
19841,0.123
19842,0.188
19843,0.009
19844,0.06866666666666665
19845,0.11
19846,0.998
19847,0.18766666666666665
19848,0.1115
19849,0.146
19850,0.005
19851,0.319
19852,0.006
19853,0.047
19854,0.1486666666666667
19855,0.395
19856,0.995
19857,0.992
19858,0.001
19859,0.022
19860,0.005
19861,0.998
19862,0.4
19863,0.0265
19864,0.9697886178861789
19865,0.27836666666666665
19866,0.998
19867,0.40066666666666667
19868,0.895
19869,0.097
19870,0.074
19871,0.009
19872,0.994
19873,0.1335
19874,0.267
19875,0.282
19876,0.8500735042735044
19877,0.968
19878,0.353
19879,0.342309733311814
19880,0.258
19881,0.993
19882,0.06728571428571428
19883,0.013
19884,0.1431708728501823
19885,0.996
19886,0.1095
19887,0.995
19888,0.6956166666666667
19889,0.054
19890,0.209125
19891,0.999
19892,0.2105
19893,0.969
19894,0.008
19895,0.03
19896,0.14
19897,0.086
19898,0.19125
19899,0.007
19900,0.056
19901,0.093
19902,0.021383333333333338
19903,0.147
19904,0.927
19905,0.04725
19906,0.8134166666666667
19907,0.069
19908,0.036
19909,0.8295247835497834
19910,0.28
19911,0.071
19912,0.014375
19913,0.963474358974359
19914,0.998
19915,0.362
19916,1.0
19917,0.367
19918,0.038
19919,0.20205
19920,0.605
19921,0.18
19922,0.443
19923,0.02409090909090909
19924,0.168
19925,0.331
19926,0.066
19927,0.083
19928,0.086
19929,0.021
19930,0.44
19931,0.012
19932,0.024166666666666666
19933,0.5313333333333332
19934,0.6263333333333333
19935,0.063
19936,0.0864
19937,0.4172
19938,0.109
19939,0.478
19940,0.14155924963924965
19941,0.1943333333333333
19942,0.2
19943,0.97
19944,0.09459999999999999
19945,0.518
19946,0.086
19947,0.99
19948,0.08575
19949,0.045369230769230766
19950,0.932
19951,1.0
19952,0.141
19953,0.18741666666666668
19954,0.304
19955,0.0705
19956,0.433
19957,0.088
19958,0.124
19959,0.157
19960,0.272
19961,0.14834999999999998
19962,0.01525
19963,0.9521960784313724
19964,0.10733333333333332
19965,0.092125
19966,0.14825
19967,0.0296
19968,0.159
19969,0.2
19970,0.007
19971,0.18400000000000002
19972,0.309
19973,0.02
19974,0.37515
19975,0.994
19976,0.03244444444444444
19977,0.26
19978,0.029234848484848485
19979,0.09
19980,0.992
19981,0.049333333333333326
19982,0.13047833333333334
19983,0.28148529411764706
19984,0.991
19985,0.344
19986,0.95
19987,0.093
19988,0.012076923076923077
19989,0.9948571428571429
19990,0.958
19991,0.4662
19992,0.791
19993,0.035
19994,0.21713888888888888
19995,0.6180000000000001
19996,0.106
19997,0.06866666666666665
19998,0.009766666666666667
19999,0.142
20000,0.129
20001,0.134
20002,0.107
20003,0.0384
20004,0.685
20005,0.026
20006,0.044752768065268074
20007,0.058
20008,0.9194408293460925
20009,0.05404761904761905
20010,0.016595022624434387
20011,0.05
20012,0.7911608974903093
20013,0.053
20014,0.06166666666666666
20015,0.463
20016,0.05
20017,0.20805
20018,0.019821428571428573
20019,0.0505
20020,0.141
20021,0.262
20022,0.194
20023,0.2125
20024,0.054
20025,0.4396666666666667
20026,0.53276329378972
20027,0.05733333333333333
20028,0.53
20029,0.06075
20030,0.0255
20031,0.32
20032,0.435
20033,0.231
20034,0.7452222222222221
20035,0.010656267346942402
20036,0.029333333333333336
20037,0.930130701754386
20038,0.243
20039,0.05585436507936508
20040,0.011
20041,0.046
20042,0.116
20043,0.019
20044,0.05358333333333334
20045,0.911
20046,0.999
20047,0.163
20048,0.993
20049,0.623
20050,0.993
20051,0.5962921843359822
20052,1.0
20053,1.0
20054,0.377
20055,0.06364285714285714
20056,0.297
20057,0.3135
20058,0.119
20059,0.02
20060,0.18
20061,0.081
20062,0.235
20063,0.028
20064,0.001
20065,0.982
20066,0.425
20067,0.054
20068,0.04778260869565217
20069,0.999
20070,0.1885
20071,0.053
20072,0.134
20073,0.388
20074,0.989
20075,0.033
20076,0.026166666666666664
20077,0.368
20078,0.423
20079,0.15758333333333335
20080,0.046
20081,0.398
20082,0.123
20083,0.09166666666666667
20084,0.29175
20085,0.6664285714285715
20086,0.102
20087,0.24243019480519482
20088,0.997
20089,0.097
20090,0.07
20091,0.9150713323999703
20092,0.375
20093,0.993
20094,0.191
20095,0.010577639751552795
20096,0.008282608695652173
20097,0.6045
20098,0.999
20099,0.151
20100,0.030293686868686866
20101,0.194
20102,0.132
20103,0.97
20104,0.2525
20105,0.697
20106,0.026333333333333334
20107,0.322
20108,0.214
20109,0.016
20110,1.0
20111,0.993
20112,0.997
20113,0.012199999999999999
20114,0.995
20115,0.12
20116,0.473
20117,0.126
20118,0.1799333333333333
20119,0.09428571428571428
20120,0.143
20121,0.03
20122,0.31239523809523806
20123,0.212
20124,0.6640558823529412
20125,0.39143036497622136
20126,0.062
20127,0.21
20128,0.194
20129,0.031
20130,0.26
20131,0.473
20132,0.14
20133,0.191
20134,0.013
20135,0.322
20136,0.155
20137,0.255
20138,0.9925
20139,0.999
20140,0.035
20141,0.027
20142,0.31521149283344296
20143,0.20366666666666666
20144,0.7911608974903093
20145,0.202
20146,0.229
20147,0.007
20148,0.2873333333333334
20149,0.305
20150,0.04318333333333334
20151,0.19546666666666665
20152,0.305
20153,0.236
20154,0.3187666666666667
20155,0.031
20156,0.067
20157,0.008199999999999999
20158,1.0
20159,0.9993636363636363
20160,0.011453404892918961
20161,0.999
20162,0.6706666666666666
20163,0.231
20164,0.343
20165,0.054
20166,0.236
20167,1.0
20168,1.0
20169,0.522
20170,0.1707
20171,0.026
20172,0.024627777777777776
20173,0.22183333333333335
20174,0.299
20175,0.0515
20176,0.158
20177,0.0185
20178,0.8295247835497834
20179,0.987
20180,0.054
20181,0.193
20182,0.289
20183,0.014
20184,0.999
20185,0.179
20186,0.064
20187,0.073
20188,0.193
20189,0.05
20190,0.0064
20191,0.019850000000000003
20192,0.40957142857142853
20193,0.379
20194,0.096
20195,0.204
20196,0.027
20197,0.087
20198,0.112
20199,0.272
20200,0.723
20201,0.078
20202,0.0672866200605903
20203,0.341
20204,0.0916125
20205,0.383
20206,0.096
20207,0.596
20208,0.037399999999999996
20209,0.18570237719299879
20210,0.541
20211,0.492
20212,0.145
20213,0.05466666666666666
20214,0.023
20215,0.07766666666666666
20216,0.3489166666666667
20217,0.855
20218,0.134
20219,0.037
20220,0.229
20221,0.04966815610859729
20222,0.007
20223,0.387
20224,0.078
20225,0.308
20226,0.143
20227,0.167
20228,0.03
20229,0.36841687876245893
20230,0.16892857142857143
20231,0.162
20232,0.9638076923076924
20233,0.324
20234,0.992
20235,0.026
20236,0.605
20237,0.996
20238,0.213
20239,0.1396170246494113
20240,0.10936666666666665
20241,0.011
20242,0.004
20243,0.998
20244,0.2514
20245,0.994
20246,0.042043478260869564
20247,0.549
20248,0.202
20249,0.35869999999999996
20250,0.095
20251,0.031
20252,0.14572038517038516
20253,0.839861038323894
20254,0.09108333333333332
20255,0.028
20256,0.069
20257,0.325
20258,0.022
20259,0.993
20260,0.078
20261,0.018
20262,0.997
20263,0.22016666666666665
20264,0.152
20265,0.9476
20266,0.573
20267,0.021
20268,0.14
20269,0.457
20270,0.995
20271,0.1454803198315981
20272,0.998
20273,0.9948571428571429
20274,0.37
20275,0.212
20276,0.405
20277,0.554
20278,0.9667060890067787
20279,0.87395191559988
20280,0.01275
20281,0.04
20282,0.336
20283,0.29742857142857143
20284,0.092
20285,0.05525
20286,0.313
20287,0.154
20288,0.07875
20289,0.21433333333333332
20290,0.079
20291,0.007
20292,0.171
20293,0.329
20294,0.149
20295,0.022
20296,0.999
20297,0.889
20298,0.412
20299,0.0865
20300,0.03175
20301,0.8566291594516596
20302,0.132
20303,0.114
20304,0.295
20305,0.184
20306,0.063
20307,0.156
20308,0.126
20309,0.022
20310,0.491
20311,0.4355
20312,0.995
20313,0.551
20314,0.109
20315,0.277
20316,0.179
20317,0.9816666666666666
20318,0.177
20319,1.0
20320,0.031820634920634916
20321,0.223
20322,0.192
20323,0.4882976648351652
20324,0.137
20325,0.24933333333333335
20326,0.988
20327,0.12
20328,0.016
20329,0.654
20330,0.044
20331,0.243
20332,0.586
20333,0.543
20334,0.148
20335,0.28525
20336,0.6346414141414141
20337,0.135
20338,0.164
20339,0.996
20340,0.061
20341,0.056
20342,0.089
20343,0.216
20344,0.16140066401912956
20345,0.36
20346,0.0757286925063241
20347,0.193
20348,0.09140000000000001
20349,0.667
20350,0.573
20351,0.128
20352,0.37710000000000005
20353,0.3765
20354,0.9755
20355,0.09874621848739497
20356,0.09821666666666666
20357,0.0495
20358,0.047
20359,0.04133333333333333
20360,0.064
20361,0.04466666666666667
20362,0.128
20363,0.051
20364,0.04584126984126984
20365,0.20647452146797282
20366,0.178
20367,0.9638076923076924
20368,0.137
20369,0.181
20370,0.306
20371,0.019
20372,0.037
20373,0.26333333333333336
20374,0.18518333333333334
20375,1.0
20376,0.11
20377,0.958
20378,0.07
20379,0.18083333333333332
20380,0.027
20381,0.1275
20382,0.2549166666666667
20383,0.28
20384,0.05
20385,0.238
20386,0.997
20387,0.2295
20388,0.21
20389,0.25
20390,0.497
20391,0.0476
20392,0.386
20393,0.148
20394,0.03606666666666667
20395,0.044782467532467535
20396,0.6247999999999999
20397,0.997
20398,0.995
20399,0.9280953838645016
20400,0.026
20401,0.125
20402,0.195
20403,0.454
20404,0.999
20405,0.105
20406,0.052
20407,0.034
20408,0.375
20409,0.039
20410,0.999
20411,0.7639733023512435
20412,0.996
20413,0.049272727272727274
20414,0.997
20415,0.095
20416,0.034
20417,0.5433333333333332
20418,0.187
20419,0.012333333333333332
20420,0.12747284382284382
20421,0.3556666666666667
20422,0.14929713804713804
20423,0.11812909678788502
20424,0.6478747474747475
20425,0.017
20426,0.015
20427,0.993
20428,0.18683333333333332
20429,0.154
20430,0.982
20431,0.7382664720900014
20432,0.229
20433,0.026
20434,0.13
20435,0.057
20436,0.062
20437,1.0
20438,0.132
20439,0.115
20440,0.3778361111111111
20441,0.102
20442,0.9368
20443,0.995
20444,0.381
20445,0.163
20446,0.0282
20447,1.0
20448,0.107
20449,0.339
20450,0.025
20451,0.188
20452,0.07928095238095238
20453,0.2035
20454,0.9993636363636363
20455,0.06
20456,0.2426666666666667
20457,0.363
20458,0.64
20459,0.432
20460,0.169
20461,0.056
20462,0.31080073260073254
20463,0.45
20464,0.076
20465,0.548
20466,0.124
20467,0.585125
20468,0.141
20469,0.298
20470,0.0
20471,0.009
20472,0.998
20473,0.264
20474,0.052
20475,0.7067678139298531
20476,0.444
20477,0.2155
20478,0.047200000000000006
20479,0.86785
20480,0.06709848484848484
20481,0.9903333333333334
20482,0.086
20483,0.23
20484,0.4366500000000001
20485,0.144
20486,0.671
20487,0.016
20488,0.994
20489,0.188
20490,0.998
20491,0.041
20492,0.04691666666666667
20493,0.1696666666666667
20494,0.08220000000000001
20495,0.021
20496,0.193
20497,0.013
20498,0.185
20499,0.034
20500,0.352
20501,0.031
20502,0.009340740740740741
20503,1.0
20504,0.058
20505,0.018
20506,0.0555
20507,0.213
20508,0.232
20509,0.124
20510,0.504
20511,0.019
20512,0.02596666666666667
20513,0.17604999999999998
20514,0.061450000000000005
20515,0.051375
20516,0.991
20517,0.24875
20518,0.109
20519,0.8614437381860933
20520,0.06
20521,0.2315
20522,0.094
20523,0.074
20524,0.233
20525,0.43806060606060604
20526,0.081
20527,0.19456250938603878
20528,0.016
20529,0.498
20530,0.8649375
20531,0.31425
20532,0.131
20533,0.0585
20534,0.7058749077590797
20535,0.052583333333333336
20536,0.016
20537,0.301
20538,0.062107142857142854
20539,0.03225
20540,0.092
20541,0.073
20542,0.5676162506083945
20543,0.03
20544,0.9388454545454544
20545,1.0
20546,0.276
20547,0.999
20548,0.064
20549,0.373
20550,0.983
20551,0.12
20552,0.5554002392344498
20553,0.012076923076923077
20554,0.17833333333333332
20555,0.9170719661888392
20556,0.1065
20557,0.016
20558,0.996
20559,0.064
20560,0.005
20561,0.193
20562,0.044333333333333336
20563,0.244
20564,0.183
20565,1.0
20566,0.689
20567,0.164
20568,0.998
20569,0.2525
20570,0.079
20571,0.2761808972760986
20572,0.053
20573,0.1825
20574,0.022
20575,0.234
20576,0.6040539180477504
20577,0.9865
20578,0.06025
20579,1.0
20580,0.136
20581,0.286
20582,0.02
20583,0.19
20584,0.097
20585,0.636
20586,0.026285714285714284
20587,1.0
20588,0.07141666666666666
20589,0.07176904761904761
20590,0.096
20591,0.1985438256188256
20592,0.2514
20593,0.317
20594,0.139
20595,0.446
20596,0.1
20597,0.999
20598,0.398
20599,0.3145
20600,0.378
20601,0.19
20602,0.01838049645390071
20603,0.27598333333333336
20604,0.49170724458016823
20605,0.174
20606,0.164
20607,0.9385648567119156
20608,0.9952000000000001
20609,0.41
20610,0.5621666666666666
20611,0.22119999999999998
20612,0.197
20613,0.541
20614,0.043
20615,0.25525
20616,0.021
20617,0.992
20618,0.196
20619,0.509
20620,0.01008611111111111
20621,0.056
20622,0.219
20623,0.937
20624,0.089
20625,0.99
20626,0.35
20627,0.119
20628,0.081
20629,0.147
20630,0.403
20631,0.364
20632,0.007
20633,0.278
20634,0.112
20635,1.0
20636,0.045
20637,0.114
20638,0.059
20639,0.141
20640,0.257
20641,0.104
20642,0.012666666666666666
20643,0.0152
20644,0.32
20645,0.15
20646,0.311
20647,0.006
20648,0.9903333333333334
20649,0.076
20650,0.071
20651,0.969
20652,0.072
20653,0.092
20654,0.0125
20655,0.08189374057315234
20656,0.279
20657,0.017166666666666663
20658,0.026
20659,0.267
20660,0.187
20661,0.019
20662,0.7293166666666667
20663,0.013
20664,1.0
20665,0.232
20666,0.9956666666666666
20667,0.034
20668,0.68
20669,0.07238461538461538
20670,0.164
20671,0.997
20672,0.995
20673,0.093
20674,0.198
20675,0.096
20676,0.057
20677,0.0455
20678,0.015
20679,0.032686324786324786
20680,0.989
20681,0.251
20682,0.389
20683,0.17883333333333334
20684,0.22899285714285714
20685,0.21
20686,0.994
20687,0.301
20688,0.122
20689,0.133
20690,0.065
20691,0.222
20692,0.008
20693,0.7067678139298531
20694,0.1835
20695,0.017
20696,0.8028
20697,0.052
20698,0.76
20699,0.338
20700,0.45747058823529413
20701,0.029333333333333333
20702,0.348
20703,0.044
20704,0.358
20705,0.09
20706,0.141
20707,0.993
20708,0.2580769230769231
20709,0.322
20710,0.196
20711,0.193
20712,0.159
20713,0.36108783917287995
20714,0.994
20715,0.143
20716,0.992
20717,0.991
20718,0.05
20719,0.7845
20720,0.1517525344277852
20721,0.09766666666666667
20722,0.318
20723,0.68
20724,0.0375
20725,0.237
20726,0.0980747890997891
20727,0.046
20728,0.179
20729,0.6805808375892003
20730,0.8583849816849817
20731,0.377
20732,0.20125
20733,0.13340000000000002
20734,0.273
20735,0.121
20736,0.508
20737,0.5655
20738,0.028
20739,0.649
20740,0.9712999999999999
20741,0.010666666666666666
20742,0.44
20743,0.007
20744,0.247
20745,0.205
20746,0.032
20747,0.013444444444444445
20748,0.075
20749,0.441
20750,0.994
20751,0.0162
20752,0.014833333333333334
20753,0.337
20754,0.11416666666666667
20755,0.9194408293460925
20756,0.081
20757,0.18966666666666665
20758,0.341
20759,0.9816666666666666
20760,0.35625
20761,0.258
20762,0.21266666666666667
20763,0.993
20764,0.07
20765,0.08429285714285714
20766,0.553
20767,0.99
20768,0.064
20769,0.178
20770,0.04
20771,0.141
20772,0.0515
20773,0.8649375
20774,0.263
20775,0.997
20776,0.082
20777,0.3222857142857143
20778,0.258
20779,0.445
20780,0.424
20781,0.288
20782,0.995
20783,0.381
20784,0.10527186554849066
20785,0.208
20786,0.099
20787,0.998
20788,0.969
20789,0.184
20790,0.25
20791,0.29325
20792,0.075
20793,0.05
20794,1.0
20795,0.01841304347826087
20796,0.08641666666666667
20797,0.023
20798,0.22366666666666665
20799,0.087
20800,0.006
20801,0.995
20802,0.16935000000000003
20803,0.343
20804,0.0851
20805,1.0
20806,0.9285234758705347
20807,0.11036238095238096
20808,0.307
20809,0.065
20810,0.09466666666666666
20811,0.005
20812,1.0
20813,0.022
20814,0.6270631652661065
20815,0.8528947368421052
20816,0.0555
20817,0.06
20818,0.20158333333333334
20819,0.0555
20820,0.9906584615384616
20821,0.04488888888888889
20822,0.997
20823,0.9913333333333334
20824,0.35325
20825,0.06607142857142857
20826,0.8910777777777777
20827,0.15866666666666668
20828,0.299
20829,0.057647727272727274
20830,0.2314685546506637
20831,0.127
20832,0.029
20833,0.09308333333333332
20834,0.331
20835,0.2985
20836,0.019
20837,0.993
20838,0.26844444444444443
20839,0.32
20840,0.017
20841,0.999
20842,0.995
20843,0.991
20844,0.174
20845,0.441
20846,0.01139822200040871
20847,0.0654
20848,0.27375
20849,0.605
20850,0.147
20851,0.0945
20852,0.99
20853,0.2025
20854,0.764
20855,0.03912019230769231
20856,0.20357906162464987
20857,0.029
20858,0.119
20859,0.364
20860,0.123
20861,0.147
20862,0.089
20863,0.386
20864,0.057
20865,0.089
20866,0.205
20867,0.3915
20868,0.417
20869,0.238
20870,0.926
20871,0.383
20872,0.5305
20873,0.1754166666666667
20874,0.237
20875,0.08525
20876,0.074
20877,0.058571428571428566
20878,0.35
20879,0.12
20880,0.12552102638141238
20881,0.1554
20882,0.14
20883,0.024
20884,0.03713333333333333
20885,0.295
20886,0.09066666666666666
20887,0.037
20888,0.4886025171723701
20889,0.001
20890,0.022
20891,0.176
20892,0.201
20893,0.9912727272727273
20894,0.247
20895,0.051
20896,0.012
20897,0.061
20898,0.454
20899,0.011
20900,0.005
20901,0.036
20902,0.021166666666666663
20903,0.02
20904,0.7037333333333332
20905,0.0345
20906,0.201
20907,0.232
20908,0.998
20909,0.043
20910,0.034
20911,0.995
20912,0.998
20913,0.412
20914,0.695
20915,0.6355833333333334
20916,0.092
20917,0.833
20918,0.033
20919,1.0
20920,0.251
20921,0.085
20922,0.08575
20923,0.4869068381668441
20924,0.0020833333333333333
20925,0.039
20926,0.031
20927,0.096
20928,0.992
20929,0.09209423076923076
20930,0.11833333333333333
20931,0.039
20932,0.255
20933,0.3230821456321455
20934,0.049
20935,0.18815384615384617
20936,0.232
20937,0.992
20938,0.315
20939,0.9873333333333333
20940,0.004
20941,0.992
20942,0.7665576007326007
20943,0.5646666666666668
20944,0.093
20945,0.135
20946,0.17
20947,0.7785
20948,0.08193333333333333
20949,0.049666666666666665
20950,0.254
20951,0.18916666666666665
20952,0.107
20953,0.08106666666666666
20954,0.16642857142857145
20955,0.182
20956,0.9673076923076924
20957,0.114
20958,0.148
20959,0.174
20960,0.257
20961,0.6634222222222222
20962,0.013064171297809742
20963,0.2936666666666667
20964,0.920001418026418
20965,0.178
20966,0.73
20967,0.102
20968,0.528
20969,0.415
20970,0.0111
20971,0.301
20972,0.167
20973,0.996
20974,0.0983076923076923
20975,0.04042857142857143
20976,1.0
20977,0.019
20978,0.8591666666666667
20979,0.993
20980,0.114
20981,0.225
20982,0.1401547619047619
20983,0.275
20984,0.033350000000000005
20985,0.04
20986,0.145
20987,0.418
20988,0.999
20989,0.634
20990,0.118
20991,0.045
20992,0.201
20993,0.031
20994,0.16
20995,0.112
20996,1.0
20997,0.996
20998,0.779
20999,0.012
21000,0.277
21001,0.01841304347826087
21002,0.107
21003,0.354
21004,0.992
21005,0.4016666666666666
21006,0.698
21007,1.0
21008,0.25
21009,0.139
21010,0.063
21011,0.989
21012,0.116
21013,0.3132500365295258
21014,0.24
21015,0.04966815610859729
21016,0.8649375
21017,0.2650333333333333
21018,0.09162857142857143
21019,0.002
21020,0.705
21021,0.075
21022,0.154
21023,0.087
21024,0.09
21025,0.87371361580392
21026,0.993
21027,0.21860000000000002
21028,0.18404761904761904
21029,0.7672056561472583
21030,0.229
21031,0.0635
21032,0.122
21033,0.121
21034,0.458
21035,0.251
21036,0.8591666666666667
21037,0.578
21038,0.9399372740821271
21039,0.2263333333333333
21040,0.078
21041,0.738
21042,0.9299566149536737
21043,0.079
21044,0.301
21045,0.08533333333333333
21046,0.284
21047,0.056
21048,0.7127692307692307
21049,0.056
21050,0.146
21051,0.009
21052,0.168
21053,0.997
21054,0.16355483405483404
21055,0.9408466686091687
21056,0.346
21057,0.024
21058,0.993
21059,0.9638076923076924
21060,0.006
21061,0.213
21062,0.013
21063,0.05
21064,0.18718494917092424
21065,0.01948333333333333
21066,0.295
21067,0.357
21068,0.344
21069,1.0
21070,0.158
21071,0.171
21072,0.28225
21073,0.996
21074,0.997
21075,0.968
21076,0.088
21077,0.993
21078,0.068
21079,1.0
21080,0.128
21081,0.919
21082,0.126
21083,0.015
21084,0.019
21085,0.9424313917291859
21086,0.024
21087,0.05327777777777778
21088,0.211
21089,0.259
21090,0.826
21091,0.038
21092,0.062
21093,0.009
21094,0.068
21095,0.8416476325285273
21096,0.09
21097,0.377
21098,0.142
21099,0.026
21100,0.9305714285714286
21101,0.458
21102,0.079
21103,0.096
21104,0.6075
21105,0.158
21106,0.03517460317460318
21107,0.168
21108,0.216
21109,0.10719959949652563
21110,0.006
21111,0.348
21112,0.025
21113,0.16
21114,0.0155
21115,0.078
21116,0.021833333333333337
21117,0.03266666666666667
21118,0.279
21119,0.369
21120,0.1713333333333333
21121,0.015
21122,0.043
21123,0.37860000000000005
21124,0.043
21125,0.37047083333333336
21126,0.119
21127,0.021
21128,0.8392187313744247
21129,0.347625
21130,0.188
21131,0.999
21132,0.098
21133,0.794
21134,0.064
21135,0.019
21136,0.1046
21137,0.982
21138,0.025
21139,0.031
21140,0.012199999999999999
21141,0.481
21142,0.076
21143,0.017
21144,0.443
21145,0.07094047619047619
21146,0.013428571428571429
21147,0.026
21148,0.9913333333333334
21149,0.206
21150,0.768
21151,0.365
21152,0.998
21153,0.9498466686091687
21154,0.027
21155,0.999
21156,0.365
21157,0.0466
21158,0.008282608695652173
21159,0.05413788335847159
21160,0.15
21161,1.0
21162,0.128
21163,0.7204443223443225
21164,0.099
21165,0.06738095238095237
21166,0.04916666666666667
21167,0.16475
21168,0.22175
21169,0.8325
21170,0.013
21171,0.1305
21172,0.375
21173,0.168
21174,0.1443527777777778
21175,0.021388888888888888
21176,0.040333333333333325
21177,0.022
21178,0.057
21179,0.05975
21180,0.2032
21181,0.225
21182,0.02
21183,0.978974358974359
21184,0.266
21185,0.202
21186,0.06609999999999999
21187,0.0492
21188,0.202
21189,0.0945
21190,0.01577777777777778
21191,0.052
21192,0.369
21193,0.0075
21194,0.992
21195,0.094
21196,0.296
21197,0.438
21198,0.994
21199,0.068
21200,0.027
21201,0.0215
21202,0.096
21203,0.048333333333333325
21204,0.13682051282051283
21205,0.03124013157894737
21206,0.4375
21207,0.069
21208,0.022533333333333332
21209,0.359
21210,0.4023333333333333
21211,0.913423611111111
21212,0.11321781992517285
21213,0.125
21214,0.5146666666666666
21215,0.167
21216,0.271
21217,0.14256666666666667
21218,1.0
21219,0.197
21220,0.138
21221,0.026
21222,0.515
21223,0.084
21224,0.577
21225,0.008
21226,0.04166666666666667
21227,0.181
21228,0.236
21229,0.1445
21230,0.089
21231,0.083
21232,0.127
21233,0.062
21234,0.117
21235,0.10755
21236,0.069
21237,0.291
21238,0.27903396742146724
21239,0.02728
21240,0.2755
21241,0.04225
21242,0.214
21243,0.9920384615384615
21244,0.276
21245,0.996
21246,0.38
21247,0.134
21248,0.173
21249,0.0095
21250,0.304
21251,0.9394403684550744
21252,0.020687179487179484
21253,0.353
21254,0.0745
21255,0.117
21256,0.2494
21257,0.026
21258,0.018
21259,0.003
21260,0.006
21261,0.2
21262,0.376
21263,0.276
21264,0.102
21265,0.064
21266,0.478
21267,0.988
21268,0.22258333333333336
21269,0.02195
21270,0.0254
21271,0.03294444444444444
21272,0.21
21273,0.133
21274,0.162
21275,0.097
21276,0.378
21277,0.171
21278,0.182
21279,0.658
21280,0.902
21281,0.5221512876012879
21282,0.981974358974359
21283,0.024
21284,0.067
21285,0.069
21286,0.13825
21287,0.35
21288,0.99
21289,0.993
21290,0.992
21291,0.0855
21292,0.114
21293,0.097
21294,0.12019999999999999
21295,0.145
21296,0.247
21297,0.051
21298,0.01
21299,0.045
21300,0.161
21301,0.022181818181818184
21302,0.091
21303,0.11554545454545455
21304,0.21
21305,0.028
21306,0.401
21307,0.1765
21308,0.274
21309,0.457
21310,0.154
21311,0.9438333333333333
21312,0.2585
21313,0.577
21314,0.047
21315,0.014
21316,0.09
21317,0.052
21318,0.051
21319,0.053285714285714283
21320,0.083
21321,0.126
21322,0.085
21323,0.992
21324,0.16319999999999998
21325,0.222
21326,0.9310659614723082
21327,0.295
21328,0.014
21329,0.989
21330,0.976
21331,0.076
21332,0.371
21333,0.1085
21334,0.155
21335,0.14539963360512892
21336,0.22314646464646465
21337,0.112
21338,0.567
21339,0.0325
21340,0.177856297960161
21341,0.15616666666666668
21342,0.17266666666666666
21343,0.5545917732310317
21344,0.1830597266006305
21345,0.3930913030838156
21346,0.972
21347,0.993
21348,0.27975
21349,0.039
21350,0.317
21351,0.175
21352,0.306
21353,0.10170513673318553
21354,0.15775
21355,0.992
21356,0.175
21357,0.5349321123321125
21358,0.993
21359,0.081
21360,0.08
21361,1.0
21362,0.432452380952381
21363,0.017
21364,0.23
21365,0.022
21366,0.1665
21367,0.037
21368,0.992
21369,0.5054166666666666
21370,0.307
21371,0.026
21372,0.0815
21373,0.998
21374,0.714
21375,0.127
21376,0.639
21377,0.9297136178861789
21378,0.996
21379,0.21925
21380,0.013857142857142858
21381,0.271
21382,0.448
21383,0.494
21384,0.06133333333333334
21385,0.09966666666666667
21386,0.987
21387,0.006
21388,0.9356449210919799
21389,0.11743418388628916
21390,0.158
21391,0.005666666666666666
21392,0.15666666666666665
21393,0.003
21394,0.442
21395,0.214
21396,0.299
21397,0.085
21398,0.001
21399,0.184
21400,0.7911608974903093
21401,0.038
21402,0.2085
21403,0.046
21404,0.04575
21405,0.13725
21406,0.8649375
21407,0.10783333333333334
21408,0.223
21409,0.033
21410,0.0878
21411,0.998
21412,0.678
21413,0.215
21414,0.555
21415,0.622
21416,0.49775
21417,0.13922222222222222
21418,0.147
21419,0.056375
21420,0.015
21421,0.096
21422,0.267
21423,0.053
21424,0.024984285714285712
21425,0.186
21426,0.147
21427,0.222
21428,0.206
21429,0.006
21430,0.994
21431,0.996
21432,0.987
21433,0.15545454545454543
21434,0.994
21435,0.06433333333333334
21436,0.041333333333333326
21437,0.201
21438,0.013736363636363637
21439,0.287
21440,0.9711158645276291
21441,0.279
21442,0.06666666666666665
21443,0.229
21444,0.032
21445,0.194
21446,0.098
21447,0.276
21448,0.7092
21449,0.1555
21450,0.9793
21451,0.51175
21452,0.2165
21453,0.064
21454,0.11591666666666667
21455,0.025
21456,0.045
21457,0.1066
21458,0.036
21459,0.068
21460,0.12528333333333336
21461,0.058
21462,0.238
21463,0.057333333333333326
21464,0.014
21465,0.49170724458016823
21466,0.0495
21467,0.136
21468,0.0345
21469,0.047766666666666666
21470,0.093
21471,0.01
21472,0.19083333333333333
21473,0.992
21474,0.124
21475,0.997
21476,0.068
21477,0.299
21478,0.048
21479,0.091
21480,0.1806666666666667
21481,0.252
21482,0.07841666666666668
21483,0.14
21484,0.7319166666666668
21485,0.007
21486,0.51495
21487,0.132
21488,0.01352777777777778
21489,0.075
21490,0.098
21491,0.04033333333333334
21492,0.926
21493,0.6110560719409716
21494,0.9945384615384616
21495,0.056
21496,0.987
21497,0.094
21498,0.4067777918727564
21499,0.304
21500,0.13980000000000004
21501,0.179
21502,0.026
21503,0.17633333333333331
21504,0.0435
21505,0.55
21506,0.05633333333333333
21507,0.03066666666666667
21508,0.079
21509,0.993
21510,0.019
21511,0.5920394036702725
21512,0.05
21513,0.1776666666666667
21514,0.040333333333333325
21515,0.3725
21516,0.476
21517,0.8417778583353331
21518,0.02733333333333333
21519,0.998
21520,0.167
21521,0.6478747474747475
21522,0.021111111111111115
21523,0.11249440419405458
21524,0.51075
21525,0.09
21526,0.064
21527,0.2
21528,0.047
21529,0.033
21530,0.062
21531,0.178
21532,0.2615
21533,0.2565
21534,0.009
21535,0.019
21536,0.35
21537,0.999
21538,0.008
21539,0.414
21540,0.262
21541,0.02808333333333333
21542,0.074
21543,0.005
21544,0.6857142857142858
21545,0.08393548387096775
21546,0.0285
21547,0.392
21548,0.425
21549,0.11
21550,0.10404981929834872
21551,0.022
21552,0.16292857142857145
21553,0.989
21554,0.209
21555,0.075
21556,0.993
21557,0.462
21558,0.029111111111111112
21559,0.0076
21560,0.17368571428571428
21561,0.8974540275455569
21562,0.022
21563,0.621
21564,0.048
21565,0.23
21566,0.026
21567,0.6025
21568,0.029
21569,0.336
21570,0.266
21571,0.6428285714285714
21572,0.377
21573,0.219
21574,0.010982456140350877
21575,0.022
21576,0.321
21577,0.8455
21578,0.996
21579,0.12921880519194412
21580,0.14633333333333332
21581,0.126
21582,0.8295247835497834
21583,0.0325
21584,0.052
21585,0.228
21586,0.045
21587,0.2761666666666666
21588,0.02
21589,0.983
21590,0.09933333333333334
21591,0.1235
21592,0.056
21593,0.9959
21594,0.078
21595,0.364
21596,0.112
21597,1.0
21598,0.022
21599,0.076
21600,0.375
21601,0.15075
21602,0.066
21603,0.423
21604,0.3334615384615385
21605,0.785
21606,0.8827745265570341
21607,0.026
21608,0.084
21609,0.9521960784313724
21610,0.0505
21611,0.999
21612,0.298
21613,0.011453404892918961
21614,0.997
21615,0.214
21616,0.118
21617,0.9912727272727273
21618,0.40847500000000003
21619,0.034
21620,0.105
21621,0.987
21622,0.177
21623,0.9945384615384616
21624,0.031
21625,0.115
21626,0.9572205128205129
21627,0.014
21628,0.019
21629,0.208
21630,0.030166666666666665
21631,0.024
21632,0.12466666666666666
21633,0.989
21634,0.065
21635,0.956
21636,0.611
21637,0.5284
21638,0.088
21639,0.12
21640,0.843
21641,0.219
21642,0.028
21643,0.9966
21644,0.017
21645,0.07090833333333335
21646,0.214
21647,0.064
21648,0.030833333333333334
21649,0.057
21650,0.01525
21651,0.07
21652,0.996
21653,0.471
21654,0.996
21655,0.01
21656,0.09833333333333333
21657,0.993
21658,0.9786076923076923
21659,0.126
21660,0.1435
21661,0.052583333333333336
21662,0.9169244582215171
21663,0.162
21664,0.4466
21665,0.3357
21666,0.091
21667,0.921500274579222
21668,0.16033333333333333
21669,0.1738888888888889
21670,0.7152374033918152
21671,0.96
21672,0.011
21673,0.045
21674,0.03156740319282989
21675,0.06614285714285714
21676,0.09284615384615384
21677,1.0
21678,0.215
21679,0.939
21680,0.12743253968253968
21681,0.25
21682,0.6285397058823529
21683,0.446
21684,0.0725
21685,0.088
21686,0.0225
21687,0.302
21688,0.05765151515151515
21689,0.39542734487734466
21690,0.111
21691,0.505
21692,0.014
21693,0.05670409989620515
21694,0.383
21695,0.076
21696,0.058
21697,0.06183333333333334
21698,0.008
21699,0.434
21700,0.08814285714285713
21701,0.009
21702,0.015083333333333332
21703,0.08833333333333333
21704,0.04925
21705,0.985
21706,0.605
21707,0.5750952380952381
21708,0.06333333333333334
21709,0.519060606060606
21710,0.04
21711,0.317
21712,0.037
21713,0.999
21714,0.995
21715,0.1825
21716,0.125
21717,0.072
21718,0.375
21719,0.9982000000000001
21720,0.985
21721,0.134
21722,0.052
21723,0.05956071428571429
21724,1.0
21725,0.038
21726,0.357
21727,0.998
21728,0.9466888888888889
21729,0.31766428571428573
21730,0.9930434782608695
21731,0.5376487994298703
21732,0.043
21733,0.3846
21734,0.522
21735,0.074
21736,0.035
21737,0.09766666666666665
21738,0.989
21739,0.146
21740,0.1245
21741,0.124
21742,0.31266666666666665
21743,0.019
21744,0.332
21745,0.049
21746,0.143
21747,0.054
21748,0.818861111111111
21749,0.4109333333333333
21750,0.075
21751,0.927
21752,0.01
21753,0.003333333333333333
21754,0.36911714770797965
21755,0.134
21756,0.06105000000000001
21757,0.299
21758,0.088
21759,0.101
21760,0.0775
21761,0.514
21762,0.647
21763,0.1605
21764,0.009806950398040417
21765,0.069
21766,0.996
21767,0.996
21768,0.869
21769,0.18566725340111287
21770,0.43
21771,0.006
21772,0.402
21773,0.1305
21774,0.148
21775,0.02378260869565217
21776,0.038
21777,0.028
21778,0.3585
21779,0.333
21780,0.022
21781,0.018666666666666665
21782,0.1915
21783,0.689485294117647
21784,0.20750815850815849
21785,0.013
21786,0.7889318668259844
21787,0.10980622710622713
21788,0.013
21789,0.279
21790,0.325
21791,0.316
21792,0.068
21793,0.23
21794,1.0
21795,0.05151666666666666
21796,0.19516666666666665
21797,0.02
21798,0.926
21799,0.016
21800,0.002
21801,0.046
21802,0.088
21803,1.0
21804,0.36025
21805,0.128
21806,0.04345238095238095
21807,0.025
21808,0.14929713804713804
21809,0.04
21810,0.212
21811,0.034
21812,0.07
21813,0.2765
21814,0.979
21815,0.099
21816,0.22
21817,0.685
21818,0.095
21819,0.3015
21820,0.049
21821,0.31233333333333335
21822,0.088
21823,0.0865
21824,0.011947368421052632
21825,0.999
21826,0.061
21827,0.49170724458016823
21828,0.25033333333333335
21829,0.8416476325285273
21830,0.217
21831,0.094
21832,0.032100000000000004
21833,0.23816666666666667
21834,0.224
21835,0.16017631578947367
21836,0.364
21837,0.5494
21838,0.09018095238095238
21839,0.006
21840,0.025
21841,0.32480000000000003
21842,0.01525
21843,0.08888095238095238
21844,0.1715
21845,0.329
21846,0.008233333333333334
21847,0.105
21848,0.078
21849,0.24854761904761907
21850,0.176
21851,0.141
21852,0.15158333333333335
21853,0.18915457549982298
21854,0.029
21855,0.999
21856,0.204
21857,0.256
21858,0.111625
21859,0.414375
21860,0.063
21861,0.143
21862,0.053
21863,0.08942857142857143
21864,0.36406666666666665
21865,0.3775
21866,0.993
21867,0.9845172413793104
21868,0.9288453838645016
21869,1.0
21870,0.259
21871,0.994
21872,0.5257230769230768
21873,0.393
21874,0.12
21875,0.158
21876,0.014
21877,0.264
21878,0.13
21879,0.302
21880,0.187
21881,0.091
21882,0.235
21883,0.23
21884,0.331
21885,0.15172085414585412
21886,0.374
21887,0.06914285714285714
21888,0.12622222222222224
21889,0.1333333333333333
21890,0.4726581609395077
21891,0.991
21892,0.144
21893,0.014
21894,0.377
21895,1.0
21896,0.352
21897,0.2754
21898,0.7099166666666666
21899,0.03346076423576423
21900,0.894819806313822
21901,0.36108783917287995
21902,0.052
21903,0.975
21904,0.5955666666666666
21905,0.0475
21906,0.03491212121212121
21907,0.37488809523809524
21908,0.0
21909,0.229
21910,0.405
21911,0.16269999999999998
21912,0.9835722222222223
21913,0.13118333333333335
21914,0.289
21915,0.106
21916,0.0795
21917,0.482
21918,0.132
21919,0.045
21920,0.998
21921,0.026
21922,0.10617619047619047
21923,0.948474358974359
21924,0.18075
21925,0.158
21926,0.071
21927,0.0235
21928,0.09726805555555555
21929,0.4662
21930,0.061
21931,0.47265873015873017
21932,0.037
21933,0.073
21934,0.346
21935,0.6979665322580645
21936,0.183
21937,0.059
21938,0.3056666666666667
21939,0.008666666666666666
21940,0.02595
21941,0.021866666666666666
21942,0.037
21943,0.16166666666666665
21944,0.323
21945,0.051375
21946,0.998
21947,0.049357142857142856
21948,0.004
21949,0.663
21950,0.9529384615384616
21951,1.0
21952,0.984
21953,0.024
21954,0.99
21955,0.074
21956,0.995
21957,0.101
21958,0.157
21959,0.025
21960,0.10851941551740311
21961,0.021
21962,0.23
21963,0.102
21964,0.926
21965,0.348
21966,0.060734848484848475
21967,0.098
21968,0.469
21969,0.246
21970,0.043
21971,0.2335
21972,0.036179176815653795
21973,0.042
21974,0.760658309990663
21975,0.1855
21976,0.18404761904761904
21977,0.273
21978,0.149
21979,0.424
21980,0.05140665478312537
21981,0.33266666666666667
21982,0.548
21983,0.653
21984,0.16
21985,0.194
21986,0.065
21987,0.8758410642135643
21988,0.53276329378972
21989,0.092
21990,0.2115
21991,0.73
21992,0.914
21993,0.24575
21994,0.989533484162896
21995,0.14005611055611056
21996,0.352
21997,0.09235238095238094
21998,0.029
21999,0.058
22000,0.1515
22001,0.025
22002,0.07633333333333332
22003,0.045
22004,0.7243333333333333
22005,0.08418002340086739
22006,0.004
22007,0.071
22008,0.04
22009,0.592
22010,0.599
22011,0.179
22012,0.18829031266261448
22013,0.103
22014,0.996
22015,0.383
22016,0.074
22017,0.97
22018,0.234
22019,0.23
22020,0.06726666666666667
22021,0.125
22022,0.005
22023,0.956
22024,0.041
22025,0.227
22026,0.584
22027,0.0874
22028,0.087
22029,0.045416666666666675
22030,0.994
22031,0.9911363636363636
22032,0.025
22033,0.415
22034,0.103
22035,0.3224532504532504
22036,0.092
22037,0.325
22038,0.667
22039,0.248
22040,0.994
22041,0.053
22042,0.991
22043,0.177
22044,0.204
22045,0.04
22046,1.0
22047,0.048
22048,0.979
22049,0.04
22050,0.013935897435897435
22051,0.15358333333333332
22052,0.397
22053,0.2225
22054,0.567
22055,0.265
22056,0.078
22057,0.20769230769230768
22058,0.047
22059,0.26
22060,0.201
22061,0.0112
22062,0.752
22063,0.9825
22064,0.16413677156177156
22065,0.01703333333333333
22066,0.9288453838645016
22067,0.02766666666666667
22068,0.014
22069,0.211
22070,0.031
22071,0.024153846153846154
22072,0.349375
22073,0.056
22074,0.1
22075,0.105
22076,0.062
22077,0.719934108008954
22078,0.111
22079,0.194
22080,0.5554666666666667
22081,0.10016666666666665
22082,0.997
22083,0.11
22084,1.0
22085,0.04080384615384615
22086,0.025
22087,0.192
22088,0.43502222222222225
22089,0.739
22090,0.084
22091,0.1386666666666667
22092,0.999
22093,0.246
22094,0.17175476190476188
22095,0.033
22096,0.045
22097,0.199
22098,0.079
22099,0.012
22100,0.033
22101,0.9529384615384616
22102,0.245
22103,0.164
22104,0.039329329004329006
22105,0.043
22106,0.026199999999999998
22107,0.322
22108,0.36
22109,0.15042857142857144
22110,0.169
22111,0.991
22112,0.17
22113,0.13853333333333337
22114,0.8982
22115,0.09209423076923076
22116,0.9000956043956043
22117,0.4865
22118,0.369
22119,0.203
22120,0.038
22121,0.7672056561472583
22122,0.044
22123,0.06921993284493284
22124,0.25
22125,0.672
22126,0.065
22127,0.448
22128,0.017
22129,0.365
22130,0.123
22131,0.0092
22132,0.21
22133,0.03
22134,0.027
22135,0.358
22136,0.8
22137,0.188
22138,0.5651726190476191
22139,0.025
22140,0.8504829004329003
22141,0.34
22142,0.188
22143,0.09726805555555555
22144,0.2055
22145,0.997
22146,0.3355
22147,0.223
22148,0.0305
22149,0.104
22150,0.24228333333333335
22151,0.082
22152,0.04683333333333334
22153,0.21159999999999998
22154,0.036833333333333336
22155,0.25366666666666665
22156,0.185
22157,0.121
22158,0.3905
22159,0.056
22160,0.23210674603174605
22161,0.49170724458016823
22162,0.08
22163,0.242
22164,0.076
22165,0.077
22166,0.253
22167,0.023
22168,0.39425
22169,0.034
22170,0.07996666666666667
22171,0.461
22172,0.028
22173,0.467
22174,0.069
22175,0.7269166666666667
22176,0.16766666666666669
22177,0.142
22178,0.30748492063492067
22179,0.996
22180,0.2355
22181,0.021166666666666663
22182,0.157
22183,0.03545
22184,0.08533333333333334
22185,0.195
22186,0.19968095238095238
22187,0.151
22188,0.094
22189,0.095
22190,0.0645
22191,0.9529384615384616
22192,0.2398608847211789
22193,0.263
22194,0.115
22195,0.15715
22196,0.36966666666666664
22197,0.991
22198,0.003
22199,0.702
22200,0.365
22201,0.998
22202,0.292
22203,0.997
22204,0.6478747474747475
22205,0.019
22206,1.0
22207,0.084
22208,0.082
22209,0.009
22210,0.054
22211,0.7096666666666668
22212,0.0195
22213,0.167
22214,0.9399372740821271
22215,0.121
22216,0.932
22217,0.05433333333333333
22218,0.225
22219,0.15333333333333332
22220,0.7639733023512435
22221,0.055
22222,0.18719999999999998
22223,0.318
22224,0.351
22225,0.003
22226,0.009
22227,0.344
22228,0.030174999999999997
22229,0.296
22230,0.501
22231,0.03725
22232,0.995
22233,0.128
22234,0.144
22235,0.0515
22236,0.027865384615384615
22237,0.047
22238,0.058
22239,0.051
22240,0.4375
22241,0.049
22242,0.209
22243,0.244
22244,0.1175
22245,0.29175
22246,1.0
22247,0.03
22248,0.151
22249,0.6267470588235294
22250,0.101
22251,0.233
22252,0.3076666666666667
22253,1.0
22254,0.05025
22255,0.381
22256,0.67107500504974
22257,0.15710238095238094
22258,0.993375
22259,0.03903947368421053
22260,0.09966666666666667
22261,0.016
22262,0.129
22263,0.293
22264,0.072
22265,0.8479241991341991
22266,0.07566666666666667
22267,0.418
22268,0.0285
22269,0.256
22270,0.139
22271,0.08
22272,0.046
22273,0.19066666666666668
22274,0.061
22275,0.38
22276,0.987
22277,0.186
22278,0.9982000000000001
22279,0.5376487994298703
22280,0.013
22281,0.15
22282,0.0865
22283,0.8258333333333334
22284,0.007684429018647067
22285,0.992
22286,0.066
22287,0.09683333333333334
22288,0.205
22289,0.187
22290,0.79235
22291,0.036
22292,1.0
22293,0.241
22294,0.438
22295,0.6253333333333333
22296,0.07
22297,0.06566666666666666
22298,0.013275
22299,0.468
22300,0.147
22301,0.046
22302,0.929
22303,0.5816666666666667
22304,0.261
22305,0.298
22306,0.1365261904761905
22307,0.214
22308,0.028832167832167833
22309,0.0175
22310,0.025
22311,0.193
22312,0.078
22313,0.961
22314,0.7067678139298531
22315,0.39
22316,0.6344444444444445
22317,0.182
22318,0.001
22319,0.0845
22320,0.097
22321,0.113
22322,0.296
22323,0.094
22324,0.403
22325,0.994
22326,0.302625
22327,0.466
22328,0.013
22329,0.012
22330,0.06980182954300602
22331,0.132
22332,0.1484
22333,0.09733333333333333
22334,0.0914702380952381
22335,0.8145
22336,0.053
22337,0.135
22338,0.305
22339,0.99
22340,0.023899999999999998
22341,0.026
22342,0.138
22343,0.105
22344,0.9786076923076923
22345,0.3045
22346,0.41
22347,0.466
22348,0.9390833333333333
22349,0.9934101449275362
22350,0.319
22351,0.498
22352,0.058
22353,0.081
22354,0.37
22355,0.09021428571428572
22356,0.029
22357,0.3640833333333333
22358,0.6805808375892003
22359,0.046
22360,0.987
22361,0.053
22362,0.2935
22363,0.011
22364,0.234
22365,0.161
22366,0.348
22367,0.1996666666666667
22368,0.10713650793650795
22369,0.3915
22370,0.213125
22371,0.13659545756788793
22372,0.114
22373,1.0
22374,0.743
22375,1.0
22376,0.145
22377,0.15177391332736329
22378,0.3525
22379,0.034
22380,0.07742857142857143
22381,0.043
22382,0.536
22383,0.16375
22384,0.172
22385,0.991
22386,0.255
22387,0.045
22388,0.4033333333333333
22389,0.4042805095016778
22390,1.0
22391,0.26180598290598295
22392,0.018166666666666664
22393,0.108
22394,0.08
22395,0.08429285714285714
22396,0.11316666666666665
22397,0.191
22398,0.173
22399,0.9951111111111111
22400,0.507
22401,0.435
22402,0.6123603603603603
22403,0.127
22404,0.11325
22405,1.0
22406,0.026
22407,0.213
22408,0.9873333333333333
22409,0.02528333333333333
22410,0.168
22411,0.09209423076923076
22412,0.037
22413,0.07757478991596638
22414,0.6907142857142856
22415,0.879
22416,0.995
22417,0.045
22418,0.43
22419,0.485
22420,0.02643651778329198
22421,0.9911363636363636
22422,0.20866666666666667
22423,0.0735
22424,0.26
22425,0.03282051282051282
22426,0.014
22427,1.0
22428,0.252
22429,0.994
22430,0.23075
22431,0.016
22432,0.9955194805194806
22433,0.17
22434,0.028833333333333332
22435,0.998
22436,0.05
22437,0.091
22438,0.99
22439,0.995
22440,0.8295247835497834
22441,0.004
22442,0.641
22443,0.11183333333333334
22444,0.985125
22445,0.14502777777777778
22446,0.126
22447,0.19114285714285714
22448,0.1796666666666667
22449,0.7835
22450,0.992
22451,0.217
22452,0.023
22453,0.247
22454,0.9962222222222221
22455,0.02842857142857143
22456,1.0
22457,0.012
22458,0.9786076923076923
22459,0.063
22460,0.952
22461,0.013
22462,0.012
22463,0.047
22464,0.259
22465,0.49170724458016823
22466,0.991
22467,0.9554128205128205
22468,0.125
22469,0.8439443608071514
22470,0.426
22471,0.965974358974359
22472,0.15826666666666664
22473,0.217
22474,0.13
22475,0.14833333333333332
22476,0.186
22477,0.442
22478,0.479
22479,0.005
22480,0.18
22481,0.099
22482,0.596
22483,0.043
22484,0.994
22485,0.017851095685313734
22486,0.1
22487,0.037
22488,0.141
22489,0.041
22490,0.6368333333333333
22491,0.994
22492,0.104
22493,0.215
22494,0.23133333333333334
22495,0.25
22496,0.352
22497,0.859
22498,0.01215079365079365
22499,0.10833333333333332
22500,0.8910777777777777
22501,0.104
22502,0.07588232787502017
22503,0.8653368302068302
22504,0.0585
22505,0.08
22506,0.132
22507,0.11308147243044268
22508,0.071
22509,0.022
22510,0.013
22511,0.028923076923076923
22512,0.187
22513,0.068
22514,0.404
22515,0.996
22516,0.226
22517,0.837
22518,0.689
22519,0.10725
22520,0.222
22521,0.024
22522,0.079
22523,0.041
22524,0.04066666666666666
22525,0.17942023809523808
22526,0.35
22527,0.0
22528,0.364
22529,0.26075
22530,0.268
22531,0.541
22532,0.086
22533,0.0209
22534,0.998
22535,0.18575
22536,0.134
22537,0.17966666666666667
22538,0.049
22539,0.053
22540,0.177
22541,0.912
22542,0.308
22543,0.8271936868686869
22544,0.62575
22545,0.333
22546,0.014
22547,0.03133181818181818
22548,0.4565833333333334
22549,0.4280606060606061
22550,0.689
22551,0.1475
22552,0.127
22553,0.3436666666666666
22554,0.4958333333333333
22555,0.007
22556,0.09620000000000001
22557,0.097
22558,0.023
22559,0.996
22560,0.175
22561,0.06408333333333333
22562,0.185
22563,0.7995
22564,0.11125
22565,0.989
22566,0.104
22567,0.017
22568,0.017333333333333336
22569,0.9886666666666666
22570,0.989
22571,0.053
22572,0.263
22573,0.037201372997711674
22574,0.318
22575,0.081
22576,0.06425
22577,0.132
22578,0.253
22579,0.01329091847265222
22580,0.736125
22581,0.164
22582,0.2475
22583,0.996
22584,0.247
22585,0.106
22586,0.0145
22587,0.007
22588,0.7685
22589,0.164
22590,0.994
22591,0.9299566149536737
22592,0.107
22593,0.05485
22594,0.11758333333333333
22595,0.112
22596,0.9290693602693603
22597,0.0062
22598,0.042
22599,0.151
22600,0.34058241758241753
22601,0.021833333333333337
22602,0.253
22603,0.2
22604,0.11416666666666667
22605,0.1078969696969697
22606,0.0
22607,0.12044166666666667
22608,0.043
22609,0.08887803030303032
22610,0.06833333333333334
22611,0.3740803828406733
22612,0.33
22613,0.059
22614,0.039
22615,0.994
22616,0.14575
22617,0.111
22618,0.961
22619,0.6791666666666667
22620,0.065
22621,0.03156740319282989
22622,0.08133333333333334
22623,0.042
22624,0.163
22625,0.21
22626,0.187
22627,0.048588120213120214
22628,0.6916333333333332
22629,0.6744261904761905
22630,0.9722999999999999
22631,0.151
22632,0.652
22633,0.030708293919116187
22634,0.144
22635,0.02125
22636,0.999
22637,0.09040000000000001
22638,0.093
22639,0.07616666666666667
22640,0.04779600735471425
22641,0.07133333333333335
22642,0.013
22643,0.04975
22644,0.053125
22645,0.040128787878787875
22646,0.191
22647,0.19
22648,0.046
22649,0.11683333333333333
22650,0.932
22651,0.6491789278919659
22652,0.082
22653,0.993
22654,0.069
22655,0.194
22656,0.999
22657,0.157
22658,0.27183333333333337
22659,0.01
22660,0.183
22661,0.326
22662,0.994
22663,0.025650000000000003
22664,0.9388454545454544
22665,0.39
22666,0.088
22667,0.5456309523809523
22668,0.038636363636363635
22669,0.03316666666666667
22670,0.7522773576097106
22671,0.08125
22672,0.0385
22673,0.541
22674,0.11826351776878093
22675,0.2011666666666667
22676,0.245
22677,0.025
22678,0.1392857142857143
22679,0.473
22680,0.427
22681,0.03
22682,0.07175
22683,0.061
22684,0.22180000000000002
22685,0.993
22686,0.1
22687,0.009
22688,0.9390701525054467
22689,0.014
22690,0.1145
22691,0.0503
22692,0.018
22693,0.9905454545454545
22694,0.022
22695,0.14626515151515151
22696,0.7225805555555557
22697,0.591347619047619
22698,0.052
22699,0.03
22700,0.0861
22701,0.365
22702,0.961
22703,0.984
22704,0.621
22705,0.9521960784313724
22706,0.5933333333333334
22707,0.375
22708,0.987
22709,0.0185
22710,0.571
22711,0.024
22712,0.082
22713,0.024
22714,0.03
22715,0.26233333333333336
22716,0.104
22717,0.607
22718,0.041
22719,0.023
22720,0.214
22721,0.008
22722,0.988
22723,0.295
22724,0.1695
22725,0.993
22726,0.9935384615384616
22727,0.218
22728,0.104
22729,0.011453404892918961
22730,0.019
22731,0.11656239854486486
22732,0.981
22733,0.827146820995097
22734,0.2549583333333333
22735,0.01754385964912281
22736,0.0485
22737,0.23
22738,0.05733333333333333
22739,0.278
22740,0.827146820995097
22741,0.6535668055329789
22742,0.293
22743,0.014
22744,0.055
22745,0.017
22746,0.993
22747,0.257
22748,0.411
22749,0.095
22750,0.998
22751,0.1010348966393084
22752,0.729237989641937
22753,0.17014285714285715
22754,0.739
22755,0.336
22756,0.0485
22757,0.141
22758,0.02
22759,0.155
22760,0.013
22761,0.9327069097569098
22762,0.246
22763,0.014
22764,0.06333333333333332
22765,0.22
22766,0.016
22767,0.992
22768,0.074
22769,0.218
22770,0.256
22771,0.252
22772,0.873443956043956
22773,0.044
22774,0.065
22775,0.9916520202020201
22776,0.612930465776054
22777,0.195
22778,0.49657738095238096
22779,0.996
22780,0.01603030303030303
22781,0.039
22782,0.29
22783,0.24916666666666665
22784,0.708
22785,0.098
22786,0.2873333333333334
22787,0.876128581141081
22788,0.9280953838645016
22789,0.0215
22790,0.21
22791,0.8956666666666666
22792,0.533
22793,0.22328333333333336
22794,0.8
22795,0.04422222222222222
22796,0.233
22797,0.2424
22798,0.078
22799,0.254
22800,0.256
22801,0.04
22802,0.987
22803,0.029
22804,0.14551309523809522
22805,0.109
22806,0.351
22807,0.02
22808,0.017
22809,0.177
22810,0.08267857142857143
22811,0.178
22812,0.061
22813,0.006193548387096774
22814,0.15
22815,0.321
22816,0.401
22817,0.06
22818,0.017625
22819,0.17745007215007208
22820,0.051
22821,0.001
22822,0.171
22823,0.023
22824,0.9638076923076924
22825,0.159
22826,0.03124013157894737
22827,0.268
22828,0.3868333333333333
22829,0.021
22830,0.059
22831,0.291
22832,0.2666666666666666
22833,0.151
22834,0.015
22835,0.985
22836,0.2717333333333333
22837,0.975
22838,0.145
22839,0.41
22840,0.08565
22841,0.066
22842,0.3496740503218829
22843,0.033
22844,0.32925
22845,0.3930913030838156
22846,0.227
22847,0.093
22848,0.761
22849,0.04775
22850,0.061
22851,0.973974358974359
22852,0.995
22853,0.307
22854,0.128
22855,0.216
22856,0.13889583333333333
22857,0.122
22858,0.658
22859,0.034
22860,0.037
22861,0.402
22862,0.025
22863,0.281
22864,0.114
22865,0.389
22866,0.995
22867,0.073
22868,0.379
22869,0.733
22870,0.078
22871,0.353
22872,0.044
22873,0.026
22874,0.3515
22875,0.03903947368421053
22876,0.020464285714285716
22877,0.021511363636363637
22878,0.926
22879,0.9527749999999999
22880,0.085
22881,0.049
22882,0.9993636363636363
22883,0.993
22884,0.426
22885,0.092
22886,0.364
22887,0.142
22888,0.018
22889,0.231
22890,0.193
22891,0.51075
22892,0.019
22893,0.02
22894,0.02
22895,0.089
22896,0.947
22897,0.58
22898,0.134
22899,0.108
22900,0.49
22901,0.049
22902,0.16966666666666666
22903,0.4067777918727564
22904,0.04161614463967406
22905,0.0395
22906,0.308
22907,0.359
22908,0.088
22909,0.12213551587301587
22910,0.324
22911,0.9892105263157894
22912,0.581
22913,0.15539285714285714
22914,0.032
22915,0.02
22916,0.997
22917,0.042
22918,0.076
22919,0.035
22920,0.091
22921,0.033
22922,0.083
22923,0.177
22924,0.441
22925,0.27566666666666667
22926,0.076
22927,0.3985
22928,0.08366666666666665
22929,0.993
22930,0.021
22931,0.106
22932,0.098
22933,0.215
22934,0.302
22935,0.29177777777777775
22936,0.9945384615384616
22937,0.3846
22938,0.6755564194577357
22939,0.065
22940,0.232
22941,0.04825
22942,0.997
22943,0.039
22944,0.2565
22945,0.054
22946,0.405
22947,0.9525
22948,0.8982484848484847
22949,0.015
22950,0.734
22951,0.6763333333333332
22952,0.134
22953,0.012
22954,1.0
22955,0.018
22956,0.994
22957,0.10209622699253042
22958,0.045
22959,0.135
22960,0.084
22961,0.999
22962,0.12033333333333335
22963,0.992
22964,0.026
22965,0.6600452111613877
22966,0.04754891774891775
22967,0.811
22968,0.006
22969,0.09669047619047619
22970,0.006
22971,0.1095
22972,0.011
22973,0.302
22974,0.25625
22975,0.246
22976,0.296
22977,0.717
22978,0.094
22979,0.1376
22980,0.996
22981,0.12
22982,0.02335978835978836
22983,0.012
22984,0.6478747474747475
22985,0.04779600735471425
22986,0.21056666666666665
22987,0.993
22988,0.04379369647380487
22989,0.0685
22990,0.03
22991,0.188
22992,0.158
22993,0.445
22994,0.026
22995,0.49804047619047614
22996,0.9110983928035178
22997,0.316
22998,0.085
22999,0.2881
23000,0.08059999999999999
23001,0.114
23002,0.07666666666666666
23003,1.0
23004,0.020687179487179484
23005,0.045
23006,0.3195
23007,0.20425
23008,0.08733333333333333
23009,0.077
23010,0.37438333333333335
23011,0.04449140795206971
23012,0.26430000000000003
23013,0.25
23014,0.021166666666666663
23015,0.0414
23016,0.045
23017,0.383
23018,0.028
23019,0.08193333333333333
23020,0.0645
23021,0.059
23022,0.094
23023,0.123
23024,0.4032
23025,0.992
23026,0.048
23027,0.9581888888888889
23028,0.04
23029,0.324
23030,0.039
23031,0.012
23032,0.986
23033,0.14383333333333337
23034,0.199
23035,0.063
23036,0.255
23037,0.0105
23038,0.015
23039,0.018
23040,0.2165
23041,0.7055
23042,0.018
23043,0.1985
23044,0.03
23045,0.587625
23046,0.6805808375892003
23047,0.21847619047619046
23048,0.029
23049,0.257
23050,0.276
23051,0.051
23052,0.07
23053,0.02925
23054,0.17425
23055,0.47
23056,0.996
23057,0.008
23058,0.999
23059,0.996
23060,0.191
23061,0.985
23062,0.3385714285714286
23063,0.144
23064,0.24993778262994176
23065,0.1740885561806614
23066,0.363
23067,0.1265
23068,0.7968666666666667
23069,0.159
23070,0.8982
23071,0.7228797717903125
23072,0.05625
23073,0.02375
23074,0.9305714285714286
23075,1.0
23076,0.035
23077,0.085
23078,0.087
23079,0.099
23080,0.074
23081,0.006
23082,0.07
23083,0.163
23084,0.11325
23085,0.052477491214683064
23086,0.43
23087,0.017
23088,0.343
23089,0.3725
23090,0.241
23091,0.36108783917287995
23092,0.119
23093,0.014
23094,0.268
23095,0.8827745265570341
23096,0.955
23097,0.731
23098,0.023
23099,0.993
23100,0.479
23101,0.399
23102,0.303
23103,0.115
23104,0.21193333333333333
23105,0.156
23106,0.050920634920634915
23107,0.9895662055335968
23108,0.3975
23109,0.052
23110,0.215
23111,0.024
23112,0.2285
23113,0.06
23114,0.095
23115,0.212
23116,0.07
23117,0.119
23118,0.262
23119,0.997
23120,0.061
23121,0.214
23122,0.0448
23123,0.012
23124,0.46
23125,1.0
23126,0.029416666666666664
23127,0.1415
23128,0.39
23129,0.192
23130,0.147
23131,0.173
23132,0.026666666666666665
23133,0.992
23134,0.092
23135,0.14
23136,0.1105
23137,0.016
23138,0.047
23139,0.092
23140,0.293
23141,0.997
23142,0.7522773576097106
23143,0.99
23144,0.996
23145,0.1035
23146,0.401
23147,0.085
23148,0.05925
23149,0.9145398509715147
23150,0.19146666666666667
23151,0.07781944444444444
23152,0.997
23153,0.17745007215007208
23154,0.518
23155,0.006682907779913224
23156,0.997
23157,0.14
23158,0.209
23159,0.141
23160,0.24475
23161,0.176
23162,0.0
23163,0.952
23164,0.757
23165,0.032
23166,0.042
23167,0.10425
23168,0.0835
23169,0.34
23170,0.334
23171,0.21525
23172,0.06534999999999999
23173,0.008
23174,0.164
23175,0.392
23176,0.994
23177,0.09382942057942059
23178,0.999
23179,0.01
23180,0.043
23181,0.0195
23182,0.12925714285714288
23183,0.116
23184,0.47460126231697397
23185,1.0
23186,0.556
23187,0.979
23188,0.14
23189,0.164
23190,0.287874358974359
23191,0.173
23192,0.021333333333333333
23193,0.304
23194,0.36300964809242253
23195,0.286
23196,0.993964705882353
23197,0.265
23198,0.008282608695652173
23199,0.9626
23200,0.12580208866155157
23201,0.434
23202,0.032
23203,0.2811859430752408
23204,0.18501634764164884
23205,0.023
23206,0.997
23207,0.455
23208,0.2045
23209,0.185
23210,0.075
23211,0.253
23212,0.147
23213,0.033
23214,0.021833333333333337
23215,1.0
23216,0.405
23217,0.13633333333333333
23218,0.025612698412698413
23219,0.992
23220,0.016
23221,0.8583849816849817
23222,0.0265
23223,0.24558333333333332
23224,0.051
23225,0.2785
23226,0.999
23227,0.042
23228,0.1564904761904762
23229,0.994
23230,0.045
23231,0.10513333333333333
23232,0.042
23233,0.127
23234,1.0
23235,0.3542777777777778
23236,0.07
23237,0.3923809523809524
23238,0.072
23239,0.025541666666666664
23240,0.996
23241,0.025
23242,0.014
23243,0.0894291866028708
23244,0.993
23245,0.063
23246,0.033
23247,0.035
23248,0.45
23249,0.157
23250,0.215
23251,0.013
23252,0.019
23253,0.887
23254,0.073
23255,0.19566666666666666
23256,0.993375
23257,0.926
23258,0.9698999999999999
23259,0.118
23260,0.016
23261,0.041925
23262,0.894
23263,0.206
23264,0.39143036497622136
23265,0.3081666666666667
23266,0.16516666666666668
23267,0.036
23268,0.403
23269,0.223
23270,0.189
23271,0.024
23272,0.567
23273,0.425
23274,0.183
23275,0.041444444444444443
23276,0.09158333333333332
23277,0.008
23278,0.233
23279,0.0390625
23280,0.624
23281,0.357
23282,0.22045476190476193
23283,0.012
23284,0.029
23285,0.155
23286,0.061
23287,0.068
23288,0.991
23289,0.054
23290,1.0
23291,0.403
23292,0.15
23293,0.1528999779901904
23294,0.986
23295,0.16315000000000002
23296,0.068
23297,0.105
23298,0.988
23299,0.0
23300,0.09805
23301,0.994
23302,0.52125
23303,0.027333333333333334
23304,0.136
23305,0.631
23306,0.03666666666666667
23307,0.152
23308,0.07896666666666667
23309,0.023
23310,0.379
23311,0.011
23312,0.016
23313,0.185
23314,0.376
23315,0.079
23316,0.163
23317,0.03483333333333333
23318,0.21875
23319,0.119
23320,0.205
23321,0.68
23322,0.449
23323,0.486
23324,0.2398608847211789
23325,0.024
23326,0.195
23327,0.171
23328,0.31417948717948724
23329,0.02905
23330,0.06225
23331,0.17595833333333333
23332,0.031
23333,0.920001418026418
23334,0.38367043415521684
23335,0.08
23336,0.024
23337,0.13428571428571429
23338,0.268
23339,1.0
23340,0.4995
23341,0.055
23342,0.23575
23343,0.8011805555555556
23344,0.183
23345,0.119
23346,0.2209229762984407
23347,0.032
23348,0.995
23349,0.2025
23350,0.776
23351,0.6755564194577357
23352,1.0
23353,0.239
23354,0.02963095238095238
23355,0.262
23356,0.145
23357,0.999
23358,0.1125
23359,0.996
23360,0.999
23361,0.228
23362,0.013
23363,0.72225
23364,0.053899999999999997
23365,0.999
23366,0.378
23367,0.12499999999999999
23368,0.089
23369,0.5746031746031747
23370,0.6363333333333334
23371,0.055
23372,0.007
23373,0.1528999779901904
23374,0.2406666666666667
23375,0.07715238095238096
23376,0.995
23377,0.9399372740821271
23378,0.053
23379,0.2163405622155622
23380,0.16818333333333338
23381,0.501
23382,0.132
23383,0.142
23384,1.0
23385,0.029234848484848485
23386,0.08975010961542401
23387,0.026866666666666667
23388,0.01075
23389,0.154
23390,0.027
23391,0.997
23392,0.147
23393,0.024
23394,0.6541428571428571
23395,0.544
23396,0.147
23397,0.9836666666666666
23398,0.102
23399,0.6493166666666667
23400,0.987
23401,0.083
23402,0.06875
23403,0.019
23404,0.084
23405,0.355
23406,0.196
23407,0.044
23408,0.9375148567119156
23409,0.0285
23410,0.07735
23411,0.164
23412,0.316
23413,0.323
23414,0.0695
23415,0.6698425925925927
23416,0.039
23417,0.145
23418,0.645
23419,0.0
23420,0.26
23421,0.002
23422,0.276
23423,0.126
23424,0.988
23425,0.128
23426,0.11590069231642265
23427,0.177
23428,0.97
23429,0.126
23430,0.435
23431,0.01
23432,0.997
23433,0.214
23434,0.43
23435,0.491
23436,0.970974358974359
23437,0.0765
23438,0.213
23439,0.095
23440,0.056
23441,0.26720879120879126
23442,0.123
23443,0.451
23444,0.612
23445,0.036
23446,0.025
23447,0.998
23448,0.066
23449,0.9572205128205129
23450,0.316
23451,0.364
23452,0.9358
23453,0.044
23454,0.122
23455,0.031
23456,0.17828333333333332
23457,0.051
23458,1.0
23459,0.03175
23460,0.205
23461,0.722
23462,0.341
23463,0.39925
23464,0.006
23465,0.02
23466,1.0
23467,0.439
23468,0.017
23469,1.0
23470,0.17766666666666667
23471,0.343
23472,0.1061719298245614
23473,0.122
23474,0.04779600735471425
23475,0.7099166666666666
23476,0.021
23477,0.999
23478,0.995
23479,0.05453333333333333
23480,0.027333333333333334
23481,0.18
23482,0.09
23483,0.633
23484,0.452
23485,0.266
23486,0.99
23487,0.996
23488,0.223
23489,0.0384449938949939
23490,0.059
23491,0.25
23492,0.415
23493,0.0152
23494,0.2086666666666667
23495,0.181
23496,0.7
23497,0.3082
23498,0.019
23499,0.4446666666666667
23500,0.045
23501,0.021
23502,0.98
23503,0.118
23504,0.624
23505,0.138
23506,0.038
23507,0.278
23508,0.064
23509,0.068
23510,0.005
23511,0.061
23512,0.063
23513,0.7343333333333334
23514,0.993
23515,0.049
23516,0.011
23517,0.218
23518,0.154
23519,0.097
23520,0.022
23521,0.139
23522,0.986
23523,0.13539545454545457
23524,0.18936767676767677
23525,0.02733333333333333
23526,0.039
23527,0.921500274579222
23528,0.4776666666666667
23529,0.05440277777777778
23530,0.0076
23531,0.26833333333333337
23532,0.184
23533,0.253
23534,0.205
23535,0.1735
23536,0.1424
23537,0.9229973580999897
23538,0.008
23539,0.36
23540,1.0
23541,0.009
23542,0.04125
23543,0.424
23544,0.025
23545,0.759
23546,0.776
23547,0.18761111111111112
23548,0.067
23549,0.148
23550,0.026
23551,0.9930434782608695
23552,0.058
23553,0.044
23554,0.025
23555,0.980909090909091
23556,0.055
23557,0.049
23558,1.0
23559,0.998
23560,0.151
23561,0.013495631313131312
23562,0.011
23563,0.066
23564,0.1534904068666452
23565,0.027
23566,0.3479307692307692
23567,0.333
23568,0.064
23569,0.28092727272727275
23570,0.016
23571,0.26
23572,0.021933333333333332
23573,0.049
23574,0.0902
23575,0.098
23576,0.661
23577,0.968
23578,0.22
23579,0.994
23580,0.172
23581,0.152
23582,0.06333333333333332
23583,0.169
23584,0.01138888888888889
23585,0.566
23586,0.211
23587,0.187
23588,0.8416476325285273
23589,0.095
23590,0.1375
23591,0.081
23592,0.04073333333333334
23593,0.259
23594,0.013
23595,0.27099122807017545
23596,0.282
23597,0.327
23598,0.198
23599,0.108
23600,0.024
23601,0.189
23602,0.2435
23603,0.16466666666666666
23604,0.998
23605,0.09067857142857144
23606,0.103
23607,0.99
23608,0.061
23609,0.9318417582417582
23610,0.05
23611,0.04
23612,0.07966666666666668
23613,0.18
23614,0.501
23615,0.375
23616,0.048
23617,0.3575
23618,0.131
23619,0.022
23620,0.21
23621,0.0259
23622,0.554
23623,0.2735098039215686
23624,0.3295
23625,0.014277777777777778
23626,0.648
23627,0.05075
23628,0.03175
23629,0.9905788317962231
23630,0.081
23631,0.206
23632,0.1951285714285714
23633,0.07616666666666666
23634,0.68
23635,0.3501304347826087
23636,0.503
23637,0.08221428571428573
23638,0.043277777777777776
23639,0.1770071428571428
23640,0.12265000000000001
23641,0.375
23642,0.395
23643,0.405
23644,0.185
23645,0.028
23646,0.3033
23647,0.9266803567029177
23648,0.997
23649,0.04131666666666666
23650,0.988
23651,0.9948571428571429
23652,0.987
23653,0.2570366115298471
23654,0.10008333333333334
23655,0.231
23656,0.20466666666666666
23657,1.0
23658,0.5284901960784314
23659,0.955
23660,0.251
23661,0.0
23662,0.0975
23663,0.058
23664,0.08189374057315234
23665,0.042
23666,0.084
23667,0.015
23668,0.155
23669,0.156
23670,0.213
23671,1.0
23672,0.009
23673,0.222
23674,0.16040000000000001
23675,0.133
23676,0.017
23677,0.3225
23678,0.039
23679,0.05727857142857142
23680,0.096
23681,0.062
23682,0.2682875092387288
23683,0.035
23684,0.4355
23685,0.229
23686,0.037
23687,0.166
23688,0.679
23689,0.56925
23690,0.2
23691,0.9305714285714286
23692,0.035401784156833246
23693,0.01008611111111111
23694,0.285
23695,0.7889318668259844
23696,0.193
23697,0.438125
23698,0.994
23699,0.1625
23700,0.028
23701,0.37
23702,0.507
23703,0.988
23704,0.9288453838645016
23705,0.007
23706,0.208
23707,0.154
23708,0.0935
23709,0.956
23710,0.977
23711,0.998
23712,0.443
23713,0.3218714285714286
23714,0.02425
23715,0.28297973294626494
23716,0.991
23717,0.028
23718,0.184
23719,0.12493333333333334
23720,0.6559055555555555
23721,0.30894479847039047
23722,0.03866666666666666
23723,0.9450707771409638
23724,0.8487253174492655
23725,0.996
23726,0.8765
23727,0.04025
23728,0.392
23729,0.14266428571428572
23730,0.9696076923076923
23731,0.116
23732,0.7428440116822589
23733,0.999
23734,0.214
23735,0.01754385964912281
23736,0.8987717997001278
23737,0.402
23738,0.977
23739,0.014
23740,0.998
23741,0.08991666666666666
23742,0.45116666666666666
23743,0.053
23744,0.1435
23745,0.813
23746,0.04175
23747,0.8419260683760683
23748,0.077
23749,0.146
23750,0.756
23751,0.1935
23752,0.028
23753,0.202
23754,0.067
23755,0.385
23756,0.147
23757,0.8771912532385056
23758,0.15
23759,0.027
23760,0.042
23761,0.021
23762,0.326
23763,0.36350909090909095
23764,0.6478747474747475
23765,0.354
23766,0.3142
23767,0.689
23768,0.9169244582215171
23769,0.043666666666666666
23770,0.03
23771,0.33
23772,0.048
23773,0.175
23774,0.3072
23775,0.167
23776,1.0
23777,0.013666666666666666
23778,0.8929024121062481
23779,0.021141666666666666
23780,0.758
23781,0.154
23782,0.409
23783,0.1373333333333333
23784,0.783
23785,0.092
23786,0.069
23787,0.02
23788,1.0
23789,0.20191666666666666
23790,0.006666666666666666
23791,0.158
23792,0.101
23793,0.007273529411764706
23794,0.04395833333333333
23795,0.001
23796,0.6347999999999999
23797,0.8416476325285273
23798,0.232
23799,0.16219999999999998
23800,0.299
23801,0.3146349206349206
23802,0.996
23803,0.997
23804,0.237
23805,0.042
23806,0.024
23807,0.357
23808,0.00842857142857143
23809,0.39733333333333337
23810,0.101
23811,0.128
23812,0.526
23813,0.23277337523868966
23814,0.026
23815,0.014
23816,0.3343821428571428
23817,0.0325
23818,0.34
23819,0.956
23820,0.024
23821,0.142
23822,0.175
23823,0.448
23824,0.03538461538461539
23825,0.032
23826,0.251375
23827,0.03
23828,0.197
23829,0.22
23830,0.039
23831,0.441
23832,0.172
23833,0.3627142857142857
23834,0.025
23835,0.014277777777777778
23836,0.021571428571428568
23837,0.052
23838,0.009340740740740741
23839,0.6805808375892003
23840,0.2621666666666666
23841,0.691
23842,0.3815
23843,0.053
23844,0.065
23845,0.015
23846,0.14155924963924965
23847,0.295
23848,0.502
23849,0.516
23850,0.265
23851,0.861
23852,0.13571666666666668
23853,0.281
23854,0.0375
23855,0.07
23856,1.0
23857,0.7639733023512435
23858,0.994
23859,0.1675
23860,0.27225
23861,0.979
23862,0.35975
23863,0.226
23864,0.082
23865,0.991
23866,0.35625
23867,0.997
23868,0.647
23869,0.249
23870,0.0255
23871,0.147
23872,0.179
23873,0.581
23874,0.248
23875,0.337
23876,0.087
23877,0.2405
