id,score
0,0.8250945075558704
1,0.2881996643841869
2,0.2306354622018862
3,0.11721516600172456
4,0.3695487789312741
5,0.2436077140526665
6,0.2536958616382926
7,0.35364292996744684
8,0.17225153213600672
9,0.4721770302536777
10,0.20983055530362174
11,0.8350246495464897
12,0.8668167099211929
13,0.27747136348312834
14,0.21130481192885603
15,0.8292974072001489
16,0.26755575849790125
17,0.8142630109539224
18,0.7784561310911338
19,0.36444401140055077
20,0.1863060369676694
21,0.20488277870119284
22,0.272900578444079
23,0.3482196037855308
24,0.2123844818144861
25,0.26274799004629124
26,0.36455227390706385
27,0.3062227669414516
28,0.7746562285808178
29,0.2920406797687724
30,0.2347222188935217
31,0.34096515910581365
32,0.7821947202656306
33,0.2178151505521299
34,0.832977388363216
35,0.19490943009268705
36,0.22304106009092917
37,0.44097710515483535
38,0.22928152296687837
39,0.19938419241141797
40,0.8126348806190998
41,0.8352846541769412
42,0.3084792633064663
43,0.40387669385043273
44,0.21619960341972913
45,0.3209662863462248
46,0.870278183903375
47,0.41973443617150863
48,0.4795959193123781
49,0.332637859152222
50,0.2915947935305761
51,0.8143024813671064
52,0.22446471464817191
53,0.3808748362157172
54,0.269471452432956
55,0.3289789613320765
56,0.3962762505238587
57,0.21533120556722912
58,0.3011202774985818
59,0.23048297255234412
60,0.39834734633284197
61,0.3758839938053894
62,0.32699331164985157
63,0.35391113763195603
64,0.22745785118188858
65,0.27203317601722105
66,0.1559860207228239
67,0.390905757071336
68,0.276544154594237
69,0.39729048626823144
70,0.3300769737168626
71,0.15712963178214215
72,0.33917292659690845
73,0.30381941027363135
74,0.32378238709890783
75,0.3647243517963399
76,0.35896656316761005
77,0.27250168385345247
78,0.2769061399800695
79,0.28536758766551473
80,0.3067756048572371
81,0.35712399676241796
82,0.32311216172334123
83,0.2602680581825793
84,0.3409474321824197
85,0.7322579512948532
86,0.2863536055250539
87,0.3274496374454116
88,0.5745096222879832
89,0.8015888587270795
90,0.3142764051864836
91,0.33107350015798576
92,0.35016098858616496
93,0.3233868188768058
94,0.29835455442467157
95,0.242513893328275
96,0.12214270751763535
97,0.3342523553790527
98,0.44510501861839336
99,0.2931584187877172
100,0.1505891304823628
101,0.36802510800816474
102,0.871258457860661
103,0.3207756100440512
104,0.7858738683124885
105,0.390577706072139
106,0.3917658332112183
107,0.3384477478522626
108,0.34549582396063044
109,0.2705181213192469
110,0.3566687545246793
111,0.6338308205095311
112,0.25056604801701243
113,0.2786127133644634
114,0.35409573420682433
115,0.3179249646827567
116,0.18878911794006317
117,0.4210739001747108
118,0.3793231910624024
119,0.32330205581003485
120,0.211562167951431
121,0.26113841478101457
122,0.5068397034981551
123,0.21785622353264697
124,0.21268913254196656
125,0.8640423598589155
126,0.26542807497183885
127,0.3624964408589667
128,0.16116423910919608
129,0.78443519527185
130,0.18809310718837932
131,0.2778930451790721
132,0.3368881359250085
133,0.8403478252048299
134,0.3147947633666813
135,0.33525206767164245
136,0.38005036099169176
137,0.33565405862728265
138,0.2777237727328761
139,0.37999876772751573
140,0.2705216299843363
141,0.21398650802280234
142,0.2646565922809871
143,0.25605966197435337
144,0.20075387570094202
145,0.2721085437915384
146,0.2899071359611414
147,0.7799385296960851
148,0.337321039422335
149,0.24879430247855655
150,0.29552297988900134
151,0.8294231484774618
152,0.32502750162335925
153,0.3219083407159789
154,0.32928770542364777
155,0.3069793352735316
156,0.1876660297129907
157,0.8754112581307278
158,0.1277051339164343
159,0.3916646300562945
160,0.8324771051144103
161,0.3151484629562472
162,0.2529763657161023
163,0.23828415376028955
164,0.20751848025042935
165,0.33496944600614403
166,0.250282386909339
167,0.34280169773725583
168,0.2789811243794329
169,0.11610336846120047
170,0.2739171274809463
171,0.2593655491042967
172,0.39603455751293043
173,0.40623800556064643
174,0.33484635915153865
175,0.2753939948728408
176,0.17867370417382342
177,0.32148058703298904
178,0.3666411692081577
179,0.40608587910151905
180,0.29047032471687034
181,0.7851383899802343
182,0.3808297394014646
183,0.2627486896048217
184,0.3557129582572855
185,0.2875803875476783
186,0.30613884699932686
187,0.3180082109905443
188,0.38424394216433366
189,0.268951352369808
190,0.29907075720543225
191,0.8042032762281488
192,0.4061661155687952
193,0.33649883845158457
194,0.6582490534954921
195,0.34469360491589895
196,0.2967958001225023
197,0.21410264948792468
198,0.2504793539283084
199,0.3685889240517591
200,0.20812904943332655
201,0.4022483132563365
202,0.1732048831415024
203,0.2209321627441404
204,0.3484061655890562
205,0.23876051265797812
206,0.4686876464474098
207,0.7853514333598843
208,0.25312031318097
209,0.20674691220909333
210,0.4163558166024438
211,0.21034868135107837
212,0.21598060139321779
213,0.2734212563955304
214,0.2230792979131095
215,0.779842229743006
216,0.16751854099255534
217,0.3268400362151127
218,0.22472086695575505
219,0.30988941199253756
220,0.20724975905512033
221,0.589783411626829
222,0.3231365766264554
223,0.15812281748140833
224,0.24734243684552562
225,0.14282313296011376
226,0.35792897047518535
227,0.36358511734834953
228,0.3012234274054614
229,0.8300134456514219
230,0.22254381883808644
231,0.24146878810645872
232,0.30990081441323614
233,0.36857764839185847
234,0.33982364269068654
235,0.8249643212656635
236,0.4630618725440508
237,0.29060924036829694
238,0.22768399440491469
239,0.10846499758712647
240,0.2793088663431025
241,0.23343966777472017
242,0.3347702330029893
243,0.21631535168693541
244,0.8337651100161988
245,0.39371957833074644
246,0.24313973356999158
247,0.23395574499446983
248,0.20974803620607332
249,0.3508337151922322
250,0.2544281517437468
251,0.2583440087780385
252,0.7592132641392044
253,0.7757951042792665
254,0.2675895994759446
255,0.22822219738080565
256,0.6508525637973589
257,0.2750898306037566
258,0.21659680384813135
259,0.363886181062302
260,0.23610631385528638
261,0.2725356818603321
262,0.21060717114377556
263,0.27707668907409494
264,0.2639017658999447
265,0.2195554855678472
266,0.19432818131485563
267,0.3445952516908424
268,0.1371550701556558
269,0.24333080183580658
270,0.3052370931723614
271,0.31642665999099245
272,0.2208282272711154
273,0.4138799067389702
274,0.8329875354077351
275,0.39801660185658677
276,0.3236477939634453
277,0.3982902026649922
278,0.475312892399761
279,0.42130096487693325
280,0.20488277870119284
281,0.3237599360121467
282,0.37459329761238364
283,0.3288678237653382
284,0.3070332442609642
285,0.21198031561951372
286,0.4547006936956626
287,0.2875166368963571
288,0.32967290631072566
289,0.16750121269608237
290,0.2545571591087446
291,0.18224691875334859
292,0.3798860626250345
293,0.28873665371495927
294,0.21126501927825408
295,0.405827892124499
296,0.40778628182282245
297,0.8195155293261329
298,0.18634676395191005
299,0.20124816042829888
300,0.188304296644524
301,0.3432513130474591
302,0.2688875423975365
303,0.24389965069681246
304,0.3125763036662904
305,0.3358030352761182
306,0.3437531174682074
307,0.6282222916841339
308,0.1833774122455655
309,0.2881565746779556
310,0.8150704225939424
311,0.8195155293261329
312,0.7863912385167438
313,0.20184214238940332
314,0.30710304368709473
315,0.2958678532259575
316,0.2726025328669849
317,0.4148963395403204
318,0.3282608024401368
319,0.32421982700582536
320,0.1379314093047624
321,0.4062868846816528
322,0.15078585420944038
323,0.23951277407145977
324,0.7807455435126294
325,0.4278592153484544
326,0.4470236279758533
327,0.2295698485343827
328,0.2688429979697168
329,0.18800998582742445
330,0.13695416983904515
331,0.24146878810645872
332,0.3153032476006973
333,0.32329241998050334
334,0.2533693503887097
335,0.3057953660814715
336,0.251484865219752
337,0.266706027492638
338,0.3374855247478132
339,0.17816384443038885
340,0.33092260874246976
341,0.3532243977898307
342,0.2841486448913803
343,0.20789518489793127
344,0.2232950187303102
345,0.4029890919509634
346,0.4111375718987877
347,0.3282582441534324
348,0.8148437353525109
349,0.8379415331407428
350,0.32445901892459084
351,0.2204623553177004
352,0.8681576288689663
353,0.2200323743608868
354,0.21355698463627662
355,0.22815149465859072
356,0.34000277249807376
357,0.3250510629569866
358,0.7444352649082818
359,0.2210628952337643
360,0.2904472398265298
361,0.24513281604791268
362,0.3110040171794914
363,0.41318357906299985
364,0.37869303124374765
365,0.19439652894121248
366,0.35408418622753024
367,0.21940571331759764
368,0.13078977142284973
369,0.8535917464350476
370,0.3422558667289938
371,0.2777166435902428
372,0.37250625603582843
373,0.4155525910159444
374,0.40289446163303605
375,0.26001799145999865
376,0.19495198560301474
377,0.4424000301493008
378,0.24735043886988986
379,0.35022792643269507
380,0.25103783543585967
381,0.35617343503473076
382,0.4762488062746652
383,0.15332785797084122
384,0.333915127361001
385,0.8075833952041448
386,0.20036283885529185
387,0.1660634419413224
388,0.38168758367026917
389,0.7062534005244265
390,0.2891247342435146
391,0.3610195147310704
392,0.21042489269702244
393,0.2682494886820519
394,0.29875953235772795
395,0.429143856734698
396,0.20756586757519413
397,0.17450965890484033
398,0.31058159396513857
399,0.5985337189908259
400,0.269970890882244
401,0.7757951042792665
402,0.12026956479860251
403,0.12419857987656756
404,0.2585908085273005
405,0.34834640145326384
406,0.35224344159259324
407,0.8120979026308536
408,0.337278001518195
409,0.23821887434424255
410,0.5186044680765874
411,0.30654032577454204
412,0.8258581867840697
413,0.4117639994906952
414,0.262243646122101
415,0.3859393871531622
416,0.15784815378470704
417,0.3782907709010063
418,0.20988948105709598
419,0.3500758718462167
420,0.1987227774708714
421,0.3979901565280523
422,0.7792308587738982
423,0.37017543761920035
424,0.3089855751366755
425,0.49935041561605886
426,0.2061884720054507
427,0.39140785251641935
428,0.2718273960649942
429,0.3748659821962584
430,0.4090972149807532
431,0.3766965146995226
432,0.20334078188929508
433,0.37655984995881986
434,0.35058186137184993
435,0.32463133801676347
436,0.4075127484777149
437,0.33452800748991424
438,0.3345141735369231
439,0.22928266994203578
440,0.3999214802178164
441,0.25393698575716533
442,0.3091619736143709
443,0.8522577396877818
444,0.4412788160432503
445,0.37664140313092903
446,0.215538922090723
447,0.31498274205230736
448,0.8174894266473164
449,0.32064298454490797
450,0.3178084986703268
451,0.34451818892415936
452,0.3436439095441006
453,0.8268435894840691
454,0.3318859900384588
455,0.32005736137669455
456,0.8369254054732288
457,0.34401786848143434
458,0.36328373660803115
459,0.127456961488061
460,0.2990154221381156
461,0.2729790550396104
462,0.43038546725649995
463,0.37351343848045454
464,0.31023063714789867
465,0.3004518714582621
466,0.2151392840484179
467,0.2861747365093882
468,0.8336167517042868
469,0.3723798860959084
470,0.2492577690484154
471,0.37663548420879056
472,0.21113952531016086
473,0.3805730089927064
474,0.24513426192736443
475,0.34968697077839556
476,0.4123945185064112
477,0.24136127389383277
478,0.7574177737872952
479,0.2815087465245139
480,0.16455648151282398
481,0.4200488333860553
482,0.3295677040966252
483,0.46462195346880997
484,0.19827920504798469
485,0.16263758394060843
486,0.7845528593219656
487,0.2485068221295932
488,0.12969831471592042
489,0.3151350143742104
490,0.33743972510507086
491,0.3814440412331886
492,0.4641567934542337
493,0.23032412947425615
494,0.36763858477889627
495,0.33358933209068364
496,0.39905450237016055
497,0.3804059939116675
498,0.37600648359338773
499,0.23656892843365335
500,0.31153022734431823
501,0.26179006129081384
502,0.3061131117537031
503,0.7899551578095292
504,0.1304856328619096
505,0.26061107044586707
506,0.4408968165422018
507,0.4199336600918012
508,0.3230034602997471
509,0.26520495198832866
510,0.1289600461483532
511,0.23834078314055765
512,0.3839692395479205
513,0.2679891896139092
514,0.22362418244369153
515,0.2256444888692265
516,0.30197243663972967
517,0.31491743247655735
518,0.41768786917031353
519,0.21422010310524509
520,0.3516334904213868
521,0.28485839110682787
522,0.2842826334369018
523,0.29922222412720184
524,0.3966517802561327
525,0.194129700379812
526,0.35065324083248894
527,0.11848229395032774
528,0.1361481112409938
529,0.786814493126364
530,0.3623141319782214
531,0.35687220825139526
532,0.4082566427640649
533,0.21299726867217497
534,0.3171862591762821
535,0.15642419520974923
536,0.30391801949479264
537,0.522270255948946
538,0.37843002357140837
539,0.20559489561698854
540,0.3291230811055271
541,0.3760755977490235
542,0.2360135173729126
543,0.2449196596307084
544,0.3473514050838863
545,0.31086587915401515
546,0.30957448948041894
547,0.1934646418807966
548,0.3287279812290699
549,0.32276832590277044
550,0.3349531163115199
551,0.8300052414824388
552,0.8299059673313745
553,0.32866312911720413
554,0.8521469712818825
555,0.1296318773335778
556,0.22949229842598856
557,0.1324470957422681
558,0.37633370216086415
559,0.8462095161474146
560,0.33921071855124396
561,0.1980188930400916
562,0.7712479243966414
563,0.3673565261697324
564,0.15450261821339342
565,0.3647433370099165
566,0.3653878999651949
567,0.2032667969871703
568,0.3028184295959442
569,0.23372381668930262
570,0.2743149633776789
571,0.35367685048838643
572,0.3193373126000994
573,0.2946815841802607
574,0.29204316551584336
575,0.7840075477364487
576,0.3865576024256319
577,0.18799762313874788
578,0.36025371974029097
579,0.5751782199635783
580,0.26045594357301377
581,0.20541207445332002
582,0.17948146544688082
583,0.30889229384766376
584,0.2162749295297945
585,0.39049697109302295
586,0.3470330335992477
587,0.7522135110871825
588,0.32215264081798883
589,0.4003135967729785
590,0.8264087494260711
591,0.3793457911311203
592,0.8285964542018119
593,0.18959684952801184
594,0.5594563804722161
595,0.2076979095542676
596,0.25240723590167147
597,0.3271409716115153
598,0.15574819418969
599,0.3013998168973047
600,0.33567016448081105
601,0.43693858036415656
602,0.3471500964219561
603,0.4319692618919203
604,0.2374658232804625
605,0.16277003733841275
606,0.3573947166316978
607,0.32945113376520263
608,0.33000618372381174
609,0.2254544779946399
610,0.1993261172109638
611,0.3883531609194118
612,0.3644526538782945
613,0.16183695847315543
614,0.3245965111155637
615,0.31259701022617986
616,0.3083466145348367
617,0.38899831021390424
618,0.31938782038725033
619,0.2891589815719094
620,0.3927238369046869
621,0.3223961849103334
622,0.3810557151529397
623,0.2672661050591449
624,0.22846439061372795
625,0.2519394599511367
626,0.1888054080140882
627,0.4199336600918012
628,0.8555604541474133
629,0.2402682046824571
630,0.8531411710914211
631,0.32531811437446695
632,0.8193212146499488
633,0.288904065564924
634,0.3746711016752152
635,0.3324402923890367
636,0.3230423231872078
637,0.21055228438362522
638,0.24647425327336517
639,0.2783973105200366
640,0.8264087494260711
641,0.11198385724485617
642,0.19641467977509103
643,0.8681576288689663
644,0.4075194110317347
645,0.31720583881511855
646,0.2877861744918121
647,0.329423366604674
648,0.39179607755724793
649,0.334372407141958
650,0.3190217125661399
651,0.2253090826174165
652,0.4319692618919203
653,0.2518255556220663
654,0.32355111630507666
655,0.8533461264802219
656,0.3485072088849367
657,0.19335143352525072
658,0.2301104500646263
659,0.27527884091442634
660,0.40930138784498965
661,0.22727990944761614
662,0.8370929508047276
663,0.20832694381424244
664,0.1531725251800324
665,0.8743705247421598
666,0.2612452757999699
667,0.20272105839942736
668,0.2103483144177689
669,0.8406156754021135
670,0.3145637563697798
671,0.3558600465246334
672,0.33095524461663256
673,0.7781513815396087
674,0.8033025612295888
675,0.4336966843321861
676,0.15672154524425533
677,0.33555059533346343
678,0.31240760378004573
679,0.2508545483036634
680,0.8292974072001489
681,0.37200721891255273
682,0.8077396163489284
683,0.302178626680894
684,0.16864966862169173
685,0.8150704225939424
686,0.26447374530576273
687,0.3877747719508132
688,0.8670173681633806
689,0.3513954908195254
690,0.14992536860745273
691,0.8198162164532258
692,0.21089596195306554
693,0.35818740923553605
694,0.8044972428916762
695,0.316559200521048
696,0.3116909099057941
697,0.8334711844667823
698,0.3428408871010399
699,0.3924329733200517
700,0.815595673703971
701,0.4719600607301573
702,0.4281821233797555
703,0.40593150635022035
704,0.2700139660549858
705,0.3900742911201144
706,0.25609291286924707
707,0.8686945222522442
708,0.23106952795594288
709,0.29670035435391656
710,0.7856403084796726
711,0.28407980714969566
712,0.2742995395053354
713,0.46881983237537594
714,0.3311247872103467
715,0.20101849871200217
716,0.30825299200638506
717,0.7849639906467891
718,0.16157448024335883
719,0.83788048168745
720,0.4148880590537487
721,0.3808717242159198
722,0.3894796003842536
723,0.7269085804800082
724,0.8371422096780343
725,0.7495255949773895
726,0.2720629672172793
727,0.36153785804869204
728,0.3322374137602853
729,0.31513475205873126
730,0.18446989990770551
731,0.2877807021261482
732,0.8148437353525109
733,0.45238745805324454
734,0.3331559911849715
735,0.2272478427693752
736,0.4110643736104687
737,0.2700274013549651
738,0.8101223767077324
739,0.31602997804234134
740,0.2897793891576897
741,0.2955860073593475
742,0.34632014173612324
743,0.22167075308481832
744,0.24641588572574216
745,0.23315078568081204
746,0.18617912674390094
747,0.2547047254205661
748,0.15378818403214078
749,0.3328738456127389
750,0.30081242634947253
751,0.1677978964576269
752,0.40860376623247663
753,0.342267408001043
754,0.7231768400846235
755,0.34550362702732484
756,0.2290376090365645
757,0.18255138358576128
758,0.2923359389703138
759,0.46073974165019993
760,0.335287452345384
761,0.3100350236714318
762,0.22660425822731417
763,0.2872338663620458
764,0.34328002997946483
765,0.29718950105564174
766,0.296147909964672
767,0.15703787999537977
768,0.23796401818960047
769,0.8268435894840691
770,0.21783331029012412
771,0.2967415157412246
772,0.6422860163379458
773,0.39598392106071645
774,0.37485631908390965
775,0.40856693590837057
776,0.2641838087010286
777,0.25571965374051175
778,0.2497045512322411
779,0.627317552157997
780,0.3100776741875683
781,0.24119168098782862
782,0.24988014801302602
783,0.32948798808793234
784,0.283819188027429
785,0.7450677047074691
786,0.25768695732870533
787,0.40119640628271386
788,0.1384000767088829
789,0.21209192951020833
790,0.39432030166883847
791,0.16493451927609343
792,0.19651003338863116
793,0.3179116994463761
794,0.21994568852270818
795,0.32915150917814473
796,0.7539840745551831
797,0.3404333201746829
798,0.35367945116608335
799,0.289391044126952
800,0.7684195393856674
801,0.3304318933916601
802,0.16919223123300395
803,0.14148572638466134
804,0.16082682822404426
805,0.31274720054134436
806,0.1235859978870042
807,0.25435893794633657
808,0.18800998582742445
809,0.2865620202800673
810,0.8343910875805093
811,0.7814835626049841
812,0.37641313568227147
813,0.40262089672198526
814,0.7269085804800082
815,0.4065298085788022
816,0.30073894579307037
817,0.33051340076703556
818,0.4203229129844022
819,0.30541681682250305
820,0.19006485860463504
821,0.39744645888345165
822,0.16372819937154892
823,0.3244059823839356
824,0.2752791785489696
825,0.344376718560534
826,0.3317573215510821
827,0.19085268617706622
828,0.8389643617763126
829,0.22361797451708731
830,0.3253201282454528
831,0.2799244131765586
832,0.3398897549125261
833,0.3386467729030502
834,0.23705307913944315
835,0.3324338832849108
836,0.1963163717359432
837,0.2268553880722294
838,0.8748756462800306
839,0.341935416632155
840,0.4309315166071088
841,0.32677464992112293
842,0.2701802883012568
843,0.2955209428740861
844,0.7862248798666845
845,0.32644850896163424
846,0.21594722450830903
847,0.2298659469533393
848,0.315986988758705
849,0.3987654703147048
850,0.1277787658430011
851,0.3377244554928386
852,0.33410351633232677
853,0.4076650753686518
854,0.8055524586512866
855,0.3160712379321555
856,0.2645007620945798
857,0.29699856901474075
858,0.8350657391841404
859,0.37553707525373636
860,0.2992309366992794
861,0.16507916756530222
862,0.7672803744980559
863,0.31971901577222533
864,0.39394582385270854
865,0.41658430667468566
866,0.324114946372676
867,0.870278183903375
868,0.3281023124373384
869,0.7863912385167438
870,0.20229666810421748
871,0.8130788531498319
872,0.3049476906615327
873,0.32372872959412397
874,0.3155956443717612
875,0.19913528633466587
876,0.7237094591696368
877,0.25408113582761127
878,0.23263406985056082
879,0.32251756966334766
880,0.23953199416866172
881,0.09970869527041888
882,0.34826467698702956
883,0.21651176082586288
884,0.3122486958312321
885,0.28934631086140167
886,0.19821772223863626
887,0.3026682142333764
888,0.31926948563357366
889,0.4496127060381939
890,0.31115842204180333
891,0.19308545790216763
892,0.3567345756840277
893,0.3348015535100373
894,0.24225356642152673
895,0.13876764889704585
896,0.25746208993603037
897,0.2897713083952434
898,0.3113571872733267
899,0.29511448701000265
900,0.39455877499019637
901,0.3399630232829851
902,0.2786335531766118
903,0.8147657384670818
904,0.28994168140641524
905,0.2058464253043291
906,0.32244762670494703
907,0.2123369953605506
908,0.2674606952693669
909,0.31862766403886755
910,0.25176788497050995
911,0.30641173365646956
912,0.31454795238314975
913,0.2919453763127871
914,0.262545636571365
915,0.7821915448022377
916,0.31052037920727604
917,0.3219533773813328
918,0.30545954290038
919,0.2610645366262818
920,0.38286417084813107
921,0.37433067800960546
922,0.20613227781976187
923,0.35094577202023297
924,0.31255456299744977
925,0.47653195565225964
926,0.2111158406291318
927,0.38904282514315147
928,0.34688744975491526
929,0.38991827806768026
930,0.10306540040082503
931,0.30004303262946075
932,0.2761650240365511
933,0.2052081439095793
934,0.1914487009145468
935,0.33525009117408416
936,0.197422361990726
937,0.28388039618487415
938,0.8217162601919661
939,0.3149015430537523
940,0.7824330530602019
941,0.312001171884503
942,0.18368497208034495
943,0.3885920574138419
944,0.30780505440135814
945,0.2996882479192641
946,0.21203925438926433
947,0.3044489829617702
948,0.32193683706254994
949,0.3690839350377612
950,0.32017344651498914
951,0.24535955124854628
952,0.8342831360006742
953,0.3807316931570353
954,0.24115150706203742
955,0.32996045882790503
956,0.2835538002793162
957,0.30665320593599027
958,0.3189520952288536
959,0.2424253761380339
960,0.40786806131138187
961,0.2482474077702341
962,0.2285625727225739
963,0.40643731615820794
964,0.37641509265035705
965,0.2702355523360721
966,0.20902895919678444
967,0.40801412953669974
968,0.20870433392708215
969,0.8507436116644972
970,0.35578577360421915
971,0.3905080449658133
972,0.2308001447451248
973,0.23541289899357928
974,0.29446315020284575
975,0.2874639221038559
976,0.5378512482073053
977,0.7649849695340851
978,0.36424443474444507
979,0.3864097817703894
980,0.8015888587270795
981,0.30031902509742886
982,0.33879833885234406
983,0.22778297269679665
984,0.33042927373452996
985,0.23239860953631303
986,0.7768389861399958
987,0.31100830391665235
988,0.3456031799662254
989,0.24979860527386638
990,0.7817727942534377
991,0.3577698213006626
992,0.2817129551565168
993,0.2524628187511192
994,0.13480159782884482
995,0.8108575673508398
996,0.4577618399422459
997,0.24671900340393002
998,0.8151525603263516
999,0.32801584341392537
1000,0.8346542651356775
1001,0.37604763502112143
1002,0.4029740061598734
1003,0.30442738449378737
1004,0.332304258668164
1005,0.15930760974882371
1006,0.20474991545898846
1007,0.3543805924196091
1008,0.19445398378368156
1009,0.22035835855280664
1010,0.30366378256771087
1011,0.15578328554178725
1012,0.3517229301008684
1013,0.2329356518968516
1014,0.37935518451887806
1015,0.31230019575078877
1016,0.21434980234754075
1017,0.421925896786803
1018,0.29856839790294926
1019,0.22948290987442135
1020,0.3426452746678049
1021,0.3425375507107381
1022,0.32740067145025575
1023,0.2501645702814544
1024,0.2261582354145947
1025,0.4780049275004897
1026,0.3671373664948079
1027,0.3620272324951434
1028,0.18891210825974766
1029,0.38106633143735147
1030,0.7269085804800082
1031,0.2783153749552897
1032,0.32055164126503555
1033,0.245592056015443
1034,0.83630339627445
1035,0.49295222491816215
1036,0.44799738149539514
1037,0.2683482567984263
1038,0.2838894471368874
1039,0.3151797832243088
1040,0.3420096070929443
1041,0.14806780502821276
1042,0.3418098578429233
1043,0.6192597833443856
1044,0.18339920716280986
1045,0.2791761038380757
1046,0.3293183516897929
1047,0.2055651744341233
1048,0.3051635376881254
1049,0.1946446084891858
1050,0.34580703267177676
1051,0.47898293958450144
1052,0.3318922494245768
1053,0.2332986059644495
1054,0.3436456557581692
1055,0.34471807150360695
1056,0.34360874418571985
1057,0.36345260691040915
1058,0.8388301947893763
1059,0.25119800421800637
1060,0.40330654304492203
1061,0.8268813911657211
1062,0.22775441595125312
1063,0.23169310631795148
1064,0.25099488366937805
1065,0.8571853962810704
1066,0.822237390346775
1067,0.2567346266041204
1068,0.22057246545674208
1069,0.4627183994668401
1070,0.1967484497277528
1071,0.40433817984792125
1072,0.8294269492958369
1073,0.8522577396877818
1074,0.3025770205085992
1075,0.26333040594236906
1076,0.27884782809661435
1077,0.3726896000559336
1078,0.38796067902430026
1079,0.1656117365579546
1080,0.47004870072563687
1081,0.2588487116546326
1082,0.19770079431707233
1083,0.2697386008677631
1084,0.33152377106359393
1085,0.31138197695698844
1086,0.17120901190618518
1087,0.257018412524266
1088,0.2973095076156348
1089,0.2881618847086078
1090,0.21288094910992503
1091,0.20057337551109222
1092,0.8249643212656635
1093,0.2659534004444824
1094,0.246844674000172
1095,0.40181338521988774
1096,0.34030703320813666
1097,0.3950229611298254
1098,0.8640423598589155
1099,0.371836786679189
1100,0.2429725238369508
1101,0.19702840811002115
1102,0.3220383022418952
1103,0.14068885288286534
1104,0.10052672555811223
1105,0.24503165682068823
1106,0.3292170555433416
1107,0.3420662409088233
1108,0.7760285780945956
1109,0.4030606062361072
1110,0.22659979414596537
1111,0.4183634485972721
1112,0.2833482183607153
1113,0.31137015960031617
1114,0.3145203992540121
1115,0.37813523656524956
1116,0.18545456675637187
1117,0.3796812587361235
1118,0.2799508465707969
1119,0.38848133477728375
1120,0.1464482241966387
1121,0.17746191277162043
1122,0.29881589128171787
1123,0.3393056714885836
1124,0.32696313517436587
1125,0.2934795310641303
1126,0.25355806226469035
1127,0.3941586656821016
1128,0.3371050732513463
1129,0.373101385373939
1130,0.8351512943372312
1131,0.3107282561684858
1132,0.2761789049910495
1133,0.8229805562989598
1134,0.3069647629319727
1135,0.1524043978611249
1136,0.42949188842370556
1137,0.8147858794811758
1138,0.2713139237890189
1139,0.25407152805105404
1140,0.40330654304492203
1141,0.34266766454161446
1142,0.3345482770203582
1143,0.32510949112056275
1144,0.2617425331861402
1145,0.24990360822459
1146,0.43929234779520915
1147,0.30856750774796515
1148,0.8339359973781872
1149,0.33142790240168163
1150,0.21484547258971734
1151,0.20189948531119023
1152,0.38724912854956817
1153,0.3182038573765704
1154,0.36381742647388504
1155,0.2114339652419566
1156,0.21202412704896798
1157,0.27249933949319327
1158,0.17146384455468539
1159,0.2751215855608166
1160,0.3672471406577856
1161,0.2704857422551802
1162,0.3473424721292315
1163,0.23953199416866172
1164,0.19705956525640464
1165,0.3100226145479914
1166,0.3950229611298254
1167,0.25541253691241417
1168,0.630783031625786
1169,0.17904465932956548
1170,0.4183620142821024
1171,0.31083083016035634
1172,0.8546950841067782
1173,0.33507007720633386
1174,0.31329212198539336
1175,0.3376452717062933
1176,0.3332495354958641
1177,0.29554685516858153
1178,0.7022038079266972
1179,0.39811913035588353
1180,0.1884081509879202
1181,0.7853650244539315
1182,0.39746293475261757
1183,0.2300766644433236
1184,0.5751782199635783
1185,0.7820251305793517
1186,0.34397473221523645
1187,0.24121387650274115
1188,0.24159151067546103
1189,0.7771411128806407
1190,0.2162548863744793
1191,0.33449418313147994
1192,0.20415818944477726
1193,0.28711160309854844
1194,0.14849969090237478
1195,0.2936992332969109
1196,0.19076464985540642
1197,0.22280002576907593
1198,0.3371804419106061
1199,0.4121337139526589
1200,0.3413538562689825
1201,0.46825563496731987
1202,0.2319683016670099
1203,0.15227515371234768
1204,0.7712479243966414
1205,0.8069224139039296
1206,0.7696517167150435
1207,0.30497121811541256
1208,0.3000359368206289
1209,0.1954796913403134
1210,0.37202956556730016
1211,0.2863658265962282
1212,0.3445560783722016
1213,0.16194676969681385
1214,0.2685095252855543
1215,0.15313426583089956
1216,0.39089740440859094
1217,0.34521540965255565
1218,0.2639918262989514
1219,0.2290376090365645
1220,0.21978024330765383
1221,0.26814824757064376
1222,0.27812673830347584
1223,0.2316713504510546
1224,0.3505898287093014
1225,0.8063656634214637
1226,0.15911853845754612
1227,0.1117289217302625
1228,0.8461478524539988
1229,0.13660627976363354
1230,0.5555386128653752
1231,0.30712330488942735
1232,0.34744974814919544
1233,0.341685548842875
1234,0.3351438492578018
1235,0.29696100950066473
1236,0.32973154368459645
1237,0.7805420221422785
1238,0.7823182146828677
1239,0.3239406033034256
1240,0.3774772320185692
1241,0.31783485800865474
1242,0.40479439854241384
1243,0.14823694015565586
1244,0.8077396163489284
1245,0.3290409110472987
1246,0.8711774273405407
1247,0.8338777148625642
1248,0.35726773092913927
1249,0.24547061711137683
1250,0.3158661426042629
1251,0.2934795310641303
1252,0.300609121022415
1253,0.3279742329711069
1254,0.2920406797687724
1255,0.4111375718987877
1256,0.685209659942661
1257,0.20679719433014435
1258,0.1856936512677817
1259,0.264372182842862
1260,0.38299964952675014
1261,0.35246148907989105
1262,0.11447251920563185
1263,0.23951347455412558
1264,0.18211113793741346
1265,0.7713354921411036
1266,0.24262827055591688
1267,0.43560705509162245
1268,0.30529856344533046
1269,0.2375981862980371
1270,0.3198031630008022
1271,0.3272073281136916
1272,0.6414493583185332
1273,0.37766970853259435
1274,0.24764758522458422
1275,0.4693008856160628
1276,0.22361797451708731
1277,0.32995042303687927
1278,0.21681136604590617
1279,0.2740136051408602
1280,0.37392563623635466
1281,0.2626524364798315
1282,0.35316879992857325
1283,0.39020574813781644
1284,0.3857400704835289
1285,0.21663546119108426
1286,0.31852597428194684
1287,0.22895174831750495
1288,0.13454724773977125
1289,0.18380969149500478
1290,0.8509590466740691
1291,0.38363435441858085
1292,0.3019520137021343
1293,0.28680857780549585
1294,0.32289309831944374
1295,0.31529508945825807
1296,0.16664323664714728
1297,0.19181307223013522
1298,0.18025856800568374
1299,0.7862248798666845
1300,0.36993635057580326
1301,0.23080111447414894
1302,0.20000691220311367
1303,0.45898184560299893
1304,0.4166210259497195
1305,0.11088961801594954
1306,0.36175930692731284
1307,0.7821947202656306
1308,0.24414276238760874
1309,0.39555864654142076
1310,0.3159293017605831
1311,0.23396733907653672
1312,0.3106441918172623
1313,0.4010951335407125
1314,0.3294812895272606
1315,0.38124063013181864
1316,0.31095874856182604
1317,0.3951303556046741
1318,0.3420627535052334
1319,0.27708292269414997
1320,0.15902491462489388
1321,0.2968397714698614
1322,0.3857862960733932
1323,0.3623165638754464
1324,0.22320194742084595
1325,0.4294704301874163
1326,0.3783121265771031
1327,0.4350456035532479
1328,0.35356819704486414
1329,0.27345127393078167
1330,0.3104891412782479
1331,0.41820614133952116
1332,0.18209261454004183
1333,0.1889696614856556
1334,0.2597226156930718
1335,0.8191223420925795
1336,0.7528122365127922
1337,0.22329191240442686
1338,0.8233960205698896
1339,0.34825040323090567
1340,0.27753613086155315
1341,0.3670214583804447
1342,0.28952133380783157
1343,0.3257511615537043
1344,0.2207425989146837
1345,0.1990249848400701
1346,0.4083970983571107
1347,0.24366401282353686
1348,0.37541426019579344
1349,0.40770280672783843
1350,0.7814835626049841
1351,0.33913390088130235
1352,0.3202411842921795
1353,0.4599563206333063
1354,0.40816986567824654
1355,0.27200033130211126
1356,0.3036223795636131
1357,0.358471539474391
1358,0.29473316774308556
1359,0.2941929154290474
1360,0.19824559417297907
1361,0.788466278138599
1362,0.29364667552342416
1363,0.23812810201234277
1364,0.2206911413227426
1365,0.20222518978817872
1366,0.33272506376514616
1367,0.2833482183607153
1368,0.4166175972893476
1369,0.19498371818453938
1370,0.35073992281926536
1371,0.1168528217738592
1372,0.2750939214232439
1373,0.3516009769431192
1374,0.8343910875805093
1375,0.3165635001054665
1376,0.3182491162371918
1377,0.8267717038854974
1378,0.232357938043708
1379,0.46911145539303095
1380,0.29092294042472655
1381,0.3198510811424638
1382,0.3128796342227378
1383,0.3971029771663799
1384,0.850052382351905
1385,0.32881480481659964
1386,0.3313159966239729
1387,0.2406833037613067
1388,0.7757951042792665
1389,0.48501468599826497
1390,0.7839903545110696
1391,0.26655837125889514
1392,0.3137166443898306
1393,0.40696676523746084
1394,0.27609129545276323
1395,0.27633227128049503
1396,0.24799011574044288
1397,0.24652038422552766
1398,0.1989735555384974
1399,0.19667684434443367
1400,0.2682701479298468
1401,0.3081421338756294
1402,0.236040731791974
1403,0.29935842716667005
1404,0.27351460402728095
1405,0.3620324494493873
1406,0.2829437723032343
1407,0.29942384700289004
1408,0.30939546636028736
1409,0.33458399943823475
1410,0.18384665740016778
1411,0.23710267379990957
1412,0.6302815897550603
1413,0.33917292659690845
1414,0.1577176898173272
1415,0.41000476355742693
1416,0.3965496978436626
1417,0.41828798509553117
1418,0.8339930610721562
1419,0.35578071870963013
1420,0.7805973026341996
1421,0.22421769639593983
1422,0.4017849273938904
1423,0.1696947728235434
1424,0.19716312905796338
1425,0.44433123781439227
1426,0.29084299092922944
1427,0.3268400362151127
1428,0.3486029552624644
1429,0.22664047854445293
1430,0.8274642710857122
1431,0.46555162485037455
1432,0.29196371469674787
1433,0.18521785653986336
1434,0.8317374845161584
1435,0.3789732668776573
1436,0.3618843655661929
1437,0.14665978045683578
1438,0.8092466854478438
1439,0.2533378101486574
1440,0.2756341035362618
1441,0.46289117858434115
1442,0.35501010214700923
1443,0.2982579691039417
1444,0.2948531023684376
1445,0.7237094591696368
1446,0.3145524623018501
1447,0.27617139387117234
1448,0.2354997270415524
1449,0.4031154684273337
1450,0.4200488333860553
1451,0.2849373848208488
1452,0.3053080910762306
1453,0.35603267948668094
1454,0.22449536606748702
1455,0.339662859239943
1456,0.20683060750894336
1457,0.8748756462800306
1458,0.7810555793006685
1459,0.282774856958589
1460,0.13970584212160167
1461,0.3624261872383393
1462,0.7863912385167438
1463,0.31326966866016254
1464,0.26527305568965687
1465,0.4522972954270344
1466,0.3053115997413586
1467,0.2673655856415617
1468,0.3048075158269641
1469,0.39926005300951123
1470,0.360390328453468
1471,0.25359454906510653
1472,0.28430153030682015
1473,0.3567547817431194
1474,0.4549195446511299
1475,0.18977673526000524
1476,0.2009186433562668
1477,0.5555386128653752
1478,0.4173671351623621
1479,0.27812673830347584
1480,0.4396477701724782
1481,0.3404455611835047
1482,0.38212723480832905
1483,0.19906697749455685
1484,0.25432085583928643
1485,0.15463820216913268
1486,0.24050607249467262
1487,0.2596298736420104
1488,0.1936838432642936
1489,0.8019042329616262
1490,0.22360592547900895
1491,0.3387291631783497
1492,0.321577463192602
1493,0.30588659742673974
1494,0.393708257869098
1495,0.40912972709882445
1496,0.33868425518112766
1497,0.3451684773624067
1498,0.1897615241645436
1499,0.33432529815444595
1500,0.7853514333598843
1501,0.22923347267886415
1502,0.2349198218746446
1503,0.4023777345237614
1504,0.3469155011567991
1505,0.2135984128850143
1506,0.27010562839383906
1507,0.3376272651829456
1508,0.3400927396460034
1509,0.31107371948912577
1510,0.39743705813270525
1511,0.39150316615325165
1512,0.2769407999082122
1513,0.2545807291987036
1514,0.3549549828830966
1515,0.34760607725428955
1516,0.39881411628952224
1517,0.24221854319430286
1518,0.3870337109256918
1519,0.20403566330301465
1520,0.21669449620897743
1521,0.2442736388463789
1522,0.31699323055408396
1523,0.2834365528264805
1524,0.26841615800879165
1525,0.40181519949477945
1526,0.3135901607821547
1527,0.7856403084796726
1528,0.2783293730734143
1529,0.7383072942704026
1530,0.3848369606031584
1531,0.17785809844447867
1532,0.3726426811492535
1533,0.290681561803915
1534,0.8535917464350476
1535,0.36164673922740564
1536,0.3899203664748521
1537,0.30951679278157335
1538,0.2402388647824743
1539,0.2856720889537386
1540,0.18861700423447852
1541,0.30769840419513156
1542,0.4801900483837104
1543,0.3434652670903211
1544,0.43026735881424694
1545,0.2766871205659785
1546,0.10316946669615193
1547,0.3672161952401338
1548,0.3275563600065496
1549,0.309980456380873
1550,0.2966311502096109
1551,0.2888547888882673
1552,0.22195572124537766
1553,0.17269804510552117
1554,0.12846826883944804
1555,0.6740520446213205
1556,0.33384231912936396
1557,0.7822415072489753
1558,0.38192618064939376
1559,0.4091421496629473
1560,0.3945622130886378
1561,0.20292761229808007
1562,0.2782103352497594
1563,0.20666001174406537
1564,0.2242246064671191
1565,0.2802813345149501
1566,0.13540919526282247
1567,0.28117751502845767
1568,0.4346684573642876
1569,0.8023396096494064
1570,0.2678152392181628
1571,0.1848627193663684
1572,0.37141826728140076
1573,0.4702149991073013
1574,0.20280873560191676
1575,0.8376598187290648
1576,0.36581184556294305
1577,0.23271569277808535
1578,0.33080794794053
1579,0.4318307827490579
1580,0.17154552738759835
1581,0.2651950608139993
1582,0.11659093326795945
1583,0.30786253036948497
1584,0.8134777954607151
1585,0.15163471827670194
1586,0.2157801505668917
1587,0.3553547894708954
1588,0.46382209394887375
1589,0.3911798305466739
1590,0.29193380237292355
1591,0.3422223598436979
1592,0.31966862928417933
1593,0.29887089529159067
1594,0.22988193446834093
1595,0.7799385296960851
1596,0.320622642868073
1597,0.39981589995793054
1598,0.828040933398102
1599,0.3966474688160629
1600,0.8238992165351328
1601,0.3762565487948231
1602,0.306284514491741
1603,0.2689703830704943
1604,0.23029960603604474
1605,0.21398646046989714
1606,0.19245813230314202
1607,0.2590448365352981
1608,0.24804529487679636
1609,0.8021836013267499
1610,0.33091234773376865
1611,0.40430979265953376
1612,0.41770859224423085
1613,0.36624557924606915
1614,0.274192981026958
1615,0.2596403705414479
1616,0.871258457860661
1617,0.1675214900757663
1618,0.23344153590765615
1619,0.6446056938507518
1620,0.1709311142340075
1621,0.17124435113021672
1622,0.2595130997035961
1623,0.41731346665654256
1624,0.2891247342435146
1625,0.31164424814485114
1626,0.25705106889585516
1627,0.21900882397238292
1628,0.8337581924273286
1629,0.3570347093983939
1630,0.3955530412974168
1631,0.26599601659644795
1632,0.811660389805099
1633,0.7522774900362792
1634,0.16273146013503353
1635,0.2794051742584907
1636,0.30296556039006484
1637,0.3981441100334217
1638,0.3047202745915467
1639,0.3748839531195527
1640,0.47625330707361796
1641,0.2632306212277224
1642,0.7875117435602852
1643,0.21860502752331845
1644,0.41645832988714265
1645,0.33649351806763733
1646,0.21958743828729108
1647,0.11689412895905933
1648,0.3975799675838369
1649,0.15163193485329896
1650,0.27737523210641424
1651,0.20400986394797443
1652,0.13982632024948846
1653,0.267451884124753
1654,0.22421863051840774
1655,0.44960872311858735
1656,0.32701251588532604
1657,0.3419250072528746
1658,0.3313043383275197
1659,0.2646408921928134
1660,0.27064645651224833
1661,0.31544131576298784
1662,0.2128994761764293
1663,0.20633753152422943
1664,0.3052113400310283
1665,0.4135286571168141
1666,0.18272008246920032
1667,0.35518583629520356
1668,0.320958595205336
1669,0.18820695074484653
1670,0.22957557372964693
1671,0.39798875569062214
1672,0.2953732102700027
1673,0.348337277243767
1674,0.32314428135266704
1675,0.1570571002815783
1676,0.32854775327336866
1677,0.33012223134541646
1678,0.3279157546615616
1679,0.3432807458635355
1680,0.3715213969751701
1681,0.16782621415813148
1682,0.2373736972992907
1683,0.47401052770902485
1684,0.39835627641476234
1685,0.40911831672291393
1686,0.35075134282010106
1687,0.415891177212289
1688,0.6324766419499798
1689,0.34133379826653243
1690,0.20561403365242106
1691,0.2692612225465994
1692,0.332446863918504
1693,0.31808372167489485
1694,0.39311159819156144
1695,0.8404025785585747
1696,0.27063015001435403
1697,0.40598346814956804
1698,0.8743705247421598
1699,0.6324766419499798
1700,0.4104524658440095
1701,0.17394265911106155
1702,0.30993434964981975
1703,0.1337247524708133
1704,0.340296959808843
1705,0.17705653418021097
1706,0.8443751037694822
1707,0.26361855802337053
1708,0.18470160006218309
1709,0.8154663342537416
1710,0.2604601284003572
1711,0.7853514333598843
1712,0.4721770302536777
1713,0.14342889671975614
1714,0.26250133330087966
1715,0.3885194427171475
1716,0.33100794047929005
1717,0.3751568186528734
1718,0.45941298744011727
1719,0.40517973332123175
1720,0.7257650966872606
1721,0.4317747681788306
1722,0.2794266691398616
1723,0.4214286447015509
1724,0.1524142874442631
1725,0.25997227290810765
1726,0.3736991706668426
1727,0.23478705609813147
1728,0.27097191772655166
1729,0.3680251865969011
1730,0.38165934026981296
1731,0.3071025854121655
1732,0.3351018091685415
1733,0.15761743313055432
1734,0.4109121158183498
1735,0.39648541790818886
1736,0.835737626563047
1737,0.3324873847336548
1738,0.7768389861399958
1739,0.30379622251133864
1740,0.4655444110675086
1741,0.3661992229809747
1742,0.3265676280801737
1743,0.35119246145310096
1744,0.1907527588515055
1745,0.30150793680616506
1746,0.34024323745413626
1747,0.4068666324365964
1748,0.23842764132134633
1749,0.21922805527970357
1750,0.26418931306761556
1751,0.2285693127775009
1752,0.21035465219242475
1753,0.17899668535661345
1754,0.2036786390632015
1755,0.18536799628946615
1756,0.397459594482321
1757,0.21135703297537778
1758,0.22904295274820533
1759,0.38984661663714154
1760,0.2536533644132268
1761,0.37553535941177246
1762,0.8268813911657211
1763,0.21749781823130662
1764,0.28416432205905373
1765,0.352628195295179
1766,0.33431962378490004
1767,0.19756277641613296
1768,0.3286266322542395
1769,0.44121983160249983
1770,0.34347469409950004
1771,0.3331649981801576
1772,0.1008160953748172
1773,0.4230782520417571
1774,0.35422121785957295
1775,0.21107252056110481
1776,0.2962873573963691
1777,0.3499676505693366
1778,0.8138700436270823
1779,0.27824309857487783
1780,0.32563417134105915
1781,0.46421974208284644
1782,0.28866402256113083
1783,0.4160157252172706
1784,0.22598268742130695
1785,0.23109879384868112
1786,0.8350657391841404
1787,0.8075833952041448
1788,0.3805921355177413
1789,0.47000185682376916
1790,0.318404156086535
1791,0.3623632934859846
1792,0.3387620865491249
1793,0.31380036006931206
1794,0.44050427374402396
1795,0.3166461353193554
1796,0.4092634579022203
1797,0.31504200673612315
1798,0.7073123871803842
1799,0.32206330204926603
1800,0.23346230577861557
1801,0.8369415569902721
1802,0.20805381586327837
1803,0.3259678768975688
1804,0.24360575363554873
1805,0.26164056200373087
1806,0.3323972386760192
1807,0.3604134061884335
1808,0.3251184332552874
1809,0.21756339050703194
1810,0.733901355286573
1811,0.4092634579022203
1812,0.23138077139955274
1813,0.48957543868340236
1814,0.32323805968066416
1815,0.22617025544244213
1816,0.3998255052648566
1817,0.18338052990093692
1818,0.20931751282841693
1819,0.2947014694590042
1820,0.8377580807496375
1821,0.2312909935620939
1822,0.28338770655232876
1823,0.44280607119549925
1824,0.19183604407718396
1825,0.8352524005718541
1826,0.22953388186857213
1827,0.25775189916497343
1828,0.3447467445125054
1829,0.33882342348120964
1830,0.17490560857085358
1831,0.4353029739164997
1832,0.26169400974564416
1833,0.2295782446574118
1834,0.7856535506550689
1835,0.33866489289093216
1836,0.20199492010423
1837,0.42078570920095293
1838,0.2622643508438975
1839,0.1013338671700545
1840,0.21024607048690358
1841,0.29287904826346245
1842,0.21734029007744216
1843,0.26033346903262833
1844,0.19038158883734344
1845,0.4407798409024652
1846,0.3261361548513309
1847,0.3929116563009116
1848,0.292622701473751
1849,0.34699900103169834
1850,0.30691300652073644
1851,0.13162050105193993
1852,0.22373370386089958
1853,0.23204154942707395
1854,0.26655837125889514
1855,0.18650883675462454
1856,0.3981405391887332
1857,0.24550320228478203
1858,0.35425203445584286
1859,0.34525840293511373
1860,0.3546970524943665
1861,0.40069861048072736
1862,0.19565474058250232
1863,0.3608094589050245
1864,0.8562016552091503
1865,0.24195110800611558
1866,0.3429117739344873
1867,0.8521469712818825
1868,0.24505980147251896
1869,0.8120979026308536
1870,0.34017311120391946
1871,0.30830571273731633
1872,0.1271189616762578
1873,0.828040933398102
1874,0.2800155860452748
1875,0.30362409943766744
1876,0.2888356123412313
1877,0.775348668276076
1878,0.2809866170693816
1879,0.24601137729078215
1880,0.3894137755586442
1881,0.2833482183607153
1882,0.38447772677060116
1883,0.3673570233740695
1884,0.3157933146019273
1885,0.7338085817092376
1886,0.093434927392014
1887,0.2187374335278202
1888,0.36206797709439814
1889,0.33450475401309826
1890,0.44111490986827806
1891,0.8681576288689663
1892,0.1945390677001574
1893,0.23733522274339827
1894,0.19915186073717364
1895,0.33561428337401716
1896,0.3184366960440621
1897,0.2825842072664626
1898,0.29064324162217237
1899,0.7837999860851863
1900,0.27777562902063463
1901,0.4285096917733393
1902,0.3407222168005387
1903,0.4577122288853969
1904,0.32313672032233065
1905,0.3828077719895825
1906,0.43427653753267625
1907,0.3432872869354231
1908,0.8154663342537416
1909,0.4067522247318663
1910,0.41768786917031353
1911,0.2224133405082242
1912,0.18498187158183624
1913,0.32114778055535925
1914,0.4250857603481632
1915,0.24837058958714797
1916,0.8075833952041448
1917,0.35714892424056216
1918,0.3317985155216015
1919,0.40532442789065143
1920,0.8681576288689663
1921,0.18102985684858938
1922,0.8479323673901714
1923,0.4332967487950938
1924,0.22674560658783213
1925,0.2985067881493667
1926,0.6826378743194063
1927,0.22464095776646162
1928,0.3314731594085701
1929,0.3951014905086156
1930,0.8274642710857122
1931,0.41325292302544814
1932,0.8147858794811758
1933,0.3791549649129108
1934,0.40594085180366163
1935,0.22361797451708731
1936,0.22848162310522785
1937,0.3090028172417656
1938,0.39496826171837723
1939,0.25313888820449754
1940,0.3994268637494996
1941,0.1630577753000478
1942,0.4221113925123919
1943,0.7073123871803842
1944,0.30279609810759506
1945,0.24222129036024026
1946,0.21207789766497678
1947,0.19303372687820144
1948,0.6289893877715098
1949,0.586303281494708
1950,0.28077578340041126
1951,0.7702496060215548
1952,0.3748839531195527
1953,0.335748769804975
1954,0.31713577976384066
1955,0.2656159418525677
1956,0.33836886371775016
1957,0.32213474628713856
1958,0.31922728307377196
1959,0.28425406338337156
1960,0.2721928397696558
1961,0.34752730776631846
1962,0.24787674631617426
1963,0.327386891280653
1964,0.2917456156248794
1965,0.2772513352608991
1966,0.17186352741211533
1967,0.21868036043395095
1968,0.23845903649315553
1969,0.46289117858434115
1970,0.819985488331834
1971,0.39573620186497716
1972,0.33550257794967214
1973,0.33778523353782
1974,0.09884757320156604
1975,0.3482076695229292
1976,0.2701323381069663
1977,0.20835703458957847
1978,0.302485768713293
1979,0.18906875477120552
1980,0.26379846877808355
1981,0.3287992372533093
1982,0.44409326313817893
1983,0.15736257841975096
1984,0.2911012650847028
1985,0.19306063846367041
1986,0.2059435365960557
1987,0.3335909130060051
1988,0.28626146739746205
1989,0.31734339426133756
1990,0.3027845138962544
1991,0.3311787953916902
1992,0.2462260611229823
1993,0.7173976415230455
1994,0.8507436116644972
1995,0.21312233772316033
1996,0.18360181983044924
1997,0.822237390346775
1998,0.19150155528306495
1999,0.3789732668776573
2000,0.2872527119950873
2001,0.2881908506885325
2002,0.19575093380327804
2003,0.23029213943272278
2004,0.19640298180453825
2005,0.25375868606845353
2006,0.38546238669781074
2007,0.25627450891257886
2008,0.3584687117048051
2009,0.3102068797714219
2010,0.39032896451002475
2011,0.22361797451708731
2012,0.8748756462800306
2013,0.4528520072058754
2014,0.18099630210336404
2015,0.36637131843825316
2016,0.2785736833089847
2017,0.2113340292398787
2018,0.30887067213378167
2019,0.18157537066917812
2020,0.34764066155304696
2021,0.34367995002509466
2022,0.36860421602810345
2023,0.3339637364078035
2024,0.7812078381957597
2025,0.4024012902793524
2026,0.7820251305793517
2027,0.27466236846542713
2028,0.4356813337744803
2029,0.2681079666508359
2030,0.2593001523769341
2031,0.2120496259898517
2032,0.27279747854665126
2033,0.2567165458534634
2034,0.20229170568135685
2035,0.2729885352849562
2036,0.32333846589004683
2037,0.38707388049134767
2038,0.3325062069239766
2039,0.1602884168425345
2040,0.323693152400559
2041,0.8367236246493414
2042,0.40235814831163386
2043,0.8640423598589155
2044,0.8268435894840691
2045,0.2666386885208082
2046,0.20311853190050694
2047,0.2789395276409011
2048,0.20974102664920186
2049,0.39351823104201555
2050,0.37443358490018636
2051,0.13053094176322153
2052,0.34257165016881824
2053,0.27913819459769146
2054,0.33910000576730676
2055,0.20550699879691592
2056,0.21632519079175494
2057,0.28967320015936304
2058,0.30996512871376714
2059,0.3043392545724237
2060,0.14926012740055822
2061,0.24178219155474212
2062,0.3139009982806115
2063,0.3251029063744744
2064,0.39215489066928677
2065,0.2710383171668125
2066,0.5053191226283512
2067,0.22341002693466275
2068,0.6492385845296569
2069,0.3057953660814715
2070,0.4552916120008865
2071,0.37597341512187343
2072,0.41268663337310973
2073,0.4144281139671765
2074,0.3185839101726594
2075,0.2608361147075505
2076,0.8239359947696835
2077,0.334488424422958
2078,0.30995978919396294
2079,0.3029477138743662
2080,0.40680214541646553
2081,0.33456869391322863
2082,0.8145393071825341
2083,0.2457217933668094
2084,0.6192597833443856
2085,0.29706308598163694
2086,0.3372120871603717
2087,0.4367123027723674
2088,0.4199336600918012
2089,0.1945390677001574
2090,0.4528520072058754
2091,0.23279866228477988
2092,0.40637348433373777
2093,0.374819883128403
2094,0.8286776437337056
2095,0.18102728731982884
2096,0.851193163772141
2097,0.8325370284061646
2098,0.2781781365738047
2099,0.7781663365036557
2100,0.23974143244733143
2101,0.31919053737957603
2102,0.364066504443244
2103,0.2129636276486271
2104,0.3274064423777057
2105,0.17224497386939647
2106,0.34535001014974703
2107,0.8249414284145324
2108,0.2550381497955857
2109,0.16985089626913982
2110,0.7173976415230455
2111,0.3806063952163252
2112,0.29321870626759006
2113,0.3783946868855025
2114,0.33999144743154275
2115,0.34364015377762963
2116,0.3644283816193193
2117,0.3305913182981722
2118,0.8681576288689663
2119,0.22018922479290834
2120,0.2922711584289069
2121,0.2940384913408807
2122,0.18574944757472794
2123,0.2919117154701606
2124,0.24929958992471224
2125,0.3359791214950585
2126,0.6489043604367896
2127,0.3789732668776573
2128,0.3399630807792035
2129,0.831238126533024
2130,0.38684180036112364
2131,0.8217982502186596
2132,0.3018869858805681
2133,0.4553299061911244
2134,0.217745531614738
2135,0.23528957255174396
2136,0.341981233810663
2137,0.20210639442323422
2138,0.28347068431519035
2139,0.2808101647787356
2140,0.26676779679479534
2141,0.2783245239991477
2142,0.7866905636281541
2143,0.8643545064298007
2144,0.8479323673901714
2145,0.2555346291418431
2146,0.3798596666936795
2147,0.8329875354077351
2148,0.238985818534027
2149,0.3308140010313318
2150,0.16904967092252643
2151,0.3125225727782729
2152,0.26092579635837443
2153,0.29524257003665216
2154,0.2923878405827413
2155,0.2506631820897988
2156,0.28144280241627745
2157,0.2500825274222223
2158,0.24962900098166382
2159,0.1378074982558959
2160,0.2453492983735214
2161,0.37504034831773686
2162,0.36867963660231345
2163,0.45601936356053224
2164,0.17121740419698514
2165,0.2466219121534822
2166,0.2602616637980754
2167,0.17451206091911134
2168,0.7149729376284042
2169,0.40330654304492203
2170,0.25062123272492404
2171,0.34336239109732186
2172,0.4407798409024652
2173,0.8264562848001563
2174,0.871258457860661
2175,0.1840355223521445
2176,0.20452875659403016
2177,0.835371189361749
2178,0.15576567501933608
2179,0.24257175609863801
2180,0.18329037651285635
2181,0.2378330249184807
2182,0.3199274904482575
2183,0.22998418926973394
2184,0.22026551197427227
2185,0.5451791843915302
2186,0.7816544724994657
2187,0.3629137808647714
2188,0.18213696822329498
2189,0.7840075477364487
2190,0.15808276813542196
2191,0.289113388469499
2192,0.2719773038813263
2193,0.2686267438066581
2194,0.32795190075148445
2195,0.35448044881183516
2196,0.403654895298246
2197,0.23730594482629613
2198,0.39684118356317205
2199,0.3971129244350878
2200,0.20868776104826628
2201,0.25873902821079675
2202,0.252729100040977
2203,0.3568007156720114
2204,0.6507914950950688
2205,0.32148226408633634
2206,0.40983149796630863
2207,0.4239932894100699
2208,0.27626121599262454
2209,0.810365645839611
2210,0.42847726378584927
2211,0.3432498610690721
2212,0.14040909182064445
2213,0.8233960205698896
2214,0.5136822678420854
2215,0.26601317647765776
2216,0.30622657771942996
2217,0.1406665860745551
2218,0.20374208352536116
2219,0.41117998533525013
2220,0.358495659232206
2221,0.23907627768220466
2222,0.39602497219473853
2223,0.3213880649039765
2224,0.14293204911860335
2225,0.29123808475818624
2226,0.32878130286161866
2227,0.3486799506418572
2228,0.4053714885798359
2229,0.1816213554300018
2230,0.6222766046677514
2231,0.2858186692123011
2232,0.26362588913459023
2233,0.39551804460990214
2234,0.32585050121962683
2235,0.43026735881424694
2236,0.3364364491683047
2237,0.2653063950208497
2238,0.2547107188911703
2239,0.19759058314812697
2240,0.19075876207151082
2241,0.3305297813667606
2242,0.17733669504631155
2243,0.3093869805575362
2244,0.40173289850901217
2245,0.2626326107536548
2246,0.6332403268748015
2247,0.47253641178015426
2248,0.8237475799729627
2249,0.4446763045342581
2250,0.47620844346872365
2251,0.8108286660095854
2252,0.2070201707276623
2253,0.7409183282684837
2254,0.334372407141958
2255,0.2413483656461809
2256,0.3345351818443663
2257,0.3969059427505633
2258,0.41514457033367663
2259,0.15774170643555058
2260,0.3015902374824781
2261,0.2981389464329519
2262,0.2641690327499428
2263,0.7751060644854226
2264,0.35534437150625603
2265,0.3439157418178401
2266,0.33205051890428083
2267,0.41071339659658046
2268,0.29128262095632884
2269,0.42332925939660027
2270,0.3860440415710219
2271,0.4949956362149545
2272,0.46352885969968083
2273,0.27149510591122117
2274,0.34364112714723993
2275,0.11610991477802206
2276,0.19158175317219184
2277,0.5804780925896652
2278,0.26627451559818416
2279,0.2714737464286343
2280,0.4085154495719899
2281,0.2518845911282922
2282,0.18280900545989798
2283,0.29422350099443156
2284,0.44338637901188394
2285,0.28840544117203526
2286,0.41930956462016644
2287,0.3182542400880593
2288,0.22656138501743242
2289,0.449351645320951
2290,0.36745201783122117
2291,0.30350408475790336
2292,0.8517331252966215
2293,0.41209303978685063
2294,0.23914929804173796
2295,0.7192573995075476
2296,0.15153100693619712
2297,0.21628642723206687
2298,0.2654938175837685
2299,0.35016098858616496
2300,0.8144634468917469
2301,0.28491444230439045
2302,0.7192573995075476
2303,0.3431629606809784
2304,0.40254971829884867
2305,0.3030126324431761
2306,0.422122092069828
2307,0.3987434996150293
2308,0.24246760225342004
2309,0.2208978884244934
2310,0.2992513784373154
2311,0.7750960157871244
2312,0.8111261083380665
2313,0.82543965463246
2314,0.26298360455163866
2315,0.3370161331141335
2316,0.3932519735372247
2317,0.4077011502161296
2318,0.7699432740526393
2319,0.3302270134031516
2320,0.3409805683222642
2321,0.25312031318097
2322,0.12920862303232006
2323,0.20368999162373103
2324,0.41147864234938175
2325,0.3571189134498223
2326,0.19948089839677893
2327,0.27808999105393645
2328,0.8300052414824388
2329,0.8127359983129001
2330,0.7320076922953137
2331,0.24709770313338933
2332,0.29273228456659345
2333,0.36884270338053193
2334,0.39244244779757553
2335,0.3711159296462454
2336,0.35076780253520007
2337,0.627317552157997
2338,0.420905149719903
2339,0.8042032762281488
2340,0.2015507524996898
2341,0.20788932792704376
2342,0.16395419348497217
2343,0.2670681317107827
2344,0.7699796807648166
2345,0.32667376790633407
2346,0.08325263274595503
2347,0.8681576288689663
2348,0.775348668276076
2349,0.8217162601919661
2350,0.3468444033236349
2351,0.2520477690636356
2352,0.15236046441647386
2353,0.7696517167150435
2354,0.8242399328924895
2355,0.2030025823907283
2356,0.28606652884692624
2357,0.3275473219468702
2358,0.2523067095233807
2359,0.3445665006289495
2360,0.3333291456087228
2361,0.35202776047166195
2362,0.7863912385167438
2363,0.1096534794805857
2364,0.3122525588787449
2365,0.40763359605738697
2366,0.3135374494253174
2367,0.20774920601128055
2368,0.2440430714510483
2369,0.15493748132745774
2370,0.43460742221300275
2371,0.18262165248273246
2372,0.3615574053689218
2373,0.3474872456285486
2374,0.28011197271601906
2375,0.8264672634535377
2376,0.7753067583419112
2377,0.36772000552183953
2378,0.2202384547273675
2379,0.29340661389405365
2380,0.18603557884451777
2381,0.7239403978921409
2382,0.21878834769697741
2383,0.22913067275011328
2384,0.2827689354893395
2385,0.734268416524457
2386,0.3353323390137327
2387,0.26321048041390394
2388,0.19638395767346725
2389,0.28231366663229124
2390,0.21051558240105347
2391,0.22238116667780486
2392,0.8217046971922115
2393,0.29482050480478067
2394,0.2914465254810347
2395,0.3578707253798544
2396,0.8237751082263279
2397,0.29179097795679265
2398,0.38707388049134767
2399,0.4206432935509078
2400,0.30712330488942735
2401,0.31980848445144117
2402,0.2082561639774228
2403,0.3284290090504881
2404,0.7814428870213603
2405,0.7822007045066139
2406,0.3983342130953593
2407,0.3210575577587546
2408,0.372763103208075
2409,0.38040360412161134
2410,0.26855548077386043
2411,0.34269115521599014
2412,0.3967295712360964
2413,0.18397677169343776
2414,0.3249131736439791
2415,0.7659049869174547
2416,0.12791608582802305
2417,0.290583814644132
2418,0.4575148892187826
2419,0.1362198621041917
2420,0.8601666219023951
2421,0.2714495299946705
2422,0.21375119347442517
2423,0.20649063463903705
2424,0.2205488929595589
2425,0.2365837222753979
2426,0.28718102503880233
2427,0.2569259538603179
2428,0.2723946055492305
2429,0.21154087406815245
2430,0.3379140829176198
2431,0.3251369085017688
2432,0.8338654274772318
2433,0.21141664939047808
2434,0.35377265554685633
2435,0.2016173332029103
2436,0.36381742647388504
2437,0.6330827109884868
2438,0.16183107988472378
2439,0.3124744577337334
2440,0.2778930451790721
2441,0.40689052846223167
2442,0.3691752223248409
2443,0.2891589815719094
2444,0.4136344916145547
2445,0.17456899440136855
2446,0.4111849245750894
2447,0.3596189789144382
2448,0.33568669891521824
2449,0.28213861737036194
2450,0.25904349356617906
2451,0.22214833473656279
2452,0.31465902582699395
2453,0.19732648535233402
2454,0.3133845549250645
2455,0.24433968167504425
2456,0.32168380025480764
2457,0.30874227269126575
2458,0.18038039765751326
2459,0.738838938181644
2460,0.2669744538094514
2461,0.3297895906852592
2462,0.13321677510779587
2463,0.2974567364007043
2464,0.3753870066957399
2465,0.34432361662622774
2466,0.6346507388356557
2467,0.34218804353739274
2468,0.2007044248331942
2469,0.3204824087585644
2470,0.29285363098340556
2471,0.5066519910928805
2472,0.8239359947696835
2473,0.3123714512336371
2474,0.16197854841211917
2475,0.4513985624432655
2476,0.19030396021887178
2477,0.2122583409312949
2478,0.23065270310742972
2479,0.26396460911884195
2480,0.5490658262723483
2481,0.310917881019902
2482,0.4407798409024652
2483,0.22443328198715637
2484,0.22883334780499032
2485,0.34609006704279754
2486,0.22038096719191708
2487,0.20890307078364806
2488,0.29899927612478294
2489,0.2471916951469994
2490,0.3251398966005062
2491,0.3460690710844213
2492,0.2850452461938681
2493,0.4328587608925896
2494,0.24211706494860355
2495,0.33150542278586687
2496,0.27277372493333074
2497,0.41480220681051
2498,0.3799769779795751
2499,0.19236346183826297
2500,0.22880128027765734
2501,0.2601507752963136
2502,0.3744271851499138
2503,0.27518131099409093
2504,0.303055454280658
2505,0.3177822149577202
2506,0.8686945222522442
2507,0.34406176097230456
2508,0.8756032838601265
2509,0.1912092538343671
2510,0.3794972336100528
2511,0.32872428006314974
2512,0.40330654304492203
2513,0.3672270203346576
2514,0.7856403084796726
2515,0.2669148110163749
2516,0.28959587840680123
2517,0.23074687959665138
2518,0.30087661510191577
2519,0.1806371875339603
2520,0.19129241224818694
2521,0.27354038155004023
2522,0.3215109261890088
2523,0.43659768940835425
2524,0.3475951934971026
2525,0.30413159790659555
2526,0.3699738365004502
2527,0.8134682576321717
2528,0.6295620714383902
2529,0.361780887036075
2530,0.21590098322044987
2531,0.3969086289182485
2532,0.27652958687027207
2533,0.36312118335591625
2534,0.230974267564171
2535,0.29181960022805037
2536,0.21122899090574732
2537,0.3036411901087516
2538,0.7907983546157308
2539,0.3810708682386168
2540,0.7861813795215798
2541,0.22695131538095947
2542,0.14124069052241617
2543,0.6857701664994899
2544,0.3429311046897758
2545,0.2505592706679343
2546,0.8286776437337056
2547,0.3654727017854665
2548,0.40197505019204716
2549,0.41882128572314065
2550,0.21940879281281472
2551,0.22939708183037372
2552,0.2764844229861678
2553,0.18888348557251533
2554,0.1927167906681513
2555,0.4227510369094126
2556,0.2963755397025152
2557,0.38997679885747155
2558,0.24345092431872495
2559,0.3080169227184913
2560,0.27716418591105774
2561,0.31400783890225265
2562,0.3164094602164813
2563,0.35090258913863204
2564,0.2583510359521883
2565,0.19009697245462354
2566,0.27135960925217534
2567,0.33098897539403643
2568,0.12058519643891799
2569,0.28329703652398996
2570,0.18703406514491847
2571,0.38464668118018647
2572,0.30520484131040115
2573,0.24787674631617426
2574,0.30898347759354916
2575,0.15658820511412969
2576,0.2873643792098929
2577,0.25319083967391126
2578,0.48923252158095376
2579,0.32472054606815676
2580,0.28049194253237647
2581,0.28814627227036044
2582,0.46594952838125925
2583,0.2166827106142107
2584,0.29427868062688933
2585,0.32440156622765165
2586,0.8385093646403406
2587,0.4778922291093925
2588,0.30580647077020573
2589,0.21453579647632698
2590,0.336065190593319
2591,0.8668167099211929
2592,0.3209317175478393
2593,0.27167640791575903
2594,0.22193471411142454
2595,0.24668328658584993
2596,0.2555411234337899
2597,0.2340412600539767
2598,0.31765470269540536
2599,0.16615724904466406
2600,0.3318922494245768
2601,0.2616883050309882
2602,0.8681576288689663
2603,0.23324601481846047
2604,0.3738055624555628
2605,0.21350706668029143
2606,0.7173976415230455
2607,0.7073123871803842
2608,0.4019719062053969
2609,0.24647425327336517
2610,0.46809839394094627
2611,0.38923077560092073
2612,0.781344073531226
2613,0.3189945239328948
2614,0.1756289079825249
2615,0.2252881981571022
2616,0.7821204543422774
2617,0.39415205052587726
2618,0.17273655753882292
2619,0.31636168441466617
2620,0.34603035376351604
2621,0.32278011025520353
2622,0.33525009117408416
2623,0.8097570106221337
2624,0.8134777954607151
2625,0.28973388172596515
2626,0.317252060625804
2627,0.8174894266473164
2628,0.2087356197912837
2629,0.31082082516800924
2630,0.4199416079153055
2631,0.28470516012933245
2632,0.37409391662422853
2633,0.29826743808015155
2634,0.3153050658802205
2635,0.19579801759207088
2636,0.3729075288138726
2637,0.2280735143806366
2638,0.3758282632825383
2639,0.3279449336425391
2640,0.8268435894840691
2641,0.4314681152573809
2642,0.35128702432990716
2643,0.3752786779010198
2644,0.2221405409175624
2645,0.34024231277250583
2646,0.4044545329985833
2647,0.3977214585014887
2648,0.35415777163525447
2649,0.14564006696382042
2650,0.3648073069747316
2651,0.32630400165479184
2652,0.19461347857757033
2653,0.2631271043744534
2654,0.44353458647737554
2655,0.3242515383709372
2656,0.41023433922962615
2657,0.3036615976841277
2658,0.35116041484260696
2659,0.1772536987981848
2660,0.21742665809948267
2661,0.3926157973290868
2662,0.32827220661625595
2663,0.8748756462800306
2664,0.4143638238783352
2665,0.32673189323615326
2666,0.1844441674959005
2667,0.2822257486741892
2668,0.46090375213929907
2669,0.2673594749847355
2670,0.7836773964015391
2671,0.28126823876237533
2672,0.7802700649118148
2673,0.21094700405002248
2674,0.14608265813928198
2675,0.23898836340761537
2676,0.22495912337262086
2677,0.16975557938652938
2678,0.3975787921567129
2679,0.37038352523851237
2680,0.8343628760766238
2681,0.3773874577837994
2682,0.1788362146408058
2683,0.38951530757896174
2684,0.47198164876417653
2685,0.41886341053583015
2686,0.255515162526293
2687,0.31836523749225415
2688,0.4145883532565695
2689,0.3274188707499285
2690,0.23108083561253703
2691,0.1430289439453098
2692,0.3843643588488138
2693,0.20922551363070505
2694,0.442042349782014
2695,0.410884246901997
2696,0.2652374870753809
2697,0.22083067352652122
2698,0.22493738958979942
2699,0.3498434729060826
2700,0.4110792296725541
2701,0.3760546081493056
2702,0.7781513815396087
2703,0.3974853909497964
2704,0.4142565245302119
2705,0.18252265361868422
2706,0.8461478524539988
2707,0.26690996692381525
2708,0.20138427566623684
2709,0.2111639966222209
2710,0.19758918037932038
2711,0.2343669992940339
2712,0.3975156535194633
2713,0.7699432740526393
2714,0.4929310063698072
2715,0.3016607720199426
2716,0.20205997098787176
2717,0.20361287141819667
2718,0.20127214965200824
2719,0.33533882965845263
2720,0.1897615241645436
2721,0.3737769020685079
2722,0.30725361459346895
2723,0.18031804404494756
2724,0.2640530074530517
2725,0.3446828181859709
2726,0.7899551578095292
2727,0.3767517706238014
2728,0.2498936244135352
2729,0.2953120976129686
2730,0.6192597833443856
2731,0.32817305239000316
2732,0.4298043525764151
2733,0.3332247859632767
2734,0.3195966985102075
2735,0.24875456301278642
2736,0.7073123871803842
2737,0.3783946868855025
2738,0.19745457832582042
2739,0.2611940238412614
2740,0.34712343659371314
2741,0.37553707525373636
2742,0.3375518741883061
2743,0.16543831815623067
2744,0.7845528593219656
2745,0.2498290213290102
2746,0.32117065968164527
2747,0.29842504442768136
2748,0.44338637901188394
2749,0.17248185791087337
2750,0.2984344257559696
2751,0.8386280052600384
2752,0.22499074108450998
2753,0.28388702724947606
2754,0.8120979026308536
2755,0.7888451104125831
2756,0.7765793733196148
2757,0.31544061972016824
2758,0.259688112646302
2759,0.46090375213929907
2760,0.1668103467018673
2761,0.3446320247101761
2762,0.2554790005585073
2763,0.2484555109658507
2764,0.46832268512739805
2765,0.3299640563580098
2766,0.33683645803696194
2767,0.25014258330355266
2768,0.41709553211453954
2769,0.20524473350666025
2770,0.7750281311975602
2771,0.38264141848154715
2772,0.18041193267420919
2773,0.24286249414929673
2774,0.4292668887480242
2775,0.31384342489711964
2776,0.8369254054732288
2777,0.309211875597857
2778,0.23519961965769268
2779,0.3567372101595552
2780,0.2126631663283801
2781,0.3182785181288544
2782,0.3425804090836049
2783,0.3473417293449737
2784,0.2703199608377747
2785,0.4432807184958208
2786,0.15104504281314435
2787,0.15286639656914983
2788,0.2842940893846646
2789,0.24230989694043048
2790,0.18912932231783489
2791,0.26615378221784297
2792,0.4566991181739303
2793,0.3314875472884513
2794,0.4064663482629885
2795,0.8075833952041448
2796,0.17885585115252245
2797,0.3724547609863482
2798,0.1660783133880378
2799,0.40433817984792125
2800,0.29979415676639337
2801,0.2875271783589068
2802,0.30418647059343545
2803,0.24547061711137683
2804,0.337067627369608
2805,0.25942118124402525
2806,0.3414722143494071
2807,0.29497832021260056
2808,0.23594410474672625
2809,0.2416340161109451
2810,0.8285964542018119
2811,0.40911831672291393
2812,0.40952791865476096
2813,0.24025402853590597
2814,0.3924069101507938
2815,0.2570364074040259
2816,0.24547061711137683
2817,0.1986259969523504
2818,0.34570665499056086
2819,0.4084079269070707
2820,0.24301525934264184
2821,0.2788409959536928
2822,0.19723187104103526
2823,0.18728301376042794
2824,0.13102812200251387
2825,0.4226686876100513
2826,0.4005427093819063
2827,0.19686362691831583
2828,0.2341750859881478
2829,0.3503429903825366
2830,0.3961118999951905
2831,0.28168134138074213
2832,0.306920590575621
2833,0.2850152155956342
2834,0.39102839954433494
2835,0.21883635987477276
2836,0.29912284649019516
2837,0.23724021780990126
2838,0.8571853962810704
2839,0.3316988631093927
2840,0.7544596093785007
2841,0.3432090803397971
2842,0.19561086597625507
2843,0.2902478839553132
2844,0.20138402729141128
2845,0.1006518829854269
2846,0.31891531485344154
2847,0.3280393026908483
2848,0.17466671634224873
2849,0.828173161465046
2850,0.262288325039654
2851,0.7614180386599932
2852,0.21799320303214223
2853,0.2283326147844091
2854,0.2924685670113541
2855,0.24327814444623963
2856,0.4049882842844547
2857,0.3575222237419715
2858,0.225866300976481
2859,0.17956467789581365
2860,0.7239403978921409
2861,0.12633836140672697
2862,0.3237237952015747
2863,0.6330827109884868
2864,0.2938702688760375
2865,0.3118325966427618
2866,0.8233221220444285
2867,0.43440613754674656
2868,0.4204324641702691
2869,0.26452554015703644
2870,0.847673273459931
2871,0.8042032762281488
2872,0.2631722438364264
2873,0.30824798300896117
2874,0.24036934112597214
2875,0.15835085252103015
2876,0.8315543674014224
2877,0.21199878523430343
2878,0.35373956562508835
2879,0.2067286578720993
2880,0.2282783184100466
2881,0.28386068617273763
2882,0.3335628184813759
2883,0.8743705247421598
2884,0.32895537534889513
2885,0.3326431428944855
2886,0.15569804440882057
2887,0.2349155432348506
2888,0.2779062137511381
2889,0.40693107811010365
2890,0.2164404157703495
2891,0.16245618369266165
2892,0.2371900862595031
2893,0.19385433023359705
2894,0.15184285877724826
2895,0.19994786360725528
2896,0.30331672198396126
2897,0.393896535719964
2898,0.36977772954557336
2899,0.8285964542018119
2900,0.8336167517042868
2901,0.3406553726393206
2902,0.1990249848400701
2903,0.28640647415585024
2904,0.30577932793273277
2905,0.18169471580396374
2906,0.18964726352064762
2907,0.19579801759207088
2908,0.239331960284594
2909,0.4003360760133223
2910,0.42241138007911583
2911,0.8389643617763126
2912,0.2890645733403161
2913,0.2455490580311672
2914,0.28327524544782745
2915,0.13124281725842446
2916,0.2883015819441012
2917,0.8060079971291478
2918,0.19384537303950722
2919,0.36882745128002004
2920,0.2082148929951253
2921,0.42078570920095293
2922,0.2947833281686883
2923,0.13818278639755163
2924,0.20702307997759278
2925,0.16619973238148317
2926,0.31421571654228303
2927,0.15574819418969
2928,0.3740058460211663
2929,0.33088498224027046
2930,0.2086754904372048
2931,0.33900591674362934
2932,0.15943931927068564
2933,0.3911197622647177
2934,0.250033217507103
2935,0.3623209991403823
2936,0.38063805671038753
2937,0.17664148597193333
2938,0.39283050060058927
2939,0.19694843131772835
2940,0.27197054056843506
2941,0.22967032084553882
2942,0.779842229743006
2943,0.6857701664994899
2944,0.32891243683980437
2945,0.45843224612363315
2946,0.3683004399667642
2947,0.42429744204619
2948,0.8357668595311958
2949,0.2770426559549588
2950,0.31042967396234455
2951,0.8258122952256507
2952,0.31151811142701846
2953,0.21245373063292977
2954,0.7659049869174547
2955,0.40330654304492203
2956,0.3202109334517294
2957,0.3167689656077232
2958,0.2784475226539486
2959,0.30305611063797266
2960,0.32557090557044116
2961,0.3811253834074305
2962,0.23521073329728412
2963,0.2701581486935755
2964,0.1800851253053486
2965,0.3536984428199714
2966,0.4026073856686435
2967,0.3783946868855025
2968,0.19433910789295866
2969,0.20816923347467878
2970,0.32692707910702773
2971,0.30864012086613996
2972,0.233803137611871
2973,0.2148670222871961
2974,0.23111314133802585
2975,0.2222398713656286
2976,0.21676970647116792
2977,0.30589262007707385
2978,0.8125545900204806
2979,0.36110910300475224
2980,0.831238126533024
2981,0.324855983110296
2982,0.20937304870513765
2983,0.28666978412855904
2984,0.349501800510573
2985,0.38998371662794823
2986,0.8370929508047276
2987,0.49935041561605886
2988,0.3156262482767797
2989,0.7738146667318524
2990,0.227508748381934
2991,0.2454750981963027
2992,0.3899264558035839
2993,0.4109060237484975
2994,0.8332597867816884
2995,0.30487789847948404
2996,0.39801811670439596
2997,0.31412409840147554
2998,0.24579799446346154
2999,0.37607170022728126
3000,0.26269423641691975
3001,0.7863912385167438
3002,0.6302815897550603
3003,0.323365032873984
3004,0.15356075816037673
3005,0.3385430258079922
3006,0.21414211323009721
3007,0.3496801054503151
3008,0.27481996873800896
3009,0.42763929600259803
3010,0.324387805842071
3011,0.3425804090836049
3012,0.42354021083340465
3013,0.20642024206155474
3014,0.65192251122342
3015,0.33660844258215034
3016,0.20393891002599968
3017,0.33847192641425355
3018,0.13613345137905516
3019,0.48247736303214533
3020,0.19448317516472285
3021,0.8376074799305427
3022,0.31266810551296237
3023,0.3436086591398691
3024,0.6204920918947298
3025,0.2336474098557919
3026,0.19591394945221652
3027,0.26189840917940377
3028,0.7760285780945956
3029,0.1820370609273911
3030,0.22267599373199568
3031,0.2049832809064696
3032,0.2803499575707504
3033,0.2563968578615182
3034,0.7824330530602019
3035,0.31928366117421425
3036,0.41010940577831645
3037,0.19761850665535716
3038,0.23032751617111505
3039,0.35893030766767403
3040,0.6346507388356557
3041,0.255650255348711
3042,0.1954126078148873
3043,0.3270424560576196
3044,0.2537246038116731
3045,0.4195110235629795
3046,0.23911946235889064
3047,0.18986728128846814
3048,0.1709340203902992
3049,0.3165499133252234
3050,0.229215344138859
3051,0.4027630452415007
3052,0.21972345886367683
3053,0.1288790725395826
3054,0.3506858305938135
3055,0.4008008215451592
3056,0.3343771677579401
3057,0.38999180042612064
3058,0.2584545730217253
3059,0.2058705727535108
3060,0.8342831360006742
3061,0.3895767729120305
3062,0.8202815908953881
3063,0.3016465819815088
3064,0.345496863583998
3065,0.3286046788265411
3066,0.202700689340015
3067,0.835050053709259
3068,0.3169522211777823
3069,0.19015909314739327
3070,0.2201969570910496
3071,0.497774017581413
3072,0.25682428003945246
3073,0.13833655264220196
3074,0.3299640563580098
3075,0.23372798981407664
3076,0.17721473041889033
3077,0.33808519812122645
3078,0.24787674631617426
3079,0.3000373931386856
3080,0.1671388153973761
3081,0.2514287706953064
3082,0.3246446221587039
3083,0.2892978687882561
3084,0.8234112133930771
3085,0.8258581867840697
3086,0.18067346786181568
3087,0.3373657396302457
3088,0.1448381796250524
3089,0.18313970029075408
3090,0.24998754383069505
3091,0.28070201503870607
3092,0.7822415072489753
3093,0.34609372980419056
3094,0.3139194148104307
3095,0.3432778086369265
3096,0.36018784898319994
3097,0.32157120714898
3098,0.3489054961914248
3099,0.4200488333860553
3100,0.21461046154468003
3101,0.3813048976957267
3102,0.3500665302250853
3103,0.18060263488241
3104,0.2464208865244692
3105,0.2692099407103247
3106,0.46302855532812354
3107,0.4286945717533309
3108,0.26373647883144186
3109,0.43670905806605
3110,0.3249326441046951
3111,0.8252084754158266
3112,0.2170916701735572
3113,0.3996723033176413
3114,0.14764278110181042
3115,0.26860325557653786
3116,0.8375162498527877
3117,0.8075833952041448
3118,0.34477053885453957
3119,0.3372269690148165
3120,0.22941115434133882
3121,0.2431583370860272
3122,0.3353705779898957
3123,0.4152150149300408
3124,0.8686945222522442
3125,0.3037947533695989
3126,0.8647559053745305
3127,0.3192711244828355
3128,0.22032852231573533
3129,0.400337252024692
3130,0.44816294372775733
3131,0.39759644459575105
3132,0.34869135194704054
3133,0.831238126533024
3134,0.3123745501071259
3135,0.16232862126315076
3136,0.3918038947927562
3137,0.8346418948890924
3138,0.38255583415118827
3139,0.40475805059110787
3140,0.15394434736495383
3141,0.28626146739746205
3142,0.8317374845161584
3143,0.2164687026762756
3144,0.19897143653668198
3145,0.1988870901633047
3146,0.32318359436490984
3147,0.2664878195964085
3148,0.18186648132008762
3149,0.3966886875475385
3150,0.33755408310440305
3151,0.34630902968519384
3152,0.17051527965729146
3153,0.38062373135894967
3154,0.39705263038126054
3155,0.2779443623583827
3156,0.23189983455398405
3157,0.3997864532185046
3158,0.24960786652313724
3159,0.639571405604105
3160,0.2147655918111288
3161,0.6005560474797018
3162,0.28524110626644655
3163,0.20451611778576886
3164,0.3646472411975159
3165,0.18572535473528723
3166,0.17622877780660004
3167,0.825710888829336
3168,0.3386234612818439
3169,0.8018876811430389
3170,0.3202900517473864
3171,0.31912252920958273
3172,0.27830440187833155
3173,0.3759184577374721
3174,0.8113257821891773
3175,0.2530263521300679
3176,0.3373247300313498
3177,0.811660389805099
3178,0.40865443781222505
3179,0.212841378111401
3180,0.19608911085746056
3181,0.46942913200357694
3182,0.17619971245906635
3183,0.4212930127612232
3184,0.3101069590389268
3185,0.3287066110232596
3186,0.21221115316921207
3187,0.34562772487468774
3188,0.32497960698206835
3189,0.2544495223742782
3190,0.2130897628287894
3191,0.180893188435193
3192,0.13714753869390559
3193,0.39110746706000094
3194,0.8292974072001489
3195,0.40690969805549887
3196,0.2017083127854866
3197,0.2597467313778811
3198,0.4054120894199151
3199,0.48900447547925135
3200,0.38010779027408886
3201,0.3115597511053194
3202,0.8258122952256507
3203,0.3286911689634986
3204,0.7776692384481677
3205,0.16337631479117787
3206,0.8014953253566167
3207,0.7672803744980559
3208,0.37507598160656064
3209,0.19763401035525802
3210,0.16064113257132093
3211,0.46965589535023244
3212,0.4066442279119568
3213,0.586303281494708
3214,0.23782807963695604
3215,0.8483753706413633
3216,0.18441638174550518
3217,0.31137633567160433
3218,0.22077927831243105
3219,0.1635148802047997
3220,0.2488351327676551
3221,0.17484484376467688
3222,0.8136992861144912
3223,0.2220753208814356
3224,0.2775303647458159
3225,0.10343536661927118
3226,0.32582519761648926
3227,0.22109490165811568
3228,0.8023362779630027
3229,0.33260086672878014
3230,0.2735835601021718
3231,0.2902309483785441
3232,0.2566586020298449
3233,0.27739247479391616
3234,0.2934795310641303
3235,0.4677816446320516
3236,0.42151602856356185
3237,0.2930291231851528
3238,0.15035731805915492
3239,0.3332029274521743
3240,0.2672337316705005
3241,0.3532607397635314
3242,0.23840733142522066
3243,0.29168483684095786
3244,0.33898749266685874
3245,0.7750281311975602
3246,0.4367123027723674
3247,0.27546137064077864
3248,0.2658779120851535
3249,0.36632675711427654
3250,0.476447237533509
3251,0.16759308104621443
3252,0.22949893610959485
3253,0.22540373366442257
3254,0.23318155581452704
3255,0.33649440891666976
3256,0.7781513815396087
3257,0.4091421496629473
3258,0.2546805419252491
3259,0.33165226536362913
3260,0.46820920943892946
3261,0.330458104984444
3262,0.22935864537564116
3263,0.17421117641006983
3264,0.8299400081676069
3265,0.29141067803352155
3266,0.40959578501725047
3267,0.8277925253325341
3268,0.14112068348506998
3269,0.1865667692494454
3270,0.3821862560240079
3271,0.14881498967173729
3272,0.2969236527232938
3273,0.2790981582467132
3274,0.366094278617998
3275,0.31200057673138704
3276,0.2637189296995025
3277,0.4085898481974653
3278,0.18642804176429814
3279,0.8371422096780343
3280,0.4133129236771064
3281,0.18658702398031324
3282,0.7686897941027471
3283,0.330881013904306
3284,0.3426351080650336
3285,0.34790614221804567
3286,0.2764964889146885
3287,0.3452900462894752
3288,0.2304192077635719
3289,0.18121145187824286
3290,0.27744197295817125
3291,0.14791001762365236
3292,0.239228493925233
3293,0.2776251575609007
3294,0.20621813326363295
3295,0.2667464626990365
3296,0.1807753169224454
3297,0.2390242413524203
3298,0.8555604541474133
3299,0.3460834868566669
3300,0.21205908831733813
3301,0.33860468283936657
3302,0.3683988897696005
3303,0.3190830199797422
3304,0.7888451104125831
3305,0.3342362489881887
3306,0.19934398102548692
3307,0.8268435894840691
3308,0.21088455177522428
3309,0.45941298744011727
3310,0.3005433877418452
3311,0.19827920504798469
3312,0.4589217213894032
3313,0.22443188290361785
3314,0.2549154292731709
3315,0.16854123437459123
3316,0.22208628595319396
3317,0.34070923652135093
3318,0.4094127193687618
3319,0.2527191811349309
3320,0.13123061068015449
3321,0.40807992242086777
3322,0.3788849193545715
3323,0.28525955145620996
3324,0.12771033233106938
3325,0.4078528317964112
3326,0.15506859331534473
3327,0.201134818422214
3328,0.46795952097023624
3329,0.45455175786718754
3330,0.2903157654628294
3331,0.29828341158388066
3332,0.1759731259587215
3333,0.37534109040559777
3334,0.3801395272755614
3335,0.12621329281204643
3336,0.7192573995075476
3337,0.39956322822827395
3338,0.2432782484495198
3339,0.33633676873100193
3340,0.14022216755981337
3341,0.1825277379807623
3342,0.3317573215510821
3343,0.2571989702043488
3344,0.35508349534743133
3345,0.22721588386809707
3346,0.26255726307909594
3347,0.8244940608731169
3348,0.2610187750486118
3349,0.30096923295380484
3350,0.2837478453201025
3351,0.2641564060447737
3352,0.17369919040988574
3353,0.13934216071827116
3354,0.17614951532581924
3355,0.21292391267471558
3356,0.185297576548556
3357,0.3227442039266326
3358,0.3016449775753572
3359,0.17968345761216392
3360,0.833479190388932
3361,0.24218367178958747
3362,0.0693556077695561
3363,0.2324631074557526
3364,0.42004442123521296
3365,0.3847010293884704
3366,0.1691052903269256
3367,0.2470690765992955
3368,0.2859912299708167
3369,0.2188366027343467
3370,0.1993652492831516
3371,0.33659002045782815
3372,0.47905167517535713
3373,0.23222452003369748
3374,0.24381880644752005
3375,0.4433896269946573
3376,0.15113977278455487
3377,0.23447859856356798
3378,0.38325089237723475
3379,0.46995422184487246
3380,0.318390618658065
3381,0.32140428666288806
3382,0.15571214576173104
3383,0.3366243317554481
3384,0.3353923774716174
3385,0.21317273700877606
3386,0.3877917226395107
3387,0.2453525579704873
3388,0.25037054542316983
3389,0.21824319519205926
3390,0.28221925707672757
3391,0.3188939751694887
3392,0.17480817454729103
3393,0.3349854693186871
3394,0.7875117435602852
3395,0.29023509109581985
3396,0.37427873616085255
3397,0.38804818892146115
3398,0.2864833178519729
3399,0.3310341980688487
3400,0.3665614655977754
3401,0.23577592233029734
3402,0.38611115637198345
3403,0.5161170346457877
3404,0.42092384026602486
3405,0.3279835027785403
3406,0.8255432068933892
3407,0.32989999822305016
3408,0.29882335425925394
3409,0.21639806583646704
3410,0.12696339713046542
3411,0.33137358088996743
3412,0.32841321366368764
3413,0.3805112015911164
3414,0.1132815638853933
3415,0.7768389861399958
3416,0.2664144582362734
3417,0.1942456648577291
3418,0.2717112626884669
3419,0.374183092361149
3420,0.3691150569273959
3421,0.27691830542846263
3422,0.3122713001949984
3423,0.2849088052365788
3424,0.38584588392917807
3425,0.23009349280402
3426,0.22819818917647872
3427,0.1958140607872844
3428,0.40397712711087624
3429,0.22486268301550774
3430,0.38595853208927317
3431,0.27521232945670376
3432,0.26699068220270966
3433,0.3968469351469843
3434,0.21037725446358174
3435,0.18538093225723742
3436,0.2414777123831015
3437,0.32377656934157895
3438,0.4153703255967408
3439,0.263134290858852
3440,0.3407198637444958
3441,0.1485241243150969
3442,0.19800313733227579
3443,0.30224644375386067
3444,0.29692347915629896
3445,0.18215859181110472
3446,0.8535917464350476
3447,0.31842707122715874
3448,0.8342912317109433
3449,0.31262282656226165
3450,0.27997942815271015
3451,0.24288307238795218
3452,0.1715599262398508
3453,0.5161866317937307
3454,0.19763934690831178
3455,0.332316934879106
3456,0.2450465611882925
3457,0.46128243793799883
3458,0.34122925055157743
3459,0.7757951042792665
3460,0.38878255034121034
3461,0.3210575577587546
3462,0.13031162423866546
3463,0.27454728266301875
3464,0.3718347828774021
3465,0.353283045288969
3466,0.2215983503522886
3467,0.3424845831694311
3468,0.27953172963109296
3469,0.40943199975075556
3470,0.25380183787450195
3471,0.2385641454192689
3472,0.4000225820238527
3473,0.3987469907198364
3474,0.818599144928158
3475,0.24840881196686823
3476,0.38311533690199784
3477,0.34988880751583773
3478,0.43591560260362006
3479,0.14216937969616655
3480,0.40121101931295033
3481,0.2620259027900196
3482,0.20200135612771783
3483,0.7836109977105224
3484,0.35557433614242984
3485,0.7539840745551831
3486,0.8461478524539988
3487,0.32702180622630483
3488,0.2291150223518317
3489,0.3436631386219895
3490,0.16520942483386775
3491,0.8266257431372467
3492,0.29681499969502106
3493,0.19305209361877082
3494,0.30021399974881036
3495,0.2696792460494234
3496,0.19411210950900884
3497,0.35037759273501856
3498,0.18880244819192993
3499,0.2042213135587191
3500,0.38984907323248347
3501,0.2798345125700597
3502,0.16490836190463953
3503,0.25634777828614785
3504,0.1966198083964114
3505,0.37872085871187644
3506,0.2509438664916164
3507,0.3374629782877815
3508,0.3625816119931969
3509,0.3409434805065893
3510,0.3737878132849507
3511,0.7544596093785007
3512,0.34849127488812737
3513,0.3310664597541105
3514,0.23654513407115582
3515,0.21226718801543737
3516,0.29987903530616455
3517,0.4199336600918012
3518,0.8144634468917469
3519,0.3769297164323598
3520,0.3252946010259799
3521,0.8356794066935559
3522,0.35285049277023467
3523,0.2324024102163695
3524,0.35154203303858217
3525,0.33916721937947975
3526,0.3903708085971912
3527,0.3250914363129075
3528,0.3339660154560742
3529,0.23515386037449032
3530,0.42220027493947204
3531,0.38018588625233213
3532,0.22983933936017234
3533,0.326633467833429
3534,0.3472700236526396
3535,0.28329297935083675
3536,0.23623407523207493
3537,0.2274200805254812
3538,0.2553390363626851
3539,0.3278580212616422
3540,0.20986874778519943
3541,0.27757815020725607
3542,0.4019420363281345
3543,0.802744513481227
3544,0.33488306793229317
3545,0.3608464932444491
3546,0.2306956647741248
3547,0.3378757236106059
3548,0.39968196753739405
3549,0.7792308587738982
3550,0.2232950187303102
3551,0.19008495498012618
3552,0.3033256654701744
3553,0.3729141263390033
3554,0.36261259100483884
3555,0.3639155169695391
3556,0.4510127445191937
3557,0.8369445958105285
3558,0.26198093043226334
3559,0.3280990526613104
3560,0.39288758396814766
3561,0.1700393896042344
3562,0.8182235482428107
3563,0.21749161824265772
3564,0.3974687324650229
3565,0.3189871967903542
3566,0.20162138608859864
3567,0.4146275584696464
3568,0.8375162498527877
3569,0.1736512396706269
3570,0.2153458793906513
3571,0.3223055442578853
3572,0.284448979373879
3573,0.35917358633289626
3574,0.35474032447940557
3575,0.19585418601081714
3576,0.850118737884182
3577,0.3025501223821739
3578,0.12104018984166537
3579,0.25682450201454976
3580,0.3801801304127112
3581,0.26860943984594277
3582,0.8516901929736947
3583,0.28361225312576926
3584,0.2583232476160202
3585,0.4461526928357421
3586,0.20790382671179994
3587,0.3649455465489221
3588,0.148784117363129
3589,0.34584827907585747
3590,0.37089319446228625
3591,0.29935972160111174
3592,0.255667893357708
3593,0.37979039396520176
3594,0.34692100187440794
3595,0.38423920627462704
3596,0.40485615011672715
3597,0.2982501442411716
3598,0.16988028501566577
3599,0.33892072797160167
3600,0.3521513873811537
3601,0.1695401904087933
3602,0.32291740157256105
3603,0.20197801059185608
3604,0.30745430026149967
3605,0.16005833215861567
3606,0.185897316148386
3607,0.639571405604105
3608,0.8786915099781272
3609,0.35380818998262165
3610,0.4623470622318725
3611,0.2712081358417815
3612,0.41657967598653883
3613,0.19798970547992478
3614,0.1971836193974833
3615,0.24342865921316859
3616,0.1860971069728636
3617,0.35094924438215186
3618,0.34406339042467327
3619,0.23366800102132115
3620,0.3863102473119281
3621,0.3920089116214744
3622,0.2379930128973193
3623,0.32822463971520655
3624,0.3324261562291284
3625,0.2640993591802781
3626,0.4882993703916255
3627,0.3513954908195254
3628,0.31517839961291516
3629,0.1319711302529946
3630,0.3437952529737033
3631,0.2586195702860621
3632,0.41882128572314065
3633,0.24158875953154865
3634,0.25474035736316414
3635,0.22358971385267526
3636,0.36080736845455585
3637,0.4325077742068762
3638,0.4705921361064753
3639,0.3121618286330218
3640,0.2483067299333227
3641,0.4513985624432655
3642,0.15740707600421022
3643,0.34755800836049217
3644,0.17657260075689737
3645,0.34725930855905895
3646,0.25338700784632456
3647,0.2520783526614147
3648,0.14588441948659364
3649,0.22845405520694634
3650,0.23691818521321997
3651,0.31511527247219334
3652,0.31972365423868404
3653,0.31827136698941894
3654,0.15929263328148935
3655,0.1417612427784387
3656,0.2648457854862088
3657,0.23194959237061682
3658,0.258257784634038
3659,0.31199297126605613
3660,0.2911277894150313
3661,0.36723977023184784
3662,0.4109651937432259
3663,0.33654147226634756
3664,0.2566241435144526
3665,0.27975874100961806
3666,0.46104369472975043
3667,0.4016466617078575
3668,0.2537111162540052
3669,0.23234029947192805
3670,0.26288110650661134
3671,0.3277539973991756
3672,0.8150901484510757
3673,0.35309825515737403
3674,0.32526737565845154
3675,0.25802852032070744
3676,0.3754324100369824
3677,0.12026956479860251
3678,0.3751568186528734
3679,0.19743568859083457
3680,0.4665486978745761
3681,0.7862571068685763
3682,0.22073423483769447
3683,0.4017241853866812
3684,0.07889530534165348
3685,0.29568929782173864
3686,0.37600845029527014
3687,0.26167980263710694
3688,0.3151270870228302
3689,0.7839903545110696
3690,0.26813676492164323
3691,0.28514517235064957
3692,0.3031579353835538
3693,0.35156787169440723
3694,0.2779641088649779
3695,0.38656563367127234
3696,0.12966181897866202
3697,0.3659985661231078
3698,0.23680861838419612
3699,0.7750281311975602
3700,0.37017300317128843
3701,0.15659875079604485
3702,0.19456795358678747
3703,0.32653088352638454
3704,0.24523929969345867
3705,0.27037539129983024
3706,0.28928290092687625
3707,0.4020287841783172
3708,0.5286189723088556
3709,0.3729903563524781
3710,0.27384434008493486
3711,0.19491098302272208
3712,0.4739454674972977
3713,0.25966567391383955
3714,0.1709907041215101
3715,0.204567863476086
3716,0.27594287890287184
3717,0.2543740301313343
3718,0.1605216752762678
3719,0.1921176510763666
3720,0.40573762532612284
3721,0.21375171352114217
3722,0.18489932727948527
3723,0.2620195200594309
3724,0.158922277169281
3725,0.4060717386633277
3726,0.33721321111434127
3727,0.8346418948890924
3728,0.38505393181526837
3729,0.23104774767054626
3730,0.3254670217539078
3731,0.43238081387860344
3732,0.40434021453175173
3733,0.22946794492319753
3734,0.1591794113418419
3735,0.2962951283618133
3736,0.3509634428823785
3737,0.1879610907398682
3738,0.2600502712166489
3739,0.21668444761915223
3740,0.17395407763613843
3741,0.3351823516335099
3742,0.3134796362137561
3743,0.20951732043948962
3744,0.2079190749965644
3745,0.4608497856203309
3746,0.37553578991233355
3747,0.2275531221238696
3748,0.7853650244539315
3749,0.20229524978612007
3750,0.30290595718086655
3751,0.39208152441439664
3752,0.255811983575415
3753,0.8046523748092799
3754,0.24326567069288474
3755,0.308483872221407
3756,0.4179656037986892
3757,0.3504259144478945
3758,0.2012570132668558
3759,0.44549406242567396
3760,0.24601337898881265
3761,0.3985394335246
3762,0.31312185303671325
3763,0.21522723466425403
3764,0.34387921669815597
3765,0.33216401008415386
3766,0.26254948802277683
3767,0.35581737400437213
3768,0.3241466840797307
3769,0.17657046755367625
3770,0.22971960503524289
3771,0.2181681676309325
3772,0.36324493671654684
3773,0.23395447305508643
3774,0.16105762010746197
3775,0.33088873903664817
3776,0.4039347703179602
3777,0.32396038507941455
3778,0.263127012440134
3779,0.2909412585828879
3780,0.8350566820611044
3781,0.19711028265678168
3782,0.26001131545339723
3783,0.2590486705845241
3784,0.18499721085137516
3785,0.8516434930607317
3786,0.31371725346922574
3787,0.22526440326190006
3788,0.3339293427714544
3789,0.27889831311423574
3790,0.4179168648739372
3791,0.33137358088996743
3792,0.3301477758250392
3793,0.2724936037222902
3794,0.8386280052600384
3795,0.7696517167150435
3796,0.13576160134945123
3797,0.8258581867840697
3798,0.8140687375795459
3799,0.3413454408279938
3800,0.39527326339330365
3801,0.12335642390708439
3802,0.2222398713656286
3803,0.27738404571351405
3804,0.4410153777382029
3805,0.07700293897162769
3806,0.4057868706464984
3807,0.23640750192636195
3808,0.7863912385167438
3809,0.19322858335945692
3810,0.3619806727905179
3811,0.3296361883704913
3812,0.7888451104125831
3813,0.17667382943079418
3814,0.8343910875805093
3815,0.243014007542969
3816,0.16207524161296816
3817,0.8516434930607317
3818,0.43670905806605
3819,0.19386435499668944
3820,0.3425819423855217
3821,0.3408444233783757
3822,0.19345539719153146
3823,0.31115561537406733
3824,0.2542140212899377
3825,0.39011422180638894
3826,0.3277295738562416
3827,0.16989307565451767
3828,0.26651669833170943
3829,0.1660855449184552
3830,0.7495255949773895
3831,0.33021633196825817
3832,0.8249643212656635
3833,0.8456070986763415
3834,0.2215272578786643
3835,0.3397671457057045
3836,0.264981956486618
3837,0.8147657384670818
3838,0.33483092728520336
3839,0.20460421603504136
3840,0.7686897941027471
3841,0.779863456440408
3842,0.8346542651356775
3843,0.40984159196964487
3844,0.8385984357310945
3845,0.4479377115471456
3846,0.31736957667788157
3847,0.19991704340119593
3848,0.2467644914416393
3849,0.324412275762672
3850,0.23760137760772934
3851,0.3318922494245768
3852,0.790852208134821
3853,0.3518455551094144
3854,0.8351512943372312
3855,0.3360286131350984
3856,0.23879080467163383
3857,0.25862435378730025
3858,0.14725529761934553
3859,0.2447115518259046
3860,0.36448475400333397
3861,0.3760399569782387
3862,0.4168523834373763
3863,0.281306917802624
3864,0.2928249670902275
3865,0.4031251743736886
3866,0.3843027006022555
3867,0.8756032838601265
3868,0.19631074494246892
3869,0.184421918102524
3870,0.3228961897721166
3871,0.2687646646932365
3872,0.305987827403025
3873,0.24951893115824764
3874,0.2638050780193711
3875,0.18972889870505763
3876,0.17493280304493006
3877,0.27383143913090413
3878,0.15012254958892915
3879,0.25475243274968845
3880,0.2245770782776504
3881,0.28615973809470824
3882,0.3429774513534812
3883,0.26221953516650026
3884,0.3537733420907594
3885,0.2390299459832806
3886,0.2163159633961683
3887,0.3801845469285262
3888,0.226554855344866
3889,0.330756818676215
3890,0.2481504304103483
3891,0.44405414944207877
3892,0.22220003476511122
3893,0.35526673541806486
3894,0.25273290336977705
3895,0.3173608402339551
3896,0.2659325849004267
3897,0.3620754362324008
3898,0.3053080910762306
3899,0.28483057206047413
3900,0.3345174492248375
3901,0.3098612045268524
3902,0.19845549324544198
3903,0.44081736839041563
3904,0.7874696463867138
3905,0.3921598189939349
3906,0.25331125288620965
3907,0.24990255351812496
3908,0.276346350645988
3909,0.3283354211112085
3910,0.42248932514633203
3911,0.19272867254149956
3912,0.1501120398994495
3913,0.2627466200228249
3914,0.4452017064085011
3915,0.25681716093227586
3916,0.14655278457683832
3917,0.14205389147596553
3918,0.37586761704746674
3919,0.21555640082645577
3920,0.7764304420266965
3921,0.4061474037955793
3922,0.3444906088298929
3923,0.2991061835275556
3924,0.35219569793104466
3925,0.1968602715976722
3926,0.4796034262470677
3927,0.1334781876558941
3928,0.273219291819769
3929,0.4192254867527595
3930,0.3383982483600695
3931,0.4687306912551871
3932,0.4078349121374667
3933,0.3347819386541006
3934,0.22915226537405942
3935,0.08804635683084841
3936,0.32207465748176667
3937,0.21667682954068485
3938,0.2129949245462807
3939,0.4002639831881303
3940,0.8647559053745305
3941,0.41852398346848907
3942,0.39504189017145735
3943,0.3101956266134083
3944,0.2321519688632691
3945,0.8154663342537416
3946,0.3371128944300984
3947,0.23560992904238087
3948,0.24839623454661355
3949,0.2579057400975676
3950,0.20493273427442169
3951,0.4241826044944441
3952,0.46880010085713925
3953,0.2111158406291318
3954,0.4452017064085011
3955,0.21795215868712312
3956,0.3395212724384564
3957,0.2368602435664888
3958,0.3377624321443432
3959,0.08998698271806997
3960,0.2912760228053196
3961,0.310081747294113
3962,0.83630339627445
3963,0.316559200521048
3964,0.2864795146050284
3965,0.27725716549377577
3966,0.8217162601919661
3967,0.3246129341842273
3968,0.233887917564217
3969,0.3426061881927093
3970,0.40492355164486366
3971,0.17199735715143316
3972,0.4108818380689119
3973,0.19635867801512707
3974,0.16695257862963003
3975,0.22979346985497737
3976,0.6334315456281542
3977,0.2869588035712243
3978,0.16491566759204435
3979,0.32032205328380586
3980,0.2441287104974225
3981,0.2966540955522564
3982,0.32640282476089344
3983,0.33674381743454174
3984,0.8389801320175303
3985,0.2431544709748083
3986,0.7825661849515456
3987,0.3287632637414627
3988,0.2536877045813337
3989,0.32492351207868986
3990,0.4122498419310128
3991,0.27934687041367495
3992,0.40627141096001473
3993,0.7283522500559948
3994,0.3262731989361471
3995,0.266380950407727
3996,0.14805368074240347
3997,0.34095399535418125
3998,0.282693005973247
3999,0.36121516519137864
4000,0.21606544220440993
4001,0.2721439456121859
4002,0.3046373906604634
4003,0.33896412598435693
4004,0.36017780625391954
4005,0.3305977683491893
4006,0.3593638814066776
4007,0.30670973614254116
4008,0.290685022413705
4009,0.3369074845908213
4010,0.4006337087563626
4011,0.4213967543173672
4012,0.23449366398335728
4013,0.32097518759574467
4014,0.28131486246525655
4015,0.42015303499464485
4016,0.8571853962810704
4017,0.16907550722910772
4018,0.19200188589065528
4019,0.265335428178423
4020,0.4007592441443909
4021,0.31150328293970014
4022,0.16693865520754309
4023,0.8375162498527877
4024,0.1972519065421797
4025,0.42847726378584927
4026,0.26630225495098625
4027,0.35866020980265184
4028,0.3752059245796498
4029,0.3689339257392773
4030,0.3039620892534495
4031,0.15049110151957612
4032,0.3485535343558017
4033,0.2810149347911178
4034,0.2557832364857469
4035,0.31480343692779117
4036,0.2756639785137496
4037,0.3379678503829405
4038,0.328044011929965
4039,0.7863376350825707
4040,0.7217854871525792
4041,0.8264672634535377
4042,0.32385640695312634
4043,0.18286834748069195
4044,0.39676779865410894
4045,0.2226712932306739
4046,0.21303719572513072
4047,0.37312258203043813
4048,0.36710980746139177
4049,0.24322775835661076
4050,0.16483904576276903
4051,0.24947622937829808
4052,0.28423300521090905
4053,0.8183407214605114
4054,0.2678060797042059
4055,0.3035859003164722
4056,0.7686897941027471
4057,0.26373785390639504
4058,0.3431328048310891
4059,0.3420662409088233
4060,0.4360470668798455
4061,0.7888628808980762
4062,0.35253970178116556
4063,0.2291650631994301
4064,0.0946700499940974
4065,0.10573598685486019
4066,0.3138420762317636
4067,0.31675224476215547
4068,0.3409551882556807
4069,0.2695189715430634
4070,0.3553507254831318
4071,0.3941136143624896
4072,0.36956685517164806
4073,0.2268553880722294
4074,0.36398401441161793
4075,0.2538521733751333
4076,0.08561471732655436
4077,0.2934795310641303
4078,0.2898219781845891
4079,0.2031513129345093
4080,0.8121037649823616
4081,0.44338637901188394
4082,0.19796868005311227
4083,0.21470755267059882
4084,0.8301562911496175
4085,0.27926281971900274
4086,0.29450733792451705
4087,0.3778186762437266
4088,0.8238992165351328
4089,0.2874639221038559
4090,0.4459191404188151
4091,0.36358511734834953
4092,0.15020247040672785
4093,0.3948418490929699
4094,0.3339276482870357
4095,0.32097250298524654
4096,0.3416359236477687
4097,0.21936125639173254
4098,0.22303255222157883
4099,0.5945036310515142
4100,0.17294775637713064
4101,0.3423674770008147
4102,0.4180779842037426
4103,0.3565997254605023
4104,0.32394627708741486
4105,0.3566597510753481
4106,0.45732185029707073
4107,0.257018412524266
4108,0.3213282701618193
4109,0.2214266381486582
4110,0.40722755978297387
4111,0.3149030559487635
4112,0.2464241657984461
4113,0.19150155528306495
4114,0.18175593056379574
4115,0.8294269492958369
4116,0.21007321148391803
4117,0.21345809783800634
4118,0.1895418257007166
4119,0.3126210540579174
4120,0.27359155500426424
4121,0.2191136790880581
4122,0.24701116691618283
4123,0.8133415629007147
4124,0.2122017597743347
4125,0.34631387491523463
4126,0.3490760083732243
4127,0.3527385806492841
4128,0.39343129525159903
4129,0.36557660659556396
4130,0.34631372690444884
4131,0.15738133525220446
4132,0.3467375653464562
4133,0.2279299587792731
4134,0.733901355286573
4135,0.3077816513001336
4136,0.30118580074128043
4137,0.3253790448609286
4138,0.2575849963455882
4139,0.3003163842962626
4140,0.24210121194435114
4141,0.3598532117947636
4142,0.25715043423831235
4143,0.35526673541806486
4144,0.2750216977764902
4145,0.4641907257782277
4146,0.17245599914620777
4147,0.31519370779378075
4148,0.868972042195757
4149,0.2575365735354723
4150,0.2333717554178273
4151,0.3406543453221302
4152,0.3916862796159501
4153,0.3926407063716862
4154,0.32035622755375903
4155,0.21235575494264486
4156,0.17887134612026143
4157,0.6499772294667192
4158,0.3815429012350303
4159,0.2423898191076344
4160,0.14653031258966426
4161,0.8369254054732288
4162,0.30195498743770244
4163,0.4608497856203309
4164,0.40539801505994183
4165,0.3920708057542902
4166,0.8547029773894641
4167,0.38450015879280386
4168,0.3251029063744744
4169,0.26912390227896826
4170,0.3800998216218405
4171,0.28553524704685146
4172,0.38811993109560367
4173,0.33486536856874183
4174,0.29273532986347167
4175,0.19890023284955896
4176,0.20884741938118007
4177,0.12139350008113392
4178,0.3611144031918216
4179,0.38332209741338896
4180,0.24004048008567402
4181,0.22590345971091566
4182,0.27089132653186065
4183,0.8285422390031763
4184,0.7846891865962647
4185,0.2920065869896756
4186,0.3954503501270953
4187,0.47198164876417653
4188,0.3250043566523336
4189,0.4045190924885862
4190,0.24647425327336517
4191,0.3240410105764063
4192,0.31357888821050883
4193,0.1533927140353319
4194,0.23742605730819938
4195,0.22905431779523172
4196,0.3647933671580358
4197,0.2892374104727762
4198,0.37676818517660393
4199,0.2656103666586621
4200,0.4108162278877476
4201,0.33927060150237914
4202,0.3689237297918567
4203,0.19967795877623912
4204,0.2618318520829556
4205,0.33311725475147125
4206,0.44585386688347145
4207,0.3977603028004901
4208,0.39497160975761214
4209,0.27525768175837123
4210,0.8145278498708196
4211,0.2649093547919114
4212,0.40369479913674594
4213,0.21808889058736874
4214,0.5633276114594001
4215,0.26865313301978366
4216,0.20210495895347802
4217,0.3157245337287505
4218,0.2957184284866146
4219,0.2242374710429648
4220,0.8109734389560601
4221,0.32866871358424565
4222,0.7795152400264801
4223,0.33116584020803735
4224,0.335349205159648
4225,0.4398983987131674
4226,0.25849689584096636
4227,0.44139252823790415
4228,0.29151068725676915
4229,0.30953767334809845
4230,0.11540754537715675
4231,0.23182004188501165
4232,0.4156914400580263
4233,0.4792588218738976
4234,0.6188658233372591
4235,0.1995973333849268
4236,0.2962459054394061
4237,0.3050346863518728
4238,0.8336167517042868
4239,0.35252888472565214
4240,0.2831939239122453
4241,0.41033699116930394
4242,0.21429209049305334
4243,0.2302027192006528
4244,0.4350456035532479
4245,0.1912274181267966
4246,0.8365193426981359
4247,0.29915820237448465
4248,0.29935188616684966
4249,0.1657980712718959
4250,0.3278012066563793
4251,0.3399716981794914
4252,0.3554922425178638
4253,0.19001236554884257
4254,0.1922305721045392
4255,0.4176136208334134
4256,0.3153323498843742
4257,0.8681576288689663
4258,0.2681496784446713
4259,0.2668952304890882
4260,0.33940255058760643
4261,0.2785461123388624
4262,0.8121037649823616
4263,0.8258581867840697
4264,0.4020824132439179
4265,0.4153412657066282
4266,0.210803177783404
4267,0.28340902390575734
4268,0.31364688245927297
4269,0.2394720339449392
4270,0.2678085361660475
4271,0.32986030285423246
4272,0.3111134372379681
4273,0.8369415569902721
4274,0.24011388784417137
4275,0.306056502165915
4276,0.4092634579022203
4277,0.46891733849660505
4278,0.7839903545110696
4279,0.27105222238077753
4280,0.2310113626107259
4281,0.18809188796640267
4282,0.2811293871426994
4283,0.31412519021265556
4284,0.218658305627202
4285,0.3644679293351442
4286,0.8087103457236399
4287,0.1347115072609069
4288,0.3108827274254367
4289,0.3384224618251963
4290,0.40284088972860294
4291,0.7757951042792665
4292,0.27108733008709174
4293,0.27238270108719326
4294,0.25481807655670474
4295,0.2550452652797289
4296,0.3685866598151245
4297,0.23360698098431854
4298,0.5357799204836884
4299,0.4577211554036652
4300,0.30118768066859136
4301,0.8366654981990431
4302,0.3538662746440981
4303,0.40414487771406526
4304,0.20340428312539685
4305,0.3425852373573566
4306,0.7771411128806407
4307,0.26759793251019137
4308,0.40038051951179143
4309,0.28307885835616425
4310,0.33860425861513016
4311,0.28292279090928135
4312,0.35456510122234086
4313,0.25264778118246617
4314,0.6338308205095311
4315,0.28561265938229874
4316,0.2338763192393958
4317,0.37669283995017805
4318,0.28337473730991714
4319,0.3111391142583212
4320,0.2346420056179436
4321,0.1817299422416574
4322,0.33883560161941056
4323,0.4294704301874163
4324,0.32184043860634565
4325,0.3205028739351178
4326,0.250033217507103
4327,0.3295925328722125
4328,0.19575093380327804
4329,0.30383063725705484
4330,0.2987793331870039
4331,0.25418409175337964
4332,0.2919226005524883
4333,0.2276483530720302
4334,0.22002985612208042
4335,0.141936166170398
4336,0.22957557372964693
4337,0.25769691584591214
4338,0.27869670686418246
4339,0.2534457330219789
4340,0.6145425058948772
4341,0.7702496060215548
4342,0.822237390346775
4343,0.31020824948553805
4344,0.38642115889535006
4345,0.20597045258742136
4346,0.3812987263682857
4347,0.790852208134821
4348,0.36919153979768954
4349,0.40749396487791767
4350,0.38424968551937566
4351,0.4577981222839171
4352,0.34851074149144656
4353,0.2276443014045123
4354,0.2123418754915532
4355,0.4118305133601323
4356,0.37117053623057544
4357,0.32854357178592575
4358,0.871258457860661
4359,0.1666711183592125
4360,0.2140437850791638
4361,0.22141068609293302
4362,0.27628960118925616
4363,0.3357004531589365
4364,0.29180478326527454
4365,0.43942126720038216
4366,0.45022983916948217
4367,0.562086655806049
4368,0.26689945570154294
4369,0.18302199680505638
4370,0.13468391787569714
4371,0.32032845830462064
4372,0.33901730713952627
4373,0.20000691220311367
4374,0.3019950370630264
4375,0.3191880841028969
4376,0.33893451816692916
4377,0.3199182393286582
4378,0.3408061289045708
4379,0.22270980264243861
4380,0.43550463440528675
4381,0.2837548915557612
4382,0.27634835579397665
4383,0.34094798632766543
4384,0.2544616913326273
4385,0.7874696463867138
4386,0.34069371114692426
4387,0.21056095267835906
4388,0.35034637784980194
4389,0.3047505201049719
4390,0.4040921396583945
4391,0.40532442789065143
4392,0.3451071415862819
4393,0.3752335793011627
4394,0.32923890314348797
4395,0.2035900906668765
4396,0.3340136082183776
4397,0.35874007308893124
4398,0.18843849890408756
4399,0.3547292361346633
4400,0.18581861923829054
4401,0.822237390346775
4402,0.37567937954947206
4403,0.30859458045003724
4404,0.3033937747288349
4405,0.3302398446575623
4406,0.42967365070170305
4407,0.3073948520910973
4408,0.3124129390476671
4409,0.3423436282606696
4410,0.370973452441081
4411,0.16834436739278594
4412,0.2958773650922334
4413,0.2875063637320671
4414,0.32060887011639283
4415,0.33872243589294465
4416,0.42662096112733794
4417,0.34869135194704054
4418,0.20311853190050694
4419,0.8337581924273286
4420,0.4195828739536033
4421,0.3429915063453126
4422,0.7656592758909576
4423,0.4199336600918012
4424,0.3756057329731236
4425,0.30442738449378737
4426,0.3285483971246734
4427,0.41768786917031353
4428,0.33795789378240293
4429,0.3424864180075835
4430,0.2030889653442265
4431,0.21804309662773907
4432,0.40098677939849553
4433,0.3955566765724685
4434,0.20952595081927458
4435,0.2885985089963131
4436,0.5555386128653752
4437,0.2385406090670859
4438,0.2967910314739095
4439,0.3299656418085397
4440,0.18339665135459646
4441,0.38371393237764895
4442,0.32160268156290023
4443,0.3430471962159491
4444,0.323365032873984
4445,0.8754112581307278
4446,0.31051246563807094
4447,0.378291018102877
4448,0.22551880054769266
4449,0.22365604587011376
4450,0.18497532744654752
4451,0.19599222837263688
4452,0.32870973231144585
4453,0.711892921803699
4454,0.35909035537035755
4455,0.4795959193123781
4456,0.2453515922529497
4457,0.6873110481346977
4458,0.8462095161474146
4459,0.40591371076759863
4460,0.1683080102029456
4461,0.27846973788472457
4462,0.3816906724147422
4463,0.24003713580012456
4464,0.2136054456066297
4465,0.29090394288896215
4466,0.34572088945121615
4467,0.3904728662064293
4468,0.710675820061271
4469,0.15025503643949198
4470,0.2435646068396455
4471,0.3506159804061426
4472,0.4130588109331962
4473,0.22489516939029855
4474,0.2891656105937131
4475,0.2618860237347784
4476,0.8411894211013732
4477,0.3192453142409225
4478,0.22912791880509023
4479,0.29707586904079425
4480,0.3789732668776573
4481,0.30470966495807883
4482,0.3442750862752447
4483,0.23154234325981873
4484,0.4163438341255937
4485,0.22721636900386377
4486,0.27548857649542885
4487,0.14124333679145107
4488,0.3863156837271593
4489,0.3146706389287385
4490,0.8106924309027668
4491,0.19128054044799644
4492,0.15794660682213077
4493,0.36337752782111354
4494,0.25176886816813265
4495,0.35898473820984805
4496,0.3284256798341672
4497,0.31364282713869407
4498,0.3087014488790975
4499,0.27453394099758494
4500,0.3317051012941484
4501,0.24936417018727725
4502,0.22473721281630155
4503,0.6282222916841339
4504,0.127437650600173
4505,0.3899677154957064
4506,0.3294465397969308
4507,0.2231753129264614
4508,0.27138304813768205
4509,0.38820839680036306
4510,0.2322262105576043
4511,0.2420428049142916
4512,0.26473773562344277
4513,0.27325462063954253
4514,0.3054954166127797
4515,0.2681129233269883
4516,0.41801137102544267
4517,0.2028414792493675
4518,0.40797329971183005
4519,0.31681971381795604
4520,0.3284205865693099
4521,0.15074308413522408
4522,0.2591761481357454
4523,0.28037350419280505
4524,0.8371422096780343
4525,0.41815982583470107
4526,0.38409413939751985
4527,0.8090581660101679
4528,0.6289893877715098
4529,0.363692059760744
4530,0.32492030889021145
4531,0.2840066535546522
4532,0.8340384220100209
4533,0.39302076029403593
4534,0.23824618646531198
4535,0.21789979744313004
4536,0.24544560476583333
4537,0.8299059673313745
4538,0.764778028905635
4539,0.2031513129345093
4540,0.14005345280712922
4541,0.18516357879153783
4542,0.30136056595414606
4543,0.3617748748210107
4544,0.24594696286946116
4545,0.40327434921032174
4546,0.18691366915156296
4547,0.43560858699854754
4548,0.39830879407343156
4549,0.34858489862715064
4550,0.2681531626454985
4551,0.25892860328416833
4552,0.33323996772360076
4553,0.37255559620544065
4554,0.3788531832873248
4555,0.3335940596426125
4556,0.7799385296960851
4557,0.15602691739560143
4558,0.30208261353177757
4559,0.34255749721003104
4560,0.27433328227282594
4561,0.2248404101734682
4562,0.18952696743305647
4563,0.3780571804403441
4564,0.27117118195011997
4565,0.33211771326092565
4566,0.20517452680294854
4567,0.148080595960729
4568,0.35222884818193767
4569,0.29287762084304864
4570,0.3988102038290272
4571,0.17049394787240424
4572,0.1714828917650889
4573,0.2069992509186833
4574,0.38109196743172113
4575,0.24634909759573562
4576,0.31759252545546085
4577,0.2501153618875294
4578,0.7432357576226133
4579,0.2751617859640185
4580,0.8133415629007147
4581,0.8281330709612088
4582,0.22694243337858877
4583,0.26399581300557085
4584,0.2803315979626023
4585,0.3818641411684167
4586,0.2313809535138622
4587,0.24194858180012974
4588,0.40678870227090386
4589,0.3039406250940795
4590,0.36303483384885
4591,0.3129035760024978
4592,0.2029061082465829
4593,0.3241246288605992
4594,0.30742158409068
4595,0.19067527943168006
4596,0.8318193149211555
4597,0.23956717789923082
4598,0.2632160738180865
4599,0.24206182370467885
4600,0.8643545064298007
4601,0.8113257821891773
4602,0.16854123437459123
4603,0.18931761253084342
4604,0.330882838593209
4605,0.26915264587710813
4606,0.31255863112639937
4607,0.23147432748268057
4608,0.4168728171611282
4609,0.38058554138625916
4610,0.33439367409851256
4611,0.3301798767530304
4612,0.8294269492958369
4613,0.3733348277758793
4614,0.27627992480950553
4615,0.40842332312406215
4616,0.388357767954956
4617,0.36053423336038193
4618,0.2782737096678791
4619,0.831238126533024
4620,0.31255863112639937
4621,0.8289843911002066
4622,0.19661139900333643
4623,0.7824330530602019
4624,0.16872447521235687
4625,0.2696034484893345
4626,0.4766823989433924
4627,0.18672334851297656
4628,0.268004072876379
4629,0.23102856403104394
4630,0.36381742647388504
4631,0.3322766670818911
4632,0.34153405034091355
4633,0.32473723327090487
4634,0.21417953460273348
4635,0.32266241025784975
4636,0.4449765521123169
4637,0.2496564593331909
4638,0.4084707222152718
4639,0.2017085064035107
4640,0.22194898927885057
4641,0.3398108577480759
4642,0.2600131411172618
4643,0.20799052592686437
4644,0.3664625860877899
4645,0.42204466126045004
4646,0.19375420807866012
4647,0.1666765035074333
4648,0.37838298455981284
4649,0.26923192115364014
4650,0.2506260151476412
4651,0.8055524586512866
4652,0.2661878070840656
4653,0.4407798409024652
4654,0.27597536746045453
4655,0.25286375205661793
4656,0.3236078347859329
4657,0.33624722818787656
4658,0.39634310888942803
4659,0.31207245772865755
4660,0.4083881043641342
4661,0.8743705247421598
4662,0.8252084754158266
4663,0.2920508184485531
4664,0.22281694486609765
4665,0.3593616310504005
4666,0.7149729376284042
4667,0.25365704050200444
4668,0.4207814212176575
4669,0.34531680054633684
4670,0.7269085804800082
4671,0.6396422833967914
4672,0.25005366233206583
4673,0.8264672634535377
4674,0.3538002265184541
4675,0.20882899506877706
4676,0.3359929785233023
4677,0.2633939321793246
4678,0.8217001486451776
4679,0.30837365698969327
4680,0.8150901484510757
4681,0.2802412559488665
4682,0.29737260732385945
4683,0.3781722107019234
4684,0.3969044636828384
4685,0.3424318693928406
4686,0.39421324390988743
4687,0.8150901484510757
4688,0.15163315171623742
4689,0.3365205874769
4690,0.24524011556125827
4691,0.29430315273161134
4692,0.1431334667179092
4693,0.21040478623071965
4694,0.10353983970067408
4695,0.161808852569545
4696,0.1418042636081987
4697,0.23981752015848715
4698,0.8356554741013554
4699,0.19189236103208274
4700,0.22619445512652397
4701,0.7874696463867138
4702,0.3304459909359295
4703,0.2891589815719094
4704,0.21882370239508356
4705,0.1519467253843526
4706,0.2774775961826644
4707,0.3087893174628432
4708,0.8274642710857122
4709,0.3347140377756038
4710,0.17419864499130278
4711,0.22104384478520825
4712,0.32553632763767715
4713,0.6145425058948772
4714,0.27028835605987045
4715,0.23458168828690068
4716,0.8284272946410443
4717,0.511068113792265
4718,0.32843303474722374
4719,0.6923716707413999
4720,0.310619621358326
4721,0.31797791717573903
4722,0.17380679370069535
4723,0.42853916346879756
4724,0.8217046971922115
4725,0.22308858026803996
4726,0.25395769817864555
4727,0.31467448725487424
4728,0.3182811659026223
4729,0.3967156820060592
4730,0.3450863436888105
4731,0.19529955371531468
4732,0.35475415640487595
4733,0.7055125519884041
4734,0.3442477436250006
4735,0.4326737232170099
4736,0.8284369379213913
4737,0.378146527764349
4738,0.6302815897550603
4739,0.3543909743900421
4740,0.3526368127454084
4741,0.19827920504798469
4742,0.36701162674877735
4743,0.19879285698313942
4744,0.47253641178015426
4745,0.36275120806004
4746,0.20650659073118469
4747,0.3164091900187583
4748,0.30590046537093973
4749,0.30560539491005834
4750,0.8299059673313745
4751,0.27915045295403385
4752,0.25921625868919296
4753,0.13112966374956772
4754,0.332637859152222
4755,0.21891129494189648
4756,0.27424960757879907
4757,0.5314855518674677
4758,0.3168523690754217
4759,0.35359827130652954
4760,0.2973932507799985
4761,0.13388779825928118
4762,0.14823939454162768
4763,0.263685097155194
4764,0.7899551578095292
4765,0.20876161981863195
4766,0.7574177737872952
4767,0.2137095679975727
4768,0.1833822958712946
4769,0.24046614295342966
4770,0.44881417200136986
4771,0.8244940608731169
4772,0.26901765384668774
4773,0.38805803184595
4774,0.2666557461225603
4775,0.8681576288689663
4776,0.21561497314774847
4777,0.2758399996851064
4778,0.3610276277350007
4779,0.28596564491361964
4780,0.8340702605497559
4781,0.2914765822468505
4782,0.27245978230162365
4783,0.3209905437258329
4784,0.3263964019136275
4785,0.413818855810921
4786,0.2544429271836631
4787,0.2775129859518922
4788,0.38956300397550847
4789,0.3508686259670478
4790,0.8207112399698901
4791,0.4209819649157131
4792,0.16947451898659946
4793,0.3494743484988005
4794,0.301805469521846
4795,0.17023248093360469
4796,0.43618821689775755
4797,0.8264087494260711
4798,0.2491531358990782
4799,0.24597006913351896
4800,0.8369254054732288
4801,0.22005010811288392
4802,0.22051649836139467
4803,0.40104180171128767
4804,0.3107641614714202
4805,0.8229805562989598
4806,0.31632282506744414
4807,0.2982579691039417
4808,0.6188658233372591
4809,0.34347863150112573
4810,0.33308900987788626
4811,0.34395084344234694
4812,0.40605958210088133
4813,0.8647559053745305
4814,0.3462391020811917
4815,0.3325369025168814
4816,0.48341202104591857
4817,0.7659049869174547
4818,0.3117770813952074
4819,0.21744090935890953
4820,0.40949019983274404
4821,0.36381645664119466
4822,0.847673273459931
4823,0.2191136790880581
4824,0.26027981376331516
4825,0.7770902668906924
4826,0.3994165922696514
4827,0.3968717945209297
4828,0.8145278498708196
4829,0.23465850258743984
4830,0.22166583244382856
4831,0.28861419896602397
4832,0.7821915448022377
4833,0.34080381343994903
4834,0.3458721418315354
4835,0.4012075350958416
4836,0.17908129578206686
4837,0.4344749847289074
4838,0.870278183903375
4839,0.23909757035466023
4840,0.2351380531451902
4841,0.2290376090365645
4842,0.34064382234209245
4843,0.3507805892275651
4844,0.3057953660814715
4845,0.13876764889704585
4846,0.39753443793518406
4847,0.4332384387078579
4848,0.25160337136820266
4849,0.2342345388066221
4850,0.7781513815396087
4851,0.3473329127069605
4852,0.2772457861632591
4853,0.19659093633675082
4854,0.18867629245994982
4855,0.3401007214316167
4856,0.4023252224746157
4857,0.8509515335403887
4858,0.3077544349198133
4859,0.28825517224890274
4860,0.41249625100698917
4861,0.3230861630357692
4862,0.2726025328669849
4863,0.32223116159081644
4864,0.3936244144431937
4865,0.3188455824023425
4866,0.328306217414874
4867,0.3865449073260913
4868,0.3320228476742857
4869,0.7239403978921409
4870,0.3215541875579532
4871,0.26173081919732194
4872,0.7771411128806407
4873,0.22562928812285052
4874,0.41541856278799855
4875,0.20067195529805218
4876,0.2003353663752939
4877,0.7528122365127922
4878,0.23608399183254927
4879,0.28564983165969554
4880,0.17345529181419736
4881,0.2180196922631872
4882,0.24704330956525858
4883,0.30530709139395623
4884,0.22913067275011328
4885,0.20990448808716894
4886,0.34207033153962385
4887,0.3666411692081577
4888,0.3751761600140948
4889,0.3796487867327493
4890,0.7823182146828677
4891,0.2658449625059748
4892,0.7899551578095292
4893,0.21553292731161008
4894,0.2550381497955857
4895,0.29889051935477745
4896,0.21837547590381873
4897,0.18319570561535767
4898,0.20689279712196523
4899,0.3216594060477674
4900,0.3677829049086514
4901,0.27823943419149866
4902,0.25617509635425506
4903,0.8274642710857122
4904,0.19645306408800411
4905,0.23243433276697786
4906,0.3726253788167716
4907,0.24417767506529503
4908,0.8383086098925542
4909,0.30157594617469924
4910,0.2355688356585903
4911,0.2614743519032857
4912,0.3455589189029325
4913,0.3456535612513868
4914,0.22635431634598197
4915,0.32719629444498893
4916,0.41147505866120954
4917,0.2456680076858531
4918,0.39611903049962954
4919,0.31710566957164144
4920,0.32318537241539896
4921,0.3856781064555926
4922,0.2659798730598594
4923,0.24258325278048554
4924,0.1938341706267851
4925,0.2324163425964067
4926,0.22468692468486107
4927,0.3198524252356163
4928,0.4092634579022203
4929,0.17395457440444875
4930,0.26208727530318493
4931,0.8075833952041448
4932,0.3355881534749012
4933,0.2689703830704943
4934,0.34156329288665543
4935,0.366213144402055
4936,0.3065126213505947
4937,0.8595263431446792
4938,0.18244520488495522
4939,0.2020103999136459
4940,0.15474251055390933
4941,0.294549288153847
4942,0.17897199643101142
4943,0.3131147024741707
4944,0.29059530527030963
4945,0.3338521998478205
4946,0.4336045577708382
4947,0.37889626808241067
4948,0.2155208577116432
4949,0.17120646498769898
4950,0.35683725316652776
4951,0.37760648898737614
4952,0.3637576064660326
4953,0.8337391026614048
4954,0.34749575439806085
4955,0.21708186791455678
4956,0.21392718018867307
4957,0.3265599094466133
4958,0.253780959478956
4959,0.3397256280938502
4960,0.3221051815250795
4961,0.205922780770733
4962,0.3279652273273548
4963,0.8736053122204178
4964,0.8070073325016154
4965,0.32697257224671905
4966,0.32082870942708025
4967,0.16166626344054408
4968,0.4194854068840849
4969,0.24934818481778084
4970,0.46443013477990863
4971,0.26093774831431343
4972,0.24342885024090616
4973,0.42010165081255224
4974,0.396333342826619
4975,0.3298333249124017
4976,0.25378512163729156
4977,0.2158337623916593
4978,0.20077872221430607
4979,0.1468134755622833
4980,0.2537603154077225
4981,0.33357139537307773
4982,0.12856997745463633
4983,0.30886370209001635
4984,0.18198580953320967
4985,0.2791858080977868
4986,0.23950119992550306
4987,0.47316176310601626
4988,0.24650663364969697
4989,0.40165994934752913
4990,0.8265582664833215
4991,0.3089321195967089
4992,0.20559489561698854
4993,0.13635797137786215
4994,0.18078864461422683
4995,0.3242257359345662
4996,0.8366654981990431
4997,0.27560771034754183
4998,0.24255598355046518
4999,0.25047096113642703
5000,0.4604652784861837
5001,0.33240009239241824
5002,0.3975787921567129
5003,0.17641500582514863
5004,0.23080077094681736
5005,0.2196166992235527
5006,0.2983472566144195
5007,0.8315543674014224
5008,0.3822064170401102
5009,0.38712375081838846
5010,0.31990977434235623
5011,0.32521075785066156
5012,0.3958021623230374
5013,0.29167324428657654
5014,0.29934624085630396
5015,0.4592872041014386
5016,0.7649849695340851
5017,0.21463819985810753
5018,0.3479108918757609
5019,0.39428295459325324
5020,0.3143192498342913
5021,0.33673971047974005
5022,0.17395213972989315
5023,0.3689033219286694
5024,0.33922561893877723
5025,0.20430279665797801
5026,0.35410225908697857
5027,0.15722639698769317
5028,0.8264087494260711
5029,0.4158349416855037
5030,0.3355089536471207
5031,0.1928612290214767
5032,0.2514436832825978
5033,0.3358947698181817
5034,0.3388681601761547
5035,0.33189275160254156
5036,0.44962782025468456
5037,0.4802551733760912
5038,0.8681576288689663
5039,0.7882491172495035
5040,0.40861718548802645
5041,0.30096923295380484
5042,0.4021771178941035
5043,0.19732808280824007
5044,0.38786070096261793
5045,0.3253799371048456
5046,0.403010182630872
5047,0.22398136496128707
5048,0.2940392678081888
5049,0.22288430037145202
5050,0.8562016552091503
5051,0.823312079363048
5052,0.22576877270860105
5053,0.3950351404538996
5054,0.23515870958743262
5055,0.16575385247471905
5056,0.2693353997868619
5057,0.36727364105309385
5058,0.7764360951398777
5059,0.21737595731788756
5060,0.17092525277860388
5061,0.3796602571803709
5062,0.30593487599485875
5063,0.22064227425160204
5064,0.37166418709396265
5065,0.2653620914419779
5066,0.35889272104564823
5067,0.2963987312093113
5068,0.7875117435602852
5069,0.38640196640556257
5070,0.21129659031744882
5071,0.1441771988823505
5072,0.4800498059985429
5073,0.2663551565743745
5074,0.3411639078146681
5075,0.29853944421431283
5076,0.4721364385934728
5077,0.2449041157712937
5078,0.23465562294854866
5079,0.2629601468863286
5080,0.44600947030027077
5081,0.810365645839611
5082,0.8250870505690204
5083,0.34228352834553016
5084,0.36050001805097875
5085,0.39553628171932775
5086,0.27718670924697353
5087,0.44338637901188394
5088,0.30712330488942735
5089,0.28567267724053186
5090,0.18328484628430547
5091,0.34118127073165916
5092,0.24160289428976042
5093,0.47032839631246076
5094,0.3485816489095606
5095,0.19803401313232655
5096,0.37325753216478047
5097,0.26785182330512153
5098,0.4095387183584069
5099,0.18482949329232543
5100,0.3554438887009285
5101,0.3059832317938251
5102,0.3012382099505194
5103,0.3956041994363331
5104,0.18362595792341418
5105,0.3426205549612322
5106,0.19579801759207088
5107,0.2935068417444833
5108,0.13253968227695534
5109,0.43026735881424694
5110,0.3034021688649192
5111,0.25309757054314597
5112,0.40241645818380734
5113,0.29704312549204864
5114,0.35659392050095245
5115,0.39089547147657466
5116,0.255811983575415
5117,0.40718994165952294
5118,0.31614018253288984
5119,0.30734863789609734
5120,0.33160989333987445
5121,0.8151002229816168
5122,0.19869629337626
5123,0.29123808475818624
5124,0.4350456035532479
5125,0.2820370778761725
5126,0.35000624482215625
5127,0.15554127758683078
5128,0.3086460316131212
5129,0.7834509353965838
5130,0.20635868911031754
5131,0.39622004575160213
5132,0.24474894957729626
5133,0.2671383055031321
5134,0.24071951776055991
5135,0.29397983311350323
5136,0.8033025612295888
5137,0.0911179580924194
5138,0.36381742647388504
5139,0.23144075653169968
5140,0.18922573024447942
5141,0.2325443116841558
5142,0.12678017300445207
5143,0.32205586074120784
5144,0.43014997267957567
5145,0.32264602626312516
5146,0.355432363283446
5147,0.2261003938735965
5148,0.3315993248455685
5149,0.3674947297685012
5150,0.3423468041325329
5151,0.3520040556448648
5152,0.3056043968044062
5153,0.3932778794072754
5154,0.28072410421547916
5155,0.39895654201300773
5156,0.18447853911262305
5157,0.20772349062218456
5158,0.7814835626049841
5159,0.3070536820342057
5160,0.18529843048163452
5161,0.3314538562341465
5162,0.3381025348861651
5163,0.35584089612964115
5164,0.6330827109884868
5165,0.32560765761501664
5166,0.43387818591592664
5167,0.41733451142783246
5168,0.41105676585415246
5169,0.24523662561938583
5170,0.23201459176705982
5171,0.22142620147824962
5172,0.2632958000461136
5173,0.1259919246585069
5174,0.3832151333495446
5175,0.3041576843237353
5176,0.18077867406210812
5177,0.3424183172404435
5178,0.7792308587738982
5179,0.2853019383256747
5180,0.19155636638331583
5181,0.2831630930093608
5182,0.13992282993463045
5183,0.22865855795727807
5184,0.23153223182444713
5185,0.4278149660628784
5186,0.8234966585278154
5187,0.36637131843825316
5188,0.42311814032246947
5189,0.3813401396389903
5190,0.3355308413572187
5191,0.8336167517042868
5192,0.40004090958658833
5193,0.8754112581307278
5194,0.3858498596241738
5195,0.31435868204503314
5196,0.35927933397563966
5197,0.3700615720515137
5198,0.317441218883511
5199,0.8201702503468298
5200,0.23088972921415726
5201,0.2552989970835907
5202,0.3011333801844382
5203,0.3162341957785418
5204,0.22502684343573243
5205,0.47771882169736984
5206,0.27383143913090413
5207,0.2308567910306069
5208,0.23228420479497922
5209,0.345496863583998
5210,0.790852208134821
5211,0.13564075293145617
5212,0.17047518147439739
5213,0.340730834475794
5214,0.306676339530518
5215,0.14054372363456621
5216,0.8018876811430389
5217,0.12591821301675457
5218,0.7721567369546352
5219,0.7814428870213603
5220,0.3419728161247746
5221,0.28027880025249374
5222,0.2035190636522057
5223,0.4060900423873687
5224,0.2712361159474749
5225,0.26994753827637646
5226,0.630727584457792
5227,0.19966508352215281
5228,0.35162137368976293
5229,0.18176120868917356
5230,0.41501385452199124
5231,0.30158425443101705
5232,0.21558620587795602
5233,0.21808484881922535
5234,0.3349825185136949
5235,0.24341859617224926
5236,0.1150330642421861
5237,0.22134432149142344
5238,0.3524864182177759
5239,0.3593232847358953
5240,0.25069623454095713
5241,0.3189723495444281
5242,0.39287557033477094
5243,0.21499833038099136
5244,0.20345179174347983
5245,0.3259889782462125
5246,0.2761121208094239
5247,0.3027700829776096
5248,0.7834509353965838
5249,0.34929881842114824
5250,0.45029348226433774
5251,0.40959578501725047
5252,0.2624466752314644
5253,0.12916436740972742
5254,0.15440478359179205
5255,0.3704937287278037
5256,0.3117929642570303
5257,0.1991553034451029
5258,0.24368890728200387
5259,0.14745996938573458
5260,0.22949363591148036
5261,0.2723408632714638
5262,0.17454579788667712
5263,0.8570622527924957
5264,0.17033906014562472
5265,0.32836110465989043
5266,0.42171704293885875
5267,0.6314007402051564
5268,0.14752610230671095
5269,0.3410118399614597
5270,0.31988650567314525
5271,0.3269615466857368
5272,0.24312486506061004
5273,0.7285686572930663
5274,0.8075833952041448
5275,0.3344590399508155
5276,0.38491145236039087
5277,0.2821076921337685
5278,0.8640423598589155
5279,0.23399053922793173
5280,0.7792308587738982
5281,0.30400899339168946
5282,0.3049174318410161
5283,0.2430926881582799
5284,0.28626146739746205
5285,0.19985310743319754
5286,0.22394546781664285
5287,0.5281093764221192
5288,0.3912156318163938
5289,0.2890499364185484
5290,0.2798675351557486
5291,0.321057952212403
5292,0.3585608181010312
5293,0.14120150889130464
5294,0.4064246409827572
5295,0.7863912385167438
5296,0.3004722791697647
5297,0.40722755978297387
5298,0.17836844033328542
5299,0.7758216081216144
5300,0.3958784170433545
5301,0.336021096535921
5302,0.3159382692412738
5303,0.2949633180911388
5304,0.8339930610721562
5305,0.4180249969876788
5306,0.2631511805416677
5307,0.35160381635682636
5308,0.8337581924273286
5309,0.23519031069113897
5310,0.5274203852299918
5311,0.23561830711978937
5312,0.4045821190869567
5313,0.09848874191248864
5314,0.40512101785066174
5315,0.21860294629856442
5316,0.4210421474177696
5317,0.3205985028489126
5318,0.3055597165875983
5319,0.41289722627257697
5320,0.828726652593166
5321,0.19752428955088933
5322,0.3849336992836815
5323,0.24677077806448477
5324,0.2755855109395087
5325,0.8388144278884505
5326,0.38319859727425865
5327,0.790852208134821
5328,0.263597850217186
5329,0.3429246443586374
5330,0.3017293916932013
5331,0.813098522402685
5332,0.1826748888981699
5333,0.34596459338283353
5334,0.430597563236998
5335,0.33723715380198843
5336,0.18428457135987844
5337,0.8015888587270795
5338,0.8149509418794935
5339,0.230452352417795
5340,0.39014313759692426
5341,0.3119699214547017
5342,0.21010526300926788
5343,0.3276855223009278
5344,0.17575040470676437
5345,0.28258392559597684
5346,0.388241610197982
5347,0.3936591067186556
5348,0.35001619771243536
5349,0.8286776437337056
5350,0.33387184025679434
5351,0.18046427297466688
5352,0.15060649131631385
5353,0.16627931669657992
5354,0.3771082246730215
5355,0.3092591311011132
5356,0.2511210641497285
5357,0.30480159286896447
5358,0.19761850665535716
5359,0.3514816437431283
5360,0.18171510102747054
5361,0.8250945075558704
5362,0.16292922246163172
5363,0.7679374698411716
5364,0.3806418697870714
5365,0.23156807970732365
5366,0.2819733353887591
5367,0.2488965129964533
5368,0.7237094591696368
5369,0.14326924384588277
5370,0.832977388363216
5371,0.4101202406185367
5372,0.3443929117373794
5373,0.8033025612295888
5374,0.29067155388809696
5375,0.22908902210165355
5376,0.8264087494260711
5377,0.3380223841419095
5378,0.34449723453698133
5379,0.2423655381961878
5380,0.8509515335403887
5381,0.35498594867643146
5382,0.21834868268394642
5383,0.29230397699045785
5384,0.18085588979419626
5385,0.3527594473534022
5386,0.3416476052879799
5387,0.25500342326464964
5388,0.738838938181644
5389,0.2983092518128898
5390,0.35414684529903395
5391,0.3958879002486208
5392,0.26791384052860434
5393,0.3572860111915357
5394,0.7821915448022377
5395,0.4119535974759535
5396,0.31679685926897955
5397,0.825947089207541
5398,0.38541876078471754
5399,0.24547061711137683
5400,0.27738184573593183
5401,0.32232772077525784
5402,0.3377607459841539
5403,0.37334445357272916
5404,0.25465699268374403
5405,0.22378231199901047
5406,0.39912155629836765
5407,0.2875254277941728
5408,0.31034705078082114
5409,0.22964343458330752
5410,0.4306625255240404
5411,0.3273523165836663
5412,0.353756428642806
5413,0.36347811771205374
5414,0.23371451924430647
5415,0.4404231707862871
5416,0.4026687139698877
5417,0.2450465611882925
5418,0.15153426660369032
5419,0.8312779256669508
5420,0.4294625450143052
5421,0.26106327883230185
5422,0.2345697534839268
5423,0.26411860788279734
5424,0.40813244291253775
5425,0.37350507700445273
5426,0.2931479678436187
5427,0.586303281494708
5428,0.30147678310496734
5429,0.25452111926078397
5430,0.3529663617132234
5431,0.3711469615541786
5432,0.2824928669555499
5433,0.4724495416632867
5434,0.23074449188954563
5435,0.7768389861399958
5436,0.1702291231104437
5437,0.31421283589775995
5438,0.3309054374184012
5439,0.30171100337440027
5440,0.17876944353393376
5441,0.34194671913669783
5442,0.3955890443777502
5443,0.31933319919378594
5444,0.4407798409024652
5445,0.45538618352375043
5446,0.41888984412440733
5447,0.21813642692917473
5448,0.406675933308498
5449,0.23060349989473478
5450,0.43889599222213543
5451,0.3212529147684932
5452,0.20306896033578847
5453,0.2629638980000697
5454,0.30056748408592715
5455,0.42294799972559366
5456,0.4019342999841864
5457,0.4252179708706617
5458,0.403568357504504
5459,0.23211692285248417
5460,0.38238763091429584
5461,0.3173787503228184
5462,0.8250945075558704
5463,0.27097961824112043
5464,0.2906405301871709
5465,0.4353574049948424
5466,0.39417083134270875
5467,0.3514622760236002
5468,0.37849916763104763
5469,0.3249474521502552
5470,0.2659693075103504
5471,0.29478908714950686
5472,0.8299059673313745
5473,0.3202147828174475
5474,0.30312756102365146
5475,0.3154343177777101
5476,0.35859403260373823
5477,0.7672803744980559
5478,0.3859821832617142
5479,0.3015582918207307
5480,0.21614527593069546
5481,0.3441580991268271
5482,0.7699796807648166
5483,0.21716370799647675
5484,0.13279059779996957
5485,0.39204733508342576
5486,0.24450302890088085
5487,0.8284700238416057
5488,0.4147569035612558
5489,0.75968299586247
5490,0.4042827222364322
5491,0.7825661849515456
5492,0.27920028307243216
5493,0.1936113995082568
5494,0.4223390824678689
5495,0.31970077148425957
5496,0.32037939288075806
5497,0.2767943466840955
5498,0.29365003282376995
5499,0.3376617938360511
5500,0.4003657864566903
5501,0.2829312115059778
5502,0.39614168061624583
5503,0.7888628808980762
5504,0.3987467208976924
5505,0.15910953798210672
5506,0.34993729213387537
5507,0.1328121026621795
5508,0.3028673240237665
5509,0.32925289739155333
5510,0.34382364000666454
5511,0.3406502893817919
5512,0.26108648236751186
5513,0.23153589057794008
5514,0.2619012623197844
5515,0.21519221879625186
5516,0.2512140357158614
5517,0.3324980266039533
5518,0.29248543332703036
5519,0.2699160819082835
5520,0.3756825155447622
5521,0.29805553077464425
5522,0.3861923406514672
5523,0.31360699703081363
5524,0.19436510749358749
5525,0.30082478727133094
5526,0.3324557411169042
5527,0.22491722139128714
5528,0.8185548349111749
5529,0.2896641804972458
5530,0.27598137368795256
5531,0.2772810022934467
5532,0.7649849695340851
5533,0.21975609362639117
5534,0.3886321081678545
5535,0.2429067749496141
5536,0.39857891915958477
5537,0.3296160203607233
5538,0.3923411775335541
5539,0.3623402209015535
5540,0.3268325452539199
5541,0.40680214541646553
5542,0.32650041694088683
5543,0.37710613549766026
5544,0.30679021756586045
5545,0.2943375544332744
5546,0.3871408976554169
5547,0.2467218490510231
5548,0.8268435894840691
5549,0.8293414465079573
5550,0.4111851145976654
5551,0.3525097435500287
5552,0.3023981470198346
5553,0.23115415809785608
5554,0.39612874350636607
5555,0.3351177470670429
5556,0.4461526928357421
5557,0.7192573995075476
5558,0.8743705247421598
5559,0.21164435040151702
5560,0.3612904331484051
5561,0.2651410667227053
5562,0.30672414779127
5563,0.8546950841067782
5564,0.30297491852233566
5565,0.29371139233076615
5566,0.3320047408341558
5567,0.17764293433769374
5568,0.5639074649623005
5569,0.271186491796131
5570,0.18356180290143403
5571,0.16456998456028696
5572,0.1842938998733703
5573,0.6314007402051564
5574,0.3284142559266015
5575,0.24532808642855486
5576,0.3105414688115422
5577,0.2843421823311735
5578,0.3450329188247398
5579,0.29285469830478944
5580,0.29076270518870806
5581,0.32734042853735545
5582,0.29436270127778164
5583,0.4194804050953396
5584,0.3561500781905728
5585,0.4053969886957327
5586,0.3273884676953108
5587,0.26862221138810427
5588,0.7853514333598843
5589,0.25208393847357946
5590,0.26829098015711433
5591,0.22359664555662795
5592,0.1993202741470999
5593,0.8039075442254285
5594,0.21053353436694144
5595,0.75968299586247
5596,0.34572088945121615
5597,0.09271235349368341
5598,0.3425804090836049
5599,0.738838938181644
5600,0.2692913740398103
5601,0.3435845859144716
5602,0.2400674169642624
5603,0.42027987452084026
5604,0.35296876214363726
5605,0.28526776648839436
5606,0.32780538857170194
5607,0.21841028134088755
5608,0.20918396229935693
5609,0.26049416401590153
5610,0.30923307750451373
5611,0.19981108593763536
5612,0.16223202441232742
5613,0.16676499253203356
5614,0.2546078128936654
5615,0.20924579006745467
5616,0.40263253204951244
5617,0.30817364731950275
5618,0.3030086346488613
5619,0.15582482802838601
5620,0.7851383899802343
5621,0.44266009215960855
5622,0.3588084441421458
5623,0.34458567481760755
5624,0.23424826352792008
5625,0.40872864702812106
5626,0.2111639966222209
5627,0.40273276259794927
5628,0.2652953121315397
5629,0.16904262762690264
5630,0.39071857258668774
5631,0.35796793800559173
5632,0.21385189051598139
5633,0.2939308991586632
5634,0.1581274431836783
5635,0.2873375583676494
5636,0.5048970977016142
5637,0.2881479629532237
5638,0.3458368978506967
5639,0.3780315470016828
5640,0.3830733672090508
5641,0.8287021563726367
5642,0.23123155289658937
5643,0.38741651680855155
5644,0.2904287055687291
5645,0.349343115500337
5646,0.3474990632352985
5647,0.4908070313867961
5648,0.11357689489550392
5649,0.3268868746480447
5650,0.41139044415140247
5651,0.11494465741878702
5652,0.2711522649087896
5653,0.17804299537405754
5654,0.39148255779044644
5655,0.34608132324203467
5656,0.7888451104125831
5657,0.24329170422108398
5658,0.28013902025434745
5659,0.27133046748645295
5660,0.2561806982873123
5661,0.1945494995716275
5662,0.8286776437337056
5663,0.32367113343139037
5664,0.3162464688494817
5665,0.23609409688961386
5666,0.36814206557885715
5667,0.25692885644151464
5668,0.2645867676136779
5669,0.48664554021287404
5670,0.42609479500464614
5671,0.4053485118669437
5672,0.25571701440107036
5673,0.22154458294575144
5674,0.1624454047335246
5675,0.8329875354077351
5676,0.3143138243510193
5677,0.31493965839677307
5678,0.274152222408114
5679,0.35202776047166195
5680,0.4407798409024652
5681,0.29334142948007963
5682,0.3313664185710764
5683,0.3960456164751865
5684,0.3826076015260312
5685,0.790852208134821
5686,0.4262684883505587
5687,0.2982579691039417
5688,0.2188823311947564
5689,0.41962815710088175
5690,0.2796289155802867
5691,0.30334737672810674
5692,0.2272512169007685
5693,0.22247731913233776
5694,0.3345144013646124
5695,0.33122987661887493
5696,0.21995178656345907
5697,0.7699796807648166
5698,0.33824813451408386
5699,0.712171393081313
5700,0.25021411671355026
5701,0.3295690560129079
5702,0.1971044153579417
5703,0.3755481286763059
5704,0.31214373553663494
5705,0.34030776549414293
5706,0.39197085688415795
5707,0.7822415072489753
5708,0.3406035483743664
5709,0.22898914454892896
5710,0.40954276378160187
5711,0.4099686015616189
5712,0.32295130485339074
5713,0.3462812050345085
5714,0.35410225908697857
5715,0.43014997267957567
5716,0.38182123428402825
5717,0.4709875790329423
5718,0.22346520832618796
5719,0.29795648295464566
5720,0.8182235482428107
5721,0.8274705610930909
5722,0.8140687375795459
5723,0.3990257177340012
5724,0.22326005239196564
5725,0.33927801600543667
5726,0.17211648987692707
5727,0.3918628634516216
5728,0.2577011657650392
5729,0.47253641178015426
5730,0.4764528296387937
5731,0.3471728846197886
5732,0.2797364266546358
5733,0.30071996214360813
5734,0.3377484885861416
5735,0.32070516795607357
5736,0.2014673148926306
5737,0.31289849125549263
5738,0.21891129494189648
5739,0.7875117435602852
5740,0.22634087617818252
5741,0.3373189898624492
5742,0.2715068567967037
5743,0.2138623862175917
5744,0.7751805179230221
5745,0.292753763571376
5746,0.3839855076403116
5747,0.18901104448038053
5748,0.638791613048122
5749,0.389000816320702
5750,0.21376575767663106
5751,0.8217162601919661
5752,0.19585418601081714
5753,0.36262189320324584
5754,0.3066265506228751
5755,0.1479752427445358
5756,0.31558150898515147
5757,0.24527105034659094
5758,0.26168349360925525
5759,0.2159740361705699
5760,0.3361350839327518
5761,0.33373326859957075
5762,0.29842504442768136
5763,0.2985661579481275
5764,0.21260973038177386
5765,0.3244835653768487
5766,0.26074051267654896
5767,0.7888451104125831
5768,0.30096923295380484
5769,0.32098469525135104
5770,0.21301094812529986
5771,0.20250071882330647
5772,0.3396158039351843
5773,0.2189773449886423
5774,0.8743705247421598
5775,0.2979441896273234
5776,0.7899551578095292
5777,0.32937506270720934
5778,0.2906405301871709
5779,0.42556761752187183
5780,0.7888628808980762
5781,0.3838695319664779
5782,0.39068792181729983
5783,0.399681664619229
5784,0.27660471171885936
5785,0.2903904544933206
5786,0.32244900893088063
5787,0.3447560905747656
5788,0.20266069992729815
5789,0.2246838098959929
5790,0.22457200941124342
5791,0.3971583584819981
5792,0.1996968004191212
5793,0.2974692255825755
5794,0.32581210705922203
5795,0.40173733650944193
5796,0.4417801493294412
5797,0.32632234545572575
5798,0.28195329342744846
5799,0.373529986967237
5800,0.8191935244301116
5801,0.2507719220005185
5802,0.22196393789443533
5803,0.22188110944169498
5804,0.3465498030834197
5805,0.31817244170115055
5806,0.15595891226473863
5807,0.8350566820611044
5808,0.3975552106677926
5809,0.822237390346775
5810,0.2652122245693097
5811,0.290734327219934
5812,0.3429530900048032
5813,0.18440305865696882
5814,0.3881681405935425
5815,0.838993499397455
5816,0.3974369469192213
5817,0.2217619177646928
5818,0.20043591805641348
5819,0.44574183988339144
5820,0.31200307024132923
5821,0.7696517167150435
5822,0.3257745838157211
5823,0.35155967905257035
5824,0.8217982502186596
5825,0.2648854274695327
5826,0.4349070963811317
5827,0.6873110481346977
5828,0.42473843458478866
5829,0.36561245804435655
5830,0.31511982511365516
5831,0.18562687999448882
5832,0.34662103434746727
5833,0.26929428657340926
5834,0.4199416079153055
5835,0.2828632946373359
5836,0.4057148735980985
5837,0.156527499758454
5838,0.41712238594779044
5839,0.630727584457792
5840,0.19694843131772835
5841,0.31375440114590325
5842,0.19212836785870113
5843,0.8250945075558704
5844,0.3969054045196159
5845,0.8317374845161584
5846,0.55794425339076
5847,0.7269085804800082
5848,0.33719549635492857
5849,0.4683766879512204
5850,0.35673075301505663
5851,0.3246644290517728
5852,0.20250071882330647
5853,0.8268435894840691
5854,0.24151915229483822
5855,0.37673050316095136
5856,0.22275081827351692
5857,0.2941693676673526
5858,0.3363060669385391
5859,0.7450400709435977
5860,0.3965210204886796
5861,0.2225814692482766
5862,0.256361185810154
5863,0.2742923033077236
5864,0.33793856695848695
5865,0.25285610616653315
5866,0.19568046718292811
5867,0.33726330396838583
5868,0.3595085920624584
5869,0.2208095383739993
5870,0.3893515719828933
5871,0.25060824189945374
5872,0.22899380439178854
5873,0.22747492766246075
5874,0.8229805562989598
5875,0.26790362647361704
5876,0.21537042629211886
5877,0.34807332980919564
5878,0.8389643617763126
5879,0.2815765650486561
5880,0.4145308304082972
5881,0.3864166633788952
5882,0.19378980273763544
5883,0.41207123278649566
5884,0.8668167099211929
5885,0.35410225908697857
5886,0.4203229129844022
5887,0.8039312183591583
5888,0.22714904250212442
5889,0.15263242841692784
5890,0.3384227129147767
5891,0.3998897199264862
5892,0.41658430667468566
5893,0.36118772768072677
5894,0.21415614353537282
5895,0.22699471373835575
5896,0.3068301169478685
5897,0.7769589976059065
5898,0.8301079987315639
5899,0.19714046538733926
5900,0.2159615372234114
5901,0.8148437353525109
5902,0.3156383640008377
5903,0.4101202406185367
5904,0.8264672634535377
5905,0.8097570106221337
5906,0.2578105696024509
5907,0.33702475311349617
5908,0.1235346218738197
5909,0.18450257778324092
5910,0.32099333997221235
5911,0.4528248637166263
5912,0.28000592365202603
5913,0.2621137850666291
5914,0.18405338371837765
5915,0.35261013434981725
5916,0.19664433114728125
5917,0.17731991348257453
5918,0.21756339050703194
5919,0.2521717441188605
5920,0.38581675596086973
5921,0.33631965940402886
5922,0.15209955123871824
5923,0.2729799691104771
5924,0.22473041790469103
5925,0.2716475661234818
5926,0.3518188598483421
5927,0.19478173875459837
5928,0.8195155293261329
5929,0.32851145833335454
5930,0.2731986454897357
5931,0.1990249848400701
5932,0.4080683135628234
5933,0.15885014768948305
5934,0.22240798256781477
5935,0.7055230709584951
5936,0.3098518515280339
5937,0.822237390346775
5938,0.35804534804204957
5939,0.20505100046988647
5940,0.18206209031830378
5941,0.3193281795827232
5942,0.25535009546325815
5943,0.32596772278200803
5944,0.2333325928613215
5945,0.36095817535261193
5946,0.12231723182515329
5947,0.30202517632041737
5948,0.3147287129416824
5949,0.4856782287094521
5950,0.18411362870871323
5951,0.3188829920752471
5952,0.8681576288689663
5953,0.4732033310011612
5954,0.8252084754158266
5955,0.3823147756636572
5956,0.14025392636212314
5957,0.22763089322963526
5958,0.27877273375458844
5959,0.20970513512816885
5960,0.36689009731789185
5961,0.4031514806740284
5962,0.36088346462333987
5963,0.1499338406919271
5964,0.2450310609849894
5965,0.8519800342158879
5966,0.415579294542314
5967,0.8209638249762858
5968,0.21298837655980435
5969,0.342633490158617
5970,0.3244994343036456
5971,0.2824308224307852
5972,0.21081813440176758
5973,0.7821879826805359
5974,0.8274642710857122
5975,0.31338550608548693
5976,0.2900156326721556
5977,0.31887301998035356
5978,0.32277490980301915
5979,0.39843792884327406
5980,0.20251361769732912
5981,0.3386166587612067
5982,0.23870779355855642
5983,0.21898395896567652
5984,0.25153038256548477
5985,0.2664267597357918
5986,0.18994760978540778
5987,0.35001866507720997
5988,0.2934171091862879
5989,0.4449765521123169
5990,0.21730822980408107
5991,0.3032009536633787
5992,0.3542826250717849
5993,0.2755228847773097
5994,0.21576754816790322
5995,0.20732474658545078
5996,0.3510985417341245
5997,0.8250945075558704
5998,0.31120657752294856
5999,0.19052581697065843
6000,0.31801096572164966
6001,0.3185209645310088
6002,0.29116454418095267
6003,0.3422312076823461
6004,0.22134582630346583
6005,0.26078823714947275
6006,0.27427898338925005
6007,0.3064168428559851
6008,0.42286668406860417
6009,0.308266385871933
6010,0.24403567581573649
6011,0.30156720049572117
6012,0.2939043839316839
6013,0.32351785243722236
6014,0.12901127548377597
6015,0.31452358937538205
6016,0.13768461998648795
6017,0.4132452878027788
6018,0.328921380819226
6019,0.34463166158701336
6020,0.3272935970032804
6021,0.8184725359993827
6022,0.7862248798666845
6023,0.3484357153705096
6024,0.1862462649315304
6025,0.3285399195613253
6026,0.7149286129224784
6027,0.34562772487468774
6028,0.28014787417949394
6029,0.3156770022357003
6030,0.29979799687872183
6031,0.3024339210416782
6032,0.16491991970718098
6033,0.25883926172620664
6034,0.2893494239989453
6035,0.3209733574305162
6036,0.334372407141958
6037,0.3586201473815124
6038,0.3563844682645576
6039,0.2780691450460599
6040,0.33870060176907074
6041,0.511068113792265
6042,0.19722742138571772
6043,0.28641577100645926
6044,0.8285957887950952
6045,0.45866040519971935
6046,0.3573513139366405
6047,0.22531930204775813
6048,0.3265970056717863
6049,0.34895608086223934
6050,0.32787559523915877
6051,0.17575686324063186
6052,0.41117998533525013
6053,0.3311892990519253
6054,0.8352846541769412
6055,0.27494188029251104
6056,0.2763644290992197
6057,0.18778673333392432
6058,0.26011944673562615
6059,0.21189832529311747
6060,0.2896535464295296
6061,0.4126284789641275
6062,0.2695200274409013
6063,0.32071356388582883
6064,0.1309391706925427
6065,0.292108297307504
6066,0.3481796484053112
6067,0.8134777954607151
6068,0.46437811868859424
6069,0.21221536379885347
6070,0.12031835704371252
6071,0.33819655100942597
6072,0.31187279898223197
6073,0.3214431179685177
6074,0.323365032873984
6075,0.3387567432890979
6076,0.8507436116644972
6077,0.19927480383839488
6078,0.4203229129844022
6079,0.3221523035128974
6080,0.31411111453952556
6081,0.2468338719991908
6082,0.19064386611252052
6083,0.2867275910524545
6084,0.21445242832507888
6085,0.34241605157977434
6086,0.289833322779533
6087,0.23495590032568298
6088,0.30655393514601
6089,0.2618863536831643
6090,0.23424672029675883
6091,0.4140840033214818
6092,0.2116937351085588
6093,0.14618438933672
6094,0.23075314926564675
6095,0.09578038877752389
6096,0.33261677536747164
6097,0.363886181062302
6098,0.41178574921879435
6099,0.23428415257436064
6100,0.2476562383711709
6101,0.41791625342417704
6102,0.3430099156920334
6103,0.25865144187713396
6104,0.3559502116823829
6105,0.1660331083762929
6106,0.3978647801368259
6107,0.11449744454795757
6108,0.40273374752606317
6109,0.27499767022273186
6110,0.3411188789969873
6111,0.28972760919705964
6112,0.3224269058100524
6113,0.23914946419537111
6114,0.24238117318761626
6115,0.2764355930355475
6116,0.3172117924180992
6117,0.16653757526624388
6118,0.4093891931497573
6119,0.7659049869174547
6120,0.1343050406613456
6121,0.23651051836528775
6122,0.33883401054706835
6123,0.32018360139093877
6124,0.26331958426539626
6125,0.2768208597756773
6126,0.407056788031228
6127,0.627317552157997
6128,0.18232096400822048
6129,0.3052993665203843
6130,0.27399409565139754
6131,0.8264562848001563
6132,0.23291517903116335
6133,0.2655278216771327
6134,0.20483680476491534
6135,0.2180196922631872
6136,0.40170037633299055
6137,0.3269812021114853
6138,0.2960897009725562
6139,0.4097108680158776
6140,0.399599118746467
6141,0.8369445958105285
6142,0.8238992165351328
6143,0.29773838926265955
6144,0.2388842406289883
6145,0.33286326626034285
6146,0.30777196253090805
6147,0.31610236236872347
6148,0.7757951042792665
6149,0.26961998392382575
6150,0.30293703780070746
6151,0.25440753964639845
6152,0.35616723297465
6153,0.18977039656837502
6154,0.2859078113141338
6155,0.8021836013267499
6156,0.3536130050819865
6157,0.19474079743188835
6158,0.14606512748704034
6159,0.8300052414824388
6160,0.8264672634535377
6161,0.3251473484024052
6162,0.4795959193123781
6163,0.8365514553245469
6164,0.25732845561474754
6165,0.8351512943372312
6166,0.7922880665115878
6167,0.2596796264312924
6168,0.3393068936096268
6169,0.24330410126936852
6170,0.21337490541877774
6171,0.15134422474342668
6172,0.40668020066712285
6173,0.18562189467683865
6174,0.1945917439659874
6175,0.19243859723021509
6176,0.29414303735514147
6177,0.27250107025138703
6178,0.25167712795508057
6179,0.4117347427724763
6180,0.40330654304492203
6181,0.2415213443614907
6182,0.1715788160914501
6183,0.2735052593379953
6184,0.25703969591677234
6185,0.37315146925609033
6186,0.17911817097718097
6187,0.634207130270234
6188,0.1959832259981303
6189,0.14217284933195065
6190,0.78239782224143
6191,0.19398044538531425
6192,0.27026049640061
6193,0.23259537249782625
6194,0.19027994321175598
6195,0.37889626808241067
6196,0.18557370859426314
6197,0.2475684455595181
6198,0.18624404573855846
6199,0.7728216178394514
6200,0.7721567369546352
6201,0.3257666685038456
6202,0.8217162601919661
6203,0.32574832696350253
6204,0.2539688272273622
6205,0.22713325818189165
6206,0.40709422453698607
6207,0.4018349339733562
6208,0.2696272685933585
6209,0.31521108077145316
6210,0.39023562977879533
6211,0.32537736968304193
6212,0.32129029850386986
6213,0.26134611846571554
6214,0.4113432069702088
6215,0.1990249848400701
6216,0.6499772294667192
6217,0.2449380742268861
6218,0.21333414955371027
6219,0.3802177698282412
6220,0.844796357566446
6221,0.23445490944847702
6222,0.831238126533024
6223,0.2579169931920003
6224,0.2215410739683769
6225,0.16273613123397226
6226,0.49935041561605886
6227,0.17510406293590766
6228,0.18763078931516183
6229,0.3813401396389903
6230,0.3834855534409644
6231,0.21688230863300026
6232,0.3800998216218405
6233,0.2776723054064078
6234,0.320077072925658
6235,0.38349143851633216
6236,0.779863456440408
6237,0.3879272760911291
6238,0.8343910875805093
6239,0.16593509229747283
6240,0.5587139914338024
6241,0.132002370834592
6242,0.3550185532979133
6243,0.3507587428021698
6244,0.19995060811530635
6245,0.4223236339787814
6246,0.3961744199172964
6247,0.24621288151812085
6248,0.25737145291892893
6249,0.22516126772177916
6250,0.4086507264534664
6251,0.3161666543893714
6252,0.24111203510800214
6253,0.3797574686248944
6254,0.3138871004852754
6255,0.35757232849543213
6256,0.7845528593219656
6257,0.3346059820820004
6258,0.2923908613895777
6259,0.2204855043831669
6260,0.22602484736138664
6261,0.33770398333835877
6262,0.3239292183898462
6263,0.7822415072489753
6264,0.8195155293261329
6265,0.3275199407657032
6266,0.4113136016208347
6267,0.4278592153484544
6268,0.299881737546582
6269,0.8264672634535377
6270,0.4795959193123781
6271,0.28037350419280505
6272,0.23434230730079778
6273,0.4306416391149194
6274,0.8385984357310945
6275,0.30756377683059105
6276,0.32364877648111845
6277,0.31349795166935984
6278,0.2389502904595515
6279,0.2714977156071699
6280,0.7776692384481677
6281,0.15797884373009505
6282,0.4324195558381561
6283,0.4203516924421665
6284,0.42162522499590244
6285,0.388332696332856
6286,0.3555518275286102
6287,0.831238126533024
6288,0.17461056981748102
6289,0.40185213570320744
6290,0.32156384652154735
6291,0.271734048321651
6292,0.3661018831338088
6293,0.4447840333295215
6294,0.20121170882328743
6295,0.3956116848648981
6296,0.26774954299234355
6297,0.3486741280806707
6298,0.8369254054732288
6299,0.3690336132422136
6300,0.16742142531363555
6301,0.23224262978233576
6302,0.3568572826894147
6303,0.2782047820567913
6304,0.29956854601758137
6305,0.18242113026342957
6306,0.25758713761428387
6307,0.4157649232809845
6308,0.8110716779573469
6309,0.41262056920724044
6310,0.32498366985642946
6311,0.28457573542365333
6312,0.31649488366546524
6313,0.7899551578095292
6314,0.1974182342528313
6315,0.33277987194589
6316,0.26596260272220723
6317,0.7173976415230455
6318,0.19517208000311856
6319,0.371311244300683
6320,0.18935260215401253
6321,0.8339930610721562
6322,0.3053080910762306
6323,0.6334315456281542
6324,0.31305772823225064
6325,0.7528122365127922
6326,0.18298032954558627
6327,0.27645894639983815
6328,0.17600038767679416
6329,0.3222325026321479
6330,0.38688058673612585
6331,0.20525701159464566
6332,0.4045237484369145
6333,0.16403997679629462
6334,0.27019069394795087
6335,0.2314015867744314
6336,0.3816189792563669
6337,0.29494201086283117
6338,0.8561528917199341
6339,0.3162341957785418
6340,0.3020382529454099
6341,0.3752960517621323
6342,0.8284369379213913
6343,0.20474442887071093
6344,0.20417955737055993
6345,0.4465465975251372
6346,0.33194780351556386
6347,0.7814428870213603
6348,0.4304399078702506
6349,0.3205301026328882
6350,0.7722529568538128
6351,0.1921353271176935
6352,0.1858430234737782
6353,0.1750357024123784
6354,0.4078285183835524
6355,0.4066447369566525
6356,0.18425323888247808
6357,0.3971417104093278
6358,0.33447376801081274
6359,0.2511674344212057
6360,0.19138083420338287
6361,0.19227205948198056
6362,0.3304914234428116
6363,0.3714088175341347
6364,0.3036615976841277
6365,0.2505481894380561
6366,0.2565044277148473
6367,0.33690577966929586
6368,0.29449696144957044
6369,0.28329679033254207
6370,0.2333474173251127
6371,0.3320423960617392
6372,0.2617738859455256
6373,0.3327842241768163
6374,0.2763119853929686
6375,0.3320869449782277
6376,0.35936322064541254
6377,0.3661266348305801
6378,0.23564336053573542
6379,0.20479394373237528
6380,0.7799385296960851
6381,0.2014048218359858
6382,0.8517331252966215
6383,0.4851684727228977
6384,0.8226938484906912
6385,0.3368797888985768
6386,0.41599263640300393
6387,0.14700443078554046
6388,0.2116312694789464
6389,0.3572460269922725
6390,0.30204857252028194
6391,0.4057382713533613
6392,0.11768022920720843
6393,0.7958839463823499
6394,0.266230998024354
6395,0.38503517336017945
6396,0.3952561251691789
6397,0.2820894395790125
6398,0.16991108719338927
6399,0.3391179139296489
6400,0.41623921267506125
6401,0.3967285033181429
6402,0.4101961097408283
6403,0.32291585566839814
6404,0.25990686751647707
6405,0.2619299060397927
6406,0.13464414680911438
6407,0.32575741478261966
6408,0.19828265886292598
6409,0.25503864421278544
6410,0.4002203674377959
6411,0.464946014217643
6412,0.17794999310676524
6413,0.4119537347323559
6414,0.20075387570094202
6415,0.4396131270880717
6416,0.29451119757055505
6417,0.15237265731523672
6418,0.2781943467584375
6419,0.3481266984515961
6420,0.1559495357176985
6421,0.3691971135211535
6422,0.40107722556057696
6423,0.3594812429252522
6424,0.871258457860661
6425,0.38904282514315147
6426,0.29756542651636575
6427,0.15079239769693306
6428,0.45149520349171174
6429,0.2774837569552407
6430,0.35309825515737403
6431,0.2576394719401596
6432,0.40062034788451734
6433,0.7064023476571567
6434,0.8474955870472016
6435,0.2113081422658529
6436,0.8299059673313745
6437,0.2231753129264614
6438,0.3359865371547469
6439,0.30694818975058447
6440,0.30695351366740087
6441,0.35142666883902685
6442,0.33738970404769747
6443,0.2090995398864299
6444,0.28152172591968716
6445,0.16156958969089524
6446,0.8238992165351328
6447,0.266380950407727
6448,0.264691753231583
6449,0.18632781217695515
6450,0.8338818418628057
6451,0.22142611847146446
6452,0.2946283514324726
6453,0.7686897941027471
6454,0.36258414796440397
6455,0.20955648384677167
6456,0.24511147306422604
6457,0.33806721539349727
6458,0.28408803143051686
6459,0.3859821832617142
6460,0.24100910929003175
6461,0.49935041561605886
6462,0.3332398222871873
6463,0.38416230022590364
6464,0.34499859862915705
6465,0.41725012249366056
6466,0.2328944969857176
6467,0.3420471033366106
6468,0.24161515701424133
6469,0.835737626563047
6470,0.8373632443374169
6471,0.8595263431446792
6472,0.3365345605260453
6473,0.2934498426165636
6474,0.30109169342776526
6475,0.18535312085829456
6476,0.4458185887102447
6477,0.33038585734002274
6478,0.17457914001363783
6479,0.6857701664994899
6480,0.3426996089737253
6481,0.31591658447149973
6482,0.20930509097470465
6483,0.3288759442595043
6484,0.20283352503447957
6485,0.3847669578000531
6486,0.3308046078701413
6487,0.22462586186190467
6488,0.20452151360917664
6489,0.4040203811252467
6490,0.41210203913954696
6491,0.38433626522804015
6492,0.8647559053745305
6493,0.30710348280051214
6494,0.3425804090836049
6495,0.34904671001398957
6496,0.2808720136686165
6497,0.2507719220005185
6498,0.40435483210637024
6499,0.23637740988235437
6500,0.2046105147116414
6501,0.2543799012174803
6502,0.3448002696938745
6503,0.2891247342435146
6504,0.30747661167549134
6505,0.26207862951288274
6506,0.2195118575080637
6507,0.23146549829537716
6508,0.22792309955842996
6509,0.2218026874997891
6510,0.25516012897168694
6511,0.21051893267764973
6512,0.4092634579022203
6513,0.3598525649011806
6514,0.2956116409345079
6515,0.32629801426374083
6516,0.40111528169462857
6517,0.30311183199566205
6518,0.4118366875447166
6519,0.25883926172620664
6520,0.8250870505690204
6521,0.21277498689951463
6522,0.2999881892200226
6523,0.2755855109395087
6524,0.22840003881832363
6525,0.4084554050659431
6526,0.32556793353554575
6527,0.8643545064298007
6528,0.35112961193485903
6529,0.1781750840785964
6530,0.8069224139039296
6531,0.8383086098925542
6532,0.37439518346637735
6533,0.5252272497235966
6534,0.31989831519254447
6535,0.23763217836137787
6536,0.31602798679034266
6537,0.3838286618420715
6538,0.415977838705594
6539,0.1775395364894176
6540,0.41410372902642945
6541,0.3788750314583321
6542,0.47206219988619674
6543,0.3697810189850819
6544,0.2501407111664868
6545,0.40661021975714495
6546,0.3257415740351557
6547,0.2134125288607672
6548,0.3069325820209186
6549,0.3030516832037524
6550,0.3069236912041685
6551,0.2533713299339027
6552,0.21000048986600847
6553,0.23365266936775728
6554,0.7149286129224784
6555,0.21415426670119275
6556,0.2830630945092981
6557,0.8385984357310945
6558,0.15564812557345298
6559,0.4547006936956626
6560,0.2440339401545686
6561,0.5297052762651234
6562,0.38408981025586053
6563,0.19802881039642758
6564,0.3184398246808256
6565,0.32338132935913816
6566,0.27826061906932914
6567,0.389364743169834
6568,0.34346793648922136
6569,0.35328131772466054
6570,0.2154885943777847
6571,0.8049470073280716
6572,0.8274642710857122
6573,0.2731215928623226
6574,0.17007852101320842
6575,0.7269085804800082
6576,0.265838304809044
6577,0.41305433448171663
6578,0.3905625954074894
6579,0.31468277230457914
6580,0.16727811881338175
6581,0.2916960284835924
6582,0.8558513791262653
6583,0.26373417677902605
6584,0.26729044530010926
6585,0.40722755978297387
6586,0.2916021149733999
6587,0.13800170535341852
6588,0.23253802751173688
6589,0.3025783399649337
6590,0.24680196314531846
6591,0.4199336600918012
6592,0.3384024998943744
6593,0.2501825695019351
6594,0.1480808985006351
6595,0.5681035716747481
6596,0.8131116654174895
6597,0.17136691379320165
6598,0.22293751971342252
6599,0.29326077313555443
6600,0.298284552882334
6601,0.31108115707788075
6602,0.3019165547963839
6603,0.3458177784211132
6604,0.46462195346880997
6605,0.20399263414683633
6606,0.21850448803830844
6607,0.3149161453246612
6608,0.2119110836762638
6609,0.15124270388404748
6610,0.23901699645019683
6611,0.2535093901578358
6612,0.34374518315225416
6613,0.23324752386318115
6614,0.28134797131251316
6615,0.27884781675559617
6616,0.21423765156371385
6617,0.27083148292444204
6618,0.24646845122191105
6619,0.18325232137397965
6620,0.2182202827693078
6621,0.2937175649855698
6622,0.36088556141643113
6623,0.31862766403886755
6624,0.3503169853699519
6625,0.23196460270356442
6626,0.5808171743270055
6627,0.26116654750843427
6628,0.3427035699116178
6629,0.3312625795607054
6630,0.2309509495481393
6631,0.8264672634535377
6632,0.3001411451827715
6633,0.8369415569902721
6634,0.38595853208927317
6635,0.4227767186712205
6636,0.22469664468529837
6637,0.28011570902669597
6638,0.24340565957044208
6639,0.21882685454717626
6640,0.3020204423505286
6641,0.31368930314484667
6642,0.325569267733037
6643,0.35582574007773077
6644,0.2312906533239882
6645,0.16921767435454121
6646,0.65192251122342
6647,0.4537893560339983
6648,0.3119754137581197
6649,0.2846283631706432
6650,0.7062534005244265
6651,0.3016739166288662
6652,0.5107045700077201
6653,0.2992194671664092
6654,0.818599144928158
6655,0.08416985223366555
6656,0.36167589165499764
6657,0.17279431626354352
6658,0.17232379934355116
6659,0.33596946107709
6660,0.12860947344321233
6661,0.8346542651356775
6662,0.8686945222522442
6663,0.54466864303472
6664,0.4432807184958208
6665,0.24249251613592165
6666,0.3256231995008825
6667,0.35852665552557544
6668,0.30147558222700155
6669,0.2764654754781625
6670,0.3048330071358434
6671,0.21198740816878112
6672,0.39179607755724793
6673,0.8018876811430389
6674,0.1587824264344562
6675,0.3317682774783722
6676,0.8385093646403406
6677,0.7830373284019251
6678,0.20357829938303684
6679,0.316760331680437
6680,0.24094476445578478
6681,0.8383086098925542
6682,0.39172874574583133
6683,0.1549838310522562
6684,0.3623959806031927
6685,0.1954126078148873
6686,0.11482597798228265
6687,0.2548169632834909
6688,0.29173849560998977
6689,0.23804213590641166
6690,0.3200846849549039
6691,0.4059316642534375
6692,0.31896857373299004
6693,0.3299486166368757
6694,0.1387924192084175
6695,0.3023323280360937
6696,0.30096923295380484
6697,0.18258679921412013
6698,0.8522577396877818
6699,0.734268416524457
6700,0.2391103640428049
6701,0.1746646836430454
6702,0.18325898822887407
6703,0.23641032790871294
6704,0.8507436116644972
6705,0.2999407306692506
6706,0.32518891513976
6707,0.1801590493704446
6708,0.2465106172057801
6709,0.2982376788847149
6710,0.825947089207541
6711,0.23852602391521133
6712,0.3306703456225484
6713,0.12373941410334227
6714,0.2597467313778811
6715,0.8780608236090333
6716,0.21703491387301885
6717,0.259441557082088
6718,0.32200960123505845
6719,0.4795959193123781
6720,0.17049495493374697
6721,0.794161069321649
6722,0.7862972909551155
6723,0.3996365066210957
6724,0.2796946904284563
6725,0.3131147024741707
6726,0.30005655538397114
6727,0.14403595585412332
6728,0.4064246409827572
6729,0.20281784037211134
6730,0.1367131908368774
6731,0.40829355100661646
6732,0.11749762208624936
6733,0.3728959397602255
6734,0.40644687754806813
6735,0.8039075442254285
6736,0.24298670334418
6737,0.22154298220156854
6738,0.3372202481420236
6739,0.18356167288975275
6740,0.4502731004153676
6741,0.4078515406693297
6742,0.327896683415393
6743,0.38644799261908197
6744,0.481047860748076
6745,0.3260770906501215
6746,0.33874155295223785
6747,0.35497122779596474
6748,0.24674024593835264
6749,0.21162541196122667
6750,0.4109786662699588
6751,0.3376205133603583
6752,0.346000965654252
6753,0.3757291190111289
6754,0.3337272639186917
6755,0.2623094916874317
6756,0.31309958518512926
6757,0.17312325097510836
6758,0.33216401008415386
6759,0.3050944395132839
6760,0.7889930404800899
6761,0.25692433740950893
6762,0.31315941764692884
6763,0.25312031318097
6764,0.22761341845202004
6765,0.17193210178661744
6766,0.26430638577719234
6767,0.1816271408579748
6768,0.21082570296713066
6769,0.7625856163718205
6770,0.30176256552948116
6771,0.4108674232660995
6772,0.13804197695163592
6773,0.39164980241436265
6774,0.8640423598589155
6775,0.3161839312337533
6776,0.36391454611921814
6777,0.2861162390704749
6778,0.3657258718302106
6779,0.32356733007464844
6780,0.34426335064867775
6781,0.32372938841702065
6782,0.24435293866409985
6783,0.2992107535442675
6784,0.3042077026436544
6785,0.3510488513672971
6786,0.29343516140400194
6787,0.31977149672435995
6788,0.41863458727074754
6789,0.17318226762704653
6790,0.32979688547973046
6791,0.3854374723127901
6792,0.3504424175790607
6793,0.23037416632393343
6794,0.8168138769545864
6795,0.2872320247822177
6796,0.11255709722694884
6797,0.22924243399294367
6798,0.3187720609792393
6799,0.38091362472054613
6800,0.24441081595783526
6801,0.2806478818870481
6802,0.31437133725892585
6803,0.30258288008626266
6804,0.12998871709727455
6805,0.7792308587738982
6806,0.4723253582860725
6807,0.273540375019998
6808,0.7822415072489753
6809,0.2763563962755258
6810,0.24974020245112055
6811,0.33077698719469184
6812,0.2711477127325134
6813,0.1875553432071498
6814,0.1856226394207148
6815,0.3683088154113784
6816,0.19152433319467474
6817,0.30791810454794244
6818,0.25861131376518204
6819,0.2332669188885602
6820,0.26850258267556815
6821,0.20134173885756124
6822,0.4034568395389984
6823,0.7625856163718205
6824,0.27652706118884757
6825,0.8193212146499488
6826,0.388952539979733
6827,0.26054757360274733
6828,0.835050053709259
6829,0.4199336600918012
6830,0.3332539331550344
6831,0.25957694365696055
6832,0.21595446199212137
6833,0.850118737884182
6834,0.3530552237047683
6835,0.4439444974090306
6836,0.4028338231000369
6837,0.8337391026614048
6838,0.2680228744700959
6839,0.1684753056114793
6840,0.3199655469813361
6841,0.8336167517042868
6842,0.3372589143955887
6843,0.32238495406710077
6844,0.3907621707011012
6845,0.19099802385552153
6846,0.26979501783269605
6847,0.30812037128787506
6848,0.40407889846848016
6849,0.31602184730264965
6850,0.3977603028004901
6851,0.17188364299401881
6852,0.22220140515401318
6853,0.2515562292847367
6854,0.4375074932083183
6855,0.3830617180311357
6856,0.12854755394854464
6857,0.30631188597484216
6858,0.6324766419499798
6859,0.23612352806399708
6860,0.7338085817092376
6861,0.2467644914416393
6862,0.25766954794714664
6863,0.42826711565704334
6864,0.37766948935196737
6865,0.33862971984278556
6866,0.5655639537936626
6867,0.36681998762208934
6868,0.20655581514038626
6869,0.3430753159312537
6870,0.24820449675793121
6871,0.13506078698064683
6872,0.45194737981716915
6873,0.8691816665727818
6874,0.6343581799374126
6875,0.30819457375291853
6876,0.2244582338566971
6877,0.3330162049715153
6878,0.6282222916841339
6879,0.40741901889635823
6880,0.25576065396626546
6881,0.14436857539379824
6882,0.8357668595311958
6883,0.4125226007827287
6884,0.21513016501647975
6885,0.3441466085442679
6886,0.41857403083885997
6887,0.3359661606324726
6888,0.31159869615333613
6889,0.21748386062254152
6890,0.28063960646428676
6891,0.18789123133411786
6892,0.35315478741200573
6893,0.3333686959757104
6894,0.39505939489304026
6895,0.37976602325828823
6896,0.2464928916236267
6897,0.835860029389908
6898,0.8299059673313745
6899,0.35381814922192645
6900,0.10999975207402253
6901,0.2322955661422192
6902,0.18347568054022123
6903,0.3517643061957015
6904,0.1741900576927379
6905,0.4693008856160628
6906,0.2073164386775158
6907,0.23191511476503587
6908,0.3766750506482198
6909,0.3507220907498954
6910,0.35157933917896056
6911,0.30440643636091785
6912,0.2804727616834261
6913,0.20649739002259287
6914,0.4721770302536777
6915,0.4703767021184017
6916,0.2932227802448087
6917,0.4110392365496903
6918,0.27029272706726
6919,0.7528122365127922
6920,0.4153970580634638
6921,0.27668896365609735
6922,0.3146196959379351
6923,0.3461866591133072
6924,0.39805156138006936
6925,0.24143258662610262
6926,0.24887417524090544
6927,0.33090067149733976
6928,0.3316210474955172
6929,0.19699987817544334
6930,0.6167140472763472
6931,0.24718741843154882
6932,0.22664765299044085
6933,0.7574177737872952
6934,0.22084355931092053
6935,0.15016330762114385
6936,0.1660331083762929
6937,0.24977245139745324
6938,0.3120351211281048
6939,0.42649486958382316
6940,0.32953452638154457
6941,0.2195872727705425
6942,0.3722684694725341
6943,0.30827159301300283
6944,0.2652443932387729
6945,0.33259360238603713
6946,0.22660425822731417
6947,0.40983149796630863
6948,0.31977873115093214
6949,0.33768344839903797
6950,0.4512709237527977
6951,0.3555260242869565
6952,0.3311413410463579
6953,0.38499346426154246
6954,0.33616428188978226
6955,0.4089320655811392
6956,0.33183955769819856
6957,0.21277734811732713
6958,0.20083014697073526
6959,0.19311068899169712
6960,0.23528144020990582
6961,0.199983226288062
6962,0.4094697737032039
6963,0.21558795277121284
6964,0.34207164218544406
6965,0.3810281104991058
6966,0.20057337551109222
6967,0.8350246495464897
6968,0.24274374026867226
6969,0.1703389631504376
6970,0.27609423939714867
6971,0.23584059873671281
6972,0.4004416960178448
6973,0.3303407285700508
6974,0.4263169141870611
6975,0.38658298359480664
6976,0.38904282514315147
6977,0.831238126533024
6978,0.24058243134105498
6979,0.3987040254058126
6980,0.27338586829075917
6981,0.1996385163151343
6982,0.28509897356622
6983,0.31337975434608667
6984,0.2592117073576998
6985,0.278142532389838
6986,0.20385330912188976
6987,0.36040574563646594
6988,0.15290873068453256
6989,0.2261387355178549
6990,0.775348668276076
6991,0.8342912317109433
6992,0.43868088886243317
6993,0.25573127255172867
6994,0.35937441386412927
6995,0.19315809100276854
6996,0.3514090052098318
6997,0.38962729437042437
6998,0.19103516173475246
6999,0.2356325290311779
7000,0.2973835732110388
7001,0.18002237252143274
7002,0.2579643886525217
7003,0.8288788768040751
7004,0.2771225114594709
7005,0.2344244742829171
7006,0.8380045273267783
7007,0.24873370761268002
7008,0.39939540821238206
7009,0.38346175230429547
7010,0.3555926477391056
7011,0.25286375205661793
7012,0.2672667574362603
7013,0.20142569439660069
7014,0.17378381012582195
7015,0.23710334556295048
7016,0.7822007045066139
7017,0.09759198019150779
7018,0.3165284150361746
7019,0.33841290875973545
7020,0.8233221220444285
7021,0.19048533508923307
7022,0.33669355760267716
7023,0.20498327826771948
7024,0.356667604887569
7025,0.45726190059866145
7026,0.15775519652764095
7027,0.2844799900757612
7028,0.3847783219470867
7029,0.3354306124983207
7030,0.8090581660101679
7031,0.38082947324341015
7032,0.5649311338336144
7033,0.7672803744980559
7034,0.4305492800326958
7035,0.49567848688357674
7036,0.3327742178617886
7037,0.808004564337184
7038,0.46687681212299575
7039,0.19600072869776725
7040,0.808004564337184
7041,0.39290439722025616
7042,0.3884237529147575
7043,0.23844987092003284
7044,0.3268862077529431
7045,0.41617374587240064
7046,0.8558513791262653
7047,0.217056391155894
7048,0.2998886813838823
7049,0.2834592517405203
7050,0.7380739744604108
7051,0.29762430736555306
7052,0.1947258217163396
7053,0.4729491597424445
7054,0.2688522296341893
7055,0.8217982502186596
7056,0.2808810666519372
7057,0.5804780925896652
7058,0.47307938114540543
7059,0.7846530474292535
7060,0.21854687801619033
7061,0.7574177737872952
7062,0.2853488037882366
7063,0.21378292106682045
7064,0.17660306189370126
7065,0.3603658932363685
7066,0.3443116409081601
7067,0.48961601355874423
7068,0.36092340093699765
7069,0.4040509083841188
7070,0.3246229953559419
7071,0.22958028111397724
7072,0.29287375633895457
7073,0.39254459351954607
7074,0.3137368119228394
7075,0.4107423039759678
7076,0.3731743954014934
7077,0.21159233180727838
7078,0.46687681212299575
7079,0.15569804440882057
7080,0.2971326111201993
7081,0.20443614020632042
7082,0.32069797936070404
7083,0.29697944204193993
7084,0.2521116161187785
7085,0.18979641785352552
7086,0.22151208620743815
7087,0.2788095947994139
7088,0.3111364513939211
7089,0.8264087494260711
7090,0.3507220907498954
7091,0.3242895838711352
7092,0.8293414465079573
7093,0.3758105926479227
7094,0.7825661849515456
7095,0.360034019450766
7096,0.4043326132078548
7097,0.30020313188761444
7098,0.3845480348121156
7099,0.7722529568538128
7100,0.24765772620274967
7101,0.41541856278799855
7102,0.20116738157283393
7103,0.41644392519608064
7104,0.40393256026133845
7105,0.24185404630727428
7106,0.31094643855083715
7107,0.4036009656214314
7108,0.41191604069883436
7109,0.29438468310374416
7110,0.20332318421281403
7111,0.24086301826337345
7112,0.3427066102857286
7113,0.34890033670058557
7114,0.35319273608856416
7115,0.45941298744011727
7116,0.25524890316723087
7117,0.3026042115168779
7118,0.2222398713656286
7119,0.19824559417297907
7120,0.2123154588035473
7121,0.3891467804424829
7122,0.2811745299414756
7123,0.3412374851305055
7124,0.27299700407594674
7125,0.40967139569205097
7126,0.27941536154165736
7127,0.3331103131923923
7128,0.39112128210559377
7129,0.15201227427132533
7130,0.3309437600750162
7131,0.3728238595384907
7132,0.8238992165351328
7133,0.7659049869174547
7134,0.30634894793556244
7135,0.07447290500816002
7136,0.33501125549645
7137,0.25775189916497343
7138,0.3974838220246345
7139,0.32217291013713073
7140,0.2744877718290069
7141,0.11303491644268766
7142,0.28209853021066134
7143,0.2594846696196456
7144,0.4795959193123781
7145,0.2131421280267742
7146,0.4025260580404137
7147,0.18352238453709563
7148,0.3402161512014123
7149,0.22469967939722352
7150,0.18125711588790783
7151,0.630783031625786
7152,0.25894238130441644
7153,0.2982361865344408
7154,0.23569372694388893
7155,0.19417723375218407
7156,0.8754112581307278
7157,0.32339626157445667
7158,0.3860560264370117
7159,0.15590598091269256
7160,0.40288456796563726
7161,0.21394734100702742
7162,0.775348668276076
7163,0.34279801641428065
7164,0.19718516923019766
7165,0.1910262841631763
7166,0.8150901484510757
7167,0.3266615302089835
7168,0.41048172110001024
7169,0.3445610862263976
7170,0.2348104519653456
7171,0.3729505931729457
7172,0.2144619714183278
7173,0.129071233622955
7174,0.3353070678128352
7175,0.3122509266354555
7176,0.418653983681792
7177,0.35392985556477774
7178,0.34633047403438894
7179,0.38473063469115004
7180,0.34096649041728533
7181,0.23901699645019683
7182,0.22316775449599552
7183,0.3174776502380201
7184,0.3278517671350927
7185,0.30397365791075537
7186,0.2594946969353065
7187,0.8284369379213913
7188,0.3007553598122591
7189,0.31828596849239565
7190,0.20958065930863426
7191,0.4093392252622435
7192,0.39756396468525607
7193,0.4233681829285036
7194,0.3216046260352026
7195,0.8285957887950952
7196,0.15253241191629732
7197,0.3660639865835745
7198,0.30780206248150166
7199,0.13016645300704416
7200,0.5307309290254331
7201,0.31248842379755526
7202,0.2998723258261995
7203,0.2696539666383597
7204,0.26140707354365467
7205,0.22411639082949703
7206,0.7800829785312061
7207,0.4042666234181319
7208,0.36795257697366623
7209,0.2580639967935339
7210,0.26765097990781866
7211,0.2045137156917193
7212,0.343028055271061
7213,0.38959902247178
7214,0.26678203874943385
7215,0.28420045677285366
7216,0.3975804857072692
7217,0.8342831360006742
7218,0.09883467931512822
7219,0.2110213120471563
7220,0.09240600682700482
7221,0.25338086850230784
7222,0.23845725857762148
7223,0.24110376885065268
7224,0.16539995991597115
7225,0.27196176587586923
7226,0.8075833952041448
7227,0.22374686592156903
7228,0.34033195863508287
7229,0.39694037137424526
7230,0.2442114743031533
7231,0.8340384220100209
7232,0.1705695487793491
7233,0.39417083134270875
7234,0.1329751972049522
7235,0.2195362441283695
7236,0.335961120927933
7237,0.18320672141077246
7238,0.25203765798485306
7239,0.26984618838974295
7240,0.23001634596411052
7241,0.4067663740208245
7242,0.8285964542018119
7243,0.3972431343213951
7244,0.18112003772805335
7245,0.27469175126178785
7246,0.4294704301874163
7247,0.2278343343012756
7248,0.32423388895743416
7249,0.2283991632575593
7250,0.21198979237249166
7251,0.34496337517108683
7252,0.3507344312330805
7253,0.2380554627067674
7254,0.2245460486296954
7255,0.8147858794811758
7256,0.8516516161808881
7257,0.2501372158851796
7258,0.17203890043906117
7259,0.334518660563664
7260,0.8255152605551875
7261,0.29459010605463726
7262,0.2162531893448111
7263,0.41124254981882047
7264,0.3039728118067076
7265,0.3511948818033358
7266,0.2210659697589574
7267,0.40683332672015426
7268,0.32472966302080203
7269,0.21872935797969814
7270,0.31826971798905
7271,0.32159997344507657
7272,0.1853385237230452
7273,0.2758915016367714
7274,0.13617509488002055
7275,0.34210539842137466
7276,0.33078392267531237
7277,0.3029880699726272
7278,0.8026915369572405
7279,0.2289785486173725
7280,0.4082358917916262
7281,0.8217162601919661
7282,0.37025340397802703
7283,0.3257612626014713
7284,0.16729059386358164
7285,0.36041467060253773
7286,0.13578852378317216
7287,0.28321740348484914
7288,0.19827920504798469
7289,0.39695408660960824
7290,0.29170983223161334
7291,0.7684402924731376
7292,0.1895071451474386
7293,0.4053510748834288
7294,0.31124066157224595
7295,0.8238992165351328
7296,0.23052113159092644
7297,0.11300672705327224
7298,0.21124761532588912
7299,0.5211438760502942
7300,0.33655725069320913
7301,0.7722529568538128
7302,0.20367654719758377
7303,0.17881305240018436
7304,0.33803285769981256
7305,0.8174111304499759
7306,0.8193212146499488
7307,0.8075833952041448
7308,0.41228650858417815
7309,0.2928021700518953
7310,0.28708399659122447
7311,0.3186266804571036
7312,0.26580065995280183
7313,0.8150704225939424
7314,0.7346312094926706
7315,0.2233114895813288
7316,0.27149851731338787
7317,0.3851158761310926
7318,0.28151944747153
7319,0.870278183903375
7320,0.32284521618541173
7321,0.3314953367024268
7322,0.46461172795747757
7323,0.25262244925513705
7324,0.2962386561258845
7325,0.2706151467106599
7326,0.16943214382186642
7327,0.2117554595527728
7328,0.2600952035489733
7329,0.2543442082467776
7330,0.20127214965200824
7331,0.28926471535115006
7332,0.2233235063229482
7333,0.3152560187648626
7334,0.18913236521836607
7335,0.24877049120433117
7336,0.3307318957224333
7337,0.23123155289658937
7338,0.2500619350962575
7339,0.19636602988050442
7340,0.40680214541646553
7341,0.24757448131561482
7342,0.7771411128806407
7343,0.24043087319366882
7344,0.34894380788375834
7345,0.33594084018359127
7346,0.329019689980917
7347,0.32530434270163533
7348,0.42078570920095293
7349,0.1463225271527401
7350,0.16378773929591892
7351,0.2761424873145363
7352,0.2415256143840655
7353,0.2634649245660886
7354,0.22933594562177365
7355,0.29862214255366176
7356,0.20232119079478783
7357,0.83626414631841
7358,0.32534820822668065
7359,0.19798970547992478
7360,0.8113257821891773
7361,0.54466864303472
7362,0.3137071477176063
7363,0.29976503470669874
7364,0.4407798409024652
7365,0.43179137887839364
7366,0.3870724234344215
7367,0.2858663955379975
7368,0.8332242390278448
7369,0.21860294629856442
7370,0.20563040125630053
7371,0.3409612426477958
7372,0.6989597535519214
7373,0.3376475431093567
7374,0.18031415270946152
7375,0.4216126378075798
7376,0.1523307536064202
7377,0.1740299912210444
7378,0.2910957656756998
7379,0.39525473887370627
7380,0.19754899431522635
7381,0.35367186527764943
7382,0.21892198014035857
7383,0.2037950080164946
7384,0.18393098596442142
7385,0.8366654981990431
7386,0.19500015980712931
7387,0.3432732741241282
7388,0.2671966932849118
7389,0.3523952659936358
7390,0.779842229743006
7391,0.8720973483442055
7392,0.5186044680765874
7393,0.2532350511273117
7394,0.3925153244854578
7395,0.19057934161880027
7396,0.40888877111780597
7397,0.3385564871089707
7398,0.258908636974549
7399,0.23469266366697053
7400,0.3808629029732199
7401,0.3308245419111634
7402,0.8151002229816168
7403,0.3215321892505512
7404,0.8369254054732288
7405,0.2661571335873654
7406,0.23075018673054368
7407,0.24032248958101002
7408,0.2806948898460048
7409,0.3025635812728038
7410,0.3217601079684294
7411,0.41396125951340806
7412,0.40722755978297387
7413,0.14293790814425952
7414,0.2937922051779507
7415,0.22162317011631918
7416,0.2991715826774503
7417,0.36799030963031715
7418,0.30347703363538053
7419,0.2326543451351949
7420,0.2207982545550098
7421,0.3475630016342317
7422,0.45152667723472734
7423,0.2233554593089816
7424,0.7149729376284042
7425,0.7702496060215548
7426,0.22531792623805086
7427,0.20789136581893167
7428,0.4796034262470677
7429,0.1995773285174267
7430,0.34958950096705843
7431,0.8112678002026319
7432,0.3510494817704262
7433,0.35516465503839306
7434,0.15822792822010007
7435,0.3540775061226684
7436,0.19996320314643787
7437,0.1445353537245858
7438,0.2833203932820491
7439,0.3779505195547156
7440,0.2688522296341893
7441,0.2938620482839019
7442,0.18291179517135683
7443,0.1790443093301588
7444,0.24092335889630548
7445,0.3990707215468762
7446,0.26131007053425437
7447,0.17937682802779703
7448,0.1828228537774951
7449,0.3005702109748852
7450,0.3669071635973827
7451,0.2957276424081653
7452,0.80607209186859
7453,0.7062534005244265
7454,0.1920563901556862
7455,0.24647425327336517
7456,0.35544480483244045
7457,0.26819230181579906
7458,0.36665348330902126
7459,0.7851383899802343
7460,0.7383072942704026
7461,0.400074444499443
7462,0.3975847191093343
7463,0.8681576288689663
7464,0.3326350549039958
7465,0.8264087494260711
7466,0.31631042084470123
7467,0.32066532948922577
7468,0.32776496733190735
7469,0.35425246794763077
7470,0.22213083069971074
7471,0.7874696463867138
7472,0.3637989465326254
7473,0.26616440735609787
7474,0.4500894504408398
7475,0.22471305710973422
7476,0.28785375392989665
7477,0.8089800955978441
7478,0.1735437960371706
7479,0.2695217779291178
7480,0.22931643772942276
7481,0.47601912916805195
7482,0.4622591632238627
7483,0.2641732307414105
7484,0.24613625282061152
7485,0.24490364227939193
7486,0.2077435591497481
7487,0.454910157359742
7488,0.34779335060786193
7489,0.34566746819703764
7490,0.3263106429148348
7491,0.3598525649011806
7492,0.28125775549685117
7493,0.47381060008880505
7494,0.15285459032310245
7495,0.12577706951151144
7496,0.13403079325028172
7497,0.32805019253640694
7498,0.33149651555675314
7499,0.2119532423917421
7500,0.15800273927030384
7501,0.7138280730512947
7502,0.2543649892888386
7503,0.25671188716127524
7504,0.37968628864644477
7505,0.839180614739287
7506,0.4148494205849248
7507,0.402911393595336
7508,0.22230597899798502
7509,0.24862030586736666
7510,0.17137942934254413
7511,0.20404103906941612
7512,0.30768354450627855
7513,0.22115412604966156
7514,0.4060867840752023
7515,0.27097961824112043
7516,0.802744513481227
7517,0.40821362236431014
7518,0.8748756462800306
7519,0.16593654456454227
7520,0.19062479646324706
7521,0.3102979080265275
7522,0.8533461264802219
7523,0.40657237226465115
7524,0.20642024206155474
7525,0.40604469445753993
7526,0.2210423722222856
7527,0.28930182145092664
7528,0.2632958000461136
7529,0.28038826743802125
7530,0.3498072865773125
7531,0.7810555793006685
7532,0.2568654156618412
7533,0.19759206729639234
7534,0.23220269120400483
7535,0.8271687231269202
7536,0.29690440229865084
7537,0.39578870503024133
7538,0.3041410765885246
7539,0.1766300745845413
7540,0.2064570982192067
7541,0.4116593998134304
7542,0.31172056143143795
7543,0.18611494410994098
7544,0.36728009616538265
7545,0.3487946615265544
7546,0.3738728156364834
7547,0.2752792646458877
7548,0.35159549439072907
7549,0.8088810168161185
7550,0.22516386678448125
7551,0.4008156742677859
7552,0.20154687890838127
7553,0.34242466167159363
7554,0.173493480391455
7555,0.33778679805116757
7556,0.24715370911371035
7557,0.29560919084373183
7558,0.3292103376477473
7559,0.44338637901188394
7560,0.24185848539847862
7561,0.20732790530153056
7562,0.8533461264802219
7563,0.32203766322537875
7564,0.2525461557383559
7565,0.2126872060302486
7566,0.2559395118670867
7567,0.23133221734577333
7568,0.3719133085864486
7569,0.7544596093785007
7570,0.18886472783639527
7571,0.1800778442671442
7572,0.38717090527901193
7573,0.28279242681842276
7574,0.8185548349111749
7575,0.45833586599725523
7576,0.21389739442776748
7577,0.1905190228898481
7578,0.39400228580919266
7579,0.2922129181646566
7580,0.8097570106221337
7581,0.19981108593763536
7582,0.47310112780419117
7583,0.40886069958190147
7584,0.2567777097362182
7585,0.22230146513486787
7586,0.23243433276697786
7587,0.3495153277472468
7588,0.3172650420035371
7589,0.26343296119024046
7590,0.3299436275844702
7591,0.38310204483601124
7592,0.2510763808326422
7593,0.4005356674107308
7594,0.7862571068685763
7595,0.3473746387689376
7596,0.24092938510648057
7597,0.11932105928933802
7598,0.40943199975075556
7599,0.32187766622302416
7600,0.3197450574616396
7601,0.40542894329757956
7602,0.2938573721302608
7603,0.2508003669794854
7604,0.2151473718980376
7605,0.8140687375795459
7606,0.38807425865512185
7607,0.29335657689503025
7608,0.839180614739287
7609,0.4040503041176591
7610,0.20928135672306933
7611,0.34422078622930263
7612,0.25283545166231003
7613,0.22045667685770495
7614,0.23415932797156366
7615,0.33302704113209847
7616,0.46911145539303095
7617,0.20075387570094202
7618,0.8243074974198471
7619,0.7495255949773895
7620,0.330488253941187
7621,0.37224304732334595
7622,0.32965913467661256
7623,0.20363625714093966
7624,0.7822415072489753
7625,0.3321949617929912
7626,0.3986575034241051
7627,0.2800011698438531
7628,0.20032680420385182
7629,0.39029275830181515
7630,0.29335532925941127
7631,0.20585066587642023
7632,0.3238588481175069
7633,0.4099016199138171
7634,0.41071339659658046
7635,0.20167820822770677
7636,0.33587919255552046
7637,0.2321106347166433
7638,0.254073288078106
7639,0.3420006259514561
7640,0.19280118941632046
7641,0.2351030796210748
7642,0.15120576340973726
7643,0.4173759404238642
7644,0.2973613557417569
7645,0.3493419631662097
7646,0.1597946141392665
7647,0.6324766419499798
7648,0.3101661252301824
7649,0.4217938838962049
7650,0.15501231635964038
7651,0.2668512571852047
7652,0.3712624896121646
7653,0.19436451049986767
7654,0.3205535878574943
7655,0.17963224569094066
7656,0.27779355198639294
7657,0.20577760027656
7658,0.26523823588774775
7659,0.20745538940858224
7660,0.6937402043038255
7661,0.3813401396389903
7662,0.21453029105063687
7663,0.40248509863805737
7664,0.3172958532139881
7665,0.2686912033255917
7666,0.33225551289465927
7667,0.8285957887950952
7668,0.8521469712818825
7669,0.3866671217007426
7670,0.33875707537710203
7671,0.30957628971455226
7672,0.2410208120973648
7673,0.18721536994893373
7674,0.15070718694878668
7675,0.2891656105937131
7676,0.29123808475818624
7677,0.27618679335288787
7678,0.19957932587223035
7679,0.2197609614066852
7680,0.7768389861399958
7681,0.3706018620185083
7682,0.36665348330902126
7683,0.2247869769327339
7684,0.27418787323185934
7685,0.7722342460068217
7686,0.2825740575624786
7687,0.33333888769672393
7688,0.7722529568538128
7689,0.20742730632271575
7690,0.26841145414143086
7691,0.30936975047518006
7692,0.40665531831437085
7693,0.26098921577408396
7694,0.12011171009056483
7695,0.685209659942661
7696,0.7828803313892639
7697,0.4668622043361779
7698,0.2092614717544761
7699,0.4052404200345656
7700,0.38618365632992435
7701,0.24996223194355974
7702,0.4262684883505587
7703,0.34384413174465867
7704,0.32279820314626884
7705,0.14161743823800477
7706,0.32671014128000453
7707,0.4350456035532479
7708,0.352898710781216
7709,0.35328127462368636
7710,0.3844590948464088
7711,0.42588432337041204
7712,0.15575442892422064
7713,0.26921593486953704
7714,0.7073123871803842
7715,0.23252707656742616
7716,0.33215908145487244
7717,0.37768777401519676
7718,0.8252414412220864
7719,0.4098493147067374
7720,0.8462095161474146
7721,0.1698124921301642
7722,0.21829323610642126
7723,0.29335618140771075
7724,0.30226727939050135
7725,0.28983706258125175
7726,0.7849270431261778
7727,0.24134519647558236
7728,0.18398361667296856
7729,0.4184278393869711
7730,0.20833404711237252
7731,0.850118737884182
7732,0.32678103498095973
7733,0.25333159008552203
7734,0.17293044429261858
7735,0.5500209534489422
7736,0.20849093854449305
7737,0.15328228291823856
7738,0.7217854871525792
7739,0.34469938745446754
7740,0.31891427155995494
7741,0.37984756713112167
7742,0.3145624034231195
7743,0.3049906441742947
7744,0.40668294896113993
7745,0.28459873824120413
7746,0.33579196907024483
7747,0.3422671662109312
7748,0.7853514333598843
7749,0.8290922366700203
7750,0.8479323673901714
7751,0.8284272946410443
7752,0.2868065416415187
7753,0.35130295678983053
7754,0.39383755740440857
7755,0.2579951949623894
7756,0.15359404059451942
7757,0.40787163072218835
7758,0.32483056803246046
7759,0.23067983686127128
7760,0.23056748866145937
7761,0.34786497758896806
7762,0.7975876195769535
7763,0.4216126378075798
7764,0.34586751029385465
7765,0.24213459818968638
7766,0.36100332101252147
7767,0.24679190450374186
7768,0.1889845522065834
7769,0.1774067024896152
7770,0.27281911680962423
7771,0.30808044435585435
7772,0.3576770014097005
7773,0.6857701664994899
7774,0.46423983345178943
7775,0.3132437802858426
7776,0.20057337551109222
7777,0.7810017524803783
7778,0.4634495233701992
7779,0.3895283339977011
7780,0.3316795567613957
7781,0.2558228135498826
7782,0.20483045135707148
7783,0.40532442789065143
7784,0.7625856163718205
7785,0.422562274989115
7786,0.2697340702641312
7787,0.43889599222213543
7788,0.8377580807496375
7789,0.23528081056689412
7790,0.3258819675414598
7791,0.18603557884451777
7792,0.33952601843613434
7793,0.30947498512703653
7794,0.3870166977842021
7795,0.24794781683477726
7796,0.3325934096392766
7797,0.19360344829470566
7798,0.23629083802177364
7799,0.18088159339748971
7800,0.30258288008626266
7801,0.18593618794884423
7802,0.19810303666981374
7803,0.46978469806254547
7804,0.25757475103478583
7805,0.323365032873984
7806,0.2663041550304363
7807,0.35428421894978845
7808,0.323365032873984
7809,0.4343565958380318
7810,0.31972257659010256
7811,0.18917440738011512
7812,0.424505520132774
7813,0.3116835756884777
7814,0.34743227732546705
7815,0.2576878357743761
7816,0.326008985553959
7817,0.1455468549154404
7818,0.44056853876478735
7819,0.40500366182406533
7820,0.1890375390608476
7821,0.3344493892230844
7822,0.40330654304492203
7823,0.2973893759859675
7824,0.4860164178687574
7825,0.7338085817092376
7826,0.47229984606396525
7827,0.2625956912581387
7828,0.2352341137750862
7829,0.1597769242250148
7830,0.22407105340086383
7831,0.48743687764073074
7832,0.417596575502759
7833,0.3306926905389101
7834,0.21526552400838775
7835,0.3136798612321881
7836,0.47897985152696915
7837,0.20155623828783636
7838,0.31592967650501924
7839,0.2835893249568042
7840,0.27248848229657296
7841,0.28824507080151196
7842,0.3268072150231207
7843,0.20425840862277692
7844,0.328619929176003
7845,0.16254799988274327
7846,0.1801051409518648
7847,0.4407798409024652
7848,0.4034126452267173
7849,0.34630332616278814
7850,0.33996410522066783
7851,0.8284700238416057
7852,0.2701934517226941
7853,0.8250945075558704
7854,0.174999790252218
7855,0.5303059599598778
7856,0.2885973809639701
7857,0.34030776549414293
7858,0.41768786917031353
7859,0.20876139554466103
7860,0.32388735565884924
7861,0.43514341971231846
7862,0.2718943698372859
7863,0.30753357150960065
7864,0.23372798981407664
7865,0.5544002729162676
7866,0.8264087494260711
7867,0.2847954145561906
7868,0.23036220038655122
7869,0.2629150682866543
7870,0.19261282002122493
7871,0.25984303324574826
7872,0.5087483995483041
7873,0.2821150356671142
7874,0.32548668054872604
7875,0.24216767955621377
7876,0.27010336122439327
7877,0.2866211243461533
7878,0.1942069558292668
7879,0.2698966597130234
7880,0.20726104189760217
7881,0.2124881349723364
7882,0.24128159392115728
7883,0.20549642481807168
7884,0.18770124006414604
7885,0.2070835643486769
7886,0.8436931562850637
7887,0.20285254638578312
7888,0.8294363090415366
7889,0.35064867605584005
7890,0.33043134742588354
7891,0.8509510191892631
7892,0.1776181945067379
7893,0.36517705782725346
7894,0.2826412186098692
7895,0.34217697674269193
7896,0.3843222968535423
7897,0.15663280067980667
7898,0.36174671787633655
7899,0.8681576288689663
7900,0.25103783543585967
7901,0.786814493126364
7902,0.325021825862723
7903,0.373638999443945
7904,0.2738200340334508
7905,0.19126333592129652
7906,0.8339359973781872
7907,0.252199764954489
7908,0.7810555793006685
7909,0.2930159140990595
7910,0.8288788768040751
7911,0.417332635768652
7912,0.4367454721147116
7913,0.22242917771175416
7914,0.20335134911561728
7915,0.13914846588581367
7916,0.2626325645456859
7917,0.32373698522818783
7918,0.7495255949773895
7919,0.25039023918312414
7920,0.3801395272755614
7921,0.20191298936234695
7922,0.8042032762281488
7923,0.16244085194342603
7924,0.30892005353121804
7925,0.32879919545992453
7926,0.3656135673628277
7927,0.779842229743006
7928,0.2466731275092253
7929,0.18985019745082093
7930,0.29122285959535993
7931,0.264371733381684
7932,0.3789732668776573
7933,0.1951157881133224
7934,0.3475318181263838
7935,0.8570622527924957
7936,0.36591059851898455
7937,0.17276679479260948
7938,0.3275563600065496
7939,0.2833642330933966
7940,0.19185337731388794
7941,0.26811904590416535
7942,0.25087399570017055
7943,0.3351305943531836
7944,0.3549429309145688
7945,0.20280027506656154
7946,0.838993499397455
7947,0.4705140329403602
7948,0.356613453356554
7949,0.18078864461422683
7950,0.29489666548698923
7951,0.18314068883944729
7952,0.25298279943819757
7953,0.34832023810116397
7954,0.26925365396309114
7955,0.18081605149038327
7956,0.3366942665929814
7957,0.34054016671992837
7958,0.27733617659841225
7959,0.4747442348796184
7960,0.2249444887611963
7961,0.23897738122873033
7962,0.42531115693932847
7963,0.833479190388932
7964,0.34897562938716775
7965,0.3020068080812727
7966,0.4402694784507082
7967,0.8118591857679307
7968,0.35044967771291335
7969,0.3240297023110776
7970,0.3255070597534358
7971,0.2799508465707969
7972,0.3772952310835747
7973,0.3601792542559816
7974,0.24298411439040907
7975,0.3371556370581553
7976,0.3190209903362217
7977,0.2518921034844787
7978,0.8069224139039296
7979,0.4034904886510588
7980,0.18915403449660487
7981,0.23444422241291096
7982,0.24428988106379088
7983,0.3025635812728038
7984,0.3914001109509535
7985,0.39215489066928677
7986,0.345265345830362
7987,0.3000436777983273
7988,0.2031513129345093
7989,0.3045566137375104
7990,0.19268046764884178
7991,0.3096558704266983
7992,0.2741961805184564
7993,0.2588679304950447
7994,0.4315617967367668
7995,0.21316191139869722
7996,0.3164810310792879
7997,0.7855383267114922
7998,0.2092774451952628
7999,0.20958112513449403
8000,0.24352679675549072
8001,0.29528074470149057
8002,0.18480717038947625
8003,0.20083595922076633
8004,0.2916376092712197
8005,0.19731411281095446
8006,0.3041952169540436
8007,0.17818652650400643
8008,0.29938641690175094
8009,0.17722608827916642
8010,0.7616573695560895
8011,0.832977388363216
8012,0.3795845145295877
8013,0.40749396487791767
8014,0.2886290400638762
8015,0.14291010347240032
8016,0.8342952278891171
8017,0.16207676475892296
8018,0.29517719665268427
8019,0.24777961680978192
8020,0.1709466016080036
8021,0.16127044787364153
8022,0.24846179692369696
8023,0.3538090696638281
8024,0.27480420922509735
8025,0.7820251305793517
8026,0.31841198660892156
8027,0.8033025612295888
8028,0.26058274434301676
8029,0.2629213729765824
8030,0.32088562485311833
8031,0.282597139080324
8032,0.822237390346775
8033,0.15856884347599925
8034,0.1590859508550343
8035,0.354057176939697
8036,0.1639024100015059
8037,0.35104319569381126
8038,0.3286340471647373
8039,0.20806987340051983
8040,0.21849544204342677
8041,0.22156538423089042
8042,0.3109925467753969
8043,0.22392787404509454
8044,0.2405046415809437
8045,0.16755886612340207
8046,0.835050053709259
8047,0.27479532189078226
8048,0.17336406964343298
8049,0.21539990182902818
8050,0.22192077796491863
8051,0.18845688894931228
8052,0.38975821191305166
8053,0.15701454971327977
8054,0.36838046674183483
8055,0.2999289588069022
8056,0.3186158221403076
8057,0.8092466854478438
8058,0.6499772294667192
8059,0.16246742919921875
8060,0.5374506865195562
8061,0.40130841740495565
8062,0.4654425328457966
8063,0.4856782287094521
8064,0.2146690202919645
8065,0.4372707133479248
8066,0.24101190823909913
8067,0.834205841516669
8068,0.24635376745136203
8069,0.24858011858809734
8070,0.36511138869856047
8071,0.22331598164421781
8072,0.20311853190050694
8073,0.38447772677060116
8074,0.27516818396609255
8075,0.30327988934288097
8076,0.2813613526843986
8077,0.3693814067074083
8078,0.2893165047462384
8079,0.8389643617763126
8080,0.4741163129372699
8081,0.31250643950989804
8082,0.373204198374509
8083,0.3783946868855025
8084,0.8018876811430389
8085,0.1725638554947629
8086,0.32435334422098344
8087,0.27011998409294186
8088,0.2721612060243078
8089,0.7874696463867138
8090,0.39179607755724793
8091,0.38014618838930153
8092,0.28037350419280505
8093,0.3266242958984114
8094,0.23222452003369748
8095,0.41882128572314065
8096,0.39574058072313756
8097,0.4169296027786327
8098,0.43026735881424694
8099,0.43645609239127975
8100,0.19071250200737047
8101,0.40614645279329337
8102,0.1716454852800117
8103,0.6145425058948772
8104,0.29174999023625137
8105,0.8264672634535377
8106,0.23070479060306642
8107,0.2269279105160672
8108,0.30034415379953155
8109,0.6302815897550603
8110,0.16160043225143803
8111,0.39569038723176453
8112,0.7882491172495035
8113,0.3156558501203967
8114,0.2830516614788518
8115,0.7771411128806407
8116,0.22430860784345572
8117,0.14116459221942254
8118,0.33419985339217834
8119,0.38850572744728723
8120,0.39425001891622197
8121,0.39574058072313756
8122,0.8299909784082754
8123,0.44647111935404005
8124,0.2336553818913182
8125,0.23671829522000679
8126,0.4641907257782277
8127,0.25481130885542663
8128,0.16241587035146757
8129,0.17458941241135495
8130,0.2880607647632006
8131,0.38906828964105694
8132,0.339954037562562
8133,0.3050300411349036
8134,0.3628112495212829
8135,0.3723647387391837
8136,0.2896310763828187
8137,0.21384185229860989
8138,0.4045600706795982
8139,0.4043942496337253
8140,0.8380041640373432
8141,0.38355232270300305
8142,0.25108383699197667
8143,0.24244150008568074
8144,0.2062659090358831
8145,0.17936283920728635
8146,0.231916238793358
8147,0.2689703830704943
8148,0.3847140236774663
8149,0.4175040385326693
8150,0.3593726360702492
8151,0.16954577200383344
8152,0.12366126016738334
8153,0.685209659942661
8154,0.28984514519861065
8155,0.30021474237434626
8156,0.12887781118082878
8157,0.2834249392138287
8158,0.8090581660101679
8159,0.44083176621568587
8160,0.3688507152923824
8161,0.6302815897550603
8162,0.1641885701997736
8163,0.20069551273175582
8164,0.2207884769457156
8165,0.4048935878497378
8166,0.20646034098209268
8167,0.3474023575429545
8168,0.2525954989263887
8169,0.17380808408298618
8170,0.8339930610721562
8171,0.4090865380774125
8172,0.35035462697151765
8173,0.851193163772141
8174,0.22964847683525985
8175,0.22116424348164024
8176,0.2624965778770156
8177,0.2515690553598565
8178,0.37865827069878255
8179,0.27257497403707176
8180,0.3632475097541208
8181,0.2741285144519149
8182,0.27671755177749646
8183,0.6113697666347435
8184,0.39762411241956164
8185,0.30975953536401085
8186,0.28054676149962204
8187,0.28112316229424894
8188,0.25151805891768336
8189,0.35901782219741396
8190,0.20798808295855678
8191,0.3541987152064142
8192,0.3346529009305189
8193,0.1465222087173484
8194,0.23667587122105052
8195,0.8250945075558704
8196,0.39939603663393886
8197,0.29823400890526525
8198,0.2838866130525917
8199,0.26436175886797186
8200,0.23561487157521627
8201,0.22544990510789703
8202,0.13093627865072147
8203,0.4011842393027647
8204,0.3279024650422935
8205,0.29173743611015496
8206,0.4622591632238627
8207,0.3201806735635889
8208,0.3822768431216125
8209,0.6330827109884868
8210,0.3345506041635713
8211,0.30236842936936775
8212,0.8343910875805093
8213,0.3935989075612312
8214,0.6262609027217128
8215,0.15200040572367035
8216,0.3981071772846761
8217,0.40912972709882445
8218,0.4223236339787814
8219,0.1381629007051805
8220,0.21252770169318483
8221,0.38974649179193477
8222,0.33923089344307267
8223,0.43101521762162326
8224,0.26703013560741434
8225,0.16865338130705979
8226,0.4526478206071557
8227,0.34931668203371335
8228,0.39550568671319003
8229,0.3123432867031459
8230,0.3096115315355852
8231,0.20567214725545455
8232,0.8404025785585747
8233,0.21761198032478107
8234,0.17839929427839119
8235,0.19514156197768673
8236,0.7753067583419112
8237,0.2957675582331012
8238,0.33512299340169116
8239,0.20250071882330647
8240,0.19206057542101238
8241,0.3804059939116675
8242,0.29873455621835376
8243,0.14028833309336686
8244,0.3388140160420453
8245,0.825710888829336
8246,0.15775926708652604
8247,0.1786550827335739
8248,0.32157923088389767
8249,0.28825248387723135
8250,0.8268435894840691
8251,0.37078846787891406
8252,0.23332140301410478
8253,0.3503158027594805
8254,0.8274705610930909
8255,0.23152245559155477
8256,0.8110716779573469
8257,0.8042032762281488
8258,0.17727044403363043
8259,0.40628894050825864
8260,0.31973885783077627
8261,0.24920479671376464
8262,0.3052730170720785
8263,0.21789979744313004
8264,0.4061615086362286
8265,0.3516334904213868
8266,0.26406338338383006
8267,0.43258710774965653
8268,0.4407798409024652
8269,0.17369908944640516
8270,0.3670214583804447
8271,0.30143910729265644
8272,0.19798970547992478
8273,0.29803181603098866
8274,0.7073123871803842
8275,0.2863007066384969
8276,0.21847863345604865
8277,0.21811212007386543
8278,0.41168697431930557
8279,0.32927131543598975
8280,0.4315617967367668
8281,0.7805973026341996
8282,0.8150901484510757
8283,0.3818893938631195
8284,0.35410225908697857
8285,0.3678638566474989
8286,0.8274642710857122
8287,0.3102465329892603
8288,0.8292974072001489
8289,0.36264878075547924
8290,0.8337391026614048
8291,0.3338913763756662
8292,0.2368933647407238
8293,0.1977656652008849
8294,0.11132332170415128
8295,0.40067792990057666
8296,0.3262418383386351
8297,0.786814493126364
8298,0.4464515688006842
8299,0.33745995773770815
8300,0.11401206012019584
8301,0.3440243431190862
8302,0.22924419432247486
8303,0.4295868920731928
8304,0.1619571090607485
8305,0.18041029476554332
8306,0.6320412817205066
8307,0.23697099640080935
8308,0.8243664589800929
8309,0.22516395862223473
8310,0.31901102296540096
8311,0.31271568960100765
8312,0.20964175070617183
8313,0.33127892260887304
8314,0.22928650975259995
8315,0.36637131843825316
8316,0.5300431746264513
8317,0.4908605028076258
8318,0.36674674470138374
8319,0.27739018034041374
8320,0.22365175817474656
8321,0.3061540303927659
8322,0.8280636709767811
8323,0.2423543454974318
8324,0.30115613702098776
8325,0.7799385296960851
8326,0.27451613396811286
8327,0.38449823882428424
8328,0.26581594837818856
8329,0.3375529886487002
8330,0.25862479556582946
8331,0.24682759502571422
8332,0.41930956462016644
8333,0.22352723886285397
8334,0.4335982715698388
8335,0.326845698320401
8336,0.24680196314531846
8337,0.31798255536403114
8338,0.3215413831233871
8339,0.850052382351905
8340,0.33201443006090925
8341,0.19611909253946153
8342,0.2507719220005185
8343,0.3076745454185672
8344,0.4044644132047124
8345,0.8780608236090333
8346,0.4611618898880601
8347,0.3011045793525468
8348,0.3571016632749451
8349,0.7784795499492765
8350,0.3028673240237665
8351,0.4044644132047124
8352,0.170412296751869
8353,0.20146698830265494
8354,0.3265672729329498
8355,0.8097570106221337
8356,0.16826034446153665
8357,0.1665553979630012
8358,0.22979147064468325
8359,0.40330654304492203
8360,0.15921809124317726
8361,0.3165484334391252
8362,0.24000631134448766
8363,0.3733803717110182
8364,0.6314007402051564
8365,0.3130949178439351
8366,0.3953565932575886
8367,0.8264672634535377
8368,0.3211713509667636
8369,0.15337401775530007
8370,0.627317552157997
8371,0.14599852256279694
8372,0.2227462475241174
8373,0.2846711716221825
8374,0.20559489561698854
8375,0.8385984357310945
8376,0.8299909784082754
8377,0.8120979026308536
8378,0.3193776230492591
8379,0.8023908729862812
8380,0.4851684727228977
8381,0.3404456674780758
8382,0.38903523339884444
8383,0.1511429268157985
8384,0.23909133853654824
8385,0.8558513791262653
8386,0.18535542664690247
8387,0.43726726755515166
8388,0.2737852068468556
8389,0.8248011376623791
8390,0.3019575683916761
8391,0.2781155832157419
8392,0.33711006851909575
8393,0.27060772431915925
8394,0.16159110444675318
8395,0.20363837394882645
8396,0.3138324298800285
8397,0.34154427909815804
8398,0.23078725812347362
8399,0.38914284353974615
8400,0.29854807353820795
8401,0.40427883109724555
8402,0.17957811658759823
8403,0.3434674999086217
8404,0.481047860748076
8405,0.3056305453985394
8406,0.3179625418321658
8407,0.2450465611882925
8408,0.8249643212656635
8409,0.29287686436184873
8410,0.40285015538468805
8411,0.8090581660101679
8412,0.2537908478730706
8413,0.2989604556181969
8414,0.3203493896414555
8415,0.8237347326293333
8416,0.2455718717848805
8417,0.38810784968055567
8418,0.29846693477982217
8419,0.3309789404265884
8420,0.2870843735332936
8421,0.28849436276665474
8422,0.1678404156588729
8423,0.30265374248254134
8424,0.19203575965516342
8425,0.34223096659567304
8426,0.4407798409024652
8427,0.16845472865910982
8428,0.2541624696673074
8429,0.32103523135210094
8430,0.35016348396101565
8431,0.32141170041682293
8432,0.3693210884335033
8433,0.831238126533024
8434,0.3853779177318036
8435,0.8681576288689663
8436,0.346734333661009
8437,0.39544092856912966
8438,0.250894393476399
8439,0.8255432068933892
8440,0.850118737884182
8441,0.3287885624283746
8442,0.295008952050652
8443,0.26956961063912027
8444,0.2947544623081085
8445,0.17215515587340094
8446,0.20875083938891142
8447,0.3557461621165667
8448,0.3246346113095833
8449,0.21278196433846366
8450,0.34291133408666996
8451,0.12309409489030299
8452,0.30272705980043546
8453,0.4924806966679581
8454,0.3186865619603449
8455,0.21954111212834287
8456,0.6188658233372591
8457,0.7875117435602852
8458,0.1798203142958469
8459,0.36220094440631073
8460,0.8140687375795459
8461,0.22189818354740626
8462,0.33830734873311014
8463,0.34218566242777665
8464,0.22944883787295892
8465,0.23268646250733876
8466,0.21645254980420603
8467,0.2923026663408097
8468,0.4430527927788425
8469,0.32409284074322553
8470,0.3154776455507683
8471,0.4304462039487314
8472,0.2764851308998491
8473,0.27738330572550735
8474,0.2157411299796625
8475,0.8562016552091503
8476,0.41484681547332697
8477,0.29274345242041505
8478,0.23583096182628305
8479,0.8055524586512866
8480,0.3304907949201483
8481,0.33321623733950706
8482,0.3268429398812866
8483,0.2073825024225141
8484,0.33877225316498216
8485,0.2475554592396376
8486,0.30097074151334385
8487,0.1427422051284427
8488,0.3870576956048017
8489,0.3323272625098397
8490,0.3229037032367707
8491,0.20680013358733187
8492,0.22223449567514947
8493,0.4199472803455527
8494,0.7823182146828677
8495,0.8338654274772318
8496,0.25062895797591866
8497,0.37873802698239456
8498,0.39175598170549786
8499,0.7432357576226133
8500,0.21236753951736578
8501,0.8252414412220864
8502,0.19266926043292598
8503,0.30387811564030576
8504,0.7941726467961605
8505,0.3980843164418349
8506,0.14019838681515492
8507,0.15748995370019866
8508,0.30024267425509005
8509,0.2415213443614907
8510,0.7544596093785007
8511,0.3297021559397343
8512,0.30610867809396114
8513,0.40637927387824685
8514,0.2829679611179023
8515,0.1939789412535176
8516,0.8245839595678286
8517,0.20418170690783324
8518,0.4199336600918012
8519,0.2491594737327511
8520,0.25596483830044175
8521,0.3087976755424118
8522,0.3314688183194405
8523,0.3320760213905009
8524,0.8264087494260711
8525,0.2989987902660642
8526,0.391277076033719
8527,0.1888017763687975
8528,0.20235342970876632
8529,0.31982956000034457
8530,0.1553518327390117
8531,0.2692012796089578
8532,0.324707959415903
8533,0.37117053623057544
8534,0.26514296044603647
8535,0.4044660493578665
8536,0.17452827032437046
8537,0.3144314449918881
8538,0.16824806626290187
8539,0.2791248062729037
8540,0.2884720832299132
8541,0.4234202723877293
8542,0.2294539801250954
8543,0.835860029389908
8544,0.4234671860126608
8545,0.28767164954313146
8546,0.2676964711906108
8547,0.8338777148625642
8548,0.29272894722132337
8549,0.345534631580368
8550,0.22161781214407286
8551,0.25312031318097
8552,0.45941298744011727
8553,0.3194128268253316
8554,0.7771411128806407
8555,0.33390688872580104
8556,0.37409798341398626
8557,0.36841724850667107
8558,0.2588373840690962
8559,0.3064462468606814
8560,0.3623538030253935
8561,0.837729301512141
8562,0.871258457860661
8563,0.29846404761943734
8564,0.31699156349799923
8565,0.2192545879790599
8566,0.36396699547879663
8567,0.37190308102719627
8568,0.8395345668087622
8569,0.2690765373238179
8570,0.20609010975485703
8571,0.38031409650068204
8572,0.3627631403266125
8573,0.25556970293105336
8574,0.16745469985048975
8575,0.40543208826828536
8576,0.3299640563580098
8577,0.8250945075558704
8578,0.20412549129434338
8579,0.6330827109884868
8580,0.27233248029924145
8581,0.21539055533013435
8582,0.41296830176107846
8583,0.32547135312285363
8584,0.3629882916093983
8585,0.3071933678903082
8586,0.21917033663765606
8587,0.30101008427615733
8588,0.2510501363798077
8589,0.822237390346775
8590,0.8344667182550827
8591,0.8786915099781272
8592,0.29252616299056067
8593,0.293547487395929
8594,0.21792567927894893
8595,0.3224941922934225
8596,0.3069430413475507
8597,0.2492271316836084
8598,0.8075833952041448
8599,0.4158110151061346
8600,0.23757106851080306
8601,0.41962815710088175
8602,0.8456070986763415
8603,0.7625856163718205
8604,0.21848553650327135
8605,0.5787690715428372
8606,0.14762575704565814
8607,0.33027775788150465
8608,0.20594465718584845
8609,0.25224278030049907
8610,0.3162341957785418
8611,0.2138507285990074
8612,0.26080478608945384
8613,0.34772699005192925
8614,0.334372407141958
8615,0.30924208292843225
8616,0.6489043604367896
8617,0.31950325330796797
8618,0.397693817489458
8619,0.44033308438495566
8620,0.17775535221526576
8621,0.38454870262403096
8622,0.3549775653587922
8623,0.36311241852370885
8624,0.8722395289722167
8625,0.19849294443711007
8626,0.14030879237765165
8627,0.2928833215381145
8628,0.0936995027167057
8629,0.6295620714383902
8630,0.39443302789730916
8631,0.35733095420607636
8632,0.1845473346872522
8633,0.851193163772141
8634,0.29485258332685393
8635,0.17461627704418498
8636,0.2809290844452846
8637,0.8264087494260711
8638,0.3047733076159682
8639,0.28387335934803865
8640,0.40513577999413813
8641,0.32967981888194386
8642,0.1769975013774368
8643,0.32068369460243085
8644,0.7816231645802848
8645,0.34596918465601173
8646,0.3190224424101256
8647,0.2757227041859799
8648,0.7820251305793517
8649,0.2531432658228166
8650,0.3116768817802473
8651,0.1996150426985987
8652,0.25318288458057076
8653,0.38871543957851457
8654,0.35727197814674866
8655,0.34377853689503834
8656,0.19218034880437637
8657,0.23512171158607323
8658,0.23979815018321132
8659,0.21378292106682045
8660,0.7060912365460456
8661,0.4276242768603643
8662,0.33279565594943766
8663,0.17830467348773513
8664,0.18176120868917356
8665,0.26759274497063246
8666,0.21204044163128255
8667,0.17721758566217777
8668,0.4045091960104721
8669,0.17889824794148007
8670,0.33675976776894195
8671,0.775313893178228
8672,0.20488277870119284
8673,0.19560257470567655
8674,0.12667025360774778
8675,0.31443727820528466
8676,0.42000430691341345
8677,0.20760061937283797
8678,0.33288407042729307
8679,0.18313970029075408
8680,0.32262108132407313
8681,0.786814493126364
8682,0.3895745711693928
8683,0.3945607165921436
8684,0.29186557190651286
8685,0.8145278498708196
8686,0.18032370641151618
8687,0.2979164494543728
8688,0.4226697381413102
8689,0.30599733366496307
8690,0.27604518631788283
8691,0.23009220962676263
8692,0.30939587747586056
8693,0.16654222358212198
8694,0.2510971328071825
8695,0.2746116303130349
8696,0.29864456394325034
8697,0.2712603886215008
8698,0.3540033870295889
8699,0.3214302570297717
8700,0.204142050219079
8701,0.8264672634535377
8702,0.3468736964779204
8703,0.23922755340835508
8704,0.3842072937202529
8705,0.2974692255825755
8706,0.3229153609966922
8707,0.18131303549061534
8708,0.2332110196745122
8709,0.8289851120628543
8710,0.1838901956061714
8711,0.7699796807648166
8712,0.3536130050819865
8713,0.280891772633696
8714,0.1147716650271962
8715,0.28606033856608504
8716,0.25650095158862163
8717,0.6001041298564845
8718,0.3839638760788988
8719,0.2803872000010908
8720,0.23839756797196276
8721,0.3703414339738264
8722,0.8240027541210975
8723,0.262134587312558
8724,0.8342912317109433
8725,0.3701143688955757
8726,0.385376171567466
8727,0.24579799446346154
8728,0.17779042675058557
8729,0.33898722666227754
8730,0.8337581924273286
8731,0.3132858179290864
8732,0.4293063190033642
8733,0.3348251352417579
8734,0.2879279442882973
8735,0.8078167451419455
8736,0.32185348275214126
8737,0.21014017399357726
8738,0.3922951046147191
8739,0.22121369635023327
8740,0.2756483515705626
8741,0.26915264587710813
8742,0.3205125155200879
8743,0.3251145556759997
8744,0.8462095161474146
8745,0.8264087494260711
8746,0.3251985746625196
8747,0.7239403978921409
8748,0.31209159321300056
8749,0.31423979358477605
8750,0.323276492153947
8751,0.8021836013267499
8752,0.20751115540391118
8753,0.2705976907362776
8754,0.8317374845161584
8755,0.2810225453979578
8756,0.379645390247319
8757,0.39210816542876153
8758,0.2799851390630239
8759,0.2822525834684757
8760,0.2827106413391065
8761,0.22327443225364352
8762,0.2558538899383958
8763,0.36886728688490583
8764,0.2885095328691567
8765,0.28851865032054685
8766,0.19593191537289406
8767,0.31889234632432367
8768,0.40116936201792536
8769,0.13086139735381724
8770,0.21384006552870652
8771,0.3033256654701744
8772,0.23038443626469823
8773,0.3206096659000739
8774,0.3152531184893004
8775,0.1608819818902473
8776,0.2826035677321504
8777,0.3009766814399279
8778,0.29825725565674494
8779,0.8294363090415366
8780,0.15279760242392812
8781,0.3437779768250718
8782,0.3413858979884107
8783,0.8260185139341729
8784,0.8346542651356775
8785,0.23440103647727575
8786,0.31926371225552624
8787,0.4711950304054676
8788,0.37322830029317106
8789,0.3767540248900072
8790,0.3169034274070052
8791,0.35137545272077136
8792,0.23541202770069106
8793,0.16887525073846937
8794,0.21332406441424354
8795,0.23153454272912638
8796,0.4621888011911845
8797,0.3293372406511589
8798,0.20360728583065577
8799,0.3455145162515177
8800,0.8300052414824388
8801,0.27650008954459643
8802,0.2844174075101413
8803,0.3196060835625685
8804,0.33650114562868433
8805,0.4033413365908425
8806,0.34103378407687696
8807,0.2282465080310347
8808,0.400549331507861
8809,0.3039608741812358
8810,0.4200488333860553
8811,0.33407542452995137
8812,0.28688999098420187
8813,0.33660040306812045
8814,0.31661983209305467
8815,0.1844418368765074
8816,0.7149729376284042
8817,0.22164985817299734
8818,0.24525063823741888
8819,0.37691786924420917
8820,0.18124893589885338
8821,0.3205877987064443
8822,0.19761850665535716
8823,0.34295737301623813
8824,0.32740946395946036
8825,0.30571310720115513
8826,0.7544596093785007
8827,0.8286776437337056
8828,0.25383372936171755
8829,0.229476006552715
8830,0.14324896729921457
8831,0.14786711055692972
8832,0.28211281578017894
8833,0.2628469412311641
8834,0.7888628808980762
8835,0.40432820082843873
8836,0.2022754237730518
8837,0.24606784984522137
8838,0.32584188692365273
8839,0.25710121335426267
8840,0.822237390346775
8841,0.34992027808908704
8842,0.6282222916841339
8843,0.29440010801251304
8844,0.16495111262569415
8845,0.8681576288689663
8846,0.39299023303641567
8847,0.2750216977764902
8848,0.3465300950361104
8849,0.2633523802791327
8850,0.2315225343925346
8851,0.33563487523052116
8852,0.3870887907152218
8853,0.18332367894283091
8854,0.3934780832658399
8855,0.2537215321927757
8856,0.24456383305159418
8857,0.32123016325285164
8858,0.36673476484281936
8859,0.2142999543653427
8860,0.31444465205313693
8861,0.2325330960781699
8862,0.480652477866082
8863,0.2929494379764749
8864,0.23398457959589425
8865,0.35296876214363726
8866,0.8140687375795459
8867,0.29511696969949436
8868,0.3288959739680749
8869,0.3720978269393519
8870,0.40172670830342
8871,0.24947622937829808
8872,0.7746562285808178
8873,0.2919931348271547
8874,0.36400224332628117
8875,0.6217942115395079
8876,0.343125094609391
8877,0.3521334216745956
8878,0.31199354955921027
8879,0.8130467769673345
8880,0.40898340772073405
8881,0.3342824441161637
8882,0.2930264862801159
8883,0.30118580074128043
8884,0.45208996639435695
8885,0.3898978236929237
8886,0.4577618399422459
8887,0.5311866515393067
8888,0.1886351047245191
8889,0.22888748691634841
8890,0.386981585635298
8891,0.3915343814040072
8892,0.34367995002509466
8893,0.8274642710857122
8894,0.214431180264518
8895,0.2415256143840655
8896,0.8063656634214637
8897,0.2782662184668423
8898,0.3316795567613957
8899,0.823195599385899
8900,0.17773149560996207
8901,0.21010792373471207
8902,0.8156450086453996
8903,0.3104197655250565
8904,0.3792608848867698
8905,0.30127235662180624
8906,0.27875996987617746
8907,0.2605484825590991
8908,0.43009120742676515
8909,0.2634865663219889
8910,0.30933533054410994
8911,0.2003618049874609
8912,0.8571853962810704
8913,0.29842504442768136
8914,0.7799385296960851
8915,0.1534921237737955
8916,0.3511702123499323
8917,0.28668064513543184
8918,0.3748659821962584
8919,0.38056483185748546
8920,0.40666606260992344
8921,0.18413668092784824
8922,0.3391609086877275
8923,0.19662403691616478
8924,0.36156104639870806
8925,0.2709840901846614
8926,0.2031513129345093
8927,0.2483490785522223
8928,0.7283522500559948
8929,0.3254092344959348
8930,0.17583166155276078
8931,0.387380047085728
8932,0.8516901929736947
8933,0.28812016844517224
8934,0.32320185542702107
8935,0.17541407620092173
8936,0.26170043542312166
8937,0.21594889436702505
8938,0.2307098010080129
8939,0.8289851120628543
8940,0.6499772294667192
8941,0.14786231319621157
8942,0.23818019666179138
8943,0.30434385099078065
8944,0.26116044080947565
8945,0.634207130270234
8946,0.3485122667406934
8947,0.1616696892466945
8948,0.4160157252172706
8949,0.2588289455465199
8950,0.3068889582221689
8951,0.3835912788186552
8952,0.831238126533024
8953,0.46594952838125925
8954,0.75968299586247
8955,0.30327393341362224
8956,0.8299059673313745
8957,0.4050171865261226
8958,0.7836109977105224
8959,0.24383832554385879
8960,0.2983121438512789
8961,0.24420261794929365
8962,0.2566241435144526
8963,0.15715471931259603
8964,0.2944394269061409
8965,0.3045813063706881
8966,0.2607458245464645
8967,0.8340384220100209
8968,0.46379154035564096
8969,0.2916085831368502
8970,0.6422860163379458
8971,0.7771411128806407
8972,0.8299909784082754
8973,0.10481695103555656
8974,0.31406794176163416
8975,0.30340761456239457
8976,0.29268751150816746
8977,0.15873640186338156
8978,0.3245582511897725
8979,0.38203734395244604
8980,0.19044180101292218
8981,0.32156295693859205
8982,0.4452017064085011
8983,0.4407798409024652
8984,0.41070269577664675
8985,0.23354297861260018
8986,0.4353731192655031
8987,0.22748843377927422
8988,0.34045993596391355
8989,0.27667897429311805
8990,0.5884310599877577
8991,0.3238983791452769
8992,0.13666516528679146
8993,0.31542491787852056
8994,0.8681576288689663
8995,0.8479302265521966
8996,0.6145425058948772
8997,0.33817029832572715
8998,0.24112746466768997
8999,0.21847811910101533
9000,0.3704000666363265
9001,0.3024482184239357
9002,0.19043904262484213
9003,0.20633673028344254
9004,0.3257020434930307
9005,0.2976157943755203
9006,0.3366203046125357
9007,0.4021061841789963
9008,0.8388144278884505
9009,0.4024527036451196
9010,0.19987701547516465
9011,0.4050171865261226
9012,0.16240219161930425
9013,0.3480600633327387
9014,0.8371422096780343
9015,0.8264672634535377
9016,0.65192251122342
9017,0.352301545396598
9018,0.2586238130553146
9019,0.3828867146589683
9020,0.26694735238823925
9021,0.21489368617285878
9022,0.41848431209131337
9023,0.3361301947418433
9024,0.47672188580888103
9025,0.24517668272233778
9026,0.42278367574408476
9027,0.6295620714383902
9028,0.3251029063744744
9029,0.3640567076051041
9030,0.8389801320175303
9031,0.40825483084149883
9032,0.19728951420675184
9033,0.15859349900414413
9034,0.31034082614524167
9035,0.362052732184723
9036,0.2292621150862725
9037,0.279758279558883
9038,0.22225662521054304
9039,0.16017413510674153
9040,0.3141747483193516
9041,0.27021357428192017
9042,0.44647111935404005
9043,0.3206833095066849
9044,0.24065774131898174
9045,0.3291213398911565
9046,0.3233635922103643
9047,0.37947045620151265
9048,0.3339105878013027
9049,0.21326781240510673
9050,0.8229805562989598
9051,0.786814493126364
9052,0.27177624920953813
9053,0.32702180622630483
9054,0.4491934514209583
9055,0.45887387320939127
9056,0.25047140356887726
9057,0.3190148523395018
9058,0.24716412461160295
9059,0.1969238115422946
9060,0.27952460341906843
9061,0.2016291811125545
9062,0.36716880103304983
9063,0.2111639966222209
9064,0.3837859259993563
9065,0.33759961026236734
9066,0.21113755689025773
9067,0.32902952909445465
9068,0.38715607742390856
9069,0.14900294319720633
9070,0.27462441074622784
9071,0.2823575233398223
9072,0.15968490607594057
9073,0.21742806625540664
9074,0.2890299545565521
9075,0.3314595233553112
9076,0.1670049231140352
9077,0.40641975810563213
9078,0.2924685670113541
9079,0.7771411128806407
9080,0.3352356711338958
9081,0.2984946177082743
9082,0.3413465286854185
9083,0.16274155134008925
9084,0.1397137307806395
9085,0.3450329188247398
9086,0.8301562911496175
9087,0.7762038596270403
9088,0.25563625603378315
9089,0.172504253524109
9090,0.48505220519182346
9091,0.289204979716429
9092,0.4012922390106085
9093,0.1721826041052631
9094,0.3899570185107198
9095,0.3990133857516471
9096,0.4618459117725548
9097,0.33174709071615416
9098,0.27837263978480903
9099,0.33881546213851726
9100,0.3366409266026108
9101,0.8353565876641688
9102,0.14940585675722864
9103,0.34553196534487646
9104,0.30309764209036105
9105,0.2780081156764655
9106,0.8367859135794345
9107,0.3020204423505286
9108,0.23742852398250924
9109,0.15410884447579168
9110,0.8281330709612088
9111,0.4815990219454072
9112,0.3574021415875693
9113,0.18561125744459242
9114,0.6923716707413999
9115,0.7853514333598843
9116,0.25880443666228
9117,0.8238992165351328
9118,0.25312031318097
9119,0.12468460422604843
9120,0.7882491172495035
9121,0.1745414087669006
9122,0.28493703215182875
9123,0.33228710661436883
9124,0.3276667245386754
9125,0.3559745718819754
9126,0.2665133200552123
9127,0.8353565876641688
9128,0.21877636148109722
9129,0.3722920069936756
9130,0.13945847172666037
9131,0.3298124083281901
9132,0.832977388363216
9133,0.152951759005174
9134,0.39185433990613755
9135,0.8148005414128793
9136,0.3359190988961259
9137,0.32710978645876576
9138,0.38424357828093725
9139,0.18847648951265714
9140,0.5815448679002369
9141,0.40308428541876745
9142,0.8088810168161185
9143,0.3543833063989276
9144,0.16673724410716328
9145,0.4335567856762632
9146,0.23190553260934776
9147,0.35955647930592577
9148,0.1754685180895901
9149,0.2364710246291734
9150,0.24350564477164519
9151,0.4064246409827572
9152,0.1551080778233906
9153,0.2329575290638009
9154,0.1734016463243639
9155,0.7702496060215548
9156,0.29325338953758445
9157,0.4316159960976169
9158,0.37178185085422155
9159,0.3307236097085805
9160,0.18815512159816106
9161,0.23671222231220615
9162,0.29919338117411776
9163,0.41648718677780444
9164,0.20537142769166863
9165,0.2092978220626656
9166,0.4769357919056195
9167,0.7853514333598843
9168,0.39842990690290103
9169,0.45152667723472734
9170,0.3539302038744927
9171,0.17354410091386105
9172,0.16921359858319562
9173,0.4367123027723674
9174,0.3505556391688535
9175,0.17771402884978774
9176,0.3009143036872519
9177,0.286019792639285
9178,0.2491594737327511
9179,0.31127746843841625
9180,0.21158238066214835
9181,0.7795152400264801
9182,0.3010416786251889
9183,0.2736721900882731
9184,0.18755641237530926
9185,0.6145425058948772
9186,0.24128792506915675
9187,0.22159050059753801
9188,0.2548611355719514
9189,0.30258288008626266
9190,0.32267706264816004
9191,0.24167595026038108
9192,0.30938958578840187
9193,0.30976339941637615
9194,0.4604652784861837
9195,0.2270619814231424
9196,0.4061696123246927
9197,0.34379969264706933
9198,0.12932796809210256
9199,0.10274680572738774
9200,0.2932155047469757
9201,0.33018981427911326
9202,0.21711208101826174
9203,0.399695689360557
9204,0.37897816142439483
9205,0.7829210139021366
9206,0.27579731838739335
9207,0.222958647078083
9208,0.33927055410941803
9209,0.4398140284532819
9210,0.28331262125076473
9211,0.215855221338592
9212,0.3922528771785821
9213,0.20333439726492641
9214,0.3599928096786901
9215,0.4203229129844022
9216,0.2623054822089448
9217,0.39304956445775613
9218,0.402922168637559
9219,0.216300819271489
9220,0.2659739375861952
9221,0.21390539384991344
9222,0.34456501417478935
9223,0.8483753706413633
9224,0.3858263838908382
9225,0.25608283233722756
9226,0.22389364130495876
9227,0.2230291278593516
9228,0.2951715438895001
9229,0.18497723054781953
9230,0.27500104146930254
9231,0.3049276088654207
9232,0.3304760840586813
9233,0.3230903763691457
9234,0.4286945717533309
9235,0.3577633289243715
9236,0.30008053149569985
9237,0.2760180471139438
9238,0.813078232416382
9239,0.8233221220444285
9240,0.33134104024720057
9241,0.40198610437460736
9242,0.7888628808980762
9243,0.19585418601081714
9244,0.26427132254069197
9245,0.2229572607795355
9246,0.333447914286108
9247,0.24470173549931598
9248,0.4064433291304417
9249,0.2423989007517231
9250,0.4187120348417945
9251,0.26526282535061263
9252,0.850118737884182
9253,0.7727751739562314
9254,0.2978516446169821
9255,0.2536266754365074
9256,0.31682038252871814
9257,0.34467061852208924
9258,0.24771513733331996
9259,0.3757745318561491
9260,0.4270943898803596
9261,0.8299059673313745
9262,0.34223661426227114
9263,0.3503999977253016
9264,0.3441297339878762
9265,0.21998190241874635
9266,0.23253802751173688
9267,0.235516173842281
9268,0.2418310951311792
9269,0.3742791779066405
9270,0.26721068323418523
9271,0.8150901484510757
9272,0.8252084754158266
9273,0.27463733633482795
9274,0.20311853190050694
9275,0.8312779256669508
9276,0.10492385526684872
9277,0.15866561361270873
9278,0.2967798128739085
9279,0.7785957434987706
9280,0.36758047226093055
9281,0.3760193409485309
9282,0.8075833952041448
9283,0.782489190447852
9284,0.3297036137382251
9285,0.12067003385344961
9286,0.17522985615672376
9287,0.2498936244135352
9288,0.36382853915119984
9289,0.20281474093373983
9290,0.3380928904778705
9291,0.38231996240469945
9292,0.16611425524877274
9293,0.23597135922529783
9294,0.2648808266735047
9295,0.1363687261942835
9296,0.3385441393103522
9297,0.4449765521123169
9298,0.28645424335101416
9299,0.23261853611898045
9300,0.2730623170783522
9301,0.20915456800196333
9302,0.20452490149404162
9303,0.4057998392422345
9304,0.4142403174233137
9305,0.132119265948556
9306,0.2619413279897786
9307,0.22829538539063934
9308,0.3051932491803659
9309,0.32356794432668345
9310,0.3643638807591457
9311,0.2779062137511381
9312,0.1923766133340518
9313,0.24460348379073238
9314,0.21925546233307885
9315,0.24731690035459933
9316,0.7702496060215548
9317,0.22105959999997649
9318,0.23449958858184533
9319,0.22703848772336052
9320,0.2824485131758905
9321,0.19392466068156905
9322,0.29517645274051046
9323,0.2270654322748669
9324,0.30166147328854825
9325,0.2757200834944099
9326,0.33463704439359243
9327,0.14681565805034394
9328,0.2589807680628111
9329,0.3588224637254539
9330,0.35746077160729034
9331,0.1481743077267694
9332,0.29952687274218853
9333,0.7208894389272198
9334,0.4414655915555635
9335,0.2465686709093861
9336,0.14178604655162752
9337,0.18057542312389444
9338,0.3231693355989181
9339,0.2887544275600402
9340,0.25133610592897526
9341,0.18402574069568617
9342,0.80607209186859
9343,0.1488480443530421
9344,0.8207112399698901
9345,0.32729431470204456
9346,0.16908873115112602
9347,0.17021552650646368
9348,0.4040255435541696
9349,0.17870448568014677
9350,0.29455873740530714
9351,0.2858587059372233
9352,0.3293287781320141
9353,0.4846601356380421
9354,0.25641476666836677
9355,0.3806418697870714
9356,0.40363410883687306
9357,0.8151525603263516
9358,0.3622173217373643
9359,0.20733994794848032
9360,0.18191775412584385
9361,0.8317374845161584
9362,0.1462121460978525
9363,0.4154163224512696
9364,0.23520734565337445
9365,0.24465933723007174
9366,0.2016763162687165
9367,0.37934693134847486
9368,0.8338818418628057
9369,0.23734718213638306
9370,0.34315961998829103
9371,0.42130096487693325
9372,0.33178809632184375
9373,0.3459027639737655
9374,0.32567845311715504
9375,0.3177942740320897
9376,0.29438001826907884
9377,0.4083881043641342
9378,0.2412895553331236
9379,0.2163139996368261
9380,0.3783946868855025
9381,0.14520693946108107
9382,0.35573584388613266
9383,0.39458048438297877
9384,0.1941176627774536
9385,0.2798325311892934
9386,0.17957136871323928
9387,0.45833586599725523
9388,0.1892164508388384
9389,0.39285402918288287
9390,0.1746688084656685
9391,0.39680024988811646
9392,0.22737723149001693
9393,0.4292873439801787
9394,0.15096778566172203
9395,0.37150178406677425
9396,0.294743505773261
9397,0.1464482241966387
9398,0.2517306342522494
9399,0.1563649576316262
9400,0.2623813025038695
9401,0.26424356097886664
9402,0.33896412598435693
9403,0.8069224139039296
9404,0.34626526633326526
9405,0.31361671337440084
9406,0.15910323281797745
9407,0.4084707222152718
9408,0.3544287493014728
9409,0.27108733008709174
9410,0.34479395924599404
9411,0.28033832134522874
9412,0.17693148938882214
9413,0.23610962155687723
9414,0.34316761986179495
9415,0.32318223781547833
9416,0.39132279467228337
9417,0.30718334068266534
9418,0.20488277870119284
9419,0.3293535893537124
9420,0.23029213943272278
9421,0.27504853659040734
9422,0.24871576654922617
9423,0.31949026331974206
9424,0.5451727854362762
9425,0.4551779182691531
9426,0.2222398713656286
9427,0.3693993935776475
9428,0.8195155293261329
9429,0.2533804823111734
9430,0.2552823433666305
9431,0.3536130050819865
9432,0.16560337413111642
9433,0.8546028239958925
9434,0.15178712741200123
9435,0.27677217284269634
9436,0.2827265798834367
9437,0.19904091277903443
9438,0.24308882991252304
9439,0.3622175083175368
9440,0.2188660178320675
9441,0.19381279486918654
9442,0.28627855265646596
9443,0.28454673049727
9444,0.808004564337184
9445,0.17487392612877983
9446,0.21443313078579965
9447,0.32506031786666567
9448,0.8786915099781272
9449,0.38948839046414624
9450,0.37648542339270524
9451,0.3279699585225594
9452,0.8338777148625642
9453,0.3875778497196245
9454,0.23644104017995834
9455,0.28400847186220857
9456,0.22103854691905758
9457,0.20007749143284329
9458,0.43889599222213543
9459,0.4279477570979018
9460,0.27485858694935444
9461,0.27994392922441935
9462,0.3538446642804379
9463,0.29393828825892565
9464,0.5107045700077201
9465,0.7750960157871244
9466,0.38634335767094025
9467,0.44026122350179997
9468,0.3036623071213926
9469,0.3713248237269171
9470,0.18451152639332966
9471,0.19152060720879144
9472,0.42996528582072724
9473,0.8332242390278448
9474,0.33484720229279086
9475,0.21771070680264865
9476,0.33288445661737437
9477,0.3277192272601142
9478,0.4072274756711402
9479,0.8300134456514219
9480,0.3225900104431105
9481,0.20488277870119284
9482,0.3474580922743395
9483,0.3277337431585074
9484,0.26993615824532263
9485,0.26765136789569643
9486,0.274247836920097
9487,0.27602655371133256
9488,0.27418787323185934
9489,0.20488277870119284
9490,0.33980512583146993
9491,0.2497232316006369
9492,0.25312031318097
9493,0.3634150128187286
9494,0.2491148578825511
9495,0.2972538532867327
9496,0.24331500675432072
9497,0.37241537580419504
9498,0.37337543784238075
9499,0.3741744676795332
9500,0.2060361509953811
9501,0.22390112916349592
9502,0.1569546513815736
9503,0.33275894206156537
9504,0.27201057604074713
9505,0.15460969159792518
9506,0.31823604870321076
9507,0.1846163338210723
9508,0.38381892887320757
9509,0.3134940401211394
9510,0.341432171065916
9511,0.24697703690796616
9512,0.8207112399698901
9513,0.822237390346775
9514,0.4000668548883345
9515,0.45115904815601426
9516,0.20308001817823473
9517,0.27709128549354045
9518,0.1452157634673193
9519,0.3957151792933302
9520,0.23029213943272278
9521,0.20506153396820748
9522,0.4199336600918012
9523,0.23096226908364495
9524,0.8249643212656635
9525,0.15528182546349098
9526,0.4216460377550605
9527,0.3134198600024779
9528,0.6346507388356557
9529,0.35024652120799576
9530,0.35329355092512704
9531,0.8317374845161584
9532,0.7192573995075476
9533,0.8367236246493414
9534,0.40607714194184874
9535,0.24159151067546103
9536,0.22749780852891593
9537,0.8509515335403887
9538,0.413222218284427
9539,0.2969943981671146
9540,0.42222584196285545
9541,0.15544063560002774
9542,0.20901850608353376
9543,0.5370364763011918
9544,0.7149286129224784
9545,0.35766830933334753
9546,0.3226574396304847
9547,0.31504603322244706
9548,0.29504395357485924
9549,0.364037126416135
9550,0.3440114722369337
9551,0.2917618068491688
9552,0.23475442350604198
9553,0.2942074736211501
9554,0.2970523259134087
9555,0.835737626563047
9556,0.3309012121703322
9557,0.3389834868590227
9558,0.6223062091072291
9559,0.2756903875738889
9560,0.14864389976098627
9561,0.2324811537840242
9562,0.3489323549558764
9563,0.3275600313680082
9564,0.3044425537436622
9565,0.2503569982849571
9566,0.15755569188062402
9567,0.4101863371253987
9568,0.3878049275129606
9569,0.3041614547930359
9570,0.36424923566876405
9571,0.40668020066712285
9572,0.4513985624432655
9573,0.294027037419459
9574,0.2546343340618523
9575,0.3864166633788952
9576,0.477922788757152
9577,0.3390222323493183
9578,0.2691405722132485
9579,0.21146709657576954
9580,0.8243074974198471
9581,0.4175158474707491
9582,0.8274642710857122
9583,0.2647348468576448
9584,0.2507719220005185
9585,0.41403366466991276
9586,0.29219523473096715
9587,0.44646310868244216
9588,0.3092146117586801
9589,0.7810555793006685
9590,0.23553925627655786
9591,0.7784795499492765
9592,0.38062181930477496
9593,0.8264672634535377
9594,0.1406919023604777
9595,0.4083970983571107
9596,0.32103123904698583
9597,0.22456426618457762
9598,0.19981108593763536
9599,0.29023155992147315
9600,0.3277717449346627
9601,0.24584769795299452
9602,0.5612483113715209
9603,0.2814442950610545
9604,0.19460371707153862
9605,0.18969238050978698
9606,0.4064892946042694
9607,0.4367123027723674
9608,0.2750001018564084
9609,0.35763242683605984
9610,0.2555324161146173
9611,0.22190092122294294
9612,0.4731940421628835
9613,0.29942671404762494
9614,0.3161095696557257
9615,0.17755878056873217
9616,0.4055238850910624
9617,0.3521307681921261
9618,0.1631953415618366
9619,0.17257307610327458
9620,0.2571989702043488
9621,0.10932925408584791
9622,0.30188068703666715
9623,0.16064031341422855
9624,0.3818416932319514
9625,0.3661910134907942
9626,0.8161567193788879
9627,0.3410152084902768
9628,0.37687100960845954
9629,0.8357668595311958
9630,0.09371233340041639
9631,0.3231656947659729
9632,0.25747993331755037
9633,0.13437496735170065
9634,0.3744258019372751
9635,0.17713652121259663
9636,0.266380950407727
9637,0.32990785800128114
9638,0.4007640436917933
9639,0.34011988686876443
9640,0.4219708506864967
9641,0.22044842656436517
9642,0.2852245411241378
9643,0.28123781231153566
9644,0.25757502339336347
9645,0.1838593452313382
9646,0.32935648421613206
9647,0.8342912317109433
9648,0.2975791103884578
9649,0.8365514553245469
9650,0.39629386298216956
9651,0.25485145153453637
9652,0.46106674420828914
9653,0.3125030140429794
9654,0.7846530474292535
9655,0.34954217740674365
9656,0.28274410271307765
9657,0.29797266245251947
9658,0.30891433953434333
9659,0.4075384169807811
9660,0.8229805562989598
9661,0.3320522586495936
9662,0.425816671968851
9663,0.40421112638549545
9664,0.4496340918448421
9665,0.8373632443374169
9666,0.3162278834040151
9667,0.7856535506550689
9668,0.29831497551657477
9669,0.2304351499924381
9670,0.2627295099230896
9671,0.25312031318097
9672,0.46915248922287095
9673,0.4576396395726349
9674,0.8241358236005139
9675,0.3168233873784341
9676,0.2862483316515875
9677,0.8267717038854974
9678,0.33231285027427415
9679,0.40861752497804454
9680,0.4577618399422459
9681,0.3305728296623125
9682,0.8139005656070551
9683,0.10768782830440958
9684,0.28729229308825155
9685,0.3914034383885897
9686,0.3294478632131041
9687,0.2304672116673071
9688,0.38825177189403054
9689,0.46423983345178943
9690,0.37468099453660364
9691,0.31574830603371756
9692,0.35384233143350785
9693,0.34034739675787024
9694,0.27654444794931515
9695,0.28328353757974395
9696,0.214272112030789
9697,0.8483753706413633
9698,0.22377388079846053
9699,0.42220027493947204
9700,0.6361436774186836
9701,0.22983352493410328
9702,0.13872025454335507
9703,0.3501443134728788
9704,0.23115614921987504
9705,0.3986411165519691
9706,0.31833544814544557
9707,0.1962104679787726
9708,0.3883199589880641
9709,0.44081736839041563
9710,0.31124841285063176
9711,0.13285690369589048
9712,0.831238126533024
9713,0.41962815710088175
9714,0.26015885220047186
9715,0.30189229772532733
9716,0.4295868920731928
9717,0.35405030011241356
9718,0.2035256908211522
9719,0.26774886554701277
9720,0.3035474154941632
9721,0.4087491349836964
9722,0.8075833952041448
9723,0.35812749583922854
9724,0.24864456234732002
9725,0.3428443459126301
9726,0.3171420703829188
9727,0.6222766046677514
9728,0.22235939685388487
9729,0.28833607481300216
9730,0.4139768661315062
9731,0.2111639966222209
9732,0.32532482218852327
9733,0.4407798409024652
9734,0.23177822989083763
9735,0.1960802378037138
9736,0.20250071882330647
9737,0.3050833918740011
9738,0.18195392910560793
9739,0.2935992762137233
9740,0.19900921202642158
9741,0.6311875182018131
9742,0.835371189361749
9743,0.2482596514627474
9744,0.28030449797505347
9745,0.8325370284061646
9746,0.4180887236440422
9747,0.2881398278456329
9748,0.2271027436894315
9749,0.23259927220567198
9750,0.4014722357732837
9751,0.8336167517042868
9752,0.2776341868948898
9753,0.30342971642038047
9754,0.31689742751524896
9755,0.3524094697857136
9756,0.3559575920587368
9757,0.27206734476450073
9758,0.32622111216450367
9759,0.3033483687420765
9760,0.14302138130760655
9761,0.1886222975546057
9762,0.4860164178687574
9763,0.4187607033631889
9764,0.3202986584587704
9765,0.28246044747220334
9766,0.4089933573564768
9767,0.17334105263602514
9768,0.4226364264547315
9769,0.320766536141601
9770,0.31095956693916194
9771,0.7753067583419112
9772,0.32528589039231526
9773,0.8647559053745305
9774,0.178218407579609
9775,0.39702432416721256
9776,0.22653199903022192
9777,0.1409197511732676
9778,0.8042032762281488
9779,0.2796241101555375
9780,0.31358670049062937
9781,0.1999477993903141
9782,0.29125434062267236
9783,0.3321854661638382
9784,0.41791625342417704
9785,0.18794251634424416
9786,0.33529398960508916
9787,0.34012448328414435
9788,0.21494219966816042
9789,0.3954441407280719
9790,0.29960027704175807
9791,0.40593129008851503
9792,0.7450400709435977
9793,0.3220281118344643
9794,0.39799518613335627
9795,0.4193091052001506
9796,0.2113922084852568
9797,0.21800378727058825
9798,0.33075231095870256
9799,0.3128597489279781
9800,0.850118737884182
9801,0.4159092747353871
9802,0.11111256684164537
9803,0.21530438579511768
9804,0.3316286798230868
9805,0.3852809982670393
9806,0.266582941906455
9807,0.322432734507142
9808,0.40200284112249196
9809,0.17698782756740974
9810,0.19058774470372103
9811,0.24710216441817948
9812,0.34955907240684037
9813,0.20797129266964037
9814,0.4804915558705091
9815,0.20311853190050694
9816,0.3323698844585091
9817,0.22588422141588166
9818,0.1843613934291449
9819,0.32796241531377957
9820,0.343277083338328
9821,0.33524410039760627
9822,0.25167712795508057
9823,0.4071013961360177
9824,0.32575771645160934
9825,0.26301533427177576
9826,0.35225017673550924
9827,0.19804837986127027
9828,0.32859045455929514
9829,0.21187313340935324
9830,0.16476331390746463
9831,0.353027922881249
9832,0.7899551578095292
9833,0.29176867825268255
9834,0.16942938381178138
9835,0.38391245639111116
9836,0.41909688595803807
9837,0.1448159011322934
9838,0.8640423598589155
9839,0.24787674631617426
9840,0.21939824211342876
9841,0.2195046613541602
9842,0.22554884579873305
9843,0.2725804512297022
9844,0.8624084840824058
9845,0.8217162601919661
9846,0.14476840713352573
9847,0.2625991270281876
9848,0.19471978834135278
9849,0.4008156742677859
9850,0.4064246409827572
9851,0.43030580927965534
9852,0.3056522912350177
9853,0.2985435404756922
9854,0.362590331879718
9855,0.32470879759294435
9856,0.3450329188247398
9857,0.32782302139242375
9858,0.3771168107868141
9859,0.4421225795751054
9860,0.13638428860182103
9861,0.4150578642550847
9862,0.21703892764097754
9863,0.22300213404324082
9864,0.2644587131096263
9865,0.3298744410534669
9866,0.8335229704660974
9867,0.3291378829358901
9868,0.3343051025430464
9869,0.18772311957715523
9870,0.17646472371937286
9871,0.2069204172513215
9872,0.3687340379874027
9873,0.34784140494592614
9874,0.3401313757463288
9875,0.29118940702175145
9876,0.4608497856203309
9877,0.28871882370838203
9878,0.15975730464642554
9879,0.2696999660285895
9880,0.35548316440645483
9881,0.3432751095009786
9882,0.4032998019610387
9883,0.7792308587738982
9884,0.4706442198739027
9885,0.16818339325355716
9886,0.2532667474152619
9887,0.2400097707080741
9888,0.7722529568538128
9889,0.3213099049995222
9890,0.25768252553262666
9891,0.31781127785941693
9892,0.42539000673879457
9893,0.17106846652596047
9894,0.32678164829479117
9895,0.775348668276076
9896,0.4343565958380318
9897,0.34248911268016174
9898,0.7821915448022377
9899,0.42076894682805144
9900,0.30144963352956883
9901,0.36312118335591625
9902,0.2522324817015764
9903,0.4062569597610597
9904,0.35964005232737956
9905,0.5804780925896652
9906,0.21924953321369625
9907,0.3076088627510915
9908,0.25650699567715485
9909,0.24803532270987727
9910,0.15443940322842278
9911,0.3819486316430503
9912,0.29827092914596576
9913,0.28129514210608014
9914,0.26828713833704865
9915,0.2729074486833174
9916,0.19644456251001052
9917,0.21733745898249338
9918,0.41331311631973733
9919,0.2741129520535017
9920,0.4123952140231454
9921,0.38889582146787216
9922,0.2728451405470588
9923,0.43736350104151095
9924,0.3816641562745628
9925,0.24064006112061445
9926,0.3710209194684514
9927,0.2539829829573951
9928,0.35056064147657484
9929,0.15098974747090052
9930,0.3238401630802
9931,0.20078594105711425
9932,0.2049946231945228
9933,0.21382110793135256
9934,0.7625856163718205
9935,0.835050053709259
9936,0.3262640872389299
9937,0.17776517030388747
9938,0.3367934679637296
9939,0.32891315796790477
9940,0.8264672634535377
9941,0.2466419865902537
9942,0.39967218412596445
9943,0.33083653925366224
9944,0.4043326132078548
9945,0.32481787951138
9946,0.2967270493890555
9947,0.3384549988215851
9948,0.2541042161229807
9949,0.31707075343861657
9950,0.1490063891729478
9951,0.20754474956433658
9952,0.19066124575461924
9953,0.25272677380432546
9954,0.822237390346775
9955,0.2613764226805544
9956,0.37463253017671827
9957,0.23280079623377384
9958,0.24815206601337114
9959,0.3478244216414097
9960,0.38904877141969535
9961,0.31685933650448306
9962,0.338989376623724
9963,0.2534145089705044
9964,0.8681576288689663
9965,0.1354398802604527
9966,0.41397023583790143
9967,0.2809702954829428
9968,0.27742717572646347
9969,0.3007211458315814
9970,0.31294158533239147
9971,0.24608819407206853
9972,0.31255863112639937
9973,0.41882128572314065
9974,0.38289719270408146
9975,0.16520377813818754
9976,0.4199336600918012
9977,0.47581749977402354
9978,0.33093558792928385
9979,0.2931235487013783
9980,0.264425028330207
9981,0.6200073403468034
9982,0.779863456440408
9983,0.627317552157997
9984,0.3330162049715153
9985,0.3331369228281871
9986,0.4045986731843009
9987,0.37600845029527014
9988,0.15561202283976985
9989,0.23773992173477823
9990,0.4128642373973473
9991,0.2676559215634595
9992,0.4121344253490757
9993,0.1944998987302661
9994,0.32987578361551106
9995,0.38092747471443333
9996,0.19527755199827168
9997,0.4545724066953904
9998,0.8681576288689663
9999,0.3981493322438543
10000,0.28388473921889357
10001,0.7285686572930663
10002,0.8353565876641688
10003,0.3050892332379009
10004,0.3452477945467396
10005,0.8187897902783239
10006,0.3220191559842906
10007,0.3856111511956938
10008,0.40821575322548154
10009,0.22895644756159755
10010,0.21778994169144492
10011,0.21757860525427397
10012,0.8369445958105285
10013,0.287789411534411
10014,0.337319258190264
10015,0.8780608236090333
10016,0.20775319498803466
10017,0.3757518032577347
10018,0.35138023155009473
10019,0.18426681152806376
10020,0.2261387355178549
10021,0.32476202096470475
10022,0.3445734847797308
10023,0.20429894241286728
10024,0.41211107709554556
10025,0.2179372853185917
10026,0.35410225908697857
10027,0.2628761628216028
10028,0.32531548739474875
10029,0.2304922214485668
10030,0.12900219376050526
10031,0.20311853190050694
10032,0.2698284606910968
10033,0.16599733986880572
10034,0.18255138358576128
10035,0.3990503717113603
10036,0.25482062743002415
10037,0.1665318111288839
10038,0.26446448497197195
10039,0.2494615310331974
10040,0.3864853318346382
10041,0.12826222378657856
10042,0.3523174232290871
10043,0.2059435365960557
10044,0.2213361384231727
10045,0.11100313269085027
10046,0.3710096328998297
10047,0.26341207052571036
10048,0.2510688857395318
10049,0.32844583108854186
10050,0.23935334100682754
10051,0.3232248510963471
10052,0.13587665751341518
10053,0.4126035048864752
10054,0.3825403651885216
10055,0.2690229216464673
10056,0.2641690327499428
10057,0.3300713719080266
10058,0.8743705247421598
10059,0.3822805893543068
10060,0.13844836261499555
10061,0.15501231635964038
10062,0.3257006304221221
10063,0.33331007102984334
10064,0.169550589249975
10065,0.18048695585076982
10066,0.20334621209486958
10067,0.3043202220385601
10068,0.381079086388053
10069,0.3897552708334089
10070,0.30948750937573777
10071,0.28097382835586215
10072,0.4407798409024652
10073,0.20298058452651724
10074,0.39612367927933917
10075,0.1875043536225401
10076,0.3813258623401675
10077,0.2278046175452974
10078,0.28194047913666687
10079,0.2797162151130267
10080,0.2761829883544159
10081,0.8136992861144912
10082,0.35025922341877613
10083,0.24740848810452798
10084,0.15862513905221878
10085,0.82543965463246
10086,0.8359955288820088
10087,0.32634282551619576
10088,0.24795620294879095
10089,0.1993928824367382
10090,0.2015183955076891
10091,0.4061707349913745
10092,0.3971487971914676
10093,0.26357097853155964
10094,0.22061483379420344
10095,0.3523476672892888
10096,0.4084707222152718
10097,0.2380307305600057
10098,0.8217162601919661
10099,0.34887954674409244
10100,0.23123155289658937
10101,0.15774452545971804
10102,0.2542732098567471
10103,0.34821482948700533
10104,0.1816724735768416
10105,0.34201938223930817
10106,0.16051571032929612
10107,0.3792927184714855
10108,0.35101022245587143
10109,0.2236439529523542
10110,0.38541869498624237
10111,0.14652138335912793
10112,0.835050053709259
10113,0.2863009144957042
10114,0.23455506920777455
10115,0.1937602350321833
10116,0.21356366821057549
10117,0.21785380050245454
10118,0.18218454659497405
10119,0.2813659610499037
10120,0.5787690715428372
10121,0.22359107653829208
10122,0.30422930221551603
10123,0.24776716443753663
10124,0.46687681212299575
10125,0.4090199350978102
10126,0.3048330071358434
10127,0.36507389918788175
10128,0.21003260570662538
10129,0.27059099713987733
10130,0.1954506900174019
10131,0.20145832342015652
10132,0.7902831281990008
10133,0.1510910124954381
10134,0.3126444394764086
10135,0.38033778329170265
10136,0.2673962385096995
10137,0.8265582664833215
10138,0.205922780770733
10139,0.35458175185498997
10140,0.2782769791471959
10141,0.20053519251521834
10142,0.8681576288689663
10143,0.311082770391497
10144,0.385976722573997
10145,0.31083303047190564
10146,0.1944679933196547
10147,0.7875117435602852
10148,0.13823217545465052
10149,0.36668729705741915
10150,0.22501960443901953
10151,0.16970217654409117
10152,0.1872771053895475
10153,0.3911965443130203
10154,0.27104457782978525
10155,0.7217854871525792
10156,0.17076997759647192
10157,0.17892196594583112
10158,0.46594952838125925
10159,0.38579975497291225
10160,0.3264237320524756
10161,0.31466310389712027
10162,0.7824330530602019
10163,0.15903785691579048
10164,0.25178745397301017
10165,0.12916436740972742
10166,0.15214250746477448
10167,0.13046141330829794
10168,0.35109797549106553
10169,0.27906405030482145
10170,0.40997337886674057
10171,0.826043597675922
10172,0.14125963508864942
10173,0.3581372248170926
10174,0.41242632396493023
10175,0.3269323844404144
10176,0.8336167517042868
10177,0.25127582084562455
10178,0.8264672634535377
10179,0.19698704281863305
10180,0.7383072942704026
10181,0.3199463421149031
10182,0.8340702605497559
10183,0.33589705196280256
10184,0.22526340363939582
10185,0.1990249848400701
10186,0.18333203127530226
10187,0.8547029773894641
10188,0.7862248798666845
10189,0.29337357020250093
10190,0.21472692836242813
10191,0.2128882367122575
10192,0.4205692435575049
10193,0.3542150970917915
10194,0.33668806625051245
10195,0.8647559053745305
10196,0.29366846370014893
10197,0.3202353605673169
10198,0.3331496978052901
10199,0.34067917464048453
10200,0.1702633055495928
10201,0.37461221173591663
10202,0.17824941142655484
10203,0.4153412657066282
10204,0.828173161465046
10205,0.1008640373149619
10206,0.2812882518271827
10207,0.3374855247478132
10208,0.2796074512259725
10209,0.22904557266507936
10210,0.32571518869783694
10211,0.22475445457468116
10212,0.23157054511321626
10213,0.8681576288689663
10214,0.3612318923600657
10215,0.2963981754430573
10216,0.25602930369236354
10217,0.29561239613684276
10218,0.14981062568118855
10219,0.16717223068049764
10220,0.35176826096059355
10221,0.40492853435448056
10222,0.19285345906244286
10223,0.3299967665641405
10224,0.6300505045970968
10225,0.3512241848275294
10226,0.33131025346102183
10227,0.33436179062701604
10228,0.32265665700701773
10229,0.34453847260627796
10230,0.3434514479113225
10231,0.3327753730886046
10232,0.26014780077219457
10233,0.2891589815719094
10234,0.3330115947221095
10235,0.31399064662428106
10236,0.6262609027217128
10237,0.32186388512877817
10238,0.738838938181644
10239,0.4506411402916212
10240,0.2927292939136145
10241,0.2113081422658529
10242,0.31582877100362466
10243,0.30096923295380484
10244,0.22022346135519422
10245,0.11196604335666357
10246,0.3284867732044466
10247,0.4172853979464129
10248,0.3923211056007016
10249,0.3598525649011806
10250,0.16476331390746463
10251,0.3535772336510636
10252,0.17829388779701144
10253,0.32084891554378797
10254,0.37041198709285067
10255,0.23715805661830336
10256,0.18209261454004183
10257,0.23781102402531545
10258,0.38536441151531003
10259,0.32320112978811716
10260,0.22575640064580726
10261,0.30132811359217304
10262,0.8690845925846976
10263,0.2383536505042716
10264,0.3422488180383652
10265,0.17344424438515849
10266,0.211548341660288
10267,0.33594944685661143
10268,0.33168845818707304
10269,0.26776826803182
10270,0.23440103647727575
10271,0.2088061098618767
10272,0.35036421934711326
10273,0.3491198039533943
10274,0.3974487973194837
10275,0.28630953147510657
10276,0.2992277056663404
10277,0.25938763757789624
10278,0.1877007204202527
10279,0.1576927146217403
10280,0.2578789391341732
10281,0.24208108915190454
10282,0.31436348507548084
10283,0.8517331252966215
10284,0.3436223718446374
10285,0.3906698420638786
10286,0.5112675358704936
10287,0.3378482243348966
10288,0.1855427065649902
10289,0.30429372753643147
10290,0.3537303867616912
10291,0.34807675994379206
10292,0.23337815989767974
10293,0.16293652214783697
10294,0.18051095785687338
10295,0.2607210615783934
10296,0.1447694350333588
10297,0.45204734571466315
10298,0.3040305907078075
10299,0.27518545157700974
10300,0.38503693837263364
10301,0.31619951044925154
10302,0.337162965373458
10303,0.2795576107091384
10304,0.23241733930180247
10305,0.868972042195757
10306,0.2647499271291659
10307,0.29117047760967185
10308,0.44405414944207877
10309,0.2268553880722294
10310,0.31002124653418
10311,0.17887805224774794
10312,0.23882539199713274
10313,0.28374975039651973
10314,0.1794067489321151
10315,0.31644484319165384
10316,0.3183677377257809
10317,0.2031513129345093
10318,0.4338040526760691
10319,0.12997713284726203
10320,0.2014048218359858
10321,0.4604652784861837
10322,0.8350566820611044
10323,0.2930703676234919
10324,0.31222270881727493
10325,0.29992428865466125
10326,0.8462095161474146
10327,0.3018914517455983
10328,0.3503578150222668
10329,0.34624790455947896
10330,0.29711967363360275
10331,0.5027552587222706
10332,0.2690966054379802
10333,0.23207472541553217
10334,0.22896224208283783
10335,0.4994896684985432
10336,0.2634658568546448
10337,0.3036806039048717
10338,0.3240864330674723
10339,0.21242099393418234
10340,0.14486853153524873
10341,0.38439751586073934
10342,0.3028521930424469
10343,0.41556721232672644
10344,0.8301079987315639
10345,0.14818620386812986
10346,0.4729603200131339
10347,0.32576833685816803
10348,0.2824115288951795
10349,0.6314007402051564
10350,0.8339930610721562
10351,0.8055800366794651
10352,0.2681691714057657
10353,0.41129138720431946
10354,0.18471841572427172
10355,0.31262849720814295
10356,0.8324771051144103
10357,0.4577618399422459
10358,0.1927620716648263
10359,0.20640205637141942
10360,0.4608497856203309
10361,0.3499027693519574
10362,0.7830892075646432
10363,0.47239994014775205
10364,0.18458050216359503
10365,0.627317552157997
10366,0.24773196449892992
10367,0.27908876138876354
10368,0.2638821614048013
10369,0.24723514780186026
10370,0.23455704819391637
10371,0.2870636823302097
10372,0.25964885531921444
10373,0.7899551578095292
10374,0.8133415629007147
10375,0.37600845029527014
10376,0.40722755978297387
10377,0.3942607904051938
10378,0.22698859761216622
10379,0.24816984402140524
10380,0.24246155940362177
10381,0.36381742647388504
10382,0.390537634740217
10383,0.3262923393257948
10384,0.415157877880562
10385,0.2883322504013957
10386,0.31602242288892063
10387,0.23408590595479947
10388,0.3394961796585973
10389,0.2515577055492702
10390,0.1836526468440922
10391,0.37722018051114753
10392,0.7830892075646432
10393,0.22986857831214927
10394,0.24146878810645872
10395,0.15914175136394518
10396,0.21339330055132402
10397,0.24157854441897747
10398,0.8389801320175303
10399,0.21189832529311747
10400,0.3821229342080783
10401,0.4027641863345364
10402,0.3803899692008262
10403,0.4203229129844022
10404,0.31727121187958124
10405,0.25770576615083585
10406,0.33453877142959293
10407,0.39823947613200555
10408,0.33511423344231916
10409,0.40330654304492203
10410,0.19559675315550723
10411,0.8264087494260711
10412,0.18306488606096655
10413,0.31107371948912577
10414,0.33345138471641034
10415,0.14286016427524592
10416,0.8332242390278448
10417,0.3217543699708939
10418,0.8404025785585747
10419,0.733938555828519
10420,0.15393145707810818
10421,0.40657005584171735
10422,0.16172481193921784
10423,0.2908348769170635
10424,0.1925731459961387
10425,0.14830024839242134
10426,0.266230998024354
10427,0.2720453789669332
10428,0.33076746077104224
10429,0.39928183910681997
10430,0.8145278498708196
10431,0.4224737135285523
10432,0.32878081661750735
10433,0.2538648269576709
10434,0.3129625887036221
10435,0.8266257431372467
10436,0.7696517167150435
10437,0.3577160560608534
10438,0.4636686081602887
10439,0.8211987411641063
10440,0.20307037326442692
10441,0.3909306934558622
10442,0.17334105263602514
10443,0.2685842983142452
10444,0.24490744737426326
10445,0.32728040298325944
10446,0.2696918689195306
10447,0.2031513129345093
10448,0.3503094378156974
10449,0.21246710601758415
10450,0.24273384612029944
10451,0.20007078809593182
10452,0.27635274617260525
10453,0.3062008676584081
10454,0.21919332869205355
10455,0.3078648608391554
10456,0.1127387690121396
10457,0.20919242372048796
10458,0.8338777148625642
10459,0.3300713719080266
10460,0.3377430468775447
10461,0.7799385296960851
10462,0.3239242351797717
10463,0.8383086098925542
10464,0.8519800342158879
10465,0.268305956038871
10466,0.3274553639897173
10467,0.27466976529335424
10468,0.7111468566121434
10469,0.2849822195739512
10470,0.334377797975666
10471,0.24747332716270556
10472,0.24931007241956157
10473,0.8385984357310945
10474,0.3322382863272939
10475,0.30401085091544083
10476,0.16854123437459123
10477,0.20834846607734037
10478,0.24921389380205372
10479,0.31433416529347186
10480,0.26520495198832866
10481,0.2748778181945125
10482,0.825710888829336
10483,0.8317374845161584
10484,0.3037792727440282
10485,0.18828802567005745
10486,0.32167246283557543
10487,0.3375334604776038
10488,0.25991248617106233
10489,0.8461478524539988
10490,0.39451424918697786
10491,0.2523332348343071
10492,0.34829385988372974
10493,0.39179607755724793
10494,0.38828975688751877
10495,0.8097570106221337
10496,0.23019953103468027
10497,0.2574540116146213
10498,0.32658557891347223
10499,0.8325370284061646
10500,0.1876060900225117
10501,0.2283375017209705
10502,0.2673395846121539
10503,0.7907983546157308
10504,0.35881406716021047
10505,0.16904262762690264
10506,0.1996442457632816
10507,0.26679605768721515
10508,0.2817849993961876
10509,0.39090407301751195
10510,0.8338654274772318
10511,0.41112167310575287
10512,0.322034107316337
10513,0.299830130774549
10514,0.3344899525405353
10515,0.2907811111442761
10516,0.30649012235040657
10517,0.3038896436411614
10518,0.1993537326889854
10519,0.2432782484495198
10520,0.3250807181711271
10521,0.29784799670886153
10522,0.3811431887838478
10523,0.14425040251356877
10524,0.3172449686002673
10525,0.7771411128806407
10526,0.32928770542364777
10527,0.31358968572989004
10528,0.8369415569902721
10529,0.14400197105839435
10530,0.8069055526648329
10531,0.35777306430302314
10532,0.4407798409024652
10533,0.337110981307869
10534,0.3214221238574668
10535,0.32576119027816786
10536,0.42212874498744307
10537,0.2756795578140945
10538,0.34500722398432976
10539,0.7799385296960851
10540,0.39827185444066426
10541,0.3661852773603201
10542,0.17391747186935366
10543,0.8265582664833215
10544,0.383020742403592
10545,0.4006718850934659
10546,0.3454736784226882
10547,0.280269628249034
10548,0.4148494205849248
10549,0.3512813841473411
10550,0.41313851798626355
10551,0.40662139287005206
10552,0.7863912385167438
10553,0.3323523869291916
10554,0.4670430191157958
10555,0.32050348896049
10556,0.27283352912152875
10557,0.23781949783865655
10558,0.36178874290149576
10559,0.45484218250175296
10560,0.8264672634535377
10561,0.3119266996773502
10562,0.2824925377202279
10563,0.40913337144116924
10564,0.32739423491133757
10565,0.19889503271918346
10566,0.4008806077036936
10567,0.17334105263602514
10568,0.45793203041456587
10569,0.18761670260951552
10570,0.23864379135858463
10571,0.3473634342246885
10572,0.32246978946933536
10573,0.8353561564032219
10574,0.7836773964015391
10575,0.17208908232297065
10576,0.7659049869174547
10577,0.4613348576161112
10578,0.2820571903339904
10579,0.786814493126364
10580,0.15845880774380208
10581,0.3086434759264711
10582,0.1712703287613556
10583,0.8108575673508398
10584,0.7386210057594479
10585,0.34586839706514266
10586,0.2608831744547001
10587,0.802744513481227
10588,0.3451183529015988
10589,0.2661727973239057
10590,0.23893745725314933
10591,0.33809407224513605
10592,0.8065035715577512
10593,0.21110017929320826
10594,0.4021930138609922
10595,0.7149286129224784
10596,0.32505716180193955
10597,0.21577932244238016
10598,0.3052385725399293
10599,0.33340380970859324
10600,0.2111639966222209
10601,0.31222530333895626
10602,0.3474758315861018
10603,0.8359955288820088
10604,0.20202910904413104
10605,0.2935671267472599
10606,0.3428443459126301
10607,0.30096923295380484
10608,0.227943902248467
10609,0.2737748327855857
10610,0.7465253421101992
10611,0.7768389861399958
10612,0.29973691831882676
10613,0.267034134939437
10614,0.4128728830434751
10615,0.2981276752252428
10616,0.8342912317109433
10617,0.8411894211013732
10618,0.1948063609178116
10619,0.20509423850322195
10620,0.26542807497183885
10621,0.2035421690191109
10622,0.33468464464773445
10623,0.18309590514049612
10624,0.3270304063713561
10625,0.28869271702960697
10626,0.14638545785574586
10627,0.21915661996956287
10628,0.23209334809442816
10629,0.2592657474929214
10630,0.2908376427379046
10631,0.28533461646206126
10632,0.38067315269697466
10633,0.15369024694116679
10634,0.20237621583230495
10635,0.23359812024459467
10636,0.29343516140400194
10637,0.2943071369888304
10638,0.374264428561354
10639,0.40677944340362066
10640,0.30785420231440164
10641,0.2765852146533918
10642,0.8286776437337056
10643,0.20964003986008878
10644,0.17348466148273956
10645,0.8264087494260711
10646,0.24228385935434088
10647,0.18243729123133046
10648,0.3010598185165689
10649,0.28547256080081285
10650,0.32171997969189475
10651,0.8209638249762858
10652,0.3489859586380853
10653,0.3890940542671336
10654,0.8780608236090333
10655,0.22327431186035915
10656,0.8743705247421598
10657,0.2270110051676611
10658,0.32779107471722263
10659,0.2467644914416393
10660,0.32336922370233245
10661,0.30888572013949267
10662,0.3511106802062764
10663,0.29342276112986837
10664,0.39033048611613774
10665,0.15141385077442998
10666,0.8388301947893763
10667,0.3434101296477749
10668,0.20770649149167442
10669,0.3279345037673537
10670,0.27939339786162676
10671,0.33337438641022676
10672,0.3206180712304431
10673,0.2011314784268608
10674,0.8301562911496175
10675,0.3033256654701744
10676,0.36986247838978514
10677,0.41177030334812553
10678,0.297211047594941
10679,0.24033860827029713
10680,0.32220924253672273
10681,0.2170304193874927
10682,0.33716322337088406
10683,0.24560347338059896
10684,0.4005609214405434
10685,0.3489511559667245
10686,0.3127245429829375
10687,0.8258602520048239
10688,0.3929493087056337
10689,0.2401648933096067
10690,0.23723816652257357
10691,0.31871263629042296
10692,0.3510379026568988
10693,0.20121086438038813
10694,0.21425123881618138
10695,0.3136023330522594
10696,0.712171393081313
10697,0.19899988168133972
10698,0.355615067914504
10699,0.30362002602956517
10700,0.242472016801508
10701,0.3657091947939846
10702,0.2171180698055774
10703,0.19618763460884073
10704,0.16418790281436318
10705,0.3805697213860647
10706,0.8264672634535377
10707,0.3403039556026329
10708,0.3291158963841826
10709,0.35836241619857345
10710,0.3341472194598216
10711,0.833479190388932
10712,0.3690562600766194
10713,0.19371127192778337
10714,0.40959531274836425
10715,0.8055524586512866
10716,0.4043326132078548
10717,0.7822007045066139
10718,0.3403036414033238
10719,0.31004221950464045
10720,0.2838094458427509
10721,0.8242399328924895
10722,0.2490004351810665
10723,0.22608948526182573
10724,0.30258288008626266
10725,0.7905450762595835
10726,0.1393384332315637
10727,0.18180376356920047
10728,0.46594952838125925
10729,0.8681576288689663
10730,0.3152344729605629
10731,0.3924042734993149
10732,0.30922463048557897
10733,0.3318833383677697
10734,0.14241131306765686
10735,0.22265387962543787
10736,0.26370062213563616
10737,0.16555950013824516
10738,0.3351625396630461
10739,0.22362126645201952
10740,0.3160238723989029
10741,0.2779372737561127
10742,0.8481471313973232
10743,0.2977830135291475
10744,0.2198895212655124
10745,0.2111158406291318
10746,0.8146032161883545
10747,0.8531411710914211
10748,0.398117648555817
10749,0.2709934457330626
10750,0.3145261479519182
10751,0.3091994692572602
10752,0.1539556416822926
10753,0.35299934704507546
10754,0.8075833952041448
10755,0.1575805204908776
10756,0.17840069573728695
10757,0.27468856370163625
10758,0.40165425434947083
10759,0.23086417913677684
10760,0.40882143012808875
10761,0.16714390236368748
10762,0.39127481091619587
10763,0.3163757272659679
10764,0.3055338789700046
10765,0.34921790267447017
10766,0.18191206622374148
10767,0.2890759245631857
10768,0.8033025612295888
10769,0.2880507438008399
10770,0.31516394247668883
10771,0.3804207306390338
10772,0.35839612828578055
10773,0.17709180542498884
10774,0.2144300198510577
10775,0.12640162105714722
10776,0.17424524986957476
10777,0.3913919817676945
10778,0.3383044722211913
10779,0.24195579110734122
10780,0.37628490788827007
10781,0.33020821170592457
10782,0.4034998331639262
10783,0.5684667190725199
10784,0.8264672634535377
10785,0.3452592330576498
10786,0.3276813816069388
10787,0.8386280052600384
10788,0.4602373226808919
10789,0.29852758275355473
10790,0.4209134856825049
10791,0.22719414751834194
10792,0.30422121590547097
10793,0.4183017396440636
10794,0.8389801320175303
10795,0.22835581143120742
10796,0.18737904093189475
10797,0.3059585672658423
10798,0.33594944685661143
10799,0.200323690974158
10800,0.3415305785500201
10801,0.39848198035736926
10802,0.31525260474461614
10803,0.2872810017879474
10804,0.28654019894327243
10805,0.8285422390031763
10806,0.31507384584762693
10807,0.21584162144591562
10808,0.2563676503309936
10809,0.46825563496731987
10810,0.1809785023439689
10811,0.3350777027582846
10812,0.2745358351784207
10813,0.359644677691019
10814,0.1691101078876189
10815,0.2638660842566945
10816,0.8338654274772318
10817,0.2736959722360099
10818,0.3101421177192513
10819,0.41796566653509015
10820,0.31941099145683605
10821,0.2321986648104491
10822,0.49935041561605886
10823,0.32579312123771664
10824,0.2415256143840655
10825,0.1634586723144333
10826,0.8647885675238428
10827,0.19818107960072767
10828,0.3433775926532597
10829,0.2909178407127544
10830,0.32902098214205444
10831,0.7837999860851863
10832,0.18764368309472737
10833,0.34399043415838515
10834,0.5274203852299918
10835,0.2759881130410668
10836,0.18550230272273396
10837,0.32912740658811973
10838,0.37888711853632956
10839,0.344730564428038
10840,0.36873859935104214
10841,0.2655701367187145
10842,0.42505380428152295
10843,0.2688522296341893
10844,0.28493424788588734
10845,0.834205841516669
10846,0.239523214726496
10847,0.19659093633675082
10848,0.2586995414127613
10849,0.28728584660018014
10850,0.30404615659560813
10851,0.119493609606194
10852,0.2921945984244641
10853,0.4016130662694374
10854,0.8389801320175303
10855,0.2291500425190655
10856,0.32383508997074995
10857,0.3456478897062596
10858,0.8546028239958925
10859,0.24849959271134536
10860,0.21897865460772484
10861,0.25143325180387277
10862,0.25473194355092377
10863,0.3092345051449355
10864,0.364792713812024
10865,0.3682502821000926
10866,0.14924526393166812
10867,0.7853514333598843
10868,0.186070303969951
10869,0.39279100480165846
10870,0.301822851033642
10871,0.8294231484774618
10872,0.8647559053745305
10873,0.4611618898880601
10874,0.18132834253875477
10875,0.3109713792226133
10876,0.3800076505353239
10877,0.3675568400473896
10878,0.30096923295380484
10879,0.6222766046677514
10880,0.8075833952041448
10881,0.22361797451708731
10882,0.30387811564030576
10883,0.2268553880722294
10884,0.4772817596555036
10885,0.14951115162174522
10886,0.26016778685170555
10887,0.2769373399188372
10888,0.33088682739145464
10889,0.3438059441616926
10890,0.33088763234429447
10891,0.34119658088115135
10892,0.35666395333224393
10893,0.7844223505432012
10894,0.33582530002893274
10895,0.1436244142038677
10896,0.24524011556125827
10897,0.8343910875805093
10898,0.3217910128382639
10899,0.2357605612777563
10900,0.33966602567046056
10901,0.28492793032405767
10902,0.3312915813300236
10903,0.4744743461155654
10904,0.34340591567646006
10905,0.3092653754880053
10906,0.3851248189036615
10907,0.27429105851712043
10908,0.3662326867540242
10909,0.33785330943759256
10910,0.34809463626149656
10911,0.34197816097621647
10912,0.23119023976097255
10913,0.8363692934833411
10914,0.1985177709611346
10915,0.32480536340163774
10916,0.3271762952167197
10917,0.31703509160812293
10918,0.3865277173330695
10919,0.3445529498780649
10920,0.3541941018857346
10921,0.3940603410633176
10922,0.3683309077903521
10923,0.29425227064531984
10924,0.29759667870690726
10925,0.29753028758797395
10926,0.2808164260948122
10927,0.40708915841197624
10928,0.33025647684247966
10929,0.1659550028402008
10930,0.32798515254942867
10931,0.3768406753268279
10932,0.17621272608583546
10933,0.22453776471350045
10934,0.25900201483868246
10935,0.28142001745146933
10936,0.43587486056926605
10937,0.7825661849515456
10938,0.3830368468627916
10939,0.24641955021105935
10940,0.2894701228962109
10941,0.12831669491606465
10942,0.34562772487468774
10943,0.7702496060215548
10944,0.25597751441937966
10945,0.37444334594796314
10946,0.32001297939364
10947,0.31225637923046484
10948,0.3578022547819916
10949,0.4246680199686034
10950,0.7822415072489753
10951,0.17128360037306148
10952,0.11443111612266277
10953,0.3293427801128664
10954,0.3503740559581508
10955,0.18931200942585902
10956,0.794161069321649
10957,0.3455301776941734
10958,0.2694082596826331
10959,0.2966982884449072
10960,0.83630339627445
10961,0.21103696800194874
10962,0.2538921651247198
10963,0.3598525649011806
10964,0.2552122226069344
10965,0.32225761986504575
10966,0.3333830792862764
10967,0.30728124939093737
10968,0.41333735901086904
10969,0.31331879384556044
10970,0.27579765458419475
10971,0.3329505889560362
10972,0.258287053299451
10973,0.33817546062900167
10974,0.2636458222516278
10975,0.257144679282084
10976,0.8479323673901714
10977,0.3407064963618795
10978,0.2718857648421093
10979,0.3409929187686862
10980,0.8406156754021135
10981,0.4208745958729112
10982,0.17484188442477408
10983,0.2941206851760138
10984,0.8300052414824388
10985,0.33460762361823077
10986,0.17948336924890157
10987,0.3057953660814715
10988,0.3304981507384018
10989,0.3253790448609286
10990,0.39087983056553594
10991,0.1407357636242314
10992,0.871258457860661
10993,0.12021263736264597
10994,0.2979157547853198
10995,0.7544596093785007
10996,0.24319464514285197
10997,0.7722529568538128
10998,0.35491812846971266
10999,0.3370635494739161
11000,0.4010068615129107
11001,0.3791109654801982
11002,0.2768631289899217
11003,0.2835059838974785
11004,0.2612232504665175
11005,0.3202718011932175
11006,0.8217982502186596
11007,0.8385093646403406
11008,0.29296227599103264
11009,0.34945177279580636
11010,0.2602072611226874
11011,0.37986018223285506
11012,0.2285331742234006
11013,0.349248740638311
11014,0.3760821941038529
11015,0.26895040800723097
11016,0.2402061800728305
11017,0.8336167517042868
11018,0.3336754969048261
11019,0.47697009394565165
11020,0.2529338040820433
11021,0.37270736691030154
11022,0.8521469712818825
11023,0.24045410097546105
11024,0.3437369852524413
11025,0.16594683507026137
11026,0.36721119992926227
11027,0.38889582146787216
11028,0.13992282993463045
11029,0.22767845882070675
11030,0.24738639094379541
11031,0.8033025612295888
11032,0.2065395124967776
11033,0.18426681152806376
11034,0.8299059673313745
11035,0.3599936890819752
11036,0.33793856695848695
11037,0.39785116712522334
11038,0.31228911245896157
11039,0.3440793036364954
11040,0.33340552564545745
11041,0.27864569125613187
11042,0.3871078952553344
11043,0.38305672169895233
11044,0.28452952471971243
11045,0.8299059673313745
11046,0.13165926559705105
11047,0.3897319862423794
11048,0.8267673015592604
11049,0.4295868920731928
11050,0.23008612191729358
11051,0.38422037932672937
11052,0.378062592841227
11053,0.27943987104106577
11054,0.4092459112357936
11055,0.3011180730892424
11056,0.21410264948792468
11057,0.3360560418900522
11058,0.32181718651110847
11059,0.14096723118092885
11060,0.4452017064085011
11061,0.33496151249770906
11062,0.5547476425572944
11063,0.4871060821902372
11064,0.283317265310171
11065,0.38072146831348685
11066,0.38017480639646667
11067,0.31823604870321076
11068,0.7022012422873608
11069,0.179122139980606
11070,0.23405879863243234
11071,0.33059462359239644
11072,0.8274642710857122
11073,0.3990640112207807
11074,0.28679249399065954
11075,0.36912956199497066
11076,0.23567028028416032
11077,0.1755987037505647
11078,0.24276521955265656
11079,0.8211987411641063
11080,0.31576196392405814
11081,0.2566762532730386
11082,0.30044627034255084
11083,0.3235707810594186
11084,0.2704643844427216
11085,0.3763118648785455
11086,0.31423912191041525
11087,0.3100904094278858
11088,0.18140631750363534
11089,0.2838866130525917
11090,0.20275046145814027
11091,0.4860164178687574
11092,0.10666900620968009
11093,0.28934364736615537
11094,0.27442466606164545
11095,0.26482466222746226
11096,0.4024789762262862
11097,0.2733641198926967
11098,0.39033823800798634
11099,0.3686275215499299
11100,0.29866418711847403
11101,0.17551913616076906
11102,0.15762271019610025
11103,0.22638034872386034
11104,0.19821772223863626
11105,0.4246819552209155
11106,0.2428082076758841
11107,0.19643372748391438
11108,0.3358864402026309
11109,0.21352721379199716
11110,0.23918353821263777
11111,0.6334315456281542
11112,0.13076911675304687
11113,0.08154246497888366
11114,0.19656973766390767
11115,0.30737018555762535
11116,0.31937353184524675
11117,0.8261141310541321
11118,0.32592689821669435
11119,0.20875128031517887
11120,0.8120979026308536
11121,0.2857131258401094
11122,0.46525059090489707
11123,0.21678252026055686
11124,0.468124676922959
11125,0.4160184884895513
11126,0.38786811107534047
11127,0.42141767188742857
11128,0.21195067099663278
11129,0.3821116707702738
11130,0.1931198493716076
11131,0.2588236106236822
11132,0.8242399328924895
11133,0.8367236246493414
11134,0.4107885070532035
11135,0.21518568987644576
11136,0.20465329206997893
11137,0.41116546409558824
11138,0.3966740849678332
11139,0.37501997421214683
11140,0.3498973968657836
11141,0.3992679145401379
11142,0.17493499440202684
11143,0.3596465073843634
11144,0.8299059673313745
11145,0.33881965648549034
11146,0.3065914115118497
11147,0.28642182282362466
11148,0.32989768756371746
11149,0.23264189904497176
11150,0.332202072783989
11151,0.8264562848001563
11152,0.8217162601919661
11153,0.323365032873984
11154,0.7822415072489753
11155,0.303124738456916
11156,0.8286776437337056
11157,0.21741633595199844
11158,0.21931674390203684
11159,0.7899551578095292
11160,0.8368379281137596
11161,0.30263798358416927
11162,0.21159542350184457
11163,0.3686980123995296
11164,0.23120517003340077
11165,0.24399769215196604
11166,0.34085566844391213
11167,0.35037759273501856
11168,0.1183743479560865
11169,0.38999756313348616
11170,0.3881761276193662
11171,0.2649088592094076
11172,0.8011114914867379
11173,0.8557593191583501
11174,0.199983226288062
11175,0.2730617054814476
11176,0.255629809061948
11177,0.2885114314838443
11178,0.1855427065649902
11179,0.41263368054914423
11180,0.20565059257753585
11181,0.47848418892338407
11182,0.2555248326254127
11183,0.26405524822709353
11184,0.3409479930456511
11185,0.2934897248933315
11186,0.24787674631617426
11187,0.27167191400776886
11188,0.3268400362151127
11189,0.15933680003389497
11190,0.3087106276883311
11191,0.7217854871525792
11192,0.3425817731239517
11193,0.3350481762847632
11194,0.3155520070246187
11195,0.831238126533024
11196,0.41171679538677725
11197,0.3130951625703167
11198,0.3424901685730571
11199,0.764778028905635
11200,0.3965360605719147
11201,0.31704706960948364
11202,0.3183792806454652
11203,0.3280951934254526
11204,0.37302397695021866
11205,0.3281495562127335
11206,0.3787401911496899
11207,0.18313970029075408
11208,0.20452875659403016
11209,0.14359012511133767
11210,0.1611995521783204
11211,0.3169386201818999
11212,0.24786393923062755
11213,0.4127606162970922
11214,0.8336167517042868
11215,0.377640799440686
11216,0.2047741153002863
11217,0.243855254839652
11218,0.2053476375352377
11219,0.810030976592314
11220,0.36483394197933544
11221,0.18265546296580992
11222,0.15753966635246086
11223,0.3066305126544457
11224,0.2912843785977914
11225,0.4028730716089875
11226,0.75968299586247
11227,0.2737175280093159
11228,0.3437901938838369
11229,0.0665207932623517
11230,0.37811992349153295
11231,0.29902948346098573
11232,0.1539541672230933
11233,0.289348971479394
11234,0.39549996030269535
11235,0.1789564641244518
11236,0.2963401045126394
11237,0.3272096859144993
11238,0.31954938709309133
11239,0.13594843422937605
11240,0.2613328269905432
11241,0.21205032094770046
11242,0.8264087494260711
11243,0.488131296857435
11244,0.34367995002509466
11245,0.27516206887771166
11246,0.1923037550784477
11247,0.36912956199497066
11248,0.1986724572828122
11249,0.31512067695936546
11250,0.3416302541326119
11251,0.8464836780518376
11252,0.236822308823927
11253,0.3429117739344873
11254,0.27124654545882104
11255,0.25285672755024063
11256,0.34610375945366745
11257,0.16268805951069243
11258,0.13684274233039395
11259,0.2309072241403096
11260,0.3767723213365349
11261,0.30448191782864287
11262,0.3230973690285937
11263,0.38964290257222967
11264,0.3040544890063716
11265,0.36534027269809655
11266,0.2639265204276045
11267,0.4120684084956959
11268,0.20317339687828156
11269,0.15997776939616087
11270,0.30467808755340064
11271,0.2478977580421776
11272,0.21236832183375087
11273,0.2749274618867205
11274,0.30521955095396247
11275,0.5815448679002369
11276,0.33040783510878063
11277,0.37464044908154515
11278,0.32930464165673684
11279,0.8243664589800929
11280,0.3356572942249379
11281,0.1520533876033384
11282,0.3222677127543253
11283,0.33752228613442603
11284,0.23224739216434226
11285,0.2982211476300596
11286,0.3341019462773706
11287,0.29359476722139705
11288,0.2498120222164327
11289,0.35077552587380845
11290,0.4337170414968995
11291,0.4406752144858516
11292,0.17978161772585308
11293,0.37782275000849813
11294,0.2994891998303981
11295,0.3045817033805148
11296,0.2362591863202576
11297,0.3841992367521478
11298,0.39543491994471597
11299,0.7776692384481677
11300,0.22331318286227936
11301,0.3958502690534365
11302,0.20129845685168402
11303,0.38877564031949835
11304,0.1827539977857413
11305,0.6311875182018131
11306,0.3029473732009023
11307,0.27126693319248973
11308,0.2037323253146304
11309,0.26435866204792013
11310,0.4040946093904893
11311,0.2121812982194085
11312,0.6314007402051564
11313,0.39623114127608433
11314,0.17581627355927304
11315,0.21560466994970814
11316,0.41321603263698203
11317,0.6311875182018131
11318,0.2269071234358579
11319,0.7757951042792665
11320,0.40341940359765727
11321,0.2585093566344132
11322,0.2694383158901843
11323,0.29880856915421217
11324,0.20131430144243512
11325,0.1921320162468701
11326,0.4177912236169782
11327,0.8640423598589155
11328,0.16032604729200595
11329,0.3545382378542555
11330,0.32094956497910443
11331,0.28006586518316723
11332,0.4400515583203168
11333,0.24120654486382634
11334,0.8140687375795459
11335,0.8640423598589155
11336,0.10537783629924506
11337,0.252291438357539
11338,0.42692828723481985
11339,0.19761850665535716
11340,0.2423141257664956
11341,0.44286568888402617
11342,0.1812596087736288
11343,0.4040328730570827
11344,0.17112623649025716
11345,0.30915245425260435
11346,0.3258054854982652
11347,0.2632958000461136
11348,0.3164903573052146
11349,0.3509506194687182
11350,0.3617386907096074
11351,0.17128870733677937
11352,0.3583900167899584
11353,0.1690732132046083
11354,0.3606943021521667
11355,0.2476900638150296
11356,0.2956753309527099
11357,0.323365032873984
11358,0.2653063950208497
11359,0.3183596467415656
11360,0.21717901621938346
11361,0.7574177737872952
11362,0.3809781040716376
11363,0.40101292887402645
11364,0.27634796517372834
11365,0.20711947368144443
11366,0.3220030860249792
11367,0.8668167099211929
11368,0.2816904355677181
11369,0.3514347115720957
11370,0.29842504442768136
11371,0.18332995129694973
11372,0.32402953270161716
11373,0.4181626765928985
11374,0.21541814283293195
11375,0.8507436116644972
11376,0.40860517328980145
11377,0.24614849132878827
11378,0.2765852146533918
11379,0.1928181656417837
11380,0.37278459305653566
11381,0.25537588729791794
11382,0.3857177044768136
11383,0.3187935714749799
11384,0.344653645053664
11385,0.28188612376523514
11386,0.373909280901662
11387,0.3337938852579987
11388,0.25977240768362253
11389,0.4407798409024652
11390,0.2583969356251839
11391,0.17136559454598244
11392,0.19075665457170915
11393,0.2073837822551823
11394,0.2623179978504028
11395,0.2365656686528393
11396,0.23462511941587968
11397,0.3448372714718682
11398,0.2436077140526665
11399,0.7866905636281541
11400,0.341155439742213
11401,0.2794700927395334
11402,0.31300945538043745
11403,0.21972345886367683
11404,0.8384555998147526
11405,0.40917864689589356
11406,0.24737672128352423
11407,0.3184584429495234
11408,0.8148437353525109
11409,0.6396422833967914
11410,0.3830544181745424
11411,0.39653910208006693
11412,0.22221961785940253
11413,0.40545092970085184
11414,0.8691816665727818
11415,0.3145261479519182
11416,0.3372290189696566
11417,0.3422612104361802
11418,0.21375118935477314
11419,0.17786444801703838
11420,0.7949882153750515
11421,0.4246705051172449
11422,0.3078418117941809
11423,0.30912868260297566
11424,0.17634043656995713
11425,0.3564293975644291
11426,0.39621986654820196
11427,0.4051432411217863
11428,0.20740215489038658
11429,0.21524508368874404
11430,0.32161572768837915
11431,0.39783428763425066
11432,0.35849637878605056
11433,0.8668167099211929
11434,0.3606943021521667
11435,0.24831395639491494
11436,0.23621098171992536
11437,0.34201295994110964
11438,0.38639938444500976
11439,0.41879078176044715
11440,0.710675820061271
11441,0.3532782552395973
11442,0.34071915619619636
11443,0.32181126649424685
11444,0.3939708189947582
11445,0.7757951042792665
11446,0.2797776838846886
11447,0.2788519715803786
11448,0.2268553880722294
11449,0.15899371533372197
11450,0.17167853464665328
11451,0.33583638535701826
11452,0.4809291462981213
11453,0.5121835996396985
11454,0.8092466854478438
11455,0.2431077582997277
11456,0.3677355379160384
11457,0.35410225908697857
11458,0.3945815402912464
11459,0.7746562285808178
11460,0.3738414957980935
11461,0.32811695965668675
11462,0.38658097012117776
11463,0.40657704146242823
11464,0.8479302265521966
11465,0.22477230264889858
11466,0.30068538366195197
11467,0.38673916313703666
11468,0.20405081373447137
11469,0.8337651100161988
11470,0.39972590251928564
11471,0.3464627620717393
11472,0.22125251909251467
11473,0.15242153653566323
11474,0.420622671395912
11475,0.41737747142091275
11476,0.3439953252041074
11477,0.22926380905417032
11478,0.3338843236076984
11479,0.2755122584634
11480,0.32359585543856517
11481,0.31358968572989004
11482,0.21663806790480505
11483,0.4577308639919889
11484,0.3435826147674738
11485,0.19097428973471423
11486,0.19636213678434702
11487,0.36768895148294795
11488,0.2918838117699068
11489,0.3055597165875983
11490,0.30044265201003495
11491,0.3144891217095535
11492,0.2584094194869806
11493,0.23365831081337426
11494,0.2766292189820522
11495,0.323054395351082
11496,0.27375279694382815
11497,0.4098354618217728
11498,0.35607024517882446
11499,0.15079894057203816
11500,0.4410153777382029
11501,0.35672074479607463
11502,0.323181366343192
11503,0.29842504442768136
11504,0.21638978718946567
11505,0.29386011829309167
11506,0.33527253614966634
11507,0.18767866606993255
11508,0.4772850219140702
11509,0.7283522500559948
11510,0.15703487845209405
11511,0.3319448179385858
11512,0.627317552157997
11513,0.29954125104504475
11514,0.381650896778331
11515,0.2713003262080393
11516,0.45679774075048596
11517,0.8369445958105285
11518,0.8369415569902721
11519,0.20891120859693763
11520,0.29680061835225763
11521,0.32286162630437876
11522,0.24193564919413185
11523,0.8380045273267783
11524,0.26852262342631783
11525,0.2635561208967534
11526,0.8299059673313745
11527,0.21493714293522678
11528,0.2245777410464518
11529,0.27008839240614363
11530,0.20309234839678283
11531,0.7866905636281541
11532,0.34778259242575404
11533,0.7971355634159006
11534,0.3197772457080524
11535,0.35476783365022885
11536,0.255400661058164
11537,0.3005317859599075
11538,0.2489681437714816
11539,0.23789364123661155
11540,0.38823728904550164
11541,0.5217757322970334
11542,0.32886190960760253
11543,0.326569125310354
11544,0.09101808789581421
11545,0.14540624235817098
11546,0.22221376624102257
11547,0.15239938007490317
11548,0.2184455991081099
11549,0.34008343092505183
11550,0.850118737884182
11551,0.19179523103351295
11552,0.8339359973781872
11553,0.28077311273997113
11554,0.36912956199497066
11555,0.38451296154471293
11556,0.20793326263774745
11557,0.34800878322306744
11558,0.7886852353384561
11559,0.8367859135794345
11560,0.23783241312443998
11561,0.3800998216218405
11562,0.8352846541769412
11563,0.4525594612893007
11564,0.4179799280619276
11565,0.2089017104688341
11566,0.3935030410241446
11567,0.4743967329259103
11568,0.4230840349516484
11569,0.4607634863784795
11570,0.23800937050945314
11571,0.30904097711625006
11572,0.26445119981866777
11573,0.20621767749524278
11574,0.3222159454393915
11575,0.18632781217695515
11576,0.2313926028863732
11577,0.26062393427633546
11578,0.27135960925217534
11579,0.40599673241906936
11580,0.29273228456659345
11581,0.17030436897227258
11582,0.2716244907975488
11583,0.8366654981990431
11584,0.30188100876778545
11585,0.3957163001045786
11586,0.33276547031413556
11587,0.34694456147248104
11588,0.20582266133637603
11589,0.3468563636292211
11590,0.21051089825911687
11591,0.18776754839004503
11592,0.3485239073195809
11593,0.31998654331626714
11594,0.2592657474929214
11595,0.8134777954607151
11596,0.1950517694595968
11597,0.8342831360006742
11598,0.3798115129609444
11599,0.292414382397507
11600,0.27151475811460507
11601,0.8018876811430389
11602,0.3120193222407586
11603,0.38686193429252674
11604,0.21108924381949526
11605,0.36131500527467736
11606,0.20440213957653738
11607,0.34662103434746727
11608,0.31707271007000515
11609,0.3114817235447955
11610,0.20994585474793745
11611,0.19778934824893774
11612,0.3788489786352639
11613,0.35246390052289917
11614,0.21673447269892163
11615,0.7807455435126294
11616,0.4307516761046801
11617,0.31914635989977624
11618,0.16340410862248558
11619,0.27698200299275066
11620,0.34501778437962677
11621,0.3339637364078035
11622,0.23029213943272278
11623,0.20733317344477997
11624,0.2702648198304884
11625,0.20916070889792102
11626,0.2944301139154094
11627,0.29228592614269366
11628,0.24474894957729626
11629,0.2700237094124449
11630,0.8182235482428107
11631,0.8055524586512866
11632,0.2852386422584519
11633,0.8299059673313745
11634,0.2983927217375911
11635,0.30635567426766724
11636,0.8318193149211555
11637,0.30712104117594036
11638,0.25645074881990204
11639,0.6069525318367255
11640,0.8069224139039296
11641,0.2947014729721768
11642,0.8709702278615283
11643,0.24202198743303896
11644,0.2304869282291977
11645,0.33045187296099415
11646,0.2075125780198704
11647,0.32693982357296564
11648,0.27144534890308275
11649,0.8097570106221337
11650,0.8195155293261329
11651,0.4278592153484544
11652,0.2191086900737192
11653,0.2898657129712153
11654,0.26750578910454076
11655,0.27921641819001536
11656,0.27958945607624863
11657,0.4258508964732675
11658,0.7765793733196148
11659,0.37398043235432366
11660,0.274988065771551
11661,0.32265666842140345
11662,0.2759128551487439
11663,0.39043378619539154
11664,0.09824711056161546
11665,0.734268416524457
11666,0.42079569002125683
11667,0.40657704146242823
11668,0.3051678697767967
11669,0.8250945075558704
11670,0.2377953367366945
11671,0.21676762539376734
11672,0.20054833582605913
11673,0.29992924499812196
11674,0.29216825188576445
11675,0.39701132865020383
11676,0.23443206340314313
11677,0.14168532849746968
11678,0.3182608817567467
11679,0.3364484494290003
11680,0.19483420191093
11681,0.11809390021062113
11682,0.8065035715577512
11683,0.16852659987520885
11684,0.4079317568978482
11685,0.32537063625651363
11686,0.40668020066712285
11687,0.4049135875090711
11688,0.831238126533024
11689,0.20105135057554874
11690,0.1838679687315652
11691,0.7993720755668213
11692,0.7795152400264801
11693,0.4223236339787814
11694,0.34466231342681175
11695,0.20204359936122135
11696,0.3265206350094353
11697,0.3056426660918182
11698,0.2593730201016458
11699,0.3371867175885774
11700,0.808004564337184
11701,0.3316286798230868
11702,0.8147858794811758
11703,0.29685585031592415
11704,0.45208996639435695
11705,0.7862248798666845
11706,0.25914560139609155
11707,0.3598525649011806
11708,0.8217162601919661
11709,0.8238992165351328
11710,0.4450542718248318
11711,0.4901488566685214
11712,0.3330925978854034
11713,0.3142311457725487
11714,0.39187898966172474
11715,0.27828469968890895
11716,0.3100063656274299
11717,0.29222853124809073
11718,0.8709702278615283
11719,0.38447772677060116
11720,0.26452273203329035
11721,0.3881392084071335
11722,0.17334105263602514
11723,0.27084559017843424
11724,0.3038113871586308
11725,0.8153247044894086
11726,0.2903936140557534
11727,0.7852028779732844
11728,0.8640423598589155
11729,0.1754884857278031
11730,0.3030697447960678
11731,0.37751974079971434
11732,0.3868406845316827
11733,0.2988443615660808
11734,0.19014252768153755
11735,0.36060621825501454
11736,0.27394965660516
11737,0.3221448043774263
11738,0.3532221840032924
11739,0.6302815897550603
11740,0.8097462355687901
11741,0.3425294811216919
11742,0.30849106141923427
11743,0.19759962823841895
11744,0.3591866507171777
11745,0.40071945129601333
11746,0.4407798409024652
11747,0.3571689965171667
11748,0.13420445187980704
11749,0.3198930884719012
11750,0.7574177737872952
11751,0.1925881458620925
11752,0.30070840477916755
11753,0.3251646839413538
11754,0.530189228987068
11755,0.3660759518261759
11756,0.32684881156405443
11757,0.3319835842189245
11758,0.4345173863462287
11759,0.3929450555514624
11760,0.33700711476672696
11761,0.3376633550586204
11762,0.18653920262624962
11763,0.3146985714675243
11764,0.34493816348870754
11765,0.8250945075558704
11766,0.20846320173375205
11767,0.20678754261405544
11768,0.2361953852673869
11769,0.16734240539762904
11770,0.28811741469325314
11771,0.3130075098805441
11772,0.28300111446895354
11773,0.31314544755687534
11774,0.2369662927381887
11775,0.2202613581620601
11776,0.3059064984444183
11777,0.36736462512683443
11778,0.40927765074700473
11779,0.2031513129345093
11780,0.36283734064052947
11781,0.3432143383871493
11782,0.2118306627678043
11783,0.21731707051221788
11784,0.4755560821610134
11785,0.23802582211760295
11786,0.3827480342162392
11787,0.3598857201171097
11788,0.47979597670685126
11789,0.34175348447338044
11790,0.25407895539714054
11791,0.3044192084780757
11792,0.8264087494260711
11793,0.21734731398173
11794,0.6302815897550603
11795,0.22485268129106095
11796,0.33198904766459186
11797,0.21756964452267152
11798,0.21526060887604628
11799,0.2466917063903482
11800,0.2467686975400965
11801,0.21854697462727568
11802,0.2795585962760966
11803,0.30592501717773724
11804,0.3118248670997128
11805,0.8248011376623791
11806,0.2812254989376031
11807,0.3254927600408615
11808,0.3879990466204021
11809,0.5280885095191347
11810,0.34319106503847685
11811,0.3429847852598056
11812,0.7856403084796726
11813,0.7062534005244265
11814,0.7907983546157308
11815,0.19509601814213298
11816,0.3289326775529343
11817,0.722817603086228
11818,0.3333694036753928
11819,0.3759801674475959
11820,0.1766410980391237
11821,0.18022873126028713
11822,0.3223867353973833
11823,0.2494008223614936
11824,0.2134584827665659
11825,0.33178240634223033
11826,0.15513605014411255
11827,0.16428271030125027
11828,0.33709780998960626
11829,0.4327646286148011
11830,0.3536302245312604
11831,0.1959500997919879
11832,0.2925442445440499
11833,0.24146160626761864
11834,0.3307254172895492
11835,0.7766058067242948
11836,0.26793711481152754
11837,0.34577351461019734
11838,0.28485439490270037
11839,0.3764684694103331
11840,0.4120714218186699
11841,0.8150901484510757
11842,0.3395046023374108
11843,0.4252596385522955
11844,0.7805290821127503
11845,0.3094765676818802
11846,0.8063656634214637
11847,0.22276758824112347
11848,0.28126553859195275
11849,0.3320910496143378
11850,0.27321436572185026
11851,0.8191223420925795
11852,0.3174933566122976
11853,0.45525970064973764
11854,0.8139005656070551
11855,0.4088711907450355
11856,0.3439502506091452
11857,0.20770649149167442
11858,0.35134697770063855
11859,0.33190392753655784
11860,0.26145274411909797
11861,0.25297452429112566
11862,0.8162110933531448
11863,0.3538864630902179
11864,0.40553404764741663
11865,0.1375996837595569
11866,0.2745079274636814
11867,0.22344221366576975
11868,0.3426187317385384
11869,0.34564071252215683
11870,0.31166695619137713
11871,0.2408229651735433
11872,0.18738134039142154
11873,0.8479323673901714
11874,0.25382768335219236
11875,0.37275709300300847
11876,0.21455514752098287
11877,0.3990617698759222
11878,0.34695095114241964
11879,0.27349560828652586
11880,0.6311875182018131
11881,0.19434011209165186
11882,0.18566697785407096
11883,0.17594484966216953
11884,0.25647901329232314
11885,0.3377244554928386
11886,0.3889666836278207
11887,0.2675131230831899
11888,0.41656729933327
11889,0.3390714116242042
11890,0.32570360742888754
11891,0.2704107036685778
11892,0.2763854592644162
11893,0.8300134456514219
11894,0.802744513481227
11895,0.8242399328924895
11896,0.7764304420266965
11897,0.33526254358704627
11898,0.37934088431108387
11899,0.2881092756702055
11900,0.8507436116644972
11901,0.31084715692507825
11902,0.15539465488228885
11903,0.24224936614333784
11904,0.4394841342616466
11905,0.2545436510884365
11906,0.40038950634228565
11907,0.37619148026608024
11908,0.32636176315898613
11909,0.6492385845296569
11910,0.8337391026614048
11911,0.3980543445532406
11912,0.21495070509593198
11913,0.43105698459472
11914,0.2520389423040479
11915,0.8736053122204178
11916,0.2380146100311843
11917,0.41273244008608445
11918,0.2896582940030741
11919,0.8491511874479335
11920,0.21635703036373355
11921,0.47938742151826996
11922,0.34521094909872807
11923,0.35246499363190953
11924,0.8240027541210975
11925,0.20443809327018495
11926,0.3110956071265551
11927,0.1155102407556396
11928,0.22730339493720475
11929,0.3803125938053359
11930,0.18822943419558538
11931,0.39971139703817726
11932,0.2909590892955361
11933,0.17089024639850833
11934,0.8383086098925542
11935,0.21828418931650168
11936,0.18264129439390536
11937,0.22023049449867854
11938,0.18521165727874064
11939,0.13628088707703187
11940,0.3266559900360574
11941,0.33509857165187096
11942,0.19363192742856025
11943,0.2498965169864107
11944,0.228465215407375
11945,0.7768389861399958
11946,0.18917926715537517
11947,0.2468799708023988
11948,0.8023908729862812
11949,0.3506207079254704
11950,0.32031726286084233
11951,0.2967415157412246
11952,0.3221070083081278
11953,0.37735226789955206
11954,0.3971395930586759
11955,0.8097570106221337
11956,0.2146995016045908
11957,0.3317986166221114
11958,0.32130966218039614
11959,0.29898013406081597
11960,0.4336966843321861
11961,0.4169398298268882
11962,0.33862106514278073
11963,0.23058732857615336
11964,0.38218519993683764
11965,0.40094725785316454
11966,0.6515210424720381
11967,0.17835360927207555
11968,0.1563649576316262
11969,0.379841947815406
11970,0.3074267529665068
11971,0.20759159035184396
11972,0.35210735382251
11973,0.2784507941343642
11974,0.37867436498769447
11975,0.32383508997074995
11976,0.33160740049304327
11977,0.2462656267134654
11978,0.23655579767908283
11979,0.2362224168418726
11980,0.22361797451708731
11981,0.17441015978220345
11982,0.16163222469115865
11983,0.1814430818160533
11984,0.284119171507353
11985,0.20425597659573685
11986,0.32658258297741555
11987,0.24787674631617426
11988,0.2922623706498551
11989,0.196505888625476
11990,0.25036348487546506
11991,0.36316705017034495
11992,0.39179607755724793
11993,0.8286776437337056
11994,0.7539840745551831
11995,0.3513556506500069
11996,0.4643429658481744
11997,0.8546950841067782
11998,0.779863456440408
11999,0.29907380850133175
12000,0.24938807591550244
12001,0.3783172344170824
12002,0.3367746263367753
12003,0.3370796173543305
12004,0.6829470422599436
12005,0.20038056790087344
12006,0.2887776188083475
12007,0.15589699826252204
12008,0.29553762137203504
12009,0.3014422528434248
12010,0.22410547447052823
12011,0.16436118923689783
12012,0.8664739835228205
12013,0.7765793733196148
12014,0.3358760529672921
12015,0.30456159747410066
12016,0.3194363861242559
12017,0.17707486278170625
12018,0.31661984678046023
12019,0.2576759130845874
12020,0.4999599762168834
12021,0.3412187327352938
12022,0.27537861662545743
12023,0.32456160317379107
12024,0.2549021887892912
12025,0.25715566460059797
12026,0.4319692618919203
12027,0.3297044450455342
12028,0.21558056973880116
12029,0.21216254105068572
12030,0.8350566820611044
12031,0.1777826647868071
12032,0.7734264009446068
12033,0.2800461573498921
12034,0.42799763602007884
12035,0.1321806073544266
12036,0.26307309533331913
12037,0.20059808873048146
12038,0.36272106981889485
12039,0.3186343770183357
12040,0.09910927413167814
12041,0.3998535799879895
12042,0.342119581005458
12043,0.33898958315447447
12044,0.3470652510251982
12045,0.790852208134821
12046,0.24234552084725686
12047,0.8113257821891773
12048,0.2870034093945401
12049,0.27996648001240004
12050,0.20974812032720855
12051,0.2775664355324787
12052,0.40240411119899394
12053,0.37479678155439944
12054,0.19562058720200703
12055,0.7539840745551831
12056,0.19029555099255901
12057,0.8143024813671064
12058,0.8134777954607151
12059,0.2067580543935203
12060,0.4193039041410619
12061,0.8371422096780343
12062,0.4417299298460195
12063,0.8367236246493414
12064,0.34280610491256464
12065,0.8366654981990431
12066,0.6145425058948772
12067,0.1850411744323214
12068,0.3408061289045708
12069,0.12654897065499005
12070,0.15618235357480367
12071,0.18485810117737184
12072,0.49426700964030906
12073,0.27837263978480903
12074,0.4778922291093925
12075,0.3133926292168388
12076,0.33870360932576765
12077,0.18413674966949803
12078,0.34376587007140574
12079,0.8250945075558704
12080,0.29805376367941794
12081,0.30393950425822025
12082,0.23243433276697786
12083,0.27177748055853085
12084,0.22600197974766636
12085,0.43196565692672084
12086,0.26955086027778274
12087,0.2840832201079641
12088,0.4100439764149401
12089,0.7208894389272198
12090,0.2350360816431326
12091,0.18184637610130786
12092,0.29821925763296014
12093,0.2543214764902157
12094,0.409447467062555
12095,0.7285686572930663
12096,0.19518793773283646
12097,0.22214724825809018
12098,0.21252728910722204
12099,0.3907490735303662
12100,0.09866777470775327
12101,0.2826964208058225
12102,0.275451146090742
12103,0.4212960294666768
12104,0.8243074974198471
12105,0.36358506323328516
12106,0.43014997267957567
12107,0.23951372098582294
12108,0.3553078767438692
12109,0.2874639221038559
12110,0.7192573995075476
12111,0.1776868482716711
12112,0.07524860719439999
12113,0.3287492726646511
12114,0.19842083104297104
12115,0.3283737585775864
12116,0.25546944479238665
12117,0.3174120651339044
12118,0.2762975749645647
12119,0.28741239392934204
12120,0.3850092892299904
12121,0.2831541409676759
12122,0.3510000790780826
12123,0.2831817815905556
12124,0.7765793733196148
12125,0.271047716813889
12126,0.2950685506239241
12127,0.7346312094926706
12128,0.22046679040165112
12129,0.34337444864010375
12130,0.3180491130594983
12131,0.24689885849859994
12132,0.3658241914260068
12133,0.1955698309506825
12134,0.24692239373815425
12135,0.2909864315729076
12136,0.8533461264802219
12137,0.2199724429296609
12138,0.3694839526504986
12139,0.24625254725736817
12140,0.6338308205095311
12141,0.4643429658481744
12142,0.2946488357437766
12143,0.3313141752490606
12144,0.30435546752112097
12145,0.33542807603458263
12146,0.7173014174814628
12147,0.7073123871803842
12148,0.3022424973945184
12149,0.36285205830054357
12150,0.260496781881745
12151,0.40347431426792485
12152,0.24572455165872398
12153,0.29178902630518816
12154,0.2861187248153227
12155,0.12693468335233185
12156,0.7688159556886738
12157,0.17254084135552175
12158,0.21725248110167417
12159,0.26123722778464875
12160,0.2704643844427216
12161,0.45088726732901835
12162,0.3819232562292657
12163,0.21866637519727267
12164,0.8299400081676069
12165,0.8064246756783173
12166,0.20737696651658427
12167,0.2922247127952723
12168,0.23243433276697786
12169,0.8376074799305427
12170,0.3041432112381345
12171,0.27625534496653664
12172,0.35642692762201705
12173,0.3332010745933921
12174,0.40683332672015426
12175,0.1735124117783324
12176,0.23413180634379363
12177,0.3346507750597666
12178,0.31581450208742295
12179,0.2166557014228272
12180,0.37830675618502335
12181,0.8356794066935559
12182,0.35734765177701494
12183,0.4112476640409119
12184,0.2693142587824472
12185,0.3866128070604823
12186,0.1647015081652581
12187,0.3359013387602952
12188,0.8226938484906912
12189,0.29095005354564835
12190,0.8388144278884505
12191,0.36802909272140977
12192,0.3563972831979544
12193,0.16407521241186954
12194,0.25984303324574826
12195,0.302178626680894
12196,0.21960359870867627
12197,0.30524181274879825
12198,0.43081183756890046
12199,0.3356436257690087
12200,0.32722392119031424
12201,0.3678433729161364
12202,0.19454221090687512
12203,0.4063088236576892
12204,0.21097848737019811
12205,0.2195046613541602
12206,0.22504696529056253
12207,0.22820010339679545
12208,0.2949140898711213
12209,0.3205158111631639
12210,0.24647425327336517
12211,0.2361212672071152
12212,0.3233222591111618
12213,0.14253135282125806
12214,0.10412032061245312
12215,0.22737944003459887
12216,0.3035930201739869
12217,0.13723087908287052
12218,0.32012154736787823
12219,0.8217982502186596
12220,0.17169275184951485
12221,0.32376446236667356
12222,0.3179830378191461
12223,0.8301562911496175
12224,0.15793622651229727
12225,0.7765793733196148
12226,0.40414995329066367
12227,0.23560444455449162
12228,0.14179707069608266
12229,0.19452702679967238
12230,0.21896968724079144
12231,0.3049808285406395
12232,0.35134998730617034
12233,0.3765433433235103
12234,0.4034503502060027
12235,0.4082405412240884
12236,0.3700247933793192
12237,0.38411065685701196
12238,0.7821915448022377
12239,0.3271348208620255
12240,0.29827092914596576
12241,0.2333642161428283
12242,0.3172738347665427
12243,0.1667325674117991
12244,0.2255878745124777
12245,0.15058798906681614
12246,0.2628411257323998
12247,0.2956870773998044
12248,0.3531332776037565
12249,0.36099383435623933
12250,0.7659049869174547
12251,0.4274444513811272
12252,0.8691816665727818
12253,0.8141493182773708
12254,0.8069055526648329
12255,0.3134841100371835
12256,0.3606943021521667
12257,0.40125443187917814
12258,0.8264562848001563
12259,0.3773344642380705
12260,0.29027215254056765
12261,0.7269085804800082
12262,0.764778028905635
12263,0.19819219417683925
12264,0.8140687375795459
12265,0.8443751037694822
12266,0.18484114464866372
12267,0.35796793800559173
12268,0.2967397440165536
12269,0.6290252363474018
12270,0.335050342663743
12271,0.3605752855603251
12272,0.4263030418780574
12273,0.26346546477058846
12274,0.23381863044084894
12275,0.32480479400407974
12276,0.1654831123798612
12277,0.19759245401792183
12278,0.2148669686294979
12279,0.8162110933531448
12280,0.4467909938540509
12281,0.40616928354081727
12282,0.18451801370231347
12283,0.3747629912977237
12284,0.25643928407088373
12285,0.8233960205698896
12286,0.6192597833443856
12287,0.3512652663338592
12288,0.24903994629255155
12289,0.8352524005718541
12290,0.15491720537121537
12291,0.2553838956970594
12292,0.7217854871525792
12293,0.31478858385498415
12294,0.1879505300743757
12295,0.3064290589950927
12296,0.2712257885247944
12297,0.3044276980744724
12298,0.24787674631617426
12299,0.20177246955501948
12300,0.3985999645422114
12301,0.21205383933350944
12302,0.200001614892418
12303,0.4578611232852182
12304,0.35597007265957664
12305,0.22956916782392756
12306,0.17965406557656588
12307,0.34051151155444465
12308,0.34882712834859264
12309,0.3496801054503151
12310,0.36573262828517716
12311,0.3613859348094305
12312,0.2681531626454985
12313,0.44279124708029116
12314,0.198330210703456
12315,0.33811068513996473
12316,0.47056632575869944
12317,0.850118737884182
12318,0.3028648627857995
12319,0.32631664277693545
12320,0.8294269492958369
12321,0.40415815808059663
12322,0.2654105211298244
12323,0.32079746105924056
12324,0.3369192695721004
12325,0.6010432195645119
12326,0.34733103943841004
12327,0.7688159556886738
12328,0.4055890891986778
12329,0.22736142060895304
12330,0.37857364754379597
12331,0.37921332795713797
12332,0.31089590765397623
12333,0.2899283879481065
12334,0.4350456035532479
12335,0.3323821992450809
12336,0.2661590692216728
12337,0.511068113792265
12338,0.3360865287187238
12339,0.3448630645519106
12340,0.43192737677762894
12341,0.16336071827994153
12342,0.3918732541028046
12343,0.29230905250636063
12344,0.212231234340196
12345,0.4286945717533309
12346,0.8483753706413633
12347,0.4860164178687574
12348,0.18907813784968244
12349,0.39619136791941295
12350,0.2925023403583891
12351,0.850118737884182
12352,0.2412082299390977
12353,0.3233605243237545
12354,0.5776113832614218
12355,0.4308872010936469
12356,0.2913325524870615
12357,0.7884741233760174
12358,0.23264033236644105
12359,0.24336538652691234
12360,0.2887544275600402
12361,0.2610348358625191
12362,0.3330048334902852
12363,0.23128229488290303
12364,0.23438731001956173
12365,0.4528520072058754
12366,0.3180192773066524
12367,0.34730568740827816
12368,0.45205952368920554
12369,0.14992567916661126
12370,0.44647111935404005
12371,0.3184507395405744
12372,0.3042323071480657
12373,0.23551630101586574
12374,0.28114702691746846
12375,0.32088693389152845
12376,0.14803851186329384
12377,0.8075833952041448
12378,0.31603429065005945
12379,0.29583790724336956
12380,0.33627761188467187
12381,0.35596220673124357
12382,0.38642148288960987
12383,0.28634718048633234
12384,0.30115365795187016
12385,0.39277757082531733
12386,0.2778313078565653
12387,0.20017791729402154
12388,0.38712375081838846
12389,0.3563124139081284
12390,0.34862558206650923
12391,0.33694442019136134
12392,0.3385764830613844
12393,0.7450400709435977
12394,0.7863376350825707
12395,0.25422745233896693
12396,0.40187207967089006
12397,0.2790000490660186
12398,0.3893367214818567
12399,0.21227273764265314
12400,0.26373417677902605
12401,0.2375506412339645
12402,0.2408998330025532
12403,0.2925054933540265
12404,0.2979586706356617
12405,0.2581211380782006
12406,0.3046511610471809
12407,0.38749516060752753
12408,0.3475283748264691
12409,0.27954325241224454
12410,0.25690640880254567
12411,0.30176413815670994
12412,0.20901461706785557
12413,0.8151002229816168
12414,0.21861182461284703
12415,0.1928828060801568
12416,0.826043597675922
12417,0.22576943827743137
12418,0.254754714921666
12419,0.2824146762687324
12420,0.8249643212656635
12421,0.4083970983571107
12422,0.1094394661486629
12423,0.2315982460062701
12424,0.8174111304499759
12425,0.7848288609451474
12426,0.18536786810897263
12427,0.20435599063843227
12428,0.3594922233408678
12429,0.3876144337059299
12430,0.3192522643103119
12431,0.16454435345359136
12432,0.32299566558131676
12433,0.26733471099493655
12434,0.30646515991479195
12435,0.287628083759109
12436,0.2243782622399159
12437,0.34491605543245674
12438,0.2513803576991879
12439,0.1993878602734209
12440,0.4450036367185821
12441,0.27375861028795423
12442,0.40091615611921927
12443,0.3671166912007072
12444,0.38166327307182596
12445,0.35078876101170736
12446,0.19846379749939302
12447,0.37059509794946954
12448,0.38464621243256536
12449,0.27922437108411996
12450,0.8182235482428107
12451,0.19608801279405014
12452,0.30093439573862224
12453,0.24133889565902306
12454,0.2555913725834655
12455,0.2824194301082323
12456,0.4229088517607276
12457,0.19096440002679824
12458,0.27288872884988624
12459,0.19912620157558353
12460,0.2947579265842565
12461,0.30292309309554777
12462,0.37811317122022975
12463,0.4086456171802198
12464,0.2676049748038762
12465,0.31244016320408724
12466,0.4043225679994582
12467,0.2578148208670145
12468,0.7888451104125831
12469,0.15061869612945764
12470,0.22192757940970373
12471,0.1975874420463036
12472,0.19336824405768394
12473,0.7768389861399958
12474,0.1649993567485447
12475,0.33214509810605264
12476,0.26395794767119213
12477,0.30314588355898575
12478,0.31416950675366173
12479,0.43843850669854595
12480,0.2802412559488665
12481,0.2202685518202059
12482,0.442042349782014
12483,0.18327714065184636
12484,0.17813944798316445
12485,0.29115469703045654
12486,0.27511122531885623
12487,0.3571452002390726
12488,0.17016244874541386
12489,0.23471613905576003
12490,0.34603035376351604
12491,0.8342831360006742
12492,0.3478480059681671
12493,0.15132319708853595
12494,0.7821204543422774
12495,0.39363681678230034
12496,0.3170157679525719
12497,0.3747860259920909
12498,0.32077328475487393
12499,0.24791152209767497
12500,0.10964733175771355
12501,0.420914511447407
12502,0.8335229704660974
12503,0.19381805779262887
12504,0.3077213908476972
12505,0.17560480903225784
12506,0.22957557372964693
12507,0.38514089082238434
12508,0.834205841516669
12509,0.22641790458112163
12510,0.37793255285584043
12511,0.2015227625978764
12512,0.4547281193280759
12513,0.8519800342158879
12514,0.3078667848245378
12515,0.808004564337184
12516,0.49314015925793603
12517,0.42103146228886706
12518,0.4315617967367668
12519,0.38710833532565625
12520,0.4153412657066282
12521,0.3125225727782729
12522,0.29195330256696667
12523,0.3285627028173278
12524,0.3163368405558628
12525,0.40787163072218835
12526,0.25398362874308883
12527,0.30500548221906865
12528,0.7238336632668887
12529,0.3453077657628306
12530,0.22021772077467153
12531,0.2766706632381433
12532,0.3489206329904189
12533,0.8255432068933892
12534,0.3490095329099035
12535,0.19685831104866508
12536,0.7853514333598843
12537,0.8443751037694822
12538,0.3186540546191077
12539,0.8174894266473164
12540,0.2465118379315942
12541,0.21524244833553768
12542,0.2436077140526665
12543,0.7820251305793517
12544,0.3372733767913436
12545,0.2655997296044721
12546,0.32635668395990525
12547,0.39342846644370755
12548,0.20488277870119284
12549,0.7823182146828677
12550,0.3083058194932637
12551,0.3758586970204111
12552,0.16250476200004366
12553,0.373718734671482
12554,0.3087417954993382
12555,0.3065930494114466
12556,0.19187212321270877
12557,0.4080496020933911
12558,0.7192573995075476
12559,0.33069878385353974
12560,0.2295184806116042
12561,0.3237400506144728
12562,0.18603557884451777
12563,0.8365514553245469
12564,0.3655713189585081
12565,0.27257640376235115
12566,0.19245813230314202
12567,0.2929238086110274
12568,0.2637758066411037
12569,0.42192850412028265
12570,0.33463276380043194
12571,0.19115149159052247
12572,0.3430361282990935
12573,0.38228855722326854
12574,0.13749753210337703
12575,0.7856403084796726
12576,0.2392624382566863
12577,0.20250071882330647
12578,0.3484316478674956
12579,0.14943381560231875
12580,0.19865631370701176
12581,0.2753294023608415
12582,0.4117058278911302
12583,0.65192251122342
12584,0.46909272545295444
12585,0.19138733151785708
12586,0.18785962538154646
12587,0.28416336581023
12588,0.20020102485234256
12589,0.2852386422584519
12590,0.4150675827351971
12591,0.3376625428805103
12592,0.49288069097917037
12593,0.8284700238416057
12594,0.370710623622246
12595,0.37857364754379597
12596,0.18730784496497058
12597,0.40605958210088133
12598,0.7722529568538128
12599,0.16943372264460216
12600,0.33351556775584096
12601,0.5530002397691867
12602,0.3598525649011806
12603,0.2779643748712425
12604,0.31542491787852056
12605,0.33828579028437017
12606,0.24788860701383023
12607,0.24825048122935658
12608,0.2152404038556693
12609,0.29742376126607756
12610,0.7522774900362792
12611,0.18263551721733254
12612,0.37470782663110597
12613,0.2233653622168221
12614,0.2386161089288341
12615,0.251321008789879
12616,0.2715968652353135
12617,0.41520187171535644
12618,0.224011060842187
12619,0.39143014849839364
12620,0.147462249391953
12621,0.21342854035603906
12622,0.34402392404715915
12623,0.3875633408983523
12624,0.3365374684803623
12625,0.2460480364596914
12626,0.3337091328497399
12627,0.8026915369572405
12628,0.30654074837783596
12629,0.2180382959217557
12630,0.4042903377840502
12631,0.33080634995022024
12632,0.319561208170823
12633,0.8150704225939424
12634,0.277494925606098
12635,0.24534332847137524
12636,0.3472838590626901
12637,0.35284948424866325
12638,0.3025755235888998
12639,0.336616710017403
12640,0.34390374160642323
12641,0.4795186700976786
12642,0.27836892322552964
12643,0.16427569080674959
12644,0.3104584782099732
12645,0.17086726799698165
12646,0.30914798118501735
12647,0.7746562285808178
12648,0.33918454518899416
12649,0.30101730004500993
12650,0.33385787640403647
12651,0.1640314506997718
12652,0.2385761977938937
12653,0.34778326120326436
12654,0.34216953568896724
12655,0.26823621326510105
12656,0.3306026042897021
12657,0.1820996841180156
12658,0.25500667749751627
12659,0.1963972352274802
12660,0.22726859486573595
12661,0.21381337341425677
12662,0.32159336944350503
12663,0.28875697470796224
12664,0.3706338644422752
12665,0.20351958425232283
12666,0.8336167517042868
12667,0.3911973262384972
12668,0.2726471828125483
12669,0.2985265609701861
12670,0.354209809084214
12671,0.3641477725247868
12672,0.2082512691806949
12673,0.25922828832976896
12674,0.24444761357365155
12675,0.3278446162045962
12676,0.22843347787073714
12677,0.2582244488094086
12678,0.7882491172495035
12679,0.40263258108156463
12680,0.20488277870119284
12681,0.34815072687374393
12682,0.2803931971427513
12683,0.7267443978941384
12684,0.3695911058903154
12685,0.8299059673313745
12686,0.12632479148840906
12687,0.18806647336347157
12688,0.2764231980008515
12689,0.22454498057218886
12690,0.35474633099599884
12691,0.16533828283866867
12692,0.41107396918636
12693,0.31358968572989004
12694,0.7354297732752387
12695,0.31886143976068876
12696,0.36333811668052945
12697,0.17313543198714532
12698,0.3246607967369703
12699,0.1993280713801758
12700,0.2183280643875478
12701,0.3367934679637296
12702,0.3551451461553716
12703,0.22480454933912833
12704,0.20192300402871521
12705,0.37095513321159435
12706,0.2757823226956948
12707,0.7696517167150435
12708,0.8367236246493414
12709,0.8217162601919661
12710,0.8134777954607151
12711,0.8299909784082754
12712,0.22304463544854156
12713,0.3809703386339784
12714,0.21766469545744407
12715,0.393369010671793
12716,0.3883867722047152
12717,0.5284672094822741
12718,0.2441317385349507
12719,0.3327886251402661
12720,0.3988921032616636
12721,0.7822415072489753
12722,0.3374177128742541
12723,0.32853766195861556
12724,0.20384432628580956
12725,0.5110985615569931
12726,0.22188809125981798
12727,0.2506515812211554
12728,0.16794301435123693
12729,0.32411489872081484
12730,0.26746749848520757
12731,0.8075833952041448
12732,0.38812451670140447
12733,0.30488092586501897
12734,0.2045341509036752
12735,0.29293212531021673
12736,0.22824805340933638
12737,0.36260806868066786
12738,0.2156020389211507
12739,0.34654136963601534
12740,0.3317424202680515
12741,0.36471251200056753
12742,0.7688159556886738
12743,0.13267864693984485
12744,0.8195155293261329
12745,0.37901547112947614
12746,0.8383086098925542
12747,0.31762681435275586
12748,0.25237590865635834
12749,0.3956582400250322
12750,0.32836436203881425
12751,0.8664739835228205
12752,0.18211158974724573
12753,0.3274534088248959
12754,0.1523926117554005
12755,0.430543319082225
12756,0.7874696463867138
12757,0.22441722451242965
12758,0.42615664928812597
12759,0.2566241435144526
12760,0.20702307997759278
12761,0.8512921876865682
12762,0.15726438047883273
12763,0.27225759821162826
12764,0.28835239906306137
12765,0.18245181937855276
12766,0.22013567604796325
12767,0.3337811385218028
12768,0.10602280156501007
12769,0.14333386401463316
12770,0.7820251305793517
12771,0.30392204720465543
12772,0.2360628557367889
12773,0.39112262122565405
12774,0.23307644751415615
12775,0.8351512943372312
12776,0.29571380435855077
12777,0.21031766963322893
12778,0.23199487132543928
12779,0.5343341147308233
12780,0.10695760012200752
12781,0.14743405735694592
12782,0.3799311694344811
12783,0.8371422096780343
12784,0.2947019392803277
12785,0.2712452194079368
12786,0.16378310007199154
12787,0.47703250903572997
12788,0.2833670728661707
12789,0.47069605584011914
12790,0.26134269579288194
12791,0.39550568671319003
12792,0.2920406797687724
12793,0.3251029063744744
12794,0.2974252849568239
12795,0.26527148704392806
12796,0.3323297522813434
12797,0.14917079385201773
12798,0.38847300022741443
12799,0.1923857207168199
12800,0.4131475994113252
12801,0.19904091277903443
12802,0.2726471828125483
12803,0.3420815730477152
12804,0.36917098496362943
12805,0.856803843117218
12806,0.33917954226113073
12807,0.40749396487791767
12808,0.7830373284019251
12809,0.6873110481346977
12810,0.1195682007327669
12811,0.2840498469489179
12812,0.24627361243869947
12813,0.17066627636193496
12814,0.47686696053552746
12815,0.3256152802271502
12816,0.8681576288689663
12817,0.3013376643266003
12818,0.37507598160656064
12819,0.2846200243797177
12820,0.2022453278458727
12821,0.40391867868767967
12822,0.3756352480377264
12823,0.37842842873340926
12824,0.2519717103512638
12825,0.8140687375795459
12826,0.3069927312527143
12827,0.29042446720212933
12828,0.3252167633192374
12829,0.16917151627778723
12830,0.2820575759673158
12831,0.2525404986727986
12832,0.4280198529174879
12833,0.3829125172057598
12834,0.36278806286377263
12835,0.31625054625593
12836,0.8330063149118762
12837,0.44647111935404005
12838,0.28287392972992087
12839,0.38389304134414626
12840,0.3138503764414667
12841,0.1677620141508477
12842,0.3052837671702683
12843,0.4295868920731928
12844,0.16984851967287634
12845,0.27264967351385855
12846,0.8748756462800306
12847,0.21226521032003626
12848,0.38102475436624106
12849,0.22733738402529977
12850,0.34808521464406333
12851,0.1990249848400701
12852,0.21808484881922535
12853,0.282034231740932
12854,0.332940298244831
12855,0.3929325993070052
12856,0.21331738101535605
12857,0.19005443560564955
12858,0.3076441764071085
12859,0.24718354451627378
12860,0.38494745033969496
12861,0.8509510191892631
12862,0.3017341596728812
12863,0.3955730943545272
12864,0.17646472371937286
12865,0.32599108584081027
12866,0.8274705610930909
12867,0.32739855976165866
12868,0.18302305386942294
12869,0.25618641607379244
12870,0.2621200832558664
12871,0.18443223650621027
12872,0.20805710416932122
12873,0.3258190831641107
12874,0.35958326117298434
12875,0.36298718199769486
12876,0.2571025664366646
12877,0.22350771992098084
12878,0.7824330530602019
12879,0.7768389861399958
12880,0.800998296155063
12881,0.394687320799815
12882,0.34999215195818595
12883,0.3551088148934426
12884,0.4067522247318663
12885,0.39183476832457115
12886,0.6964766117019349
12887,0.32906400543103154
12888,0.21496966064386147
12889,0.35632352104754306
12890,0.7522774900362792
12891,0.18456396800271854
12892,0.3406035620160226
12893,0.19428638326719316
12894,0.17903058458267532
12895,0.26756786068260563
12896,0.2587819257476668
12897,0.8264672634535377
12898,0.3085009758132117
12899,0.19827920504798469
12900,0.18838643654031684
12901,0.4518465336453332
12902,0.43449496270717136
12903,0.38461007656907004
12904,0.25009156870903637
12905,0.26655837125889514
12906,0.17461056981748102
12907,0.2050792151760747
12908,0.8175524135872753
12909,0.2990058733192671
12910,0.31464700946984325
12911,0.20534432409572534
12912,0.3002406484141101
12913,0.4133893500404958
12914,0.3422881485183357
12915,0.2577358473716193
12916,0.18127814816741264
12917,0.3671355433873823
12918,0.7768389861399958
12919,0.23909609176734192
12920,0.22158730465405763
12921,0.3533242458461158
12922,0.8643545064298007
12923,0.34553196534487646
12924,0.3579668073253071
12925,0.32199742311487045
12926,0.23872077298883432
12927,0.20328425637122427
12928,0.15965771034476114
12929,0.39825207569420534
12930,0.8374632063526565
12931,0.223945565740395
12932,0.1400399379232407
12933,0.23181927715017916
12934,0.34459094774895166
12935,0.4168699173721708
12936,0.3330263937895616
12937,0.2617233415349768
12938,0.37420074696864536
12939,0.3941297320208437
12940,0.8337581924273286
12941,0.8315543674014224
12942,0.29881309318043203
12943,0.24383836247232127
12944,0.3502694688328968
12945,0.2685670533504692
12946,0.19247885646423343
12947,0.8264672634535377
12948,0.42166934738608486
12949,0.7444352649082818
12950,0.29342276112986837
12951,0.2747738140799929
12952,0.8264672634535377
12953,0.8244940608731169
12954,0.22211550081616455
12955,0.2905744063946461
12956,0.8479302265521966
12957,0.34875515403899837
12958,0.2364063236817892
12959,0.38671540759590106
12960,0.17334105263602514
12961,0.3640296137743164
12962,0.3555505653072165
12963,0.7814835626049841
12964,0.337162965373458
12965,0.35964713084500377
12966,0.21010811194183496
12967,0.21554409967751365
12968,0.23573922052059892
12969,0.20811296075306324
12970,0.24859590131020837
12971,0.3745821914196473
12972,0.8481471313973232
12973,0.3107669882695562
12974,0.30765185078556617
12975,0.3365583913071278
12976,0.3327849407371158
12977,0.32797754336741125
12978,0.49170185653520104
12979,0.15461420712172683
12980,0.25049453549731243
12981,0.40943199975075556
12982,0.23318402529019278
12983,0.16385122584226536
12984,0.15193079122116
12985,0.2222972642118657
12986,0.2718925698166094
12987,0.3557782272985451
12988,0.8243074974198471
12989,0.6508525637973589
12990,0.24064817076160933
12991,0.34476216865768916
12992,0.3735985681005678
12993,0.19227675454782933
12994,0.5161170346457877
12995,0.2462854598127702
12996,0.12592253351288382
12997,0.8681576288689663
12998,0.3925619220710835
12999,0.15638959349347895
13000,0.38743816928452063
13001,0.17874239474629514
13002,0.28878477858779433
13003,0.21363125604993966
13004,0.16041555804833654
13005,0.34489651598846716
13006,0.3196643565205672
13007,0.3100810126862825
13008,0.8264087494260711
13009,0.7866905636281541
13010,0.23018645145108266
13011,0.2669072676909067
13012,0.6311875182018131
13013,0.40197162389190055
13014,0.8148437353525109
13015,0.14944596361473517
13016,0.18121365733186548
13017,0.2066291422445579
13018,0.2449145322517207
13019,0.2520477690636356
13020,0.3581984365846739
13021,0.2631958832794371
13022,0.2803214723476985
13023,0.15661424065894466
13024,0.32262758074015474
13025,0.28422624687145187
13026,0.41882128572314065
13027,0.4223236339787814
13028,0.8681576288689663
13029,0.3191144674010038
13030,0.2371634148094394
13031,0.34982254951419905
13032,0.25671964017034415
13033,0.8147657384670818
13034,0.29462703300306387
13035,0.40075937436814363
13036,0.3504526921058752
13037,0.33181927290045765
13038,0.3219936356966016
13039,0.1990249848400701
13040,0.31789184848439256
13041,0.38098830619879254
13042,0.3163043101913211
13043,0.3818209292395823
13044,0.23503583071769737
13045,0.40313117943064253
13046,0.3254714183235765
13047,0.3415736049576794
13048,0.28910157455446217
13049,0.16013893574694346
13050,0.3137425833664506
13051,0.337215990334091
13052,0.3188552458242928
13053,0.25953779653340747
13054,0.2717957267119811
13055,0.23813087931179538
13056,0.1885841274418991
13057,0.7380739744604108
13058,0.8150901484510757
13059,0.33803285769981256
13060,0.2766310978583839
13061,0.4099756970240347
13062,0.309714175364849
13063,0.7607837212258635
13064,0.40471348101889526
13065,0.33142259190891926
13066,0.8479302265521966
13067,0.8365806882926954
13068,0.8338654274772318
13069,0.2700842797539109
13070,0.32417298635435937
13071,0.19075876207151082
13072,0.36323711443155143
13073,0.15173923592068997
13074,0.3926481130473638
13075,0.3341016340844824
13076,0.33373400726405655
13077,0.8033025612295888
13078,0.2827623560081738
13079,0.22230597899798502
13080,0.14889067239617368
13081,0.20172072318294337
13082,0.4117705697377582
13083,0.18079249593202198
13084,0.26989312686853995
13085,0.2102066022279582
13086,0.3280878956010389
13087,0.8018876811430389
13088,0.24472732678418416
13089,0.3607900792799573
13090,0.4336115899993653
13091,0.8780608236090333
13092,0.2833482183607153
13093,0.8217982502186596
13094,0.17529221933256883
13095,0.8336167517042868
13096,0.3300192882924238
13097,0.2666064971403425
13098,0.2610448696112671
13099,0.19262808102700957
13100,0.33872467199490225
13101,0.3576998944649795
13102,0.1371125398322577
13103,0.22269589024817152
13104,0.3726337879448136
13105,0.818599144928158
13106,0.5244641375504873
13107,0.2911190324299286
13108,0.3799520003164529
13109,0.24478221937529118
13110,0.12348761567469058
13111,0.4114578303048195
13112,0.39591932392072166
13113,0.39671790844607013
13114,0.41071339659658046
13115,0.3015735454360969
13116,0.2230066999172141
13117,0.4142286053621556
13118,0.16673224922858368
13119,0.4286945717533309
13120,0.2881323255369257
13121,0.27870889110100006
13122,0.8148437353525109
13123,0.2278969749566733
13124,0.3849886884674861
13125,0.589783411626829
13126,0.4302357596779986
13127,0.3598258181502077
13128,0.45538618352375043
13129,0.43618821689775755
13130,0.3060951662354206
13131,0.4727222007420079
13132,0.39880280505485394
13133,0.3426510301038027
13134,0.2916651696780835
13135,0.8193212146499488
13136,0.3481817634823086
13137,0.1804370135938501
13138,0.3684060667718648
13139,0.29061394156479
13140,0.3630526053180817
13141,0.7853514333598843
13142,0.2680368933397989
13143,0.3455352093884581
13144,0.3285813901330248
13145,0.21135296935211875
13146,0.3924183257027322
13147,0.2358270279461422
13148,0.4067207121030459
13149,0.23929473915317556
13150,0.3241401658073006
13151,0.30163422125301165
13152,0.18100358036921826
13153,0.19008057276875348
13154,0.3360474452680614
13155,0.19791049426322957
13156,0.33785250548323026
13157,0.2975015353686908
13158,0.8258122952256507
13159,0.2699410133902391
13160,0.2686144049521194
13161,0.253579970469751
13162,0.22954521253966448
13163,0.23738330193394191
13164,0.31544354405499797
13165,0.2586294337824023
13166,0.39360042237494725
13167,0.24853361424666626
13168,0.32768754219472557
13169,0.20230406653722993
13170,0.8681576288689663
13171,0.1913563546026491
13172,0.301073811935174
13173,0.1849580121667982
13174,0.356307190692457
13175,0.3523174232290871
13176,0.26664365546780017
13177,0.27514478686368676
13178,0.4238378898373312
13179,0.3774830068570957
13180,0.3404882577542639
13181,0.3442643442790861
13182,0.3528630942902857
13183,0.4040323933451484
13184,0.37877208256631545
13185,0.30521056010769354
13186,0.2532130157988636
13187,0.2547691482321984
13188,0.21591171956414257
13189,0.37072159113797615
13190,0.3766509230885738
13191,0.231328787040039
13192,0.24015326211157903
13193,0.3926058186182478
13194,0.3502661941403909
13195,0.401810378716514
13196,0.33551397468017563
13197,0.4318307827490579
13198,0.2559867201988474
13199,0.3371855142750444
13200,0.42673899162013124
13201,0.2557364479644499
13202,0.31301407961905553
13203,0.2571950823499064
13204,0.3897148765348991
13205,0.23251021654811996
13206,0.40628793093055154
13207,0.83626414631841
13208,0.1484752001697894
13209,0.8147858794811758
13210,0.2537215321927757
13211,0.27202530307881256
13212,0.30627112065636214
13213,0.30969202783116395
13214,0.1862462649315304
13215,0.33984589284612793
13216,0.25245672310215106
13217,0.2415213443614907
13218,0.8023362779630027
13219,0.8242399328924895
13220,0.3385842299403165
13221,0.10072618186322742
13222,0.3876082845278677
13223,0.398622029415884
13224,0.262917415955635
13225,0.26941119836271665
13226,0.27113902847859
13227,0.32460040895456654
13228,0.1790579258429537
13229,0.4084707222152718
13230,0.7874696463867138
13231,0.13826016585443682
13232,0.16445458280628236
13233,0.2636781200678593
13234,0.31107371948912577
13235,0.17232846450261613
13236,0.3324631338421262
13237,0.8350246495464897
13238,0.3925226385831986
13239,0.40887539377084614
13240,0.26344916452158773
13241,0.8363692934833411
13242,0.3531696122189416
13243,0.8316633566192405
13244,0.7432357576226133
13245,0.35877194046268474
13246,0.3294372808857423
13247,0.3271762952167197
13248,0.24276476505830932
13249,0.26077993211143347
13250,0.4238378898373312
13251,0.21299173671194704
13252,0.41163408220918485
13253,0.396933483534703
13254,0.18492281356807966
13255,0.8299348396202024
13256,0.23405549326823397
13257,0.3970850096960307
13258,0.2615512585423163
13259,0.4446558312844032
13260,0.3427454471766727
13261,0.22518274674362482
13262,0.18254427107557825
13263,0.18987429961629285
13264,0.2940880261454034
13265,0.38668720494393233
13266,0.28092724363131283
13267,0.2765382309098344
13268,0.3102757698416907
13269,0.1703957512475878
13270,0.36751962513236386
13271,0.8252414412220864
13272,0.3376034409069339
13273,0.24168352535624832
13274,0.3440148373037301
13275,0.39715822134510587
13276,0.26143679742161213
13277,0.33817907258661023
13278,0.16536057936006207
13279,0.19432593874058693
13280,0.3392714854069466
13281,0.8451287393335902
13282,0.23742852398250924
13283,0.2332669188885602
13284,0.33000159451979016
13285,0.22885586587123125
13286,0.22659399271870254
13287,0.23079885654159463
13288,0.35736160591024774
13289,0.20592102449771896
13290,0.40502211833999996
13291,0.7781513815396087
13292,0.2411803475033061
13293,0.1552837340348628
13294,0.810365645839611
13295,0.3006662803695466
13296,0.8289843911002066
13297,0.32354756398428547
13298,0.8264672634535377
13299,0.41060967737640985
13300,0.4036706049548099
13301,0.34005928505672633
13302,0.23514192800733846
13303,0.8140687375795459
13304,0.3422340549215959
13305,0.28769009919224153
13306,0.4602373226808919
13307,0.20250071882330647
13308,0.2753778670031859
13309,0.26496094034921364
13310,0.14742746288455552
13311,0.400286006130557
13312,0.21345039278343947
13313,0.1435663353699888
13314,0.3809290285570611
13315,0.8139005656070551
13316,0.2842052532525886
13317,0.7111468566121434
13318,0.27040880431152
13319,0.31743411660827897
13320,0.3325723043237497
13321,0.7217854871525792
13322,0.386147483094672
13323,0.3320529690774127
13324,0.2558610503604053
13325,0.22175693577452266
13326,0.1895071451474386
13327,0.2767122340567209
13328,0.834205841516669
13329,0.8640423598589155
13330,0.1931827538020682
13331,0.8144634468917469
13332,0.3014911017626383
13333,0.2569628186245022
13334,0.3020123593176285
13335,0.8369445958105285
13336,0.20416269985723035
13337,0.34149894675911696
13338,0.31311456228962226
13339,0.33677994720019744
13340,0.29912783015441075
13341,0.29841852970661953
13342,0.2332110196745122
13343,0.13088665765517246
13344,0.17772159763544051
13345,0.3221916520670321
13346,0.23536571988179894
13347,0.34535842989999355
13348,0.2853488037882366
13349,0.343522976872598
13350,0.4775004700630901
13351,0.30391361597616784
13352,0.13204326723176715
13353,0.4103233140491925
13354,0.26912826151274405
13355,0.8243074974198471
13356,0.3540768741634341
13357,0.36789273841463754
13358,0.7544596093785007
13359,0.34694171399033413
13360,0.2905352700970762
13361,0.3300329292553865
13362,0.23120168481048256
13363,0.290060719093801
13364,0.15775298762534595
13365,0.35423558467093774
13366,0.29332132668864275
13367,0.3007636553823191
13368,0.19454401525136159
13369,0.1888017763687975
13370,0.425688562736488
13371,0.4223844690341514
13372,0.29420366926881675
13373,0.4778922291093925
13374,0.3347078100448931
13375,0.31658835894898163
13376,0.17195139817122884
13377,0.3359125593153789
13378,0.2862060375215776
13379,0.25095077432584834
13380,0.38266499600515724
13381,0.2514978955308315
13382,0.28657201602180604
13383,0.3380959298801481
13384,0.3958195537917579
13385,0.22334120380513986
13386,0.2925050735704571
13387,0.8353565876641688
13388,0.30103626402069356
13389,0.2356246664829311
13390,0.24628633727005653
13391,0.3409918322549314
13392,0.2161904128597387
13393,0.19187148164515913
13394,0.31941873198111187
13395,0.31065483162313995
13396,0.16581680841483418
13397,0.8055524586512866
13398,0.3481310576768186
13399,0.27503474548841134
13400,0.2098350894599956
13401,0.28385132113768946
13402,0.1988695708520454
13403,0.2092481536561104
13404,0.337218822868193
13405,0.24689885849859994
13406,0.310195819705984
13407,0.34501113768996905
13408,0.33655690419594425
13409,0.3299640563580098
13410,0.29391867465692756
13411,0.32230403194993357
13412,0.835050053709259
13413,0.176039003807477
13414,0.40789697867187374
13415,0.8294231484774618
13416,0.34459060443200035
13417,0.20846210150491287
13418,0.32020048497277326
13419,0.27196611071747534
13420,0.33869781101421415
13421,0.27495214513741245
13422,0.3550818276287806
13423,0.33220881836877647
13424,0.2830068436257305
13425,0.3466826907886617
13426,0.2787659170016754
13427,0.4117428919613885
13428,0.8340702605497559
13429,0.15788077135782994
13430,0.7192573995075476
13431,0.29844282314765824
13432,0.2804434953510162
13433,0.23809779767942638
13434,0.33874376642072107
13435,0.288089205814746
13436,0.3335701893553868
13437,0.2158276581839881
13438,0.7839903545110696
13439,0.39939540821238206
13440,0.34312977731824174
13441,0.7823059957377418
13442,0.3192795587727362
13443,0.350243876166322
13444,0.29595608178652066
13445,0.3666555788349944
13446,0.8352846541769412
13447,0.42316031414727884
13448,0.3723752467875342
13449,0.1596980517507298
13450,0.10391866815401034
13451,0.4321871494476031
13452,0.14749087634578426
13453,0.4256991907886707
13454,0.13876204751115123
13455,0.35475564622423267
13456,0.786814493126364
13457,0.3484255863038543
13458,0.8547111863038626
13459,0.3134135293185595
13460,0.3306233574972267
13461,0.4074830702612487
13462,0.7751805179230221
13463,0.3056550808279331
13464,0.22885746025660866
13465,0.24157029125910412
13466,0.29402600976713267
13467,0.27358991300486074
13468,0.36381742647388504
13469,0.33058537264756616
13470,0.2898803690111773
13471,0.32820388032212594
13472,0.24412585790247904
13473,0.19072666627224238
13474,0.38062373135894967
13475,0.3895153071645187
13476,0.2632798494110166
13477,0.28613960034493136
13478,0.2218336111622788
13479,0.6324766419499798
13480,0.27164244759306194
13481,0.2518255556220663
13482,0.3145324837596615
13483,0.4513985624432655
13484,0.3179555699174793
13485,0.3712186179451355
13486,0.21284757543994048
13487,0.3158033450981904
13488,0.32420997652756084
13489,0.2832331113153644
13490,0.3425804090836049
13491,0.28104588338757475
13492,0.337234755745015
13493,0.7853514333598843
13494,0.32749559471349876
13495,0.4015776544718681
13496,0.3324662618299162
13497,0.3176457758709815
13498,0.2623385371503878
13499,0.23216192955446768
13500,0.2752034354405339
13501,0.23727424947559086
13502,0.21783108827293285
13503,0.2798519322210399
13504,0.7702496060215548
13505,0.08429905441751029
13506,0.8033025612295888
13507,0.18849086622206424
13508,0.831238126533024
13509,0.33657594366492644
13510,0.4708888744595612
13511,0.25924001274708736
13512,0.33050816789745896
13513,0.24562754443240764
13514,0.4199336600918012
13515,0.3112518603707223
13516,0.7752367174677871
13517,0.3036615976841277
13518,0.3933128725965772
13519,0.36256568208630935
13520,0.39071414992532655
13521,0.18136443915508424
13522,0.26969417508456955
13523,0.235568719255808
13524,0.35700158259525844
13525,0.831238126533024
13526,0.3232689382611121
13527,0.3887134427847909
13528,0.8647559053745305
13529,0.2689396590817419
13530,0.13882776877609376
13531,0.4023779639652409
13532,0.2799108410124236
13533,0.3791875273798455
13534,0.311143769223576
13535,0.36775178963179495
13536,0.4066447369566525
13537,0.17048474129359226
13538,0.3543549371729885
13539,0.297862964696911
13540,0.32350811199569196
13541,0.2669552657295463
13542,0.3302198228810608
13543,0.8383086098925542
13544,0.21260780601062879
13545,0.3435617498858156
13546,0.3321839166759681
13547,0.17498062039887677
13548,0.8286935468228503
13549,0.25748913238233917
13550,0.4110643736104687
13551,0.15886005584742025
13552,0.16911659322077524
13553,0.34081880004795023
13554,0.7812078381957597
13555,0.1653230315850381
13556,0.2950227425225899
13557,0.2940920026762079
13558,0.3274398380450837
13559,0.46255072430994754
13560,0.35461752371433386
13561,0.1994289297000486
13562,0.3885920574138419
13563,0.3419382866955283
13564,0.220424633915973
13565,0.23445591521971523
13566,0.2287741561569023
13567,0.28509431948545955
13568,0.7800829785312061
13569,0.35634891046974315
13570,0.34962141638086214
13571,0.23214803318914973
13572,0.318386501676728
13573,0.36133222441870066
13574,0.4142286053621556
13575,0.8516516161808881
13576,0.2716312986614481
13577,0.2314110617234413
13578,0.8264672634535377
13579,0.2147958709757824
13580,0.18623307364777034
13581,0.7849639906467891
13582,0.4727222007420079
13583,0.839180614739287
13584,0.3806114666747419
13585,0.24384816617825197
13586,0.30379062680309593
13587,0.4376183526490812
13588,0.8312779256669508
13589,0.4109278836863262
13590,0.22329182766833935
13591,0.7728216178394514
13592,0.41938538441731177
13593,0.3468975450350857
13594,0.19297667433906013
13595,0.26314196456915423
13596,0.20878382957308983
13597,0.23085145586563777
13598,0.2271284982296112
13599,0.29377406403254125
13600,0.3734720083716481
13601,0.7192573995075476
13602,0.3082649774662396
13603,0.4061318219641484
13604,0.4693681120250539
13605,0.5122899183499061
13606,0.36319834984739596
13607,0.4094976701158642
13608,0.3800998216218405
13609,0.21376273422973924
13610,0.39428239502729245
13611,0.08636902761914675
13612,0.2977519901376885
13613,0.39851859918260885
13614,0.3883960433792403
13615,0.40593661940899656
13616,0.17814244642787377
13617,0.7884741233760174
13618,0.28217146070250665
13619,0.4090019232373436
13620,0.2329501938431271
13621,0.8023362779630027
13622,0.41318192459785236
13623,0.24107828942408513
13624,0.28241420076702134
13625,0.2974265925050724
13626,0.3998973316367758
13627,0.3981405391887332
13628,0.8371422096780343
13629,0.31552103550768174
13630,0.44647111935404005
13631,0.22947697047250215
13632,0.23603733350105027
13633,0.29225771677379553
13634,0.1602702195173882
13635,0.464304310097754
13636,0.7784795499492765
13637,0.3504600211356409
13638,0.22913067275011328
13639,0.29862504852072885
13640,0.3981928192500095
13641,0.3254414530997496
13642,0.31649292213626556
13643,0.3730067578483125
13644,0.31422689640279716
13645,0.31890534928561554
13646,0.17708119898477417
13647,0.3280011403540843
13648,0.26865470361093857
13649,0.2356050131365097
13650,0.3293640485363107
13651,0.2139580766062023
13652,0.815595673703971
13653,0.3124744577337334
13654,0.21255266388262564
13655,0.7853514333598843
13656,0.3479832291692141
13657,0.35150986346424523
13658,0.3099760840666297
13659,0.17898231654185584
13660,0.26848689006755255
13661,0.20304675095199692
13662,0.2275054974451156
13663,0.4278592153484544
13664,0.32582542553438015
13665,0.3235770211894095
13666,0.13560583354872385
13667,0.25693698548994326
13668,0.24890760463086253
13669,0.40809831733659346
13670,0.20693666738964772
13671,0.3805065471057389
13672,0.2584430463628233
13673,0.377495306812207
13674,0.40330654304492203
13675,0.1985112133918389
13676,0.41057724251810995
13677,0.31423142716875274
13678,0.43610859317359935
13679,0.26446809152781076
13680,0.31893893702515574
13681,0.4683766879512204
13682,0.23085927090194885
13683,0.8250945075558704
13684,0.30442738449378737
13685,0.2651827399276293
13686,0.332057229861565
13687,0.3259365427044455
13688,0.19651126608557634
13689,0.29547594297797164
13690,0.16499144512105776
13691,0.2040218119119843
13692,0.11863482044783444
13693,0.34777358843844747
13694,0.8647559053745305
13695,0.10713404952475847
13696,0.3139528357924534
13697,0.4012443592990022
13698,0.12842336692766715
13699,0.12898325094503654
13700,0.19714559726437303
13701,0.2920057932484653
13702,0.38260960523495685
13703,0.847673273459931
13704,0.3882377631233535
13705,0.2563082051649004
13706,0.1979333085016377
13707,0.4144702604885695
13708,0.40628620936211934
13709,0.2111639966222209
13710,0.14971150205317782
13711,0.24124548500607051
13712,0.4727858527370463
13713,0.14369699712476233
13714,0.19585418601081714
13715,0.39419951938044206
13716,0.8686945222522442
13717,0.28512504622545687
13718,0.3954230320667244
13719,0.37040785883394217
13720,0.21574676238644397
13721,0.13941626257219655
13722,0.37897065870273494
13723,0.19681748892670506
13724,0.2191575263616228
13725,0.2415256143840655
13726,0.16641337839303863
13727,0.333517188420753
13728,0.7377396061514745
13729,0.6311875182018131
13730,0.2224830514118858
13731,0.356772314801358
13732,0.17979946986855383
13733,0.25636692467012223
13734,0.3341091381294483
13735,0.41741322202402603
13736,0.3025211462983175
13737,0.6346507388356557
13738,0.2578604429815909
13739,0.23219296489514077
13740,0.8329875354077351
13741,0.31857043215628605
13742,0.8786915099781272
13743,0.23341561032112923
13744,0.2398100261850513
13745,0.26700220694730675
13746,0.3563791511089301
13747,0.34224886661242837
13748,0.33100794047929005
13749,0.18075066474792467
13750,0.3624029502981268
13751,0.1299870142072976
13752,0.15087097831522234
13753,0.45538618352375043
13754,0.3937841665149147
13755,0.3516649257446269
13756,0.32396664865061603
13757,0.30367256285796945
13758,0.2891238286447362
13759,0.25595447923676695
13760,0.8268435894840691
13761,0.4407798409024652
13762,0.3047389914949044
13763,0.20250071882330647
13764,0.3834690506567525
13765,0.3713956794376885
13766,0.3401078351265317
13767,0.42043522724449905
13768,0.3595671909516846
13769,0.3436223718446374
13770,0.281775863898464
13771,0.7208894389272198
13772,0.8443751037694822
13773,0.7757951042792665
13774,0.22858228402178152
13775,0.3228987896181279
13776,0.31371722610057406
13777,0.4203229129844022
13778,0.8145278498708196
13779,0.29705680062691436
13780,0.40814396792388147
13781,0.23014856450927262
13782,0.4036631908520722
13783,0.16748006092239973
13784,0.2697328670283047
13785,0.4090612037993484
13786,0.8395345668087622
13787,0.1930984697932786
13788,0.24537847595487697
13789,0.18185548826909675
13790,0.38841471337471245
13791,0.2223659271677074
13792,0.36750386272852864
13793,0.3160835511148211
13794,0.3123985178784623
13795,0.23617369858732642
13796,0.4321871494476031
13797,0.8330063149118762
13798,0.303525153320115
13799,0.3837015244824673
13800,0.30324366222398175
13801,0.35083620590513914
13802,0.36952436880699585
13803,0.4350456035532479
13804,0.40820382858974036
13805,0.3209754654439616
13806,0.1603806323258001
13807,0.8324771051144103
13808,0.35060586469588106
13809,0.31111608582243994
13810,0.30475598026693634
13811,0.3517136360427024
13812,0.8200449028286468
13813,0.12332830669178475
13814,0.8562397373951459
13815,0.30469085883091523
13816,0.3428290046846011
13817,0.20439184757264217
13818,0.3457457754672289
13819,0.32464874811584155
13820,0.3110682360108803
13821,0.7734264009446068
13822,0.2646372895352377
13823,0.18008125253902782
13824,0.37877233367522367
13825,0.20732967395168514
13826,0.3535882661965382
13827,0.19188747448370763
13828,0.6300505045970968
13829,0.2812851715600988
13830,0.2602643119736074
13831,0.40639772706002214
13832,0.2400882796569693
13833,0.23208786337834697
13834,0.36490229377031247
13835,0.1926991837636022
13836,0.1811672042246039
13837,0.34662103434746727
13838,0.18661288676481538
13839,0.29493294702207745
13840,0.3831876778861898
13841,0.4468207649471409
13842,0.3095591183487361
13843,0.4649385099816042
13844,0.32551762522298927
13845,0.34096888377244444
13846,0.3228244234010211
13847,0.23978928695098217
13848,0.4407798409024652
13849,0.32424251235686513
13850,0.4099723562631497
13851,0.8395345668087622
13852,0.2610182265018709
13853,0.21062007689519993
13854,0.8681576288689663
13855,0.22166583244382856
13856,0.2528073361171342
13857,0.27012692257776144
13858,0.37670410447534625
13859,0.29174492484347614
13860,0.19198344496968742
13861,0.3325253265312769
13862,0.3322575701995633
13863,0.3447205968537872
13864,0.26655411302864224
13865,0.30998186766465013
13866,0.26195691508746943
13867,0.8384717918818934
13868,0.7851383899802343
13869,0.7456636369535433
13870,0.33912111358747593
13871,0.4376183526490812
13872,0.3254702684737945
13873,0.19879087011413218
13874,0.8268435894840691
13875,0.20559789762483016
13876,0.80607209186859
13877,0.2557505834791449
13878,0.8198162164532258
13879,0.2939054321972724
13880,0.3970408356518884
13881,0.3794194221984728
13882,0.33286326626034285
13883,0.28729739166949664
13884,0.44921863245042537
13885,0.2776425993525654
13886,0.22924079525792815
13887,0.25829266919846494
13888,0.8474786143266048
13889,0.27320257651247504
13890,0.40726659755777384
13891,0.4074811102832428
13892,0.19284379949518435
13893,0.8395345668087622
13894,0.20993383062690224
13895,0.3893317804610167
13896,0.3435844528015912
13897,0.39774861881964696
13898,0.19038433431217766
13899,0.17607057788929636
13900,0.3010624745334406
13901,0.18969231283294888
13902,0.11875121354798471
13903,0.1373685592266209
13904,0.32455667459122
13905,0.4315617967367668
13906,0.31881983791121155
13907,0.3038496451982503
13908,0.3229109192280444
13909,0.3393423071310124
13910,0.3054139885714347
13911,0.8351512943372312
13912,0.2242611218685872
13913,0.2880146298010206
13914,0.18462951545113934
13915,0.40796120155327714
13916,0.3094656367050964
13917,0.35084871636508647
13918,0.8033025612295888
13919,0.3189108240990348
13920,0.336576568895783
13921,0.31574830603371756
13922,0.2021683143967383
13923,0.38589381040715076
13924,0.4281332098306511
13925,0.25103783543585967
13926,0.35352239140677877
13927,0.33481692160998366
13928,0.18385060524491192
13929,0.34275475192148963
13930,0.40943199975075556
13931,0.5648878109435179
13932,0.4081918902172977
13933,0.22242917771175416
13934,0.19329535459576733
13935,0.23251021654811996
13936,0.3004010678613893
13937,0.3033256654701744
13938,0.8376598187290648
13939,0.3439953252041074
13940,0.1599266446979284
13941,0.40700791150570226
13942,0.1778189713709964
13943,0.27519947650321935
13944,0.3639155169695391
13945,0.19635233841082936
13946,0.4038798050563092
13947,0.27389440703589557
13948,0.29643467646059235
13949,0.16596425665319592
13950,0.3325896969462184
13951,0.3193196917131516
13952,0.4302430743976955
13953,0.2968356596506445
13954,0.2699376289815274
13955,0.16826908467419446
13956,0.3821071092239984
13957,0.3241869013459941
13958,0.7836109977105224
13959,0.4513985624432655
13960,0.27391036858738654
13961,0.38491145236039087
13962,0.8069224139039296
13963,0.4608497856203309
13964,0.23810976276210138
13965,0.2833238453735054
13966,0.5787690715428372
13967,0.18357135438037278
13968,0.15727967464936976
13969,0.17979933399070713
13970,0.31757093977841144
13971,0.2535719145278796
13972,0.235644563785161
13973,0.1700198491740883
13974,0.4138116775810478
13975,0.3857671166760881
13976,0.2618230279051291
13977,0.2332562335060348
13978,0.32460773608061005
13979,0.337555750066857
13980,0.18432025172231373
13981,0.16424043888371684
13982,0.19940718453891979
13983,0.3774142204804022
13984,0.2800303968373781
13985,0.2531269083959318
13986,0.3547948831619123
13987,0.2816475571834613
13988,0.16752746350908948
13989,0.2398278011477359
13990,0.22390387416201882
13991,0.2904665892121925
13992,0.4430527927788425
13993,0.7784795499492765
13994,0.30445932201648085
13995,0.34105117147978514
13996,0.4615086404504429
13997,0.2499986806689013
13998,0.2577099527524143
13999,0.33793856695848695
14000,0.40442063303087133
14001,0.4783010822769017
14002,0.7539840745551831
14003,0.26207016061831784
14004,0.20949616671460858
14005,0.34166517428318544
14006,0.277782273298382
14007,0.18505292899864503
14008,0.2237313298976003
14009,0.32735692568610913
14010,0.16340644050343056
14011,0.22472040148213843
14012,0.32458819878565864
14013,0.34167483160947404
14014,0.3315570498692467
14015,0.36914238891874956
14016,0.2934795310641303
14017,0.3255662392240103
14018,0.2128357695226619
14019,0.3679387100181725
14020,0.23468612884161272
14021,0.4514767189221851
14022,0.8371422096780343
14023,0.19804439289331213
14024,0.3825906239146779
14025,0.31375299748566404
14026,0.33067312581525715
14027,0.34178350546414465
14028,0.2820104264384712
14029,0.21480949095036792
14030,0.3883414060282401
14031,0.3075679603513499
14032,0.3929898352729185
14033,0.27802797497600695
14034,0.26768600287140776
14035,0.3067556801135317
14036,0.40115680316866503
14037,0.3564614477134365
14038,0.40637927387824685
14039,0.25601032936315726
14040,0.3345910782039632
14041,0.3274873141193805
14042,0.22481967676420642
14043,0.2420091292660093
14044,0.402601954518582
14045,0.44886050199674754
14046,0.4677816446320516
14047,0.22375422265234152
14048,0.28687094972101207
14049,0.24555743575064365
14050,0.3835360095668649
14051,0.16117797889333932
14052,0.27042344143123964
14053,0.35656169991815817
14054,0.8217046971922115
14055,0.7853514333598843
14056,0.3409918322549314
14057,0.20113986693564762
14058,0.24207177521580622
14059,0.8664739835228205
14060,0.358926496654868
14061,0.6422860163379458
14062,0.1717476996313988
14063,0.2656085606341476
14064,0.39857891915958477
14065,0.27166946333263975
14066,0.2751357590149646
14067,0.3442924333850244
14068,0.15712963178214215
14069,0.22929661707840915
14070,0.2675734888470727
14071,0.28150193897141945
14072,0.332080733530654
14073,0.18544342482496584
14074,0.8075833952041448
14075,0.33657110697247855
14076,0.19635414708751053
14077,0.21026437247778865
14078,0.21577539159206355
14079,0.38912015316954396
14080,0.3186692489435955
14081,0.2686654442605472
14082,0.08352991780715459
14083,0.20000691220311367
14084,0.3800492774591186
14085,0.25312031318097
14086,0.630727584457792
14087,0.32221424883221156
14088,0.30844343317045736
14089,0.36788875160413226
14090,0.2235945736753643
14091,0.20663604444887995
14092,0.2434826134491839
14093,0.8287021563726367
14094,0.7192573995075476
14095,0.29748865831601934
14096,0.3734295609841546
14097,0.38582444403403343
14098,0.217423673909662
14099,0.36075352671863486
14100,0.16332134142222726
14101,0.29971324830500423
14102,0.3195894021116292
14103,0.38200060420896026
14104,0.21152152498109403
14105,0.24065380598102604
14106,0.29136116691847025
14107,0.24845250693004914
14108,0.2801612729758582
14109,0.2748700038784277
14110,0.3145737936269131
14111,0.20470973990434893
14112,0.1878247998126447
14113,0.29842504442768136
14114,0.3844648496576098
14115,0.19845462770118835
14116,0.32214976514765775
14117,0.255811983575415
14118,0.27770108350506745
14119,0.4644691872688277
14120,0.24923395590974542
14121,0.3768709591923198
14122,0.21270984290815592
14123,0.3290490699246168
14124,0.2919312126089114
14125,0.31357641538360503
14126,0.40976757611358117
14127,0.23087435743859222
14128,0.35882847885434793
14129,0.3234095766189342
14130,0.29167632448275377
14131,0.1749722491623085
14132,0.2272346194339955
14133,0.7728216178394514
14134,0.19208385663171115
14135,0.42439459074688424
14136,0.26915639528739843
14137,0.16008041144667876
14138,0.745641892326489
14139,0.8289851120628543
14140,0.7768389861399958
14141,0.2864849595018918
14142,0.27733989877512044
14143,0.8268435894840691
14144,0.3479869705380011
14145,0.364792713812024
14146,0.8075833952041448
14147,0.2992963438150213
14148,0.15673265526612873
14149,0.3977233124064052
14150,0.8075833952041448
14151,0.8664739835228205
14152,0.4627737848851255
14153,0.44889713114664576
14154,0.22059419329756863
14155,0.3163435311869846
14156,0.40344887216415454
14157,0.2693690018200469
14158,0.7544596093785007
14159,0.27751267651856265
14160,0.8075833952041448
14161,0.3324422496578566
14162,0.41906065097290945
14163,0.22721636900386377
14164,0.25895580951360153
14165,0.2773910195932712
14166,0.30729482180185563
14167,0.8561528917199341
14168,0.26989312686853995
14169,0.2396537746283998
14170,0.3635066759012988
14171,0.8385984357310945
14172,0.3125595351092098
14173,0.4452017064085011
14174,0.32427184860711933
14175,0.32914662574774856
14176,0.3093376612583418
14177,0.21206823333946015
14178,0.35889710175426087
14179,0.39591137324185
14180,0.3401835842397057
14181,0.3010437027938495
14182,0.38291035691624836
14183,0.352155555243248
14184,0.3514873849650898
14185,0.40090901900302023
14186,0.39534300716967696
14187,0.2642055551915426
14188,0.8516901929736947
14189,0.2051121803828364
14190,0.18728621819314437
14191,0.7821093116116832
14192,0.24153186958818051
14193,0.27232530485868434
14194,0.24445128285111456
14195,0.29577031625109257
14196,0.26369117258461994
14197,0.2808249924812137
14198,0.14469412258595882
14199,0.4294704301874163
14200,0.302854937722719
14201,0.3338357179912982
14202,0.215576952932686
14203,0.38360882559425713
14204,0.7251980652707917
14205,0.31482834478958305
14206,0.41415413153193137
14207,0.3938823271557301
14208,0.3153184119022906
14209,0.3176705914734507
14210,0.31932260446995175
14211,0.17399889057932058
14212,0.33264375302887256
14213,0.8479302265521966
14214,0.8286935468228503
14215,0.35153688503729236
14216,0.3589039000324527
14217,0.19150155528306495
14218,0.3242748895029286
14219,0.41616405895612557
14220,0.8385093646403406
14221,0.8522577396877818
14222,0.38933452261544044
14223,0.3187029279728764
14224,0.3122955978909055
14225,0.4171794177717023
14226,0.3284436883156874
14227,0.2237696536237869
14228,0.3171754927580459
14229,0.28899583462076384
14230,0.2525738741769077
14231,0.29730339883453394
14232,0.19535213775330523
14233,0.32126354098128657
14234,0.32203049681984525
14235,0.4086306655622163
14236,0.22470921845130115
14237,0.310543560137323
14238,0.30066135521326426
14239,0.8681576288689663
14240,0.38381537280709865
14241,0.442042349782014
14242,0.3886738234865891
14243,0.423562671455696
14244,0.2628388895561043
14245,0.21578411959272634
14246,0.8709702278615283
14247,0.3824237703412027
14248,0.22340152978205774
14249,0.36499535887689505
14250,0.25555115198439526
14251,0.2874639221038559
14252,0.2560534585125121
14253,0.2569556038657591
14254,0.24202723700226633
14255,0.14359364511628506
14256,0.2717200520466667
14257,0.26680161018331267
14258,0.21571482365856307
14259,0.19685831104866508
14260,0.4176136208334134
14261,0.26688004344727023
14262,0.8350246495464897
14263,0.3277870822890621
14264,0.7882491172495035
14265,0.429639704148258
14266,0.24061855696093695
14267,0.3094617581674916
14268,0.2816098880282086
14269,0.25684619618655374
14270,0.2092047502104051
14271,0.36936512696690316
14272,0.3402690593837401
14273,0.24661732003316467
14274,0.385200503492928
14275,0.446280516652894
14276,0.38414575544838864
14277,0.48229986985159295
14278,0.33886187282956026
14279,0.162289230694958
14280,0.24489406932442356
14281,0.17334105263602514
14282,0.2905697714249223
14283,0.7781663365036557
14284,0.3723700282154667
14285,0.4054792543001474
14286,0.3105314141274907
14287,0.3030198732008966
14288,0.2744242131006395
14289,0.31836800930538417
14290,0.23144623233736414
14291,0.19870795628692195
14292,0.3266108070114643
14293,0.25931507569966084
14294,0.31623409094715793
14295,0.22794828668555217
14296,0.2228697351819805
14297,0.3681679006899513
14298,0.6324213645622818
14299,0.8075833952041448
14300,0.15815828600838677
14301,0.25230770392314156
14302,0.269194107975989
14303,0.2687558207541722
14304,0.29019585018930927
14305,0.24069829312937024
14306,0.24414333032807245
14307,0.8346418948890924
14308,0.3109835958532859
14309,0.16285718056712872
14310,0.26700648619833667
14311,0.30096923295380484
14312,0.2793270742148348
14313,0.2831927035694291
14314,0.8249643212656635
14315,0.3165277205153544
14316,0.3640024357860692
14317,0.733901355286573
14318,0.3408061289045708
14319,0.4693008856160628
14320,0.19504192859417135
14321,0.8284369379213913
14322,0.40980688384352415
14323,0.8336167517042868
14324,0.35005868603464035
14325,0.13552798143217448
14326,0.360913886791562
14327,0.4083970983571107
14328,0.13850531040996852
14329,0.2988553574941838
14330,0.25418217973269863
14331,0.25176788497050995
14332,0.39156555337095744
14333,0.32014589039561536
14334,0.18247800156789412
14335,0.29670035435391656
14336,0.23421453242070545
14337,0.36517870988568724
14338,0.7771411128806407
14339,0.17994763222680918
14340,0.35985636509227686
14341,0.46594952838125925
14342,0.4226697381413102
14343,0.3679223837934067
14344,0.18897089302086678
14345,0.2258134471379657
14346,0.21218151370214713
14347,0.8483753706413633
14348,0.26580478908930233
14349,0.3893396115462253
14350,0.135772905623886
14351,0.46230142420695663
14352,0.40019872380308535
14353,0.1964536410932604
14354,0.3200159206283888
14355,0.3963283159658626
14356,0.30015950861981766
14357,0.3390619816317975
14358,0.7055230709584951
14359,0.342036034756389
14360,0.19339032835991535
14361,0.41561024151814213
14362,0.17903673120773939
14363,0.4223236339787814
14364,0.29889711675427116
14365,0.30306167710295806
14366,0.3033256654701744
14367,0.2294144980224855
14368,0.23332345482551672
14369,0.1498845577450809
14370,0.38447772677060116
14371,0.35349367797597225
14372,0.1476500301911102
14373,0.7539840745551831
14374,0.2815959711668387
14375,0.20189518894751804
14376,0.33359158984447906
14377,0.24383107042795685
14378,0.8147858794811758
14379,0.3974689500247181
14380,0.180799579340253
14381,0.2749319844931895
14382,0.4238378898373312
14383,0.27134649014903234
14384,0.15049110151957612
14385,0.15446895719567086
14386,0.3181227640348684
14387,0.18375378842603385
14388,0.3417628098006555
14389,0.14386330752758664
14390,0.322574986229896
14391,0.8336167517042868
14392,0.2982579691039417
14393,0.25775451328246424
14394,0.4078209661928915
14395,0.2828503794963868
14396,0.33370225222562494
14397,0.3966305963844804
14398,0.3124744235538984
14399,0.39612367927933917
14400,0.38507130898730074
14401,0.2800278804412386
14402,0.4407798409024652
14403,0.2540139384778218
14404,0.1386814290787839
14405,0.19684037300645726
14406,0.8033025612295888
14407,0.8060079971291478
14408,0.40428281310009817
14409,0.25073224254525206
14410,0.24951219021613424
14411,0.31143385407219193
14412,0.25751899627155644
14413,0.41149458515259896
14414,0.2593985232557875
14415,0.2954035409628236
14416,0.17337160013386851
14417,0.371605312487854
14418,0.1845153645542256
14419,0.27061284657454315
14420,0.3010891766291537
14421,0.16163203858630035
14422,0.46019410393787197
14423,0.4252372975984598
14424,0.36742229914427194
14425,0.25883926172620664
14426,0.3399220942571928
14427,0.22741022283487816
14428,0.24879506463394366
14429,0.284917792314888
14430,0.29279959783765597
14431,0.25742019375643266
14432,0.19219601137183415
14433,0.17813735537864986
14434,0.20250071882330647
14435,0.7750281311975602
14436,0.26340926448548235
14437,0.3406543453221302
14438,0.19244591891733467
14439,0.8516434930607317
14440,0.385959901463088
14441,0.31788952948513416
14442,0.8383086098925542
14443,0.23945624880845268
14444,0.35987567393954795
14445,0.411446050220432
14446,0.35826177955194694
14447,0.33913328404269655
14448,0.21118968527471962
14449,0.15841900717920848
14450,0.27722280095953
14451,0.36294541967056415
14452,0.25448822591087206
14453,0.1811966295610476
14454,0.2268553880722294
14455,0.32956260675710064
14456,0.31558150898515147
14457,0.2008234914028388
14458,0.3537599220301939
14459,0.3844073873217068
14460,0.7738146667318524
14461,0.24756830806610242
14462,0.3397427475898413
14463,0.336874036246984
14464,0.2924680214362919
14465,0.7173976415230455
14466,0.17343100922544033
14467,0.31238546177864407
14468,0.3291323251916412
14469,0.33231677292971457
14470,0.2942660343609826
14471,0.1276062923298371
14472,0.29806767072951773
14473,0.1871720447102436
14474,0.3479653137594133
14475,0.16052435221168299
14476,0.41928829399434997
14477,0.31371640241543725
14478,0.4013754459012616
14479,0.43279059390060276
14480,0.21219008897683775
14481,0.25888683968751613
14482,0.39570072347621404
14483,0.31729644145852615
14484,0.8268435894840691
14485,0.3869949318220943
14486,0.30113283309807504
14487,0.15413406293692553
14488,0.8147858794811758
14489,0.3300513404010032
14490,0.3530886645360761
14491,0.1546352450498666
14492,0.37512135462081103
14493,0.310729463193868
14494,0.8150704225939424
14495,0.4607634863784795
14496,0.31896889286226704
14497,0.29123808475818624
14498,0.45428518213577734
14499,0.3606068235868562
14500,0.19341539997743284
14501,0.10641923975123234
14502,0.2839526681889869
14503,0.2410559578220855
14504,0.2880701781573384
14505,0.33726752639528806
14506,0.19068321423265225
14507,0.21624578554175036
14508,0.5403089420331804
14509,0.30185958794859047
14510,0.21050623019516876
14511,0.34794793517612915
14512,0.2119671024182445
14513,0.3581372248170926
14514,0.31035703927173947
14515,0.7899551578095292
14516,0.38953613503602075
14517,0.7758025350943129
14518,0.2518756993916308
14519,0.2002034443649058
14520,0.8148437353525109
14521,0.8564239354033921
14522,0.3321818974247385
14523,0.31797606193769085
14524,0.25728134811187864
14525,0.22382291697608642
14526,0.2501477091362455
14527,0.47199020271892256
14528,0.8507436116644972
14529,0.25700671443887757
14530,0.22151208620743815
14531,0.21406822220741467
14532,0.30977677251968483
14533,0.3048330071358434
14534,0.26141442294996375
14535,0.7863912385167438
14536,0.8664739835228205
14537,0.23723893165292148
14538,0.10963562346840033
14539,0.4118495287064663
14540,0.31603119011942893
14541,0.44545068909540764
14542,0.39187898966172474
14543,0.4200488333860553
14544,0.3183953389866626
14545,0.8193212146499488
14546,0.2636872222775925
14547,0.3901680909203235
14548,0.250987051373697
14549,0.48408643739111745
14550,0.4094522988745885
14551,0.22342709033817149
14552,0.17589579252886442
14553,0.2800202793428703
14554,0.22663715969390447
14555,0.22303203510120895
14556,0.15556195091367528
14557,0.3309940903967998
14558,0.19257129155563618
14559,0.2234070125942443
14560,0.31107371948912577
14561,0.3165008163816335
14562,0.18332730940292505
14563,0.13293839524850848
14564,0.3848028849373733
14565,0.3450391008071628
14566,0.25970999359212954
14567,0.25635223000648827
14568,0.24410594656261525
14569,0.29842295384865297
14570,0.3809538454405987
14571,0.3491327995640657
14572,0.21645520440521895
14573,0.3099259245388426
14574,0.20176821878532947
14575,0.6226748994233419
14576,0.32885972538836017
14577,0.46055407637011464
14578,0.6192597833443856
14579,0.2892903947198437
14580,0.16023316227161732
14581,0.8343910875805093
14582,0.6330827109884868
14583,0.38189511261886394
14584,0.33193758561490033
14585,0.28108139013676203
14586,0.7544596093785007
14587,0.3551140112996066
14588,0.40286684830739294
14589,0.2032304801579798
14590,0.48496934688472215
14591,0.25998037170143806
14592,0.25676653117038856
14593,0.7192573995075476
14594,0.8286776437337056
14595,0.15378483745058225
14596,0.2133060534954741
14597,0.8266257431372467
14598,0.21360499914129383
14599,0.20532112082176382
14600,0.2514171583727439
14601,0.3344868243723999
14602,0.8483753706413633
14603,0.23897417438259144
14604,0.3570018375743563
14605,0.7792308587738982
14606,0.20488277870119284
14607,0.14960133989743676
14608,0.8366654981990431
14609,0.2591840397289825
14610,0.32045817473440136
14611,0.19044413541536553
14612,0.27088457160374413
14613,0.21059299783791036
14614,0.3152592912016976
14615,0.4083970983571107
14616,0.22592657831569854
14617,0.33721073455095735
14618,0.2546349102090891
14619,0.3986471962083337
14620,0.2772178507475679
14621,0.40335273958715634
14622,0.36329074184957627
14623,0.8150704225939424
14624,0.21481546045321134
14625,0.3322041140175259
14626,0.3899043585227289
14627,0.21451450697193084
14628,0.3884443434730224
14629,0.4200557789209192
14630,0.18209261454004183
14631,0.2835695310736445
14632,0.8640423598589155
14633,0.2728409267759621
14634,0.33691372868781255
14635,0.2576196000879488
14636,0.2317588422618132
14637,0.4721770302536777
14638,0.21444996691675747
14639,0.3618703931645222
14640,0.30328440751808483
14641,0.7702496060215548
14642,0.2432782484495198
14643,0.8268435894840691
14644,0.8264562848001563
14645,0.28481809214554843
14646,0.8640423598589155
14647,0.14642873419378236
14648,0.3141617039801725
14649,0.7771411128806407
14650,0.29210926914782903
14651,0.2794660705373082
14652,0.37869933753950996
14653,0.34033816819317914
14654,0.3034717363888459
14655,0.7539840745551831
14656,0.802744513481227
14657,0.41211790810148546
14658,0.822237390346775
14659,0.3018846965559284
14660,0.27461828748409345
14661,0.4040083492696304
14662,0.33332229359133414
14663,0.4002863587007408
14664,0.3220496039394785
14665,0.32211339898402397
14666,0.8264087494260711
14667,0.3794087674365565
14668,0.26872309926211324
14669,0.3776216385541475
14670,0.808004564337184
14671,0.2012617205047968
14672,0.1945088238870249
14673,0.24384803423569212
14674,0.3862091742252001
14675,0.22179548967383578
14676,0.8243074974198471
14677,0.40722755978297387
14678,0.28121044078566515
14679,0.3178380712371058
14680,0.338712286809131
14681,0.2231100143691072
14682,0.19741972259214483
14683,0.3437212695269997
14684,0.8521469712818825
14685,0.2745598975759495
14686,0.13511864990014408
14687,0.1989768526641135
14688,0.4050292940108515
14689,0.2956609311489325
14690,0.30967876233669644
14691,0.34396021117527104
14692,0.7728216178394514
14693,0.33420085248510123
14694,0.32756758292251803
14695,0.2910437850449727
14696,0.3926437358959939
14697,0.3977603028004901
14698,0.4150606548459036
14699,0.14427814832160554
14700,0.35517045236061207
14701,0.8101223767077324
14702,0.28541107188962306
14703,0.1977199194819437
14704,0.8479302265521966
14705,0.40333085299386895
14706,0.8143024813671064
14707,0.19800061135625807
14708,0.38531577650149934
14709,0.2731153352539038
14710,0.35717360938118925
14711,0.31889038543711623
14712,0.7699796807648166
14713,0.24042490552713708
14714,0.2592953543687315
14715,0.3462477391180841
14716,0.8264087494260711
14717,0.20057337551109222
14718,0.32445583979085757
14719,0.22353653630805095
14720,0.8126348806190998
14721,0.29539241959409673
14722,0.18873162418556713
14723,0.4633600889636207
14724,0.4251844521111201
14725,0.39169556842740105
14726,0.2764511145041009
14727,0.15657346381352355
14728,0.2332110196745122
14729,0.850118737884182
14730,0.3019273808851542
14731,0.270057583605216
14732,0.8217162601919661
14733,0.2527351303854022
14734,0.44338637901188394
14735,0.31538954785903917
14736,0.364634439935243
14737,0.26028962958883445
14738,0.3608854539784678
14739,0.33657145046369974
14740,0.26922927833587756
14741,0.7784795499492765
14742,0.36962770953524515
14743,0.4153412657066282
14744,0.32181912888009157
14745,0.24059152467530917
14746,0.19715401513679118
14747,0.3333229014590038
14748,0.8241358236005139
14749,0.8384555998147526
14750,0.17626009225182993
14751,0.27418787323185934
14752,0.7192573995075476
14753,0.7044461775605144
14754,0.18803160744933653
14755,0.4006231341214432
14756,0.31939915172471495
14757,0.3542685710785787
14758,0.2404595265673446
14759,0.23768233438163358
14760,0.35410328231624705
14761,0.24858011858809734
14762,0.27168773135896024
14763,0.8229805562989598
14764,0.27430265282906324
14765,0.40123790953153116
14766,0.27672954092061225
14767,0.35410225908697857
14768,0.36764862133663784
14769,0.3939663827803656
14770,0.31760287453677694
14771,0.4123952140231454
14772,0.40931027791074664
14773,0.22410768152965943
14774,0.34316490056909094
14775,0.31814528854992385
14776,0.8300052414824388
14777,0.15262417421537286
14778,0.2313027133440801
14779,0.3869418219724508
14780,0.8114412468320469
14781,0.2552398269934532
14782,0.2661188055262062
14783,0.33207253825800576
14784,0.3514873849650898
14785,0.8015086912679593
14786,0.4074741720461144
14787,0.26712974650012594
14788,0.4008328364205471
14789,0.32043776445107125
14790,0.38709693692894115
14791,0.22931156347193823
14792,0.42078570920095293
14793,0.33780887323934
14794,0.32009317938931253
14795,0.7432357576226133
14796,0.41427798489683865
14797,0.29688333759589
14798,0.2640560236168586
14799,0.4491197490916182
14800,0.22434494885342732
14801,0.8055524586512866
14802,0.2476995541307485
14803,0.18425344867021534
14804,0.319692427479789
14805,0.32290911303117464
14806,0.8647559053745305
14807,0.3350274603038748
14808,0.1990249848400701
14809,0.36396576919869844
14810,0.21982584969817373
14811,0.39246907629961403
14812,0.34385991846370084
14813,0.2491594737327511
14814,0.7432357576226133
14815,0.39370463551648305
14816,0.3403078853226926
14817,0.19902446354256828
14818,0.1581109649087556
14819,0.1839483084341257
14820,0.3027708420309248
14821,0.4572189733055134
14822,0.2502248510492312
14823,0.2411819389413623
14824,0.1461552680514699
14825,0.19454401525136159
14826,0.7522774900362792
14827,0.4554123371340849
14828,0.31502090950277456
14829,0.323726614076619
14830,0.2885346121282067
14831,0.30740219659472257
14832,0.5011420890154058
14833,0.21653346120382386
14834,0.839180614739287
14835,0.2875695989814374
14836,0.3348091658495853
14837,0.3156354497953254
14838,0.24477194583095005
14839,0.25196483321519364
14840,0.8101899240255996
14841,0.30440025512489516
14842,0.43797994874992424
14843,0.3181744711730456
14844,0.22947139886947515
14845,0.3175344607071376
14846,0.24146878810645872
14847,0.41095826683147874
14848,0.3442969096422553
14849,0.838993499397455
14850,0.685209659942661
14851,0.19718379924414764
14852,0.32953894869734296
14853,0.4059216665668752
14854,0.3162341957785418
14855,0.22928650975259995
14856,0.29009177929389307
14857,0.7851277709727019
14858,0.25432668674221653
14859,0.8318193149211555
14860,0.38140983376182763
14861,0.3426875442694642
14862,0.3261396646620815
14863,0.2080141279649858
14864,0.41131645162599995
14865,0.8250945075558704
14866,0.2551304417704632
14867,0.6192597833443856
14868,0.2105854222822408
14869,0.35182537286101856
14870,0.2390958308878962
14871,0.1774000526993337
14872,0.4136487383449655
14873,0.45582434638257957
14874,0.23564484897701346
14875,0.3107986962985877
14876,0.3383231832977463
14877,0.3823166280039445
14878,0.1458405158652437
14879,0.7853650244539315
14880,0.37725418272909617
14881,0.8248011376623791
14882,0.2626788428104162
14883,0.8090581660101679
14884,0.3154776455507683
14885,0.14031622332671914
14886,0.25590106616203423
14887,0.37231439103810904
14888,0.32954859908485956
14889,0.3036162246562924
14890,0.2667160747304603
14891,0.21076194309366508
14892,0.2824893450009207
14893,0.7728216178394514
14894,0.41509610954263243
14895,0.6494806967045199
14896,0.19877037840843223
14897,0.831238126533024
14898,0.29436270127778164
14899,0.2960285757788752
14900,0.3152929502497685
14901,0.2593536835067375
14902,0.2536780857351758
14903,0.2306950522671463
14904,0.3461590041156474
14905,0.336671723812532
14906,0.17921258212827149
14907,0.8353565876641688
14908,0.1889539154515271
14909,0.3894425857061966
14910,0.8743705247421598
14911,0.2613907127239519
14912,0.40330654304492203
14913,0.3041037337644484
14914,0.40559131602794934
14915,0.23641893429763736
14916,0.24503607845405906
14917,0.16908873115112602
14918,0.3027248241344598
14919,0.21107364801506243
14920,0.3377979151863469
14921,0.8191935244301116
14922,0.254337382632577
14923,0.1655584828998377
14924,0.2419499938070158
14925,0.24333141124508104
14926,0.25726434291785877
14927,0.36881806282514057
14928,0.39138303048906686
14929,0.8411894211013732
14930,0.7866905636281541
14931,0.19177456456455538
14932,0.2970817413697809
14933,0.41203013948973394
14934,0.32098755109490146
14935,0.8069224139039296
14936,0.3696154678033189
14937,0.7805290821127503
14938,0.8691816665727818
14939,0.3503367881742905
14940,0.33862530605892077
14941,0.3279892853681827
14942,0.3341777682842818
14943,0.3121701290829097
14944,0.20035050764768514
14945,0.27956125089857564
14946,0.2400907218492978
14947,0.22966371443330985
14948,0.44106582282617657
14949,0.1581578426316827
14950,0.31486701079984214
14951,0.37123179466516093
14952,0.30683654756461515
14953,0.1342127872785891
14954,0.35109045249464016
14955,0.8264672634535377
14956,0.5646220008948697
14957,0.3171296102309754
14958,0.3321373785335942
14959,0.29757352921545455
14960,0.7863912385167438
14961,0.2831659216301485
14962,0.43764629160655577
14963,0.22663715969390447
14964,0.10267873938500514
14965,0.16448270139830348
14966,0.36059188367291756
14967,0.2303756300540236
14968,0.23280079623377384
14969,0.19413667051915814
14970,0.4001649525183162
14971,0.40391867868767967
14972,0.13187915206389705
14973,0.19812249880510927
14974,0.23066098790707923
14975,0.3302494643436244
14976,0.20265218756725983
14977,0.26413663381210956
14978,0.3867639406618618
14979,0.1561063492891764
14980,0.23967657968796952
14981,0.352501148614419
14982,0.34034355791960696
14983,0.31418045768522856
14984,0.39563620941992966
14985,0.37646831658387386
14986,0.3784864935943759
14987,0.34397473221523645
14988,0.3331330245615787
14989,0.18271642327508242
14990,0.28889241517200276
14991,0.22239140366582558
14992,0.10665913889747947
14993,0.1573027830785443
14994,0.22111640678435776
14995,0.15555497200337345
14996,0.23308948497748253
14997,0.3040725011225595
14998,0.24216241455509263
14999,0.3748781871794429
15000,0.3505553585995367
15001,0.18950623430391464
15002,0.2896702415071567
15003,0.26363710938035956
15004,0.7185741137961046
15005,0.3330765083295748
15006,0.34091257815963666
15007,0.2794034959949427
15008,0.1954958955173379
15009,0.2551842824192896
15010,0.29740959070287515
15011,0.3690289867100435
15012,0.2753849861724965
15013,0.19538641144937038
15014,0.21568590191025142
15015,0.8535917464350476
15016,0.7574177737872952
15017,0.3309350582199742
15018,0.1928697471196688
15019,0.15676215209833416
15020,0.25746694129161113
15021,0.34543392448463317
15022,0.38487395909491706
15023,0.4296120558654533
15024,0.23670825014759203
15025,0.3331078975029907
15026,0.40478663788047686
15027,0.7856535506550689
15028,0.3562496943384003
15029,0.634207130270234
15030,0.20379217057762217
15031,0.22958191711398726
15032,0.2832129205439158
15033,0.2369459895637606
15034,0.3147232252529681
15035,0.25348751849684653
15036,0.2768818830172794
15037,0.16459242052707004
15038,0.21494611657682774
15039,0.192315399612933
15040,0.19829238930908713
15041,0.29981414459808303
15042,0.23035405916249044
15043,0.35820098745268514
15044,0.33917581514065803
15045,0.4145267715950003
15046,0.24828808168846161
15047,0.1955219908437587
15048,0.20294497429880132
15049,0.24939041690067992
15050,0.2971722331408328
15051,0.3571760276015543
15052,0.8640423598589155
15053,0.38448317333893606
15054,0.33594594678601514
15055,0.30594622242031166
15056,0.4271593572554855
15057,0.27013208354183516
15058,0.39741974900677063
15059,0.41802792838399033
15060,0.82543965463246
15061,0.26161900935005356
15062,0.8359955288820088
15063,0.3727805440210851
15064,0.3798749338286476
15065,0.8150704225939424
15066,0.3287983015945574
15067,0.27526380430989406
15068,0.40445393514259836
15069,0.26665034958123685
15070,0.8147657384670818
15071,0.4233291808682702
15072,0.7702496060215548
15073,0.2298373680318288
15074,0.4012018445371925
15075,0.2820104264384712
15076,0.28626146739746205
15077,0.20498410179813412
15078,0.35425350058679606
15079,0.2758189774487827
15080,0.4566097237053374
15081,0.40668020066712285
15082,0.24219769700387805
15083,0.41452777854344475
15084,0.21804458849078834
15085,0.18596173091668036
15086,0.3341318353042623
15087,0.6334315456281542
15088,0.30160427225617364
15089,0.2960345001473181
15090,0.5100887206555981
15091,0.36779139409802036
15092,0.1689395526626149
15093,0.14392120665602354
15094,0.4019478215807488
15095,0.40897959101633746
15096,0.30695720541438987
15097,0.24427116169714175
15098,0.15703583888780998
15099,0.25996322713585107
15100,0.3940369058094445
15101,0.40555104391154567
15102,0.32386058755560865
15103,0.3846767787872787
15104,0.23671275222048166
15105,0.3202770975294474
15106,0.36811437802943664
15107,0.34572088945121615
15108,0.2844073005261661
15109,0.2889448485989138
15110,0.18010775086827618
15111,0.459083246461085
15112,0.311169939461979
15113,0.8562016552091503
15114,0.4176136208334134
15115,0.20399859638925666
15116,0.24354965172451495
15117,0.34333401076739245
15118,0.17582085899527178
15119,0.3029371133033272
15120,0.31389673238608806
15121,0.5214035172383656
15122,0.29681792622708036
15123,0.3812023493787187
15124,0.3003154965120685
15125,0.33563476303834416
15126,0.15236075393181495
15127,0.1988021226098278
15128,0.4223200267123749
15129,0.27329674602354603
15130,0.3217938563398643
15131,0.34177586286781764
15132,0.2713879007903069
15133,0.28428182964953375
15134,0.36058364941199056
15135,0.17797034016931026
15136,0.25477553591364704
15137,0.8237475799729627
15138,0.29211181493429894
15139,0.4184278393869711
15140,0.32669490008685326
15141,0.20238377794217338
15142,0.8258581867840697
15143,0.16979630869657922
15144,0.28517553889706115
15145,0.2160726948163827
15146,0.2008052423455278
15147,0.18789123133411786
15148,0.2529384178344792
15149,0.42132945632249297
15150,0.8668167099211929
15151,0.32332868102435264
15152,0.21114945631974058
15153,0.20874504847160688
15154,0.34660824454702566
15155,0.344947706751341
15156,0.25246533564005996
15157,0.3311247872103467
15158,0.21995673939787858
15159,0.25484532417640005
15160,0.3900958749351682
15161,0.1960148149452364
15162,0.8301562911496175
15163,0.3958343759215619
15164,0.8595263431446792
15165,0.15452595756837223
15166,0.3459291128360869
15167,0.22924106296027907
15168,0.3449509902561477
15169,0.24633446445228518
15170,0.2565916557543916
15171,0.23147334687385096
15172,0.23229640067532525
15173,0.1556744310932433
15174,0.20408515822500248
15175,0.65192251122342
15176,0.15157194037654476
15177,0.23126037116474044
15178,0.7769589976059065
15179,0.33901309804913593
15180,0.2782251306300104
15181,0.1733608125417724
15182,0.3357238423218302
15183,0.34918315638789865
15184,0.813203606479189
15185,0.23711489720333634
15186,0.2327442123377376
15187,0.20224027216736548
15188,0.8238992165351328
15189,0.2588041464017593
15190,0.28406751536715036
15191,0.7771411128806407
15192,0.3544552623943057
15193,0.3253910877711755
15194,0.30008053149569985
15195,0.3452910774609828
15196,0.23291821605772298
15197,0.2610982270700714
15198,0.19332341933503783
15199,0.3293726938495571
15200,0.1201289541469336
15201,0.24597461336988752
15202,0.8370929508047276
15203,0.2624565446488005
15204,0.3085248358207815
15205,0.09383928821081974
15206,0.2096673580971666
15207,0.1531052122307585
15208,0.3689003673218279
15209,0.4198037215022575
15210,0.4067522247318663
15211,0.24863111191603976
15212,0.40846378477609147
15213,0.46941216124980256
15214,0.4607004643805081
15215,0.37180963046897236
15216,0.30158853003235114
15217,0.22376199877558586
15218,0.3101933930641632
15219,0.19696880404282413
15220,0.29101948497758323
15221,0.4347928574008061
15222,0.7757951042792665
15223,0.3828230782794513
15224,0.346620057145542
15225,0.31146515423274784
15226,0.2531547727329318
15227,0.35423942909631884
15228,0.3718756670828137
15229,0.8359955288820088
15230,0.12212259596388488
15231,0.3936936979374689
15232,0.8089693966571327
15233,0.20923145534669574
15234,0.7863912385167438
15235,0.34210539842137466
15236,0.21603345088353434
15237,0.2583232476160202
15238,0.30123968548142854
15239,0.23779790845874688
15240,0.25769691584591214
15241,0.8337651100161988
15242,0.34974102647161326
15243,0.32481332162632187
15244,0.4470016902826553
15245,0.40877004744584045
15246,0.1956496382815201
15247,0.4052853741408904
15248,0.41935104645317817
15249,0.3511190399028442
15250,0.19901543344976066
15251,0.7768389861399958
15252,0.7465253421101992
15253,0.5208286876097993
15254,0.3580551996997271
15255,0.7771411128806407
15256,0.8264087494260711
15257,0.21845220852237632
15258,0.28819039591355844
15259,0.43797994874992424
15260,0.22803621318004394
15261,0.8743705247421598
15262,0.27111554483127087
15263,0.22734397234766296
15264,0.30967189943882856
15265,0.2372022889973985
15266,0.2769403390885633
15267,0.30305611063797266
15268,0.3376902924989741
15269,0.2437278180526646
15270,0.1747346187393171
15271,0.41043459523439557
15272,0.22490163065113225
15273,0.4176646154113878
15274,0.28885147859136834
15275,0.27054912699617
15276,0.847673273459931
15277,0.5053213709649977
15278,0.33249012081183676
15279,0.363443610568955
15280,0.2324292153374906
15281,0.3481530855097437
15282,0.7792308587738982
15283,0.20235168230894243
15284,0.8647559053745305
15285,0.33721099916642466
15286,0.5681035716747481
15287,0.17229408744561497
15288,0.14433923381267685
15289,0.24949603857367156
15290,0.3056152497273939
15291,0.3805415922875473
15292,0.3900094846676678
15293,0.8107994543017522
15294,0.3285732310688167
15295,0.3486225195784064
15296,0.28767195729085593
15297,0.2832281593663385
15298,0.34591040351633023
15299,0.26020997747960684
15300,0.8217982502186596
15301,0.3062881938060463
15302,0.2975765104301727
15303,0.13047484856902875
15304,0.2229743319775043
15305,0.34447832735611517
15306,0.24619815801169134
15307,0.3151207656267742
15308,0.8474786143266048
15309,0.19423619246422488
15310,0.2975267505294964
15311,0.2973338938193686
15312,0.33211360758254793
15313,0.3129628657253755
15314,0.3339450543445654
15315,0.44279124708029116
15316,0.2098785049236409
15317,0.30505174926853584
15318,0.3452494705452303
15319,0.19681748892670506
15320,0.2043054240133426
15321,0.24460954188125825
15322,0.23298131494963875
15323,0.22614988706773304
15324,0.33242741650579916
15325,0.37812550045957855
15326,0.29095410559828694
15327,0.2257765805614816
15328,0.35315734993859055
15329,0.7828803313892639
15330,0.34134940037720984
15331,0.224212172063213
15332,0.25013869970404096
15333,0.29505946717403236
15334,0.4257656519782756
15335,0.23559551616521343
15336,0.34324302561858056
15337,0.32808040928155013
15338,0.34369083703760966
15339,0.3310903658686669
15340,0.27481379131354267
15341,0.2564894157717909
15342,0.32384562118187
15343,0.4364607649060202
15344,0.375705129238958
15345,0.2599780042248625
15346,0.2702609522286447
15347,0.1724890055747055
15348,0.34009061565304055
15349,0.20070860221385103
15350,0.6281748602050483
15351,0.30978190138716666
15352,0.4150168135561464
15353,0.29248489451543747
15354,0.2077106905746307
15355,0.33548406690507304
15356,0.26761196072666105
15357,0.35775592527885663
15358,0.31246344374210394
15359,0.238473715519117
15360,0.45968461702211166
15361,0.3023272912961597
15362,0.3844707269572474
15363,0.36924102017910204
15364,0.36406652271502515
15365,0.13924181918070944
15366,0.2666150813062249
15367,0.16163924675082894
15368,0.32879919545992453
15369,0.19633497770279487
15370,0.23645762828181255
15371,0.32981049542166396
15372,0.35618307912279135
15373,0.4519963337384729
15374,0.3461368743379624
15375,0.4278592153484544
15376,0.33186683080960183
15377,0.1528859862451597
15378,0.21748048437578713
15379,0.3971103414705441
15380,0.25673310453654374
15381,0.3684355938613043
15382,0.4833223728227826
15383,0.28205756975551327
15384,0.27806019842251184
15385,0.4102589281228218
15386,0.4830019893026776
15387,0.2232232858354377
15388,0.31563471615886
15389,0.3131289906459369
15390,0.22456426618457762
15391,0.4132937617645102
15392,0.41646720680237637
15393,0.2507719220005185
15394,0.380312578622794
15395,0.23146482770405485
15396,0.23854961424423854
15397,0.3771050422150601
15398,0.17128773075599224
15399,0.4203229129844022
15400,0.40371437139710886
15401,0.30219819921379865
15402,0.21925546233307885
15403,0.24718354451627378
15404,0.28150392067249547
15405,0.33509373402748194
15406,0.35759309505831804
15407,0.3596709278100347
15408,0.2558672534158104
15409,0.3802060580528369
15410,0.30387297247180367
15411,0.8145278498708196
15412,0.2818273886178254
15413,0.37228709107980046
15414,0.3901540856545845
15415,0.3101843783782655
15416,0.348337277243767
15417,0.39625548383354736
15418,0.2281315359632261
15419,0.35848198798213876
15420,0.2500442438737947
15421,0.3611926200722374
15422,0.4099913523328353
15423,0.4445364822413943
15424,0.7807455435126294
15425,0.3451384943507565
15426,0.41621020942535647
15427,0.3118540160322065
15428,0.40166265644616533
15429,0.835737626563047
15430,0.45941298744011727
15431,0.2491594737327511
15432,0.2510743642662925
15433,0.2893886375713379
15434,0.3816189792563669
15435,0.4410153777382029
15436,0.3430251162115417
15437,0.41039849841599796
15438,0.35838768424332523
15439,0.3287740775922243
15440,0.189169312900501
15441,0.37587640049059273
15442,0.2438646022049764
15443,0.329951338984419
15444,0.39179607755724793
15445,0.2989738353989581
15446,0.4031408141895654
15447,0.3156386495825213
15448,0.27940201854674307
15449,0.19115142616353412
15450,0.4080866858422284
15451,0.10895362205742525
15452,0.3774153559866168
15453,0.26026877935830045
15454,0.41693009616816584
15455,0.3143276610612402
15456,0.33807510427658777
15457,0.2747578838940413
15458,0.2750845561112835
15459,0.17527506323490522
15460,0.3297297321031774
15461,0.4721770302536777
15462,0.18437852360099505
15463,0.19491098302272208
15464,0.39715065930301824
15465,0.4936575397665393
15466,0.2982904913706522
15467,0.2932155047469757
15468,0.30559274522836377
15469,0.2968024151771425
15470,0.8403478252048299
15471,0.24678182096882267
15472,0.34954508232282977
15473,0.33475833193826754
15474,0.3564408794221331
15475,0.3396482353217439
15476,0.2757228554880595
15477,0.2948469420195144
15478,0.23209855733061577
15479,0.34236788742353363
15480,0.40151000552937827
15481,0.5655639537936626
15482,0.20622919712459595
15483,0.3611747032209672
15484,0.18338052990093692
15485,0.5365818192576743
15486,0.387604845006278
15487,0.32217606914930036
15488,0.3598525649011806
15489,0.27736645239458574
15490,0.3367934679637296
15491,0.3447843512982122
15492,0.278141183531818
15493,0.42220027493947204
15494,0.31539922762565387
15495,0.3493221292830448
15496,0.8371422096780343
15497,0.34724475862880333
15498,0.21628642723206687
15499,0.5046317675470705
15500,0.11043740328093787
15501,0.13400472246169515
15502,0.4332081884779195
15503,0.19420015817500216
15504,0.4084707222152718
15505,0.447247148248215
15506,0.18754606983767425
15507,0.442042349782014
15508,0.20085362630073045
15509,0.2763858066211109
15510,0.21799958874282385
15511,0.2658240994535841
15512,0.39511230785640783
15513,0.23554018443168
15514,0.7799385296960851
15515,0.2591690676441436
15516,0.37508920631622633
15517,0.2790943391995813
15518,0.8147657384670818
15519,0.38054034289374455
15520,0.15458634645031322
15521,0.3835378251183778
15522,0.2720685550979088
15523,0.33496915725822274
15524,0.7607837212258635
15525,0.7781663365036557
15526,0.14916721745182612
15527,0.32636139554797966
15528,0.41183942625916736
15529,0.24000631134448766
15530,0.24274374026867226
15531,0.22644778170260782
15532,0.2345810366609313
15533,0.41585348612433437
15534,0.22079868094346958
15535,0.33804640657368823
15536,0.41060204260952715
15537,0.3670804827219288
15538,0.27348134283832826
15539,0.273266583961453
15540,0.33156918891328596
15541,0.32892196995726575
15542,0.3045885026143976
15543,0.18513996950114978
15544,0.2602397836794866
15545,0.3107428075205808
15546,0.3727046742521624
15547,0.3509494985774027
15548,0.3053080910762306
15549,0.2602232706472751
15550,0.2621200832558664
15551,0.24444015465794697
15552,0.27890846574435996
15553,0.19774243882005618
15554,0.3786333171091483
15555,0.3547676376295365
15556,0.8287021563726367
15557,0.20466698803527897
15558,0.34120880270629994
15559,0.13288772549904923
15560,0.2665137851776417
15561,0.7522774900362792
15562,0.8668167099211929
15563,0.09444080389179221
15564,0.24039093116759397
15565,0.3078596520564722
15566,0.3125426493621079
15567,0.18360181983044924
15568,0.3344764645912004
15569,0.8237475799729627
15570,0.320505986297677
15571,0.3249060639196559
15572,0.15815797705687934
15573,0.3139599130938005
15574,0.4577618399422459
15575,0.23640002944997718
15576,0.23008433555243793
15577,0.2558177314045454
15578,0.8217982502186596
15579,0.325239890656978
15580,0.7758216081216144
15581,0.29826612722441104
15582,0.4044644132047124
15583,0.4300507974806624
15584,0.8389643617763126
15585,0.1907562017578036
15586,0.17853957550296928
15587,0.1250824627301592
15588,0.160238920445619
15589,0.2351030796210748
15590,0.2355537907793198
15591,0.3359190988961259
15592,0.348618941629156
15593,0.33673353649614324
15594,0.4325930890558656
15595,0.32503416659673046
15596,0.3852999331813835
15597,0.2366743717230961
15598,0.27222934901715873
15599,0.1695693502791985
15600,0.17208575201764578
15601,0.3306428363851111
15602,0.7829142997560492
15603,0.23109879384868112
15604,0.2714965778745997
15605,0.20648069917203116
15606,0.15852975265546826
15607,0.3751568186528734
15608,0.28119484780380133
15609,0.4070752642979737
15610,0.16122313735570112
15611,0.19132971981952407
15612,0.297114121033973
15613,0.8249643212656635
15614,0.32480479400407974
15615,0.22619689548430094
15616,0.5891612125901112
15617,0.3987978672870915
15618,0.30538094790830883
15619,0.43561656593620723
15620,0.3355789446687038
15621,0.39600405548665296
15622,0.32542922148889225
15623,0.4027052182455894
15624,0.308855240169537
15625,0.2737476574329305
15626,0.22925085890898272
15627,0.2310835171410509
15628,0.8268435894840691
15629,0.8044568589854019
15630,0.3335293468124083
15631,0.17721814279871118
15632,0.2891247342435146
15633,0.29714593010620316
15634,0.09044553079092345
15635,0.3641759070224341
15636,0.32885823813333614
15637,0.2031513129345093
15638,0.22543765062540402
15639,0.3080667881486871
15640,0.2671641502561086
15641,0.18341803478674545
15642,0.8264087494260711
15643,0.2673361929449042
15644,0.44312362161633917
15645,0.2895866136918956
15646,0.23889112515625088
15647,0.21405631653745405
15648,0.2326096699927942
15649,0.24057715106188957
15650,0.27395700745044377
15651,0.22118584412542083
15652,0.23763365469886588
15653,0.3174240220196268
15654,0.2963859900868538
15655,0.16328721455995104
15656,0.30388823447645846
15657,0.8384717918818934
15658,0.3983021237512824
15659,0.34042610565538245
15660,0.37034940168985225
15661,0.3536175262186974
15662,0.41861442897453344
15663,0.3510974444425217
15664,0.8055524586512866
15665,0.2520477690636356
15666,0.2918438508675684
15667,0.8078167451419455
15668,0.2802412559488665
15669,0.29780758818477443
15670,0.3203699408359197
15671,0.1953145312784208
15672,0.3231358755072194
15673,0.2220366736472185
15674,0.4167991546487688
15675,0.3805396418324952
15676,0.19580884789806058
15677,0.30901699532431365
15678,0.31116143386377837
15679,0.32731070910676563
15680,0.17369408898764593
15681,0.8709702278615283
15682,0.24395993787752798
15683,0.39563253796004033
15684,0.39738148539897455
15685,0.18462425437454927
15686,0.20921118122010032
15687,0.2598462413749324
15688,0.8140687375795459
15689,0.34557114296858504
15690,0.2731353610409044
15691,0.3892449791804658
15692,0.11484944826470941
15693,0.4079183025804269
15694,0.17396007626540372
15695,0.2929183570840392
15696,0.40189008005029553
15697,0.3475379702704068
15698,0.7996822886136575
15699,0.33840322906385484
15700,0.8092466854478438
15701,0.4577618399422459
15702,0.28109668426515716
15703,0.20178221495011206
15704,0.20618272774895757
15705,0.3086309743013581
15706,0.43128668399068254
15707,0.3910043488926538
15708,0.45314537433813407
15709,0.26448785099936845
15710,0.328873424998601
15711,0.25103579943370746
15712,0.3303729839095796
15713,0.4718708257839269
15714,0.35097903436447464
15715,0.24692239373815425
15716,0.3493475391840347
15717,0.22781824830358816
15718,0.22292353199323095
15719,0.8691816665727818
15720,0.3456687958796684
15721,0.37072836782197355
15722,0.8183407214605114
15723,0.41218966541042074
15724,0.8786915099781272
15725,0.24896129772255177
15726,0.38470870061253937
15727,0.3341450524714663
15728,0.2731595781497289
15729,0.32044837532032244
15730,0.35094529545214176
15731,0.3060192906807689
15732,0.3300667100615369
15733,0.3995276726433394
15734,0.2548169632834909
15735,0.6111852303830095
15736,0.2658153445834733
15737,0.8185548349111749
15738,0.41924607502983946
15739,0.20000691220311367
15740,0.19890735804973708
15741,0.8640423598589155
15742,0.2965819374022654
15743,0.8239359947696835
15744,0.2320062555099418
15745,0.8042032762281488
15746,0.8150704225939424
15747,0.12322956264709774
15748,0.15482605893254836
15749,0.19937056071592113
15750,0.2824704293172129
15751,0.18308234410229116
15752,0.24643266756706694
15753,0.3971651177635514
15754,0.39779862399285826
15755,0.8055524586512866
15756,0.3493275935930156
15757,0.20499807344775647
15758,0.19672780023122913
15759,0.2973137354512627
15760,0.19824559417297907
15761,0.37601520596727606
15762,0.30101598945107044
15763,0.4148764191817709
15764,0.3961373251313627
15765,0.21357284706140497
15766,0.3250235216078637
15767,0.7239403978921409
15768,0.3400104079556992
15769,0.17835018436672045
15770,0.29012011650667996
15771,0.3267182231264692
15772,0.5723869019731056
15773,0.2582226539927907
15774,0.832977388363216
15775,0.26219918121951064
15776,0.2776825879477446
15777,0.3916864749537472
15778,0.19547311830805814
15779,0.3897713291135218
15780,0.19758145078157865
15781,0.1926078169935532
15782,0.42633001224016026
15783,0.28787302545652316
15784,0.2985296209584585
15785,0.4350456035532479
15786,0.3409788861677298
15787,0.3521683522168372
15788,0.21108869362674423
15789,0.627317552157997
15790,0.4222106414821999
15791,0.18007033663369051
15792,0.3123431081271514
15793,0.3885920574138419
15794,0.1778460357763509
15795,0.7825661849515456
15796,0.29763491344733845
15797,0.7338085817092376
15798,0.4797243999081401
15799,0.333447914286108
15800,0.3140949690638876
15801,0.25992514385086213
15802,0.26004277168124496
15803,0.3703582995417711
15804,0.22710122849339512
15805,0.30397423447290894
15806,0.16214905777833627
15807,0.17602998518602817
15808,0.8121037649823616
15809,0.36775801962273547
15810,0.3429092585876091
15811,0.4199336600918012
15812,0.393480566447678
15813,0.3300378855386268
15814,0.343225701968909
15815,0.34857791481124994
15816,0.2845043392069714
15817,0.7699796807648166
15818,0.2332110196745122
15819,0.24745169275490986
15820,0.2645355400622191
15821,0.3606206511919598
15822,0.17334105263602514
15823,0.21129742651209718
15824,0.34513046250080825
15825,0.8130788531498319
15826,0.2950893691468895
15827,0.8264672634535377
15828,0.40588541373220466
15829,0.21336157615117216
15830,0.12966399760554848
15831,0.1579710672174859
15832,0.1684671587436463
15833,0.40330654304492203
15834,0.3051286536645218
15835,0.40605958210088133
15836,0.2888378918344458
15837,0.33910906676647107
15838,0.27958663055227845
15839,0.8120979026308536
15840,0.23626101313848002
15841,0.8217046971922115
15842,0.21272311066372585
15843,0.11411301339074241
15844,0.316772113969939
15845,0.41631245338026057
15846,0.37442842428047446
15847,0.22421769639593983
15848,0.225571720825275
15849,0.3301896250210704
15850,0.7792308587738982
15851,0.4041399737817614
15852,0.18954221191694207
15853,0.16332697216185846
15854,0.3213948032836483
15855,0.2482179314080123
15856,0.3690204188950483
15857,0.23018080179752176
15858,0.22020119480448117
15859,0.3981810772477816
15860,0.3260899699439314
15861,0.19317682478309078
15862,0.4670442239289439
15863,0.3369656129899277
15864,0.21766660200903876
15865,0.19694843131772835
15866,0.8299909784082754
15867,0.31641173745811807
15868,0.3325141951019979
15869,0.3682362893067897
15870,0.2364710246291734
15871,0.4305492800326958
15872,0.31581627769526177
15873,0.28977690586633
15874,0.24552438504433743
15875,0.31169183873575246
15876,0.331852080659684
15877,0.2908188163410588
15878,0.2703687625918454
15879,0.2773918610416094
15880,0.3316795567613957
15881,0.3498527127330612
15882,0.350284034389932
15883,0.18466499779994344
15884,0.23579087628575238
15885,0.34045905998299786
15886,0.15756053098083722
15887,0.228525214977354
15888,0.29071258142041684
15889,0.21744840323411352
15890,0.20286542633438356
15891,0.3539944238706616
15892,0.3672582940793479
15893,0.24193564919413185
15894,0.8114116690821913
15895,0.30759272680510313
15896,0.22751976980709898
15897,0.7836773964015391
15898,0.227699504788462
15899,0.8243664589800929
15900,0.42322553152456327
15901,0.24833157760591712
15902,0.5370364763011918
15903,0.4637758863344942
15904,0.19767037819286315
15905,0.16862334738542092
15906,0.8154663342537416
15907,0.22858228402178152
15908,0.33176529096220014
15909,0.4092634579022203
15910,0.3007547710150946
15911,0.7768389861399958
15912,0.48193231927005475
15913,0.3665453456384809
15914,0.8042032762281488
15915,0.40330654304492203
15916,0.29137204301945796
15917,0.23568590434240996
15918,0.29174328557644363
15919,0.33295000917827666
15920,0.2184455991081099
15921,0.43797994874992424
15922,0.2359538890694737
15923,0.3431519643829735
15924,0.2556982295589706
15925,0.3873679757481541
15926,0.20518424460239126
15927,0.30567926210380725
15928,0.3744460017712068
15929,0.3507874049833542
15930,0.34942903977093664
15931,0.3399242099142466
15932,0.21733287354904737
15933,0.37342732525189415
15934,0.2518355795823505
15935,0.2648029544887919
15936,0.38493851123622974
15937,0.3656523307984226
15938,0.30045309805436554
15939,0.18943943239188288
15940,0.21716875154875587
15941,0.1245084187212879
15942,0.1572649804308686
15943,0.21020107239630997
15944,0.826043597675922
15945,0.22758464490895053
15946,0.8570622527924957
15947,0.8288788768040751
15948,0.338205685178083
15949,0.21271401744968813
15950,0.40722755978297387
15951,0.27639561187069545
15952,0.19849317152199009
15953,0.4170575253684677
15954,0.832977388363216
15955,0.38082883985961036
15956,0.1922315979989381
15957,0.4027711926892876
15958,0.22814117205078743
15959,0.4721770302536777
15960,0.3562438028628916
15961,0.3520101043215496
15962,0.261839313926362
15963,0.27952136203959477
15964,0.395469295208896
15965,0.2142274695979884
15966,0.3024025373634196
15967,0.2568964105015915
15968,0.3740756088081064
15969,0.406160156725209
15970,0.8134777954607151
15971,0.17522151550161044
15972,0.8385984357310945
15973,0.32910797593821595
15974,0.34127628726439746
15975,0.3470696287937954
15976,0.23383428891454894
15977,0.764778028905635
15978,0.2965637672286513
15979,0.3980708762115487
15980,0.2830218500630722
15981,0.1691061826342259
15982,0.2880859144224782
15983,0.37388709296475037
15984,0.7616573695560895
15985,0.41257141708083445
15986,0.2170196576544087
15987,0.38994331779000435
15988,0.4550558064915773
15989,0.23643551790879896
15990,0.27416284569261246
15991,0.34119658088115135
15992,0.511068113792265
15993,0.24419728467181456
15994,0.3236007041644151
15995,0.2187451265543078
15996,0.29842504442768136
15997,0.6145425058948772
15998,0.8339930610721562
15999,0.34869135194704054
16000,0.3382639865769283
16001,0.42410204674577756
16002,0.32919195612088287
16003,0.19407297695123768
16004,0.24457648151088415
16005,0.336205653028618
16006,0.23025074914029317
16007,0.8312779256669508
16008,0.2451617220774431
16009,0.21919677097072998
16010,0.34195062730900194
16011,0.3250043566523336
16012,0.15452476964116785
16013,0.34292172750059025
16014,0.8264672634535377
16015,0.1509565539698341
16016,0.346517636713045
16017,0.25283351127934
16018,0.27275179941821465
16019,0.18523420337123478
16020,0.4509699304190682
16021,0.38192611960550676
16022,0.1646676838900925
16023,0.23669029692310958
16024,0.44071580635134927
16025,0.21950080982139936
16026,0.15924282949119412
16027,0.8332597867816884
16028,0.6145425058948772
16029,0.3231334243432754
16030,0.33332343057072933
16031,0.16870156801428432
16032,0.48457657762707834
16033,0.24999039004647267
16034,0.4613348576161112
16035,0.8140687375795459
16036,0.2474584657948426
16037,0.8055524586512866
16038,0.1990249848400701
16039,0.32356613087967506
16040,0.33887119865852267
16041,0.3348627075540773
16042,0.23046035213356847
16043,0.29756542651636575
16044,0.3408061289045708
16045,0.24864138943213226
16046,0.8193212146499488
16047,0.19291847248768762
16048,0.30283310060947993
16049,0.3364532468394461
16050,0.8365514553245469
16051,0.4099468913973265
16052,0.41792816370424424
16053,0.850118737884182
16054,0.1430884672392394
16055,0.3745650968939238
16056,0.3427721248966587
16057,0.16942552452740828
16058,0.4143235526550056
16059,0.40958788948499647
16060,0.4051841272016531
16061,0.2205823421079747
16062,0.35927301462928235
16063,0.25373780928187706
16064,0.24448498692399603
16065,0.36177085976114626
16066,0.3440114722369337
16067,0.2922990074580157
16068,0.253232167007083
16069,0.39073161357731595
16070,0.3254118265387558
16071,0.18661953643703674
16072,0.8150901484510757
16073,0.7845557146908979
16074,0.8198162164532258
16075,0.31787483439966635
16076,0.32230849153824387
16077,0.17212993188680337
16078,0.3941204868105506
16079,0.33454211263028827
16080,0.8681576288689663
16081,0.2626524364798315
16082,0.4158934170792393
16083,0.3114513628801161
16084,0.2705181213192469
16085,0.3081603860237373
16086,0.2242855310194475
16087,0.2412749481047289
16088,0.3151332807036165
16089,0.40717344421482154
16090,0.29949500734875717
16091,0.13334799182626547
16092,0.3306026042897021
16093,0.4858624424054617
16094,0.8044972428916762
16095,0.32504277682448257
16096,0.3725867269234761
16097,0.289778794498188
16098,0.7899551578095292
16099,0.2851856280066608
16100,0.3092918796968732
16101,0.2902898387098654
16102,0.34833228548866974
16103,0.33279565594943766
16104,0.2544586796753159
16105,0.39258849779046456
16106,0.37209021129672726
16107,0.39222525031805205
16108,0.2357253306068515
16109,0.29397471304107936
16110,0.6446056938507518
16111,0.3273790725164741
16112,0.12540504398368035
16113,0.3331097425372754
16114,0.8120979026308536
16115,0.15865054577554977
16116,0.3354262645339537
16117,0.19462816557071375
16118,0.1790226839933885
16119,0.2577766478245082
16120,0.3131147024741707
16121,0.18111553876125502
16122,0.23226533155756193
16123,0.2825740575624786
16124,0.3959196677232114
16125,0.24284612517346904
16126,0.2437762064197442
16127,0.3429594972113682
16128,0.29762710932971925
16129,0.19016818598667182
16130,0.345534631580368
16131,0.1427865191286733
16132,0.29262092977062776
16133,0.2818298039825772
16134,0.25273765632157014
16135,0.28247957683609626
16136,0.35221250144891636
16137,0.17765452371872817
16138,0.16709488081400786
16139,0.3111364513939211
16140,0.3871304456414456
16141,0.16992057882688333
16142,0.2850902321905755
16143,0.1811749838768807
16144,0.23538947723601653
16145,0.8311390643046713
16146,0.3037921214792344
16147,0.26584104064121183
16148,0.4353731192655031
16149,0.182633056973695
16150,0.3373160613443259
16151,0.3839899123516561
16152,0.3299651690046988
16153,0.29350677445259554
16154,0.3053080910762306
16155,0.25567760032163217
16156,0.3393760752234382
16157,0.14515841986217426
16158,0.3162341957785418
16159,0.46825563496731987
16160,0.37043271270379086
16161,0.34711657784650246
16162,0.8258122952256507
16163,0.14921366995590213
16164,0.19288502244057995
16165,0.25087399570017055
16166,0.7073123871803842
16167,0.2688522296341893
16168,0.20217424068538592
16169,0.3466155205894151
16170,0.3388765385867602
16171,0.1606842894326307
16172,0.524724476075249
16173,0.31438222069750266
16174,0.3027700829776096
16175,0.22070793602313965
16176,0.2180838271953134
16177,0.2222398713656286
16178,0.21355095659878456
16179,0.3459563991889712
16180,0.3038032538583139
16181,0.2601381088799999
16182,0.34472721038460047
16183,0.41169418305311845
16184,0.32360318514978564
16185,0.3164583798571546
16186,0.3429725614428694
16187,0.2816129518450102
16188,0.30138535315793696
16189,0.3096571924730608
16190,0.27516034441137693
16191,0.13500968323239357
16192,0.40943199975075556
16193,0.22803801987170536
16194,0.19999637700503256
16195,0.22377922517057522
16196,0.23657147552389968
16197,0.4115357927217373
16198,0.7283522500559948
16199,0.3246815313655609
16200,0.3777534251070559
16201,0.38719756867507554
16202,0.17297715182032808
16203,0.35621409295722195
16204,0.4425127238883697
16205,0.3058905799348717
16206,0.2043866943936283
16207,0.33949287492837926
16208,0.3354411594006486
16209,0.34367015245285104
16210,0.3607706139911505
16211,0.4080542790046194
16212,0.2699005081967152
16213,0.2343753897674163
16214,0.3282379443343828
16215,0.3860998250091455
16216,0.2761898903531683
16217,0.3965297256806294
16218,0.12652231966245947
16219,0.30351856518096737
16220,0.2544614564976256
16221,0.2899593548101837
16222,0.40406805984133737
16223,0.21872935797969814
16224,0.35410225908697857
16225,0.20952228077688306
16226,0.3070940895870182
16227,0.34423422480379157
16228,0.380474709043044
16229,0.31672056532244286
16230,0.348248409022917
16231,0.8142630109539224
16232,0.3202307228323356
16233,0.3605737016468802
16234,0.35323989040180903
16235,0.2713503667587033
16236,0.7649849695340851
16237,0.7799385296960851
16238,0.8191223420925795
16239,0.7821879826805359
16240,0.8564239354033921
16241,0.3232529549338413
16242,0.15957929893093858
16243,0.24029279330931033
16244,0.17422792207957224
16245,0.15950415122929315
16246,0.29273228456659345
16247,0.22448397435179795
16248,0.3516343434555698
16249,0.2612064027717299
16250,0.41692935710660983
16251,0.3447207798904688
16252,0.27665888712975134
16253,0.30294834865228326
16254,0.2291123103316037
16255,0.16898971991208103
16256,0.1520947230745456
16257,0.3395751138083829
16258,0.33150093204013176
16259,0.3088628533283354
16260,0.23467867898512165
16261,0.31135081746133825
16262,0.24799011574044288
16263,0.3357966718472348
16264,0.30513853086126347
16265,0.17253354817696698
16266,0.20672052619717426
16267,0.267365805016101
16268,0.4101863371253987
16269,0.2953732102700027
16270,0.2656749466257369
16271,0.8209638249762858
16272,0.20282242825199806
16273,0.4602373226808919
16274,0.21295923559275182
16275,0.27660911325880816
16276,0.3740341933404795
16277,0.13655790317828484
16278,0.1932476409108
16279,0.3306234659114037
16280,0.33273792383621
16281,0.2826938702737127
16282,0.2539321679753228
16283,0.19942996952514164
16284,0.33899393261833916
16285,0.39864756934958745
16286,0.3425804090836049
16287,0.28678528544574344
16288,0.33702234735285236
16289,0.15203012353275502
16290,0.30148777907476854
16291,0.3031969871633004
16292,0.7834509353965838
16293,0.1416806265163092
16294,0.38921827681569854
16295,0.15344944803517224
16296,0.44595379778349975
16297,0.2919884890172631
16298,0.37334649278089926
16299,0.7283522500559948
16300,0.3444453621966912
16301,0.4603658797606093
16302,0.27274314050773396
16303,0.4087181741531677
16304,0.31823604870321076
16305,0.1944038774119176
16306,0.6281748602050483
16307,0.6485380993376045
16308,0.30910003470642916
16309,0.3530515678522259
16310,0.21255504982236428
16311,0.38809008801169936
16312,0.3723982433606695
16313,0.3119847605249391
16314,0.831238126533024
16315,0.2672260873741993
16316,0.20843133424787597
16317,0.630783031625786
16318,0.39113006099692593
16319,0.21990709578952095
16320,0.32800480715244906
16321,0.8108575673508398
16322,0.4078129014406171
16323,0.44647111935404005
16324,0.4908605028076258
16325,0.24396436671373167
16326,0.3303155099663695
16327,0.21008233344917912
16328,0.8388301947893763
16329,0.28055497075082675
16330,0.4102573868411439
16331,0.8145831944572567
16332,0.29756754063064494
16333,0.47229984606396525
16334,0.13600946254200022
16335,0.407896181190066
16336,0.28634417221514546
16337,0.8294269492958369
16338,0.24795477042336903
16339,0.11635372756565202
16340,0.42396139354035256
16341,0.8211987411641063
16342,0.36544883122934757
16343,0.32286189993141146
16344,0.2249603880839885
16345,0.33654101747310244
16346,0.25966294888136354
16347,0.339809208751711
16348,0.15083022435569848
16349,0.21559106149914078
16350,0.3353584593431754
16351,0.161154660030253
16352,0.24647425327336517
16353,0.4284520010402846
16354,0.3103155834048942
16355,0.38401095340661373
16356,0.4367123027723674
16357,0.303525153320115
16358,0.3876361868759697
16359,0.3265979225325541
16360,0.3243859038502371
16361,0.29170711245388575
16362,0.16510186897217383
16363,0.24854097802409772
16364,0.31226307590421687
16365,0.2069755869205774
16366,0.2996891382808061
16367,0.27207834029589656
16368,0.211068308390223
16369,0.7853514333598843
16370,0.6508525637973589
16371,0.3764762211957507
16372,0.8350566820611044
16373,0.34210349748171276
16374,0.15075349390127082
16375,0.3094765676818802
16376,0.20689279712196523
16377,0.2730570495960629
16378,0.3325267872100496
16379,0.8786915099781272
16380,0.8089800955978441
16381,0.35677358972513035
16382,0.4006349410254188
16383,0.2520217514889607
16384,0.31395975797976416
16385,0.18322430770011355
16386,0.8288788768040751
16387,0.7269085804800082
16388,0.831238126533024
16389,0.3442477436250006
16390,0.26264602769320505
16391,0.7825661849515456
16392,0.18524549554424166
16393,0.3010706892492169
16394,0.2350591113741677
16395,0.24171545362334262
16396,0.26575289677336655
16397,0.23235648567943035
16398,0.47803807763646555
16399,0.23006331004711045
16400,0.18964312502744382
16401,0.22082819416376556
16402,0.29092114206798736
16403,0.387241927678135
16404,0.24084531769527728
16405,0.39045559830140064
16406,0.272522354307828
16407,0.3718774222477264
16408,0.3428443459126301
16409,0.3823361721349105
16410,0.23146549829537716
16411,0.3137472467779351
16412,0.24872001481670836
16413,0.25010685031798063
16414,0.3102271477541288
16415,0.3297380222289256
16416,0.6217942115395079
16417,0.2947469137739691
16418,0.8287021563726367
16419,0.38820542880087516
16420,0.2517796934769645
16421,0.28510159363369647
16422,0.35381031053654927
16423,0.22572360443464595
16424,0.2957855145604334
16425,0.14479817518179494
16426,0.334551089471331
16427,0.31283619557201464
16428,0.22352500118866955
16429,0.2498485879448627
16430,0.24699620990338395
16431,0.1273456495502886
16432,0.3441302335222251
16433,0.36665348330902126
16434,0.2683922479444367
16435,0.22191124706307808
16436,0.4407798409024652
16437,0.2602011601298831
16438,0.38042875040121943
16439,0.1918494668604193
16440,0.30082891628981945
16441,0.44598228451486904
16442,0.32726955368254973
16443,0.2879048658318151
16444,0.21714151993304243
16445,0.399947097577825
16446,0.4225614755181105
16447,0.3522857859436545
16448,0.23054169307315098
16449,0.3125655667269513
16450,0.21028530109893376
16451,0.40209828387790625
16452,0.7839903545110696
16453,0.3957818609447275
16454,0.2749580796951409
16455,0.2382450591648177
16456,0.37077082033874204
16457,0.43203030873743076
16458,0.7544596093785007
16459,0.3826927428908703
16460,0.2559440589496213
16461,0.15635234422800903
16462,0.15840235914139342
16463,0.45426965606776804
16464,0.19720732907251337
16465,0.3936430356133543
16466,0.39895808778802144
16467,0.23731903332027754
16468,0.3766564463532027
16469,0.1964136696093555
16470,0.19499676391606904
16471,0.3991048712815549
16472,0.2891589815719094
16473,0.14133699469954683
16474,0.4753830989008446
16475,0.33231677292971457
16476,0.2093497823695125
16477,0.39170860260249835
16478,0.1777128848687061
16479,0.3059767563377545
16480,0.29153824212939816
16481,0.22230597899798502
16482,0.42389022056328113
16483,0.20962392341466826
16484,0.2950893691468895
16485,0.23005960621158908
16486,0.2780014714169097
16487,0.3199252955869652
16488,0.3528498175586068
16489,0.8264087494260711
16490,0.22939865777332008
16491,0.295363193316339
16492,0.3040329590465961
16493,0.8150901484510757
16494,0.1470226324322369
16495,0.38133835774054275
16496,0.2803931971427513
16497,0.36647878922585214
16498,0.36397236577920955
16499,0.7888628808980762
16500,0.5751782199635783
16501,0.11403193625287744
16502,0.3264916135751067
16503,0.24687911076268404
16504,0.3362110651377041
16505,0.32218205997336363
16506,0.7996822886136575
16507,0.31474973531433525
16508,0.309884937426546
16509,0.711892921803699
16510,0.3203952317066361
16511,0.23118633898565186
16512,0.3052115682794961
16513,0.36381742647388504
16514,0.381730231858302
16515,0.8481471313973232
16516,0.2518645087710654
16517,0.3892424937084167
16518,0.2626376116633627
16519,0.21356061213115193
16520,0.3382771967176841
16521,0.2598297303563305
16522,0.18049485745717805
16523,0.21670630541908698
16524,0.6217942115395079
16525,0.15087889253870135
16526,0.3251029063744744
16527,0.3900654498337452
16528,0.16367150054383042
16529,0.21242393649587424
16530,0.29879232251930304
16531,0.24754101248147042
16532,0.23387242419569906
16533,0.21113059753206617
16534,0.2979338215712073
16535,0.15046319041102243
16536,0.32844751346929346
16537,0.4066041346077335
16538,0.17334105263602514
16539,0.38275637333882123
16540,0.3118567995058375
16541,0.285542985471862
16542,0.3072097591891896
16543,0.786814493126364
16544,0.19341208224877002
16545,0.3573230872671931
16546,0.28627550624516385
16547,0.18272334940666643
16548,0.39935790671512983
16549,0.2674059478690744
16550,0.19683080452739532
16551,0.4721770302536777
16552,0.09324982577144666
16553,0.23218383336727152
16554,0.1908232961709279
16555,0.34288702375735686
16556,0.29817817046843315
16557,0.8255152605551875
16558,0.23428925284035285
16559,0.37570720253681295
16560,0.22864757454007006
16561,0.32281426086311454
16562,0.3697810189850819
16563,0.3497767318309761
16564,0.6330827109884868
16565,0.19454401525136159
16566,0.2779025946165557
16567,0.4450068838977661
16568,0.41255406259441185
16569,0.23240894223061276
16570,0.3893104856563339
16571,0.2882854769342063
16572,0.24222993997129091
16573,0.2717732433507497
16574,0.2797364266546358
16575,0.1686679101499788
16576,0.22877119023397907
16577,0.42061921714990597
16578,0.25445768735341345
16579,0.3645668039999387
16580,0.27241142042700367
16581,0.2902756613839984
16582,0.22275575084487423
16583,0.2155848731271341
16584,0.2310177530248284
16585,0.33147347885068257
16586,0.19539137055391087
16587,0.8681576288689663
16588,0.32873734118908593
16589,0.8267673015592604
16590,0.31041362079501633
16591,0.8289851120628543
16592,0.23773369616136994
16593,0.318122874711263
16594,0.15145172807718185
16595,0.3053080910762306
16596,0.16208186639854014
16597,0.29662589161683506
16598,0.7768389861399958
16599,0.40532442789065143
16600,0.33712680262119504
16601,0.2407655423932378
16602,0.2735511838275631
16603,0.3305597328809631
16604,0.1721826041052631
16605,0.452151075015865
16606,0.27370103750581376
16607,0.5009232103905875
16608,0.32784443842300837
16609,0.8193212146499488
16610,0.21114718755532308
16611,0.1762396657613607
16612,0.4572864085026602
16613,0.25598434345485477
16614,0.22288239964735562
16615,0.3631282875061304
16616,0.35864107622865365
16617,0.19940029107930624
16618,0.22655752458674727
16619,0.1673388573708722
16620,0.2933389272741992
16621,0.8389643617763126
16622,0.41908412810541673
16623,0.2418948003147898
16624,0.18729640129502312
16625,0.7750960157871244
16626,0.2587543896058023
16627,0.24547061711137683
16628,0.3063013729072107
16629,0.20633892967376793
16630,0.25556713211180543
16631,0.14454498277915484
16632,0.3675842696283267
16633,0.1656124992011821
16634,0.33547724894841485
16635,0.4793611219198869
16636,0.3032308373391812
16637,0.4023382707487596
16638,0.24197879112674608
16639,0.3943554367084616
16640,0.40182981665478307
16641,0.26446811190377423
16642,0.35394824512535117
16643,0.3547645854820363
16644,0.3327029178489595
16645,0.36626000154694166
16646,0.4129243733989261
16647,0.1966292654686774
16648,0.2688734626586658
16649,0.18999859667475655
16650,0.3217859527554397
16651,0.1701718439205406
16652,0.36490372432535695
16653,0.26476321575079037
16654,0.40825456825750284
16655,0.2697955587228003
16656,0.19351405526479007
16657,0.14945234667590473
16658,0.4285724006922696
16659,0.13040407110518684
16660,0.3552880253348259
16661,0.2507813274534581
16662,0.21377903101375165
16663,0.36637131843825316
16664,0.3418820510973325
16665,0.3425804090836049
16666,0.3188053789928339
16667,0.24597217188734977
16668,0.15899371533372197
16669,0.18034221601313186
16670,0.40788199428679184
16671,0.40281430004295377
16672,0.24680827714861595
16673,0.27942435889789985
16674,0.20193300045712867
16675,0.21899828945017047
16676,0.3083330109206015
16677,0.36814633038131983
16678,0.13552798143217448
16679,0.7822415072489753
16680,0.8350657391841404
16681,0.3440071045296839
16682,0.8386280052600384
16683,0.35921463242113344
16684,0.3390705880912226
16685,0.3806498450369023
16686,0.31871393698057415
16687,0.34516135064298487
16688,0.3057273236324071
16689,0.38369886715674095
16690,0.23238028709801983
16691,0.40693588058298114
16692,0.1863063198447396
16693,0.3215109261890088
16694,0.19384537303950722
16695,0.177661613865118
16696,0.188414256824318
16697,0.4449765521123169
16698,0.23397322365259277
16699,0.25025517398889535
16700,0.36113594554751177
16701,0.14623592091819723
16702,0.28601534309347637
16703,0.3260603297994272
16704,0.8317374845161584
16705,0.34537568397459206
16706,0.3324980266039533
16707,0.16989191128709727
16708,0.31050588910345817
16709,0.22334120380513986
16710,0.7888628808980762
16711,0.2941112270500673
16712,0.33411459777107244
16713,0.25524529947462643
16714,0.3644970875463665
16715,0.16983888393636795
16716,0.7539840745551831
16717,0.3868726531589759
16718,0.4812244872808173
16719,0.3827355089543457
16720,0.3362184539172332
16721,0.4605608255850634
16722,0.41470563548830286
16723,0.30747159920260553
16724,0.24015431832682768
16725,0.4405382712861986
16726,0.8370929508047276
16727,0.15818941824871383
16728,0.32194985392641856
16729,0.28928156452168197
16730,0.2550603180379874
16731,0.29239780999941833
16732,0.3342477148220489
16733,0.5214035172383656
16734,0.17180783912096234
16735,0.23158544907179596
16736,0.3599252190916756
16737,0.1959424887861489
16738,0.8198162164532258
16739,0.37549523117650824
16740,0.2648955878934525
16741,0.4234202723877293
16742,0.8384555998147526
16743,0.3323536592329064
16744,0.2937565762082063
16745,0.828726652593166
16746,0.35616324546894484
16747,0.596836905859813
16748,0.23913808282961707
16749,0.33874899796804836
16750,0.44647111935404005
16751,0.23234652914068027
16752,0.2715544129058515
16753,0.2976933523616495
16754,0.36067587611429763
16755,0.271611067903424
16756,0.4121517255708062
16757,0.34794793517612915
16758,0.34693810536625047
16759,0.38582804166741363
16760,0.2310296792437103
16761,0.24877553877982547
16762,0.3969044636828384
16763,0.3345927978520267
16764,0.24859950569639358
16765,0.17186348024775736
16766,0.24010243597452074
16767,0.2816968976907729
16768,0.2181872196523184
16769,0.8562016552091503
16770,0.4205628723498761
16771,0.8512921876865682
16772,0.24502913583084215
16773,0.38898059050266276
16774,0.27610028380935553
16775,0.397493745186694
16776,0.11962020792868418
16777,0.1508389141691927
16778,0.267839024109461
16779,0.4203229129844022
16780,0.20237621583230495
16781,0.4860164178687574
16782,0.3428400154487104
16783,0.3992083697555378
16784,0.29934280770972327
16785,0.4203229129844022
16786,0.38774041600035763
16787,0.2609612573134511
16788,0.22604768410512915
16789,0.1947047889631764
16790,0.8509579564375211
16791,0.19521029142058763
16792,0.22629651543707346
16793,0.2335468049276307
16794,0.25981581624899863
16795,0.8244940608731169
16796,0.8198162164532258
16797,0.2556869377042626
16798,0.323881650096965
16799,0.7722342460068217
16800,0.487444975337657
16801,0.22490308996930486
16802,0.3353981792057733
16803,0.7346312094926706
16804,0.8385984357310945
16805,0.26108574591283107
16806,0.3112951748578904
16807,0.29295384432282956
16808,0.2061019403790752
16809,0.27779345613734396
16810,0.33122987661887493
16811,0.20741977036762344
16812,0.4068459928115634
16813,0.3324755376413526
16814,0.29878119354722565
16815,0.8284369379213913
16816,0.33655654606336094
16817,0.1648252549597466
16818,0.15079894057203816
16819,0.36424443474444507
16820,0.1324932400320509
16821,0.32725421606759403
16822,0.1683503344810557
16823,0.18557114445882242
16824,0.2624239301388524
16825,0.4061089689102658
16826,0.16933294626934514
16827,0.4203229129844022
16828,0.8404025785585747
16829,0.3979619168109518
16830,0.22582050347903287
16831,0.21189249247985367
16832,0.23056541320642915
16833,0.26110071378382965
16834,0.8108575673508398
16835,0.32184717322635314
16836,0.39213196401500927
16837,0.37810981839006974
16838,0.2576196000879488
16839,0.3925153244854578
16840,0.20357716278425134
16841,0.31470157240317814
16842,0.2665522165411297
16843,0.3216751596070511
16844,0.38747519435031075
16845,0.2507202774152598
16846,0.3536393436112894
16847,0.3530552237047683
16848,0.7810555793006685
16849,0.7792308587738982
16850,0.7766058067242948
16851,0.43644233022826245
16852,0.2462656267134654
16853,0.822237390346775
16854,0.2332669188885602
16855,0.2020123312185624
16856,0.2856864052087665
16857,0.32617714678909093
16858,0.31304699582850914
16859,0.26627998443414375
16860,0.2104893002388863
16861,0.2657921087233393
16862,0.2125167290856285
16863,0.31100830391665235
16864,0.3294216079231539
16865,0.2719304286523247
16866,0.31133982115996534
16867,0.343556566766053
16868,0.3269417675120104
16869,0.41792816370424424
16870,0.15644338043225745
16871,0.8346542651356775
16872,0.3248731513998463
16873,0.2507719220005185
16874,0.3345243697044331
16875,0.1142622893190115
16876,0.4795959193123781
16877,0.8411894211013732
16878,0.31988255855337827
16879,0.21589993357847048
16880,0.2268798783232413
16881,0.2433882031930848
16882,0.25479681173900837
16883,0.33812784264065615
16884,0.15751331659431145
16885,0.8709702278615283
16886,0.34572088945121615
16887,0.35149739915339206
16888,0.36235175454073515
16889,0.2667608091456712
16890,0.14502651791192286
16891,0.4708827876371629
16892,0.3317730354271547
16893,0.4327143593172486
16894,0.5370364763011918
16895,0.29299274820242577
16896,0.4400644435164974
16897,0.39499727287103703
16898,0.34652342665436847
16899,0.37995115198164287
16900,0.35917978104221776
16901,0.401125909190712
16902,0.2881771815151933
16903,0.20396465607665865
16904,0.2806479454410221
16905,0.38010691166575
16906,0.46982432668709095
16907,0.3861707037092663
16908,0.7863912385167438
16909,0.3668577074342022
16910,0.19860167104900325
16911,0.3126266858351709
16912,0.19449793020576067
16913,0.47253641178015426
16914,0.775313893178228
16915,0.3037122937647441
16916,0.14562677615204722
16917,0.241894495194504
16918,0.31953877256418006
16919,0.3724412199941171
16920,0.25937968347090545
16921,0.3556205130002153
16922,0.3131912898060581
16923,0.2229193813851738
16924,0.4112829622624338
16925,0.4629766667024293
16926,0.24543838970807505
16927,0.39135047618368735
16928,0.40100471944718563
16929,0.20169346032788676
16930,0.30998186766465013
16931,0.23896444529858712
16932,0.40374367703932545
16933,0.18929996322691198
16934,0.2587175444566658
16935,0.8388144278884505
16936,0.286608418869172
16937,0.31043276223650756
16938,0.29038524937347665
16939,0.32920470582489214
16940,0.3472262801457909
16941,0.32697861012499335
16942,0.8384555998147526
16943,0.25923281564914236
16944,0.28335253459035714
16945,0.18486426748233892
16946,0.8148437353525109
16947,0.23762198957511185
16948,0.8350246495464897
16949,0.20196774350537033
16950,0.30909870618470514
16951,0.22166919025437548
16952,0.32969538215995503
16953,0.7022012422873608
16954,0.23261428239559717
16955,0.3251710740993909
16956,0.30792298329763174
16957,0.27534956547281925
16958,0.30878357089819813
16959,0.20075387570094202
16960,0.7495255949773895
16961,0.37406169879333484
16962,0.33631840974544575
16963,0.34286287795439696
16964,0.15438923020624432
16965,0.19647679424255926
16966,0.23239749285203637
16967,0.18557522903948037
16968,0.4030097434914142
16969,0.19484796643899807
16970,0.38051486840749527
16971,0.21051363999457132
16972,0.18999859667475655
16973,0.7862248798666845
16974,0.2467422650473532
16975,0.3691756104025888
16976,0.2256939381162499
16977,0.8078167451419455
16978,0.2594540049797708
16979,0.20030885348316388
16980,0.8240027541210975
16981,0.6300505045970968
16982,0.3125539150011888
16983,0.8264672634535377
16984,0.3852409275037202
16985,0.31003599235246815
16986,0.2100059879109738
16987,0.7269085804800082
16988,0.3106524417749592
16989,0.3604929214638125
16990,0.2159924568575288
16991,0.27315360994775395
16992,0.3983182705261913
16993,0.3780968145676144
16994,0.38388893156908344
16995,0.18296934472969784
16996,0.27188357946176644
16997,0.19663979722171007
16998,0.4691534717553053
16999,0.8255152605551875
17000,0.16076927867629245
17001,0.11590933619348374
17002,0.38993715719079075
17003,0.40299245845936
17004,0.3430508963956884
17005,0.4210456733131358
17006,0.2434239101235619
17007,0.8483753706413633
17008,0.17001375545207278
17009,0.2730675165368111
17010,0.26183136097929494
17011,0.30867800589692407
17012,0.174261750951736
17013,0.3235092144887965
17014,0.3425804090836049
17015,0.38189019158917803
17016,0.47948024524813065
17017,0.18975845248316822
17018,0.1995838887557566
17019,0.250598796804187
17020,0.1937944469995573
17021,0.19144964898119232
17022,0.41923813342699384
17023,0.2895789936472585
17024,0.8089693966571327
17025,0.259913319608606
17026,0.8250945075558704
17027,0.18099479231117116
17028,0.24799011574044288
17029,0.3251338326668352
17030,0.13914593168012768
17031,0.37581022950542176
17032,0.23508583986282455
17033,0.22992628609340368
17034,0.3203307495031676
17035,0.22096061045687346
17036,0.3228126786461266
17037,0.21231205502982353
17038,0.8352846541769412
17039,0.37794509308768726
17040,0.34307249885221897
17041,0.26407632222563654
17042,0.22818628049435818
17043,0.36711364214977094
17044,0.263350604690225
17045,0.3029119848999224
17046,0.34264761993539367
17047,0.256100893374288
17048,0.23631502156673403
17049,0.8015888587270795
17050,0.14958137278514877
17051,0.18991814717965208
17052,0.320331972469609
17053,0.2507849183785986
17054,0.23373710952408402
17055,0.3481597528273794
17056,0.40693495177231925
17057,0.834205841516669
17058,0.22007616799967294
17059,0.2894940924359465
17060,0.3946998198378716
17061,0.8147657384670818
17062,0.31088414490917976
17063,0.35988052359064393
17064,0.34272028103408564
17065,0.2538034233119473
17066,0.273198695363537
17067,0.3509930075667994
17068,0.18591734070322397
17069,0.3136878002808856
17070,0.25474979860617264
17071,0.40298983832628343
17072,0.24673807057041575
17073,0.8264672634535377
17074,0.4632197604853672
17075,0.2544702950251374
17076,0.32957340642544203
17077,0.17937785562414987
17078,0.4020338338994723
17079,0.35086695852256944
17080,0.3678411068292216
17081,0.2922760013386489
17082,0.4083970983571107
17083,0.18997988974567248
17084,0.2047568493577707
17085,0.33108281188490746
17086,0.817749285328739
17087,0.19666787072721045
17088,0.3196508813338146
17089,0.1677669332375056
17090,0.8217162601919661
17091,0.7837999860851863
17092,0.28917692240947884
17093,0.8258122952256507
17094,0.3044856393774508
17095,0.23566205971881857
17096,0.8233960205698896
17097,0.31107371948912577
17098,0.2971786787033521
17099,0.1925359100649285
17100,0.16545244780767962
17101,0.3111405077816446
17102,0.2786577227386944
17103,0.36913220476276953
17104,0.15882626986013199
17105,0.3244323654534555
17106,0.22934034729437372
17107,0.3497929057425057
17108,0.17687740024011825
17109,0.334983892657767
17110,0.3048459557611319
17111,0.34665097711029125
17112,0.775348668276076
17113,0.25777104026345987
17114,0.385976722573997
17115,0.2631583947371686
17116,0.7173976415230455
17117,0.3289876846814777
17118,0.3019084671450711
17119,0.2619000118457147
17120,0.2802282825374409
17121,0.3764720834429713
17122,0.786814493126364
17123,0.31592770554643973
17124,0.330701495563943
17125,0.36974940889462476
17126,0.5252272497235966
17127,0.3552078067432565
17128,0.2667829382922012
17129,0.3916163593169233
17130,0.29387577240729407
17131,0.1415356084973387
17132,0.31467259640993606
17133,0.15590598091269256
17134,0.2318795521123854
17135,0.8681576288689663
17136,0.34283789012120297
17137,0.8106570050134367
17138,0.3989816294621078
17139,0.33780513171070575
17140,0.24765156666512542
17141,0.31954239471648566
17142,0.4082375623686919
17143,0.30124070575570383
17144,0.24040182244960479
17145,0.31444137412518025
17146,0.33723715380198843
17147,0.24338955907348858
17148,0.14326139167197174
17149,0.31973299430404745
17150,0.2752033384317596
17151,0.4016637264408708
17152,0.25477560270739436
17153,0.7822415072489753
17154,0.7800829785312061
17155,0.8643545064298007
17156,0.33662026698891584
17157,0.8317374845161584
17158,0.40912972709882445
17159,0.8035849358816629
17160,0.38087038805842865
17161,0.2193098795600202
17162,0.25376084256319303
17163,0.2957982363966805
17164,0.3889392897161964
17165,0.2169986999476254
17166,0.41368993076642474
17167,0.782489190447852
17168,0.2257067868405898
17169,0.8640423598589155
17170,0.3122444768724355
17171,0.24251304356425846
17172,0.8286776437337056
17173,0.28990184499069144
17174,0.2698180290139115
17175,0.8339359973781872
17176,0.7823182146828677
17177,0.25485281644487234
17178,0.7269085804800082
17179,0.27977895058161273
17180,0.23210938395635694
17181,0.44647111935404005
17182,0.37995115198164287
17183,0.3776641784378782
17184,0.19375088210403626
17185,0.35724007997443796
17186,0.14030989428823762
17187,0.11468018405221297
17188,0.2438592127381516
17189,0.3741261328182258
17190,0.24321257106048327
17191,0.2382261970503603
17192,0.8318193149211555
17193,0.29375242964054404
17194,0.24134302081249578
17195,0.3095706379150348
17196,0.21175438994327922
17197,0.16205916023280412
17198,0.3392347933454193
17199,0.19378243855495259
17200,0.3220160669826152
17201,0.16145590296026138
17202,0.40165994934752913
17203,0.36683422416522066
17204,0.39348002677744726
17205,0.25871763640625056
17206,0.3133444508064609
17207,0.3340551992869924
17208,0.8337651100161988
17209,0.3454444239329486
17210,0.2124677855708527
17211,0.2569092575879314
17212,0.4350456035532479
17213,0.17812656124297077
17214,0.3083694767535937
17215,0.3365599364814465
17216,0.24846676168436932
17217,0.337968792998981
17218,0.20624787627170177
17219,0.38109423303851064
17220,0.32581210705922203
17221,0.4171002734960577
17222,0.3660076546583987
17223,0.1905757554811297
17224,0.4224358699562369
17225,0.3079976438336055
17226,0.3037921214792344
17227,0.22828801498132215
17228,0.2744397202045241
17229,0.23182182604088458
17230,0.14613322349236532
17231,0.40981383500583457
17232,0.21465786150071056
17233,0.2319137837947907
17234,0.2632068858584461
17235,0.3555702779464982
17236,0.3231682773529212
17237,0.30217870780785006
17238,0.2889413124268881
17239,0.8209638249762858
17240,0.16202867662135792
17241,0.3275708619085384
17242,0.7722342460068217
17243,0.41752982924862114
17244,0.21354913473154538
17245,0.34297745133357
17246,0.2123571794427689
17247,0.38611633390200645
17248,0.18636384672318285
17249,0.6346507388356557
17250,0.1786550827335739
17251,0.4067522247318663
17252,0.2914794379223945
17253,0.29124730586804976
17254,0.36099383435623933
17255,0.3245148041708805
17256,0.33488306793229317
17257,0.19973405223999782
17258,0.19357494572834377
17259,0.8108286660095854
17260,0.29919338117411776
17261,0.8363938818358575
17262,0.3162214768558059
17263,0.18530151207020396
17264,0.20947914556001376
17265,0.26064178954796335
17266,0.6989597535519214
17267,0.34794793517612915
17268,0.27858739449093173
17269,0.8720973483442055
17270,0.2891589815719094
17271,0.23573056205615167
17272,0.1042952997043758
17273,0.14624948244423205
17274,0.3313758001699595
17275,0.3019347942957954
17276,0.8389643617763126
17277,0.4373686690741829
17278,0.33707353310867727
17279,0.37484543963128586
17280,0.6361436774186836
17281,0.20260306600617198
17282,0.7764304420266965
17283,0.3101693447400762
17284,0.22766204399112958
17285,0.19170412726118571
17286,0.32331767490326707
17287,0.7771411128806407
17288,0.2268532066180673
17289,0.7821093116116832
17290,0.39780602687580807
17291,0.25687882312536614
17292,0.4224548713758977
17293,0.27551494081940237
17294,0.2222398713656286
17295,0.8516516161808881
17296,0.3260185972005168
17297,0.28240053928753245
17298,0.344598876333762
17299,0.7800829785312061
17300,0.27133773686465185
17301,0.8316633566192405
17302,0.800998296155063
17303,0.15065077947688826
17304,0.2665525004167522
17305,0.4537734349922502
17306,0.27669119990485935
17307,0.3033337371536735
17308,0.2781398634585563
17309,0.32391150833689897
17310,0.7728216178394514
17311,0.31806247917295716
17312,0.2750727811541388
17313,0.21189796071107767
17314,0.39190216139149714
17315,0.2673734495815204
17316,0.8162110933531448
17317,0.41730912771191025
17318,0.7699796807648166
17319,0.2507444039946742
17320,0.7217854871525792
17321,0.44285843140495484
17322,0.3445667444987005
17323,0.2085599093445557
17324,0.28978851132566963
17325,0.31783453612330403
17326,0.21628642723206687
17327,0.3363261882604104
17328,0.35729932179230517
17329,0.29109720514116616
17330,0.34387450806158587
17331,0.4391578389560303
17332,0.26185842256142766
17333,0.294243983380467
17334,0.2356246664829311
17335,0.2618508630960161
17336,0.2513943608848366
17337,0.8384717918818934
17338,0.17829568941504337
17339,0.2704311344726883
17340,0.22203635129551216
17341,0.28537151295351193
17342,0.34364015377762963
17343,0.15511859285238977
17344,0.24926444574799883
17345,0.3315947487038543
17346,0.7907983546157308
17347,0.28687450669047115
17348,0.3316644206206549
17349,0.2030852319846334
17350,0.24995132180460733
17351,0.23566814807823094
17352,0.3070493660804216
17353,0.21847863345604865
17354,0.3446498252150754
17355,0.8461478524539988
17356,0.2077410633614378
17357,0.823312079363048
17358,0.20572780358659334
17359,0.4002028436260956
17360,0.35608871638872536
17361,0.19712091879163215
17362,0.8191935244301116
17363,0.5411272076113727
17364,0.38059723424188446
17365,0.22421769639593983
17366,0.34181874647683896
17367,0.32714769785027603
17368,0.8516901929736947
17369,0.40384583305923455
17370,0.26940216527203614
17371,0.33923695780485524
17372,0.1665035079405543
17373,0.8147858794811758
17374,0.22663715969390447
17375,0.8285957887950952
17376,0.4078209661928915
17377,0.26213135542048366
17378,0.8260185139341729
17379,0.6396422833967914
17380,0.7659049869174547
17381,0.8318193149211555
17382,0.23822937572489097
17383,0.3744420091281653
17384,0.40816385491042656
17385,0.15467854167911152
17386,0.306853413194376
17387,0.20311853190050694
17388,0.42473914665193246
17389,0.09673871831416038
17390,0.275811067215244
17391,0.2315917730557666
17392,0.3964030139326244
17393,0.33821450470027614
17394,0.7836773964015391
17395,0.28465782780135246
17396,0.14957012842616332
17397,0.3746233509659585
17398,0.2071997710389239
17399,0.2958677757492759
17400,0.22223167680244907
17401,0.24836610918838695
17402,0.3327401309996131
17403,0.35407267015482324
17404,0.35007044107011076
17405,0.7060912365460456
17406,0.32361334736465536
17407,0.33378417096411683
17408,0.20262225376685086
17409,0.33330729985177265
17410,0.26664356621583507
17411,0.3311787345889245
17412,0.3155824800028949
17413,0.31651085281943836
17414,0.16273146013503353
17415,0.38032702657057954
17416,0.13172208430973453
17417,0.19434859924584524
17418,0.8317374845161584
17419,0.37493234496495503
17420,0.7269085804800082
17421,0.3298315732438971
17422,0.2925614214930617
17423,0.39061757318098156
17424,0.2952156509912171
17425,0.2167493961921541
17426,0.3022310362575806
17427,0.22114574406642448
17428,0.3362311964148971
17429,0.31704598113374555
17430,0.25410237789393325
17431,0.2092094814686325
17432,0.3020894800878301
17433,0.26655837125889514
17434,0.28355682929291304
17435,0.36333404057675234
17436,0.35368528640844993
17437,0.3443585185126426
17438,0.33526523276058445
17439,0.8299909784082754
17440,0.8369415569902721
17441,0.16317062173816715
17442,0.18240857095813962
17443,0.4338133273317628
17444,0.3279988675859048
17445,0.39190216139149714
17446,0.2877706319088769
17447,0.08508960189407365
17448,0.2219552945998182
17449,0.21604971772965317
17450,0.14914556169391546
17451,0.23515870958743262
17452,0.28518400512684705
17453,0.7750960157871244
17454,0.29927476843092676
17455,0.33775752714412827
17456,0.27936447784306784
17457,0.2227709487264933
17458,0.1869331382104765
17459,0.2890876064195609
17460,0.4157062132696564
17461,0.23792364602551988
17462,0.20835727788085354
17463,0.3183163027398091
17464,0.39753443793518406
17465,0.13647006138744866
17466,0.7757951042792665
17467,0.3693971910225688
17468,0.14846263423356557
17469,0.3445382894024589
17470,0.2646890630255167
17471,0.2832677167473671
17472,0.3268451885084023
17473,0.265383934333793
17474,0.24359673290361572
17475,0.3093175600843538
17476,0.31799553894832744
17477,0.8332242390278448
17478,0.18575730351417394
17479,0.2268553880722294
17480,0.27111112866642556
17481,0.24181773018301916
17482,0.1999464276398158
17483,0.850118737884182
17484,0.30816647041611345
17485,0.24144320865047844
17486,0.4503247205577254
17487,0.18265546296580992
17488,0.325410679568336
17489,0.2942586436271068
17490,0.3408629710058612
17491,0.22829969162502484
17492,0.831238126533024
17493,0.36173950404562116
17494,0.33418441053054865
17495,0.8483753706413633
17496,0.1652708280194769
17497,0.21215803918174844
17498,0.7173976415230455
17499,0.24532808642855486
17500,0.7574177737872952
17501,0.8743705247421598
17502,0.28228553795027866
17503,0.3268506161315358
17504,0.3437460405325844
17505,0.28330664425492724
17506,0.2245992186513229
17507,0.18054320689602935
17508,0.193936887184858
17509,0.40605958210088133
17510,0.1553835177804441
17511,0.18201033974045205
17512,0.8151002229816168
17513,0.3470906721219154
17514,0.3338339048753709
17515,0.630727584457792
17516,0.30650157230669733
17517,0.199995578029548
17518,0.2688522296341893
17519,0.23948282177582472
17520,0.3757149637212174
17521,0.3371739462942337
17522,0.36774746250494456
17523,0.3154057763712861
17524,0.8371422096780343
17525,0.16719951115934142
17526,0.3502396856248857
17527,0.19113328644673885
17528,0.21040836077187514
17529,0.26290117870668567
17530,0.39527582632677877
17531,0.27082616860939257
17532,0.32446518249578093
17533,0.2482229722825211
17534,0.29842504442768136
17535,0.2430719381696071
17536,0.1700786831931245
17537,0.3210891559030815
17538,0.31464172397405477
17539,0.31121913910884924
17540,0.3233568198434885
17541,0.7853650244539315
17542,0.1812464857334784
17543,0.4259621342958328
17544,0.3171757623752046
17545,0.09964047524967048
17546,0.32737819481924485
17547,0.4765442509788837
17548,0.33157543984401966
17549,0.26270574997589047
17550,0.20450187953245016
17551,0.3995276726433394
17552,0.21787286463102518
17553,0.3977104720466661
17554,0.30754290257683703
17555,0.31024672365144035
17556,0.27203230083450014
17557,0.348337277243767
17558,0.23829194930262007
17559,0.15333966108628538
17560,0.14243848666604145
17561,0.2132951761359278
17562,0.30021349806338365
17563,0.27135960925217534
17564,0.3229493460401366
17565,0.26038184326033864
17566,0.1958631688701617
17567,0.43572955582009865
17568,0.2774344583401112
17569,0.3225955695436927
17570,0.3449769545418738
17571,0.2706155019774332
17572,0.29512034583642494
17573,0.23725160084738528
17574,0.46894918881439823
17575,0.32395634684279134
17576,0.3883696391410084
17577,0.27124654545882104
17578,0.8509590466740691
17579,0.3993866385513554
17580,0.3274530453612654
17581,0.2825721811549586
17582,0.12622788633404178
17583,0.18382606989688896
17584,0.8509510191892631
17585,0.3972771184528917
17586,0.26457838795603705
17587,0.36993720984047485
17588,0.3498291715316675
17589,0.8286935468228503
17590,0.30404615659560813
17591,0.1564330727164633
17592,0.3029478394194615
17593,0.7851383899802343
17594,0.31426182625940036
17595,0.416545055991759
17596,0.27481107962617907
17597,0.8149509418794935
17598,0.3360303148113198
17599,0.1724111373411328
17600,0.43298463089780825
17601,0.4017415810145319
17602,0.30777250372293335
17603,0.8754112581307278
17604,0.38541492119076304
17605,0.2729333942919529
17606,0.8265582664833215
17607,0.46781589316920763
17608,0.28879797353516434
17609,0.4003593443452228
17610,0.4203229129844022
17611,0.3794005057607145
17612,0.11352245168367923
17613,0.17364649274874722
17614,0.2947103475423723
17615,0.35817776859565675
17616,0.8264672634535377
17617,0.8274642710857122
17618,0.2699551067711533
17619,0.33394118823051294
17620,0.11445866233681487
17621,0.31240685330479256
17622,0.19789812830648848
17623,0.271689573721129
17624,0.22350577081304615
17625,0.11538363386081167
17626,0.29646008307213795
17627,0.8055524586512866
17628,0.2922512583940248
17629,0.18666848799410188
17630,0.24284173373681053
17631,0.46128243793799883
17632,0.34666179956214754
17633,0.3302840024207001
17634,0.2642200116952658
17635,0.3075849845694311
17636,0.4004517028633859
17637,0.38224232499333544
17638,0.17686922270372965
17639,0.3792571456698237
17640,0.3283518515039614
17641,0.20190468312517523
17642,0.113741561496912
17643,0.2448463606190681
17644,0.17657260075689737
17645,0.251899217611222
17646,0.2408597667793406
17647,0.5214035172383656
17648,0.19401451211732024
17649,0.16952796470291306
17650,0.333350266357718
17651,0.33333208114160723
17652,0.23685597552817636
17653,0.26575776671204965
17654,0.12079214245914849
17655,0.2003353663752939
17656,0.2643361296067195
17657,0.2712092498274727
17658,0.3840353262716835
17659,0.21267365777788153
17660,0.397733014182848
17661,0.21263732379725592
17662,0.31911305354086883
17663,0.2681697715155631
17664,0.23981172514423038
17665,0.2891247342435146
17666,0.4064756214050047
17667,0.2853019383256747
17668,0.18596311983050878
17669,0.17334105263602514
17670,0.23323319213494512
17671,0.8294269492958369
17672,0.7853514333598843
17673,0.33989111304569675
17674,0.29087938348109754
17675,0.25245251835914817
17676,0.21064367593743383
17677,0.7616573695560895
17678,0.17287147279728637
17679,0.2940429508519762
17680,0.3849995190663732
17681,0.17857576200198025
17682,0.17801222615109108
17683,0.2723136723054847
17684,0.2576878357743761
17685,0.2491594737327511
17686,0.8121037649823616
17687,0.1935850106163455
17688,0.26296632631602235
17689,0.20902561864597724
17690,0.28250715047787545
17691,0.4002286541630298
17692,0.28283100332782607
17693,0.24617619750138098
17694,0.3244320749490283
17695,0.25143451685462914
17696,0.22628637052651374
17697,0.3162983872931789
17698,0.8042032762281488
17699,0.23705307913944315
17700,0.14202653989129765
17701,0.37311409748161806
17702,0.47806685193712517
17703,0.23715805661830336
17704,0.24886613253610113
17705,0.1747089162886602
17706,0.29160938626227006
17707,0.23977050167378347
17708,0.14533930429257252
17709,0.18239517595349608
17710,0.25123233571336606
17711,0.2568509479760844
17712,0.1407213245438269
17713,0.23641492590520552
17714,0.4125604460017767
17715,0.3386562546865508
17716,0.5117396415156448
17717,0.8351512943372312
17718,0.1958736954456388
17719,0.1587794421944453
17720,0.8277925253325341
17721,0.172939446260432
17722,0.7699796807648166
17723,0.8060079971291478
17724,0.3276059305194445
17725,0.24417670114023277
17726,0.13610778441952343
17727,0.12610449446974195
17728,0.8227232072182253
17729,0.31939552412136246
17730,0.3400804956195406
17731,0.3360921844272453
17732,0.2870086854111675
17733,0.8191153000013389
17734,0.23787561452345157
17735,0.1915019555850364
17736,0.3272707276519859
17737,0.8113257821891773
17738,0.2620837440570845
17739,0.37578119993201536
17740,0.4010673204555024
17741,0.2587683655344996
17742,0.4065444815583264
17743,0.8023908729862812
17744,0.19996020387474392
17745,0.3123054681100164
17746,0.3551194348342854
17747,0.8381335871143865
17748,0.3307983043374117
17749,0.26730006646507676
17750,0.3088861971617395
17751,0.7875117435602852
17752,0.2604844929850383
17753,0.794161069321649
17754,0.3399511003202571
17755,0.1867346238049454
17756,0.20184902242078118
17757,0.7899551578095292
17758,0.2238896808176188
17759,0.3435211154302605
17760,0.8343910875805093
17761,0.37936672735225746
17762,0.34030655033904317
17763,0.8690845925846976
17764,0.3221557212580792
17765,0.734268416524457
17766,0.2366399306070847
17767,0.4575603081323524
17768,0.1629153502384542
17769,0.3341013350712533
17770,0.2893972693648515
17771,0.46999805181577553
17772,0.19694843131772835
17773,0.329992331940858
17774,0.3592182067889467
17775,0.24865609758227042
17776,0.10259386925465319
17777,0.3601437508318713
17778,0.3316795567613957
17779,0.18430868179873294
17780,0.22361797451708731
17781,0.2910131586698012
17782,0.3054242885973357
17783,0.3323848123366909
17784,0.20583906205597746
17785,0.810365645839611
17786,0.25098135309217395
17787,0.31703509160812293
17788,0.7784795499492765
17789,0.8114412468320469
17790,0.17994425923465218
17791,0.8175203259656724
17792,0.22421233685567368
17793,0.31566163708079714
17794,0.3791125390079899
17795,0.258436245801674
17796,0.32274452951472865
17797,0.8264672634535377
17798,0.2890686713030585
17799,0.3488266988871657
17800,0.3891886496593337
17801,0.22854546837229336
17802,0.38573752400995454
17803,0.15833089197834913
17804,0.2030114690370373
17805,0.2954101820380574
17806,0.13405554734471806
17807,0.8343135985959624
17808,0.22218777859381647
17809,0.3889765358719154
17810,0.22602613185398843
17811,0.40091313637361004
17812,0.7022038079266972
17813,0.47072335059615056
17814,0.28728731859362855
17815,0.33047448591525985
17816,0.3814095510995477
17817,0.40697328976984937
17818,0.29273228456659345
17819,0.22053725061774895
17820,0.2807923334302495
17821,0.4012282417457693
17822,0.3035912855541549
17823,0.23639950194992537
17824,0.2643361296067195
17825,0.20317641428448582
17826,0.2286981830651565
17827,0.2995143987335906
17828,0.4053734098823487
17829,0.25176788497050995
17830,0.1238342617033725
17831,0.27004604671777255
17832,0.8217162601919661
17833,0.2699309409487726
17834,0.22919341353021844
17835,0.3800310706504707
17836,0.33871408662306063
17837,0.3267316977404152
17838,0.35103265766977776
17839,0.3743336878725877
17840,0.1991037160792778
17841,0.3216668746754774
17842,0.3777629014272001
17843,0.3412269604023679
17844,0.7659049869174547
17845,0.3521636719340823
17846,0.17076197483754543
17847,0.4449765521123169
17848,0.32391472658536175
17849,0.35793428238655844
17850,0.4021782671619253
17851,0.11375281883321545
17852,0.34107031548935063
17853,0.30685784703529306
17854,0.4605410923538591
17855,0.29659420835436723
17856,0.24258923189897605
17857,0.38187763011027764
17858,0.3423838793741567
17859,0.2476448484057295
17860,0.8290922366700203
17861,0.7765793733196148
17862,0.3923161836357984
17863,0.24051355480795986
17864,0.3769939183726278
17865,0.24484157261647838
17866,0.13291092831690537
17867,0.3761312536100719
17868,0.24510261609535489
17869,0.34516398644856117
17870,0.3736324625212353
17871,0.29342081403561915
17872,0.20374959397586384
17873,0.3271132868637093
17874,0.20036201923807626
17875,0.2982376788847149
17876,0.7625856163718205
17877,0.3801767603964057
17878,0.8255432068933892
17879,0.775348668276076
17880,0.3280212188318404
17881,0.26915264587710813
17882,0.8325370284061646
17883,0.13346241297555034
17884,0.288015774778429
17885,0.8147858794811758
17886,0.32060647452720065
17887,0.20267701076216565
17888,0.3088092117980668
17889,0.27725716549377577
17890,0.3665746988141758
17891,0.21935205206230146
17892,0.779842229743006
17893,0.20870424948568675
17894,0.24667086447339803
17895,0.7830373284019251
17896,0.17539773388038668
17897,0.16162360840581458
17898,0.3781307825203177
17899,0.26061107044586707
17900,0.18138060762885677
17901,0.3778268287267068
17902,0.7840075477364487
17903,0.8711774273405407
17904,0.18680852333977663
17905,0.23447192553050353
17906,0.20013664361218772
17907,0.2196394712448038
17908,0.24849027449249653
17909,0.38447772677060116
17910,0.2574690878312
17911,0.2944931426978459
17912,0.23741550848927243
17913,0.2583232476160202
17914,0.2651112926590775
17915,0.23453808543872923
17916,0.34327432187721946
17917,0.43732027028350856
17918,0.33711485799151925
17919,0.19845316166521565
17920,0.3305983384555185
17921,0.7377396061514745
17922,0.3321435482952525
17923,0.3443707930260214
17924,0.40257363593319645
17925,0.17602709123293847
17926,0.4481354645923009
17927,0.28316387319554026
17928,0.3587329994371836
17929,0.2853970113646974
17930,0.29878663108836867
17931,0.40181662181358474
17932,0.3240079833510996
17933,0.30414127750703956
17934,0.1694468470282179
17935,0.8343910875805093
17936,0.21012205135388717
17937,0.16495178824893303
17938,0.3011415255365322
17939,0.2588373840690962
17940,0.4441593201736343
17941,0.268293938543202
17942,0.25802523084081336
17943,0.33073745095673945
17944,0.384968969751653
17945,0.31649399648778653
17946,0.20816813586422475
17947,0.2067874602009559
17948,0.18285645963471311
17949,0.18305166198135164
17950,0.35642086486074476
17951,0.28661519648359124
17952,0.8217162601919661
17953,0.31039979137134655
17954,0.3839210496423143
17955,0.44647111935404005
17956,0.1754930184162489
17957,0.2302845228359896
17958,0.8509515335403887
17959,0.34553196534487646
17960,0.3490132148029372
17961,0.28539480527603983
17962,0.8174111304499759
17963,0.3153114248491154
17964,0.39050059686557853
17965,0.2748633909708155
17966,0.26873099146850177
17967,0.20613173627500492
17968,0.40330654304492203
17969,0.2491594737327511
17970,0.375381595366058
17971,0.328820401863546
17972,0.2607863234855758
17973,0.27830342715222733
17974,0.3156120176487378
17975,0.2775303647458159
17976,0.3408239318717553
17977,0.17374895674317328
17978,0.7905450762595835
17979,0.4223590233488502
17980,0.35156521670020086
17981,0.31563550277669034
17982,0.22214626875639468
17983,0.40017541360102826
17984,0.3148243377312503
17985,0.2746492154162985
17986,0.332365379746571
17987,0.25434605995550524
17988,0.37928927448779043
17989,0.19997215219832287
17990,0.27283291797584797
17991,0.269987697232557
17992,0.4136344916145547
17993,0.382052862458131
17994,0.3100904094278858
17995,0.3981928192500095
17996,0.3356199268667646
17997,0.2885875701900298
17998,0.45184683614594423
17999,0.8150704225939424
18000,0.31073975463532744
18001,0.3795691382213412
18002,0.3256316053552984
18003,0.22564649557373592
18004,0.3150967521922914
18005,0.2322213483803825
18006,0.37015753869692786
18007,0.21098419180993305
18008,0.1898915873121903
18009,0.28392205616114796
18010,0.22628467677736738
18011,0.2167262534967953
18012,0.262612560915781
18013,0.28630061314276206
18014,0.8055524586512866
18015,0.8483753706413633
18016,0.3898055336715788
18017,0.3277986950816179
18018,0.34735420421443186
18019,0.2549789442711332
18020,0.3307543294590191
18021,0.847673273459931
18022,0.323273236616231
18023,0.44998527399412025
18024,0.27853385859174035
18025,0.3099733415763772
18026,0.39854724904675665
18027,0.8339359973781872
18028,0.3604929214638125
18029,0.2800619606448149
18030,0.32520097280425153
18031,0.13125754729334613
18032,0.3508332367893056
18033,0.24382900212904401
18034,0.24579799446346154
18035,0.16740307707909272
18036,0.7208894389272198
18037,0.8018876811430389
18038,0.33615213251565995
18039,0.14604673951468344
18040,0.2265248837708851
18041,0.43939200522081795
18042,0.3963735291539024
18043,0.8229805562989598
18044,0.8461478524539988
18045,0.3301985944052463
18046,0.3379467026001628
18047,0.19089276844757913
18048,0.44405414944207877
18049,0.48375120559812285
18050,0.3664944622657065
18051,0.33088713564192307
18052,0.8325370284061646
18053,0.3184218830391144
18054,0.32110196578950323
18055,0.3460440830536798
18056,0.29513881594360525
18057,0.31012878060065935
18058,0.2349057620902069
18059,0.16020938910026153
18060,0.346019529237455
18061,0.25676242359772267
18062,0.23771866410558648
18063,0.16669020749232843
18064,0.46636473804086204
18065,0.40714635415644684
18066,0.3276667245386754
18067,0.8289851120628543
18068,0.33537023203592536
18069,0.22790444588094821
18070,0.6338308205095311
18071,0.11417469109056298
18072,0.4765868872914771
18073,0.7825661849515456
18074,0.24014953732795075
18075,0.5693571057839201
18076,0.822237390346775
18077,0.24581281485665568
18078,0.825947089207541
18079,0.18033844236893032
18080,0.8389801320175303
18081,0.4654425328457966
18082,0.26025975776004817
18083,0.1829947196595146
18084,0.1962579434238164
18085,0.33219663444568504
18086,0.4478511436568244
18087,0.4336045577708382
18088,0.7757951042792665
18089,0.32275562109243777
18090,0.25150272926175726
18091,0.18400149414729772
18092,0.43905565680720177
18093,0.37943374098624977
18094,0.2538349603289473
18095,0.41783647953241443
18096,0.30871770927122355
18097,0.3094696007885508
18098,0.2514727089181326
18099,0.7875117435602852
18100,0.14867261666225737
18101,0.31589203248734676
18102,0.4407798409024652
18103,0.33245301321601956
18104,0.2123418754915532
18105,0.2524836454000978
18106,0.2972073023419184
18107,0.23877729132249448
18108,0.28365185676195454
18109,0.35123959793543263
18110,0.44360523014329006
18111,0.31380219187711805
18112,0.21310082300628608
18113,0.2625243917706159
18114,0.835860029389908
18115,0.32712199166961353
18116,0.4083970983571107
18117,0.4272048511580947
18118,0.3353943475353895
18119,0.3962902114533504
18120,0.3300769737168626
18121,0.2852645101650635
18122,0.8367236246493414
18123,0.3860399176111026
18124,0.335114068764356
18125,0.42220027493947204
18126,0.4398983987131674
18127,0.33004184779179874
18128,0.3258054854982652
18129,0.34115144509565243
18130,0.5251595410214881
18131,0.7362952435048937
18132,0.1890386426820731
18133,0.40092833768310515
18134,0.18059325027606474
18135,0.2662150112570528
18136,0.32868690681300033
18137,0.3305363102909881
18138,0.2261590923511454
18139,0.16730150883124745
18140,0.20938017842133377
18141,0.4116003126913705
18142,0.24134238305761835
18143,0.32603567966358543
18144,0.25355604256394465
18145,0.2794741833353739
18146,0.38799785662385217
18147,0.3684347117591317
18148,0.2323673343697748
18149,0.18810885078457418
18150,0.3474814974914507
18151,0.28397107122969223
18152,0.8676664496870938
18153,0.7771411128806407
18154,0.3456093577577201
18155,0.4161183699746495
18156,0.3607872225058422
18157,0.31176994789835666
18158,0.46937926098497845
18159,0.27577443000213336
18160,0.27872181810729935
18161,0.5681035716747481
18162,0.37198099403412166
18163,0.30629390578354476
18164,0.3445924276153926
18165,0.3477533135529682
18166,0.36716583811242615
18167,0.8318193149211555
18168,0.31522330869431037
18169,0.23370639511821203
18170,0.29674072017887765
18171,0.1376075500935475
18172,0.7659049869174547
18173,0.1825720622204914
18174,0.3908794389169182
18175,0.33814718708112496
18176,0.24787674631617426
18177,0.5286189723088556
18178,0.8150704225939424
18179,0.2673979642769907
18180,0.2129569601113515
18181,0.2977830135291475
18182,0.3128840828349019
18183,0.3506759605501213
18184,0.27707486681436627
18185,0.8093786934932954
18186,0.4029457823456889
18187,0.3901005386236678
18188,0.27931299784573643
18189,0.29092512791237995
18190,0.1890918006921449
18191,0.22545267994541893
18192,0.32113755114142317
18193,0.43630502625709233
18194,0.2647422629606368
18195,0.3488266988871657
18196,0.435059509939429
18197,0.20902956523448518
18198,0.264220272847409
18199,0.3838388285764623
18200,0.17775862727270145
18201,0.20373579042119963
18202,0.28464180621209495
18203,0.30004425156175346
18204,0.35106222053265373
18205,0.2843666238905959
18206,0.8080879707099032
18207,0.19140708931888725
18208,0.1959023925975136
18209,0.2798373729131307
18210,0.2945270171656164
18211,0.49129964112430097
18212,0.3458995235811466
18213,0.3750111722848536
18214,0.3079304860180326
18215,0.22595021074175972
18216,0.28024760143154703
18217,0.22831717531298182
18218,0.3331629596167937
18219,0.3271356554370996
18220,0.4019342999841864
18221,0.17773940072452635
18222,0.1990249848400701
18223,0.4173819403837742
18224,0.8217162601919661
18225,0.17733602509451912
18226,0.8274642710857122
18227,0.3060954343764598
18228,0.22508170246123627
18229,0.3427140892895047
18230,0.16787678489276128
18231,0.2217628913794197
18232,0.8200449028286468
18233,0.3103581297044114
18234,0.8268435894840691
18235,0.319880695442719
18236,0.22830011647804535
18237,0.7853514333598843
18238,0.24094515960403262
18239,0.29480884890374026
18240,0.8340384220100209
18241,0.33779303228100444
18242,0.29639001356316136
18243,0.33032209510277427
18244,0.40396998019204455
18245,0.7882491172495035
18246,0.19198580935945017
18247,0.27958516900334013
18248,0.3082197246517002
18249,0.3980353751114024
18250,0.2504901596146759
18251,0.24201954317288166
18252,0.3440168253706581
18253,0.4029239813543241
18254,0.3332396898963637
18255,0.26576162228960926
18256,0.30544676530694764
18257,0.3572130411831968
18258,0.31174079843875874
18259,0.31043259917146876
18260,0.5248914824733169
18261,0.3976598487250687
18262,0.19222367744346747
18263,0.8346542651356775
18264,0.7853650244539315
18265,0.17720146769744863
18266,0.3359185040364122
18267,0.18164359407600705
18268,0.1832743069892739
18269,0.26222546276237935
18270,0.32125954101969256
18271,0.22290881425871867
18272,0.2966540955522564
18273,0.3347459252007135
18274,0.2876104780522057
18275,0.2719509118953761
18276,0.34485727523460313
18277,0.4506411402916212
18278,0.3164933198911436
18279,0.2858581710855579
18280,0.32957707582606804
18281,0.2329108500109324
18282,0.6113697666347435
18283,0.26655837125889514
18284,0.25167712795508057
18285,0.30860674652299
18286,0.33541859851268935
18287,0.8519800342158879
18288,0.31433416529347186
18289,0.221415163270156
18290,0.26760788874263663
18291,0.25534246344403855
18292,0.1614914846292749
18293,0.24442294127955785
18294,0.3357560979375501
18295,0.328835973864863
18296,0.3345453635922744
18297,0.38865765627889637
18298,0.36379561523770887
18299,0.44881417200136986
18300,0.28614777913648815
18301,0.38818779195126274
18302,0.3525225095552505
18303,0.29957513424248916
18304,0.1876660297129907
18305,0.18434606654828847
18306,0.15204584485772865
18307,0.8250870505690204
18308,0.34709863242016825
18309,0.4286945717533309
18310,0.8183407214605114
18311,0.18496403439138465
18312,0.7757951042792665
18313,0.25312031318097
18314,0.2707977164957594
18315,0.28351570448072555
18316,0.18351616357430028
18317,0.3344301194941486
18318,0.32328844917709165
18319,0.20308665709898138
18320,0.3537228406198088
18321,0.219191209468619
18322,0.7899551578095292
18323,0.36862481152406934
18324,0.2784475226539486
18325,0.7824330530602019
18326,0.26298957606967516
18327,0.32903282198718403
18328,0.2976304750661076
18329,0.24634013730772222
18330,0.47641018699678045
18331,0.42977554049774164
18332,0.31255863112639937
18333,0.6361436774186836
18334,0.4797631703100321
18335,0.27356641411754584
18336,0.24274374026867226
18337,0.4083970983571107
18338,0.8145393071825341
18339,0.4506411402916212
18340,0.3864365148051477
18341,0.2736476950900235
18342,0.2536533644132268
18343,0.326727089477948
18344,0.3740007094927953
18345,0.3311340004479566
18346,0.4111675453096429
18347,0.8239359947696835
18348,0.3760899493849989
18349,0.24823564534293396
18350,0.3976464288810571
18351,0.1928272870008449
18352,0.16504667968744677
18353,0.36882306463197734
18354,0.4577618399422459
18355,0.8136992861144912
18356,0.37547115252553626
18357,0.25489936793625556
18358,0.39899244306986853
18359,0.3367820729872256
18360,0.22503332783754895
18361,0.32501969865570224
18362,0.4131107015816578
18363,0.8229805562989598
18364,0.36849080688234737
18365,0.35073124019727414
18366,0.4656620029439164
18367,0.2983385632890337
18368,0.31309814740667063
18369,0.7821915448022377
18370,0.4157736120089281
18371,0.2862620979121388
18372,0.38642608555193586
18373,0.22437210570763735
18374,0.42380876777225096
18375,0.5745096222879832
18376,0.2506629076204953
18377,0.21078059805207885
18378,0.24779862367381347
18379,0.3774676548672854
18380,0.42987245044583733
18381,0.35344552121848694
18382,0.16282897885926756
18383,0.22888866188359722
18384,0.404209208040676
18385,0.35680644806230427
18386,0.196051255906903
18387,0.3216638391914675
18388,0.16211511239335358
18389,0.41657967598653883
18390,0.4640878200741638
18391,0.3375520919939065
18392,0.40642659558615807
18393,0.2195800314689322
18394,0.24110730695294394
18395,0.2960516800937089
18396,0.35114839697249256
18397,0.442042349782014
18398,0.8264672634535377
18399,0.2808750861907014
18400,0.2649050824335971
18401,0.18039774242555728
18402,0.19717502588631797
18403,0.2831884107689251
18404,0.4097389185145237
18405,0.2367772214704498
18406,0.32003301960877967
18407,0.3748149806312145
18408,0.21741249357111672
18409,0.7679374698411716
18410,0.22090832233252614
18411,0.3152778649619928
18412,0.38777913761182076
18413,0.31856725567985233
18414,0.19451292626810499
18415,0.2533298478733829
18416,0.23409010083540613
18417,0.4065626207908276
18418,0.6295620714383902
18419,0.2449700181153671
18420,0.3292495166977069
18421,0.8274705610930909
18422,0.4074688069952071
18423,0.8786915099781272
18424,0.3576105216292161
18425,0.8264087494260711
18426,0.3002778514596508
18427,0.2294882892529434
18428,0.3324057413336429
18429,0.38056778693622734
18430,0.25548590222791756
18431,0.19652207211373954
18432,0.38252183101420245
18433,0.33639761291031545
18434,0.6499772294667192
18435,0.2898688163553878
18436,0.2048381646560267
18437,0.25813725051000985
18438,0.18791818598407614
18439,0.21226718801543737
18440,0.3973859851896941
18441,0.13563478854909755
18442,0.28432378057049834
18443,0.29140230525658956
18444,0.8145278498708196
18445,0.174120440750244
18446,0.4676469841738276
18447,0.7659049869174547
18448,0.21738670286373066
18449,0.24249537351337103
18450,0.3006342641081084
18451,0.7785957434987706
18452,0.2739231874584742
18453,0.18670518795444424
18454,0.15354724603156295
18455,0.825710888829336
18456,0.23782218789057588
18457,0.28290703220499114
18458,0.3964367369820024
18459,0.7792308587738982
18460,0.2241553328141929
18461,0.24156256001593396
18462,0.6262609027217128
18463,0.18714039640779653
18464,0.30672704722326183
18465,0.27837263978480903
18466,0.832977388363216
18467,0.2562010793167544
18468,0.31531862466589033
18469,0.32012381852244576
18470,0.4002863587007408
18471,0.28519849119902535
18472,0.2606589606099288
18473,0.25767888017742613
18474,0.29598699785958726
18475,0.1867770809890085
18476,0.22717979936834765
18477,0.24927730220181224
18478,0.21866487550284794
18479,0.7781513815396087
18480,0.2589183191441823
18481,0.7757951042792665
18482,0.2310177530248284
18483,0.17788063474305305
18484,0.7863912385167438
18485,0.3162341957785418
18486,0.8509590466740691
18487,0.850118737884182
18488,0.27135960925217534
18489,0.16465860658136713
18490,0.19555085199805358
18491,0.31989664623288466
18492,0.2959459237934031
18493,0.30547697423413517
18494,0.3946737335952152
18495,0.23858482386479185
18496,0.3849507639126263
18497,0.8145831944572567
18498,0.2524567468918887
18499,0.24120765291290697
18500,0.38944502214495347
18501,0.21490007698597574
18502,0.42310710606493074
18503,0.2800610402167494
18504,0.18826009351974804
18505,0.1485371141090515
18506,0.8736053122204178
18507,0.8311390643046713
18508,0.343556566766053
18509,0.3388076612763885
18510,0.22231327484752753
18511,0.20840452472623125
18512,0.3321197721855667
18513,0.28198649333558906
18514,0.39262548706813827
18515,0.2675860764505864
18516,0.4654425328457966
18517,0.4468777308869857
18518,0.24831265155586646
18519,0.4776404456747089
18520,0.242472016801508
18521,0.19409474574146166
18522,0.22954231549586718
18523,0.47198164876417653
18524,0.3295247664509794
18525,0.37495802051030785
18526,0.42304195941628975
18527,0.25429011763823406
18528,0.24739537348763957
18529,0.38214864587235065
18530,0.24470549986905918
18531,0.31013590859026935
18532,0.6507914950950688
18533,0.513422434537499
18534,0.33522773375632203
18535,0.4088323777844255
18536,0.16438335795294293
18537,0.38949308554016
18538,0.3219533773813328
18539,0.33389543000452815
18540,0.3590540751095044
18541,0.18096400715272778
18542,0.2616704500759804
18543,0.25862970059076307
18544,0.30524384434405705
18545,0.21926619165025493
18546,0.8106217105950894
18547,0.8337651100161988
18548,0.3199076770124419
18549,0.511068113792265
18550,0.27698501969387385
18551,0.18311331407629186
18552,0.18233059044960923
18553,0.33928190858343693
18554,0.21824892301103765
18555,0.31801464793748596
18556,0.2441029533937871
18557,0.33720479760517247
18558,0.25285287040987875
18559,0.382807465305238
18560,0.290267422093499
18561,0.34639460843217124
18562,0.5769869831576084
18563,0.7251980652707917
18564,0.8264087494260711
18565,0.284734957833914
18566,0.40793893108464485
18567,0.3142664177323241
18568,0.20571781654593285
18569,0.2972652424333349
18570,0.4203229129844022
18571,0.3377244554928386
18572,0.2916060425966135
18573,0.32915286487392165
18574,0.211146663983247
18575,0.1847410007569996
18576,0.3322924197357268
18577,0.8023362779630027
18578,0.2176823836027065
18579,0.8561528917199341
18580,0.8217162601919661
18581,0.20885135474921399
18582,0.4101330693575071
18583,0.8367859135794345
18584,0.2717162136393716
18585,0.8640423598589155
18586,0.8316633566192405
18587,0.26384073542339864
18588,0.25312031318097
18589,0.32685348475227205
18590,0.19761850665535716
18591,0.22310706460741023
18592,0.32460289942324705
18593,0.27629353847030125
18594,0.4450542718248318
18595,0.23953199416866172
18596,0.27638624338716383
18597,0.23101108592694758
18598,0.20160874773481563
18599,0.32567846525795985
18600,0.36176289832432923
18601,0.8366654981990431
18602,0.15791277031256842
18603,0.23398457959589425
18604,0.40046584092246373
18605,0.1725085878799213
18606,0.39609238213573855
18607,0.3882689340210158
18608,0.19918946905040308
18609,0.1861739527687659
18610,0.22992649219284156
18611,0.8350246495464897
18612,0.8337391026614048
18613,0.40680214541646553
18614,0.38611633390200645
18615,0.18084836250274638
18616,0.13985633106896517
18617,0.31572206922884577
18618,0.2325168450505092
18619,0.7192573995075476
18620,0.2968906078302883
18621,0.22085228572746565
18622,0.27623782851366097
18623,0.3281553597408465
18624,0.3412135806992097
18625,0.2543649892888386
18626,0.23748656042632463
18627,0.3508642208321576
18628,0.18929577986990542
18629,0.2268553880722294
18630,0.2963102440661022
18631,0.2557094713202691
18632,0.2603927195123122
18633,0.4451618735580415
18634,0.41814291230521994
18635,0.22053732526074962
18636,0.2422901491629829
18637,0.32764082781035764
18638,0.25503399612761457
18639,0.22010392451422753
18640,0.16522728937121622
18641,0.44050427374402396
18642,0.23273191173897212
18643,0.34972211618676374
18644,0.33901676218767224
18645,0.4133976449269804
18646,0.3924329733200517
18647,0.2749290647942447
18648,0.19345757017088577
18649,0.4007051410136363
18650,0.17570715330742712
18651,0.3419511282068302
18652,0.310479676190059
18653,0.23773975567189995
18654,0.8229805562989598
18655,0.19826899255187144
18656,0.24879430247855655
18657,0.26378030810621783
18658,0.2711032134621762
18659,0.196506458701809
18660,0.3974689500247181
18661,0.24931674336367082
18662,0.18937055304499467
18663,0.26685027640411585
18664,0.8101223767077324
18665,0.22856544874107204
18666,0.23474157148267336
18667,0.319384887133571
18668,0.3517552023601484
18669,0.2719471486418735
18670,0.32837662375727755
18671,0.3352817504551609
18672,0.22482797342144598
18673,0.3327886251402661
18674,0.2500801619459786
18675,0.7829210139021366
18676,0.40596341269183095
18677,0.3044633999670656
18678,0.32326808888251307
18679,0.35422425012053704
18680,0.3008676174974545
18681,0.7836773964015391
18682,0.7853514333598843
18683,0.15143708895517674
18684,0.7149729376284042
18685,0.8337651100161988
18686,0.296272231822577
18687,0.312247419655896
18688,0.4050311059786776
18689,0.7185741137961046
18690,0.42130096487693325
18691,0.25167712795508057
18692,0.3673401032545435
18693,0.33087647589896246
18694,0.28320324563849275
18695,0.32210506926570287
18696,0.1825944876380218
18697,0.2105748005640654
18698,0.19613890398013395
18699,0.27208667465457537
18700,0.2827930398586073
18701,0.3266714162426982
18702,0.17861548380504924
18703,0.22706311768258483
18704,0.1325468914963579
18705,0.36940502395866476
18706,0.3293990152724
18707,0.2206824037281154
18708,0.25103783543585967
18709,0.23606900857734384
18710,0.3207412891663778
18711,0.2123682757586262
18712,0.21255266388262564
18713,0.22641403848504982
18714,0.8756032838601265
18715,0.26564763507155753
18716,0.22714920074703585
18717,0.29278631517992487
18718,0.3924329733200517
18719,0.3327009561857533
18720,0.27184460124436366
18721,0.38281822346676087
18722,0.3993829959879428
18723,0.3402445196223467
18724,0.3770253133899443
18725,0.3074744719232074
18726,0.19904091277903443
18727,0.3308705937360406
18728,0.8249414284145324
18729,0.23881361355660818
18730,0.19669095416150822
18731,0.3336216322632662
18732,0.19726041020575727
18733,0.338712286809131
18734,0.24149486462252287
18735,0.23792726359451213
18736,0.3498161420067818
18737,0.1490523373232669
18738,0.333071801162276
18739,0.38730223070276004
18740,0.19547014806132182
18741,0.40914474422505015
18742,0.21040570782584853
18743,0.3197931511226459
18744,0.23106944176634053
18745,0.7799385296960851
18746,0.3462516650583233
18747,0.8145393071825341
18748,0.22770476515756652
18749,0.33419520907859857
18750,0.33994151391197247
18751,0.39190216139149714
18752,0.4720599905836784
18753,0.16921767435454121
18754,0.2962684782261694
18755,0.38482816209638854
18756,0.17516746736722216
18757,0.20666536748875136
18758,0.2687791421517718
18759,0.40335273958715634
18760,0.47620844346872365
18761,0.1460239216923968
18762,0.22917541736378477
18763,0.4203229129844022
18764,0.3116909099057941
18765,0.32007830771834833
18766,0.2898513255811604
18767,0.22262527656898728
18768,0.19694843131772835
18769,0.40740561893225197
18770,0.3198873676769997
18771,0.2983430479439006
18772,0.5649311338336144
18773,0.8174111304499759
18774,0.4292668887480242
18775,0.40276549099861997
18776,0.35058100186357444
18777,0.23029805461421618
18778,0.1998021675392268
18779,0.22831450926793698
18780,0.4491934514209583
18781,0.2803573846907019
18782,0.35204101306750757
18783,0.2031513129345093
18784,0.3426229813167342
18785,0.819220219820276
18786,0.2111158406291318
18787,0.35160422682949477
18788,0.38473063469115004
18789,0.34033816819317914
18790,0.16067475085854
18791,0.5059995288869569
18792,0.16561107744407028
18793,0.2721363513750227
18794,0.34826292281044036
18795,0.3777374077984734
18796,0.54466864303472
18797,0.27069617122941925
18798,0.39390313529725873
18799,0.38238152455321
18800,0.2696063418765701
18801,0.4328587608925896
18802,0.14685753697392714
18803,0.16705407460351065
18804,0.8128796387316378
18805,0.23078725812347362
18806,0.7888628808980762
18807,0.33857522380834315
18808,0.7800829785312061
18809,0.29875545936438386
18810,0.3731283955827425
18811,0.7758216081216144
18812,0.30761609540091495
18813,0.2809811332631502
18814,0.33572699303257897
18815,0.31309739825554206
18816,0.4043804094806421
18817,0.19159855246728322
18818,0.297019998242439
18819,0.19888225410794003
18820,0.23646336260003464
18821,0.3076494148637944
18822,0.8300200909871902
18823,0.27397673310004234
18824,0.8509510191892631
18825,0.29273228456659345
18826,0.15386575401772934
18827,0.21707064018043487
18828,0.408372055706879
18829,0.3352493704628774
18830,0.2846412152818731
18831,0.34372637984183807
18832,0.250033217507103
18833,0.1802755166297025
18834,0.1800874442411561
18835,0.31950485382534566
18836,0.34103160642877506
18837,0.3258054854982652
18838,0.2776341868948898
18839,0.43868088886243317
18840,0.2788102403776536
18841,0.2132185918949819
18842,0.4620723827133206
18843,0.24146878810645872
18844,0.12659100872386617
18845,0.2964290813201148
18846,0.3258160458271172
18847,0.22186112401195046
18848,0.1916454142637095
18849,0.44891245633664756
18850,0.33579239792069704
18851,0.4318307827490579
18852,0.3843069260016416
18853,0.2855867462465432
18854,0.8388301947893763
18855,0.35528016885554536
18856,0.825710888829336
18857,0.23093263926327573
18858,0.374289233019794
18859,0.1734574807810993
18860,0.23600244118110106
18861,0.42009661770019274
18862,0.3534863361510845
18863,0.8492302680640524
18864,0.23235237289054955
18865,0.2332110196745122
18866,0.19052601714168935
18867,0.35410225908697857
18868,0.326382784951695
18869,0.22166583244382856
18870,0.3273361681705951
18871,0.32658322397447953
18872,0.3037522935059372
18873,0.21425255996450787
18874,0.21876653798114895
18875,0.4721770302536777
18876,0.1704084719616184
18877,0.7849639906467891
18878,0.8601666219023951
18879,0.17790360934792063
18880,0.29289157776420127
18881,0.2021152598097692
18882,0.2823042420739196
18883,0.21178355569451707
18884,0.3509629746693617
18885,0.3402288640694751
18886,0.3184409971688274
18887,0.38576349764366746
18888,0.38034979501099964
18889,0.24060191470347964
18890,0.2351736689155241
18891,0.22553998664170066
18892,0.28510779188168744
18893,0.8351512943372312
18894,0.157125980986476
18895,0.5554404003969386
18896,0.3730423089965857
18897,0.3600706539385877
18898,0.6311875182018131
18899,0.5555386128653752
18900,0.2119671024182445
18901,0.2230970328897743
18902,0.3802674343569861
18903,0.3830733672090508
18904,0.21918526219563905
18905,0.37857196749851746
18906,0.18073610319297145
18907,0.36548401298083283
18908,0.3596647287064339
18909,0.1855903259602859
18910,0.8211987411641063
18911,0.24053790789367246
18912,0.3378216103650418
18913,0.4011210543449888
18914,0.39911131383042664
18915,0.7817727942534377
18916,0.3426392955000224
18917,0.511068113792265
18918,0.38508834734239833
18919,0.32385341129925654
18920,0.38739579864340107
18921,0.3050206296651929
18922,0.325540307241538
18923,0.2529811898815081
18924,0.5211438760502942
18925,0.34303919579732317
18926,0.31766373820476385
18927,0.43009120742676515
18928,0.4695409232225676
18929,0.2932096344291348
18930,0.2433433337857521
18931,0.252700242249847
18932,0.3103790323479966
18933,0.41442289532153564
18934,0.6937402043038255
18935,0.4364705779286615
18936,0.28008157084712537
18937,0.4263518897539173
18938,0.8342831360006742
18939,0.20303476187508734
18940,0.40032471927130875
18941,0.1990249848400701
18942,0.21687844038684495
18943,0.8293414465079573
18944,0.4059624246036694
18945,0.4338133273317628
18946,0.32965022575797587
18947,0.41281589314555817
18948,0.21630857407116563
18949,0.7684195393856674
18950,0.24240010844585075
18951,0.24301525934264184
18952,0.46795952097023624
18953,0.2833480434460499
18954,0.25826665345903005
18955,0.25139270078384196
18956,0.23324145813154024
18957,0.31831846585884715
18958,0.7752367174677871
18959,0.2974863206063346
18960,0.4061765113464999
18961,0.38216804762628787
18962,0.1989768526641135
18963,0.2948137485316039
18964,0.16728927912360156
18965,0.4034894464814384
18966,0.8151002229816168
18967,0.20311853190050694
18968,0.13900406613069577
18969,0.21411367330110617
18970,0.3868708718223436
18971,0.2327247836207262
18972,0.28759571618482566
18973,0.24178831445646512
18974,0.22305255168559865
18975,0.400587543303192
18976,0.4202460061356737
18977,0.1725641881880849
18978,0.28484599755362694
18979,0.30337535713376623
18980,0.37084210123814504
18981,0.3037134237329174
18982,0.28801911677859965
18983,0.16872071184882037
18984,0.35635219684296715
18985,0.2699839390337252
18986,0.17847257594278576
18987,0.3824343195772004
18988,0.7149729376284042
18989,0.3296675036124359
18990,0.4097211429976697
18991,0.24054242129951947
18992,0.34719071018253533
18993,0.19374478335808334
18994,0.26839529867361894
18995,0.7702496060215548
18996,0.28322786482264406
18997,0.1758320007483329
18998,0.19392687900622768
18999,0.40200284112249196
19000,0.31764489354028064
19001,0.35805709172358813
19002,0.2607084185661393
19003,0.22176890654563958
19004,0.4547549916704132
19005,0.8264087494260711
19006,0.1934758005499052
19007,0.8371422096780343
19008,0.2531588584411402
19009,0.23911809502065084
19010,0.3309995814919082
19011,0.6010432195645119
19012,0.3947564684700777
19013,0.24485703194281988
19014,0.2177218818021163
19015,0.8069224139039296
19016,0.1356187877061435
19017,0.20853818079895986
19018,0.7539840745551831
19019,0.30390670015646437
19020,0.34192904263427354
19021,0.2255492310746375
19022,0.20300112536197587
19023,0.3172596423543562
19024,0.19026693871191042
19025,0.19015909314739327
19026,0.10759123192367614
19027,0.3732568072907025
19028,0.2956128891477603
19029,0.23038369133100237
19030,0.31535225154960267
19031,0.4407798409024652
19032,0.16667668304015526
19033,0.2951991019672299
19034,0.3008842200280766
19035,0.2985455435087536
19036,0.8365514553245469
19037,0.2363702371268374
19038,0.8046901991792164
19039,0.356620496522763
19040,0.31621163674339753
19041,0.20578572151599253
19042,0.2221483325298454
19043,0.36740819438597416
19044,0.32036447232949433
19045,0.839180614739287
19046,0.7696517167150435
19047,0.41797124533757096
19048,0.3162341957785418
19049,0.3875839897442792
19050,0.12395972851119917
19051,0.7495255949773895
19052,0.3338008730523788
19053,0.41058780657294486
19054,0.17115196894637244
19055,0.2659376091492556
19056,0.3780049605239371
19057,0.22377388079846053
19058,0.2665482626352672
19059,0.20635868911031754
19060,0.3294931299270982
19061,0.8268435894840691
19062,0.34582846494252856
19063,0.7888451104125831
19064,0.38908479077158886
19065,0.3016345009787456
19066,0.23440103647727575
19067,0.14410730031204758
19068,0.3529885695047218
19069,0.24530908429438386
19070,0.8383086098925542
19071,0.33746405300914173
19072,0.3240297023110776
19073,0.16750215384961506
19074,0.734268416524457
19075,0.3970543636141103
19076,0.306585548234286
19077,0.33701678481344444
19078,0.48577242160225675
19079,0.372719688187818
19080,0.32676461167256593
19081,0.16150440526199084
19082,0.18703580306780618
19083,0.44601016908332347
19084,0.3038354906077048
19085,0.26686271401835626
19086,0.4056905850081062
19087,0.23524942161066453
19088,0.2835618717200511
19089,0.6300505045970968
19090,0.4142286053621556
19091,0.093141230933796
19092,0.38217837242211256
19093,0.34204474967406084
19094,0.1622506949761642
19095,0.34521589266149183
19096,0.4407798409024652
19097,0.32149041880042095
19098,0.28337632808442825
19099,0.4211743508632906
19100,0.7727751739562314
19101,0.3364574325651373
19102,0.586303281494708
19103,0.3286506642515775
19104,0.21592084516191734
19105,0.2984775369178055
19106,0.27053506244138853
19107,0.2761798414048703
19108,0.326787808977417
19109,0.2491594737327511
19110,0.3325088026845544
19111,0.22893925252811917
19112,0.4226697381413102
19113,0.12338324096997103
19114,0.30483401890066286
19115,0.8443751037694822
19116,0.2668611392724438
19117,0.20310740097447622
19118,0.3467972536159404
19119,0.33160741802681903
19120,0.15079894057203816
19121,0.2506515812211554
19122,0.14028155022291444
19123,0.8153247044894086
19124,0.18621746169021738
19125,0.19922110337808654
19126,0.39409627316663776
19127,0.2808105469814072
19128,0.4621888011911845
19129,0.18323139769853655
19130,0.308067639090366
19131,0.3713760419253465
19132,0.3000256831346448
19133,0.2580914840119082
19134,0.23070668064219724
19135,0.2722577596079473
19136,0.46687681212299575
19137,0.33840883476501754
19138,0.2975728361050381
19139,0.8509515335403887
19140,0.2358403289515757
19141,0.2112981381109479
19142,0.24629533536864656
19143,0.4285096917733393
19144,0.2374065634853106
19145,0.31814113407392
19146,0.3879223517699141
19147,0.3598525649011806
19148,0.2962531900260602
19149,0.19914495623156303
19150,0.19029555099255901
19151,0.36681998762208934
19152,0.18391837485741272
19153,0.3125225727782729
19154,0.14023023696094575
19155,0.340812053655231
19156,0.27832395297663787
19157,0.2422901491629829
19158,0.11911877149455696
19159,0.39939540821238206
19160,0.33814300443740464
19161,0.3941277222027905
19162,0.22494037066152475
19163,0.4146998454032492
19164,0.15016257750396478
19165,0.1560431742803985
19166,0.40478865334428893
19167,0.3156949471454401
19168,0.2510688857395318
19169,0.2410982574761437
19170,0.37685634338351226
19171,0.37436546895775674
19172,0.2222398713656286
19173,0.1702570943319071
19174,0.307590172383658
19175,0.23012403414080138
19176,0.28567713148654694
19177,0.26247164156476416
19178,0.43045456476095034
19179,0.2207293169056259
19180,0.14561203761035896
19181,0.43670905806605
19182,0.2988629345577375
19183,0.3080855546190642
19184,0.3269637863708579
19185,0.3246435738304896
19186,0.265556110000632
19187,0.4512978062497999
19188,0.6582490534954921
19189,0.32784734307558033
19190,0.1794417356164893
19191,0.3065706186595887
19192,0.3315747311792527
19193,0.3704937287278037
19194,0.20170168269152539
19195,0.376885753790278
19196,0.4727222007420079
19197,0.7781513815396087
19198,0.26345646025166514
19199,0.26800694983494205
19200,0.5716578106663249
19201,0.14230949846153298
19202,0.3538675478375633
19203,0.15118780794912742
19204,0.2059925874631773
19205,0.8338777148625642
19206,0.41637638445283215
19207,0.1851032393132486
19208,0.38456458949153827
19209,0.32001962037522413
19210,0.3175422348779916
19211,0.34620917230625914
19212,0.27963818258611717
19213,0.24812044735982686
19214,0.34446534433166104
19215,0.3946583190943212
19216,0.3258498885243132
19217,0.260385528163151
19218,0.4103088961443921
19219,0.8198162164532258
19220,0.10295497881699153
19221,0.7814428870213603
19222,0.2875156936587101
19223,0.8090581660101679
19224,0.19124913753067174
19225,0.33488786676971105
19226,0.4669674182028421
19227,0.20265218756725983
19228,0.20597045258742136
19229,0.3978527856387537
19230,0.28365872539086157
19231,0.17239437802291185
19232,0.4350456035532479
19233,0.7863912385167438
19234,0.3059385668544673
19235,0.24879430247855655
19236,0.28834678915721823
19237,0.33334620078300803
19238,0.3434711324920851
19239,0.4641907257782277
19240,0.20697811207630423
19241,0.17504432780104015
19242,0.38579975497291225
19243,0.30051024657818304
19244,0.16737731454694174
19245,0.2738877472256539
19246,0.36529215177103486
19247,0.22998694743357412
19248,0.13699812437275063
19249,0.8483753706413633
19250,0.2737925744337523
19251,0.28933846638668803
19252,0.25726990641709435
19253,0.8359955288820088
19254,0.828040933398102
19255,0.35296876214363726
19256,0.34292931444240843
19257,0.34312518130126207
19258,0.8217162601919661
19259,0.20714330928286642
19260,0.34560415510087045
19261,0.3550681090814385
19262,0.3876854193872708
19263,0.30095904930092654
19264,0.2442035661629322
19265,0.2326814926697286
19266,0.2736721900882731
19267,0.8198162164532258
19268,0.34139183347809854
19269,0.3222773085371439
19270,0.37457926522490376
19271,0.16904262762690264
19272,0.39384740821427916
19273,0.8690845925846976
19274,0.23830364686566294
19275,0.21903147433004033
19276,0.254924079034698
19277,0.19152586139832062
19278,0.26019621985933267
19279,0.4067250065332922
19280,0.2621970967124367
19281,0.8134777954607151
19282,0.1658240393068767
19283,0.13394284229803918
19284,0.8325370284061646
19285,0.1351426878258303
19286,0.781344073531226
19287,0.3179971665862707
19288,0.23272898312801876
19289,0.7062534005244265
19290,0.8353565876641688
19291,0.8274642710857122
19292,0.7805420221422785
19293,0.8640423598589155
19294,0.34698870393248654
19295,0.4727858527370463
19296,0.356477433365559
19297,0.1901613828462933
19298,0.36065065016853864
19299,0.4122045050054816
19300,0.4008139038796613
19301,0.2670889662565408
19302,0.3623740366508222
19303,0.5942445697623173
19304,0.3199182393286582
19305,0.2031513129345093
19306,0.2559440589496213
19307,0.3396183391601877
19308,0.18872530143663768
19309,0.3500963127793193
19310,0.32617714678909093
19311,0.3721097443653085
19312,0.381783536777566
19313,0.3631893375150663
19314,0.3196731320598893
19315,0.823312079363048
19316,0.3296029860926317
19317,0.30432468784545036
19318,0.8264672634535377
19319,0.8516516161808881
19320,0.36018406963248517
19321,0.2455031831767468
19322,0.3597570506618194
19323,0.2961579522814446
19324,0.8516901929736947
19325,0.30994515314134097
19326,0.4189320878973432
19327,0.3202353605673169
19328,0.18350003962933487
19329,0.38849012495822854
19330,0.35141698771716906
19331,0.2758473164564569
19332,0.3111715815253842
19333,0.7766058067242948
19334,0.26753045265378717
19335,0.6923716707413999
19336,0.23671222231220615
19337,0.12774778505173362
19338,0.7851383899802343
19339,0.21823093483803857
19340,0.7672803744980559
19341,0.3817550088205223
19342,0.21638978718946567
19343,0.33839265389638284
19344,0.22806521321362624
19345,0.3937146619086208
19346,0.35975788364236383
19347,0.3560265051824094
19348,0.23297402376238874
19349,0.4121517255708062
19350,0.23300708250291965
19351,0.27831039162776444
19352,0.2588521066998939
19353,0.8292974072001489
19354,0.38908608108548415
19355,0.33985073909062635
19356,0.25825626033169713
19357,0.23118393505932558
19358,0.1379011379884661
19359,0.20272270207845433
19360,0.21361506105444947
19361,0.7765793733196148
19362,0.3831413198858205
19363,0.2789075180668075
19364,0.8711774273405407
19365,0.7702496060215548
19366,0.2934795310641303
19367,0.2681526847387509
19368,0.45374953154615166
19369,0.3871081289154772
19370,0.1794635533749489
19371,0.3168254104133653
19372,0.8108286660095854
19373,0.28869730364827073
19374,0.23397231937342153
19375,0.341006933790631
19376,0.37255806347051446
19377,0.3444136813372418
19378,0.39164226742703623
19379,0.29758207367190326
19380,0.3981433696336695
19381,0.2775115528857057
19382,0.3038898843767749
19383,0.28194047913666687
19384,0.21083377389850813
19385,0.8274642710857122
19386,0.335625860750121
19387,0.4856782287094521
19388,0.36506085068456734
19389,0.3333512427827575
19390,0.3044889471100623
19391,0.5859051184134009
19392,0.850052382351905
19393,0.20250071882330647
19394,0.3275554944786383
19395,0.4410153777382029
19396,0.8384555998147526
19397,0.3251483692302994
19398,0.4677816446320516
19399,0.2842562736560211
19400,0.6446056938507518
19401,0.4032004103360928
19402,0.2089912318191685
19403,0.3287041964682098
19404,0.831238126533024
19405,0.34555815278973573
19406,0.30741711433421637
19407,0.2097450343011622
19408,0.26671929935666644
19409,0.30335561372524716
19410,0.3182428655929793
19411,0.26623337482857273
19412,0.831238126533024
19413,0.308693582027739
19414,0.34652958679778534
19415,0.2825561696463149
19416,0.27744823746985947
19417,0.3589250321095772
19418,0.32655439789261137
19419,0.19888614230484358
19420,0.3354718677626259
19421,0.835371189361749
19422,0.22538721373854642
19423,0.3147814581900727
19424,0.2507719220005185
19425,0.19044111225732757
19426,0.3316600590352584
19427,0.2550296598441001
19428,0.2843095083522258
19429,0.4846998803208272
19430,0.2672270824601737
19431,0.3766313192000382
19432,0.4285102806969268
19433,0.33307797371323916
19434,0.39363648477264546
19435,0.30874775575739344
19436,0.20459328100648422
19437,0.32795052990859896
19438,0.4796034262470677
19439,0.12488407090377317
19440,0.7825661849515456
19441,0.2671932978190083
19442,0.21927793898115297
19443,0.30096923295380484
19444,0.31624619994667313
19445,0.8093786934932954
19446,0.39931748478772905
19447,0.3621032627608709
19448,0.22992681870573192
19449,0.3979899761845159
19450,0.23999085143846696
19451,0.39056752258674415
19452,0.39169556842740105
19453,0.3701463877448132
19454,0.1540482763999001
19455,0.20645847821990385
19456,0.7495255949773895
19457,0.20445488008407892
19458,0.6989597535519214
19459,0.2336286764816335
19460,0.45670259164311117
19461,0.25625894994505705
19462,0.33803385614142584
19463,0.3280025709409402
19464,0.13624509201841223
19465,0.24030339942057208
19466,0.2299555316099469
19467,0.322684427849452
19468,0.6192597833443856
19469,0.41037950679635127
19470,0.23696933195767653
19471,0.8337391026614048
19472,0.307388734285211
19473,0.42019776450084184
19474,0.3185977521945263
19475,0.710675820061271
19476,0.17252184204403997
19477,0.26765923309467554
19478,0.33814356824019487
19479,0.7768389861399958
19480,0.4727222007420079
19481,0.3517631265725034
19482,0.3084946515902183
19483,0.24702701109449135
19484,0.3409096105764354
19485,0.3901524404853392
19486,0.3061112197991796
19487,0.4281821233797555
19488,0.215206448836137
19489,0.41846989754036384
19490,0.26418931306761556
19491,0.3893950515747285
19492,0.8389643617763126
19493,0.4605608255850634
19494,0.19244938787263377
19495,0.4118350042389342
19496,0.16995000089921453
19497,0.3009364757101619
19498,0.29838746983676423
19499,0.20855991433456436
19500,0.40614645279329337
19501,0.32038783929700854
19502,0.30269341237289127
19503,0.1705718871210228
19504,0.29830164282087557
19505,0.316559200521048
19506,0.18317532189574218
19507,0.26506962163372816
19508,0.7861813795215798
19509,0.343173209881327
19510,0.32222224462513477
19511,0.825947089207541
19512,0.17927677241280376
19513,0.31228911245896157
19514,0.3683789244348257
19515,0.18934327680913726
19516,0.7757951042792665
19517,0.3468747999883371
19518,0.34851074149144656
19519,0.27234014910975096
19520,0.33826307601873745
19521,0.23204990517537857
19522,0.29786786230622064
19523,0.8389801320175303
19524,0.43761144565629706
19525,0.25768309622094365
19526,0.8338654274772318
19527,0.11342378963796894
19528,0.8143024813671064
19529,0.2433433337857521
19530,0.3300068604230765
19531,0.4513767233243903
19532,0.8736053122204178
19533,0.36809366537104515
19534,0.4199336600918012
19535,0.3290477528809548
19536,0.4490673420235399
19537,0.27183369694951737
19538,0.20861875837151003
19539,0.3255613921248003
19540,0.2178109099950508
19541,0.2583651240820025
19542,0.23279420753388586
19543,0.22476710203716002
19544,0.29485740538830596
19545,0.3684744150977154
19546,0.23863056582005598
19547,0.19291990453434396
19548,0.3290881782383659
19549,0.3942219686699426
19550,0.37028250674303137
19551,0.31902231957441757
19552,0.3729554659400133
19553,0.2864405612074881
19554,0.16728583065474262
19555,0.14974833194985177
19556,0.3882180914192379
19557,0.33962956695016233
19558,0.2296857799352306
19559,0.2692153520565228
19560,0.43301130237131835
19561,0.30982618368638853
19562,0.7821093116116832
19563,0.3239452262457773
19564,0.38757493648418395
19565,0.18074902043780555
19566,0.834205841516669
19567,0.7861813795215798
19568,0.30610323065212913
19569,0.38531350526744046
19570,0.4297438190111333
19571,0.28156035383995975
19572,0.3235432059750647
19573,0.29290912705131855
19574,0.8356554741013554
19575,0.29858914189395175
19576,0.3001350653613901
19577,0.2741830800146871
19578,0.18412047891293584
19579,0.2643276605571638
19580,0.3354305225628041
19581,0.17818262852424135
19582,0.20757046158707823
19583,0.12594197632102522
19584,0.2873767999760307
19585,0.30888694493180036
19586,0.3045703517450846
19587,0.3204399776438556
19588,0.3764126597079113
19589,0.3196671379949207
19590,0.3244149446379609
19591,0.23468642974015375
19592,0.25138384222729504
19593,0.34360624478504975
19594,0.3245923812511599
19595,0.3402638704651409
19596,0.3525593481331521
19597,0.2687731390627293
19598,0.3168814108392453
19599,0.2602429698823163
19600,0.26949570191903494
19601,0.28904012983083704
19602,0.7495255949773895
19603,0.23953199416866172
19604,0.4633600889636207
19605,0.27770277772222646
19606,0.20639101660338197
19607,0.29281031183691897
19608,0.326500391321873
19609,0.2180903755587299
19610,0.3829793525651392
19611,0.25351546141235864
19612,0.3546149799430548
19613,0.8509515335403887
19614,0.2632641175331502
19615,0.2422937686712216
19616,0.17539011550691183
19617,0.18044666299032538
19618,0.3084402708300375
19619,0.23257555888860523
19620,0.15888172354596908
19621,0.21463190394206616
19622,0.4220384132188621
19623,0.31264863382900804
19624,0.3589030236295087
19625,0.3484792909545034
19626,0.7803176250460387
19627,0.38331301190749695
19628,0.27088734866535175
19629,0.2171334209676428
19630,0.21988517963360674
19631,0.33001728188828633
19632,0.2496518316463436
19633,0.23223110511821682
19634,0.3338620527356643
19635,0.25658574551122654
19636,0.34857155159659814
19637,0.45572595298214436
19638,0.3263568236356695
19639,0.7863912385167438
19640,0.4858624424054617
19641,0.13649568765661546
19642,0.2536734554947642
19643,0.2781398634585563
19644,0.2749117732935156
19645,0.2664472188590127
19646,0.342696650786237
19647,0.7625856163718205
19648,0.7659049869174547
19649,0.2561541407184439
19650,0.24887780069255566
19651,0.8474786143266048
19652,0.2741569760959372
19653,0.7727751739562314
19654,0.4072995431895964
19655,0.2906293812640298
19656,0.36661077837962597
19657,0.32947546151102564
19658,0.20334078188929508
19659,0.38644799261908197
19660,0.2858087645640406
19661,0.2691167443362046
19662,0.3224116908444669
19663,0.46946247935135266
19664,0.302763335041154
19665,0.17464265819071967
19666,0.18816545105965607
19667,0.25998037170143806
19668,0.3589607835419634
19669,0.36693777018648327
19670,0.1694737534445598
19671,0.36136588197133224
19672,0.1556307614757294
19673,0.35104877080497154
19674,0.39846917260864656
19675,0.14286016427524592
19676,0.27456251111178975
19677,0.21771042544937017
19678,0.2915340645332406
19679,0.33373400726405655
19680,0.32779908311506567
19681,0.34355446255501726
19682,0.2639997284948977
19683,0.8317374845161584
19684,0.26339118766997055
19685,0.6314007402051564
19686,0.271611067903424
19687,0.21382722289409875
19688,0.29481375461928144
19689,0.2799508465707969
19690,0.23047058799473133
19691,0.2584831218786123
19692,0.2467644914416393
19693,0.1998928510751528
19694,0.38127147622583246
19695,0.3458551846692025
19696,0.2628482160885048
19697,0.3364484668884446
19698,0.2716541449011241
19699,0.32898982491339823
19700,0.8389643617763126
19701,0.3261497966633985
19702,0.3618703931645222
19703,0.2522290556731282
19704,0.4106690728408603
19705,0.1270229462226032
19706,0.22564220575654034
19707,0.41690877301894713
19708,0.3379843595202571
19709,0.23121145536745186
19710,0.8264087494260711
19711,0.2512517794122206
19712,0.4286945717533309
19713,0.17795566470973923
19714,0.2628519343883445
19715,0.2539353675735637
19716,0.7810017524803783
19717,0.4345593373471192
19718,0.2314508159208435
19719,0.8069224139039296
19720,0.41816776320857213
19721,0.34625623820558926
19722,0.3918260558347684
19723,0.36307854669879236
19724,0.31287141692530546
19725,0.3571691845613216
19726,0.2923908613895777
19727,0.3207653511314942
19728,0.4177769753803371
19729,0.40605958210088133
19730,0.21810534140954083
19731,0.4203229129844022
19732,0.27972151214087004
19733,0.39203289027194405
19734,0.34058865089848767
19735,0.19150155528306495
19736,0.3491235045091241
19737,0.2809751175523093
19738,0.2328999444230625
19739,0.18697613477696923
19740,0.22648112003383217
19741,0.20411743158117004
19742,0.10863287413057023
19743,0.25497695166546597
19744,0.25286563328345574
19745,0.3740470888890459
19746,0.3879302169474996
19747,0.8325370284061646
19748,0.835371189361749
19749,0.3529663617132234
19750,0.34477137871777225
19751,0.39087983056553594
19752,0.8780608236090333
19753,0.3090964215603519
19754,0.24675876318821807
19755,0.3677992817944454
19756,0.33645888925648126
19757,0.4106841841811708
19758,0.2423873646525595
19759,0.3260242275955865
19760,0.21542963311431004
19761,0.847673273459931
19762,0.33132569098319525
19763,0.19734954088030549
19764,0.38363435441858085
19765,0.28567944577300924
19766,0.23536997330052026
19767,0.8299909784082754
19768,0.3900678052975464
19769,0.15989959924274372
19770,0.40165994934752913
19771,0.2049616888401386
19772,0.7269085804800082
19773,0.2649265318945148
19774,0.3853899979994968
19775,0.2003662863944213
19776,0.23403412855284147
19777,0.23363806176084995
19778,0.3414160231980829
19779,0.21902467738077652
19780,0.2245992186513229
19781,0.22695638923428693
19782,0.2633263714086754
19783,0.33285704279643374
19784,0.3498074989278811
19785,0.7765793733196148
19786,0.43026735881424694
19787,0.3424303885392997
19788,0.8261141310541321
19789,0.3032770496588587
19790,0.33646696628254696
19791,0.4221007684130573
19792,0.141753397326576
19793,0.1405511306635176
19794,0.2680853023062754
19795,0.3585816659409435
19796,0.7173014174814628
19797,0.30490669993727176
19798,0.38635196379089126
19799,0.4226697381413102
19800,0.24254404355908435
19801,0.2884390678488633
19802,0.32789551347989687
19803,0.38695915389841107
19804,0.3736488147133798
19805,0.17895805714924837
19806,0.36869777880811044
19807,0.22399844181250927
19808,0.18356691780567747
19809,0.3191955778266707
19810,0.3771102050818574
19811,0.43853179003738346
19812,0.8249643212656635
19813,0.3082001657075893
19814,0.41872281008287976
19815,0.3731906546149689
19816,0.259737424177641
19817,0.3966937498868763
19818,0.3229071426392029
19819,0.3291059192582538
19820,0.26739064064185913
19821,0.8353561564032219
19822,0.29560310106537
19823,0.29650275193222575
19824,0.8217046971922115
19825,0.2782406471983202
19826,0.24973126464175024
19827,0.3435390591124524
19828,0.37298348322568803
19829,0.4097215842610232
19830,0.43670905806605
19831,0.3150550110817608
19832,0.8301079987315639
19833,0.25312031318097
19834,0.8264672634535377
19835,0.20856051448109247
19836,0.27420220416188995
19837,0.786814493126364
19838,0.7753067583419112
19839,0.19561470990644847
19840,0.1394136755969126
19841,0.3297979493591948
19842,0.32304928487678675
19843,0.1471841462541198
19844,0.22996175697277793
19845,0.22874442649725032
19846,0.8756032838601265
19847,0.3338795507755885
19848,0.16261327435642794
19849,0.28983308354552856
19850,0.0821602981756621
19851,0.3962110909425675
19852,0.22716110492926989
19853,0.23051226596978533
19854,0.28040822220915423
19855,0.3801954945122091
19856,0.7757951042792665
19857,0.7799385296960851
19858,0.22389259797249747
19859,0.255059658406637
19860,0.22957557372964693
19861,0.7810555793006685
19862,0.36554243744545817
19863,0.19034584866666673
19864,0.8555604541474133
19865,0.26266263760745984
19866,0.815595673703971
19867,0.3902329551532181
19868,0.4015797093128416
19869,0.2212251352601219
19870,0.3197122949888007
19871,0.19344059667163338
19872,0.7836773964015391
19873,0.2530817870982156
19874,0.29614239760883126
19875,0.38672821148261644
19876,0.4325643649480778
19877,0.8069224139039296
19878,0.32556793353554575
19879,0.3439440953337576
19880,0.3870084253516735
19881,0.8264087494260711
19882,0.17120531446232637
19883,0.19962538667615215
19884,0.34137763289136086
19885,0.8353561564032219
19886,0.36128507007127536
19887,0.7823059957377418
19888,0.45666517365998044
19889,0.2326550641667316
19890,0.3230168197379693
19891,0.8092466854478438
19892,0.3287904354854749
19893,0.8097570106221337
19894,0.22858228402178152
19895,0.2619880962208532
19896,0.24571372594653493
19897,0.32720976425908166
19898,0.33348966448279777
19899,0.22619328821905477
19900,0.2925726470064667
19901,0.3229129579034189
19902,0.2450465611882925
19903,0.3011388526261366
19904,0.5291488462502598
19905,0.17260633849221063
19906,0.3537422208637096
19907,0.22002355681724708
19908,0.18608736574799203
19909,0.511068113792265
19910,0.3165919155551104
19911,0.20995231553594249
19912,0.21860294629856442
19913,0.8389801320175303
19914,0.8108575673508398
19915,0.2819782342806914
19916,0.8264562848001563
19917,0.37909177540623024
19918,0.14027919690663432
19919,0.3397019474338773
19920,0.40543423974696335
19921,0.40448773797053844
19922,0.34353795576784407
19923,0.2073210443489453
19924,0.33892979028798254
19925,0.41046158990886467
19926,0.19518932446181664
19927,0.13211924887805315
19928,0.3117087706451106
19929,0.13334877679582371
19930,0.4058285132750308
19931,0.1505469821518574
19932,0.2604634420291603
19933,0.3806788058495929
19934,0.3914277099724791
19935,0.18416444198221354
19936,0.2653472126559039
19937,0.4262846907765475
19938,0.33105356778803485
19939,0.4101863371253987
19940,0.40200284112249196
19941,0.33477270068059106
19942,0.32195011559413456
19943,0.808004564337184
19944,0.1587369815895118
19945,0.24816845771471807
19946,0.22832054588132505
19947,0.7800829785312061
19948,0.21730194780982395
19949,0.22035979527264782
19950,0.7237094591696368
19951,0.8264672634535377
19952,0.32819995338200453
19953,0.19778913625564332
19954,0.40359512681963866
19955,0.23084745643240956
19956,0.41888984412440733
19957,0.1997424986751413
19958,0.2609246168058862
19959,0.28344394782799537
19960,0.32980564925391564
19961,0.27234197623317197
19962,0.19253126600438852
19963,0.8371422096780343
19964,0.20231810567874423
19965,0.27964793996531884
19966,0.2074583667261786
19967,0.16293719322222536
19968,0.3379460897498269
19969,0.2403125029937871
19970,0.19025006344470483
19971,0.3699900054544212
19972,0.3933995072859471
19973,0.17334105263602514
19974,0.38452930396560364
19975,0.8363692934833411
19976,0.2046193297338635
19977,0.3207060815468878
19978,0.2162531404857463
19979,0.3643973279091532
19980,0.8154663342537416
19981,0.2001302891614366
19982,0.3302884965172386
19983,0.2414524450534633
19984,0.8185548349111749
19985,0.3938147577294098
19986,0.7585389606777878
19987,0.26768124763692325
19988,0.19761850665535716
19989,0.831238126533024
19990,0.8140329289504499
19991,0.3920513307632155
19992,0.5657533375952737
19993,0.20633064504267207
19994,0.22439000871938058
19995,0.26260866056132715
19996,0.26073551307388365
19997,0.24854272095225846
19998,0.1708789061163302
19999,0.2800847845560553
20000,0.30676373781370436
20001,0.25894070057850577
20002,0.22979063760528098
20003,0.23958427199874488
20004,0.4162303236077093
20005,0.22117367833848461
20006,0.28037350419280505
20007,0.2937525248424979
20008,0.7149729376284042
20009,0.2922847671325024
20010,0.2750216977764902
20011,0.20027616874433726
20012,0.4136344916145547
20013,0.2300195359672813
20014,0.16948680181532563
20015,0.4044854203551616
20016,0.26205446196395865
20017,0.3421925193784199
20018,0.19904091277903443
20019,0.2703183530403039
20020,0.3224978000502726
20021,0.281539068339024
20022,0.3360149480363013
20023,0.3444767433852375
20024,0.26338483763985776
20025,0.2512252808522142
20026,0.4693008856160628
20027,0.22802226772992584
20028,0.40435364252802786
20029,0.21848148759206623
20030,0.21250510959827837
20031,0.3559937681909012
20032,0.38690043619257464
20033,0.32474896651394985
20034,0.3374403233503023
20035,0.2349877966943434
20036,0.21418839468109183
20037,0.4547281193280759
20038,0.27949348740003865
20039,0.19610648661728777
20040,0.15052703895672842
20041,0.2968761613577332
20042,0.24074330780037226
20043,0.14054372363456621
20044,0.21489368617285878
20045,0.639571405604105
20046,0.8268435894840691
20047,0.32224599083369926
20048,0.8271687231269202
20049,0.3878616232755615
20050,0.8141493182773708
20051,0.4248552249461961
20052,0.8248011376623791
20053,0.8075833952041448
20054,0.3759458557385228
20055,0.25902179807185494
20056,0.26193362821880767
20057,0.2681556170580913
20058,0.18503906638722334
20059,0.16369541805163912
20060,0.3175169545885663
20061,0.19576914766280482
20062,0.32277490980301915
20063,0.24471501895521322
20064,0.17088353813176427
20065,0.8046901991792164
20066,0.4066927787391915
20067,0.33270263236268965
20068,0.17956843222352878
20069,0.8148437353525109
20070,0.3522993482747095
20071,0.24579581172984605
20072,0.2809030651064796
20073,0.38998371662794823
20074,0.8195155293261329
20075,0.19500526808199192
20076,0.2591761481357454
20077,0.4315507728030243
20078,0.40163993004473747
20079,0.2644800269427384
20080,0.2580635847295825
20081,0.30572060904014436
20082,0.17764525278455476
20083,0.288563769755083
20084,0.4098985872639773
20085,0.4497748018861257
20086,0.2102877958706413
20087,0.35166704478197175
20088,0.8109734389560601
20089,0.21084068588546437
20090,0.20125453316017872
20091,0.6145425058948772
20092,0.3275563600065496
20093,0.868972042195757
20094,0.2597032067424769
20095,0.26298957606967516
20096,0.2086991831012717
20097,0.4090548256499605
20098,0.7853514333598843
20099,0.33492437088270777
20100,0.2034162800709035
20101,0.3465000420249409
20102,0.22487336682680892
20103,0.808004564337184
20104,0.28978397085187757
20105,0.44608104928355286
20106,0.18128280245241732
20107,0.37479842986050577
20108,0.38685485520000895
20109,0.20901332733348935
20110,0.8144634468917469
20111,0.870278183903375
20112,0.8681576288689663
20113,0.2339059989233022
20114,0.7823059957377418
20115,0.18871287238309847
20116,0.356510747720083
20117,0.2749055170619757
20118,0.27572734240077357
20119,0.17817050286707836
20120,0.29937762972322823
20121,0.3437040048114691
20122,0.34715665178623273
20123,0.3056575063690216
20124,0.3970033381681634
20125,0.4528520072058754
20126,0.19182487536821344
20127,0.4106576546856261
20128,0.3089333941821052
20129,0.2021084281891267
20130,0.3570504300740608
20131,0.37791793654616057
20132,0.3512778377228408
20133,0.28364617575163403
20134,0.24119595315298048
20135,0.321498049092671
20136,0.3143261843538966
20137,0.35694941787486556
20138,0.8106924309027668
20139,0.7837945356517863
20140,0.28872247838050247
20141,0.23504262734650683
20142,0.4860164178687574
20143,0.301834817821657
20144,0.4136344916145547
20145,0.35156997140454543
20146,0.3672413748558902
20147,0.12728276346546977
20148,0.38983620755426285
20149,0.3372668458291658
20150,0.21143552196003204
20151,0.3438693799703911
20152,0.39695408660960824
20153,0.2959610301148431
20154,0.37811992349153295
20155,0.13069098049715555
20156,0.15474251055390933
20157,0.172939446260432
20158,0.8264672634535377
20159,0.8243074974198471
20160,0.2356246664829311
20161,0.8148437353525109
20162,0.3894667970294247
20163,0.3354456856556854
20164,0.38112911702429736
20165,0.2644366506224205
20166,0.3510760569687598
20167,0.7882491172495035
20168,0.8021836013267499
20169,0.35796793800559173
20170,0.37179999599095687
20171,0.2380146100311843
20172,0.24157854441897747
20173,0.336030322377062
20174,0.3555589438588181
20175,0.2126901597650621
20176,0.30736051270240705
20177,0.1497756359969951
20178,0.511068113792265
20179,0.7699796807648166
20180,0.17885914123577565
20181,0.341006933790631
20182,0.3139095667735535
20183,0.15713136688921087
20184,0.8268435894840691
20185,0.30123036453158997
20186,0.18096141265364363
20187,0.32735351784128824
20188,0.2849920233670678
20189,0.2398117315945954
20190,0.2067580543935203
20191,0.22124382043663504
20192,0.3659638424137895
20193,0.4246206089458224
20194,0.20184904736940026
20195,0.22109622092165215
20196,0.22161760705063482
20197,0.2206659601279495
20198,0.3423227448703658
20199,0.3520678143924919
20200,0.3980708762115487
20201,0.24326824606455977
20202,0.3544868469032519
20203,0.3384950517894977
20204,0.29753159017232467
20205,0.3813839878952614
20206,0.3250160742817389
20207,0.38668720494393233
20208,0.20714439517510308
20209,0.3425804090836049
20210,0.312247419655896
20211,0.2953178042607802
20212,0.33212767410743205
20213,0.15972114583164893
20214,0.14688924307826282
20215,0.25457519251305477
20216,0.4483319175437486
20217,0.4332878137235932
20218,0.2774033375980693
20219,0.2615490118570515
20220,0.3341921768564282
20221,0.3053080910762306
20222,0.21585615600927363
20223,0.39554679828626804
20224,0.26967868646722937
20225,0.32742052936443994
20226,0.22557092817989707
20227,0.28009083945699903
20228,0.1743053786808036
20229,0.4472104157864441
20230,0.22599982376829694
20231,0.3199603750458598
20232,0.8388144278884505
20233,0.30344931072721887
20234,0.8562397373951459
20235,0.2551736603077588
20236,0.39912247301597514
20237,0.8219527522589123
20238,0.22577224105771865
20239,0.37117053623057544
20240,0.2387188908680573
20241,0.09950260740993876
20242,0.11214396828644613
20243,0.7863912385167438
20244,0.40722755978297387
20245,0.8268813911657211
20246,0.2982579691039417
20247,0.40811054122940016
20248,0.38021829802384655
20249,0.4190732598442924
20250,0.22886168308099902
20251,0.208331999786444
20252,0.3446607930769978
20253,0.3815340712118647
20254,0.2466062375528785
20255,0.3411101627469608
20256,0.33657110697247855
20257,0.39050059686557853
20258,0.23312344586461073
20259,0.8368379281137596
20260,0.2536483863369943
20261,0.22874708080745365
20262,0.8101223767077324
20263,0.27576587434144434
20264,0.3030152023020742
20265,0.7055230709584951
20266,0.43043732988170347
20267,0.1991406668626166
20268,0.1944480325816531
20269,0.4223236339787814
20270,0.8255152605551875
20271,0.40809831733659346
20272,0.7758216081216144
20273,0.8250945075558704
20274,0.3579122063852501
20275,0.33490028340225847
20276,0.38062373135894967
20277,0.4645835686735553
20278,0.5884310599877577
20279,0.43128668399068254
20280,0.2672803918451764
20281,0.2646282836951605
20282,0.24440045809453229
20283,0.3532685737604049
20284,0.29679866970363483
20285,0.2532831215244742
20286,0.35569369869214945
20287,0.2972137517233911
20288,0.13155722886592244
20289,0.20367070415236296
20290,0.2225167754817683
20291,0.2634028512536697
20292,0.3341594010839511
20293,0.3200593716804902
20294,0.21851563256145165
20295,0.13335578088681319
20296,0.8336167517042868
20297,0.45901559324561125
20298,0.36481959607912556
20299,0.22272441544751065
20300,0.18396230878954414
20301,0.41556721232672644
20302,0.2904780460562415
20303,0.28498611864181334
20304,0.3785298226998259
20305,0.2925729236369163
20306,0.29136613148106655
20307,0.35063226725735486
20308,0.3417370804195791
20309,0.17224721398265702
20310,0.3778322837268913
20311,0.40533871841411073
20312,0.7684195393856674
20313,0.43289171839430857
20314,0.28296474027848595
20315,0.3269615466857368
20316,0.32608764018260245
20317,0.8509510191892631
20318,0.28520023958260227
20319,0.8264672634535377
20320,0.25107765686190214
20321,0.35232623765658044
20322,0.29611365687558866
20323,0.33150153771002605
20324,0.3429117739344873
20325,0.3021650376493773
20326,0.302178626680894
20327,0.2888911570400287
20328,0.1855427065649902
20329,0.45602884353497397
20330,0.19058380720531115
20331,0.2908188163410588
20332,0.4070295262232759
20333,0.4666307507038403
20334,0.3209899465291439
20335,0.38447860496899655
20336,0.31685933650448306
20337,0.2850357980191335
20338,0.2921731496349651
20339,0.8383086098925542
20340,0.20789092416162344
20341,0.2277386935738751
20342,0.2284095155952802
20343,0.3774230375941532
20344,0.4294704301874163
20345,0.287777033556188
20346,0.3297099984304571
20347,0.3306017481415726
20348,0.24538272463206476
20349,0.29608246205642397
20350,0.3960208227633484
20351,0.2314868843808647
20352,0.39193646180642977
20353,0.34525112255790463
20354,0.8158932815920754
20355,0.3385600642315863
20356,0.21686695346685483
20357,0.18526053088033606
20358,0.23467375382438752
20359,0.23290375297820085
20360,0.2868501585537569
20361,0.2486505968557976
20362,0.32425107122718855
20363,0.3069430353090127
20364,0.26333151140204436
20365,0.40657704146242823
20366,0.19790884169992462
20367,0.8388144278884505
20368,0.34759991587037725
20369,0.41094655991983664
20370,0.41525329450624365
20371,0.3250423430221209
20372,0.2605307482487537
20373,0.2890648510222921
20374,0.2303963973946057
20375,0.775348668276076
20376,0.1763143500387982
20377,0.4691567131307902
20378,0.32906400543103154
20379,0.32969476565718187
20380,0.18562204350839998
20381,0.30724733438479057
20382,0.3674947297685012
20383,0.41628108319688717
20384,0.28908376102824956
20385,0.37485951237959064
20386,0.8691816665727818
20387,0.26788019320409234
20388,0.28800853300801876
20389,0.35031685074797264
20390,0.3961628656188277
20391,0.2175901554801754
20392,0.395849061330858
20393,0.30059316840873546
20394,0.15730509636207704
20395,0.2565994841888734
20396,0.40843443607452967
20397,0.8069055526648329
20398,0.8284272946410443
20399,0.630727584457792
20400,0.19512979804939135
20401,0.32222625196993265
20402,0.3201003085767448
20403,0.23723613463426715
20404,0.8148437353525109
20405,0.3209324198825507
20406,0.20629809281015365
20407,0.2599536614076646
20408,0.4074313849681905
20409,0.19496996463972138
20410,0.7853650244539315
20411,0.4083970983571107
20412,0.8369445958105285
20413,0.293565479810888
20414,0.8088810168161185
20415,0.24889254775883513
20416,0.22670815102774017
20417,0.4140476689590779
20418,0.3371701042814617
20419,0.1775395364894176
20420,0.3247402012340829
20421,0.3151649630823262
20422,0.41882128572314065
20423,0.3417330600939424
20424,0.3598525649011806
20425,0.25775189916497343
20426,0.23916893460154273
20427,0.7765793733196148
20428,0.2864276490161574
20429,0.2728031685874971
20430,0.8193212146499488
20431,0.3381793136281437
20432,0.27308168822298573
20433,0.2491594737327511
20434,0.2770905099003597
20435,0.25948628404169516
20436,0.2146067720517978
20437,0.8161567193788879
20438,0.18672277021161787
20439,0.3271437299905452
20440,0.34640414104157535
20441,0.22754588917478732
20442,0.6489043604367896
20443,0.7757951042792665
20444,0.39869441626490754
20445,0.2523812248851126
20446,0.23451188889869776
20447,0.822237390346775
20448,0.33789577421157957
20449,0.34150669525075616
20450,0.24026538606467682
20451,0.3466081001801467
20452,0.22388701206499628
20453,0.2505615258043563
20454,0.8243074974198471
20455,0.3190462652943706
20456,0.31440093621458937
20457,0.3673994308419591
20458,0.28095372876708286
20459,0.4166175972893476
20460,0.2594332664327438
20461,0.3161205953585192
20462,0.2990154221381156
20463,0.42364476841385096
20464,0.21309810923595918
20465,0.4588237968807085
20466,0.29046713136813795
20467,0.40015485130350936
20468,0.3236255921592284
20469,0.379821486919328
20470,0.11507286414056798
20471,0.16814432739828325
20472,0.8533461264802219
20473,0.41610078863175304
20474,0.2238190608807814
20475,0.4199336600918012
20476,0.35842964499429714
20477,0.21180698664329886
20478,0.1934573518710484
20479,0.4153986677759348
20480,0.26689163550662964
20481,0.8089693966571327
20482,0.22319984850636615
20483,0.3333231318817512
20484,0.2918115271664009
20485,0.32470924568971216
20486,0.21235752728771562
20487,0.18413334996233172
20488,0.7686897941027471
20489,0.38335857443175786
20490,0.8294231484774618
20491,0.24164060990217404
20492,0.26254909249878805
20493,0.2380597090055585
20494,0.3226599789154205
20495,0.16865194420060395
20496,0.2983645501276744
20497,0.22120540019173945
20498,0.32209294925672405
20499,0.18988118224388226
20500,0.30486608079250455
20501,0.19701182991434302
20502,0.18209261454004183
20503,0.8330063149118762
20504,0.2509328317055715
20505,0.23407654323456487
20506,0.22723039828238917
20507,0.38418334720518027
20508,0.4139012464014356
20509,0.3343443782222162
20510,0.4084433203417771
20511,0.09905775204096498
20512,0.3112951748578904
20513,0.22715191980904903
20514,0.18691616479493411
20515,0.1625067705385692
20516,0.794161069321649
20517,0.17393564793077906
20518,0.2658429336741215
20519,0.4604623651232317
20520,0.14547814809400758
20521,0.3386307720679046
20522,0.23447068511461946
20523,0.3455591551191718
20524,0.3532533614450193
20525,0.4045699513027474
20526,0.3284081497749195
20527,0.3637756810293215
20528,0.15167083085354885
20529,0.4091388751394462
20530,0.4795959193123781
20531,0.3866970792125642
20532,0.2728820547316986
20533,0.2817353556199371
20534,0.4705140329403602
20535,0.2537215321927757
20536,0.2594808100822014
20537,0.32743598866585827
20538,0.18129450726858123
20539,0.28960536939290527
20540,0.33412541957448055
20541,0.19356416871714116
20542,0.342351558799233
20543,0.15112416709078946
20544,0.586303281494708
20545,0.822237390346775
20546,0.3921546330496573
20547,0.8268435894840691
20548,0.18085457612447123
20549,0.36093908372731387
20550,0.3092800597136586
20551,0.307320916691223
20552,0.4749859310837444
20553,0.19761850665535716
20554,0.3630414186208763
20555,0.6343581799374126
20556,0.2300850874404994
20557,0.09623912243491801
20558,0.7888628808980762
20559,0.21568120661161888
20560,0.1564821528622368
20561,0.2546641493539994
20562,0.1481470901403135
20563,0.32169892413776147
20564,0.3467443119727135
20565,0.8075833952041448
20566,0.4668170973963201
20567,0.20390195345365622
20568,0.7863912385167438
20569,0.32798179171502234
20570,0.23048469682653808
20571,0.464778671507337
20572,0.21319094859025606
20573,0.199301658148325
20574,0.1291326895146931
20575,0.3166233631726904
20576,0.31482834478958305
20577,0.8159337005395992
20578,0.21163801043782546
20579,0.83630339627445
20580,0.29646663141715673
20581,0.3946148297580918
20582,0.1990249848400701
20583,0.2455031831767468
20584,0.23631745965898263
20585,0.43019105244244826
20586,0.16293136193614627
20587,0.7659049869174547
20588,0.20455407158419814
20589,0.19511651737588837
20590,0.29582907494058963
20591,0.34431292933823576
20592,0.40722755978297387
20593,0.4149645643735649
20594,0.3209047382171427
20595,0.3394443529336329
20596,0.2969839943068423
20597,0.8268435894840691
20598,0.279219030531326
20599,0.3601914667752003
20600,0.4024695678529388
20601,0.3694656337530985
20602,0.20488277870119284
20603,0.3332773863760908
20604,0.4407798409024652
20605,0.2661025031411965
20606,0.24133546781048187
20607,0.6507914950950688
20608,0.7830373284019251
20609,0.36756984171602153
20610,0.3779464071762108
20611,0.3307781257758872
20612,0.3702318285777499
20613,0.4026456436131218
20614,0.16057228448096528
20615,0.3845381130571011
20616,0.3307520409555783
20617,0.7799385296960851
20618,0.328052254660697
20619,0.38259587135758666
20620,0.20311853190050694
20621,0.16321565756272796
20622,0.4055928492763949
20623,0.711892921803699
20624,0.22649370766608498
20625,0.8338777148625642
20626,0.33932690946145844
20627,0.3475897318038213
20628,0.23071626928820424
20629,0.24588228401825893
20630,0.4019342999841864
20631,0.31147285295687144
20632,0.21117849215374745
20633,0.3757019197282042
20634,0.2116004129956676
20635,0.8300200909871902
20636,0.1353230334214792
20637,0.32027633798237476
20638,0.3158633518244348
20639,0.33619243529231657
20640,0.2953002067967851
20641,0.24553225448902316
20642,0.1572725651255406
20643,0.25404259055582434
20644,0.37845641758874066
20645,0.36107134539686525
20646,0.33075053213517935
20647,0.19553658222088866
20648,0.8089693966571327
20649,0.17368208930790893
20650,0.2448565189476939
20651,0.8097570106221337
20652,0.24981872009450667
20653,0.2649752852201788
20654,0.21722617027080984
20655,0.34662103434746727
20656,0.41419515242259486
20657,0.11870435484725175
20658,0.2491594737327511
20659,0.3860911258395298
20660,0.30222603388164343
20661,0.22593391201102156
20662,0.3511702123499323
20663,0.14956758146683485
20664,0.8285957887950952
20665,0.33833933425289625
20666,0.8191153000013389
20667,0.19514156197768673
20668,0.4876510910087734
20669,0.2188051393541005
20670,0.3318991611393553
20671,0.8352524005718541
20672,0.826043597675922
20673,0.2875766657075535
20674,0.4078329718592856
20675,0.3414003296962967
20676,0.22210219965269928
20677,0.25210418678272367
20678,0.20225362126363064
20679,0.24703059823441648
20680,0.7821879826805359
20681,0.3302685860751014
20682,0.41801187083801117
20683,0.27596848957365905
20684,0.3413449992282659
20685,0.35849624768591415
20686,0.8668167099211929
20687,0.3470529222755134
20688,0.33815526405020374
20689,0.283141255978662
20690,0.15871366077785715
20691,0.25669336226772355
20692,0.22858228402178152
20693,0.4199336600918012
20694,0.36536426118493637
20695,0.17007224264102422
20696,0.5172280915935296
20697,0.24453214516383018
20698,0.4592634539323859
20699,0.38488703343397723
20700,0.47642074299859355
20701,0.2646890630255167
20702,0.3597029867115569
20703,0.279918791715396
20704,0.33962839057276356
20705,0.2014419119869925
20706,0.23601434395354418
20707,0.870278183903375
20708,0.25337417638095167
20709,0.40506778935815935
20710,0.3536451740777221
20711,0.3074887249437125
20712,0.29792275315167355
20713,0.4608497856203309
20714,0.8647885675238428
20715,0.331800503926533
20716,0.7856403084796726
20717,0.8365514553245469
20718,0.21848774663230774
20719,0.3855571097530516
20720,0.36312118335591625
20721,0.22795445733609332
20722,0.3699248834021506
20723,0.38244955438625544
20724,0.1512995975478883
20725,0.3588023650773639
20726,0.23188187600218066
20727,0.20249011092587332
20728,0.34650312749434625
20729,0.40680214541646553
20730,0.43026735881424694
20731,0.41374299639543405
20732,0.2742823236953392
20733,0.32178218565882644
20734,0.2568337636167257
20735,0.32694949127376244
20736,0.38904282514315147
20737,0.32024002774514176
20738,0.2031513129345093
20739,0.3724460192382565
20740,0.8462095161474146
20741,0.19245813230314202
20742,0.39513564040100707
20743,0.16314984295964502
20744,0.3307112352118678
20745,0.3090020471266028
20746,0.12723267210827124
20747,0.24474894957729626
20748,0.2296781003635044
20749,0.29806914375724053
20750,0.8722395289722167
20751,0.1804939804776243
20752,0.14750183874145914
20753,0.38310795529244324
20754,0.3173008076640324
20755,0.7149729376284042
20756,0.15984974341334232
20757,0.3067530821455724
20758,0.3542884461316423
20759,0.8509510191892631
20760,0.3426720011887783
20761,0.23895170988180206
20762,0.2288372958505389
20763,0.8342831360006742
20764,0.1532051818728875
20765,0.266380950407727
20766,0.3861825866799295
20767,0.8342912317109433
20768,0.17345408454420286
20769,0.29865740564911647
20770,0.26331601765157414
20771,0.31243988441302917
20772,0.32979688547973046
20773,0.4795959193123781
20774,0.31507243379817845
20775,0.788466278138599
20776,0.22965731954735719
20777,0.2674524586654466
20778,0.32767801223196535
20779,0.3741330156942082
20780,0.3516466620230953
20781,0.39031898935506043
20782,0.764778028905635
20783,0.41829659453559576
20784,0.29842504442768136
20785,0.33954327814448526
20786,0.20898414637065246
20787,0.782757888410304
20788,0.8097570106221337
20789,0.3939130876203816
20790,0.3877098868978026
20791,0.3843903938990739
20792,0.30402672681814635
20793,0.27333271531990666
20794,0.825710888829336
20795,0.19827920504798469
20796,0.21085817405236115
20797,0.3026065264025058
20798,0.2989830055772956
20799,0.19885583344866226
20800,0.16222433797757912
20801,0.8351512943372312
20802,0.3296041839169866
20803,0.4138390445408192
20804,0.30267625380475094
20805,0.8288788768040751
20806,0.6290252363474018
20807,0.3522857859436545
20808,0.3489218939651901
20809,0.2487791262672014
20810,0.23709532766781072
20811,0.19723187104103526
20812,0.822237390346775
20813,0.1602553255535451
20814,0.3610757938634966
20815,0.5254034263986992
20816,0.24574282676876405
20817,0.17486035949059414
20818,0.31951595893859785
20819,0.27676362851007846
20820,0.8350246495464897
20821,0.16978213017124588
20822,0.8090581660101679
20823,0.7699432740526393
20824,0.3462562022568867
20825,0.21889768888209374
20826,0.712171393081313
20827,0.2826229433814376
20828,0.39815982785202847
20829,0.18062115445635876
20830,0.46462195346880997
20831,0.2441902710941892
20832,0.15325268826219596
20833,0.2558856717873474
20834,0.3884104619403391
20835,0.3171544114443759
20836,0.14054372363456621
20837,0.8018876811430389
20838,0.3513766599950561
20839,0.39825241805458633
20840,0.1568278591285427
20841,0.7862248798666845
20842,0.7684195393856674
20843,0.8570622527924957
20844,0.33915483107596806
20845,0.34657537703108315
20846,0.21725489950630433
20847,0.1848792994994652
20848,0.42356473350457546
20849,0.40365315296345106
20850,0.3027297311200596
20851,0.2520394397524313
20852,0.8338777148625642
20853,0.28215203745138656
20854,0.42596119612777605
20855,0.24431350130961524
20856,0.3082377852882298
20857,0.19221639783701658
20858,0.2874572520321131
20859,0.3234872540062023
20860,0.31198870348190966
20861,0.33426180231037383
20862,0.2105221810821088
20863,0.4152726073569867
20864,0.26660239570170347
20865,0.18677505575447292
20866,0.39109382232783446
20867,0.3740454369968371
20868,0.33088873903664817
20869,0.3134437939882379
20870,0.7192573995075476
20871,0.37481748856643654
20872,0.39968896096985823
20873,0.3492483504260499
20874,0.4143840807822187
20875,0.2955397698921674
20876,0.21948378970182073
20877,0.14736964484585052
20878,0.3316068508920186
20879,0.38368150238353543
20880,0.3685866598151245
20881,0.22242543928282488
20882,0.1976640963387591
20883,0.27124654545882104
20884,0.20214276595113806
20885,0.31537021873190585
20886,0.2896208741843804
20887,0.1630669303360018
20888,0.3476932374724162
20889,0.13420445187980704
20890,0.2695319147084842
20891,0.3274579598932281
20892,0.3507025458234661
20893,0.7848288609451474
20894,0.3475319712523569
20895,0.2247350183802792
20896,0.1174654113548072
20897,0.1840342226901709
20898,0.32155540339864386
20899,0.21177988928914293
20900,0.2040745558553983
20901,0.24509321818081295
20902,0.24787674631617426
20903,0.14028124260192584
20904,0.4037654090632402
20905,0.16111599872153312
20906,0.24929997845958618
20907,0.3495026700801067
20908,0.810365645839611
20909,0.23985861005514503
20910,0.2569053082400324
20911,0.7684195393856674
20912,0.8561528917199341
20913,0.3561810978617517
20914,0.43674440459326
20915,0.26572201540149065
20916,0.325559084089489
20917,0.5378512482073053
20918,0.11997981437246205
20919,0.8285964542018119
20920,0.31321079929827195
20921,0.16935682993998014
20922,0.23067596401890714
20923,0.43670905806605
20924,0.16778547929849846
20925,0.2161654865521445
20926,0.11893816862411258
20927,0.33371479202662047
20928,0.779863456440408
20929,0.334372407141958
20930,0.22564220575654034
20931,0.17407485074706977
20932,0.38361668012939265
20933,0.4020016632717038
20934,0.27775667254639275
20935,0.3643778041153088
20936,0.40079166526296156
20937,0.8562397373951459
20938,0.3316786414686188
20939,0.7768389861399958
20940,0.09379417031730918
20941,0.7799385296960851
20942,0.4018550573389491
20943,0.28327524544782745
20944,0.19231228350803029
20945,0.2834319141001708
20946,0.20362300159117783
20947,0.5220911998395467
20948,0.22695638923428693
20949,0.20351662559847183
20950,0.3286578429680036
20951,0.3153710787436936
20952,0.28522378835712814
20953,0.23576434773599847
20954,0.29568363074798604
20955,0.36467869552201687
20956,0.8516516161808881
20957,0.24988050929888847
20958,0.29403299761764756
20959,0.3443278784631013
20960,0.33151561803781693
20961,0.3441576707233303
20962,0.2550381497955857
20963,0.2664463505439831
20964,0.44338637901188394
20965,0.3854286452033188
20966,0.48816796374230803
20967,0.3430229769275872
20968,0.43386999293940237
20969,0.36285718451018567
20970,0.207499368255633
20971,0.28251075596993375
20972,0.371116647178596
20973,0.7888628808980762
20974,0.26869957015610274
20975,0.24449899840459968
20976,0.8147858794811758
20977,0.2683584258985478
20978,0.48037837352715224
20979,0.3986506074512442
20980,0.25217585168373324
20981,0.3095148581389766
20982,0.2903122529366208
20983,0.24482888983561366
20984,0.2389727567688026
20985,0.15119907427750212
20986,0.30740249645244777
20987,0.4004489246133836
20988,0.8336167517042868
20989,0.4069558452193287
20990,0.3064380249514102
20991,0.2802089421061467
20992,0.33347035163132255
20993,0.09067516124742095
20994,0.20124986410756918
20995,0.2755909321221361
20996,0.8300134456514219
20997,0.8217162601919661
20998,0.4354503779075289
20999,0.2735965990030732
21000,0.36125727659604595
21001,0.19827920504798469
21002,0.2939107503840504
21003,0.2654682790029536
21004,0.8301079987315639
21005,0.3693082313699483
21006,0.47357423043439695
21007,0.8217982502186596
21008,0.3851886937749802
21009,0.2712286352908008
21010,0.25448828875709156
21011,0.8195155293261329
21012,0.33907142480366476
21013,0.44478555990884333
21014,0.3557323630473545
21015,0.3053080910762306
21016,0.4795959193123781
21017,0.27294788128706715
21018,0.19096313586170202
21019,0.1271962334681796
21020,0.38650399861775014
21021,0.27932901600372556
21022,0.3932254888503186
21023,0.19864367568192004
21024,0.22578363200220394
21025,0.4513985624432655
21026,0.7823182146828677
21027,0.30148115033576794
21028,0.39534300716967696
21029,0.4203229129844022
21030,0.3837805182889232
21031,0.1554795321870085
21032,0.2511500342618378
21033,0.22699020321040342
21034,0.38971260331941127
21035,0.2817362261521224
21036,0.48037837352715224
21037,0.42472220030831004
21038,0.6300505045970968
21039,0.33436179062701604
21040,0.17136095716820923
21041,0.2864642297668335
21042,0.65192251122342
21043,0.3201169437645387
21044,0.3743474464614262
21045,0.2827731939762822
21046,0.3369677972435735
21047,0.16504269364400767
21048,0.4682211340638244
21049,0.23379404327741476
21050,0.3302114708283574
21051,0.21170102653735876
21052,0.26211506905403215
21053,0.8352524005718541
21054,0.226519492035042
21055,0.6282222916841339
21056,0.38986166457158644
21057,0.3476745790964565
21058,0.7823182146828677
21059,0.8388144278884505
21060,0.14823694015565586
21061,0.3287596098456016
21062,0.145937947228521
21063,0.26251447248768556
21064,0.41791625342417704
21065,0.22133306383127793
21066,0.31244912544085096
21067,0.41990328539167615
21068,0.33024035416883357
21069,0.36424443474444507
21070,0.2786577227386944
21071,0.317751345156839
21072,0.3537358781349417
21073,0.7849639906467891
21074,0.788466278138599
21075,0.8069224139039296
21076,0.2159143129803318
21077,0.8368379281137596
21078,0.1752763985518807
21079,0.75968299586247
21080,0.34262430227030877
21081,0.5555386128653752
21082,0.3000541609358303
21083,0.31447922980842774
21084,0.1809678556521697
21085,0.6295379221217062
21086,0.19440039794164746
21087,0.22985701787676655
21088,0.31364588402916144
21089,0.3369353207260385
21090,0.4936575397665393
21091,0.14493370929492302
21092,0.3301883796801829
21093,0.16953163306677393
21094,0.17895329072103414
21095,0.4577618399422459
21096,0.27434651616966177
21097,0.347947845784432
21098,0.1958784356644467
21099,0.23513328455815868
21100,0.5725614650270815
21101,0.3583902066345002
21102,0.20060638809689094
21103,0.24575309333608378
21104,0.4024625323974296
21105,0.2759789772671392
21106,0.22613204294400172
21107,0.27243113423872234
21108,0.3029620483395492
21109,0.3404965910467907
21110,0.1338952162559705
21111,0.3622579295612536
21112,0.20176821878532947
21113,0.3642253957373776
21114,0.1976361566502577
21115,0.33905442455597057
21116,0.22229169422701553
21117,0.1927378007867585
21118,0.3293565107530859
21119,0.3855955384942184
21120,0.31475907647851636
21121,0.1973484273815963
21122,0.23405630385057355
21123,0.3567637034322945
21124,0.2292784446373568
21125,0.4106268766051617
21126,0.36385127722719285
21127,0.24194624290329136
21128,0.45866040519971935
21129,0.38895410141591963
21130,0.3334681051943013
21131,0.7837945356517863
21132,0.288642781553929
21133,0.5380285025197669
21134,0.40519420511894044
21135,0.16854123437459123
21136,0.22065191505286483
21137,0.8193212146499488
21138,0.3255613921248003
21139,0.28000510931583067
21140,0.19824559417297907
21141,0.37227993138620324
21142,0.22416036319930896
21143,0.3040042328468193
21144,0.2560974137241293
21145,0.20423080990669418
21146,0.22488488666267745
21147,0.2071636977520717
21148,0.8335229704660974
21149,0.34849780176402084
21150,0.4536751098351924
21151,0.3490760083732243
21152,0.8522577396877818
21153,0.6302815897550603
21154,0.32332483847428856
21155,0.8139005656070551
21156,0.23679193873479246
21157,0.2769407999082122
21158,0.2086991831012717
21159,0.31558150898515147
21160,0.29420095898899495
21161,0.7285686572930663
21162,0.31575802703408745
21163,0.36381742647388504
21164,0.25044207712204336
21165,0.1703861147728459
21166,0.2254561417356641
21167,0.3321310381330905
21168,0.2769617809817531
21169,0.44601810751336973
21170,0.12458897540680418
21171,0.31670158882845756
21172,0.4111524376517341
21173,0.3100946124950055
21174,0.28239768012036004
21175,0.23526542255322117
21176,0.3029890768181074
21177,0.31067956723086027
21178,0.3096866218481434
21179,0.2286689054874432
21180,0.387777336108239
21181,0.24711129688844272
21182,0.14974564673608695
21183,0.8546950841067782
21184,0.30066942338471275
21185,0.31267502012251935
21186,0.21381724328892743
21187,0.2671105980161684
21188,0.3398039889034968
21189,0.30516884799183364
21190,0.17456403236110465
21191,0.19729282096434986
21192,0.41591609734490415
21193,0.13876764889704585
21194,0.7856403084796726
21195,0.25367617389234687
21196,0.3591823116005749
21197,0.3614250845136173
21198,0.8722395289722167
21199,0.1874986913505347
21200,0.23434267205159728
21201,0.1213485148325275
21202,0.18366038008697624
21203,0.22305959828241553
21204,0.24272994131343845
21205,0.27135960925217534
21206,0.4041243706509209
21207,0.30266764300077964
21208,0.15019549547137664
21209,0.4033682565338355
21210,0.3810742077699185
21211,0.7269085804800082
21212,0.3373683309829205
21213,0.32324091775028907
21214,0.3780212986231628
21215,0.2993298671939261
21216,0.4013439848408995
21217,0.23630613202099993
21218,0.823195599385899
21219,0.2066127576948517
21220,0.32880148955596306
21221,0.24718354451627378
21222,0.4147030680409835
21223,0.2924370398903577
21224,0.30490821565119175
21225,0.14183077707964345
21226,0.24551032820347501
21227,0.3083175746538078
21228,0.23365482417356556
21229,0.3283649053361428
21230,0.22427235153825267
21231,0.2705075104532058
21232,0.2844550213195415
21233,0.2255040417264943
21234,0.20014192822507543
21235,0.273180768288397
21236,0.220365712074228
21237,0.39831251910149434
21238,0.32725202050177765
21239,0.24004048008567402
21240,0.37034058007726983
21241,0.22855160441239522
21242,0.3188762912274506
21243,0.8286776437337056
21244,0.390026861738042
21245,0.835371189361749
21246,0.3171761425266386
21247,0.3136608971012532
21248,0.231888613586336
21249,0.15547782296377635
21250,0.37335023625617225
21251,0.4633600889636207
21252,0.23372798981407664
21253,0.36848395833470593
21254,0.1263322305262205
21255,0.337046538799294
21256,0.3770087044637126
21257,0.2058244448273614
21258,0.18439889993808015
21259,0.18950623430391464
21260,0.17840805493732032
21261,0.33061986454853864
21262,0.3376287894649963
21263,0.34302348046254244
21264,0.3265875552087235
21265,0.1790722567173752
21266,0.4148849869681087
21267,0.8033025612295888
21268,0.22038466361294567
21269,0.20057337551109222
21270,0.23000476935539862
21271,0.2706128680241673
21272,0.3417474598984363
21273,0.33744161330244665
21274,0.28102074128184584
21275,0.24732153299995283
21276,0.3975524286420823
21277,0.29036541725712484
21278,0.32158738113346386
21279,0.41225181944798417
21280,0.5333443029130995
21281,0.32928770542364777
21282,0.8507436116644972
21283,0.1660783133880378
21284,0.21119116485886216
21285,0.3027230860388913
21286,0.3414561184294032
21287,0.3921358714609151
21288,0.8133415629007147
21289,0.7886852353384561
21290,0.8174111304499759
21291,0.25384454822022406
21292,0.20940896828425906
21293,0.37651695894434556
21294,0.22817934236703752
21295,0.3223343561387714
21296,0.39441523036492004
21297,0.19203954971979903
21298,0.14977774035161917
21299,0.26640108158472586
21300,0.2787340954323701
21301,0.29862214255366176
21302,0.20321315860029532
21303,0.3813401396389903
21304,0.32012381852244576
21305,0.2031513129345093
21306,0.3654671740170842
21307,0.2937994062649464
21308,0.34743100875425786
21309,0.37110452318995735
21310,0.276125343985445
21311,0.710675820061271
21312,0.33829160528777913
21313,0.30490821565119175
21314,0.19177550302867327
21315,0.20575805322374024
21316,0.29471289675218615
21317,0.21649658170248443
21318,0.2896406776423535
21319,0.3132282947353325
21320,0.17232379934355116
21321,0.31287141692530546
21322,0.2591650715293465
21323,0.7856403084796726
21324,0.3324098379700395
21325,0.2791850955433902
21326,0.5587139914338024
21327,0.3311006855816198
21328,0.264463303767392
21329,0.8195155293261329
21330,0.7456636369535433
21331,0.3275628779960168
21332,0.3569251439517864
21333,0.3786738322049468
21334,0.32257131467779515
21335,0.3530552237047683
21336,0.3417095260892274
21337,0.21852529345160565
21338,0.4294950401593436
21339,0.22284207980292675
21340,0.36665348330902126
21341,0.29798231627100863
21342,0.2929151599924636
21343,0.34592643673009105
21344,0.36544883122934757
21345,0.31823604870321076
21346,0.8080879707099032
21347,0.8329875354077351
21348,0.389545381266894
21349,0.23780512472601048
21350,0.36807044317319926
21351,0.4000826482918048
21352,0.3532082552634204
21353,0.3301798767530304
21354,0.3316422703210419
21355,0.8214112682236434
21356,0.31886772676097913
21357,0.4175011506105571
21358,0.8264087494260711
21359,0.3465166602453874
21360,0.3569024429331616
21361,0.7285686572930663
21362,0.3385985621025741
21363,0.2395336364014872
21364,0.35818862104795374
21365,0.26897550396330683
21366,0.2856379515391627
21367,0.2448452920845308
21368,0.8339930610721562
21369,0.4350373380888089
21370,0.3662510446057258
21371,0.2125562824335692
21372,0.2939848051022087
21373,0.7862571068685763
21374,0.3966426246509318
21375,0.34464833965184466
21376,0.3977952569699163
21377,0.6485380993376045
21378,0.7822007045066139
21379,0.3467347037358143
21380,0.1498698422577149
21381,0.40904801633522
21382,0.3910201765206653
21383,0.394192114866604
21384,0.15341118043677301
21385,0.2888601076146839
21386,0.7656592758909576
21387,0.10937348503707366
21388,0.6192597833443856
21389,0.3390619816317975
21390,0.3295498649337957
21391,0.15079894057203816
21392,0.3005217581477569
21393,0.2722577596079473
21394,0.3744146014573437
21395,0.15764069449058796
21396,0.3458368978506967
21397,0.2860258829795432
21398,0.21502470450364586
21399,0.30423097915236946
21400,0.4136344916145547
21401,0.13712173880680878
21402,0.2365658024513595
21403,0.22808910294355622
21404,0.16074638098760208
21405,0.22778240624488832
21406,0.4795959193123781
21407,0.22750887498394476
21408,0.3343969402019669
21409,0.27911757415453065
21410,0.21213117339411428
21411,0.8238992165351328
21412,0.4290949766517015
21413,0.32972564540855637
21414,0.40362164776379317
21415,0.38022060826051735
21416,0.3986409485953927
21417,0.22956521101483837
21418,0.3360969982834294
21419,0.26681493698335385
21420,0.125931182018014
21421,0.3523058718128738
21422,0.3211830380211004
21423,0.2168984748399318
21424,0.21074436939758795
21425,0.33597183811858
21426,0.32845396222883483
21427,0.32349820472095475
21428,0.3158486331782644
21429,0.25336623828420823
21430,0.8640423598589155
21431,0.7722529568538128
21432,0.8406156754021135
21433,0.258736083451775
21434,0.8274642710857122
21435,0.22739209289504828
21436,0.21263732379725592
21437,0.38754419147192476
21438,0.2520477690636356
21439,0.3965915200979122
21440,0.8142630109539224
21441,0.32936330810593706
21442,0.2320044674787377
21443,0.2732551767598204
21444,0.21224770485764174
21445,0.3436488241374541
21446,0.22523562507670145
21447,0.3912258093094897
21448,0.4465181481393563
21449,0.3548657758353848
21450,0.851193163772141
21451,0.3833087592679563
21452,0.304280795302333
21453,0.2677050667339958
21454,0.2341338333126997
21455,0.25584453506082566
21456,0.15272365959708412
21457,0.3356692071824205
21458,0.21338774586509163
21459,0.2280250343501193
21460,0.27303354060895163
21461,0.3237135256775372
21462,0.33058386066696455
21463,0.2621177376523734
21464,0.14228412941772606
21465,0.4407798409024652
21466,0.18080732606597869
21467,0.3394076312448227
21468,0.16732794666644768
21469,0.29198008912404744
21470,0.3216735618406696
21471,0.15930313466138363
21472,0.32920660759539927
21473,0.8174111304499759
21474,0.20619665776321008
21475,0.8069055526648329
21476,0.21376118627559898
21477,0.4016779423299802
21478,0.19121245627357003
21479,0.3455413356402848
21480,0.27216187591175944
21481,0.29394952032275384
21482,0.22247513450308995
21483,0.2947647701047898
21484,0.4880786330873508
21485,0.19341386819197903
21486,0.2779025946165557
21487,0.22061866197516317
21488,0.19461347857757033
21489,0.18525122844888064
21490,0.23719179172868
21491,0.3352559150431555
21492,0.7192573995075476
21493,0.352854237264832
21494,0.835050053709259
21495,0.2259190151867649
21496,0.8338654274772318
21497,0.17849692546700205
21498,0.4654425328457966
21499,0.3435070304565526
21500,0.23447157666022678
21501,0.21102590193564144
21502,0.1379604819606714
21503,0.31232781597031944
21504,0.1866598475742733
21505,0.40259564112617435
21506,0.2199816447443109
21507,0.24418895886901168
21508,0.223470232903544
21509,0.7724398408850922
21510,0.17220469370102795
21511,0.4703628821808889
21512,0.25085277250136173
21513,0.23566177437036634
21514,0.27655523277521304
21515,0.2698466820264946
21516,0.3423085136197647
21517,0.4318307827490579
21518,0.20491885075682365
21519,0.7781513815396087
21520,0.3000378488874913
21521,0.3598525649011806
21522,0.2208053051454187
21523,0.2864368006888292
21524,0.3731357594877999
21525,0.31688857978523477
21526,0.17323552193900457
21527,0.34767977574165987
21528,0.21527437990097079
21529,0.29342276112986837
21530,0.23794437719144287
21531,0.28913052854834864
21532,0.31593689557694105
21533,0.3117706110044395
21534,0.2110627574923897
21535,0.16633144982323447
21536,0.30621186981441867
21537,0.8754112581307278
21538,0.18483783425395012
21539,0.2740780858878699
21540,0.39270872142276797
21541,0.25973626865800914
21542,0.2732426767701509
21543,0.18010193277807005
21544,0.43470547514278823
21545,0.2655503275142716
21546,0.21034117876855374
21547,0.2500641042897815
21548,0.3533258728841496
21549,0.22845318324189887
21550,0.3110882943801611
21551,0.17786454400086524
21552,0.23468047167493572
21553,0.8195155293261329
21554,0.35970722719251996
21555,0.20080390340842794
21556,0.7751805179230221
21557,0.37493234496495503
21558,0.2891247342435146
21559,0.17360754456349756
21560,0.22267459301471412
21561,0.4656620029439164
21562,0.22930787066610953
21563,0.3507804762862193
21564,0.3318544211289572
21565,0.33361171211498114
21566,0.2491594737327511
21567,0.4760394878536156
21568,0.2811204741811227
21569,0.38250885715773114
21570,0.3090799846424473
21571,0.36744841400081496
21572,0.33931409971627047
21573,0.3061606955384746
21574,0.21926619165025493
21575,0.20232254599877175
21576,0.3566687545246793
21577,0.5857492019309748
21578,0.7858738683124885
21579,0.3423719001256251
21580,0.2917618065016721
21581,0.22593870903634686
21582,0.511068113792265
21583,0.169633046432356
21584,0.2730728508843523
21585,0.2589978571622586
21586,0.31442080526518096
21587,0.272472617376188
21588,0.17334105263602514
21589,0.8162110933531448
21590,0.24454670505256204
21591,0.28814774226878065
21592,0.22196873139420795
21593,0.7746240675905126
21594,0.20165128803070856
21595,0.42312794845884977
21596,0.31778794980748115
21597,0.8264672634535377
21598,0.24111229237657064
21599,0.2959939996943069
21600,0.28525955145620996
21601,0.3099955005660807
21602,0.22353046057721032
21603,0.3028922324876515
21604,0.3806505057452943
21605,0.4099182932609519
21606,0.43078436009278437
21607,0.17010301166257588
21608,0.2038537541958602
21609,0.8371422096780343
21610,0.2056524924267623
21611,0.8148437353525109
21612,0.3457447784079194
21613,0.2356246664829311
21614,0.8681576288689663
21615,0.3178101939859283
21616,0.33533062032635313
21617,0.7848288609451474
21618,0.42810930970552163
21619,0.17207159769636804
21620,0.32625876038962576
21621,0.7785957434987706
21622,0.3360073831840654
21623,0.8350566820611044
21624,0.15463820216913268
21625,0.16153686714580542
21626,0.8294269492958369
21627,0.23757914118312623
21628,0.168088375617199
21629,0.3508449281124116
21630,0.25647564606324513
21631,0.26418931306761556
21632,0.25921133951945585
21633,0.8044972428916762
21634,0.25107541958800056
21635,0.7495255949773895
21636,0.4117241513752918
21637,0.2765103828788582
21638,0.18061486584117098
21639,0.18871287238309847
21640,0.4466607093972541
21641,0.3036444528550912
21642,0.28614148228400366
21643,0.8267673015592604
21644,0.20918396229935693
21645,0.3006662803695466
21646,0.369658041845782
21647,0.17672317646349228
21648,0.15991704680645052
21649,0.29196371469674787
21650,0.19694843131772835
21651,0.22638038292856535
21652,0.8787534981040848
21653,0.27943675798665174
21654,0.835371189361749
21655,0.14752549491593522
21656,0.20280536725099985
21657,0.8292974072001489
21658,0.8547111863038626
21659,0.21793496460080164
21660,0.29526196015397477
21661,0.2537215321927757
21662,0.6281748602050483
21663,0.3317895733138143
21664,0.29254607488279116
21665,0.3487745840737362
21666,0.22169870689793453
21667,0.634207130270234
21668,0.23914990015273715
21669,0.32246235916611987
21670,0.4053485118669437
21671,0.7346312094926706
21672,0.2601614538680524
21673,0.22324458996770222
21674,0.2849822195739512
21675,0.23140172089038988
21676,0.25755551006754895
21677,0.822237390346775
21678,0.308350985780171
21679,0.7120726389507613
21680,0.2177973051074783
21681,0.3244127328486991
21682,0.37651714881518167
21683,0.3550251806265955
21684,0.20188074581874
21685,0.3060817939387414
21686,0.22528717384624888
21687,0.32269711432637915
21688,0.3092591311011132
21689,0.31551809185643714
21690,0.3009237967945919
21691,0.35586694440150973
21692,0.20316885867844275
21693,0.23849507933232922
21694,0.34844072390013187
21695,0.24591027166436336
21696,0.24893508612821977
21697,0.2634801932185061
21698,0.14884642128932793
21699,0.40597741265732196
21700,0.17108066117051576
21701,0.15654155678204498
21702,0.1931969878374959
21703,0.20346052042425386
21704,0.20180323364814978
21705,0.8356794066935559
21706,0.41939769352123346
21707,0.4843457179193116
21708,0.16450594941967514
21709,0.28096204760330507
21710,0.156266284565752
21711,0.3998509605391948
21712,0.28156929885016885
21713,0.8289843911002066
21714,0.8386280052600384
21715,0.33941994319719854
21716,0.3244537788679403
21717,0.3286042123673998
21718,0.33550257794967214
21719,0.8461478524539988
21720,0.779842229743006
21721,0.220369993943819
21722,0.21548627441530538
21723,0.2977845063480351
21724,0.4491934514209583
21725,0.23813735742943448
21726,0.3911159757742513
21727,0.8647559053745305
21728,0.8353565876641688
21729,0.33122987661887493
21730,0.8684597432222351
21731,0.4278592153484544
21732,0.15458383899878084
21733,0.39996349803769804
21734,0.4320729308294514
21735,0.29110731156993114
21736,0.1662031836364701
21737,0.32972425981548664
21738,0.8195155293261329
21739,0.23163704729040976
21740,0.32646925792119513
21741,0.3300743528860961
21742,0.35277951554219794
21743,0.1727998678799567
21744,0.2806172934231638
21745,0.3245396424408815
21746,0.3131441150928049
21747,0.28103714530346907
21748,0.3097888013493032
21749,0.36116241594003584
21750,0.2859147743384676
21751,0.7307918884916212
21752,0.3377891829019604
21753,0.1464482241966387
21754,0.3712363446053998
21755,0.31430631814261384
21756,0.2316347126355975
21757,0.34808549336712924
21758,0.19763401035525802
21759,0.21104411859385747
21760,0.32749919336664113
21761,0.4141954912129854
21762,0.37175973252100897
21763,0.2914697077002329
21764,0.24830260547555763
21765,0.3499209481197419
21766,0.8369445958105285
21767,0.7888628808980762
21768,0.3255758625692486
21769,0.3447535738767696
21770,0.34899388409781174
21771,0.160718817955953
21772,0.3879396344556498
21773,0.22567717787000902
21774,0.16744462205049873
21775,0.19653649337383236
21776,0.19406012085749635
21777,0.228925124429582
21778,0.40482437602569377
21779,0.34719071018253533
21780,0.17635381411537074
21781,0.20240691768291844
21782,0.25267152980259416
21783,0.24647099838949538
21784,0.3405593671453946
21785,0.12636126257591695
21786,0.47620844346872365
21787,0.3317606111936124
21788,0.24520355714010253
21789,0.23050123850968868
21790,0.30385266423843993
21791,0.3263092034441487
21792,0.29913399073127744
21793,0.25444445050273395
21794,0.7528122365127922
21795,0.21349749738940604
21796,0.3005189841791118
21797,0.22745047057457718
21798,0.7192573995075476
21799,0.18548623095786113
21800,0.13943301143474382
21801,0.14542999927459124
21802,0.2183624341076554
21803,0.8299059673313745
21804,0.28288855673643537
21805,0.2085800687346322
21806,0.25375868606845353
21807,0.17557338921181406
21808,0.41882128572314065
21809,0.16067207790564353
21810,0.321627146324574
21811,0.22899644092119753
21812,0.20313938106602492
21813,0.3912658085268728
21814,0.7544596093785007
21815,0.31174413026206943
21816,0.34295741933374196
21817,0.39016445625233476
21818,0.172498237708622
21819,0.30777904057227323
21820,0.25213955767427554
21821,0.2630377726519465
21822,0.2128428876014178
21823,0.1999486990957856
21824,0.23440103647727575
21825,0.7853650244539315
21826,0.24051100200502792
21827,0.4407798409024652
21828,0.2492999852809659
21829,0.4577618399422459
21830,0.3730834447124158
21831,0.33022782943166296
21832,0.20705395772252927
21833,0.35308181589399174
21834,0.41032214920014465
21835,0.29920586778657865
21836,0.34385991846370084
21837,0.3450964889787837
21838,0.24186604002146606
21839,0.21266486230204615
21840,0.11868648705354765
21841,0.3925153244854578
21842,0.19694843131772835
21843,0.2547861173765233
21844,0.3268934885959884
21845,0.39325825257050284
21846,0.21721506245913197
21847,0.23271622907885395
21848,0.2916562993598743
21849,0.3836920642102709
21850,0.32526210452327226
21851,0.2781015217056772
21852,0.34963561403961907
21853,0.37229452505702965
21854,0.1478102961524832
21855,0.8145278498708196
21856,0.32718657515927635
21857,0.32883560933564987
21858,0.3130537917511911
21859,0.3598194695059689
21860,0.1482640068438292
21861,0.30559594951752056
21862,0.24379566222610932
21863,0.2979040967776803
21864,0.33091465558006317
21865,0.3550941441454181
21866,0.8385984357310945
21867,0.8073212239899726
21868,0.6314007402051564
21869,0.8147657384670818
21870,0.3995356825256149
21871,0.8268813911657211
21872,0.35577676154462684
21873,0.4130999952891124
21874,0.32164360029044997
21875,0.3153725572478232
21876,0.18077749389575629
21877,0.2826307149018721
21878,0.3188628563519446
21879,0.4086478622942111
21880,0.32777605542653704
21881,0.31739722367436213
21882,0.3321829825842831
21883,0.40013834887934047
21884,0.37834664306580107
21885,0.34826292281044036
21886,0.39412070194210336
21887,0.18059325099371334
21888,0.29112234493575173
21889,0.3325853035292511
21890,0.3420662409088233
21891,0.819980375531384
21892,0.30525353706633984
21893,0.16312703108590124
21894,0.38939374873021493
21895,0.8075833952041448
21896,0.36961201793161186
21897,0.27815680416230537
21898,0.3685567186470261
21899,0.25167712795508057
21900,0.4572189733055134
21901,0.4608497856203309
21902,0.26987572898890283
21903,0.7993396414525474
21904,0.4285705174642288
21905,0.2809211598531435
21906,0.2334955028001224
21907,0.4122247894415681
21908,0.22323242382775998
21909,0.36444851644319315
21910,0.38951527572373906
21911,0.26976515794983985
21912,0.3300713719080266
21913,0.31513603152030994
21914,0.3287016839999518
21915,0.27837621202599655
21916,0.30870690436370557
21917,0.3283104461552878
21918,0.25465445478875015
21919,0.22428256386237372
21920,0.7863912385167438
21921,0.2491594737327511
21922,0.2738740657996672
21923,0.8325370284061646
21924,0.3399832003426931
21925,0.3181633316508144
21926,0.2856314577324419
21927,0.231765991985039
21928,0.35410225908697857
21929,0.3920513307632155
21930,0.27659467690297584
21931,0.3454105992067426
21932,0.34364015377762963
21933,0.33589489229451097
21934,0.318145534320929
21935,0.47073580044419355
21936,0.303328464784652
21937,0.2599304041521522
21938,0.31723952933487665
21939,0.20726420327086528
21940,0.21957483460316798
21941,0.2131312919761268
21942,0.18530417496407925
21943,0.34224727413198375
21944,0.23381001651250383
21945,0.2267365887439875
21946,0.850052382351905
21947,0.2870972940040781
21948,0.16734075901677214
21949,0.4908810476131981
21950,0.8300052414824388
21951,0.7149286129224784
21952,0.7693332869433482
21953,0.21246710601758415
21954,0.8342912317109433
21955,0.15306744590193114
21956,0.8395345668087622
21957,0.283131895428548
21958,0.26276881091638804
21959,0.13928411234862403
21960,0.2829096766438187
21961,0.15066154956682284
21962,0.40013834887934047
21963,0.23709384117338891
21964,0.7192573995075476
21965,0.38762532143808986
21966,0.2789694834883384
21967,0.21842075849780154
21968,0.41264997743729076
21969,0.36751690749987154
21970,0.18975502750203868
21971,0.3528537718011286
21972,0.25997227290810765
21973,0.204094557449674
21974,0.40532442789065143
21975,0.35117489799168283
21976,0.39534300716967696
21977,0.3319376640743123
21978,0.33661721303177594
21979,0.4063542985629538
21980,0.29639001356316136
21981,0.38208552814252833
21982,0.40366775835290014
21983,0.4757039658334152
21984,0.32490831101996626
21985,0.31742203747549225
21986,0.33811068513996473
21987,0.41644392519608064
21988,0.4693008856160628
21989,0.2093146435213103
21990,0.3478436280308731
21991,0.48816796374230803
21992,0.5534717553144626
21993,0.35067625569296296
21994,0.8375162498527877
21995,0.34462238149043706
21996,0.3838904057722141
21997,0.23043887548711772
21998,0.2659087465914398
21999,0.14495950246615275
22000,0.3355191930968185
22001,0.281959718969674
22002,0.2861320042477899
22003,0.27994526473569353
22004,0.4723892009509053
22005,0.4367123027723674
22006,0.1095560355753166
22007,0.22196834043808494
22008,0.21513072544666637
22009,0.39157253479859294
22010,0.4540155743186652
22011,0.3336745558593723
22012,0.35004031497038535
22013,0.20211565363607872
22014,0.7888628808980762
22015,0.3731309079447973
22016,0.21818406329819506
22017,0.808004564337184
22018,0.36952165201150056
22019,0.23856527844251205
22020,0.2397330023892517
22021,0.24230574658598172
22022,0.16416760665536342
22023,0.7044461775605144
22024,0.20673650040563626
22025,0.3452188953791504
22026,0.4012502493455593
22027,0.20864472043864885
22028,0.3277955921961045
22029,0.22775441595125312
22030,0.7834509353965838
22031,0.8332597867816884
22032,0.22966974786123023
22033,0.27597753923932294
22034,0.23082179654527551
22035,0.41080574221263666
22036,0.1938980584014264
22037,0.4116329269467302
22038,0.42305472978111713
22039,0.3029435023329783
22040,0.8127031185184509
22041,0.24689426496592942
22042,0.7776692384481677
22043,0.19850398168052633
22044,0.26879830816990297
22045,0.1950619873455338
22046,0.8075833952041448
22047,0.24981402299274078
22048,0.7539840745551831
22049,0.20535652700521434
22050,0.17336406964343298
22051,0.2578376280155303
22052,0.4048856567083771
22053,0.29432560490156806
22054,0.3854989693507956
22055,0.4050320297279843
22056,0.30975354623616647
22057,0.34911240431129786
22058,0.19505738429244918
22059,0.4064410660172836
22060,0.3097091449191614
22061,0.25811486388851873
22062,0.4405179982806063
22063,0.7795152400264801
22064,0.4721770302536777
22065,0.1926850555481525
22066,0.6314007402051564
22067,0.21833339815756467
22068,0.1390458164385769
22069,0.3860780522139004
22070,0.23174930828130003
22071,0.26269423641691975
22072,0.32841419136291017
22073,0.14945891780588952
22074,0.26233381392015837
22075,0.2542432566993347
22076,0.24563212041762922
22077,0.4962898349381279
22078,0.31814486513306817
22079,0.19936097263081967
22080,0.40456882932977617
22081,0.34574970648151165
22082,0.8681576288689663
22083,0.36637482468085103
22084,0.8021836013267499
22085,0.2566669379772785
22086,0.2353222988183612
22087,0.3812745567789345
22088,0.41687707312911915
22089,0.40458929037093133
22090,0.3268188407242467
22091,0.2430297386733521
22092,0.8336167517042868
22093,0.3481076082271819
22094,0.2997662745922786
22095,0.1572271205060752
22096,0.2426400351827848
22097,0.30868730594999183
22098,0.29337353846692193
22099,0.2590613917847233
22100,0.16988115813496252
22101,0.8300052414824388
22102,0.4181318481668102
22103,0.23063269873396186
22104,0.27927822573731176
22105,0.22940661314716485
22106,0.19816355074717346
22107,0.3244634148678427
22108,0.4071003882053333
22109,0.3045077820900526
22110,0.27935648622271264
22111,0.794161069321649
22112,0.34830368629987707
22113,0.20230155059892618
22114,0.6989597535519214
22115,0.334372407141958
22116,0.5124651595416662
22117,0.34123527445546115
22118,0.3042666959265222
22119,0.26725985022710114
22120,0.18546629580539947
22121,0.4203229129844022
22122,0.36531202256393386
22123,0.2379585741507531
22124,0.27375953926797786
22125,0.37226614712151507
22126,0.18256321057246785
22127,0.36780141718373227
22128,0.1619994117681443
22129,0.3931903911546228
22130,0.2540095464474902
22131,0.24500722045020748
22132,0.35353473244064887
22133,0.16404179925796478
22134,0.2114643162174652
22135,0.3473768649665538
22136,0.5807456223796192
22137,0.2258416292830705
22138,0.35224146666438527
22139,0.15186671295569282
22140,0.4452017064085011
22141,0.39240690363142483
22142,0.3341765480248767
22143,0.35410225908697857
22144,0.35405973566930105
22145,0.7822415072489753
22146,0.3881925831369601
22147,0.2738483427591222
22148,0.20717682584905875
22149,0.3039965999067522
22150,0.32798488876755505
22151,0.26824853392909115
22152,0.2305014167724496
22153,0.24373392865822055
22154,0.2885813712515692
22155,0.3672699444254712
22156,0.31439283177412153
22157,0.21525531698295344
22158,0.40139221787379936
22159,0.23614556037449128
22160,0.33593446810057453
22161,0.4407798409024652
22162,0.20794307082439348
22163,0.3565414043031003
22164,0.1994977373694349
22165,0.3098662915450622
22166,0.38462729339363805
22167,0.18018504896760598
22168,0.3423928438300037
22169,0.23617905449866028
22170,0.2624395551150332
22171,0.39522316295638954
22172,0.20834537721791543
22173,0.34045841495259327
22174,0.2754978420040573
22175,0.36650706034341063
22176,0.2412197455547413
22177,0.38152199167358053
22178,0.3498172828614618
22179,0.848736450007228
22180,0.3977790659574269
22181,0.24787674631617426
22182,0.3347845428573964
22183,0.2448382875436899
22184,0.29579109302298207
22185,0.2880958142074216
22186,0.3367254332657405
22187,0.3323649378515894
22188,0.24567243122640628
22189,0.1984599987409284
22190,0.26635920539614794
22191,0.8300052414824388
22192,0.4061318219641484
22193,0.3773363561384527
22194,0.3054818491523989
22195,0.3187015493036867
22196,0.3606114481881523
22197,0.819980375531384
22198,0.17722608827916642
22199,0.4092976976399059
22200,0.37370543522820954
22201,0.8756032838601265
22202,0.3411393583981511
22203,0.8380045273267783
22204,0.3598525649011806
22205,0.23243433276697786
22206,0.8145393071825341
22207,0.2475749560181265
22208,0.20938813772409787
22209,0.08685825482957098
22210,0.2756463134234395
22211,0.4619605890223152
22212,0.22151208620743815
22213,0.3202105865051681
22214,0.6300505045970968
22215,0.20961811922735005
22216,0.7237094591696368
22217,0.23896648847135338
22218,0.3165016208567517
22219,0.24792392036091782
22220,0.4083970983571107
22221,0.22990935316363817
22222,0.27843786227850686
22223,0.278321215815201
22224,0.36193338779704715
22225,0.20887216511633266
22226,0.2674715234112884
22227,0.37336605118387745
22228,0.19415839958483017
22229,0.3934509873578942
22230,0.4805214229099851
22231,0.19350423380054405
22232,0.8255152605551875
22233,0.25507315810348985
22234,0.3449932772992764
22235,0.32979688547973046
22236,0.20512361364207873
22237,0.28689311792681055
22238,0.2080802592125725
22239,0.2764368084039976
22240,0.3528730805221507
22241,0.28657618097579024
22242,0.3038840834870779
22243,0.3141442349607274
22244,0.2895229658985657
22245,0.40327421284980336
22246,0.7173014174814628
22247,0.25470436836066024
22248,0.32753503629615827
22249,0.4722934748431274
22250,0.3591062766270229
22251,0.31917491733090414
22252,0.39403084853722986
22253,0.8234966585278154
22254,0.2321630009656796
22255,0.3401230841964775
22256,0.45454457238344526
22257,0.3231394910366431
22258,0.7702496060215548
22259,0.3025635812728038
22260,0.22989355487067378
22261,0.269674839340794
22262,0.32427630414311437
22263,0.3603303205446924
22264,0.33023256985677635
22265,0.41658951059396354
22266,0.24660934884849553
22267,0.4201124529832127
22268,0.21893585698279958
22269,0.36882391863589453
22270,0.3766592215240777
22271,0.2227638159912504
22272,0.18655156243492094
22273,0.3071573307488671
22274,0.3008204656396148
22275,0.340914845328225
22276,0.8145831944572567
22277,0.3499426448785624
22278,0.8461478524539988
22279,0.4278592153484544
22280,0.2904268361035368
22281,0.25932916540373663
22282,0.19421488610796137
22283,0.47897985152696915
22284,0.22252541498341855
22285,0.7856403084796726
22286,0.22128009597700896
22287,0.23789312782667696
22288,0.25311569653467725
22289,0.3392988664342904
22290,0.380298991930237
22291,0.2355313209941572
22292,0.8147858794811758
22293,0.20817090066894736
22294,0.3821061163931951
22295,0.4187301597123508
22296,0.18537343869040662
22297,0.2837862992267892
22298,0.275451146090742
22299,0.41936442816737063
22300,0.2850890159861699
22301,0.21648301368852305
22302,0.5520968700259336
22303,0.36043655590491536
22304,0.3009134971988246
22305,0.4032747839155476
22306,0.32442164512795485
22307,0.340429920243662
22308,0.23720071031438342
22309,0.1781250778124443
22310,0.19951314269081755
22311,0.3155357209180346
22312,0.2644478327945149
22313,0.7574177737872952
22314,0.4199336600918012
22315,0.3605106706501555
22316,0.40627417344391764
22317,0.27084388923123665
22318,0.21595446199212137
22319,0.25747650025950214
22320,0.25708548942147613
22321,0.22590615842790332
22322,0.3170800176313035
22323,0.2082919987621785
22324,0.38013632101736244
22325,0.7836773964015391
22326,0.36781858335885304
22327,0.38456961418651786
22328,0.2407013153953344
22329,0.32840962498114196
22330,0.3783946868855025
22331,0.2277716241049918
22332,0.31911305354086883
22333,0.25163971317269757
22334,0.30045226689385673
22335,0.4600655673436628
22336,0.2353608180918324
22337,0.26973505651560836
22338,0.32874165651693155
22339,0.782489190447852
22340,0.12808955041461415
22341,0.1980837703803319
22342,0.33142490018897275
22343,0.2769498712062821
22344,0.8547111863038626
22345,0.35284226112130934
22346,0.3486598037228103
22347,0.4270901124108398
22348,0.7062534005244265
22349,0.8110716779573469
22350,0.38848127818488226
22351,0.3374451340613383
22352,0.1929315271531329
22353,0.33174813722696495
22354,0.35309117853666117
22355,0.3666345118100728
22356,0.18141122349577432
22357,0.2496693347160895
22358,0.40680214541646553
22359,0.24443261975386582
22360,0.8338654274772318
22361,0.1594574851643398
22362,0.32453577146786666
22363,0.14711725789238309
22364,0.3200179871849604
22365,0.22077274057010707
22366,0.4147927645040062
22367,0.30313083114625167
22368,0.27667169632393884
22369,0.34359397560537336
22370,0.2875131937957824
22371,0.2780056067677465
22372,0.20802996931092574
22373,0.822237390346775
22374,0.4211549313418495
22375,0.7616573695560895
22376,0.23549999491018433
22377,0.33141774865120177
22378,0.3382086129558838
22379,0.13053311021881475
22380,0.2991539602037514
22381,0.23922918380851177
22382,0.37657892139442095
22383,0.22284807103750304
22384,0.3241513728355142
22385,0.8258602520048239
22386,0.3583015027660781
22387,0.223765676090809
22388,0.38712375081838846
22389,0.31255863112639937
22390,0.7149286129224784
22391,0.29936309366760877
22392,0.2592117073576998
22393,0.34473211415052407
22394,0.2072018812761329
22395,0.266380950407727
22396,0.23375758037384206
22397,0.26235589167696244
22398,0.2901933678777957
22399,0.8042032762281488
22400,0.390328702484341
22401,0.3240317840000519
22402,0.3389006618282062
22403,0.2433470786501853
22404,0.32186664129280795
22405,0.828040933398102
22406,0.15250537240469095
22407,0.33758045477040993
22408,0.7768389861399958
22409,0.14667085280012865
22410,0.31428659077490106
22411,0.334372407141958
22412,0.20986373557065316
22413,0.20311694235151925
22414,0.4724196966421337
22415,0.5212155656429993
22416,0.8386280052600384
22417,0.2637071105144718
22418,0.3253051960823886
22419,0.34959643706913773
22420,0.21924953321369625
22421,0.8332597867816884
22422,0.28077704923711394
22423,0.269888695862558
22424,0.407498305404063
22425,0.25680199417026345
22426,0.25766843033808234
22427,0.7659049869174547
22428,0.395258367829539
22429,0.80607209186859
22430,0.31295253134549356
22431,0.1855427065649902
22432,0.8743705247421598
22433,0.3247463181805837
22434,0.20103933715903224
22435,0.8216060614053952
22436,0.2710944303528882
22437,0.3177901679328231
22438,0.8342912317109433
22439,0.8709702278615283
22440,0.511068113792265
22441,0.1771091715363538
22442,0.39394864522023354
22443,0.2501379385480006
22444,0.7712479243966414
22445,0.20097553664777412
22446,0.3432047833653292
22447,0.34454939056790895
22448,0.23229853936667696
22449,0.4621401311212345
22450,0.8711774273405407
22451,0.4115546071392361
22452,0.2723169604123108
22453,0.354074978401188
22454,0.8491511874479335
22455,0.18300286261766127
22456,0.8264672634535377
22457,0.24132646785219183
22458,0.8547111863038626
22459,0.3506619061525384
22460,0.733901355286573
22461,0.22975243613137974
22462,0.17247613264149583
22463,0.21946358021913157
22464,0.3974034093924558
22465,0.4407798409024652
22466,0.8337651100161988
22467,0.8274705610930909
22468,0.29707683672281193
22469,0.42345325765482406
22470,0.3471666082462708
22471,0.8516434930607317
22472,0.21960359870867627
22473,0.3235510656404861
22474,0.28695262834210045
22475,0.3149033049846038
22476,0.31270326313234337
22477,0.29123808475818624
22478,0.39006739196645784
22479,0.140255966413111
22480,0.3214984344011547
22481,0.3079783532941899
22482,0.329323215291374
22483,0.2092359275535084
22484,0.8686945222522442
22485,0.271611067903424
22486,0.2214313567349322
22487,0.29194863112580033
22488,0.22651457106555786
22489,0.2429223364229067
22490,0.31526961842794565
22491,0.8647885675238428
22492,0.26252320578214056
22493,0.2083743713415886
22494,0.29681878180259563
22495,0.28373993470810155
22496,0.34369411874048356
22497,0.4640482388177322
22498,0.2247855539537033
22499,0.29041150337218186
22500,0.712171393081313
22501,0.28827653706145845
22502,0.22081109177633457
22503,0.42045977251848204
22504,0.30148024471367
22505,0.1873885037429211
22506,0.33649883845158457
22507,0.30526492269475103
22508,0.3233379438703275
22509,0.2622874722217627
22510,0.08592301888113499
22511,0.2467218490510231
22512,0.32829252449354845
22513,0.22379590996229562
22514,0.3942019156378194
22515,0.8134777954607151
22516,0.3321221999694834
22517,0.44857937760523225
22518,0.43635889201473094
22519,0.2859836988584448
22520,0.39076841835116183
22521,0.20089033621450508
22522,0.24581089437388365
22523,0.2738202593247894
22524,0.13839364259123016
22525,0.3331394377634449
22526,0.3594199253205906
22527,0.22229015194694063
22528,0.31152173750936946
22529,0.3395016939330678
22530,0.32652347291408
22531,0.3554424204229964
22532,0.2609355171511082
22533,0.15193874036562688
22534,0.7874696463867138
22535,0.3280723626076499
22536,0.23724072976245014
22537,0.31559498349840953
22538,0.2667053141798956
22539,0.23633129627667196
22540,0.32718787290335555
22541,0.46419162466172964
22542,0.34712832760746515
22543,0.3521334216745956
22544,0.3892455950371715
22545,0.39081088993541013
22546,0.25173799421790827
22547,0.2851296179195884
22548,0.42379608410903596
22549,0.40586019593001416
22550,0.3921851716181262
22551,0.3300180127287888
22552,0.3384802306634445
22553,0.3300487989473959
22554,0.44808412118226093
22555,0.2269322387646283
22556,0.23069404666789098
22557,0.2698109387820893
22558,0.22957449737296487
22559,0.7432530936322183
22560,0.2330467283093898
22561,0.22853532489822315
22562,0.3029067784430842
22563,0.469422365845707
22564,0.24906351951299197
22565,0.7996822886136575
22566,0.3792203120421668
22567,0.23570086317756284
22568,0.1801808492709224
22569,0.8690845925846976
22570,0.8346418948890924
22571,0.32373529304616494
22572,0.32724372829601794
22573,0.2458968576471209
22574,0.34474377197852085
22575,0.21833984955635774
22576,0.31350292829207294
22577,0.19915617942253871
22578,0.3131789325735784
22579,0.2688522296341893
22580,0.3784189026988626
22581,0.2603674281953115
22582,0.30109720770920345
22583,0.7899551578095292
22584,0.39867369876780584
22585,0.25498217360786934
22586,0.2310177530248284
22587,0.1367158455123934
22588,0.34412445181518864
22589,0.30524181274879825
22590,0.7738146667318524
22591,0.65192251122342
22592,0.2814234053516389
22593,0.2915679120670346
22594,0.22115573500068592
22595,0.2603563147390106
22596,0.5649311338336144
22597,0.21708186791455678
22598,0.2457812848190431
22599,0.24208226534876431
22600,0.4068946794372054
22601,0.29744315891035744
22602,0.3343256533470507
22603,0.2258671717925733
22604,0.20597867936137035
22605,0.2889538415395724
22606,0.2597467313778811
22607,0.3172282270487252
22608,0.1754321973555474
22609,0.19229988485624683
22610,0.24597601931072444
22611,0.40605958210088133
22612,0.32863979896474116
22613,0.23032751617111505
22614,0.1370687335746138
22615,0.7828803313892639
22616,0.2916018936716812
22617,0.2804887830744886
22618,0.7574177737872952
22619,0.400621035858219
22620,0.30155622288335265
22621,0.2849822195739512
22622,0.2767148260359406
22623,0.19450048360616007
22624,0.2694745122354362
22625,0.3039122045608056
22626,0.2651429810004186
22627,0.31137633567160433
22628,0.30163422125301165
22629,0.369672767758079
22630,0.8481471313973232
22631,0.3138204217778331
22632,0.3987073132594243
22633,0.21780922053897797
22634,0.3209401528001505
22635,0.13788155964057114
22636,0.7846530474292535
22637,0.3565571443889904
22638,0.20197226170674298
22639,0.25899070798297535
22640,0.3131147024741707
22641,0.20600342596461474
22642,0.18224801212881825
22643,0.2114706455717425
22644,0.3033929283651637
22645,0.25710121335426267
22646,0.33959586583932394
22647,0.34651029120714977
22648,0.2236251051635481
22649,0.2194601234206021
22650,0.7237094591696368
22651,0.34402526445855414
22652,0.17537782611557456
22653,0.8329875354077351
22654,0.16167803923025578
22655,0.3212989752591619
22656,0.8389643617763126
22657,0.29905171678321935
22658,0.3441110282016379
22659,0.17259024628978378
22660,0.31281033369839767
22661,0.3104891412782479
22662,0.8356554741013554
22663,0.27282724434691646
22664,0.586303281494708
22665,0.42475874196127444
22666,0.1948764221479885
22667,0.40268375454499183
22668,0.21190819166517935
22669,0.2698628633242169
22670,0.40532442789065143
22671,0.3118675063341282
22672,0.21191582701374723
22673,0.3731242883683077
22674,0.2992923942286247
22675,0.2890162735626867
22676,0.33787934628811944
22677,0.2930040372277722
22678,0.27980905257172173
22679,0.39611215080764334
22680,0.41782617114712567
22681,0.2066970706600041
22682,0.19831810192593574
22683,0.3418278876585679
22684,0.3428884786910288
22685,0.8376074799305427
22686,0.21800047709340134
22687,0.17093551448885472
22688,0.8324771051144103
22689,0.18107073558614012
22690,0.2260057540270614
22691,0.26288232077373974
22692,0.22884335235561776
22693,0.8377580807496375
22694,0.20536191014210903
22695,0.1764673992185792
22696,0.5092586685947063
22697,0.35204731429934155
22698,0.2506513268296318
22699,0.16249549731077398
22700,0.1975691426446992
22701,0.399765970078035
22702,0.7574177737872952
22703,0.8211987411641063
22704,0.38094009711679505
22705,0.8371422096780343
22706,0.44370765232657755
22707,0.3907208417949544
22708,0.8145831944572567
22709,0.17121518600864938
22710,0.41537316319471285
22711,0.14470997187153692
22712,0.278766756455814
22713,0.1855903259602859
22714,0.2882111155708084
22715,0.35969209332489754
22716,0.31744803203024485
22717,0.534456850408494
22718,0.22038243171104663
22719,0.19093973255002802
22720,0.2697399377621177
22721,0.17098055517669675
22722,0.8077396163489284
22723,0.3680437246358805
22724,0.32055479310768276
22725,0.871258457860661
22726,0.8350657391841404
22727,0.2880987867665731
22728,0.32432310895703687
22729,0.2356246664829311
22730,0.19285345906244286
22731,0.35838768424332523
22732,0.8174894266473164
22733,0.4109006868783946
22734,0.27828469968890895
22735,0.22439414378002434
22736,0.28035330411914605
22737,0.3895427638245933
22738,0.17653974896428173
22739,0.33185028721970783
22740,0.4109006868783946
22741,0.46423983345178943
22742,0.4077947468398599
22743,0.23395574499446983
22744,0.20859944823392165
22745,0.1369915986695956
22746,0.871258457860661
22747,0.3523632448383108
22748,0.3333551320416495
22749,0.16670595634005583
22750,0.8150901484510757
22751,0.34181874647683896
22752,0.40959578501725047
22753,0.3326909666163214
22754,0.3287676339818439
22755,0.32308980188966363
22756,0.20962251388248723
22757,0.29577620276163524
22758,0.159850160394903
22759,0.3228975390695745
22760,0.24805241866863523
22761,0.6334315456281542
22762,0.3863710963239393
22763,0.24089758477397086
22764,0.1677286294372449
22765,0.34689489687934333
22766,0.1269607497173435
22767,0.7799385296960851
22768,0.2193395535922503
22769,0.337050863531508
22770,0.31029644982464966
22771,0.3798041303201428
22772,0.39606746938074905
22773,0.288874254867062
22774,0.23317811759497103
22775,0.8065035715577512
22776,0.349444793622443
22777,0.33166555246508617
22778,0.40699017479112237
22779,0.7752367174677871
22780,0.19433910789295866
22781,0.22443110354085583
22782,0.33540728082682225
22783,0.3933827165775494
22784,0.4210456146142394
22785,0.23014286191648103
22786,0.33959672114731104
22787,0.5368244515390694
22788,0.630727584457792
22789,0.19745122171505694
22790,0.30354882798913485
22791,0.638791613048122
22792,0.4076731300591532
22793,0.34045591470242004
22794,0.5067415999851898
22795,0.20729092033437538
22796,0.3286808932194214
22797,0.3186596860994831
22798,0.15705061260408645
22799,0.38559518146702104
22800,0.3523211921591388
22801,0.21715334549017298
22802,0.8343910875805093
22803,0.24877027679229918
22804,0.33003296111229197
22805,0.15185583408488776
22806,0.30814484941514825
22807,0.2129428834563351
22808,0.15325354641103733
22809,0.40447038863360446
22810,0.2728409267759621
22811,0.30808771918011696
22812,0.17039011236070004
22813,0.2543740301313343
22814,0.29164136048157147
22815,0.3721096643503474
22816,0.4141550364450483
22817,0.2792062820637198
22818,0.1682177075492202
22819,0.24689885849859994
22820,0.19104389715981973
22821,0.09711947352206063
22822,0.18857518618894867
22823,0.11617154197454704
22824,0.8388144278884505
22825,0.3337406515520678
22826,0.27135960925217534
22827,0.2051260028898472
22828,0.3244031555051187
22829,0.23444362992370069
22830,0.24842259825999144
22831,0.3460351710323396
22832,0.327033305117146
22833,0.36346612241457493
22834,0.1330907914366159
22835,0.7377396061514745
22836,0.38956863376458967
22837,0.7896344957739946
22838,0.3476170364126109
22839,0.4265929567549627
22840,0.23426003903662782
22841,0.20811985259204535
22842,0.3188535320932207
22843,0.2606309033055492
22844,0.395683544475417
22845,0.31823604870321076
22846,0.32046923997845644
22847,0.31432846171646683
22848,0.4138682861567138
22849,0.2740925972630767
22850,0.24786938624570698
22851,0.8474955870472016
22852,0.8367859135794345
22853,0.32499993131501703
22854,0.3057978308868336
22855,0.3733783876712164
22856,0.3036665447245909
22857,0.2929183570840392
22858,0.4130914437387479
22859,0.20511523927623074
22860,0.19599763649536173
22861,0.3484011964807078
22862,0.1858881872454361
22863,0.3368962764372179
22864,0.30778434746037925
22865,0.3753935875687101
22866,0.847673273459931
22867,0.27625166286338904
22868,0.3986925738728216
22869,0.41113371201316595
22870,0.2771382101901698
22871,0.29174320568657364
22872,0.13709162131747682
22873,0.2983191511684328
22874,0.3320228476742857
22875,0.3025635812728038
22876,0.23651051836528775
22877,0.273747309742244
22878,0.7192573995075476
22879,0.5787690715428372
22880,0.25517817382449076
22881,0.3175727016961055
22882,0.8243074974198471
22883,0.7821204543422774
22884,0.3550247423519429
22885,0.24585520150914308
22886,0.412888528122908
22887,0.291130345778579
22888,0.1399956564276871
22889,0.39492080423483666
22890,0.32132677195568377
22891,0.3904959489304564
22892,0.2385313103302864
22893,0.1990249848400701
22894,0.20448844797033255
22895,0.32391188258259784
22896,0.5993771759427987
22897,0.3840113360096749
22898,0.2676634419154461
22899,0.31584893789011426
22900,0.4122995630976907
22901,0.2787692432364061
22902,0.3367888508465739
22903,0.4654425328457966
22904,0.30712330488942735
22905,0.14169050232690447
22906,0.35429269771342625
22907,0.39578150660609096
22908,0.2267684737868457
22909,0.3524951124073749
22910,0.32759442568023617
22911,0.8312779256669508
22912,0.3764073550024954
22913,0.31769308133914276
22914,0.2274006908057068
22915,0.1513787021243617
22916,0.8681576288689663
22917,0.16358244996558624
22918,0.3281592429870438
22919,0.19896405290618144
22920,0.3197554606530102
22921,0.21213641251355997
22922,0.28529197217003643
22923,0.2817952911831923
22924,0.3847061290762135
22925,0.38083259982205814
22926,0.24755455239742274
22927,0.38559091001890655
22928,0.22663715969390447
22929,0.8264087494260711
22930,0.23282779166023584
22931,0.1775127452451109
22932,0.3097025791726133
22933,0.3818961213886402
22934,0.379138229962979
22935,0.39849479361102486
22936,0.835050053709259
22937,0.23037862839001982
22938,0.42220027493947204
22939,0.17288735513918788
22940,0.41286110314066504
22941,0.25080474833420974
22942,0.8101223767077324
22943,0.2084079209802197
22944,0.33867048832358004
22945,0.3190209903362217
22946,0.2560541370935305
22947,0.7111468566121434
22948,0.6333590744385312
22949,0.09424360650296805
22950,0.39324864850621943
22951,0.4162291591320935
22952,0.20126568014320978
22953,0.09974826626126544
22954,0.856803843117218
22955,0.255811983575415
22956,0.8686945222522442
22957,0.2953588232955143
22958,0.2324284917572596
22959,0.27219121472638597
22960,0.32745999183238483
22961,0.8268435894840691
22962,0.22585394103235604
22963,0.8711774273405407
22964,0.2491594737327511
22965,0.39039605425674284
22966,0.1680063908447393
22967,0.3432525401259322
22968,0.20760255078682774
22969,0.29504604685994545
22970,0.15182186039859155
22971,0.33165236193494946
22972,0.15486710117467434
22973,0.42017900919699874
22974,0.2471816722198975
22975,0.3826583091789288
22976,0.3760266452433911
22977,0.4080211547043309
22978,0.232803278590561
22979,0.3057662704861789
22980,0.8786915099781272
22981,0.2594531888460695
22982,0.2371306174599786
22983,0.16668875560842134
22984,0.3598525649011806
22985,0.3131147024741707
22986,0.3450269219398015
22987,0.7821204543422774
22988,0.2255555558795863
22989,0.26750459108847396
22990,0.12581261725321008
22991,0.3495538659697681
22992,0.27137639626692917
22993,0.37495831125468165
22994,0.19525366169458275
22995,0.38023929360770803
22996,0.4695409232225676
22997,0.17932984279255865
22998,0.2803571947700132
22999,0.3186762427120381
23000,0.1718919499759578
23001,0.22667643738620158
23002,0.24158875953154865
23003,0.8021836013267499
23004,0.23372798981407664
23005,0.10999490656368358
23006,0.399168215431236
23007,0.3844274366196345
23008,0.3265889942365762
23009,0.18670728055662375
23010,0.345331605020869
23011,0.2533875401382182
23012,0.34883805508547183
23013,0.2624479347174961
23014,0.24787674631617426
23015,0.16211504772744412
23016,0.22428256386237372
23017,0.3529397323072373
23018,0.27124434748578186
23019,0.1774631881640401
23020,0.2515351421365248
23021,0.2736409157887313
23022,0.30605372237932493
23023,0.25192890637649445
23024,0.29991332596485903
23025,0.7799385296960851
23026,0.2164442056011621
23027,0.8369254054732288
23028,0.17789340354346683
23029,0.3871822990230411
23030,0.34664287827089313
23031,0.3107860412961198
23032,0.7696517167150435
23033,0.3447154164156478
23034,0.21164842439579562
23035,0.2600529477241889
23036,0.26459593448938185
23037,0.2543649892888386
23038,0.18896310662660423
23039,0.10421523958284401
23040,0.34786634995472066
23041,0.4520955540723526
23042,0.18234691361447208
23043,0.3042674020410227
23044,0.2657048627492961
23045,0.39793839514231755
23046,0.40680214541646553
23047,0.32326732138765907
23048,0.228869236068126
23049,0.23397492442644283
23050,0.41158505161151077
23051,0.1739837040995415
23052,0.31949350840156876
23053,0.21837511174601634
23054,0.32771430239934496
23055,0.42521864311144564
23056,0.8369445958105285
23057,0.2536533644132268
23058,0.8336167517042868
23059,0.7840075477364487
23060,0.2714177165784463
23061,0.7805420221422785
23062,0.35872899971355754
23063,0.2918333751828218
23064,0.4092634579022203
23065,0.4016466617078575
23066,0.3525095657542845
23067,0.23140514725949893
23068,0.4265917656144796
23069,0.40231450006069674
23070,0.6989597535519214
23071,0.4078209661928915
23072,0.31819604930144524
23073,0.24232840804537997
23074,0.5725614650270815
23075,0.8443751037694822
23076,0.24515319294026977
23077,0.2754550078634308
23078,0.3269030310632763
23079,0.2455581782419993
23080,0.305233711390362
23081,0.17994763222680918
23082,0.3094974525344436
23083,0.3290517026862521
23084,0.3186990756581696
23085,0.2902094052914058
23086,0.37826651725580923
23087,0.24774666004545606
23088,0.3352288033446112
23089,0.40931926727531953
23090,0.19999098569780624
23091,0.4608497856203309
23092,0.23793353352470284
23093,0.15830327582173667
23094,0.3271020681235736
23095,0.43078436009278437
23096,0.6967607012227692
23097,0.38346175230429547
23098,0.22033100844539288
23099,0.8512921876865682
23100,0.3695645013058551
23101,0.41372793109612394
23102,0.2927574987633337
23103,0.32550051606151204
23104,0.33654752490028994
23105,0.29316150431648574
23106,0.17888340226362
23107,0.8120979026308536
23108,0.33582549944766166
23109,0.3196524705175726
23110,0.3323472575003907
23111,0.17024736996655038
23112,0.23427341129726192
23113,0.22200785862042557
23114,0.28640404213652937
23115,0.3217354258111042
23116,0.312730159252615
23117,0.2223280117778459
23118,0.3289859795557064
23119,0.8691816665727818
23120,0.24275636350935065
23121,0.25895580951360153
23122,0.287598919816132
23123,0.16615443381042286
23124,0.3826963368459852
23125,0.7432357576226133
23126,0.15289361764426326
23127,0.33833822950028913
23128,0.4086967294912026
23129,0.31338013264577197
23130,0.17489874834126684
23131,0.32466464937057066
23132,0.23189549741195659
23133,0.7830892075646432
23134,0.2578564816356104
23135,0.3460273520219514
23136,0.15982710605692066
23137,0.23151458803369918
23138,0.2051026424535458
23139,0.3317804974902022
23140,0.2795945966589944
23141,0.8681576288689663
23142,0.40532442789065143
23143,0.7800829785312061
23144,0.7432530936322183
23145,0.3434674999086217
23146,0.38136976415232826
23147,0.2394278644256186
23148,0.21319186433216278
23149,0.44816294372775733
23150,0.3694194079595976
23151,0.34523555406005296
23152,0.8691816665727818
23153,0.24689885849859994
23154,0.3881172299526862
23155,0.20523747834273512
23156,0.7866905636281541
23157,0.2442527740619448
23158,0.34721254161344023
23159,0.23468208240593702
23160,0.32933631398090507
23161,0.2513325832558351
23162,0.2904665892121925
23163,0.733901355286573
23164,0.42706402286587625
23165,0.17042726577935402
23166,0.22663747209052598
23167,0.21659727134124734
23168,0.22463684871156547
23169,0.3154016295301892
23170,0.348471650788126
23171,0.2687582328161669
23172,0.25468885066642966
23173,0.20285254638578312
23174,0.31199960349588296
23175,0.35411449651803134
23176,0.8367236246493414
23177,0.2842562736560211
23178,0.7853514333598843
23179,0.26915264587710813
23180,0.3365583913071278
23181,0.21731707051221788
23182,0.3456308966371929
23183,0.2531289571687115
23184,0.45538618352375043
23185,0.8285964542018119
23186,0.4016122648504004
23187,0.7905450762595835
23188,0.24370752216177802
23189,0.25878184064790916
23190,0.32157773168623766
23191,0.29055352084775915
23192,0.15309723474734827
23193,0.3956352353201352
23194,0.3383742451714748
23195,0.305564492968287
23196,0.813078232416382
23197,0.3572555282121423
23198,0.2086991831012717
23199,0.6873110481346977
23200,0.3233790150694019
23201,0.3046383244532105
23202,0.15676171361791338
23203,0.36653281681374705
23204,0.3055581978020934
23205,0.26317087342583995
23206,0.7836109977105224
23207,0.40094725785316454
23208,0.33280204838553645
23209,0.2507403039826027
23210,0.25659251517162357
23211,0.28013757761346
23212,0.18111983740350554
23213,0.18837742421912565
23214,0.16904262762690264
23215,0.8075833952041448
23216,0.29017594490238924
23217,0.3231146855681287
23218,0.20902895919678444
23219,0.83626414631841
23220,0.22417038637167605
23221,0.43026735881424694
23222,0.16914677594567398
23223,0.3703078047585488
23224,0.21310203045412512
23225,0.32653225700660715
23226,0.8315543674014224
23227,0.1670918551058504
23228,0.28385082135328177
23229,0.8268813911657211
23230,0.26352753069531404
23231,0.1964473877709891
23232,0.21838310280331782
23233,0.3168286579275722
23234,0.8299059673313745
23235,0.3132812756701455
23236,0.3081649906398265
23237,0.37942470133464395
23238,0.2931193746463817
23239,0.23614395638224273
23240,0.6582490534954921
23241,0.2719509118953761
23242,0.22725033268288874
23243,0.2678060797042059
23244,0.870278183903375
23245,0.24309097242052347
23246,0.329524743548058
23247,0.24278455456518358
23248,0.42364476841385096
23249,0.2498993836878975
23250,0.22627807794203667
23251,0.22058587388441256
23252,0.08729794186007216
23253,0.4027641863345364
23254,0.3030569551552843
23255,0.3695365833430933
23256,0.7702496060215548
23257,0.7192573995075476
23258,0.811660389805099
23259,0.33181627878374004
23260,0.1855427065649902
23261,0.2975015353686908
23262,0.5919952078212417
23263,0.33608492297171316
23264,0.4528520072058754
23265,0.301913995689293
23266,0.31646485158176657
23267,0.2772274584410673
23268,0.3357974571564874
23269,0.23667715064909034
23270,0.30712816850028923
23271,0.1545392123312315
23272,0.42857829729925523
23273,0.3773459929172255
23274,0.2900754665462645
23275,0.24058404190842936
23276,0.24035347022339779
23277,0.15014146936886466
23278,0.4037986835331978
23279,0.18822943419558538
23280,0.39815582835106733
23281,0.3415440990110518
23282,0.31125342184775673
23283,0.16052985988654628
23284,0.1843424814985716
23285,0.2679344911726511
23286,0.2393156248744004
23287,0.36031350007701624
23288,0.8709613371600342
23289,0.32406694398920893
23290,0.7383072942704026
23291,0.4046261320877273
23292,0.2998420492283116
23293,0.36396576919869844
23294,0.7762038596270403
23295,0.33704482580259876
23296,0.2903676092856806
23297,0.32678323041890267
23298,0.8077396163489284
23299,0.21626034503721742
23300,0.24286854221331
23301,0.8686945222522442
23302,0.39496821621057515
23303,0.18581272965712217
23304,0.21103290727842128
23305,0.40009567057211076
23306,0.13613322761166768
23307,0.3433930052301615
23308,0.3330361783699741
23309,0.2691880164700091
23310,0.36552794867076077
23311,0.07566982400566029
23312,0.16039568456851636
23313,0.3235938605521354
23314,0.326549328169989
23315,0.2782220060969078
23316,0.31530497513307604
23317,0.2691537621916901
23318,0.2983305268967244
23319,0.22502810391569453
23320,0.2470764631385507
23321,0.37450279658240476
23322,0.4055864738423878
23323,0.35971373852388994
23324,0.4061318219641484
23325,0.24923439866628724
23326,0.3169039023410909
23327,0.21864736173512261
23328,0.3432366752639066
23329,0.25881092805443945
23330,0.29647350408170664
23331,0.34029459714431165
23332,0.14679438574436027
23333,0.44338637901188394
23334,0.31129410886617587
23335,0.15733798220479747
23336,0.1981925249469747
23337,0.35067469426756714
23338,0.3760173577528738
23339,0.8126348806190998
23340,0.3452416327810213
23341,0.22385694301078074
23342,0.2685383796445376
23343,0.39592226761677896
23344,0.23722889582648787
23345,0.3236796232653457
23346,0.40683332672015426
23347,0.10607966335690269
23348,0.764778028905635
23349,0.29856419115235455
23350,0.45956279599700667
23351,0.42220027493947204
23352,0.8562016552091503
23353,0.330300632951549
23354,0.31915908457087083
23355,0.3288391156863775
23356,0.3244226113304921
23357,0.8139005656070551
23358,0.2524618948616039
23359,0.7822007045066139
23360,0.8754112581307278
23361,0.2686963027203875
23362,0.26261219742699005
23363,0.44369746549053507
23364,0.3232920780066764
23365,0.832977388363216
23366,0.3835150799161837
23367,0.30565454979246326
23368,0.21136911096793212
23369,0.43122874627291835
23370,0.41874806821788707
23371,0.23256468410790782
23372,0.11732352368955933
23373,0.36396576919869844
23374,0.3905251402634712
23375,0.20102829791353505
23376,0.8318193149211555
23377,0.6300505045970968
23378,0.16897073134793422
23379,0.26682434228430063
23380,0.22888013958747797
23381,0.33659002045782815
23382,0.26958104842940017
23383,0.2655855468214314
23384,0.7845528593219656
23385,0.2162531404857463
23386,0.3332719531424947
23387,0.24000631134448766
23388,0.28118324326593025
23389,0.25962586809405586
23390,0.26359648531668045
23391,0.7822415072489753
23392,0.20619303772190978
23393,0.1660783133880378
23394,0.2096967556378359
23395,0.36298764502154207
23396,0.33159206933083335
23397,0.8509579564375211
23398,0.2343346904060048
23399,0.47574426505777245
23400,0.7699796807648166
23401,0.28874121089069843
23402,0.2835993232545824
23403,0.24831316147280189
23404,0.13615266759053676
23405,0.4065298085788022
23406,0.3594682824771463
23407,0.1683685793854733
23408,0.6508525637973589
23409,0.2772867375523725
23410,0.25393698575716533
23411,0.23493881798333985
23412,0.351324607434278
23413,0.3732879167046676
23414,0.24999286728033832
23415,0.2973767980756486
23416,0.2916965328918622
23417,0.21461499475896664
23418,0.45088726732901835
23419,0.22323242382775998
23420,0.2809534978194556
23421,0.15824519622924027
23422,0.343353893504533
23423,0.20978122860989648
23424,0.8033025612295888
23425,0.280934574796811
23426,0.3052213123681688
23427,0.26349598503457106
23428,0.808004564337184
23429,0.3234694613907186
23430,0.344528723926314
23431,0.26915264587710813
23432,0.8681576288689663
23433,0.3395797986851589
23434,0.39212224881459534
23435,0.38142166766929697
23436,0.8474786143266048
23437,0.24693219583716564
23438,0.1557826617483299
23439,0.22885935793414644
23440,0.23167104146266618
23441,0.28646928559687307
23442,0.19471918031030427
23443,0.40961547791802444
23444,0.403977007630026
23445,0.2528735848879769
23446,0.18917926715537517
23447,0.815595673703971
23448,0.19305256418736247
23449,0.8294269492958369
23450,0.3888146711696906
23451,0.38483489523861075
23452,0.6492385845296569
23453,0.19581752781844594
23454,0.24072307785351413
23455,0.12855257461687555
23456,0.30398064481955583
23457,0.14370676668617294
23458,0.8140687375795459
23459,0.22494037066152475
23460,0.3007739011885489
23461,0.4315295008715017
23462,0.4143039047504646
23463,0.3924697028402784
23464,0.20533786155004347
23465,0.21565607604989911
23466,0.8373632443374169
23467,0.3772897142181665
23468,0.1649258826205529
23469,0.8300200909871902
23470,0.23389013958930074
23471,0.40680107091518763
23472,0.3301051115877303
23473,0.28950738564080414
23474,0.3131147024741707
23475,0.3685567186470261
23476,0.1357017945817177
23477,0.8389643617763126
23478,0.8318193149211555
23479,0.16634981671515328
23480,0.22788265944421984
23481,0.3023162146958532
23482,0.22087066931895877
23483,0.378255805173377
23484,0.3923671549572651
23485,0.34689707970190004
23486,0.8338777148625642
23487,0.6582490534954921
23488,0.295305552679782
23489,0.22235549662735246
23490,0.2694113557125798
23491,0.3145377036817285
23492,0.3794152295162376
23493,0.14298548520942547
23494,0.3152182106751356
23495,0.3267040598522646
23496,0.24406196346166287
23497,0.33900052698381117
23498,0.2005625276883386
23499,0.350656323039831
23500,0.2168070172784194
23501,0.2079153636158276
23502,0.8316633566192405
23503,0.1943335096477537
23504,0.41380140908116253
23505,0.27155023768086745
23506,0.28076230003057157
23507,0.3240075375885908
23508,0.15879274263910825
23509,0.1870633579988447
23510,0.1951157881133224
23511,0.24693820611765777
23512,0.23250631221377654
23513,0.4054492407583057
23514,0.781344073531226
23515,0.2814879759098739
23516,0.07090212021289002
23517,0.324297578606202
23518,0.3393382934982957
23519,0.25714811741063687
23520,0.23253802751173688
23521,0.30693295352739514
23522,0.7338085817092376
23523,0.25136236838095144
23524,0.37663548420879056
23525,0.2059121108285713
23526,0.13299311177280793
23527,0.634207130270234
23528,0.32910356779991357
23529,0.29658649517916785
23530,0.19044180101292218
23531,0.3383166122318607
23532,0.34795241563235657
23533,0.408060682894068
23534,0.32871512607766334
23535,0.31887764534634516
23536,0.30240434403985766
23537,0.6338308205095311
23538,0.2536533644132268
23539,0.33848027017615495
23540,0.8234966585278154
23541,0.20892524859783856
23542,0.2120753508766888
23543,0.32448062036515246
23544,0.2751915508842393
23545,0.48557161389794296
23546,0.4782856418455171
23547,0.32992650230446513
23548,0.22589333096071815
23549,0.3079446270960916
23550,0.16755753131312265
23551,0.8684597432222351
23552,0.27750835017499226
23553,0.2141439093631341
23554,0.15547980181224516
23555,0.8113411714380685
23556,0.22495004601341528
23557,0.12595102604994843
23558,0.8294363090415366
23559,0.819985488331834
23560,0.2978152347644206
23561,0.22018922479290834
23562,0.1602379828261038
23563,0.23632300534300738
23564,0.32440104389544994
23565,0.24699825182086133
23566,0.3218250075487436
23567,0.40262388450610415
23568,0.3160545965975649
23569,0.3851970359793365
23570,0.1324130377543367
23571,0.3996494053751643
23572,0.23738149564372632
23573,0.323140164512038
23574,0.18281605920854346
23575,0.27856004441730675
23576,0.3907245848093992
23577,0.8069224139039296
23578,0.3043079013863833
23579,0.8268813911657211
23580,0.3389228805252569
23581,0.35217791572392
23582,0.2241787737576983
23583,0.2914984256090575
23584,0.17842825149591487
23585,0.385194252123077
23586,0.3367544266367928
23587,0.3403372660458883
23588,0.4577618399422459
23589,0.27806979485775857
23590,0.3225289491419112
23591,0.24771416093926077
23592,0.1701361386253733
23593,0.3219866420136896
23594,0.21812151274100666
23595,0.39333402595042555
23596,0.4001090377511539
23597,0.30716819778049376
23598,0.28842740612426154
23599,0.33140540004728397
23600,0.19733163035451154
23601,0.3007206172357918
23602,0.30504259252775906
23603,0.3047842074315196
23604,0.815595673703971
23605,0.16902213777587485
23606,0.29023442353146506
23607,0.8342912317109433
23608,0.3433255867762837
23609,0.6499772294667192
23610,0.1808452590184175
23611,0.17670339134928137
23612,0.30951503645444095
23613,0.35292234436723297
23614,0.4314909484444962
23615,0.28525955145620996
23616,0.15529384240272753
23617,0.3563649827225052
23618,0.1825898380240405
23619,0.13097452827214784
23620,0.31935125390228214
23621,0.16019008921341257
23622,0.39110439424912236
23623,0.3652911240149435
23624,0.4098829127422928
23625,0.2303554784115962
23626,0.4368163374768647
23627,0.2274009967938207
23628,0.15782442305902847
23629,0.8055800366794651
23630,0.2597823627798892
23631,0.3388400160223388
23632,0.32591335194986665
23633,0.2122629445157723
23634,0.3932966863337383
23635,0.40831311427963984
23636,0.3862917252184853
23637,0.23459379112506187
23638,0.32535634313747697
23639,0.25807164665396476
23640,0.31558826949664176
23641,0.4148494205849248
23642,0.3801954945122091
23643,0.3863845734602877
23644,0.28184413936014496
23645,0.19529286884120223
23646,0.4099686044943191
23647,0.6324766419499798
23648,0.8483753706413633
23649,0.1824480195760717
23650,0.8182235482428107
23651,0.8250945075558704
23652,0.7825661849515456
23653,0.4204324641702691
23654,0.3146881127697064
23655,0.27568758823269746
23656,0.30542173964353897
23657,0.828726652593166
23658,0.3498161420067818
23659,0.667163496991516
23660,0.24763551904633818
23661,0.13630090403514192
23662,0.22884648539864286
23663,0.26119788331947197
23664,0.34662103434746727
23665,0.2170242257266165
23666,0.23379231857635832
23667,0.2192545879790599
23668,0.22033267688968372
23669,0.40951677691784527
23670,0.23592717002951896
23671,0.8601666219023951
23672,0.31897087339003416
23673,0.3825685916979092
23674,0.32486086045498974
23675,0.2667188133474818
23676,0.30638626802581026
23677,0.3822544837957461
23678,0.21499119056294544
23679,0.2172785048154074
23680,0.22340721414088294
23681,0.24764758522458422
23682,0.3243573173039743
23683,0.2354911560894608
23684,0.398704609884527
23685,0.3005323519164091
23686,0.1656224782973598
23687,0.23799155798944924
23688,0.44962844471564006
23689,0.40005842055372004
23690,0.315384110475748
23691,0.5725614650270815
23692,0.2626524364798315
23693,0.20311853190050694
23694,0.37859759391798
23695,0.47620844346872365
23696,0.3298529137806939
23697,0.24660331073203565
23698,0.8640423598589155
23699,0.20395419936111797
23700,0.2835618717200511
23701,0.4012907513955413
23702,0.27391036858738654
23703,0.8015888587270795
23704,0.6314007402051564
23705,0.22801237348379863
23706,0.25723737446957184
23707,0.271667387258605
23708,0.18070969309462373
23709,0.7495255949773895
23710,0.7073123871803842
23711,0.8647559053745305
23712,0.3843228029766435
23713,0.3379098131371183
23714,0.2449041157712937
23715,0.4263733510166505
23716,0.7678340256325762
23717,0.1488985807860656
23718,0.29458438706566914
23719,0.3111543059351613
23720,0.28052851055926387
23721,0.4146998454032492
23722,0.2198259054542564
23723,0.44545068909540764
23724,0.47229984606396525
23725,0.7858738683124885
23726,0.6226748994233419
23727,0.2924685670113541
23728,0.3077982564715238
23729,0.35817776859565675
23730,0.8519800342158879
23731,0.3071721803904742
23732,0.41768786917031353
23733,0.8389643617763126
23734,0.3567330724642614
23735,0.22439414378002434
23736,0.45208996639435695
23737,0.37321196328075934
23738,0.7672803744980559
23739,0.16570798927699887
23740,0.8150901484510757
23741,0.2722438021683141
23742,0.31281887934288355
23743,0.274180083993608
23744,0.26637179952540885
23745,0.3640536837036615
23746,0.23319354988271954
23747,0.4305492800326958
23748,0.2610066079716899
23749,0.2495300622239891
23750,0.37221673337002115
23751,0.36969053580134836
23752,0.14117903099335616
23753,0.24250563369936576
23754,0.25279427601266585
23755,0.4224548713758977
23756,0.3294812230218685
23757,0.3353381666172232
23758,0.21094705213352302
23759,0.2651112926590775
23760,0.18185685022082504
23761,0.23282779166023584
23762,0.38908579448531655
23763,0.40100211249837286
23764,0.3598525649011806
23765,0.3714394900766888
23766,0.33738111958821443
23767,0.39414828701090127
23768,0.6281748602050483
23769,0.2955676701866045
23770,0.20951127185818247
23771,0.3450763823030688
23772,0.25881689492459636
23773,0.2669939637834976
23774,0.2751097884187306
23775,0.3263384047744203
23776,0.8264672634535377
23777,0.1719769404742899
23778,0.6009520494317482
23779,0.19763379960068417
23780,0.4638864794502487
23781,0.25997425087239995
23782,0.3946910917618204
23783,0.3187703003706648
23784,0.48295490007830555
23785,0.3044644218622582
23786,0.13875410341830716
23787,0.1990249848400701
23788,0.8063656634214637
23789,0.3610033724184046
23790,0.1055127151118592
23791,0.32905537878824354
23792,0.2181802281592519
23793,0.2422901491629829
23794,0.35634507761750994
23795,0.17739361120156177
23796,0.3670732486983016
23797,0.4577618399422459
23798,0.37400010057257344
23799,0.2914704416908204
23800,0.30082532467613887
23801,0.32629103986869634
23802,0.8353561564032219
23803,0.788466278138599
23804,0.32543273787056337
23805,0.21339237010526696
23806,0.18404714558535865
23807,0.28808585487239063
23808,0.30724298424802304
23809,0.3643007423726947
23810,0.3641006763917038
23811,0.3098011847013302
23812,0.4180710308721231
23813,0.38042001618137394
23814,0.22197540756605014
23815,0.16182495876635133
23816,0.304870785175072
23817,0.22924523952738893
23818,0.2818742285689644
23819,0.7380739744604108
23820,0.2443804387293405
23821,0.23014455726117444
23822,0.34450269661301197
23823,0.3959724550185489
23824,0.19215663634361532
23825,0.20646120784074204
23826,0.3982169408742418
23827,0.1967354244013478
23828,0.30433638992088
23829,0.2355457425188249
23830,0.23695269100780714
23831,0.40514204435277085
23832,0.3112613439849667
23833,0.37748742199749935
23834,0.18326366170146355
23835,0.2303554784115962
23836,0.12774778505173362
23837,0.2937675999874356
23838,0.18209261454004183
23839,0.40680214541646553
23840,0.3361326914780339
23841,0.40795545468722677
23842,0.40495273719868985
23843,0.23175944176455537
23844,0.11894403475050462
23845,0.18255138358576128
23846,0.40200284112249196
23847,0.38820989074597384
23848,0.41258617789830704
23849,0.4208084834954683
23850,0.36252562570705027
23851,0.4856782287094521
23852,0.22170089732437726
23853,0.32011550969134517
23854,0.23497600696477605
23855,0.17985253280557392
23856,0.8217982502186596
23857,0.4083970983571107
23858,0.8064246756783173
23859,0.36437909680209635
23860,0.37780405947487433
23861,0.7539840745551831
23862,0.29565957458539055
23863,0.3767542061554404
23864,0.21241541077160347
23865,0.8709613371600342
23866,0.39269864035213736
23867,0.7822415072489753
23868,0.4099379828458107
23869,0.3160503114137605
23870,0.30454058786769606
23871,0.22855145788121906
23872,0.3308112121010309
23873,0.344866051723009
23874,0.3920724705519855
23875,0.38227220782780275
23876,0.21530758439898684
23877,0.33293732702322454
