id,score
0,0.9991399
1,0.0001348933
2,0.20462635
3,0.00045136677
4,0.48012245
5,0.097972676
6,0.025283976
7,0.12485698
8,0.0011936614
9,0.22057132
10,0.00027113833
11,0.99897194
12,0.9999404
13,0.026726449
14,0.03345383
15,0.9996074
16,0.06034174
17,0.99937564
18,0.9989619
19,0.12652712
20,0.00027623744
21,0.0011852189
22,0.004333312
23,0.12651654
24,0.0073885988
25,0.008436487
26,0.27654517
27,0.053235173
28,0.99894387
29,0.015189769
30,0.0070675486
31,0.1364625
32,0.9992824
33,0.0006802943
34,0.9991416
35,0.11734724
36,0.0119341295
37,0.79341376
38,0.011426475
39,0.0023773331
40,0.9989728
41,0.99954706
42,0.05375815
43,0.34777036
44,0.041941732
45,0.09265728
46,0.99996364
47,0.8144138
48,0.986145
49,0.07111888
50,0.0033050743
51,0.9996747
52,0.0030701638
53,0.21301718
54,0.021763852
55,0.05515085
56,0.26335245
57,0.09695479
58,0.002786005
59,0.0060915253
60,0.64161307
61,0.08535552
62,0.13713954
63,0.15693286
64,0.011834676
65,0.08644582
66,0.016607603
67,0.15778331
68,0.0040117544
69,0.19342782
70,0.16479734
71,0.00052593014
72,0.17792632
73,0.06447157
74,0.048775345
75,0.11778715
76,0.15062486
77,0.13412087
78,0.05288792
79,0.03159745
80,0.0148504805
81,0.5740906
82,0.0030213157
83,0.026706295
84,0.101482004
85,0.9995602
86,0.019148327
87,0.28400767
88,0.9986419
89,0.99993575
90,0.106573835
91,0.06368537
92,0.069816045
93,0.14215045
94,0.10581613
95,0.22542734
96,0.0065211584
97,0.13132466
98,0.6560044
99,0.00091395166
100,0.00013166128
101,0.12801334
102,0.9999422
103,0.13561288
104,0.9996008
105,0.694258
106,0.17155841
107,0.10704452
108,0.15984692
109,0.63931745
110,0.19399893
111,0.99781466
112,0.009711108
113,0.0006141982
114,0.10853689
115,0.09034695
116,0.00052076986
117,0.6822649
118,0.5477673
119,0.033848703
120,0.0003316338
121,0.1324105
122,0.99359304
123,0.03542452
124,0.054760475
125,0.9999019
126,0.006107404
127,0.15881419
128,0.00027351402
129,0.99937433
130,0.013522705
131,0.034476984
132,0.08556133
133,0.9993654
134,0.059491035
135,0.06636156
136,0.24115169
137,0.12821034
138,0.009432128
139,0.56614715
140,0.022837736
141,0.09346293
142,0.0032187875
143,0.015599608
144,0.0016321633
145,0.0074610705
146,0.0064915963
147,0.99912506
148,0.10563453
149,0.0012822963
150,0.02866032
151,0.99932444
152,0.12967464
153,0.110074736
154,0.35872206
155,0.02363882
156,0.035874173
157,0.99992573
158,0.00038191146
159,0.24826235
160,0.99964
161,0.2794447
162,0.0004247637
163,0.0566921
164,0.0033749023
165,0.21468222
166,0.0042950055
167,0.63300943
168,0.00046478002
169,0.00013006481
170,0.012858578
171,0.0049684294
172,0.15173307
173,0.6930401
174,0.3468122
175,0.057179164
176,0.032420352
177,0.9560792
178,0.10798407
179,0.36606628
180,0.046631902
181,0.99961144
182,0.12854922
183,0.0005885726
184,0.12517087
185,0.05588558
186,0.08117318
187,0.19256766
188,0.24976796
189,0.02165115
190,0.080556296
191,0.9984175
192,0.17889856
193,0.031121295
194,0.9999113
195,0.06650481
196,0.059381347
197,0.0004302473
198,0.030415494
199,0.4858278
200,0.0026627863
201,0.13775752
202,0.002951469
203,0.0049753035
204,0.076282516
205,0.014290852
206,0.74766564
207,0.9993455
208,0.12033412
209,3.143187e-05
210,0.5717836
211,0.0076902774
212,0.0084212115
213,0.07886672
214,0.03401099
215,0.9993393
216,0.0061022886
217,0.13542423
218,0.00063557515
219,0.01648158
220,0.0042247875
221,0.99756145
222,0.06837399
223,0.0714088
224,0.01644718
225,0.012750481
226,0.2938629
227,0.22886142
228,0.06695647
229,0.99936765
230,0.001275311
231,0.0009191648
232,0.0825927
233,0.45126915
234,0.11557974
235,0.998314
236,0.73767614
237,0.016913835
238,0.0031889963
239,0.00011986437
240,0.038815223
241,0.08402265
242,0.056237157
243,0.05181881
244,0.9996208
245,0.13700332
246,0.0078604985
247,0.009611241
248,0.022360548
249,0.2146877
250,0.1996422
251,0.014627845
252,0.9990682
253,0.99916506
254,0.007497757
255,0.0020441194
256,0.9990121
257,0.4235561
258,0.043100968
259,0.23291634
260,0.000251786
261,0.005057687
262,0.011864939
263,0.061176486
264,0.05444788
265,0.0050414065
266,0.0023491974
267,0.08764674
268,0.000108887565
269,0.117847376
270,0.17974234
271,0.03767462
272,0.010810639
273,0.5964998
274,0.99965894
275,0.101782404
276,0.09864206
277,0.30119437
278,0.98082274
279,0.72862315
280,0.0011852189
281,0.0686698
282,0.38432717
283,0.09867995
284,0.14030775
285,0.009825824
286,0.9952586
287,0.000606141
288,0.06794916
289,0.00037259524
290,0.001474157
291,0.0040605543
292,0.70374805
293,0.055474725
294,0.009012325
295,0.601367
296,0.7567703
297,0.9984407
298,0.0016485772
299,0.11669654
300,0.005623723
301,0.019752301
302,0.014043554
303,0.0005032948
304,0.068291724
305,0.10947298
306,0.2044815
307,0.9994892
308,0.006882249
309,0.03141955
310,0.9978713
311,0.9984407
312,0.9992667
313,0.06277389
314,0.06788123
315,0.00022907276
316,0.4455281
317,0.83909416
318,0.075233616
319,0.07866933
320,0.00086274504
321,0.1688025
322,0.00041470115
323,0.10197098
324,0.99888736
325,0.5619567
326,0.746179
327,0.02345116
328,0.015546354
329,0.00094965263
330,0.00043246654
331,0.0009191648
332,0.23260899
333,0.088501506
334,0.074617274
335,0.00865938
336,0.13235989
337,0.08073337
338,0.019763911
339,0.0013512154
340,0.10768971
341,0.16620176
342,0.09932562
343,0.018690476
344,0.0057992563
345,0.2552568
346,0.6171344
347,0.016126985
348,0.99881905
349,0.9996069
350,0.030945057
351,0.19651955
352,0.99989426
353,0.0024273458
354,0.019181088
355,0.24908634
356,0.410524
357,0.13834855
358,0.99925524
359,0.050830174
360,0.05362888
361,0.037735295
362,0.04940613
363,0.42980522
364,0.6829541
365,0.001258033
366,0.120377496
367,8.323418e-05
368,0.01751297
369,0.99992764
370,0.10816565
371,0.11895962
372,0.56491804
373,0.21367364
374,0.6371159
375,0.065312
376,0.0035626239
377,0.86380464
378,0.18617962
379,0.4795323
380,0.022858107
381,0.17209229
382,0.9965836
383,0.00027684306
384,0.07041962
385,0.99919266
386,0.0066537764
387,0.008700562
388,0.7784719
389,0.99929607
390,0.013087404
391,0.096276864
392,0.01191107
393,0.003995393
394,0.43105894
395,0.37976617
396,0.00042603645
397,0.0247238
398,0.00043000313
399,0.9993529
400,0.045040034
401,0.99916506
402,0.00017969136
403,0.00017707761
404,0.018239345
405,0.14051613
406,0.13570718
407,0.99920815
408,0.1786137
409,0.013923522
410,0.99433786
411,0.31994566
412,0.9994324
413,0.8393365
414,0.060952947
415,0.20288417
416,7.2252966e-05
417,0.27784964
418,0.00070218847
419,0.1235516
420,0.013953584
421,0.23319754
422,0.9989279
423,0.66410667
424,0.09109473
425,0.9891495
426,0.0012238987
427,0.5392109
428,0.0007130254
429,0.8444326
430,0.5483764
431,0.102995895
432,0.00230221
433,0.33858892
434,0.20152235
435,0.096653506
436,0.15239151
437,0.12699354
438,0.21132784
439,0.00056575704
440,0.177003
441,0.068313226
442,0.07321055
443,0.99989617
444,0.7728121
445,0.6496993
446,0.00013650204
447,0.007002111
448,0.99987555
449,0.079428695
450,0.039843492
451,0.1015661
452,0.6843929
453,0.9990687
454,0.071011394
455,0.06453089
456,0.99986374
457,0.09954522
458,0.26663885
459,0.000120112425
460,0.16324984
461,0.010121106
462,0.88764477
463,0.1836194
464,0.058493983
465,0.07857866
466,0.0021673834
467,0.5060535
468,0.99912304
469,0.100379474
470,0.0049679885
471,0.32084873
472,0.00057946757
473,0.10246374
474,0.22122183
475,0.061748575
476,0.46695036
477,0.016194476
478,0.99985814
479,0.0055242195
480,0.0052477154
481,0.45514572
482,0.34811854
483,0.6787642
484,0.0020960574
485,0.008194588
486,0.9987205
487,0.16462003
488,0.00046612968
489,0.08018644
490,0.0680157
491,0.55168295
492,0.95147264
493,0.06684658
494,0.2196924
495,0.13790075
496,0.24430081
497,0.564221
498,0.66035074
499,0.054838296
500,0.112376764
501,0.026246622
502,0.14396489
503,0.9992754
504,9.849243e-05
505,0.04055356
506,0.72756827
507,0.6884629
508,0.04239919
509,0.05238247
510,0.00021765084
511,0.005720255
512,0.15984692
513,0.28433058
514,0.087616526
515,0.06627656
516,0.08560081
517,0.28946275
518,0.6646836
519,0.08294914
520,0.20614097
521,0.060560703
522,0.0018122214
523,0.029876636
524,0.26749977
525,0.082594074
526,0.12238442
527,0.0016515047
528,0.12496439
529,0.9995975
530,0.33333418
531,0.19225638
532,0.3400521
533,0.013532461
534,0.968511
535,0.03312966
536,0.047132432
537,0.9571273
538,0.56092715
539,0.029612673
540,0.10793601
541,0.5224819
542,0.000514477
543,0.1685993
544,0.1153944
545,0.13583834
546,0.0009662147
547,0.12197605
548,0.92578816
549,0.050693832
550,0.067350484
551,0.9998802
552,0.9987833
553,0.28200462
554,0.9998765
555,0.015064419
556,0.00023920972
557,0.008977577
558,0.73282486
559,0.9998765
560,0.13135591
561,0.047745496
562,0.9991352
563,0.7313359
564,0.021020468
565,0.083860636
566,0.1886512
567,0.024277171
568,0.09592609
569,0.070461325
570,0.58370197
571,0.1802483
572,0.0695791
573,0.06726493
574,0.13387412
575,0.9994116
576,0.10034464
577,0.028820312
578,0.20533395
579,0.98800594
580,0.00035381652
581,0.003044312
582,0.0011097853
583,0.065111026
584,0.007673667
585,0.16337907
586,0.5416583
587,0.998979
588,0.063289195
589,0.36588687
590,0.9998828
591,0.28139424
592,0.99914014
593,0.036625847
594,0.99564123
595,0.00042967
596,0.00288014
597,0.10176939
598,0.0030477336
599,0.07685079
600,0.07340373
601,0.7897142
602,0.09411526
603,0.8522505
604,0.058377653
605,0.030336583
606,0.26569366
607,0.09942254
608,0.007964508
609,0.07902323
610,0.006077073
611,0.20551634
612,0.16825187
613,0.01832778
614,0.08364012
615,0.17577696
616,0.035508495
617,0.23073491
618,0.02662771
619,0.0017973002
620,0.2533591
621,0.14953363
622,0.29075024
623,0.020499554
624,0.018361406
625,0.09660169
626,0.0016941532
627,0.6884629
628,0.9999485
629,0.0114421975
630,0.99987483
631,0.09997826
632,0.99921215
633,0.31582367
634,0.32450062
635,0.14979862
636,0.04183139
637,0.015823217
638,0.008061027
639,0.042459093
640,0.9998828
641,0.0004650612
642,0.060472865
643,0.99989426
644,0.43179068
645,0.28256977
646,0.07414854
647,0.19438556
648,0.54136413
649,0.054601047
650,0.048283312
651,0.0068023107
652,0.8522505
653,0.0012828112
654,0.081581794
655,0.9998461
656,0.19975466
657,0.00012294346
658,0.03679904
659,0.92609364
660,0.30617118
661,0.35103866
662,0.9996401
663,0.004920101
664,0.041315094
665,0.99984443
666,0.00019859392
667,0.0058674323
668,0.05106159
669,0.99961734
670,0.101619095
671,0.44292986
672,0.24687633
673,0.9996176
674,0.998953
675,0.20848535
676,0.0003202131
677,0.10609255
678,0.026173564
679,0.019410212
680,0.9996074
681,0.26588798
682,0.9982187
683,0.82983035
684,0.00017726007
685,0.9978713
686,0.014110004
687,0.20195305
688,0.9999436
689,0.17056058
690,0.0056537557
691,0.99947685
692,0.00041862624
693,0.16086498
694,0.9991702
695,0.014786436
696,0.4809354
697,0.9992623
698,0.11986378
699,0.3066663
700,0.9994306
701,0.9941414
702,0.48477855
703,0.22109267
704,0.037219148
705,0.26186705
706,0.030357346
707,0.9999325
708,0.00019721135
709,0.15175268
710,0.99911267
711,0.02793776
712,0.05687813
713,0.67934537
714,0.15357138
715,0.33034787
716,0.2740923
717,0.99925405
718,0.019495271
719,0.9990601
720,0.6932779
721,0.17088021
722,0.7174729
723,0.99484754
724,0.9998673
725,0.99979657
726,0.050723124
727,0.31149957
728,0.025145186
729,0.067874804
730,4.256276e-05
731,0.07128708
732,0.99881905
733,0.6863817
734,0.37078327
735,0.029168878
736,0.3070085
737,0.023912698
738,0.9992799
739,0.095201164
740,0.039991282
741,0.014105104
742,0.27723438
743,0.05116703
744,0.0004380184
745,0.012274762
746,0.0014612197
747,0.18237828
748,0.0011536706
749,0.09880744
750,0.007761473
751,0.051651645
752,0.7715448
753,0.08616794
754,0.9881335
755,0.13548139
756,0.002486694
757,0.0011095807
758,0.025151592
759,0.71338314
760,0.11079792
761,0.01691848
762,0.003305657
763,0.020244658
764,0.09198748
765,0.0135355415
766,0.0008337624
767,0.094879285
768,0.0055730846
769,0.9990687
770,0.017061207
771,0.14959644
772,0.99916303
773,0.36289367
774,0.38426116
775,0.5680036
776,0.0103083635
777,0.1755303
778,6.099303e-05
779,0.99925774
780,0.09802613
781,0.0051991553
782,0.0009561641
783,0.07878997
784,0.10535744
785,0.99891865
786,0.1286601
787,0.2802511
788,0.00043600943
789,0.009110511
790,0.18300876
791,0.017104443
792,0.019120451
793,0.023937663
794,0.013438979
795,0.07424938
796,0.9987696
797,0.20969579
798,0.16769166
799,0.026810626
800,0.99953794
801,0.036267582
802,0.03236585
803,0.0045615626
804,0.07497626
805,0.6352112
806,3.1932806e-05
807,0.00040837895
808,0.00094965263
809,0.013761838
810,0.99889237
811,0.99929035
812,0.22656761
813,0.551601
814,0.99484754
815,0.25309363
816,0.012982314
817,0.103419386
818,0.5551141
819,0.05920827
820,0.00973861
821,0.34863228
822,0.00035496926
823,0.070595145
824,0.19133055
825,0.37963742
826,0.08623138
827,0.0016975389
828,0.99941146
829,0.004159867
830,0.41269922
831,0.00735063
832,0.25829157
833,0.036838476
834,0.008539566
835,0.039000843
836,0.013984046
837,0.0032926572
838,0.9999685
839,0.0861365
840,0.77538437
841,0.025666302
842,0.00806605
843,0.11773338
844,0.9995975
845,0.13452129
846,0.016007442
847,0.0022768495
848,0.12409504
849,0.24445622
850,6.248629e-05
851,0.09483225
852,0.14202055
853,0.6991578
854,0.9994079
855,0.033026125
856,0.07049002
857,0.37695143
858,0.99949753
859,0.3308978
860,0.0045664455
861,7.563792e-05
862,0.99923277
863,0.03195845
864,0.1455233
865,0.29768404
866,0.036793076
867,0.99996364
868,0.0918957
869,0.9992667
870,0.00038976638
871,0.9995468
872,0.00851136
873,0.07191166
874,0.02072356
875,0.001350998
876,0.9953675
877,0.0036616866
878,0.081603125
879,0.01834745
880,0.012424388
881,0.00023783905
882,0.05592684
883,0.009070754
884,0.06348892
885,0.02828858
886,0.005107055
887,0.082291566
888,0.004121774
889,0.78448766
890,0.24696928
891,0.041293945
892,0.1815438
893,0.29694197
894,0.11108232
895,0.0009198258
896,0.00081307255
897,0.04530479
898,0.1848954
899,0.009926441
900,0.7548653
901,0.17619477
902,0.22135226
903,0.9986273
904,0.016338304
905,0.011385579
906,0.088578776
907,0.031588092
908,0.14371812
909,0.08330767
910,0.0040844954
911,0.006585063
912,0.40822893
913,0.035956934
914,0.0074364315
915,0.9994167
916,0.045862727
917,0.11540914
918,0.03717127
919,0.009775094
920,0.32476822
921,0.44491175
922,0.02547724
923,0.31007576
924,0.06549998
925,0.62529874
926,0.037342988
927,0.55776596
928,0.37713626
929,0.6313473
930,0.000109705805
931,0.06459027
932,0.12931038
933,0.00020556456
934,0.010185457
935,0.29306766
936,0.0008882864
937,0.25451827
938,0.99940383
939,0.12055449
940,0.99955183
941,0.012501449
942,0.019172443
943,0.26454628
944,0.17009291
945,0.06204668
946,0.015796581
947,0.03061222
948,0.09834969
949,0.14960825
950,0.34104562
951,0.21830843
952,0.9995943
953,0.16555758
954,0.023250602
955,0.077064484
956,0.0005981153
957,0.14709198
958,0.022960119
959,0.007664384
960,0.5645164
961,0.10505601
962,0.0035225179
963,0.2312962
964,0.20895694
965,0.15299809
966,0.000996647
967,0.2783779
968,0.058216084
969,0.99996126
970,0.14740458
971,0.1739631
972,0.091559574
973,0.04301375
974,0.034228716
975,0.021927863
976,0.99790204
977,0.9991725
978,0.76918405
979,0.58460444
980,0.99993575
981,0.07324494
982,0.06470397
983,0.11723558
984,0.21771957
985,0.011720837
986,0.9992792
987,0.051628817
988,0.087443836
989,0.0050263125
990,0.99924904
991,0.27750558
992,0.045485877
993,0.009267134
994,0.015231769
995,0.9993772
996,0.79368186
997,0.003186675
998,0.999752
999,0.06659127
1000,0.99915063
1001,0.51329315
1002,0.7091579
1003,0.027481047
1004,0.13630944
1005,0.000757768
1006,0.117989525
1007,0.11730728
1008,0.0009408883
1009,0.0136896195
1010,0.25081882
1011,0.001960215
1012,0.092349604
1013,0.0004404196
1014,0.21984583
1015,0.061511893
1016,0.006336024
1017,0.75990814
1018,0.46450788
1019,0.008631528
1020,0.068404935
1021,0.3286416
1022,0.17972589
1023,0.51092803
1024,0.04987178
1025,0.6978503
1026,0.28615776
1027,0.4119494
1028,0.0003938905
1029,0.12189722
1030,0.99484754
1031,0.03199993
1032,0.14239943
1033,0.03842009
1034,0.9999416
1035,0.9984339
1036,0.8012129
1037,0.020343859
1038,0.009027426
1039,0.13348353
1040,0.1117061
1041,0.017338334
1042,0.021574399
1043,0.9992539
1044,0.006396129
1045,0.029585943
1046,0.719783
1047,0.001958215
1048,0.055185277
1049,0.058911253
1050,0.20440868
1051,0.7147979
1052,0.041259177
1053,0.010693934
1054,0.14370638
1055,0.0566746
1056,0.148902
1057,0.23029652
1058,0.9998667
1059,0.089224644
1060,0.21505943
1061,0.99953496
1062,0.019060494
1063,0.41872793
1064,0.014515504
1065,0.9998822
1066,0.9989618
1067,0.0013337428
1068,0.1624455
1069,0.71664435
1070,0.006435053
1071,0.3850833
1072,0.9998325
1073,0.99989617
1074,0.04987659
1075,0.2595809
1076,0.0037722513
1077,0.22278838
1078,0.94136196
1079,0.013821299
1080,0.60216683
1081,0.009182346
1082,0.11288436
1083,0.015052107
1084,0.1014593
1085,0.05539574
1086,0.0012810432
1087,0.016765207
1088,0.07117919
1089,0.08247503
1090,0.00068494806
1091,0.002131514
1092,0.998314
1093,0.0036338316
1094,0.0004250112
1095,0.3735053
1096,0.15185164
1097,0.34713537
1098,0.9999019
1099,0.16110107
1100,0.0063065994
1101,0.13978726
1102,0.12782207
1103,1.2292031e-05
1104,0.0001511108
1105,0.00052666204
1106,0.07547508
1107,0.49198776
1108,0.99956673
1109,0.18439244
1110,0.0093359705
1111,0.4267739
1112,0.011633443
1113,0.05198
1114,0.035599813
1115,0.17168103
1116,0.0014085793
1117,0.18311274
1118,0.26249322
1119,0.31957334
1120,0.0009898739
1121,0.00035601854
1122,0.0103770215
1123,0.103430286
1124,0.010771877
1125,0.013733322
1126,0.004025123
1127,0.234908
1128,0.1115356
1129,0.2985238
1130,0.9995753
1131,0.1552017
1132,0.085341506
1133,0.99914014
1134,0.052447475
1135,0.00046596487
1136,0.67138696
1137,0.9994475
1138,0.11786715
1139,0.011723649
1140,0.21505943
1141,0.049491163
1142,0.055441156
1143,0.022170367
1144,0.30423564
1145,0.0059014712
1146,0.63957566
1147,0.081581794
1148,0.9999019
1149,0.15928788
1150,0.0074038343
1151,0.00062169164
1152,0.16430993
1153,0.0072806873
1154,0.15806891
1155,0.28882998
1156,0.005118977
1157,0.47604448
1158,0.017936964
1159,0.41390902
1160,0.30025885
1161,0.10192112
1162,0.120390154
1163,0.012424388
1164,0.011156458
1165,0.02633294
1166,0.34713537
1167,0.00038163792
1168,0.99944025
1169,0.0006597721
1170,0.38498685
1171,0.06303382
1172,0.99994373
1173,0.11743953
1174,0.20038518
1175,0.076622374
1176,0.06276671
1177,0.0582081
1178,0.99967015
1179,0.4475025
1180,6.8886395e-05
1181,0.9992538
1182,0.58423674
1183,0.013417893
1184,0.98800594
1185,0.99937254
1186,0.07867475
1187,0.050657347
1188,0.0058239363
1189,0.99916756
1190,0.045019537
1191,0.088307716
1192,0.0008633421
1193,0.023139108
1194,0.0063116783
1195,0.06649429
1196,0.011865425
1197,0.0001683494
1198,0.16050594
1199,0.21391809
1200,0.352693
1201,0.67057973
1202,0.00015500779
1203,0.0083539495
1204,0.9991352
1205,0.99965155
1206,0.99886715
1207,0.091984116
1208,0.06461559
1209,0.00012332882
1210,0.00074824295
1211,0.1087201
1212,0.148902
1213,0.00027351402
1214,0.0072292755
1215,0.007029187
1216,0.29867926
1217,0.10794159
1218,0.030444019
1219,0.002486694
1220,0.0903601
1221,0.029918369
1222,0.0549986
1223,0.16184133
1224,0.064065345
1225,0.99920505
1226,0.0017835328
1227,0.00014525534
1228,0.99933654
1229,0.00042451252
1230,0.9981883
1231,0.02168728
1232,0.119689666
1233,0.13766545
1234,0.12961303
1235,0.06194882
1236,0.46079364
1237,0.99942833
1238,0.9991654
1239,0.41451067
1240,0.6640157
1241,0.0044517703
1242,0.2303745
1243,0.003378012
1244,0.9982187
1245,0.1328885
1246,0.9999553
1247,0.9995802
1248,0.12825538
1249,0.0139801605
1250,0.07135995
1251,0.013733322
1252,0.0099762445
1253,0.098069005
1254,0.015189769
1255,0.6171344
1256,0.9965431
1257,0.09337435
1258,0.0096909525
1259,0.0036338316
1260,0.67651993
1261,0.06258657
1262,8.2306215e-05
1263,0.0056763906
1264,0.0122862365
1265,0.99933547
1266,0.034726918
1267,0.7002562
1268,0.110735774
1269,0.00024075876
1270,0.05283461
1271,0.027199535
1272,0.9989768
1273,0.18915886
1274,0.010730788
1275,0.60671866
1276,0.004159867
1277,0.04269353
1278,0.018914621
1279,0.094731726
1280,0.71660143
1281,0.03649676
1282,0.108176306
1283,0.12904222
1284,0.24515954
1285,0.04716733
1286,0.16878848
1287,0.018434972
1288,4.1018702e-05
1289,0.06916605
1290,0.99988043
1291,0.3556863
1292,0.0038730022
1293,0.075269215
1294,0.014852796
1295,0.06314384
1296,0.055205766
1297,0.012690041
1298,0.0017380947
1299,0.9995975
1300,0.094083086
1301,0.009500447
1302,0.004718107
1303,0.7448969
1304,0.21370722
1305,4.6403235e-05
1306,0.1379725
1307,0.9992824
1308,0.0055377535
1309,0.2120611
1310,0.048655633
1311,0.016974606
1312,0.090009905
1313,0.78996384
1314,0.4213489
1315,0.49497065
1316,0.024813248
1317,0.2219554
1318,0.066475175
1319,0.041108552
1320,0.00057095394
1321,0.09827719
1322,0.22507523
1323,0.2685263
1324,0.009694225
1325,0.058229107
1326,0.18208349
1327,0.06191331
1328,0.1023246
1329,0.003225382
1330,0.09411959
1331,0.99125576
1332,0.00033063086
1333,0.007828082
1334,0.027799586
1335,0.9987882
1336,0.9992248
1337,0.029219458
1338,0.9988194
1339,0.096648015
1340,0.07017734
1341,0.1789469
1342,0.17325313
1343,0.102488056
1344,0.07763946
1345,0.0018326882
1346,0.58444786
1347,0.010351863
1348,0.2926766
1349,0.26415074
1350,0.99929035
1351,0.26992315
1352,0.5238629
1353,0.7437593
1354,0.7539305
1355,0.14491948
1356,0.12558223
1357,0.11920848
1358,0.17545687
1359,0.01363561
1360,0.0017246503
1361,0.9991924
1362,0.0430741
1363,0.00058346114
1364,0.0005882319
1365,0.0024300863
1366,0.21842776
1367,0.011633443
1368,0.5282454
1369,0.0108084055
1370,0.14990804
1371,0.00015822033
1372,0.1584126
1373,0.15156743
1374,0.99889237
1375,0.033512335
1376,0.04264733
1377,0.9999105
1378,0.0111406455
1379,0.6953829
1380,0.17193747
1381,0.23262928
1382,0.05612786
1383,0.24186116
1384,0.99991155
1385,0.083095506
1386,0.0021449234
1387,0.04767046
1388,0.99916506
1389,0.98687243
1390,0.99886477
1391,0.007298628
1392,0.041731138
1393,0.47263405
1394,0.042392552
1395,0.049994513
1396,0.011208747
1397,0.028618563
1398,0.092486046
1399,8.806645e-05
1400,0.18235016
1401,0.019993443
1402,0.11245217
1403,0.30892837
1404,0.0063376245
1405,0.41094393
1406,0.002968436
1407,0.027473602
1408,0.026988119
1409,0.06434834
1410,0.009652386
1411,0.03186513
1412,0.99944025
1413,0.17792632
1414,0.0027329817
1415,0.35525754
1416,0.7181847
1417,0.22917525
1418,0.99916124
1419,0.18883547
1420,0.99982375
1421,0.007480053
1422,0.27535373
1423,0.039673943
1424,0.0008669548
1425,0.76361966
1426,0.08658844
1427,0.13542423
1428,0.07049896
1429,0.14428657
1430,0.9989849
1431,0.7081382
1432,0.00537696
1433,0.0009491203
1434,0.9994036
1435,0.5836829
1436,0.3030421
1437,0.0025887622
1438,0.99911577
1439,0.020542476
1440,0.009428916
1441,0.814844
1442,0.045886643
1443,0.009471848
1444,0.04154215
1445,0.9953675
1446,0.08454134
1447,0.598065
1448,0.0024227018
1449,0.1918181
1450,0.45514572
1451,0.00958056
1452,0.016627925
1453,0.34764916
1454,0.004436079
1455,0.36012793
1456,0.07980358
1457,0.9999685
1458,0.9992022
1459,0.22937126
1460,0.00061273767
1461,0.1223719
1462,0.9992667
1463,0.07585094
1464,0.0045842426
1465,0.71871674
1466,0.23130605
1467,0.02023895
1468,0.087630376
1469,0.26249343
1470,0.26240212
1471,0.011096565
1472,0.008829681
1473,0.2112818
1474,0.60451
1475,0.00402847
1476,0.007590829
1477,0.9981883
1478,0.62851906
1479,0.0549986
1480,0.23945682
1481,0.15170884
1482,0.12638779
1483,0.00044746918
1484,0.06843838
1485,0.0056161177
1486,0.005936329
1487,0.0033440986
1488,0.008337777
1489,0.9999467
1490,0.010289816
1491,0.11412461
1492,0.04181191
1493,0.12077274
1494,0.60405695
1495,0.3746653
1496,0.23351607
1497,0.1013884
1498,0.011017462
1499,0.74307525
1500,0.9993455
1501,0.0065086344
1502,0.027897982
1503,0.23152377
1504,0.012308372
1505,0.0028252567
1506,0.052673176
1507,0.03629249
1508,0.10172036
1509,0.01392442
1510,0.38857928
1511,0.15226904
1512,0.013848786
1513,0.0062189167
1514,0.63719505
1515,0.32051015
1516,0.75566185
1517,0.0074928864
1518,0.10711802
1519,0.050964653
1520,0.019995399
1521,0.20282139
1522,0.040029947
1523,0.028501704
1524,0.028516075
1525,0.58214885
1526,0.08801311
1527,0.99911267
1528,0.057302535
1529,0.99942744
1530,0.25610697
1531,0.0002937543
1532,0.5037324
1533,0.03587314
1534,0.99992764
1535,0.09963221
1536,0.15939602
1537,0.010944201
1538,0.256649
1539,0.0454174
1540,0.00017812279
1541,0.18629429
1542,0.9931717
1543,0.06477294
1544,0.87139595
1545,0.018435378
1546,0.000111759706
1547,0.1520926
1548,0.24520814
1549,0.1045416
1550,0.08392488
1551,0.021685665
1552,0.0056154123
1553,0.0013075261
1554,0.041030012
1555,0.998307
1556,0.05746413
1557,0.9994648
1558,0.4724492
1559,0.34289512
1560,0.2659293
1561,0.0072437217
1562,0.021979151
1563,0.05333335
1564,8.747822e-05
1565,0.23664
1566,0.012120764
1567,0.038442373
1568,0.74945295
1569,0.9993981
1570,0.01734212
1571,0.005561635
1572,0.5588857
1573,0.8244528
1574,0.00026804753
1575,0.9999709
1576,0.13292904
1577,0.0042729834
1578,0.07596973
1579,0.7196161
1580,0.036151838
1581,0.11009785
1582,0.00041769247
1583,0.20782034
1584,0.9990127
1585,0.124499045
1586,0.009824456
1587,0.1784976
1588,0.6818558
1589,0.5684157
1590,0.013690335
1591,0.31969103
1592,0.19821808
1593,0.051822487
1594,0.0048345253
1595,0.99912506
1596,0.02232605
1597,0.6582243
1598,0.99936587
1599,0.31143603
1600,0.9993144
1601,0.95806193
1602,0.09898424
1603,0.002450129
1604,0.00025504435
1605,0.0046306103
1606,0.0009886709
1607,0.0065810336
1608,0.011076051
1609,0.9999175
1610,0.09581253
1611,0.46474767
1612,0.4115124
1613,0.14686571
1614,0.22659297
1615,0.012230763
1616,0.9999422
1617,0.05826927
1618,0.0015992807
1619,0.9975908
1620,0.00029811816
1621,0.0958618
1622,0.064758964
1623,0.1771181
1624,0.013087404
1625,0.10915258
1626,0.06957926
1627,0.052610822
1628,0.999897
1629,0.2661465
1630,0.28588337
1631,0.045477025
1632,0.99989307
1633,0.99925786
1634,0.015393111
1635,0.004153344
1636,0.03977038
1637,0.16911171
1638,0.10387158
1639,0.34391472
1640,0.72619814
1641,0.0041900617
1642,0.9992804
1643,0.007571553
1644,0.28990388
1645,0.49130327
1646,0.0010451553
1647,0.0002827257
1648,0.14436798
1649,0.00077304814
1650,0.043943916
1651,0.022614071
1652,0.026208779
1653,0.13125773
1654,0.01220193
1655,0.91701835
1656,0.061481893
1657,0.31433368
1658,0.0637448
1659,0.037044246
1660,0.04159173
1661,0.1330345
1662,0.008096265
1663,0.00041483462
1664,0.122411996
1665,0.6428869
1666,0.06614488
1667,0.82073694
1668,0.17458768
1669,0.006644917
1670,0.0039020532
1671,0.5390942
1672,0.037161592
1673,0.12336069
1674,0.15729444
1675,0.023086898
1676,0.06960774
1677,0.09110919
1678,0.025840338
1679,0.118171565
1680,0.25778252
1681,0.0003409547
1682,0.0035537092
1683,0.7062619
1684,0.11315198
1685,0.21865317
1686,0.12499803
1687,0.15485464
1688,0.9985586
1689,0.23465341
1690,0.09357413
1691,0.12234644
1692,0.06270097
1693,0.14272745
1694,0.16126563
1695,0.9995301
1696,0.18562262
1697,0.2946667
1698,0.99984443
1699,0.9985586
1700,0.56571174
1701,0.0014311369
1702,0.009069776
1703,0.00011659602
1704,0.14401513
1705,0.00041841538
1706,0.99982905
1707,0.037744395
1708,0.005821778
1709,0.9995372
1710,0.026246622
1711,0.9993455
1712,0.22057132
1713,0.013143017
1714,0.031998474
1715,0.27398747
1716,0.13051115
1717,0.63662356
1718,0.78898525
1719,0.2680688
1720,0.9993876
1721,0.67196554
1722,0.08485614
1723,0.5404277
1724,0.020166222
1725,0.019127239
1726,0.29961163
1727,0.08399318
1728,0.09067781
1729,0.44819856
1730,0.5742156
1731,0.04474032
1732,0.114588276
1733,0.00015695812
1734,0.18439317
1735,0.65059227
1736,0.9995598
1737,0.9512373
1738,0.9992792
1739,0.14681727
1740,0.6218607
1741,0.16433981
1742,0.08164298
1743,0.17586273
1744,0.043036014
1745,0.03551608
1746,0.10282981
1747,0.23022988
1748,0.000275043
1749,0.061327953
1750,0.005350283
1751,0.024656132
1752,0.00047675238
1753,0.00062031735
1754,0.120495535
1755,0.0012610412
1756,0.66654676
1757,0.047860116
1758,0.0117739085
1759,0.2962359
1760,0.0138103
1761,0.17956601
1762,0.99953496
1763,0.06563023
1764,0.062200114
1765,0.07896113
1766,0.06078917
1767,0.0049402774
1768,0.48734835
1769,0.7651541
1770,0.10858741
1771,0.24643666
1772,0.00011489228
1773,0.31733313
1774,0.02957349
1775,0.007557742
1776,0.07372853
1777,0.25001118
1778,0.99946195
1779,0.035188433
1780,0.041279778
1781,0.6999587
1782,0.014107935
1783,0.8543753
1784,0.025413115
1785,0.03144046
1786,0.99949753
1787,0.99919266
1788,0.5535249
1789,0.669579
1790,0.10241091
1791,0.23334077
1792,0.122695275
1793,0.05973086
1794,0.989817
1795,0.04636235
1796,0.57488364
1797,0.052739657
1798,0.99903095
1799,0.05663669
1800,0.0020336476
1801,0.9995802
1802,0.0023138423
1803,0.02275134
1804,0.00022763903
1805,0.072167665
1806,0.04555868
1807,0.20156516
1808,0.08237865
1809,0.0014572643
1810,0.9992694
1811,0.57488364
1812,0.00049577217
1813,0.7554108
1814,0.15229018
1815,0.003508638
1816,0.23412178
1817,0.008441387
1818,0.00023064016
1819,0.036241245
1820,0.99958915
1821,0.022231739
1822,0.007684084
1823,0.6688888
1824,0.020264955
1825,0.9999143
1826,0.0026151575
1827,0.011266089
1828,0.15064114
1829,0.09009446
1830,0.09057747
1831,0.79162633
1832,0.12638749
1833,0.010418466
1834,0.9998344
1835,0.1709836
1836,0.004753131
1837,0.57006747
1838,0.07390042
1839,0.0001513763
1840,0.0055491934
1841,0.011352826
1842,0.10196844
1843,0.054043774
1844,0.016058052
1845,0.5951238
1846,0.03736405
1847,0.19429095
1848,0.007859569
1849,0.16428272
1850,0.66540426
1851,0.0005805439
1852,0.0029558544
1853,0.04637268
1854,0.007298628
1855,0.0070120147
1856,0.26099688
1857,0.045257587
1858,0.10571482
1859,0.16177236
1860,0.641047
1861,0.5659593
1862,0.010759968
1863,0.31223547
1864,0.9999125
1865,0.00020329686
1866,0.11031547
1867,0.9998765
1868,0.017639505
1869,0.99920815
1870,0.18764822
1871,0.073037036
1872,0.00038668516
1873,0.99936587
1874,0.0213526
1875,0.08724653
1876,0.0050629014
1877,0.9992539
1878,0.023608174
1879,0.014690114
1880,0.25686258
1881,0.011633443
1882,0.3019195
1883,0.20872642
1884,0.19829695
1885,0.9995598
1886,6.245239e-05
1887,0.020518893
1888,0.018030135
1889,0.07130544
1890,0.7140483
1891,0.99989426
1892,0.013034352
1893,0.02574241
1894,0.0084610265
1895,0.5873311
1896,0.054979663
1897,0.031318463
1898,0.006731391
1899,0.99943334
1900,0.00092545623
1901,0.78810805
1902,0.13193174
1903,0.805737
1904,0.037476562
1905,0.20200892
1906,0.7113631
1907,0.20840108
1908,0.9995372
1909,0.5885199
1910,0.6646836
1911,0.044955947
1912,0.12542917
1913,0.034731835
1914,0.3654165
1915,0.003558322
1916,0.99919266
1917,0.13666596
1918,0.06646435
1919,0.58998704
1920,0.99989426
1921,0.0112681985
1922,0.99993825
1923,0.7289134
1924,0.015772425
1925,0.17708968
1926,0.9994985
1927,0.022247292
1928,0.04052293
1929,0.3326046
1930,0.9989849
1931,0.69416016
1932,0.9994475
1933,0.20927969
1934,0.24359192
1935,0.004159867
1936,0.07793026
1937,0.027427964
1938,0.5671781
1939,0.086293
1940,0.13718943
1941,0.00013842966
1942,0.64974
1943,0.99903095
1944,0.0062685506
1945,0.010447768
1946,0.0038570287
1947,0.028232517
1948,0.9994892
1949,0.99797064
1950,0.47342327
1951,0.9992393
1952,0.34391472
1953,0.06788196
1954,0.031383015
1955,0.34999448
1956,0.114610344
1957,0.0888932
1958,0.080563
1959,0.21431592
1960,0.020544833
1961,0.51307505
1962,0.004110093
1963,0.43329838
1964,0.0058302544
1965,0.13794534
1966,0.0023902024
1967,0.0003763459
1968,0.044638332
1969,0.814844
1970,0.99944574
1971,0.3197795
1972,0.12043839
1973,0.052162636
1974,1.5531687e-05
1975,0.37910542
1976,0.1724237
1977,0.08064704
1978,0.06694193
1979,0.022612754
1980,0.036241017
1981,0.061701752
1982,0.70383817
1983,0.03469257
1984,0.056602284
1985,0.04487325
1986,0.00048329544
1987,0.1495391
1988,0.023100302
1989,0.095438674
1990,0.18745022
1991,0.08551516
1992,0.05555851
1993,0.986173
1994,0.99996126
1995,0.025539242
1996,0.022159364
1997,0.9989618
1998,0.002106578
1999,0.5836829
2000,0.21693039
2001,0.06349865
2002,0.0021813554
2003,0.0029424417
2004,0.03594573
2005,0.1296633
2006,0.20150097
2007,0.08750248
2008,0.30870882
2009,0.043582447
2010,0.41667426
2011,0.004159867
2012,0.9999685
2013,0.7494847
2014,0.07938704
2015,0.23725559
2016,0.05328755
2017,0.0025600744
2018,0.07326958
2019,0.0009904584
2020,0.016249623
2021,0.17810698
2022,0.23832607
2023,0.102804996
2024,0.9991763
2025,0.5543932
2026,0.99937254
2027,0.065919824
2028,0.7051727
2029,0.05568812
2030,0.0057011587
2031,0.002054858
2032,0.043733794
2033,0.1270582
2034,0.053842407
2035,0.022142261
2036,0.20129657
2037,0.51115394
2038,0.03605236
2039,0.017167414
2040,0.15948354
2041,0.99954045
2042,0.15533105
2043,0.9999019
2044,0.9990687
2045,0.4670636
2046,0.0009208872
2047,0.005571906
2048,0.010952013
2049,0.59329253
2050,0.5424017
2051,0.04557383
2052,0.02051344
2053,0.012196304
2054,0.10599751
2055,0.01990391
2056,0.0040974515
2057,0.029113306
2058,0.093121834
2059,0.11664268
2060,0.007966806
2061,0.015921641
2062,0.19948804
2063,0.015532648
2064,0.2277749
2065,0.060520917
2066,0.9973022
2067,0.079458475
2068,0.9987569
2069,0.00865938
2070,0.45096725
2071,0.13227832
2072,0.83662325
2073,0.42335576
2074,0.07576983
2075,0.0005817151
2076,0.9993098
2077,0.13804035
2078,0.07239807
2079,0.0900187
2080,0.66864264
2081,0.18185055
2082,0.9995345
2083,0.26950794
2084,0.9992539
2085,0.013563687
2086,0.4181369
2087,0.11753992
2088,0.6884629
2089,0.013034352
2090,0.7494847
2091,0.00031566675
2092,0.1471072
2093,0.5305235
2094,0.9995819
2095,0.00016514998
2096,0.9999038
2097,0.999897
2098,0.29952568
2099,0.999458
2100,0.0016685318
2101,0.0679427
2102,0.08381833
2103,0.005016112
2104,0.31334075
2105,0.00062597636
2106,0.23779744
2107,0.99929357
2108,0.0077331453
2109,0.06448991
2110,0.986173
2111,0.17708275
2112,0.05922348
2113,0.011056153
2114,0.3407865
2115,0.13242708
2116,0.22519279
2117,0.18505895
2118,0.99989426
2119,0.0064892964
2120,0.06864954
2121,0.093671165
2122,0.014352254
2123,0.07185016
2124,0.0009476832
2125,0.0704427
2126,0.9985648
2127,0.5836829
2128,0.4136243
2129,0.99899906
2130,0.12919447
2131,0.9993358
2132,0.06610742
2133,0.8475485
2134,0.06985036
2135,0.046375338
2136,0.47078204
2137,0.00017079459
2138,0.043097455
2139,0.010274075
2140,0.017957117
2141,0.19362707
2142,0.9988772
2143,0.99990153
2144,0.99993825
2145,0.5589341
2146,0.55076903
2147,0.99965894
2148,0.08050637
2149,0.06399065
2150,0.010902383
2151,0.2542607
2152,0.005521902
2153,0.050261244
2154,0.094988845
2155,0.013163294
2156,0.08400164
2157,0.040075853
2158,0.051030006
2159,0.000928533
2160,7.7793324e-05
2161,0.27457675
2162,0.2274243
2163,0.4990832
2164,0.0107956985
2165,0.004169306
2166,0.075580806
2167,0.0020728617
2168,0.9858326
2169,0.21505943
2170,0.00288014
2171,0.13476774
2172,0.5951238
2173,0.9994337
2174,0.9999422
2175,0.0002676841
2176,0.015397044
2177,0.9996542
2178,0.0031978032
2179,0.00042783775
2180,0.0071357354
2181,0.02288886
2182,0.051871784
2183,0.004185295
2184,0.04037476
2185,0.9922883
2186,0.9994267
2187,0.47398472
2188,0.00033511332
2189,0.9994116
2190,0.00016236272
2191,0.051003896
2192,0.016924186
2193,0.018495185
2194,0.048030186
2195,0.17168754
2196,0.16755687
2197,0.27181837
2198,0.34735137
2199,0.5549006
2200,0.0010122595
2201,0.0060557937
2202,0.00065831176
2203,0.124841146
2204,0.9990121
2205,0.058451355
2206,0.28410184
2207,0.7437725
2208,0.08934091
2209,0.9993104
2210,0.7805113
2211,0.013841234
2212,0.026587246
2213,0.9988194
2214,0.9941083
2215,0.21146403
2216,0.18518174
2217,0.00028332986
2218,9.357512e-05
2219,0.7563624
2220,0.020239357
2221,0.0005808037
2222,0.23042507
2223,0.07111308
2224,0.018070424
2225,0.08631864
2226,0.49213868
2227,0.2631472
2228,0.5424671
2229,0.011325825
2230,0.99743915
2231,0.13085394
2232,0.00041471305
2233,0.20745361
2234,0.07399519
2235,0.87139595
2236,0.105489515
2237,0.049462527
2238,0.10305179
2239,0.008635658
2240,0.0020037098
2241,0.047995847
2242,0.008754958
2243,0.118401766
2244,0.56214976
2245,0.00044177248
2246,0.9975068
2247,0.73772204
2248,0.99968743
2249,0.45378074
2250,0.7806544
2251,0.9995516
2252,0.00019105039
2253,0.9980209
2254,0.054601047
2255,0.042159416
2256,0.08010106
2257,0.44633618
2258,0.6860894
2259,0.0016269262
2260,0.0884646
2261,0.028645243
2262,0.008612139
2263,0.9988158
2264,0.1020095
2265,0.24840038
2266,0.058200218
2267,0.6824045
2268,0.030992765
2269,0.4621399
2270,0.077902555
2271,0.9662542
2272,0.7058492
2273,0.10980049
2274,0.06847216
2275,0.004292021
2276,0.00826992
2277,0.9975948
2278,0.42291412
2279,0.0082631605
2280,0.51874983
2281,0.0030708397
2282,0.007529903
2283,0.04170781
2284,0.93038255
2285,0.6051994
2286,0.7773164
2287,0.20285599
2288,0.0029207587
2289,0.72427285
2290,0.06104749
2291,0.06579417
2292,0.9998915
2293,0.6655936
2294,0.05844673
2295,0.998872
2296,0.0002506755
2297,0.009230984
2298,0.016489327
2299,0.069816045
2300,0.9994899
2301,0.14222687
2302,0.998872
2303,0.1983162
2304,0.64201194
2305,0.06454054
2306,0.2933801
2307,0.14865695
2308,0.028069157
2309,0.007893362
2310,0.117993854
2311,0.99934846
2312,0.9997087
2313,0.99952185
2314,0.00045588525
2315,0.054803357
2316,0.6165297
2317,0.67525613
2318,0.99942136
2319,0.07955497
2320,0.3095014
2321,0.12033412
2322,0.0002935754
2323,0.0095931515
2324,0.41688743
2325,0.17863816
2326,0.29139706
2327,0.13183366
2328,0.9998802
2329,0.9994319
2330,0.99917513
2331,0.012893324
2332,0.024050465
2333,0.30838662
2334,0.90095943
2335,0.14201982
2336,0.12238442
2337,0.99925774
2338,0.21834055
2339,0.9984175
2340,0.005080574
2341,0.003998443
2342,0.0011169678
2343,0.031836573
2344,0.99906176
2345,0.36887035
2346,0.00034386586
2347,0.99989426
2348,0.9992539
2349,0.99940383
2350,0.38266
2351,0.006005645
2352,0.0016257912
2353,0.99886715
2354,0.9987833
2355,0.0008870896
2356,0.3924648
2357,0.69280446
2358,0.0002067317
2359,0.11141526
2360,0.117698245
2361,0.38946852
2362,0.9992667
2363,0.00029853455
2364,0.10420121
2365,0.6337409
2366,0.13837571
2367,0.10161415
2368,0.040212464
2369,0.00527746
2370,0.77460676
2371,0.0058933785
2372,0.14917679
2373,0.05549624
2374,0.03512046
2375,0.9996346
2376,0.99814343
2377,0.17080565
2378,0.019331684
2379,0.06830395
2380,0.0018805778
2381,0.9988896
2382,0.005685009
2383,0.007079984
2384,0.18747865
2385,0.9992694
2386,0.12261629
2387,0.018305296
2388,0.00080673106
2389,0.09851596
2390,0.11826673
2391,0.0021200306
2392,0.99992836
2393,0.08993632
2394,0.08345044
2395,0.4837952
2396,0.9989667
2397,0.6451398
2398,0.51115394
2399,0.27644137
2400,0.02168728
2401,0.056271356
2402,0.00079361344
2403,0.13602506
2404,0.9995172
2405,0.9993388
2406,0.30011275
2407,0.06430858
2408,0.16783515
2409,0.16252759
2410,0.017282447
2411,0.041908327
2412,0.25287756
2413,0.004057167
2414,0.080531105
2415,0.99930274
2416,0.00014937036
2417,0.030221341
2418,0.7716653
2419,0.00012074183
2420,0.9999151
2421,0.10279294
2422,0.0005642521
2423,0.009301195
2424,0.006804566
2425,0.008141192
2426,0.013954064
2427,0.008404759
2428,0.006637773
2429,0.020028615
2430,0.12245894
2431,0.119337976
2432,0.9995516
2433,0.17992282
2434,0.6026994
2435,0.07853293
2436,0.15806891
2437,0.9986319
2438,0.00060337
2439,0.009577009
2440,0.034476984
2441,0.27927056
2442,0.24590538
2443,0.0017973002
2444,0.7691735
2445,0.004757082
2446,0.7346916
2447,0.20824169
2448,0.11527021
2449,0.039086502
2450,0.0029698506
2451,0.0049662823
2452,0.06839755
2453,0.059744462
2454,0.06211551
2455,0.0067287805
2456,0.06698567
2457,0.05042964
2458,0.008669701
2459,0.99928254
2460,0.06500594
2461,0.2366247
2462,0.031672716
2463,0.020435348
2464,0.48415422
2465,0.0684528
2466,0.9990662
2467,0.117163755
2468,0.00040656092
2469,0.04353185
2470,0.037014928
2471,0.9965463
2472,0.9993098
2473,0.075774334
2474,0.03999035
2475,0.69769233
2476,0.17502877
2477,0.00028616792
2478,0.00045402368
2479,0.007174191
2480,0.87402266
2481,0.11869018
2482,0.5951238
2483,0.012379096
2484,0.07117829
2485,0.18522404
2486,0.014866352
2487,0.0125169875
2488,0.059212573
2489,0.087807514
2490,0.065782465
2491,0.09960553
2492,0.02964155
2493,0.69642556
2494,0.010078991
2495,0.07402848
2496,0.046203837
2497,0.64079946
2498,0.22687641
2499,0.0003610954
2500,0.0049089426
2501,0.18784034
2502,0.25479022
2503,0.5586374
2504,0.06354033
2505,0.0070506562
2506,0.9999325
2507,0.60017085
2508,0.99990153
2509,0.049538065
2510,0.4330871
2511,0.04304995
2512,0.21505943
2513,0.34471864
2514,0.99911267
2515,0.037721775
2516,0.0052241907
2517,0.0047191284
2518,0.046630483
2519,0.00031960433
2520,0.0032191302
2521,0.0021166347
2522,0.116910316
2523,0.69767046
2524,0.104309715
2525,0.08668408
2526,0.11661516
2527,0.9993513
2528,0.9994122
2529,0.5882229
2530,0.054490697
2531,0.46226025
2532,0.03873057
2533,0.26278138
2534,0.43981588
2535,0.03436941
2536,0.0005460854
2537,0.6018057
2538,0.9979101
2539,0.3471156
2540,0.9994979
2541,0.00012893678
2542,0.00061396963
2543,0.99930286
2544,0.13271984
2545,0.14314254
2546,0.9995819
2547,0.00082926085
2548,0.6097055
2549,0.1948805
2550,0.015251429
2551,0.006780035
2552,0.20090745
2553,0.012853852
2554,0.0160827
2555,0.9398451
2556,0.0067075794
2557,0.21275444
2558,0.0007202245
2559,0.10456223
2560,0.05153779
2561,0.07382676
2562,0.032812115
2563,0.58925706
2564,0.039114352
2565,0.110643186
2566,0.010920184
2567,0.2740923
2568,0.000120467084
2569,0.042647045
2570,0.00013407899
2571,0.22108437
2572,0.14929496
2573,0.004110093
2574,0.08122642
2575,0.029432056
2576,0.05672803
2577,0.3967382
2578,0.99203205
2579,0.45674255
2580,0.22286747
2581,0.2506984
2582,0.82299817
2583,0.007714218
2584,0.005162862
2585,0.4999024
2586,0.9995185
2587,0.6946807
2588,0.78522015
2589,0.04558408
2590,0.14905491
2591,0.9999404
2592,0.08202304
2593,0.10469685
2594,0.0039031103
2595,0.013210788
2596,0.0047726147
2597,0.04145908
2598,0.10099688
2599,0.001532928
2600,0.041259177
2601,0.005527351
2602,0.99989426
2603,0.0075520715
2604,0.054119382
2605,0.25973153
2606,0.986173
2607,0.99903095
2608,0.51611024
2609,0.008061027
2610,0.80534863
2611,0.70598966
2612,0.99894327
2613,0.08985659
2614,0.021011328
2615,0.0048218304
2616,0.99922836
2617,0.15419328
2618,0.004266263
2619,0.05163942
2620,0.1611098
2621,0.011778781
2622,0.29306766
2623,0.99963677
2624,0.9990127
2625,0.5721955
2626,0.0016667418
2627,0.99987555
2628,0.00620829
2629,0.18637909
2630,0.7483729
2631,0.41499108
2632,0.4579381
2633,0.0924088
2634,0.09463994
2635,0.0015995413
2636,0.4210767
2637,4.151447e-05
2638,0.70588064
2639,0.084785365
2640,0.9990687
2641,0.7116004
2642,0.11660655
2643,0.10510879
2644,0.0020069976
2645,0.24963322
2646,0.2550051
2647,0.10005866
2648,0.2763644
2649,0.0026152832
2650,0.40614295
2651,0.14191481
2652,0.0025293566
2653,0.026204186
2654,0.7373739
2655,0.11572007
2656,0.60793024
2657,0.07453099
2658,0.10282024
2659,0.081947796
2660,0.00017536776
2661,0.6064141
2662,0.1788651
2663,0.9999685
2664,0.2686723
2665,0.2504495
2666,0.00075705955
2667,0.13495727
2668,0.7304217
2669,0.012653524
2670,0.99914014
2671,0.00073563034
2672,0.9989254
2673,0.07332025
2674,0.0074392585
2675,0.0034442868
2676,0.084898114
2677,0.00496016
2678,0.95923465
2679,0.27427757
2680,0.99989617
2681,0.5572091
2682,0.004122443
2683,0.19796401
2684,0.8912272
2685,0.34394476
2686,0.00046854798
2687,0.05981427
2688,0.3004901
2689,0.011225634
2690,0.013418542
2691,0.00020614259
2692,0.14197215
2693,0.010996787
2694,0.8662805
2695,0.26114717
2696,0.0046615927
2697,0.232581
2698,0.03256889
2699,0.1581484
2700,0.4967091
2701,0.28489393
2702,0.9996176
2703,0.5680408
2704,0.28080517
2705,0.037081297
2706,0.99933654
2707,0.42274138
2708,0.0007834212
2709,0.0020488142
2710,0.00891536
2711,0.0009737205
2712,0.21188861
2713,0.99942136
2714,0.99374676
2715,0.057969417
2716,0.0027070593
2717,0.00973189
2718,0.0043629124
2719,0.06123977
2720,0.011017462
2721,0.100760594
2722,0.016961513
2723,0.011289038
2724,0.24658115
2725,0.20591883
2726,0.9992754
2727,0.5888836
2728,0.20462184
2729,0.032638874
2730,0.9992539
2731,0.047097195
2732,0.7255769
2733,0.08942903
2734,0.08421005
2735,0.011030906
2736,0.99903095
2737,0.011056153
2738,0.03247452
2739,0.08360051
2740,0.3890561
2741,0.3308978
2742,0.06479142
2743,0.017921625
2744,0.9987205
2745,0.008732984
2746,0.077562384
2747,0.08058037
2748,0.93038255
2749,0.0114994515
2750,0.020404393
2751,0.9994087
2752,0.069636315
2753,0.022510523
2754,0.99920815
2755,0.9991924
2756,0.99918574
2757,0.09309611
2758,0.01448986
2759,0.7304217
2760,3.5361612e-05
2761,0.13581756
2762,0.04226515
2763,0.005232779
2764,0.76545143
2765,0.23445624
2766,0.26324707
2767,0.05084926
2768,0.5629654
2769,0.09883037
2770,0.9989184
2771,0.35578254
2772,0.023982072
2773,0.04086629
2774,0.28615135
2775,0.080101535
2776,0.99986374
2777,0.07917695
2778,0.0037964247
2779,0.23398472
2780,0.0060608247
2781,0.09092562
2782,0.21956769
2783,0.1533651
2784,0.14661053
2785,0.8589114
2786,0.022527652
2787,0.026520655
2788,0.12248707
2789,0.029554835
2790,0.029738829
2791,0.28077424
2792,0.6762528
2793,0.15594843
2794,0.9901956
2795,0.99919266
2796,0.008633295
2797,0.52234846
2798,0.0011633625
2799,0.3850833
2800,0.018005565
2801,0.00033211315
2802,0.10027295
2803,0.0139801605
2804,0.33431256
2805,0.43101832
2806,0.11375366
2807,0.057937484
2808,0.14385061
2809,0.015918698
2810,0.99914014
2811,0.21865317
2812,0.31835213
2813,0.0023435983
2814,0.6066256
2815,0.021686282
2816,0.0139801605
2817,0.00049112155
2818,0.08034711
2819,0.4704316
2820,0.0017705668
2821,0.04636252
2822,0.002216876
2823,4.20216e-05
2824,7.03751e-05
2825,0.2766482
2826,0.5880465
2827,0.04488814
2828,0.24523076
2829,0.26500154
2830,0.60165256
2831,0.062063545
2832,0.21512318
2833,0.008048998
2834,0.34497172
2835,0.020132292
2836,0.05384203
2837,0.0064599267
2838,0.9998822
2839,0.022324262
2840,0.9991554
2841,0.061287705
2842,0.0002993374
2843,0.057004694
2844,0.0022122073
2845,0.00011041337
2846,0.16976155
2847,0.004203587
2848,0.0011352596
2849,0.99867886
2850,0.0038736465
2851,0.9999044
2852,0.06757064
2853,0.014656519
2854,0.013563687
2855,0.0062649366
2856,0.71292585
2857,0.3058985
2858,0.07855524
2859,0.009018639
2860,0.9988896
2861,0.00014587551
2862,0.069041885
2863,0.9986319
2864,0.0002544272
2865,0.100332245
2866,0.99932575
2867,0.77277344
2868,0.55642897
2869,0.10893285
2870,0.99992836
2871,0.9984175
2872,0.010367936
2873,0.1299241
2874,0.015039542
2875,0.034746554
2876,0.99917346
2877,0.20031202
2878,0.14653721
2879,0.0076871132
2880,0.10177194
2881,0.025648987
2882,0.099036045
2883,0.99984443
2884,0.003594593
2885,0.07565001
2886,0.011017814
2887,0.022024196
2888,0.045375418
2889,0.5401733
2890,0.00032301398
2891,0.00032617603
2892,0.08293813
2893,0.02125622
2894,0.00013955394
2895,0.00070149923
2896,0.00652004
2897,0.21592312
2898,0.45145187
2899,0.99914014
2900,0.99912304
2901,0.87628645
2902,0.0018326882
2903,0.0136948805
2904,0.08124288
2905,0.0013244571
2906,0.036596674
2907,0.0015995413
2908,0.041877065
2909,0.174696
2910,0.25039595
2911,0.99941146
2912,0.060472216
2913,0.01824945
2914,0.5670847
2915,0.0004349121
2916,0.020068994
2917,0.99911934
2918,0.006215396
2919,0.28115913
2920,7.882893e-05
2921,0.57006747
2922,0.15742972
2923,0.003435512
2924,0.039925896
2925,0.0015371939
2926,0.057042886
2927,0.0030477336
2928,0.17583716
2929,0.14625025
2930,0.009927257
2931,0.07590156
2932,9.5258554e-05
2933,0.21404083
2934,0.12716076
2935,0.1733991
2936,0.09446259
2937,0.06014944
2938,0.17806967
2939,0.0011415179
2940,0.15882635
2941,0.0074352464
2942,0.9993393
2943,0.99930286
2944,0.15371293
2945,0.7186524
2946,0.100932874
2947,0.397927
2948,0.99958223
2949,0.0066332845
2950,0.038043834
2951,0.9990447
2952,0.13520528
2953,0.001916523
2954,0.99930274
2955,0.21505943
2956,0.0907062
2957,0.054519106
2958,0.17090449
2959,0.095522925
2960,0.10192856
2961,0.4217318
2962,0.1502482
2963,0.13723424
2964,0.092436835
2965,0.32182539
2966,0.22623238
2967,0.011056153
2968,0.006579248
2969,0.006306435
2970,0.08830217
2971,0.098912306
2972,0.0006966876
2973,0.006759588
2974,0.02571425
2975,0.005886697
2976,0.0040731793
2977,0.05151091
2978,0.9993635
2979,0.11016162
2980,0.99899906
2981,0.044221397
2982,0.00038693592
2983,0.09858715
2984,0.83474785
2985,0.38773206
2986,0.9996401
2987,0.9891495
2988,0.070697755
2989,0.9993886
2990,0.0040588574
2991,0.009318325
2992,0.7694062
2993,0.68522376
2994,0.9995029
2995,0.040647224
2996,0.4423531
2997,0.2152512
2998,0.034457747
2999,0.12404997
3000,0.02185012
3001,0.9992667
3002,0.99944025
3003,0.35363895
3004,0.053254426
3005,0.12509227
3006,0.00017824581
3007,0.083976366
3008,0.2514422
3009,0.2690702
3010,0.029668583
3011,0.21956769
3012,0.7852829
3013,0.0149547625
3014,0.99896383
3015,0.044425633
3016,0.033521637
3017,0.12182525
3018,0.02696126
3019,0.9966114
3020,0.0038197362
3021,0.9992957
3022,0.041054595
3023,0.4228448
3024,0.9965258
3025,0.010611471
3026,0.009477178
3027,0.24300829
3028,0.99956673
3029,0.0003802436
3030,0.047465775
3031,0.0041226293
3032,0.03613772
3033,0.0047158753
3034,0.99955183
3035,0.09736881
3036,0.27691457
3037,0.0011415179
3038,0.039599422
3039,0.14008358
3040,0.9990662
3041,0.18848719
3042,0.011024358
3043,0.10204894
3044,0.01015812
3045,0.8211855
3046,0.015472194
3047,0.035648122
3048,0.03567299
3049,0.023701986
3050,0.042515796
3051,0.6267209
3052,0.0035348397
3053,0.00944283
3054,0.107138045
3055,0.90766805
3056,0.056163583
3057,0.3137116
3058,0.95422953
3059,0.0020916366
3060,0.9995943
3061,0.8122776
3062,0.9991825
3063,0.07283151
3064,0.07590387
3065,0.47747824
3066,0.13366546
3067,0.9996424
3068,0.04227109
3069,0.0018329212
3070,0.17904367
3071,0.99132735
3072,0.02225463
3073,0.00031343472
3074,0.23445624
3075,0.0056160325
3076,0.00404027
3077,0.052136496
3078,0.004110093
3079,0.10581613
3080,0.03088592
3081,0.12968369
3082,0.04534517
3083,0.06301478
3084,0.99911934
3085,0.9994324
3086,0.102247946
3087,0.096454225
3088,0.00968737
3089,0.0079992665
3090,0.006270446
3091,0.0005051322
3092,0.9994648
3093,0.21280077
3094,0.06681486
3095,0.14520498
3096,0.15550824
3097,0.010071705
3098,0.062225584
3099,0.45514572
3100,0.08090713
3101,0.17705724
3102,0.08067061
3103,0.00040942754
3104,0.00040033032
3105,0.16389292
3106,0.83780617
3107,0.5844498
3108,0.007083629
3109,0.58080983
3110,0.39757574
3111,0.9993222
3112,0.0019314921
3113,0.7426551
3114,0.015773809
3115,0.0064656674
3116,0.99958223
3117,0.99919266
3118,0.0076920358
3119,0.15381649
3120,0.13980752
3121,0.0051099123
3122,0.10425106
3123,0.17590953
3124,0.9999325
3125,0.049244612
3126,0.99990034
3127,0.0038172929
3128,0.006030486
3129,0.62412983
3130,0.6529238
3131,0.53668034
3132,0.13306722
3133,0.99899906
3134,0.23254524
3135,0.001643839
3136,0.17805332
3137,0.9994844
3138,0.20084779
3139,0.25480965
3140,0.0037909406
3141,0.023100302
3142,0.9994036
3143,0.0008678218
3144,0.11242039
3145,0.070046134
3146,0.0720492
3147,0.07863219
3148,0.0033471384
3149,0.23901282
3150,0.089065135
3151,0.10865806
3152,0.06930903
3153,0.2328406
3154,0.29862082
3155,0.027192645
3156,0.0077093504
3157,0.2691023
3158,0.24973635
3159,0.99837
3160,0.011338187
3161,0.99775606
3162,0.038993936
3163,0.0018033055
3164,0.44759712
3165,0.00012945085
3166,0.00032362895
3167,0.9982553
3168,0.43072125
3169,0.9989202
3170,0.07502593
3171,0.10741354
3172,0.007459447
3173,0.2425466
3174,0.99951196
3175,0.0030708397
3176,0.19936709
3177,0.99989307
3178,0.19479306
3179,0.0044731554
3180,0.25392586
3181,0.67919564
3182,0.035497308
3183,0.46380556
3184,0.028347388
3185,0.19993477
3186,0.0036548753
3187,0.08549185
3188,0.14345965
3189,0.06927376
3190,0.013732016
3191,0.0028374796
3192,0.006870779
3193,0.12588687
3194,0.9996074
3195,0.1489498
3196,0.07448424
3197,0.0060542645
3198,0.14767717
3199,0.76091355
3200,0.16827886
3201,0.08073508
3202,0.9990447
3203,0.08803662
3204,0.9993437
3205,0.026239196
3206,0.9994261
3207,0.99923277
3208,0.5987228
3209,0.01987192
3210,0.0050468985
3211,0.7330997
3212,0.4213415
3213,0.99797064
3214,0.016740495
3215,0.9998466
3216,0.021557968
3217,0.24080993
3218,0.003662473
3219,0.0038462144
3220,0.0765396
3221,8.8338296e-05
3222,0.99929726
3223,0.010225522
3224,0.056926742
3225,4.2703385e-05
3226,0.083275825
3227,0.007893362
3228,0.99995005
3229,0.024457345
3230,0.22692187
3231,0.013223555
3232,0.03750582
3233,0.0574018
3234,0.013733322
3235,0.7330997
3236,0.36661643
3237,0.053312916
3238,0.04483996
3239,0.060412187
3240,0.006234682
3241,0.09538151
3242,0.042192403
3243,0.6554457
3244,0.06657011
3245,0.9989184
3246,0.11753992
3247,0.10397924
3248,0.05324357
3249,0.079536796
3250,0.71551514
3251,0.03009323
3252,0.017269373
3253,0.12137284
3254,0.00059004535
3255,0.3221892
3256,0.9996176
3257,0.34289512
3258,0.45927945
3259,0.12038604
3260,0.7210063
3261,0.07097389
3262,0.106147416
3263,0.0035646695
3264,0.9994499
3265,0.026070382
3266,0.44140565
3267,0.9994306
3268,0.026341353
3269,0.000740246
3270,0.25648165
3271,0.0044054263
3272,0.08103561
3273,0.031627588
3274,0.25297958
3275,0.108502455
3276,0.003089714
3277,0.1897511
3278,0.0005393326
3279,0.9998673
3280,0.60624784
3281,0.02689771
3282,0.99935824
3283,0.081532925
3284,0.09521729
3285,0.16100301
3286,0.13101614
3287,0.022800999
3288,0.008298883
3289,0.0111168325
3290,0.0054730107
3291,0.040473714
3292,0.0037022333
3293,0.0537947
3294,0.006655886
3295,0.032805163
3296,0.0011717572
3297,0.042021647
3298,0.9999485
3299,0.0794189
3300,0.041205574
3301,0.079866074
3302,0.64347035
3303,0.084964305
3304,0.9991924
3305,0.09789759
3306,0.005080295
3307,0.9990687
3308,0.014928176
3309,0.78898525
3310,0.056085743
3311,0.0020960574
3312,0.7511011
3313,0.23314771
3314,0.010043438
3315,0.00432499
3316,0.005016395
3317,0.14006074
3318,0.33364448
3319,0.09718325
3320,0.032052282
3321,0.57750654
3322,0.1177741
3323,0.064963475
3324,3.4480716e-05
3325,0.2726392
3326,0.0015617559
3327,0.00031435734
3328,0.81061673
3329,0.7032991
3330,0.04550174
3331,0.0156551
3332,0.002402837
3333,0.6928165
3334,0.5425949
3335,0.00018742676
3336,0.998872
3337,0.22340244
3338,0.012625116
3339,0.020590872
3340,0.00011738966
3341,0.0017384398
3342,0.08623138
3343,0.008484754
3344,0.24250127
3345,0.00040659792
3346,0.0030383666
3347,0.9991265
3348,0.42302626
3349,0.008247951
3350,0.121875234
3351,0.5085178
3352,0.05652668
3353,0.0030930322
3354,0.008046475
3355,0.053349733
3356,0.035284225
3357,0.08491182
3358,0.07319515
3359,0.0064230035
3360,0.99930537
3361,0.1581756
3362,3.1615462e-05
3363,0.038340464
3364,0.70754844
3365,0.29742336
3366,0.00023092555
3367,0.00040206744
3368,0.0037840426
3369,0.028430726
3370,0.027275173
3371,0.2902844
3372,0.7225051
3373,0.0077093504
3374,0.017711734
3375,0.6891107
3376,0.00010000801
3377,0.17635384
3378,0.76462895
3379,0.6946749
3380,0.13539079
3381,0.014210577
3382,0.04187829
3383,0.09389657
3384,0.09484416
3385,0.010959076
3386,0.4509612
3387,0.010329405
3388,0.0034261572
3389,0.0057948814
3390,0.0026700685
3391,0.12814021
3392,0.0014149231
3393,0.17247806
3394,0.9992804
3395,0.76327866
3396,0.18824324
3397,0.55478317
3398,0.0753615
3399,0.05957198
3400,0.4381999
3401,0.00029275563
3402,0.022135617
3403,0.993454
3404,0.2358321
3405,0.025305202
3406,0.99937797
3407,0.08153784
3408,0.40952256
3409,0.010717504
3410,0.00032042045
3411,0.08687455
3412,0.09397803
3413,0.31936476
3414,0.00010051818
3415,0.9992792
3416,0.000901552
3417,0.016877655
3418,0.1716694
3419,0.5210375
3420,0.21197604
3421,0.15170057
3422,0.0007111629
3423,0.053540252
3424,0.121471584
3425,0.06082094
3426,0.052448295
3427,0.0024479704
3428,0.50763124
3429,0.033604912
3430,0.25939164
3431,0.0013218813
3432,0.15142483
3433,0.761717
3434,0.0008236188
3435,0.085617684
3436,0.047821756
3437,0.0781336
3438,0.2843566
3439,0.13593425
3440,0.12619905
3441,0.005771303
3442,0.07182119
3443,0.07286441
3444,0.31115282
3445,0.0010416757
3446,0.99992764
3447,0.07939014
3448,0.9995943
3449,0.011521413
3450,0.07982063
3451,0.04460805
3452,0.0682994
3453,0.98463017
3454,0.23119508
3455,0.0472241
3456,0.0017279529
3457,0.7935537
3458,0.09455193
3459,0.99916506
3460,0.2527521
3461,0.06430858
3462,0.00028172956
3463,0.012517136
3464,0.29467294
3465,0.14949043
3466,0.00060061336
3467,0.09502408
3468,0.0998559
3469,0.45366997
3470,0.3640374
3471,0.007332921
3472,0.19736682
3473,0.18093689
3474,0.9992581
3475,0.013643553
3476,0.29167342
3477,0.041617543
3478,0.6247536
3479,0.0004645581
3480,0.6972885
3481,0.06568388
3482,0.0006214479
3483,0.99889696
3484,0.18922833
3485,0.9987696
3486,0.99933654
3487,0.7531936
3488,0.027588237
3489,0.11547554
3490,0.017836045
3491,0.99889404
3492,0.010524735
3493,0.0053763026
3494,0.1150636
3495,0.023656689
3496,0.008778565
3497,0.13526453
3498,0.008345559
3499,0.00011802021
3500,0.57099575
3501,0.041148607
3502,0.0019315364
3503,0.015855938
3504,0.01588268
3505,0.17012972
3506,0.025636451
3507,0.288245
3508,0.12891972
3509,0.2315044
3510,0.658429
3511,0.9991554
3512,0.15403646
3513,0.18123089
3514,0.071544625
3515,0.005705566
3516,0.00051790866
3517,0.6884629
3518,0.9994899
3519,0.2924981
3520,0.059536155
3521,0.9995617
3522,0.10038406
3523,0.15768905
3524,0.14416313
3525,0.5306272
3526,0.23879221
3527,0.06940455
3528,0.26748943
3529,0.13958631
3530,0.605169
3531,0.14094372
3532,0.19076605
3533,0.076839045
3534,0.18617873
3535,0.4835785
3536,0.21425426
3537,0.18889946
3538,0.00039781717
3539,0.12014645
3540,0.00063493336
3541,0.09822437
3542,0.36284217
3543,0.9993575
3544,0.35222632
3545,0.15328555
3546,0.00021330529
3547,0.820971
3548,0.24485895
3549,0.9989279
3550,0.0057992563
3551,0.049880117
3552,0.008247732
3553,0.19827223
3554,0.5031207
3555,0.21003683
3556,0.6879288
3557,0.9995802
3558,0.050611973
3559,0.1680802
3560,0.38224638
3561,0.03368716
3562,0.9998828
3563,0.013514669
3564,0.358245
3565,0.059558973
3566,0.0004009454
3567,0.20699108
3568,0.99958223
3569,0.014299075
3570,0.033905078
3571,0.041744944
3572,0.023081189
3573,0.036182057
3574,0.13181868
3575,0.0033286896
3576,0.9999244
3577,0.0105859
3578,0.015300219
3579,0.13774961
3580,0.16711605
3581,0.023746898
3582,0.9999553
3583,0.0031298671
3584,0.020010289
3585,0.9909238
3586,0.009632939
3587,0.48161334
3588,0.000108158005
3589,0.12675194
3590,0.20245431
3591,0.033232193
3592,0.41623437
3593,0.528181
3594,0.06462639
3595,0.7937239
3596,0.62430745
3597,0.16243501
3598,0.020642268
3599,0.2694526
3600,0.07260445
3601,0.034867134
3602,0.058912955
3603,0.01627201
3604,0.07096311
3605,0.031959772
3606,0.002623545
3607,0.99837
3608,0.99977654
3609,0.14146906
3610,0.7177419
3611,0.00854303
3612,0.58807874
3613,0.0111030545
3614,0.05753598
3615,0.012949453
3616,0.002331402
3617,0.41838586
3618,0.13886896
3619,0.017138353
3620,0.24037567
3621,0.118898705
3622,0.052458696
3623,0.11993182
3624,0.05116439
3625,0.0039581456
3626,0.8144293
3627,0.17056058
3628,0.04869856
3629,7.8878336e-05
3630,0.086374775
3631,0.055104505
3632,0.1948805
3633,0.034689344
3634,0.035824038
3635,0.008312771
3636,0.3261839
3637,0.8549192
3638,0.76482165
3639,0.093982786
3640,0.14945059
3641,0.69769233
3642,0.024764165
3643,0.12089586
3644,0.0010227389
3645,0.16333051
3646,0.15374704
3647,0.020791376
3648,0.004248069
3649,0.0024202068
3650,0.0016202042
3651,0.16328631
3652,0.06459695
3653,0.13043265
3654,0.023744013
3655,0.000519673
3656,0.001166968
3657,0.0004240852
3658,0.004084794
3659,0.044620022
3660,0.014267247
3661,0.1534228
3662,0.53385466
3663,0.15122555
3664,0.007561423
3665,0.0033867368
3666,0.74994916
3667,0.2787354
3668,0.22289181
3669,0.017494569
3670,0.19452117
3671,0.57317704
3672,0.9989567
3673,0.16975462
3674,0.034691118
3675,0.0036597075
3676,0.09920223
3677,0.00017969136
3678,0.63662356
3679,0.034657426
3680,0.6978566
3681,0.9992924
3682,0.09619649
3683,0.34812263
3684,0.00012504027
3685,0.23371337
3686,0.45880494
3687,0.17432164
3688,0.08932116
3689,0.99886477
3690,0.014984721
3691,0.07473924
3692,0.07083464
3693,0.069859475
3694,0.031656064
3695,0.22635303
3696,0.00022634697
3697,0.15420975
3698,0.021427302
3699,0.9989184
3700,0.6105566
3701,0.07089862
3702,0.009358273
3703,0.065006204
3704,0.08179194
3705,0.0015671455
3706,0.017056985
3707,0.47180393
3708,0.98980826
3709,0.41294816
3710,0.065440066
3711,0.0062869824
3712,0.99692184
3713,0.017505342
3714,0.00030808302
3715,0.013780179
3716,0.103616595
3717,0.033024974
3718,0.027186206
3719,6.3898566e-05
3720,0.13718006
3721,0.012451647
3722,0.00028287238
3723,0.029512346
3724,0.00029812468
3725,0.5063521
3726,0.060088553
3727,0.9994844
3728,0.5801172
3729,0.011705056
3730,0.08088127
3731,0.76940817
3732,0.7170035
3733,0.14179687
3734,0.007953902
3735,0.15076086
3736,0.1165853
3737,0.018814996
3738,0.0030419566
3739,0.0076693906
3740,0.034773704
3741,0.20198873
3742,0.052092306
3743,0.008536002
3744,0.2021821
3745,0.75713927
3746,0.18187267
3747,0.007871533
3748,0.9992538
3749,0.026281262
3750,0.04032599
3751,0.11489826
3752,0.030357346
3753,0.9999614
3754,0.06485485
3755,0.039601628
3756,0.32697147
3757,0.010997518
3758,0.0018752891
3759,0.74999255
3760,0.03461963
3761,0.4411156
3762,0.026711972
3763,0.008285676
3764,0.1527863
3765,0.29055646
3766,0.023499303
3767,0.026337996
3768,0.0731281
3769,0.00041862784
3770,0.020573903
3771,0.06918374
3772,0.4064734
3773,0.10130622
3774,0.000107923515
3775,0.9699916
3776,0.17356955
3777,0.11355075
3778,0.17193218
3779,0.009620132
3780,0.999597
3781,0.0019421552
3782,0.0025685558
3783,0.010987622
3784,0.027120432
3785,0.99994385
3786,0.050919373
3787,0.042827267
3788,0.086837545
3789,0.22341701
3790,0.51434886
3791,0.08687455
3792,0.00078032626
3793,0.007757574
3794,0.9994087
3795,0.99886715
3796,0.030249922
3797,0.9994324
3798,0.9993592
3799,0.20871724
3800,0.26956427
3801,0.00040084604
3802,0.005886697
3803,0.08087866
3804,0.45821682
3805,0.00013044785
3806,0.76107055
3807,0.18550734
3808,0.9992667
3809,0.018521843
3810,0.03620562
3811,0.058763433
3812,0.9991924
3813,0.010758802
3814,0.99889237
3815,0.00059715146
3816,0.00025091274
3817,0.99994385
3818,0.58080983
3819,0.012388953
3820,0.09311047
3821,0.1591891
3822,0.016655376
3823,0.04833179
3824,0.002875582
3825,0.5090451
3826,0.0912305
3827,0.14678784
3828,0.04942871
3829,0.010528068
3830,0.99979657
3831,0.11608723
3832,0.998314
3833,0.99988174
3834,0.14874017
3835,0.11079792
3836,0.0071261404
3837,0.9986273
3838,0.36739814
3839,0.0038334723
3840,0.99935824
3841,0.9993813
3842,0.99915063
3843,0.279624
3844,0.9994605
3845,0.7776327
3846,0.24595168
3847,0.0044435295
3848,0.009242011
3849,0.07083566
3850,0.008024775
3851,0.041259177
3852,0.9992157
3853,0.13124758
3854,0.9995753
3855,0.13855343
3856,0.01917114
3857,0.0035641852
3858,0.03380954
3859,0.09917335
3860,0.21072164
3861,0.38950324
3862,0.88742524
3863,0.054664355
3864,0.022869024
3865,0.25480965
3866,0.22266757
3867,0.99990153
3868,0.0018443817
3869,0.0008238138
3870,0.07109099
3871,0.10871081
3872,0.110588565
3873,0.029724559
3874,0.037044246
3875,0.0042959903
3876,0.008015235
3877,0.009469379
3878,0.00017688675
3879,0.27989173
3880,0.00030296503
3881,0.016209485
3882,0.24345163
3883,0.031415775
3884,0.39002654
3885,9.7789605e-05
3886,0.049309786
3887,0.28381085
3888,0.109895565
3889,0.048030186
3890,0.0439258
3891,0.89971
3892,0.0010230815
3893,0.47284943
3894,0.075777575
3895,0.040349685
3896,0.003089714
3897,0.117570184
3898,0.016627925
3899,0.050653737
3900,0.048129804
3901,0.07388609
3902,0.020600265
3903,0.96067894
3904,0.9994357
3905,0.43728924
3906,0.002467734
3907,0.012641591
3908,0.18156648
3909,0.07736958
3910,0.35703334
3911,0.0004802961
3912,0.0024944772
3913,0.033582292
3914,0.90482277
3915,0.0036233137
3916,0.024373211
3917,6.129132e-05
3918,0.52898747
3919,0.00011171539
3920,0.99947816
3921,0.31331065
3922,0.483575
3923,0.00051155256
3924,0.47016054
3925,0.031089626
3926,0.9382055
3927,0.00023991117
3928,0.063823946
3929,0.25606194
3930,0.757731
3931,0.65610015
3932,0.5469513
3933,0.88364154
3934,0.0005300084
3935,6.1027356e-05
3936,0.019816361
3937,0.00052458985
3938,0.052093178
3939,0.5562475
3940,0.99990034
3941,0.79584634
3942,0.30099553
3943,0.08681215
3944,0.0026548884
3945,0.9995372
3946,0.10871268
3947,0.38100076
3948,0.0106376605
3949,0.056644205
3950,0.00891536
3951,0.77015823
3952,0.59582657
3953,0.037342988
3954,0.90482277
3955,0.003620987
3956,0.05147769
3957,0.007860034
3958,0.065164745
3959,6.3614694e-05
3960,0.017640265
3961,0.07093639
3962,0.9999416
3963,0.014786436
3964,0.04334797
3965,0.068858705
3966,0.99940383
3967,0.025965368
3968,0.0012096514
3969,0.10310214
3970,0.20566109
3971,0.010526469
3972,0.58916324
3973,0.14145845
3974,3.2710253e-05
3975,0.006690895
3976,0.99885964
3977,0.047390148
3978,0.00052470714
3979,0.2852939
3980,0.023522746
3981,0.01064945
3982,0.24201599
3983,0.033552073
3984,0.9998549
3985,0.0002950837
3986,0.9991991
3987,0.18268342
3988,0.05842561
3989,0.076029405
3990,0.5940513
3991,0.21821922
3992,0.35737297
3993,0.9988896
3994,0.05464165
3995,0.13113855
3996,6.3200925e-05
3997,0.15127844
3998,0.002034422
3999,0.20280449
4000,0.008947142
4001,0.01075636
4002,0.012733013
4003,0.073611125
4004,0.31773102
4005,0.066320084
4006,0.1864307
4007,0.12561311
4008,0.06280492
4009,0.053468812
4010,0.2951798
4011,0.5984823
4012,0.55854595
4013,0.18219018
4014,0.16174412
4015,0.42743078
4016,0.9998822
4017,0.09660406
4018,0.005811427
4019,0.35970193
4020,0.38177338
4021,0.085396886
4022,0.0010920552
4023,0.99958223
4024,0.014975575
4025,0.7805113
4026,0.028129827
4027,0.13309562
4028,0.50207084
4029,0.45906717
4030,0.23142055
4031,0.0003243471
4032,0.07272571
4033,0.0047275233
4034,0.013766985
4035,0.05459625
4036,0.03676565
4037,0.121394046
4038,0.17905757
4039,0.9996834
4040,0.9978021
4041,0.9996346
4042,0.04479295
4043,0.117211245
4044,0.18913302
4045,0.06287371
4046,0.0021262092
4047,0.22918053
4048,0.47142574
4049,0.021777194
4050,0.0009351577
4051,0.031097578
4052,0.22771642
4053,0.9940534
4054,0.038359378
4055,0.011950199
4056,0.99935824
4057,0.18349016
4058,0.20022823
4059,0.49198776
4060,0.81645626
4061,0.99896336
4062,0.1269947
4063,0.029887578
4064,0.00014310177
4065,0.00013212259
4066,0.12727723
4067,0.07103587
4068,0.0257471
4069,0.000114933806
4070,0.21664175
4071,0.2492674
4072,0.21413168
4073,0.0032926572
4074,0.6059261
4075,0.0008199989
4076,0.00012556852
4077,0.013733322
4078,0.06736772
4079,0.0017856404
4080,0.99898773
4081,0.93038255
4082,0.10202176
4083,0.083523154
4084,0.9997702
4085,0.041052766
4086,0.35725155
4087,0.16844091
4088,0.9993144
4089,0.021927863
4090,0.7878031
4091,0.22886142
4092,8.513703e-05
4093,0.29102635
4094,0.054247417
4095,0.054750945
4096,0.1856363
4097,0.006056802
4098,0.02287435
4099,0.9985518
4100,0.013883513
4101,0.13661598
4102,0.73040956
4103,0.16422647
4104,0.10663534
4105,0.27550188
4106,0.9630964
4107,0.016765207
4108,0.108284086
4109,0.0060039517
4110,0.395852
4111,0.09367527
4112,0.029587636
4113,0.002106578
4114,0.0104130255
4115,0.9998325
4116,0.008732826
4117,0.012546681
4118,0.0888381
4119,0.057946987
4120,0.018899938
4121,0.1464676
4122,0.00061450416
4123,0.9991596
4124,0.013364513
4125,0.36668447
4126,0.22161046
4127,0.12857623
4128,0.19725667
4129,0.06785696
4130,0.20101796
4131,0.038821332
4132,0.26143226
4133,0.19806448
4134,0.9992694
4135,0.007542007
4136,0.019135056
4137,0.117630616
4138,0.010336627
4139,0.016761072
4140,0.070384614
4141,0.17934376
4142,0.009703728
4143,0.47284943
4144,0.005423776
4145,0.8719875
4146,0.01876205
4147,0.21146932
4148,0.99996257
4149,0.011272545
4150,0.0012882462
4151,0.06594927
4152,0.5042064
4153,0.435558
4154,0.07308962
4155,0.014755155
4156,0.021183595
4157,0.99896383
4158,0.59103
4159,0.0022910708
4160,0.010381135
4161,0.99986374
4162,0.005149893
4163,0.75713927
4164,0.34930056
4165,0.24901979
4166,0.99995124
4167,0.17572312
4168,0.015532648
4169,0.02923396
4170,0.60364
4171,0.11137163
4172,0.19796401
4173,0.09159117
4174,0.45756456
4175,0.0059710285
4176,0.044786386
4177,3.0074601e-05
4178,0.3892823
4179,0.32950747
4180,0.017454224
4181,0.028892344
4182,0.00016895149
4183,0.9985209
4184,0.99882036
4185,0.095037386
4186,0.31697208
4187,0.8912272
4188,0.19258101
4189,0.34045053
4190,0.008061027
4191,0.036201958
4192,0.341252
4193,0.00019026923
4194,0.00884976
4195,0.004305238
4196,0.51411784
4197,0.07391992
4198,0.25055817
4199,0.003922328
4200,0.97799265
4201,0.10966831
4202,0.17914551
4203,9.245807e-05
4204,0.115396105
4205,0.09018006
4206,0.90418434
4207,0.26836178
4208,0.24130455
4209,0.07092624
4210,0.99919266
4211,0.0036338316
4212,0.35048273
4213,0.18402983
4214,0.99313337
4215,0.08366944
4216,0.007926763
4217,0.0700754
4218,0.065609954
4219,0.01675009
4220,0.99922633
4221,0.06954952
4222,0.99950325
4223,0.14792156
4224,0.0710596
4225,0.9117944
4226,0.090394296
4227,0.896856
4228,0.073078044
4229,0.30352867
4230,0.00018811213
4231,0.128186
4232,0.2919194
4233,0.85572445
4234,0.9987569
4235,0.0018606952
4236,0.049094245
4237,0.45965576
4238,0.99912304
4239,0.8307494
4240,0.008089398
4241,0.18151352
4242,0.00012491978
4243,0.30139628
4244,0.06191331
4245,0.0057941754
4246,0.99945766
4247,0.008020965
4248,0.07892599
4249,0.012654454
4250,0.026665276
4251,0.026513172
4252,0.20493309
4253,0.010735021
4254,0.0038432172
4255,0.7505754
4256,0.07223466
4257,0.99989426
4258,0.49689305
4259,0.09595047
4260,0.5645389
4261,0.40842688
4262,0.99898773
4263,0.9994324
4264,0.43772018
4265,0.69050074
4266,0.0039916337
4267,0.009078386
4268,0.090235166
4269,0.16117343
4270,0.07188327
4271,0.11649154
4272,0.14635424
4273,0.9995802
4274,0.01805588
4275,0.08943419
4276,0.57488364
4277,0.978212
4278,0.99886477
4279,0.011842642
4280,0.0015127483
4281,0.003537385
4282,0.03274191
4283,0.070655316
4284,0.013425891
4285,0.46851817
4286,0.9994479
4287,0.031226596
4288,0.008605302
4289,0.06763109
4290,0.66467524
4291,0.99916506
4292,0.0655621
4293,0.01877434
4294,0.015653484
4295,0.054807447
4296,0.08365006
4297,0.0067746453
4298,0.9981554
4299,0.8471295
4300,0.09787289
4301,0.9990941
4302,0.9827323
4303,0.22171344
4304,0.030073559
4305,0.18667392
4306,0.99916756
4307,0.000321024
4308,0.36382654
4309,0.27071583
4310,0.1289285
4311,0.039649233
4312,0.52469426
4313,0.0031548878
4314,0.99781466
4315,0.018411957
4316,0.25374687
4317,0.7494436
4318,0.5784189
4319,0.06695647
4320,0.0005410072
4321,0.12197605
4322,0.25446546
4323,0.058229107
4324,0.057628784
4325,0.02940469
4326,0.12716076
4327,0.007611554
4328,0.0021813554
4329,0.045641992
4330,0.07195768
4331,0.0049758134
4332,0.11789919
4333,0.049007043
4334,0.024432039
4335,0.00020674117
4336,0.0039020532
4337,0.61777043
4338,0.042618137
4339,0.024610432
4340,0.9977229
4341,0.9992393
4342,0.9989618
4343,0.02001145
4344,0.11562096
4345,0.001428813
4346,0.29024687
4347,0.9992157
4348,0.1606778
4349,0.56637895
4350,0.22629125
4351,0.7441919
4352,0.17865689
4353,0.01469902
4354,0.004305238
4355,0.78965724
4356,0.11009283
4357,0.13529064
4358,0.9999422
4359,0.00028199563
4360,0.0028691483
4361,0.0003696962
4362,0.011245308
4363,0.10063258
4364,0.012457237
4365,0.74298114
4366,0.79209846
4367,0.9928364
4368,0.018567512
4369,0.06455831
4370,9.608427e-05
4371,0.1433939
4372,0.12459438
4373,0.004718107
4374,0.099880524
4375,0.11456957
4376,0.09290272
4377,0.014849984
4378,0.12936112
4379,0.0005307068
4380,0.7289059
4381,0.059444457
4382,0.01089359
4383,0.12848729
4384,0.036622558
4385,0.9994357
4386,0.20991197
4387,0.02696089
4388,0.033157453
4389,0.56765646
4390,0.66707563
4391,0.58998704
4392,0.20870128
4393,0.47733968
4394,0.04630739
4395,0.00115936
4396,0.10038115
4397,0.2143958
4398,0.02955227
4399,0.12519896
4400,0.0068070255
4401,0.9989618
4402,0.53298455
4403,0.095484234
4404,0.05752732
4405,0.12050528
4406,0.3494379
4407,0.10924599
4408,0.041336138
4409,0.10907957
4410,0.12203063
4411,0.010259844
4412,0.049650513
4413,0.046753787
4414,0.06632733
4415,0.123590596
4416,0.66629887
4417,0.13306722
4418,0.0009208872
4419,0.999897
4420,0.23692432
4421,0.120813064
4422,0.9994473
4423,0.6884629
4424,0.5977389
4425,0.027481047
4426,0.18867728
4427,0.6646836
4428,0.14750224
4429,0.08043478
4430,0.0043629124
4431,0.00026958194
4432,0.48930377
4433,0.9899788
4434,0.0051045576
4435,0.11904311
4436,0.9981883
4437,0.000110410525
4438,0.10500622
4439,0.03438236
4440,0.053130366
4441,0.25907958
4442,0.09589756
4443,0.15129082
4444,0.35363895
4445,0.99992573
4446,0.33503154
4447,0.5167527
4448,0.014724898
4449,0.0004452396
4450,6.53153e-05
4451,0.00073262234
4452,0.06214946
4453,0.9936069
4454,0.10288525
4455,0.986145
4456,0.00032465122
4457,0.999493
4458,0.9998765
4459,0.7028715
4460,0.00020844478
4461,0.0007338858
4462,0.8925782
4463,0.0021336835
4464,0.00030688755
4465,0.020622341
4466,0.043721832
4467,0.097937584
4468,0.9992235
4469,0.032115117
4470,0.046683304
4471,0.14280209
4472,0.28126496
4473,0.0060023754
4474,0.061442092
4475,0.028782833
4476,0.9994326
4477,0.061754975
4478,0.047427114
4479,0.0043696864
4480,0.5836829
4481,0.008961139
4482,0.41603637
4483,0.03059778
4484,0.35038096
4485,0.0011067179
4486,0.19676101
4487,0.0051873648
4488,0.35902378
4489,0.08499359
4490,0.9992181
4491,0.004397181
4492,0.05211011
4493,0.20139429
4494,5.291281e-05
4495,0.06687831
4496,0.1920373
4497,0.18007047
4498,0.071302645
4499,0.023262057
4500,0.02238932
4501,0.005519229
4502,0.0004876386
4503,0.9994892
4504,0.00030198053
4505,0.6927357
4506,0.055424765
4507,0.016140996
4508,0.06476588
4509,0.22399525
4510,0.049286056
4511,0.0131792165
4512,0.052016966
4513,0.026514802
4514,0.25545335
4515,0.5215667
4516,0.39409384
4517,0.0014189645
4518,0.3758076
4519,0.109519325
4520,0.042444848
4521,2.6821308e-05
4522,0.006413935
4523,0.009792907
4524,0.9998673
4525,0.65016943
4526,0.4978627
4527,0.99827945
4528,0.9994892
4529,0.23753297
4530,0.07541364
4531,0.07735498
4532,0.9996208
4533,0.26943588
4534,0.15433964
4535,0.01152319
4536,0.009800729
4537,0.9987833
4538,0.99921644
4539,0.0017856404
4540,0.014632161
4541,0.07113419
4542,0.47832906
4543,0.09550326
4544,0.0032277715
4545,0.24816513
4546,0.00593972
4547,0.7194372
4548,0.21623555
4549,0.44584844
4550,0.007372027
4551,0.20075832
4552,0.047501996
4553,0.49589455
4554,0.45813057
4555,0.10656178
4556,0.99912506
4557,0.0001629033
4558,0.23158927
4559,0.18546614
4560,0.17641553
4561,0.032620106
4562,0.033499096
4563,0.80121195
4564,0.012006197
4565,0.049848046
4566,0.00055558316
4567,0.0009416757
4568,0.08558611
4569,0.038340237
4570,0.50386477
4571,0.0015202776
4572,0.0006241683
4573,0.009494947
4574,0.64673954
4575,0.41555995
4576,0.06279604
4577,0.1433948
4578,0.9993863
4579,0.09362828
4580,0.9991596
4581,0.99959236
4582,0.0026996005
4583,0.032388493
4584,0.14291868
4585,0.23687361
4586,0.17571111
4587,0.002972824
4588,0.2470844
4589,0.064872324
4590,0.25517198
4591,0.032069307
4592,0.0069167963
4593,0.0031567002
4594,0.015357949
4595,0.0404598
4596,0.9999038
4597,0.00056091446
4598,0.0127937645
4599,0.1880811
4600,0.99990153
4601,0.99951196
4602,0.00432499
4603,0.08625417
4604,0.06712894
4605,0.010086619
4606,0.01364947
4607,0.00035635402
4608,0.016116168
4609,0.5382436
4610,0.069977686
4611,0.19276433
4612,0.9998325
4613,0.40268993
4614,0.09250166
4615,0.3480373
4616,0.16252759
4617,0.21726444
4618,0.00073820655
4619,0.99899906
4620,0.01364947
4621,0.99988246
4622,0.004417202
4623,0.99955183
4624,0.000510167
4625,0.20792055
4626,0.6544041
4627,0.0072322264
4628,0.20824264
4629,0.24079368
4630,0.15806891
4631,0.095248
4632,0.62773955
4633,0.01696494
4634,0.029796086
4635,0.091887586
4636,0.948495
4637,0.024504757
4638,0.7499582
4639,0.0151148755
4640,0.0079804715
4641,0.29100809
4642,0.0033111272
4643,0.0013234995
4644,0.15542082
4645,0.82475
4646,0.008702771
4647,0.031388264
4648,0.10492829
4649,0.00060126546
4650,0.00059156487
4651,0.9994079
4652,0.021085199
4653,0.5951238
4654,0.025939496
4655,0.0059467293
4656,0.34928334
4657,0.18742943
4658,0.57394385
4659,0.014492481
4660,0.21880698
4661,0.99984443
4662,0.9993222
4663,0.024064362
4664,0.00076681253
4665,0.6931921
4666,0.9858326
4667,0.0055806744
4668,0.3122487
4669,0.48528856
4670,0.99484754
4671,0.99901617
4672,0.019048925
4673,0.9996346
4674,0.100954115
4675,0.008461819
4676,0.018398007
4677,0.040709216
4678,0.99985313
4679,0.0042935763
4680,0.9989567
4681,0.051572576
4682,0.11647428
4683,0.42447168
4684,0.9158339
4685,0.3166983
4686,0.56779116
4687,0.9989567
4688,0.00046437656
4689,0.5905388
4690,0.087273784
4691,0.06505927
4692,0.0045615626
4693,0.081520416
4694,8.4789935e-05
4695,0.00035306276
4696,0.00036577877
4697,0.006467993
4698,0.99954706
4699,0.015403356
4700,0.13701148
4701,0.9994357
4702,0.046560526
4703,0.0017973002
4704,0.0026319504
4705,0.0011070991
4706,0.086452655
4707,0.07057728
4708,0.9989849
4709,0.47600627
4710,0.0530069
4711,0.00015968505
4712,0.004914823
4713,0.9977229
4714,0.052056033
4715,0.008035837
4716,0.9993395
4717,0.98946136
4718,0.1192189
4719,0.99916327
4720,0.07288951
4721,0.12117256
4722,0.00038732693
4723,0.56151986
4724,0.99992836
4725,0.1594195
4726,0.019955209
4727,0.077354945
4728,0.003919084
4729,0.25266913
4730,0.4993706
4731,0.002825939
4732,0.10259978
4733,0.9975575
4734,0.15790638
4735,0.4782087
4736,0.9994337
4737,0.68801355
4738,0.99944025
4739,0.12385622
4740,0.48121625
4741,0.0020960574
4742,0.7116276
4743,0.0127097955
4744,0.73772204
4745,0.46529222
4746,0.00049060665
4747,0.034074366
4748,0.08196088
4749,0.0048442306
4750,0.9987833
4751,0.12118783
4752,0.00988691
4753,2.101117e-05
4754,0.07111888
4755,0.0040824143
4756,0.04176578
4757,0.9953105
4758,0.016940385
4759,0.16711901
4760,0.016605865
4761,0.031576753
4762,0.0193061
4763,0.07158877
4764,0.9992754
4765,0.012535296
4766,0.99985814
4767,0.050254438
4768,0.0048502106
4769,0.07894819
4770,0.5215304
4771,0.9991265
4772,0.10801848
4773,0.6482466
4774,0.19199939
4775,0.99989426
4776,0.013364105
4777,0.046114434
4778,0.47334954
4779,0.05193387
4780,0.9995017
4781,0.3678446
4782,0.069899715
4783,0.064946555
4784,0.09132261
4785,0.2537544
4786,0.49695885
4787,0.0030861336
4788,0.5202929
4789,0.8480715
4790,0.9994036
4791,0.25530225
4792,0.0029780578
4793,0.028499737
4794,0.29383752
4795,0.00016477342
4796,0.7791442
4797,0.9998828
4798,0.047023978
4799,0.010282811
4800,0.99986374
4801,0.0023036574
4802,0.00038189508
4803,0.42015424
4804,0.06403752
4805,0.99914014
4806,0.72939765
4807,0.009471848
4808,0.9987569
4809,0.2990394
4810,0.0041551054
4811,0.011014485
4812,0.38416687
4813,0.99990034
4814,0.16059245
4815,0.17360194
4816,0.9949266
4817,0.99930274
4818,0.16234891
4819,0.004822034
4820,0.31533206
4821,0.13334036
4822,0.99992836
4823,0.1464676
4824,0.21413045
4825,0.9994665
4826,0.55544585
4827,0.25441596
4828,0.99919266
4829,0.08772867
4830,0.004667173
4831,0.00023401264
4832,0.9994167
4833,0.10638728
4834,0.118592426
4835,0.26261058
4836,0.002608229
4837,0.68109405
4838,0.99996364
4839,0.0003105747
4840,0.0055625504
4841,0.002486694
4842,0.12153818
4843,0.05309123
4844,0.00865938
4845,0.0009198258
4846,0.3149643
4847,0.7298416
4848,0.021389265
4849,0.03060913
4850,0.9996176
4851,0.1506607
4852,0.54265195
4853,0.00831259
4854,0.0050207665
4855,0.1143551
4856,0.31594038
4857,0.9999498
4858,0.63205475
4859,0.050897855
4860,0.21110345
4861,0.14157072
4862,0.4455281
4863,0.07197972
4864,0.33408466
4865,0.042421605
4866,0.09230092
4867,0.1597997
4868,0.15640305
4869,0.9988896
4870,0.098883726
4871,0.3475099
4872,0.99916756
4873,0.003636089
4874,0.44851142
4875,0.0506515
4876,0.0143408375
4877,0.9992248
4878,0.19433282
4879,0.005207787
4880,0.004055655
4881,0.008730165
4882,0.07165157
4883,0.05394794
4884,0.007079984
4885,0.054261573
4886,0.062160674
4887,0.10798407
4888,0.33800653
4889,0.3184051
4890,0.9991654
4891,0.034465685
4892,0.9992754
4893,0.01724011
4894,0.0077331453
4895,0.011649353
4896,0.07693507
4897,0.000278444
4898,0.024852475
4899,0.55912787
4900,0.1634803
4901,0.0542035
4902,0.34783742
4903,0.9989849
4904,0.0117368875
4905,0.0057768384
4906,0.1271861
4907,0.049997915
4908,0.9994087
4909,0.12284756
4910,0.0006795326
4911,0.07690665
4912,0.5018167
4913,0.6569096
4914,0.06704376
4915,0.07637182
4916,0.21934876
4917,0.00052377017
4918,0.17171639
4919,0.06782532
4920,0.052505422
4921,0.5894215
4922,0.02760493
4923,0.13605261
4924,0.021534652
4925,0.28515232
4926,0.03010797
4927,0.06381365
4928,0.57488364
4929,0.18367194
4930,0.085329875
4931,0.99919266
4932,0.036063906
4933,0.002450129
4934,0.10760305
4935,0.5079517
4936,0.076242775
4937,0.99993265
4938,0.0013527625
4939,0.00015644754
4940,0.008888166
4941,0.02958224
4942,0.00011796318
4943,0.010285378
4944,0.22721075
4945,0.06435855
4946,0.887308
4947,0.58668214
4948,0.040478434
4949,0.00036137
4950,0.44010967
4951,0.28914952
4952,0.34133017
4953,0.99970466
4954,0.20486934
4955,0.006384505
4956,0.034551874
4957,0.02597801
4958,0.00018718353
4959,0.22407812
4960,0.19628026
4961,0.015534596
4962,0.05319426
4963,0.9999701
4964,0.9986941
4965,0.00079106446
4966,0.019011743
4967,0.0006557404
4968,0.2078299
4969,0.013048028
4970,0.84277916
4971,0.13747655
4972,0.012942439
4973,0.76581115
4974,0.06978143
4975,0.10543909
4976,0.26012546
4977,0.08926443
4978,0.0007202224
4979,0.0004419913
4980,0.1277897
4981,0.1800807
4982,0.00017321201
4983,0.06290815
4984,0.00094269903
4985,0.028325262
4986,0.00024694146
4987,0.693075
4988,0.0054365466
4989,0.8924433
4990,0.99915016
4991,0.16243857
4992,0.029612673
4993,0.0003742372
4994,0.0037838127
4995,0.069131434
4996,0.9990941
4997,0.06700996
4998,0.06249114
4999,0.008177326
5000,0.79326004
5001,0.2745966
5002,0.95923465
5003,0.002738465
5004,0.012579155
5005,0.23630124
5006,0.5168021
5007,0.99917346
5008,0.48456818
5009,0.3271692
5010,0.18102641
5011,0.5029745
5012,0.6792758
5013,0.06967117
5014,0.4752184
5015,0.5287414
5016,0.9991725
5017,0.0012631658
5018,0.2155437
5019,0.32082835
5020,0.09968674
5021,0.10718971
5022,0.0037057386
5023,0.48558655
5024,0.07000763
5025,0.000785102
5026,0.16054817
5027,0.026816454
5028,0.9998828
5029,0.28970048
5030,0.17641655
5031,0.0003642437
5032,0.22896153
5033,0.0503015
5034,0.081626676
5035,0.07330121
5036,0.76324683
5037,0.7801791
5038,0.99989426
5039,0.9992255
5040,0.25051215
5041,0.008247951
5042,0.2344822
5043,0.0057698917
5044,0.17933552
5045,0.42268333
5046,0.28350902
5047,0.057890568
5048,0.03515509
5049,0.18892387
5050,0.9999125
5051,0.9995055
5052,0.10109933
5053,0.42204183
5054,0.0111065
5055,0.008159961
5056,0.10599602
5057,0.2216685
5058,0.99952507
5059,0.20356643
5060,0.099075496
5061,0.43774313
5062,0.14771171
5063,0.20145808
5064,0.20505211
5065,0.00012443331
5066,0.101609774
5067,0.014117263
5068,0.9992804
5069,0.15113728
5070,0.012876688
5071,0.006869062
5072,0.71375155
5073,0.19603164
5074,0.19563243
5075,0.06007865
5076,0.65793353
5077,0.028181396
5078,0.014006629
5079,0.11438835
5080,0.73706543
5081,0.9993104
5082,0.9994423
5083,0.04932652
5084,0.06739205
5085,0.32304406
5086,0.10734199
5087,0.93038255
5088,0.02168728
5089,0.057439506
5090,0.0017073943
5091,0.1806392
5092,0.10686478
5093,0.7500842
5094,0.033340897
5095,0.000103821134
5096,0.52938443
5097,0.18253049
5098,0.292086
5099,0.063587815
5100,0.39992222
5101,0.012777136
5102,0.055536084
5103,0.4450448
5104,0.07087113
5105,0.09943744
5106,0.0015995413
5107,0.052374654
5108,0.00042430963
5109,0.87139595
5110,0.013235414
5111,0.0054514357
5112,0.2544643
5113,0.043593053
5114,0.12595725
5115,0.71334356
5116,0.030357346
5117,0.46841383
5118,0.10181052
5119,0.034740493
5120,0.042466674
5121,0.99953175
5122,0.06946744
5123,0.08631864
5124,0.06191331
5125,0.21205218
5126,0.7148312
5127,0.00039180473
5128,0.047780845
5129,0.99702966
5130,0.0017184558
5131,0.18430798
5132,0.0061755967
5133,0.026704438
5134,0.0137189515
5135,0.13001944
5136,0.998953
5137,0.00025361008
5138,0.15806891
5139,0.04313625
5140,0.017281663
5141,0.020426387
5142,0.0006964918
5143,0.057399016
5144,0.86950046
5145,0.046094246
5146,0.1700503
5147,0.20252874
5148,0.100611925
5149,0.16351211
5150,0.049285002
5151,0.30641738
5152,0.0012050557
5153,0.18942821
5154,0.00034733253
5155,0.29814023
5156,0.0017716738
5157,0.027615389
5158,0.99929035
5159,0.5588656
5160,0.00018275913
5161,0.4376927
5162,0.12059219
5163,0.1315697
5164,0.9986319
5165,0.075771414
5166,0.68926567
5167,0.34308082
5168,0.5932173
5169,0.022124413
5170,0.23841633
5171,0.06959715
5172,0.024226911
5173,6.423563e-05
5174,0.25214323
5175,0.103581056
5176,0.03244359
5177,0.24290265
5178,0.9989279
5179,0.028064778
5180,0.029469484
5181,0.040068004
5182,0.00057731697
5183,0.0006862689
5184,0.001522305
5185,0.99632853
5186,0.9995701
5187,0.23725559
5188,0.750021
5189,0.002951243
5190,0.04112775
5191,0.99912304
5192,0.27098167
5193,0.99992573
5194,0.5371939
5195,0.070920646
5196,0.11384927
5197,0.17032106
5198,0.05958324
5199,0.99824595
5200,0.0006629169
5201,0.029634576
5202,0.11077485
5203,0.015518918
5204,0.0031880855
5205,0.7201151
5206,0.009469379
5207,0.39172366
5208,0.08206639
5209,0.07590387
5210,0.9992157
5211,0.00011600095
5212,0.011058823
5213,0.2055362
5214,0.20468442
5215,0.0031966588
5216,0.9989202
5217,1.14858085e-05
5218,0.99941826
5219,0.9995172
5220,0.74179536
5221,0.19353537
5222,0.011051227
5223,0.47298616
5224,0.011776594
5225,0.0013485504
5226,0.9982285
5227,0.0389025
5228,0.26901847
5229,0.0066582314
5230,0.9521504
5231,0.092970215
5232,0.007948594
5233,0.028077032
5234,0.06616973
5235,0.0075737885
5236,0.00028799486
5237,0.01507093
5238,0.2235235
5239,0.15904303
5240,0.002419325
5241,0.0919748
5242,0.3328613
5243,0.15064919
5244,0.106235355
5245,0.06072914
5246,0.22697565
5247,0.026950773
5248,0.99702966
5249,0.14052278
5250,0.67744815
5251,0.44140565
5252,0.078390665
5253,0.00016102292
5254,0.0002750194
5255,0.75286996
5256,0.039652884
5257,0.053748243
5258,0.027061563
5259,0.0009210119
5260,0.017587071
5261,0.011680138
5262,0.046265107
5263,0.99989355
5264,0.025020786
5265,0.047868647
5266,0.5642189
5267,0.9988084
5268,0.012043732
5269,0.1019811
5270,0.060551465
5271,0.1613017
5272,0.0025064144
5273,0.99947006
5274,0.99919266
5275,0.06406942
5276,0.11365342
5277,0.12675087
5278,0.9999019
5279,0.103743434
5280,0.9989279
5281,0.20268784
5282,0.04981865
5283,0.016796874
5284,0.023100302
5285,0.047580894
5286,0.0075581465
5287,0.9967642
5288,0.7426097
5289,0.06443951
5290,0.0005892242
5291,0.04940278
5292,0.32231963
5293,0.00038323094
5294,0.6078748
5295,0.9992667
5296,0.07093639
5297,0.395852
5298,0.009193525
5299,0.99894327
5300,0.40882543
5301,0.041363377
5302,0.06773925
5303,0.019636972
5304,0.99916124
5305,0.6064441
5306,0.11041616
5307,0.16705322
5308,0.999897
5309,0.112201884
5310,0.9312217
5311,0.20315193
5312,0.26413086
5313,0.000129176
5314,0.5924044
5315,0.0042867484
5316,0.28774336
5317,0.041873373
5318,0.18594046
5319,0.3932004
5320,0.99906737
5321,0.012350517
5322,0.15603904
5323,0.017256439
5324,0.2621668
5325,0.9998472
5326,0.297771
5327,0.9992157
5328,0.19823208
5329,0.116380736
5330,0.007842907
5331,0.9994893
5332,0.0007239342
5333,0.1286772
5334,0.7722239
5335,0.121378414
5336,0.0121174175
5337,0.99993575
5338,0.999871
5339,0.046990346
5340,0.61801004
5341,0.0001939833
5342,0.05766821
5343,0.04480207
5344,0.0012874348
5345,0.019438185
5346,0.5548542
5347,0.33659673
5348,0.7279366
5349,0.9995819
5350,0.54675
5351,0.0776252
5352,0.00017758504
5353,0.016503988
5354,0.53483653
5355,0.022162719
5356,0.00054748787
5357,0.106332175
5358,0.0011415179
5359,0.077978685
5360,0.00072467834
5361,0.9991399
5362,0.0045400173
5363,0.99895597
5364,0.2569395
5365,0.0005961739
5366,0.062028535
5367,0.017577147
5368,0.9953675
5369,0.0017485139
5370,0.9991416
5371,0.3266762
5372,0.21779469
5373,0.998953
5374,0.0057785995
5375,0.08603954
5376,0.9998828
5377,0.10646301
5378,0.15534666
5379,0.014747156
5380,0.9999498
5381,0.245171
5382,0.012600079
5383,0.010971456
5384,0.04646775
5385,0.14203115
5386,0.117739506
5387,0.016333736
5388,0.99928254
5389,0.091548465
5390,0.121978305
5391,0.4336208
5392,0.005381642
5393,0.09638683
5394,0.9994167
5395,0.41851184
5396,0.040213883
5397,0.9993462
5398,0.8123105
5399,0.0139801605
5400,0.03253709
5401,0.039525237
5402,0.0829303
5403,0.54160213
5404,0.020067446
5405,0.022592723
5406,0.37625182
5407,0.049861852
5408,0.23278576
5409,0.00046015103
5410,0.37231895
5411,0.020036455
5412,0.01596775
5413,0.4851611
5414,0.0056198924
5415,0.6926467
5416,0.12348298
5417,0.0017279529
5418,0.098331004
5419,0.99846894
5420,0.41255268
5421,0.02158283
5422,0.522318
5423,0.30998793
5424,0.31098124
5425,0.59846085
5426,0.009291919
5427,0.99797064
5428,0.034732714
5429,0.49384516
5430,0.32354674
5431,0.43973038
5432,0.018693678
5433,0.88395077
5434,0.15145984
5435,0.9992792
5436,0.04110826
5437,0.086093456
5438,0.07869004
5439,0.071554855
5440,0.047060028
5441,0.097527236
5442,0.20457074
5443,0.03931613
5444,0.5951238
5445,0.7020048
5446,0.28885952
5447,0.11330217
5448,0.08232886
5449,0.11055647
5450,0.85388273
5451,0.2894889
5452,0.06493059
5453,0.0019763561
5454,0.046819076
5455,0.30651554
5456,0.24625374
5457,0.25806946
5458,0.16618505
5459,0.011890817
5460,0.15421452
5461,0.49989113
5462,0.9991399
5463,0.0353516
5464,0.093691885
5465,0.59039444
5466,0.81151605
5467,0.13157961
5468,0.48131543
5469,0.19394536
5470,0.023872996
5471,0.12172649
5472,0.9987833
5473,0.15676333
5474,0.018744478
5475,0.564358
5476,0.13171521
5477,0.99923277
5478,0.37444648
5479,0.64100105
5480,0.00013606604
5481,0.20410721
5482,0.99906176
5483,0.08698362
5484,0.00020074962
5485,0.14107847
5486,0.11445377
5487,0.99955314
5488,0.68608147
5489,0.99859446
5490,0.18136334
5491,0.9991991
5492,0.07814385
5493,0.011161578
5494,0.74633825
5495,0.05378649
5496,0.03624893
5497,0.025501234
5498,0.04995385
5499,0.131328
5500,0.52686304
5501,0.007233928
5502,0.3019791
5503,0.99896336
5504,0.4677941
5505,0.008020897
5506,0.5602169
5507,7.586894e-05
5508,0.06863104
5509,0.08050183
5510,0.57219714
5511,0.41044945
5512,0.529657
5513,0.08481828
5514,0.006072331
5515,0.20276548
5516,0.18954018
5517,0.1927496
5518,0.050334677
5519,0.22396751
5520,0.5490947
5521,0.114053614
5522,0.20770696
5523,0.03217405
5524,0.0045577404
5525,0.00097360637
5526,0.0514005
5527,0.14770195
5528,0.9999167
5529,0.020388482
5530,0.010520128
5531,0.07233943
5532,0.9991725
5533,0.0021062815
5534,0.33791026
5535,0.064553864
5536,0.11829348
5537,0.43465525
5538,0.2298928
5539,0.20541722
5540,0.07948914
5541,0.66864264
5542,0.0032381818
5543,0.47452778
5544,0.045522504
5545,0.043067012
5546,0.24146794
5547,0.0056884415
5548,0.9990687
5549,0.99932003
5550,0.6499684
5551,0.01605217
5552,0.027802406
5553,0.10189535
5554,0.15334117
5555,0.061074577
5556,0.9909238
5557,0.998872
5558,0.99984443
5559,0.004021399
5560,0.5671893
5561,0.121673755
5562,0.052002188
5563,0.99994373
5564,0.040872194
5565,0.015145871
5566,0.09012384
5567,0.054067634
5568,0.99361306
5569,0.06714882
5570,0.003291316
5571,0.000106173524
5572,0.00011262563
5573,0.9988084
5574,0.06308857
5575,0.0067079253
5576,0.016008344
5577,0.014562248
5578,0.3994994
5579,0.07579075
5580,0.014126046
5581,0.206306
5582,0.09566155
5583,0.17195532
5584,0.22808215
5585,0.5504522
5586,0.050517097
5587,0.057363663
5588,0.9993455
5589,0.03702955
5590,0.05074842
5591,0.03952128
5592,0.0033689986
5593,0.9970059
5594,0.06863474
5595,0.99859446
5596,0.043721832
5597,0.00040589133
5598,0.21956769
5599,0.99928254
5600,0.31504446
5601,0.049148314
5602,0.014395401
5603,0.4410281
5604,0.30591843
5605,0.015600195
5606,0.07195594
5607,0.0038054523
5608,0.0027885654
5609,0.23589031
5610,0.5356862
5611,0.069013044
5612,0.0022293124
5613,6.0837927e-05
5614,0.043146398
5615,0.010627247
5616,0.4382915
5617,0.09723769
5618,0.18398516
5619,0.0016530338
5620,0.99961144
5621,0.85429907
5622,0.029486373
5623,0.40860003
5624,0.0046378267
5625,0.77892524
5626,0.0020488142
5627,0.30021483
5628,0.076191776
5629,0.013223183
5630,0.1625084
5631,0.15502657
5632,0.046403576
5633,0.022766724
5634,0.0036693804
5635,0.017590366
5636,0.99748284
5637,0.09615914
5638,0.115578905
5639,0.2144414
5640,0.8073409
5641,0.9994741
5642,0.0061233877
5643,0.7721973
5644,0.381964
5645,0.20288397
5646,0.12117901
5647,0.5482489
5648,0.00021000802
5649,0.39231518
5650,0.49096543
5651,0.0003665209
5652,0.2889551
5653,0.033760253
5654,0.16819665
5655,0.40615547
5656,0.9991924
5657,0.0048432876
5658,0.046849597
5659,0.029697107
5660,0.079036295
5661,0.03160128
5662,0.9995819
5663,0.08794524
5664,0.02681923
5665,0.026319422
5666,0.19812916
5667,0.039726652
5668,0.03904231
5669,0.7327962
5670,0.32863942
5671,0.4490303
5672,0.00846761
5673,0.012321324
5674,0.002045804
5675,0.99965894
5676,0.08138186
5677,0.14500791
5678,0.013170903
5679,0.38946852
5680,0.5951238
5681,0.025319735
5682,0.58568084
5683,0.23314169
5684,0.4058968
5685,0.9992157
5686,0.28928584
5687,0.009471848
5688,0.0026449477
5689,0.66353065
5690,0.028766103
5691,0.093025796
5692,0.029724373
5693,0.03781104
5694,0.1872167
5695,0.15136148
5696,0.00032498845
5697,0.99906176
5698,0.24960135
5699,0.9809441
5700,0.003201255
5701,0.20524536
5702,0.04340136
5703,0.22527714
5704,0.20769392
5705,0.5268148
5706,0.19328699
5707,0.9994648
5708,0.14416276
5709,0.22187379
5710,0.24605703
5711,0.20487565
5712,0.12115899
5713,0.13093679
5714,0.16054817
5715,0.86950046
5716,0.11826985
5717,0.9962929
5718,0.09390685
5719,0.49174944
5720,0.9998828
5721,0.9998325
5722,0.9993592
5723,0.28855625
5724,0.3407107
5725,0.16997798
5726,0.00027335994
5727,0.23919544
5728,0.044653706
5729,0.73772204
5730,0.7652767
5731,0.26646468
5732,0.20449236
5733,0.097812094
5734,0.3829168
5735,0.07221501
5736,0.0756166
5737,0.049184203
5738,0.0040824143
5739,0.9992804
5740,0.07945141
5741,0.11109922
5742,0.010858205
5743,0.029860325
5744,0.9994879
5745,0.00411608
5746,0.59901154
5747,0.09029847
5748,0.9971976
5749,0.1826038
5750,0.12867206
5751,0.99940383
5752,0.0033286896
5753,0.27943853
5754,0.08059173
5755,0.045028508
5756,0.018688818
5757,0.0624986
5758,0.008329899
5759,0.00030370566
5760,0.07484243
5761,0.09805727
5762,0.08058037
5763,0.05486726
5764,0.0043630325
5765,0.122173406
5766,0.0035238168
5767,0.9991924
5768,0.008247951
5769,0.08352175
5770,0.0010877138
5771,0.0017838827
5772,0.1134066
5773,0.00041118843
5774,0.99984443
5775,0.05700241
5776,0.9992754
5777,0.034203723
5778,0.093691885
5779,0.28752503
5780,0.99896336
5781,0.1892051
5782,0.23571329
5783,0.79478973
5784,0.027312271
5785,0.052397367
5786,0.082426995
5787,0.44429845
5788,0.014818347
5789,0.0061400677
5790,0.0047898316
5791,0.68801266
5792,0.01800251
5793,0.006875437
5794,0.0039016106
5795,0.4758244
5796,0.84526384
5797,0.19111867
5798,0.0087184245
5799,0.1297082
5800,0.9992673
5801,0.0071615037
5802,0.01319543
5803,0.003973436
5804,0.12900507
5805,0.063299134
5806,0.0096016005
5807,0.999597
5808,0.52562207
5809,0.9989618
5810,0.03637257
5811,0.15582012
5812,0.106557846
5813,0.0064893886
5814,0.6848768
5815,0.99950004
5816,0.2500967
5817,0.10410852
5818,0.12613949
5819,0.62915564
5820,0.07455382
5821,0.99886715
5822,0.076252885
5823,0.14167339
5824,0.9993358
5825,0.45755413
5826,0.83020645
5827,0.999493
5828,0.7668153
5829,0.3585463
5830,0.113812335
5831,0.008441387
5832,0.09273954
5833,0.000476594
5834,0.7483729
5835,0.09087123
5836,0.7872852
5837,0.0003025191
5838,0.23920637
5839,0.9982285
5840,0.0011415179
5841,0.0682766
5842,0.0019251481
5843,0.9991399
5844,0.74198294
5845,0.9994036
5846,0.96430504
5847,0.99484754
5848,0.052476004
5849,0.8906892
5850,0.11420191
5851,0.056890007
5852,0.0017838827
5853,0.9990687
5854,0.03509094
5855,0.28865695
5856,0.002914511
5857,0.093981974
5858,0.1607865
5859,0.99930215
5860,0.62132293
5861,0.0005660502
5862,0.025666919
5863,0.07142244
5864,0.30097443
5865,0.023511287
5866,0.0020447925
5867,0.06876626
5868,0.26437917
5869,0.15717229
5870,0.4629601
5871,0.00896285
5872,0.11122442
5873,0.002846225
5874,0.99914014
5875,0.050322816
5876,0.008150819
5877,0.13297582
5878,0.99941146
5879,0.28963488
5880,0.32481185
5881,0.39466724
5882,0.054374132
5883,0.3197052
5884,0.9999404
5885,0.16054817
5886,0.5551141
5887,0.9994222
5888,0.047226354
5889,0.0026847967
5890,0.119074866
5891,0.6756543
5892,0.29768404
5893,0.29057038
5894,0.06638501
5895,0.07093431
5896,0.039033793
5897,0.99898773
5898,0.9991794
5899,0.06857971
5900,0.043519236
5901,0.99881905
5902,0.048263375
5903,0.3266762
5904,0.9996346
5905,0.99963677
5906,0.033169143
5907,0.06771734
5908,0.004528402
5909,8.585856e-05
5910,0.16555825
5911,0.93187416
5912,0.5839929
5913,0.027004402
5914,0.03214469
5915,0.114408866
5916,0.0132460985
5917,8.547104e-05
5918,0.0014572643
5919,0.08509852
5920,0.61382174
5921,0.07464456
5922,0.00028193486
5923,0.077200495
5924,0.07472823
5925,0.22686742
5926,0.1426149
5927,0.0061197523
5928,0.9984407
5929,0.065788805
5930,0.12676622
5931,0.0018326882
5932,0.71582246
5933,0.090145566
5934,0.0001571029
5935,0.99970526
5936,0.056700982
5937,0.9989618
5938,0.14515702
5939,0.0011892256
5940,0.03605198
5941,0.12224564
5942,0.10305179
5943,0.08164298
5944,0.003599806
5945,0.103555515
5946,0.0024127718
5947,0.067446314
5948,0.057338145
5949,0.976185
5950,0.0074801454
5951,0.0569241
5952,0.99989426
5953,0.6241034
5954,0.9993222
5955,0.30624133
5956,0.003650086
5957,0.0069096764
5958,0.04547652
5959,0.049505893
5960,0.20139374
5961,0.19769943
5962,0.05709121
5963,0.00015086935
5964,0.00025936365
5965,0.99993825
5966,0.21121402
5967,0.99898535
5968,0.0813256
5969,0.20638178
5970,0.06312658
5971,0.0005969498
5972,0.12179193
5973,0.9993874
5974,0.9989849
5975,0.038713105
5976,0.10524987
5977,0.08036989
5978,0.13152722
5979,0.34390348
5980,0.033649057
5981,0.119018495
5982,0.16893314
5983,0.0034805222
5984,0.060700268
5985,0.03604342
5986,0.030272316
5987,0.1880361
5988,0.14690973
5989,0.948495
5990,0.091253094
5991,0.074665606
5992,0.44145864
5993,0.06648514
5994,0.07382911
5995,0.03925874
5996,0.3169203
5997,0.9991399
5998,0.033349857
5999,0.05740798
6000,0.0922153
6001,0.121855065
6002,0.40135276
6003,0.8275989
6004,0.006468504
6005,0.0031447266
6006,0.49708015
6007,0.04662112
6008,0.4575298
6009,0.052636355
6010,0.009881581
6011,0.5384236
6012,0.045106057
6013,0.37123442
6014,0.04625396
6015,0.08147471
6016,1.8616312e-05
6017,0.53339255
6018,0.14791416
6019,0.050058924
6020,0.13713954
6021,0.99989223
6022,0.9995975
6023,0.3140324
6024,0.0023530582
6025,0.15458088
6026,0.9985933
6027,0.08549185
6028,0.00064652483
6029,0.015873829
6030,0.07123854
6031,0.060339455
6032,0.0015898251
6033,0.00411319
6034,0.017806198
6035,0.057399016
6036,0.054601047
6037,0.9009329
6038,0.13828415
6039,0.006834922
6040,0.085223
6041,0.98946136
6042,0.061260693
6043,0.040462974
6044,0.9993032
6045,0.82840925
6046,0.46033978
6047,0.10881814
6048,0.07358544
6049,0.196927
6050,0.24327476
6051,0.00026018595
6052,0.7563624
6053,0.11089813
6054,0.99954706
6055,0.0048276572
6056,0.020487405
6057,0.04420149
6058,0.03865697
6059,0.058716897
6060,0.009071684
6061,0.3308856
6062,0.012776233
6063,0.060578693
6064,0.012677466
6065,0.10863582
6066,0.5531224
6067,0.9990127
6068,0.78803104
6069,0.0366287
6070,2.7118187e-05
6071,0.08543642
6072,0.041037057
6073,0.12158872
6074,0.35363895
6075,0.07147546
6076,0.99995756
6077,0.01175327
6078,0.5551141
6079,0.13187988
6080,0.08072554
6081,0.01206746
6082,0.051900566
6083,0.06624114
6084,0.04174935
6085,0.076030664
6086,0.033652354
6087,0.062064428
6088,0.23408833
6089,0.009858059
6090,0.008538996
6091,0.7690157
6092,0.0037055307
6093,0.04447439
6094,0.04276266
6095,0.00025591126
6096,0.42777857
6097,0.23291634
6098,0.29169384
6099,0.03174773
6100,0.25135213
6101,0.51345587
6102,0.18766055
6103,0.098955065
6104,0.14476307
6105,0.009977756
6106,0.22670369
6107,0.000116636955
6108,0.4164298
6109,0.01033533
6110,0.1090991
6111,0.030972732
6112,0.06810671
6113,0.0834937
6114,0.00037363617
6115,0.00057910866
6116,0.10126208
6117,0.00068638107
6118,0.7612417
6119,0.99930274
6120,0.00024063712
6121,0.0046316017
6122,0.17267305
6123,0.04265927
6124,0.004763957
6125,0.0033046815
6126,0.5076554
6127,0.99925774
6128,7.2362185e-05
6129,0.080330044
6130,0.02979212
6131,0.9994337
6132,0.010287553
6133,0.021600893
6134,5.977416e-05
6135,0.008730165
6136,0.5257312
6137,0.10827681
6138,0.01544129
6139,0.43950552
6140,0.46044874
6141,0.9995802
6142,0.9993144
6143,0.063324034
6144,0.21907236
6145,0.10852651
6146,0.15252583
6147,0.05503612
6148,0.99916506
6149,0.0046615927
6150,0.062576376
6151,0.45845452
6152,0.14834663
6153,0.0027781297
6154,0.13479817
6155,0.9999175
6156,0.5115415
6157,0.03651229
6158,0.002735767
6159,0.9998802
6160,0.9996346
6161,0.0839824
6162,0.986145
6163,0.99952924
6164,0.13581021
6165,0.9995753
6166,0.99994683
6167,0.01267783
6168,0.16946524
6169,0.6714777
6170,0.022411933
6171,0.00021055818
6172,0.23365867
6173,0.13640189
6174,0.010528256
6175,0.057277314
6176,0.088994645
6177,0.12545504
6178,0.039573133
6179,0.27984974
6180,0.21505943
6181,0.0019270098
6182,0.035499
6183,0.016803607
6184,0.0031841737
6185,0.52937967
6186,0.009064909
6187,0.9989219
6188,0.00022013654
6189,0.00014117261
6190,0.9994118
6191,0.00156475
6192,0.047776952
6193,0.0028605966
6194,0.04497741
6195,0.58668214
6196,0.034811273
6197,0.004791898
6198,0.0001888196
6199,0.9988186
6200,0.99941826
6201,0.0801283
6202,0.99940383
6203,0.048642326
6204,0.053925812
6205,0.0032002754
6206,0.2609251
6207,0.46921557
6208,0.24485555
6209,0.06741726
6210,0.17230578
6211,0.12331528
6212,0.06176433
6213,0.06515429
6214,0.84627134
6215,0.0018326882
6216,0.99896383
6217,0.0059785307
6218,0.058823872
6219,0.18006021
6220,0.99945337
6221,0.014080921
6222,0.99899906
6223,0.00020993753
6224,0.0907394
6225,3.3769862e-05
6226,0.9891495
6227,0.00020676148
6228,0.00030106437
6229,0.002951243
6230,0.8011114
6231,0.23093134
6232,0.60364
6233,0.019830843
6234,0.05812633
6235,0.5160087
6236,0.9993813
6237,0.72751135
6238,0.99889237
6239,0.008027463
6240,0.9972408
6241,4.7827925e-05
6242,0.5538335
6243,0.11870163
6244,0.092363454
6245,0.29710418
6246,0.1623902
6247,0.0061702346
6248,9.9988174e-05
6249,0.009614523
6250,0.5405321
6251,0.09940151
6252,0.004687401
6253,0.20092921
6254,0.076470494
6255,0.21305378
6256,0.9987205
6257,0.18059501
6258,0.05367374
6259,0.0010086918
6260,0.09686576
6261,0.09278417
6262,0.051832225
6263,0.9994648
6264,0.9984407
6265,0.06715239
6266,0.27778947
6267,0.5619567
6268,0.02083154
6269,0.9996346
6270,0.986145
6271,0.009792907
6272,0.0810778
6273,0.6813169
6274,0.9994605
6275,0.05453507
6276,0.028470153
6277,0.027776962
6278,0.017679567
6279,0.012999391
6280,0.9993437
6281,0.024755139
6282,0.83349675
6283,0.7429677
6284,0.5065815
6285,0.15814485
6286,0.5079705
6287,0.99899906
6288,0.008842581
6289,0.26374766
6290,0.27859372
6291,0.49760765
6292,0.5259971
6293,0.71722305
6294,0.07608126
6295,0.57993835
6296,0.035391197
6297,0.09070168
6298,0.99986374
6299,0.23832607
6300,0.00073027296
6301,0.03253126
6302,0.02936525
6303,0.07954615
6304,0.1857887
6305,0.00022409714
6306,0.3438268
6307,0.5818967
6308,0.9992887
6309,0.18836871
6310,0.049567778
6311,0.0020043356
6312,0.25340948
6313,0.9992754
6314,0.035898563
6315,0.08875487
6316,0.053595092
6317,0.986173
6318,0.00026761164
6319,0.3904134
6320,0.0009884943
6321,0.99916124
6322,0.016627925
6323,0.99885964
6324,0.07122481
6325,0.9992248
6326,0.0050720754
6327,0.02877639
6328,0.019030567
6329,0.047494058
6330,0.13127379
6331,0.12838072
6332,0.22572225
6333,0.0035918748
6334,0.122947246
6335,0.120665535
6336,0.24409293
6337,0.01064945
6338,0.9998772
6339,0.015518918
6340,0.067183495
6341,0.48016393
6342,0.9994337
6343,0.044660777
6344,0.0247708
6345,0.766766
6346,0.12504663
6347,0.9995172
6348,0.41473305
6349,0.11838172
6350,0.9990702
6351,0.0034277057
6352,0.007523851
6353,0.00022405911
6354,0.5325858
6355,0.1536939
6356,0.0004247394
6357,0.63795274
6358,0.10204511
6359,0.015024857
6360,0.00074871903
6361,0.00025286883
6362,0.109206975
6363,0.13909687
6364,0.07453099
6365,0.0020978595
6366,0.22843544
6367,0.09720124
6368,0.0006963229
6369,0.07760598
6370,0.0019496267
6371,0.093726516
6372,0.03354004
6373,0.06965944
6374,0.021811884
6375,0.11700499
6376,0.41485783
6377,0.49588004
6378,0.0036744534
6379,0.18415742
6380,0.99912506
6381,0.0024278483
6382,0.9998915
6383,0.96179324
6384,0.9990202
6385,0.078387104
6386,0.37581658
6387,0.000256577
6388,0.053039726
6389,0.25651652
6390,0.15465462
6391,0.27482462
6392,0.00012659573
6393,0.99961203
6394,0.0017363125
6395,0.15854762
6396,0.34863228
6397,0.043194633
6398,0.0029639404
6399,0.1136878
6400,0.617007
6401,0.21592312
6402,0.568384
6403,0.030390674
6404,0.0069576716
6405,0.03718435
6406,0.027370948
6407,0.084198
6408,0.0003972027
6409,0.0006356836
6410,0.23520663
6411,0.8057888
6412,0.00011126875
6413,0.36307803
6414,0.0016321633
6415,0.75610566
6416,0.015114231
6417,0.060590293
6418,0.22146073
6419,0.08171943
6420,0.012418791
6421,0.26783273
6422,0.23185599
6423,0.024373127
6424,0.9999422
6425,0.55776596
6426,0.025542032
6427,0.0001448657
6428,0.7243563
6429,0.0045859073
6430,0.16975462
6431,0.38657713
6432,0.15687755
6433,0.9993191
6434,0.99995756
6435,0.08076651
6436,0.9987833
6437,0.016140996
6438,0.13062662
6439,0.013417848
6440,0.015771447
6441,0.12535073
6442,0.6133933
6443,0.03516394
6444,0.08878904
6445,0.0035774612
6446,0.9993144
6447,0.13113855
6448,0.28427815
6449,0.0016938451
6450,0.9999162
6451,0.12963745
6452,0.016634358
6453,0.99935824
6454,0.4441264
6455,0.003384959
6456,0.01615783
6457,0.09962057
6458,0.11300233
6459,0.37444648
6460,0.09992466
6461,0.9891495
6462,0.07850312
6463,0.22752993
6464,0.111247264
6465,0.320035
6466,0.010788602
6467,0.066061854
6468,0.0047883065
6469,0.9995598
6470,0.9999461
6471,0.99993265
6472,0.06514482
6473,0.0941314
6474,0.02796553
6475,0.002392127
6476,0.7232049
6477,0.058760747
6478,0.008295155
6479,0.99930286
6480,0.03814628
6481,0.03476446
6482,0.1570979
6483,0.020693632
6484,0.044786233
6485,0.22649935
6486,0.08302111
6487,0.090640835
6488,0.10353622
6489,0.3002222
6490,0.6266678
6491,0.69619656
6492,0.99990034
6493,0.090348884
6494,0.21956769
6495,0.5354313
6496,0.5154999
6497,0.0071615037
6498,0.64743555
6499,0.0038748407
6500,0.18571538
6501,0.027263632
6502,0.23807187
6503,0.013087404
6504,0.1294638
6505,0.48976883
6506,0.010831423
6507,0.015910415
6508,0.043922063
6509,0.00028125965
6510,0.011279865
6511,0.020696174
6512,0.57488364
6513,0.20288068
6514,0.009243142
6515,0.059298534
6516,0.24701816
6517,0.0391519
6518,0.3027832
6519,0.00411319
6520,0.9994423
6521,0.004279665
6522,0.08148831
6523,0.2621668
6524,0.002151507
6525,0.14979921
6526,0.13525102
6527,0.99990153
6528,0.10907957
6529,0.00041662573
6530,0.99965155
6531,0.9994087
6532,0.98418254
6533,0.9952519
6534,0.0818461
6535,0.003944998
6536,0.86799014
6537,0.13414392
6538,0.21587346
6539,0.062486146
6540,0.51632184
6541,0.6741105
6542,0.6590795
6543,0.6166941
6544,0.056625698
6545,0.7921699
6546,0.06625718
6547,0.023356456
6548,0.2822362
6549,0.22050759
6550,0.049367398
6551,0.005834186
6552,0.0018907739
6553,0.15653773
6554,0.9985933
6555,0.092201106
6556,0.050016064
6557,0.9994605
6558,0.0006829606
6559,0.99564725
6560,0.0002807193
6561,0.9959545
6562,0.122450665
6563,0.07217271
6564,0.11150758
6565,0.007810362
6566,0.0065240227
6567,0.26780587
6568,0.12999293
6569,0.12783346
6570,0.0009889147
6571,0.9994343
6572,0.9989849
6573,0.012410225
6574,0.017050376
6575,0.99484754
6576,0.16370499
6577,0.23354657
6578,0.1677445
6579,0.05346272
6580,0.00011160955
6581,0.014128111
6582,0.99987996
6583,0.011739742
6584,0.11201469
6585,0.395852
6586,0.00547609
6587,0.00024087496
6588,0.013275586
6589,0.0044152937
6590,0.0917095
6591,0.6884629
6592,0.045908142
6593,0.00032589503
6594,0.004417575
6595,0.98984677
6596,0.99956185
6597,0.0017029616
6598,0.0008496309
6599,0.035956644
6600,0.030336205
6601,0.034389522
6602,0.21651155
6603,0.18033837
6604,0.6787642
6605,0.0067735477
6606,0.082257666
6607,0.121517956
6608,0.11918551
6609,0.0029198646
6610,0.15071237
6611,0.16144389
6612,0.16065606
6613,0.02958173
6614,0.0056426283
6615,0.10603791
6616,0.0012024083
6617,0.008341937
6618,0.063225284
6619,0.011487397
6620,0.031027012
6621,0.06371395
6622,0.24771
6623,0.08330767
6624,0.8254727
6625,0.0007353507
6626,0.9962813
6627,0.00033090616
6628,0.079240516
6629,0.009694948
6630,0.09429531
6631,0.9996346
6632,0.06638033
6633,0.9995802
6634,0.25939164
6635,0.7299779
6636,0.046739306
6637,0.05992752
6638,0.0020132074
6639,0.00399269
6640,0.13542423
6641,0.02110521
6642,0.15565382
6643,0.1569078
6644,0.053490333
6645,0.013223183
6646,0.99896383
6647,0.7171137
6648,0.0599061
6649,0.035314955
6650,0.99929607
6651,0.08935348
6652,0.9938123
6653,0.020615721
6654,0.9992581
6655,3.4308516e-05
6656,0.30236828
6657,0.0618396
6658,0.0044846595
6659,0.16023132
6660,0.00022747846
6661,0.99915063
6662,0.9999325
6663,0.998185
6664,0.8589114
6665,0.00033622215
6666,0.104640186
6667,0.3745895
6668,0.040353343
6669,0.044871144
6670,0.042551666
6671,0.00071564084
6672,0.54136413
6673,0.9989202
6674,0.00029511435
6675,0.05943109
6676,0.9995185
6677,0.99928755
6678,0.029614497
6679,0.09287938
6680,0.007879882
6681,0.9994087
6682,0.24285266
6683,0.0015043154
6684,0.49078
6685,0.011024358
6686,0.001383848
6687,0.005821863
6688,0.081906445
6689,0.0002654266
6690,0.34384325
6691,0.14430004
6692,0.013527905
6693,0.12204497
6694,0.046309136
6695,0.05656084
6696,0.008247951
6697,0.006683797
6698,0.99989617
6699,0.9992694
6700,0.24266504
6701,0.00027523268
6702,0.03480781
6703,0.14148608
6704,0.99996126
6705,0.065257706
6706,0.5875749
6707,0.08371887
6708,0.03766322
6709,0.008421901
6710,0.9993462
6711,0.028970616
6712,0.12504663
6713,0.000361369
6714,0.0060542645
6715,0.9999374
6716,0.029116971
6717,0.07230269
6718,0.07285765
6719,0.986145
6720,0.00022289337
6721,0.9998312
6722,0.99954504
6723,0.5743323
6724,0.0237815
6725,0.010285378
6726,0.015235302
6727,0.00091438845
6728,0.6078748
6729,0.030490646
6730,0.0005124518
6731,0.29169384
6732,0.00012306216
6733,0.5701326
6734,0.63137156
6735,0.9970059
6736,0.028785279
6737,0.02083464
6738,0.100598775
6739,0.004866768
6740,0.7194544
6741,0.1478012
6742,0.07958144
6743,0.3150069
6744,0.97462183
6745,0.077357836
6746,0.25247684
6747,0.11506965
6748,0.02006288
6749,0.07847508
6750,0.44383797
6751,0.052202668
6752,0.35243627
6753,0.20731539
6754,0.102095306
6755,0.00044678102
6756,0.5808079
6757,0.016263243
6758,0.29055646
6759,0.42657632
6760,0.9967012
6761,0.0111261355
6762,0.36211577
6763,0.12033412
6764,0.019899802
6765,0.05701364
6766,0.027445555
6767,0.00037847355
6768,0.011472689
6769,0.9991211
6770,0.46374485
6771,0.24609168
6772,0.002864153
6773,0.23574705
6774,0.9999019
6775,0.29281437
6776,0.5281888
6777,0.11880905
6778,0.1707402
6779,0.12985422
6780,0.33454314
6781,0.0037008442
6782,0.020634802
6783,0.009593799
6784,0.06184999
6785,0.094942816
6786,0.16334303
6787,0.017012058
6788,0.23838928
6789,0.0018699177
6790,0.16242601
6791,0.15809506
6792,0.12136496
6793,0.10014888
6794,0.9988549
6795,0.040626988
6796,0.0001039648
6797,0.017585935
6798,0.06314574
6799,0.20373261
6800,0.031101719
6801,0.07322364
6802,0.081154086
6803,0.013843219
6804,0.00013986714
6805,0.9989279
6806,0.6590117
6807,0.009623821
6808,0.9994648
6809,0.014583825
6810,0.010026124
6811,0.09015208
6812,0.07464772
6813,0.06004041
6814,0.016151812
6815,0.149586
6816,0.102408014
6817,0.08939985
6818,0.016147515
6819,0.008148703
6820,0.17179956
6821,0.023402294
6822,0.24911399
6823,0.9991211
6824,0.17297716
6825,0.99921215
6826,0.43224227
6827,0.2355542
6828,0.9996424
6829,0.6884629
6830,0.14320879
6831,0.000606946
6832,0.0068681473
6833,0.9999244
6834,0.17851627
6835,0.74316776
6836,0.38091543
6837,0.99970466
6838,0.04219308
6839,0.053530477
6840,0.15787244
6841,0.99912304
6842,0.14908303
6843,0.08159915
6844,0.48249912
6845,0.048528433
6846,0.0032094563
6847,0.019988574
6848,0.65487343
6849,0.08021189
6850,0.26836178
6851,0.0005393853
6852,0.0050969496
6853,0.02434939
6854,0.8566675
6855,0.40699476
6856,0.03870966
6857,0.044313543
6858,0.9985586
6859,0.019302616
6860,0.9995598
6861,0.009242011
6862,0.01736073
6863,0.32442325
6864,0.3883624
6865,0.10973346
6866,0.99688256
6867,0.13991152
6868,0.016260747
6869,0.121266514
6870,0.03239943
6871,0.04201962
6872,0.7869463
6873,0.9999628
6874,0.99784505
6875,0.090688564
6876,0.11326248
6877,0.08918649
6878,0.9994892
6879,0.16326892
6880,0.07938181
6881,0.07905563
6882,0.99958223
6883,0.83685184
6884,0.017277129
6885,0.01335124
6886,0.3449709
6887,0.15709037
6888,0.05538883
6889,0.0021576025
6890,0.02372285
6891,0.0034903535
6892,0.1038829
6893,0.013381279
6894,0.36047563
6895,0.17376722
6896,0.08488217
6897,0.9990941
6898,0.9987833
6899,0.17795882
6900,0.00019982074
6901,0.054213617
6902,0.006191473
6903,0.3570706
6904,0.006271718
6905,0.60671866
6906,0.0087577775
6907,0.13394031
6908,0.18986405
6909,0.1816436
6910,0.24340723
6911,0.44923007
6912,0.038464658
6913,0.0027290506
6914,0.22057132
6915,0.6634651
6916,0.56724787
6917,0.5842683
6918,0.026415756
6919,0.9992248
6920,0.6310715
6921,0.6097501
6922,0.015696436
6923,0.29499403
6924,0.5560595
6925,0.019238982
6926,0.032512132
6927,0.12243629
6928,0.07092668
6929,0.0006364156
6930,0.99668366
6931,0.09441313
6932,0.020896241
6933,0.99985814
6934,0.010490101
6935,0.0026341996
6936,0.009977756
6937,0.004837486
6938,0.07648916
6939,0.33844057
6940,0.13544035
6941,0.017744077
6942,0.12474995
6943,0.09566833
6944,0.21271434
6945,0.088134155
6946,0.003305657
6947,0.28410184
6948,0.09014439
6949,0.11040723
6950,0.85378754
6951,0.14128152
6952,0.74936414
6953,0.22441688
6954,0.085952245
6955,0.27614453
6956,0.07054431
6957,0.15595016
6958,0.13667256
6959,0.09892952
6960,0.008531462
6961,0.008927848
6962,0.27373666
6963,0.004546099
6964,0.100514024
6965,0.15888053
6966,0.002131514
6967,0.99897194
6968,0.007181378
6969,0.00084468746
6970,0.036307737
6971,0.055493142
6972,0.70347637
6973,0.104142144
6974,0.37141728
6975,0.5297351
6976,0.55776596
6977,0.99899906
6978,0.025405021
6979,0.32068774
6980,0.014888302
6981,0.046820182
6982,0.0022709894
6983,0.09171334
6984,0.010935893
6985,0.03520487
6986,0.019855848
6987,0.044758003
6988,0.00029517288
6989,0.08962885
6990,0.9992539
6991,0.9995943
6992,0.9923725
6993,0.15526514
6994,0.16591935
6995,0.0071308888
6996,0.2009921
6997,0.18958431
6998,0.0043814587
6999,0.0015932393
7000,0.5510628
7001,0.007587127
7002,0.05729757
7003,0.9990195
7004,0.023854014
7005,0.008531298
7006,0.9990049
7007,0.015842708
7008,0.2651301
7009,0.62900215
7010,0.13941845
7011,0.0059467293
7012,0.15320723
7013,0.0016420346
7014,0.0029749505
7015,0.011175443
7016,0.9993388
7017,8.494337e-05
7018,0.201721
7019,0.016938169
7020,0.99932575
7021,0.04643371
7022,0.1251308
7023,0.015716951
7024,0.50824606
7025,0.7437585
7026,0.00090452173
7027,0.12888983
7028,0.1456234
7029,0.028270343
7030,0.99827945
7031,0.22187953
7032,0.99574727
7033,0.99923277
7034,0.8583831
7035,0.9932306
7036,0.08064017
7037,0.9996593
7038,0.6993619
7039,0.0047592456
7040,0.9996593
7041,0.16453809
7042,0.23968679
7043,0.27940392
7044,0.045595247
7045,0.11415778
7046,0.99987996
7047,0.003558055
7048,0.039630525
7049,0.004947953
7050,0.99843854
7051,0.08199997
7052,0.05820862
7053,0.9890295
7054,0.0017236859
7055,0.9993358
7056,0.09397425
7057,0.9975948
7058,0.6903063
7059,0.9993506
7060,0.024270562
7061,0.99985814
7062,0.015068205
7063,0.003284275
7064,9.8336925e-05
7065,0.5678387
7066,0.24585904
7067,0.978147
7068,0.13248119
7069,0.07271084
7070,0.019739995
7071,0.0022148348
7072,0.0034113505
7073,0.14813355
7074,0.25772053
7075,0.47325924
7076,0.7405369
7077,0.15418734
7078,0.6993619
7079,0.011017814
7080,0.13798377
7081,0.00044697613
7082,0.07544594
7083,0.15415278
7084,0.0009112409
7085,0.0026152867
7086,0.0068419627
7087,0.05714181
7088,0.021876965
7089,0.9998828
7090,0.1816436
7091,0.14946517
7092,0.99932003
7093,0.2180269
7094,0.9991991
7095,0.5720405
7096,0.3935049
7097,0.12499829
7098,0.58129936
7099,0.9990702
7100,0.00041723918
7101,0.44851142
7102,0.009908414
7103,0.64918727
7104,0.2441449
7105,0.09012574
7106,0.12938604
7107,0.57824445
7108,0.33895698
7109,0.04163465
7110,0.08085878
7111,0.021246653
7112,0.0963999
7113,0.17570211
7114,0.16585913
7115,0.78898525
7116,6.2917454e-05
7117,0.00076926185
7118,0.005886697
7119,0.0017246503
7120,0.004899481
7121,0.2610145
7122,0.021253834
7123,0.06536347
7124,0.008247998
7125,0.38734028
7126,0.027125036
7127,0.1455337
7128,0.24824853
7129,0.019793369
7130,0.43424538
7131,0.5473025
7132,0.9993144
7133,0.99930274
7134,0.94176215
7135,2.656725e-05
7136,0.06398422
7137,0.011266089
7138,0.19694027
7139,0.07270748
7140,0.21001817
7141,0.00014109685
7142,0.25263688
7143,0.021237686
7144,0.986145
7145,0.0019507647
7146,0.36588687
7147,0.08107409
7148,0.31684607
7149,0.093943186
7150,0.011017462
7151,0.99944025
7152,0.0560945
7153,0.03416344
7154,0.018185597
7155,0.13936609
7156,0.99992573
7157,0.07794331
7158,0.5440359
7159,0.0020984246
7160,0.2314857
7161,0.02378195
7162,0.9992539
7163,0.045629438
7164,0.00039715006
7165,0.0002286248
7166,0.9989567
7167,0.046134077
7168,0.61619747
7169,0.35177082
7170,0.007257856
7171,0.11734098
7172,0.030592917
7173,0.00029695625
7174,0.09944216
7175,0.0075294464
7176,0.2243166
7177,0.32461601
7178,0.12811518
7179,0.4269687
7180,0.04336305
7181,0.15071237
7182,0.003410441
7183,0.053486638
7184,0.108008556
7185,0.106573835
7186,0.4933498
7187,0.9994337
7188,0.023068655
7189,0.021511706
7190,0.19426918
7191,0.28523433
7192,0.25331363
7193,0.25571275
7194,0.081730485
7195,0.9993032
7196,0.016573837
7197,0.15997435
7198,0.12341675
7199,0.014564403
7200,0.99824417
7201,0.7103494
7202,0.31171805
7203,0.0062809256
7204,0.07546459
7205,0.0041903164
7206,0.99945134
7207,0.14000912
7208,0.56409925
7209,0.21048974
7210,0.02213917
7211,0.013438884
7212,0.2224152
7213,0.38007075
7214,0.04150547
7215,0.0036995749
7216,0.6096232
7217,0.9995943
7218,0.00024542352
7219,0.045866963
7220,0.00011072039
7221,0.00064282765
7222,0.0003521627
7223,0.0038018278
7224,0.004247159
7225,0.016827935
7226,0.99919266
7227,0.021235373
7228,0.081068866
7229,0.34351766
7230,0.31261033
7231,0.9996208
7232,0.004481359
7233,0.81151605
7234,0.0045217862
7235,0.007919754
7236,0.23926991
7237,0.0045843446
7238,0.011503637
7239,0.006788906
7240,0.0038513918
7241,0.22684209
7242,0.99914014
7243,0.2647061
7244,0.00022349156
7245,0.0765624
7246,0.058229107
7247,0.15440626
7248,0.0039873268
7249,0.06450099
7250,0.00041672445
7251,0.09883112
7252,0.06296383
7253,0.054443832
7254,0.14634505
7255,0.9994475
7256,0.9999466
7257,0.06212251
7258,0.00037460827
7259,0.15255247
7260,0.9990326
7261,0.022021145
7262,0.0027027747
7263,0.4096904
7264,0.65113616
7265,0.08924243
7266,0.001275311
7267,0.37422052
7268,0.11015398
7269,0.0052804197
7270,0.1309078
7271,0.047168788
7272,0.017098142
7273,0.01250258
7274,7.8248435e-05
7275,0.11568423
7276,0.15941927
7277,0.015332422
7278,0.99994683
7279,0.07196983
7280,0.65004647
7281,0.99940383
7282,0.49931479
7283,0.09664727
7284,0.016918553
7285,0.20747505
7286,0.00045614128
7287,0.0048276572
7288,0.0020960574
7289,0.27081963
7290,0.019401442
7291,0.9994186
7292,0.00039076366
7293,0.14748064
7294,0.08123646
7295,0.9993144
7296,0.0048422148
7297,0.0059714443
7298,2.4282797e-05
7299,0.99299765
7300,0.452447
7301,0.9990702
7302,0.20419197
7303,0.0062693562
7304,0.27413383
7305,0.9999558
7306,0.99921215
7307,0.99919266
7308,0.3851069
7309,0.055416364
7310,0.36871135
7311,0.016910877
7312,0.0853851
7313,0.9978713
7314,0.9991697
7315,0.0029188097
7316,0.13683586
7317,0.73481107
7318,0.112244815
7319,0.99996364
7320,0.20806049
7321,0.49770242
7322,0.7933208
7323,0.0320498
7324,0.07759989
7325,0.21275078
7326,0.037523195
7327,0.006871232
7328,0.0049007665
7329,0.029619368
7330,0.0043629124
7331,0.030356081
7332,0.036375336
7333,0.042429734
7334,0.03048764
7335,0.007917791
7336,0.19317184
7337,0.0061233877
7338,0.08444087
7339,0.005564927
7340,0.66864264
7341,0.0061702346
7342,0.99916756
7343,0.06279711
7344,0.16578448
7345,0.07064879
7346,0.08873234
7347,0.48701188
7348,0.57006747
7349,0.0039283424
7350,1.4497614e-05
7351,0.015867744
7352,0.0048575117
7353,0.5450067
7354,0.017480714
7355,0.12084431
7356,0.064130336
7357,0.99963117
7358,0.08209717
7359,0.0111030545
7360,0.99951196
7361,0.998185
7362,0.08457637
7363,0.014978972
7364,0.5951238
7365,0.7409493
7366,0.10742028
7367,0.09192175
7368,0.9999143
7369,0.0042867484
7370,0.003822562
7371,0.049861863
7372,0.9836209
7373,0.15772296
7374,0.01730089
7375,0.6075085
7376,0.026497005
7377,0.023247397
7378,0.0040175375
7379,0.3210495
7380,0.17495346
7381,0.13174142
7382,0.1482346
7383,0.0046404735
7384,0.0009902753
7385,0.9990941
7386,0.0035611028
7387,0.0787917
7388,0.02223005
7389,0.13867834
7390,0.9993393
7391,0.99995744
7392,0.99433786
7393,0.023886858
7394,0.22001274
7395,0.027415559
7396,0.27464354
7397,0.12921351
7398,0.00761745
7399,0.00024198262
7400,0.43068334
7401,0.0829233
7402,0.99953175
7403,0.008316955
7404,0.99986374
7405,0.0004786551
7406,0.013585728
7407,0.43153432
7408,0.25017893
7409,0.008247732
7410,0.2024897
7411,0.14795099
7412,0.395852
7413,0.00033750111
7414,0.016482152
7415,7.108289e-05
7416,0.04548835
7417,0.60763925
7418,0.047649406
7419,0.020936312
7420,0.04049653
7421,0.23521584
7422,0.5182697
7423,0.08162573
7424,0.9858326
7425,0.9992393
7426,0.04931485
7427,0.12647426
7428,0.9382055
7429,0.07072517
7430,0.0653072
7431,0.9994019
7432,0.10766632
7433,0.14038542
7434,0.044925872
7435,0.17401086
7436,0.0007120618
7437,0.0077216057
7438,0.068442985
7439,0.6230374
7440,0.0017236859
7441,0.053213328
7442,0.010373814
7443,0.042686466
7444,0.02756541
7445,0.5705324
7446,0.08513616
7447,0.007197092
7448,0.0343666
7449,0.20056713
7450,0.5518844
7451,0.1660658
7452,0.99907315
7453,0.99929607
7454,0.00019520418
7455,0.008061027
7456,0.17677811
7457,0.007976935
7458,0.2588238
7459,0.99961144
7460,0.99942744
7461,0.63818055
7462,0.3946893
7463,0.99989426
7464,0.05907549
7465,0.9998828
7466,0.054079946
7467,0.23954628
7468,0.04436338
7469,0.118454985
7470,0.0007816521
7471,0.9994357
7472,0.16587473
7473,0.0011808989
7474,0.70625544
7475,0.0075145913
7476,0.0074500404
7477,0.99925214
7478,0.00017517424
7479,0.023339288
7480,0.07864508
7481,0.8245733
7482,0.7637408
7483,0.027656619
7484,0.005751498
7485,0.0002974195
7486,0.041021485
7487,0.7877918
7488,0.69308233
7489,0.14822617
7490,0.081250146
7491,0.20288068
7492,0.08186438
7493,0.6254372
7494,0.013835085
7495,0.010529151
7496,0.00027346317
7497,0.15813132
7498,0.07429813
7499,0.0034103778
7500,0.0055789463
7501,0.9990808
7502,0.0037661814
7503,0.10683097
7504,0.61711556
7505,0.9995172
7506,0.24592875
7507,0.74949753
7508,0.0060900617
7509,0.5939754
7510,0.00018088524
7511,0.13109949
7512,0.0060659545
7513,0.5854081
7514,0.28364393
7515,0.0353516
7516,0.9993575
7517,0.2616999
7518,0.9999685
7519,0.0009993541
7520,0.15280247
7521,0.34754756
7522,0.9998461
7523,0.30038682
7524,0.0149547625
7525,0.601367
7526,0.00025658507
7527,0.08359701
7528,0.024226911
7529,0.042555615
7530,0.09667223
7531,0.9992022
7532,0.020168891
7533,0.002270822
7534,0.03953333
7535,0.99946076
7536,0.015678462
7537,0.40063187
7538,0.20809366
7539,0.0137894945
7540,0.048148252
7541,0.7581642
7542,0.65835005
7543,0.0004905737
7544,0.30653855
7545,0.08688881
7546,0.14352703
7547,0.08007083
7548,0.105117016
7549,0.9993291
7550,0.079335704
7551,0.5156961
7552,0.110749915
7553,0.049318995
7554,0.00035985943
7555,0.17098622
7556,0.00039537897
7557,0.16804136
7558,0.08448897
7559,0.93038255
7560,0.005120964
7561,0.01286316
7562,0.9998461
7563,0.441435
7564,0.45159966
7565,0.0043369858
7566,0.023096487
7567,0.0038018278
7568,0.121492244
7569,0.9991554
7570,0.020368885
7571,0.00018066597
7572,0.58852625
7573,0.0005281777
7574,0.9999167
7575,0.8355212
7576,0.06757064
7577,0.004003256
7578,0.7491567
7579,0.21435426
7580,0.99963677
7581,0.069013044
7582,0.59538215
7583,0.44501144
7584,0.01834636
7585,0.0373461
7586,0.0057768384
7587,0.07844801
7588,0.17916168
7589,0.16233493
7590,0.052203644
7591,0.69794804
7592,0.11242565
7593,0.33242416
7594,0.9992924
7595,0.23179959
7596,0.00582116
7597,2.171982e-05
7598,0.45366997
7599,0.045409974
7600,0.0861203
7601,0.58684325
7602,0.026877047
7603,0.10276988
7604,0.006468504
7605,0.9993592
7606,0.12255452
7607,0.018484594
7608,0.9995172
7609,0.5192934
7610,0.002141658
7611,0.1435813
7612,0.007587984
7613,0.10190293
7614,0.00033891125
7615,0.1658886
7616,0.6953829
7617,0.0016321633
7618,0.9994405
7619,0.99979657
7620,0.08029478
7621,0.5096828
7622,0.23391382
7623,0.0115598105
7624,0.9994648
7625,0.4390969
7626,0.56407213
7627,0.18679121
7628,0.11663179
7629,0.19273512
7630,0.06056154
7631,0.14341353
7632,0.060316302
7633,0.28478616
7634,0.6824045
7635,0.0050434466
7636,0.18576673
7637,0.01029463
7638,0.02582186
7639,0.10914073
7640,0.0012911396
7641,0.07736965
7642,0.006321792
7643,0.3868041
7644,0.19312005
7645,0.07871751
7646,9.199986e-05
7647,0.9985586
7648,0.22224605
7649,0.87124324
7650,0.0005464694
7651,0.0013695909
7652,0.56991225
7653,0.002085626
7654,0.24546473
7655,0.006535824
7656,0.012836136
7657,0.014062907
7658,0.026955282
7659,0.17242496
7660,0.9997868
7661,0.002951243
7662,0.023776453
7663,0.27387887
7664,0.6836399
7665,0.32128903
7666,0.28355226
7667,0.9993032
7668,0.9998765
7669,0.20598254
7670,0.11207931
7671,0.1653414
7672,0.034702737
7673,0.003941307
7674,0.0035154133
7675,0.061442092
7676,0.08631864
7677,0.03022184
7678,0.0042419718
7679,0.19540256
7680,0.9992792
7681,0.20736992
7682,0.2588238
7683,0.0027430553
7684,0.0030553148
7685,0.99890816
7686,0.04857264
7687,0.05652766
7688,0.9990702
7689,0.15782775
7690,0.025313346
7691,0.16320616
7692,0.27204695
7693,0.20925725
7694,0.0003587289
7695,0.9965431
7696,0.99955064
7697,0.6899631
7698,0.07434326
7699,0.31027022
7700,0.16711605
7701,0.23685847
7702,0.28928584
7703,0.101604566
7704,0.10788495
7705,0.04565055
7706,0.10998678
7707,0.06191331
7708,0.022238048
7709,0.12320849
7710,0.5440359
7711,0.78628474
7712,0.00843352
7713,0.11886447
7714,0.99903095
7715,0.01101582
7716,0.18690994
7717,0.53992647
7718,0.99863607
7719,0.27977213
7720,0.9998765
7721,0.13625507
7722,0.15436386
7723,0.07675825
7724,0.064286366
7725,0.0069180247
7726,0.99951506
7727,0.044093005
7728,0.0124551775
7729,0.5844078
7730,0.0028787367
7731,0.9999244
7732,0.049355656
7733,0.10703543
7734,7.692638e-05
7735,0.9786573
7736,0.061255727
7737,0.00016003243
7738,0.9978021
7739,0.22516139
7740,0.3178706
7741,0.5746065
7742,0.0039156973
7743,0.14046621
7744,0.3404465
7745,0.09756474
7746,0.09607846
7747,0.10047673
7748,0.9993455
7749,0.9994143
7750,0.99993825
7751,0.9993395
7752,0.02199781
7753,0.28202116
7754,0.49569753
7755,0.021184936
7756,0.0008069701
7757,0.96467996
7758,0.18659587
7759,0.18266216
7760,0.018486908
7761,0.107685626
7762,0.99957985
7763,0.6075085
7764,0.13756093
7765,0.018188667
7766,0.09598932
7767,0.12529372
7768,0.0063816207
7769,0.019068351
7770,0.012379959
7771,0.1671572
7772,0.14934161
7773,0.99930286
7774,0.5803234
7775,0.040080626
7776,0.002131514
7777,0.9993656
7778,0.68463266
7779,0.41651475
7780,0.2796553
7781,0.0047342004
7782,0.0013018394
7783,0.58998704
7784,0.9991211
7785,0.6456083
7786,0.0401957
7787,0.85388273
7788,0.99958915
7789,0.13199943
7790,0.6031667
7791,0.0018805778
7792,0.09471993
7793,0.058617014
7794,0.18923976
7795,0.01695807
7796,0.41192344
7797,0.004436639
7798,0.01482487
7799,0.00077767496
7800,0.013843219
7801,0.00047580077
7802,0.070275694
7803,0.8385086
7804,0.0027812398
7805,0.35363895
7806,0.103983164
7807,0.3423344
7808,0.35363895
7809,0.88562274
7810,0.60166574
7811,0.073260896
7812,0.55705637
7813,0.051722497
7814,0.10593894
7815,0.081889346
7816,0.07227313
7817,0.00028485886
7818,0.8095768
7819,0.3002463
7820,0.00021517272
7821,0.084409006
7822,0.21505943
7823,0.0383879
7824,0.45617825
7825,0.9995598
7826,0.902109
7827,0.010428372
7828,0.00043913574
7829,3.031059e-05
7830,0.0100569585
7831,0.9942557
7832,0.679011
7833,0.041918755
7834,0.004425142
7835,0.067649595
7836,0.7741011
7837,0.01875026
7838,0.09451767
7839,0.038489595
7840,0.09194543
7841,0.06829446
7842,0.03951425
7843,0.03640771
7844,0.05507544
7845,0.00020919481
7846,0.0025897634
7847,0.5951238
7848,0.21534625
7849,0.119268045
7850,0.05296253
7851,0.99955314
7852,0.0070908326
7853,0.9991399
7854,0.021135513
7855,0.99780196
7856,0.014457797
7857,0.5268148
7858,0.6646836
7859,0.07018201
7860,0.048472255
7861,0.6578623
7862,0.012227152
7863,0.038778488
7864,0.0056160325
7865,0.9944195
7866,0.9998828
7867,0.0103218965
7868,0.024665767
7869,0.15635335
7870,0.015772054
7871,0.0026422308
7872,0.9926092
7873,0.028866395
7874,0.107954204
7875,0.022233864
7876,0.016624572
7877,0.19141093
7878,0.03778307
7879,0.013601848
7880,0.0015680835
7881,0.098819844
7882,0.03173131
7883,0.09698239
7884,0.043308437
7885,0.017475776
7886,0.9995782
7887,0.002745522
7888,0.99943584
7889,0.104305066
7890,0.068513036
7891,0.99996364
7892,0.03414788
7893,0.062135678
7894,0.015784316
7895,0.051979356
7896,0.23012795
7897,0.08723841
7898,0.2814405
7899,0.99989426
7900,0.022858107
7901,0.9995975
7902,0.07055624
7903,0.4831079
7904,0.011557005
7905,0.0033892372
7906,0.9999019
7907,0.020528866
7908,0.9992022
7909,0.042037535
7910,0.9990195
7911,0.30309203
7912,0.67492473
7913,0.0051522027
7914,0.0017126495
7915,0.0007156981
7916,0.0674712
7917,0.060983427
7918,0.99979657
7919,0.006478484
7920,0.5740876
7921,0.007948444
7922,0.9984175
7923,0.050059885
7924,0.0054516713
7925,0.21886119
7926,0.29579327
7927,0.9993393
7928,0.078138374
7929,0.0014253116
7930,0.08624438
7931,0.27565432
7932,0.5836829
7933,0.0028811726
7934,0.09010146
7935,0.99989355
7936,0.20459528
7937,0.0064919777
7938,0.24520814
7939,0.07699654
7940,0.026639396
7941,0.011467883
7942,0.015033299
7943,0.06341043
7944,0.13434215
7945,0.03267707
7946,0.99950004
7947,0.7377168
7948,0.09124914
7949,0.0037838127
7950,0.044073775
7951,0.051407326
7952,0.068340585
7953,0.11944437
7954,0.0068263924
7955,0.024944834
7956,0.16978776
7957,0.15394364
7958,0.039083045
7959,0.73897743
7960,0.0050243004
7961,0.0036411053
7962,0.5061381
7963,0.99930537
7964,0.13776045
7965,0.04382431
7966,0.8590127
7967,0.9993882
7968,0.0971467
7969,0.0040684487
7970,0.05541517
7971,0.26249322
7972,0.24803804
7973,0.26516914
7974,0.0029927536
7975,0.20772247
7976,0.05273786
7977,0.0263325
7978,0.99965155
7979,0.4438943
7980,0.004768721
7981,0.08249311
7982,0.00029999565
7983,0.008247732
7984,0.28813687
7985,0.2277749
7986,0.09669163
7987,0.08507692
7988,0.0017856404
7989,0.009211246
7990,0.003413168
7991,0.039799515
7992,0.36890563
7993,0.0035714493
7994,0.67535526
7995,0.0132731125
7996,0.111102894
7997,0.99944633
7998,0.10651403
7999,0.002671983
8000,0.0010887972
8001,0.07773632
8002,0.05008123
8003,0.0005671851
8004,0.088373736
8005,0.11008027
8006,0.08629372
8007,0.005539079
8008,0.22629727
8009,0.0005872007
8010,0.99946874
8011,0.9991416
8012,0.1061595
8013,0.56637895
8014,0.00065241876
8015,0.0011560428
8016,0.99536246
8017,0.00023704986
8018,0.17698471
8019,0.0032450566
8020,0.055519115
8021,0.04724923
8022,0.0045363144
8023,0.15066044
8024,0.025085857
8025,0.99937254
8026,0.029500151
8027,0.998953
8028,0.00036546978
8029,0.015937353
8030,0.20367537
8031,0.07923582
8032,0.9989618
8033,0.0004313008
8034,0.03164221
8035,0.3329987
8036,0.0069963313
8037,0.13707207
8038,0.05709344
8039,0.008949917
8040,0.0004109686
8041,0.18847106
8042,0.09769533
8043,0.00023030989
8044,0.006871313
8045,0.0011760495
8046,0.9996424
8047,0.06773625
8048,0.004534629
8049,0.14052515
8050,0.0042284904
8051,0.015931977
8052,0.1718927
8053,7.82256e-05
8054,0.19854896
8055,0.15748751
8056,0.0551431
8057,0.99911577
8058,0.99896383
8059,0.0007356843
8060,0.45908576
8061,0.35671464
8062,0.6951226
8063,0.976185
8064,0.09594108
8065,0.807515
8066,0.18145248
8067,0.9998847
8068,0.012005427
8069,0.01575291
8070,0.30980262
8071,0.008937312
8072,0.0009208872
8073,0.3019195
8074,0.032255042
8075,0.03237184
8076,0.015859824
8077,0.18187267
8078,0.17452687
8079,0.99941146
8080,0.8342391
8081,0.09593397
8082,0.80988425
8083,0.011056153
8084,0.9989202
8085,0.03813001
8086,0.06432391
8087,0.011111487
8088,0.03852121
8089,0.9994357
8090,0.54136413
8091,0.28882462
8092,0.009792907
8093,0.07174031
8094,0.0077093504
8095,0.1948805
8096,0.524452
8097,0.936195
8098,0.87139595
8099,0.80185443
8100,0.0024945247
8101,0.4353348
8102,0.00024005416
8103,0.9977229
8104,0.026090208
8105,0.9996346
8106,0.09601448
8107,0.007545709
8108,0.12550053
8109,0.99944025
8110,0.0043047643
8111,0.28813988
8112,0.9992255
8113,0.10040887
8114,0.045129932
8115,0.99916756
8116,0.039062437
8117,0.009118983
8118,0.07371662
8119,0.26164407
8120,0.33659673
8121,0.524452
8122,0.9988631
8123,0.82237864
8124,0.010451175
8125,0.028459419
8126,0.8719875
8127,0.006208926
8128,0.013614252
8129,0.040055033
8130,0.110420324
8131,0.15510824
8132,0.34116736
8133,0.1181272
8134,0.14159136
8135,0.16826922
8136,0.036598887
8137,0.000102031256
8138,0.57832915
8139,0.23314968
8140,0.9993395
8141,0.22080702
8142,0.0046729785
8143,0.34823313
8144,0.0024316818
8145,0.02192163
8146,0.044848956
8147,0.002450129
8148,0.09789031
8149,0.652076
8150,0.17814665
8151,0.00038033677
8152,0.00014108057
8153,0.9965431
8154,0.03593806
8155,0.041065928
8156,0.0035090097
8157,0.012501215
8158,0.99827945
8159,0.76704454
8160,0.43711895
8161,0.99944025
8162,0.014402011
8163,0.0076425895
8164,0.19658369
8165,0.29732084
8166,0.011554543
8167,0.07050006
8168,0.024244081
8169,0.00024417925
8170,0.99916124
8171,0.17509188
8172,0.14084226
8173,0.9999038
8174,0.00768131
8175,0.044890624
8176,0.057763476
8177,0.008832912
8178,0.17466775
8179,0.0015099066
8180,0.37500995
8181,0.02739183
8182,0.0688784
8183,0.9958209
8184,0.2339845
8185,0.058175344
8186,0.007669586
8187,0.029543275
8188,0.25138998
8189,0.091120414
8190,0.027210735
8191,0.13187583
8192,0.033702876
8193,4.0834293e-05
8194,0.0026038243
8195,0.9991399
8196,0.31458148
8197,0.042560037
8198,0.009442567
8199,0.12509479
8200,0.012865098
8201,0.3057902
8202,0.032441366
8203,0.49928892
8204,0.035675902
8205,0.011007345
8206,0.7637408
8207,0.026211986
8208,0.18843614
8209,0.9986319
8210,0.049587328
8211,0.028402906
8212,0.99889237
8213,0.55909675
8214,0.9991798
8215,9.034817e-05
8216,0.22670369
8217,0.3746653
8218,0.29710418
8219,0.00019093293
8220,0.12693813
8221,0.19685574
8222,0.12042571
8223,0.98019755
8224,0.009868783
8225,0.04999682
8226,0.66684586
8227,0.37598267
8228,0.13563596
8229,0.13328779
8230,0.25081882
8231,0.03574249
8232,0.9995301
8233,0.00012137037
8234,0.039137434
8235,0.0074986084
8236,0.99814343
8237,0.43967947
8238,0.071269326
8239,0.0017838827
8240,0.0003558346
8241,0.564221
8242,0.077350624
8243,0.013742256
8244,0.0009984233
8245,0.9982553
8246,0.005432271
8247,0.013788691
8248,0.016769806
8249,0.04155508
8250,0.9990687
8251,0.51368004
8252,0.007161948
8253,0.2245673
8254,0.9998325
8255,0.0032430028
8256,0.9992887
8257,0.9984175
8258,0.00022676797
8259,0.7506833
8260,0.04114531
8261,0.000410902
8262,0.047909055
8263,0.01152319
8264,0.51069754
8265,0.20614097
8266,0.1414805
8267,0.56965536
8268,0.5951238
8269,0.00015165846
8270,0.1789469
8271,0.06543129
8272,0.0111030545
8273,0.07464965
8274,0.99903095
8275,0.17740738
8276,0.0062736114
8277,0.11703388
8278,0.26829427
8279,0.054353833
8280,0.67535526
8281,0.99982375
8282,0.9989567
8283,0.30561608
8284,0.16054817
8285,0.20396784
8286,0.9989849
8287,0.23246399
8288,0.9996074
8289,0.6046492
8290,0.99970466
8291,0.1578722
8292,0.1136834
8293,0.0022230241
8294,0.00026672977
8295,0.16734977
8296,0.03605178
8297,0.9995975
8298,0.69300646
8299,0.12581576
8300,0.000454372
8301,0.49740395
8302,0.00016653014
8303,0.8260318
8304,0.011251768
8305,0.021860931
8306,0.9984205
8307,0.0005771597
8308,0.99950755
8309,0.100060716
8310,0.049753845
8311,0.022067672
8312,0.0018572878
8313,0.0038589805
8314,0.006888698
8315,0.23725559
8316,0.99734676
8317,0.81426466
8318,0.12950912
8319,0.104390316
8320,0.16365227
8321,0.012730485
8322,0.9994241
8323,0.018024024
8324,0.15735503
8325,0.99912506
8326,0.015756562
8327,0.123138525
8328,0.002335084
8329,0.13606304
8330,0.03382621
8331,0.027141197
8332,0.7773164
8333,0.00035173842
8334,0.8285133
8335,0.075771414
8336,0.0917095
8337,0.275807
8338,0.0031449357
8339,0.99991155
8340,0.10357763
8341,0.011024358
8342,0.0071615037
8343,0.15171258
8344,0.23265496
8345,0.9999374
8346,0.72284776
8347,0.015207634
8348,0.19153619
8349,0.9989411
8350,0.06863104
8351,0.23265496
8352,0.000117234944
8353,0.005494457
8354,0.11641547
8355,0.99963677
8356,0.00049629324
8357,0.012552483
8358,0.00034791054
8359,0.21505943
8360,0.03148305
8361,0.17880103
8362,0.011530616
8363,0.53796303
8364,0.9988084
8365,0.2197767
8366,0.21793588
8367,0.9996346
8368,0.06867923
8369,0.00070031994
8370,0.99925774
8371,0.00028070458
8372,0.007857435
8373,0.18115221
8374,0.029612673
8375,0.9994605
8376,0.9988631
8377,0.99920815
8378,0.06436504
8379,0.99955696
8380,0.96179324
8381,0.06954958
8382,0.33179
8383,0.0073074563
8384,0.009427669
8385,0.99987996
8386,0.003139078
8387,0.7538279
8388,0.0005322701
8389,0.99924386
8390,0.42100322
8391,0.06856323
8392,0.06479142
8393,0.18640302
8394,0.0004388464
8395,0.010230064
8396,0.15974306
8397,0.22166763
8398,0.020994956
8399,0.90799725
8400,0.069795914
8401,0.31204548
8402,0.00042151278
8403,0.08171705
8404,0.97462183
8405,0.10528103
8406,0.050714694
8407,0.0017279529
8408,0.998314
8409,0.0041487706
8410,0.31891227
8411,0.99827945
8412,0.053026143
8413,0.5449355
8414,0.1543762
8415,0.99948645
8416,0.002182969
8417,0.56962454
8418,0.21216322
8419,0.35624534
8420,0.017157625
8421,0.07603353
8422,0.009851833
8423,0.0052263793
8424,0.07872256
8425,0.38592172
8426,0.5951238
8427,0.004515405
8428,0.0009649383
8429,0.08258315
8430,0.13816275
8431,0.05976965
8432,0.256959
8433,0.99899906
8434,0.2840758
8435,0.99989426
8436,0.060565397
8437,0.6628151
8438,0.03958623
8439,0.99937797
8440,0.9999244
8441,0.07376847
8442,0.0036259398
8443,0.02141671
8444,0.018950872
8445,1.0196986e-05
8446,0.0018133672
8447,0.16789156
8448,0.06181357
8449,0.0309792
8450,0.68153375
8451,0.0004379157
8452,0.18252307
8453,0.9937556
8454,0.06318283
8455,0.006559621
8456,0.9987569
8457,0.9992804
8458,7.228749e-05
8459,0.42835566
8460,0.9993592
8461,0.0016395398
8462,0.536107
8463,0.0772974
8464,0.04782977
8465,0.0047212834
8466,0.0057111224
8467,0.055469994
8468,0.89057344
8469,0.023594936
8470,0.05325177
8471,0.35175055
8472,0.0068381727
8473,0.30942982
8474,0.00019868845
8475,0.9999125
8476,0.16913098
8477,0.07057181
8478,0.008446134
8479,0.9994079
8480,0.077205606
8481,0.05618805
8482,0.17792632
8483,0.02123277
8484,0.036629338
8485,0.03794824
8486,0.2343615
8487,0.06393595
8488,0.099763356
8489,0.032544322
8490,0.046712544
8491,0.006761439
8492,0.004021399
8493,0.29992247
8494,0.9991654
8495,0.9995516
8496,0.055615317
8497,0.65676314
8498,0.2918288
8499,0.9993863
8500,0.022081882
8501,0.99863607
8502,0.004895893
8503,0.0075689233
8504,0.99882036
8505,0.7738628
8506,0.0045193057
8507,0.00018120321
8508,0.006372112
8509,0.0019270098
8510,0.9991554
8511,0.024000982
8512,0.05958909
8513,0.2301655
8514,0.08847887
8515,0.0071227336
8516,0.99980634
8517,0.084807806
8518,0.6884629
8519,0.0033937562
8520,0.019307053
8521,0.88562506
8522,0.11770916
8523,0.6902014
8524,0.9998828
8525,0.10954464
8526,0.121185675
8527,0.003547285
8528,0.06582219
8529,0.13311508
8530,0.00012469367
8531,0.028273664
8532,0.063683145
8533,0.11009283
8534,0.07626174
8535,0.45331457
8536,0.08534921
8537,0.27307507
8538,0.020941937
8539,0.007137759
8540,0.027026387
8541,0.6235465
8542,0.006284352
8543,0.9990941
8544,0.24301626
8545,0.10917998
8546,0.014651258
8547,0.9995802
8548,0.038267788
8549,0.30552283
8550,0.06625198
8551,0.12033412
8552,0.78898525
8553,0.10631298
8554,0.99916756
8555,0.09464075
8556,0.13460538
8557,0.18429218
8558,0.024086451
8559,0.13792259
8560,0.1143185
8561,0.99923015
8562,0.9999422
8563,0.3988672
8564,0.076547146
8565,0.009494314
8566,0.14812917
8567,0.51958716
8568,0.9998908
8569,0.070036694
8570,0.12309506
8571,0.17315918
8572,0.27579784
8573,0.24280883
8574,0.0135122975
8575,0.56235796
8576,0.23445624
8577,0.9991399
8578,0.107991904
8579,0.9986319
8580,0.064337
8581,8.045973e-05
8582,0.25431377
8583,0.039528966
8584,0.1535313
8585,0.2027149
8586,0.0036494737
8587,0.06884529
8588,0.008802085
8589,0.9989618
8590,0.9995617
8591,0.99977654
8592,0.044196803
8593,0.23664193
8594,0.0058278255
8595,0.042058755
8596,0.08565442
8597,0.013792192
8598,0.99919266
8599,0.40634015
8600,0.09154575
8601,0.66353065
8602,0.99988174
8603,0.9991211
8604,0.000104532315
8605,0.996283
8606,0.012043732
8607,0.008626726
8608,0.0013743967
8609,0.014937393
8610,0.015518918
8611,0.0012830751
8612,0.026057182
8613,0.7265434
8614,0.054601047
8615,0.19131538
8616,0.9985648
8617,0.19270669
8618,0.35876024
8619,0.6535457
8620,0.0016274336
8621,0.1928383
8622,0.1685597
8623,0.27571732
8624,0.9999466
8625,0.0036361732
8626,0.00022664582
8627,0.004567022
8628,4.6151417e-05
8629,0.9994122
8630,0.51218903
8631,0.15985762
8632,0.0062420457
8633,0.9999038
8634,0.76120025
8635,0.0023158533
8636,0.0013996129
8637,0.9998828
8638,0.20490222
8639,0.0011464952
8640,0.36887252
8641,0.03963129
8642,0.00046289782
8643,0.00628655
8644,0.9994665
8645,0.06713825
8646,0.4744165
8647,0.08192585
8648,0.99937254
8649,0.019212382
8650,0.03209158
8651,0.0047478215
8652,0.281661
8653,0.59876496
8654,0.16729666
8655,0.14092647
8656,0.023670515
8657,0.0004407327
8658,0.002407369
8659,0.003284275
8660,0.9993191
8661,0.97649616
8662,0.06877686
8663,0.010015973
8664,0.0066582314
8665,0.0036348328
8666,0.099502146
8667,9.5904856e-05
8668,0.2219992
8669,0.00369792
8670,0.056197524
8671,0.99905974
8672,0.0011852189
8673,0.054176614
8674,0.000109709894
8675,0.026246915
8676,0.59731674
8677,0.011299794
8678,0.09512519
8679,0.0079992665
8680,0.11961132
8681,0.9995975
8682,0.22303945
8683,0.6097525
8684,0.01601663
8685,0.99919266
8686,0.01903528
8687,0.24057743
8688,0.73353845
8689,0.27367282
8690,0.06871168
8691,0.0021904046
8692,0.05762366
8693,0.0045996695
8694,0.0075702304
8695,0.20192932
8696,0.03742422
8697,0.007924649
8698,0.13341229
8699,0.041946817
8700,0.021066867
8701,0.9996346
8702,0.41586724
8703,0.0062041376
8704,0.24290147
8705,0.006875437
8706,0.30641568
8707,0.003764645
8708,0.0033806055
8709,0.99992204
8710,0.006058567
8711,0.99906176
8712,0.5115415
8713,0.02221442
8714,0.00018632719
8715,0.00032431897
8716,0.00852941
8717,0.9992551
8718,0.5934117
8719,0.10280922
8720,0.00020735868
8721,0.5896046
8722,0.9990188
8723,0.029792804
8724,0.9995943
8725,0.5841361
8726,0.14311728
8727,0.034457747
8728,0.0004535479
8729,0.33015743
8730,0.999897
8731,0.11395551
8732,0.7341586
8733,0.08405608
8734,0.06435204
8735,0.9988709
8736,0.36481407
8737,0.049501438
8738,0.3214098
8739,0.051937193
8740,0.00028282087
8741,0.010086619
8742,0.08302208
8743,0.091657884
8744,0.9998765
8745,0.9998828
8746,0.054949954
8747,0.9988896
8748,0.0639519
8749,0.022277055
8750,0.09647554
8751,0.9999175
8752,0.0002938742
8753,0.014558096
8754,0.9994036
8755,0.03587413
8756,0.61713386
8757,0.2798079
8758,0.014202944
8759,0.4314191
8760,0.25725785
8761,0.056586944
8762,0.19724587
8763,0.16452199
8764,0.0038341114
8765,0.04592875
8766,0.016734893
8767,0.29057243
8768,0.2417817
8769,0.00090279285
8770,0.0002502352
8771,0.008247732
8772,0.3134565
8773,0.015692951
8774,0.19912864
8775,0.003045273
8776,0.008557113
8777,0.119678326
8778,0.114131294
8779,0.99943584
8780,0.004248069
8781,0.40541342
8782,0.13866128
8783,0.9993381
8784,0.99915063
8785,0.009655149
8786,0.059625205
8787,0.7515281
8788,0.51368004
8789,0.5602302
8790,0.09028086
8791,0.33024606
8792,0.0051018484
8793,0.00079484633
8794,0.05197796
8795,0.005174698
8796,0.8005383
8797,0.058575064
8798,0.008136499
8799,0.43773097
8800,0.9998802
8801,0.19755752
8802,0.42854232
8803,0.21748282
8804,0.092038795
8805,0.26741108
8806,0.10072773
8807,0.01891713
8808,0.23357165
8809,0.09757255
8810,0.45514572
8811,0.17246321
8812,0.020319356
8813,0.09990406
8814,0.032311432
8815,0.09347895
8816,0.9858326
8817,0.08661155
8818,0.003259503
8819,0.36938056
8820,0.0061791297
8821,0.07834531
8822,0.0011415179
8823,0.08892941
8824,0.09761148
8825,0.006990761
8826,0.9991554
8827,0.9995819
8828,0.026967322
8829,0.012110497
8830,0.022757247
8831,0.001949933
8832,0.22385538
8833,0.0788922
8834,0.99896336
8835,0.2243249
8836,0.01532395
8837,0.00917465
8838,0.13012797
8839,0.009427215
8840,0.9989618
8841,0.28403893
8842,0.9994892
8843,0.11288393
8844,0.0036947217
8845,0.99989426
8846,0.41197854
8847,0.005423776
8848,0.24021772
8849,0.04739724
8850,0.016377848
8851,0.29139203
8852,0.5055192
8853,9.869682e-05
8854,0.8028865
8855,0.30849752
8856,0.005028366
8857,0.0075240503
8858,0.6910971
8859,5.569616e-05
8860,0.29682785
8861,0.049945515
8862,0.9955764
8863,0.051222734
8864,0.004822535
8865,0.30591843
8866,0.9993592
8867,0.038457826
8868,0.11480105
8869,0.22379012
8870,0.32981902
8871,0.031097578
8872,0.99894387
8873,0.39051038
8874,0.20673524
8875,0.9927698
8876,0.13077961
8877,0.7734133
8878,0.09383473
8879,0.99892384
8880,0.28011668
8881,0.16032417
8882,0.0818214
8883,0.019135056
8884,0.8763794
8885,0.37144366
8886,0.79368186
8887,0.99845695
8888,0.004740662
8889,0.25069267
8890,0.11147365
8891,0.30078065
8892,0.17810698
8893,0.9989849
8894,0.033100184
8895,0.0048575117
8896,0.99920505
8897,0.0015644075
8898,0.2796553
8899,0.99944335
8900,0.00593146
8901,0.0038627198
8902,0.9992508
8903,0.061014798
8904,0.13601497
8905,0.07283151
8906,0.0003562567
8907,0.029987663
8908,0.61712044
8909,0.18301296
8910,0.0065570143
8911,0.0017316178
8912,0.9998822
8913,0.08058037
8914,0.99912506
8915,8.7203036e-05
8916,0.8110747
8917,0.06408952
8918,0.8444326
8919,0.1211361
8920,0.70206654
8921,0.023872163
8922,0.049586214
8923,0.0041629774
8924,0.45612422
8925,0.14524615
8926,0.0017856404
8927,0.0008172765
8928,0.9988896
8929,0.08640751
8930,0.00039627816
8931,0.21306755
8932,0.9999553
8933,0.04581156
8934,0.007979199
8935,0.008140079
8936,0.19168814
8937,4.4596407e-05
8938,0.43434706
8939,0.99992204
8940,0.99896383
8941,0.008319433
8942,0.08180304
8943,0.3229723
8944,0.5598817
8945,0.9989219
8946,0.07045001
8947,0.0008624314
8948,0.8543753
8949,0.041626442
8950,0.015451811
8951,0.64387673
8952,0.99899906
8953,0.82299817
8954,0.99859446
8955,0.06676105
8956,0.9987833
8957,0.6070844
8958,0.99889696
8959,0.026758328
8960,0.15094677
8961,0.049275886
8962,0.007561423
8963,0.0031315861
8964,0.008440417
8965,0.08152279
8966,0.22365394
8967,0.9996208
8968,0.7045712
8969,0.01789592
8970,0.99916303
8971,0.99916756
8972,0.9988631
8973,0.00011149721
8974,0.073254
8975,0.014319992
8976,0.042863354
8977,0.0003948968
8978,0.101969
8979,0.74301326
8980,0.0131969275
8981,0.09848879
8982,0.90482277
8983,0.5951238
8984,0.60246164
8985,0.009264533
8986,0.88527
8987,0.29697472
8988,0.20875286
8989,0.012894707
8990,0.9984403
8991,0.27060935
8992,0.00034828953
8993,0.12178329
8994,0.99989426
8995,0.99993825
8996,0.9977229
8997,0.40699038
8998,0.03730687
8999,0.07836671
9000,0.5528469
9001,0.11787368
9002,0.0015700251
9003,0.006642761
9004,0.061148744
9005,0.07645762
9006,0.06673011
9007,0.31773308
9008,0.9998472
9009,0.5656619
9010,0.0060488237
9011,0.6070844
9012,0.00011982174
9013,0.09920907
9014,0.9998673
9015,0.9996346
9016,0.99896383
9017,0.40079114
9018,0.007922066
9019,0.2147911
9020,0.020645801
9021,0.019715907
9022,0.5213442
9023,0.19508329
9024,0.75616
9025,0.015230195
9026,0.7160794
9027,0.9994122
9028,0.015532648
9029,0.26546925
9030,0.9998549
9031,0.49927363
9032,0.12907968
9033,0.029948222
9034,0.18565649
9035,0.17787728
9036,0.057781007
9037,0.014657069
9038,0.022571841
9039,0.0071947724
9040,0.12970883
9041,0.2013183
9042,0.82237864
9043,0.057715118
9044,0.004240071
9045,0.08367729
9046,0.032868642
9047,0.2428658
9048,0.034930345
9049,0.00034594492
9050,0.99914014
9051,0.9995975
9052,0.0033186025
9053,0.7531936
9054,0.8267577
9055,0.5774154
9056,0.0020541325
9057,0.35217848
9058,0.012749881
9059,0.0054131835
9060,0.022018338
9061,0.0020270997
9062,0.65577847
9063,0.0020488142
9064,0.15034209
9065,0.09891763
9066,0.0023368385
9067,0.11438676
9068,0.1718927
9069,0.009270115
9070,0.12299637
9071,0.0003077196
9072,0.00015825413
9073,0.016263647
9074,0.106573835
9075,0.13656688
9076,0.0003572171
9077,0.22510687
9078,0.013563687
9079,0.99916756
9080,0.06308092
9081,0.026565727
9082,0.09601345
9083,0.0007197449
9084,0.016685298
9085,0.3994994
9086,0.9997702
9087,0.99878246
9088,0.036211725
9089,0.0057742563
9090,0.73605984
9091,0.03128972
9092,0.5835028
9093,0.083584584
9094,0.9214147
9095,0.14993954
9096,0.84529424
9097,0.055820562
9098,0.4514645
9099,0.14881256
9100,0.17686
9101,0.9998802
9102,0.0057651885
9103,0.27898538
9104,0.07114599
9105,0.00045197472
9106,0.9995577
9107,0.13542423
9108,0.002856811
9109,0.005794563
9110,0.99959236
9111,0.66198194
9112,0.1581796
9113,0.008576095
9114,0.99916327
9115,0.9993455
9116,0.031937502
9117,0.9993144
9118,0.12033412
9119,3.4076642e-05
9120,0.9992255
9121,0.029203665
9122,0.05862441
9123,0.20537452
9124,0.21061732
9125,0.16806912
9126,0.05557793
9127,0.9998802
9128,0.10558522
9129,0.41120252
9130,0.00016604971
9131,0.573343
9132,0.9992079
9133,0.0007034715
9134,0.3209448
9135,0.99805295
9136,0.19183552
9137,0.06339555
9138,0.4157633
9139,0.0073609496
9140,0.99604815
9141,0.6435775
9142,0.9993291
9143,0.23605962
9144,0.044764698
9145,0.78674495
9146,0.019321702
9147,0.1853847
9148,8.085938e-05
9149,0.0016202042
9150,0.1913446
9151,0.6078748
9152,0.000102212776
9153,0.05347499
9154,0.00011064483
9155,0.9992393
9156,0.015976077
9157,0.87673265
9158,0.29542047
9159,0.103236355
9160,0.01848039
9161,0.008029389
9162,0.13409781
9163,0.65059465
9164,0.0042226776
9165,0.0074856663
9166,0.6751357
9167,0.9993455
9168,0.16582955
9169,0.5182697
9170,0.10198184
9171,0.0016408617
9172,0.006038709
9173,0.11753992
9174,0.1447289
9175,0.037175346
9176,0.019156761
9177,0.11350976
9178,0.0033937562
9179,0.76331705
9180,0.0117183635
9181,0.99950325
9182,0.045542084
9183,0.27463254
9184,0.001958215
9185,0.9977229
9186,0.0941693
9187,0.03280192
9188,0.09740844
9189,0.013843219
9190,0.037257325
9191,0.09481567
9192,0.03271836
9193,0.054472093
9194,0.79326004
9195,0.0049780877
9196,0.50992966
9197,0.1779836
9198,0.024953593
9199,0.00019878906
9200,0.01023402
9201,0.052682467
9202,0.047309168
9203,0.4628373
9204,0.16435479
9205,0.99944884
9206,0.045694225
9207,0.068249516
9208,0.051217902
9209,0.63089263
9210,0.110215925
9211,0.036662247
9212,0.27036488
9213,0.00036285148
9214,0.5266527
9215,0.5551141
9216,0.00020337696
9217,0.22116213
9218,0.27843544
9219,0.07713839
9220,0.04319707
9221,0.00863935
9222,0.113644615
9223,0.9998466
9224,0.4627796
9225,0.009316053
9226,0.04196569
9227,0.065821715
9228,0.017460497
9229,0.00020521715
9230,0.00052666455
9231,0.08943419
9232,0.07811897
9233,0.003082171
9234,0.5844498
9235,0.29455543
9236,0.007354159
9237,0.0806074
9238,0.99916697
9239,0.99932575
9240,0.16328102
9241,0.496031
9242,0.99896336
9243,0.0033286896
9244,0.20290639
9245,0.26311395
9246,0.048652533
9247,0.005019261
9248,0.24525926
9249,0.037933543
9250,0.25530225
9251,0.10754219
9252,0.9999244
9253,0.9992539
9254,0.09270791
9255,0.13450536
9256,0.036494058
9257,0.33477017
9258,0.090783
9259,0.12950183
9260,0.5724728
9261,0.9987833
9262,0.071121424
9263,0.08283121
9264,0.21296628
9265,0.0005551949
9266,0.013275586
9267,0.073959135
9268,0.0042473227
9269,0.25700617
9270,0.0033059053
9271,0.9989567
9272,0.9993222
9273,0.06260723
9274,0.0009208872
9275,0.99846894
9276,0.00013051517
9277,0.04109275
9278,0.11494604
9279,0.99961
9280,0.17583716
9281,0.30108744
9282,0.99919266
9283,0.9993709
9284,0.037689094
9285,0.00021352281
9286,0.00046275088
9287,0.20462184
9288,0.31401804
9289,0.0034699105
9290,0.32518438
9291,0.23121694
9292,0.0039976723
9293,0.05141597
9294,0.47778365
9295,0.0002011098
9296,0.18117622
9297,0.948495
9298,0.01836476
9299,0.00033553335
9300,0.015814273
9301,0.10937561
9302,0.016375652
9303,0.73094875
9304,0.29993755
9305,0.0059593483
9306,0.021523444
9307,0.125953
9308,0.24982393
9309,0.065723
9310,0.67457795
9311,0.045375418
9312,0.012603604
9313,0.10438339
9314,0.028798847
9315,0.05301076
9316,0.9992393
9317,0.062380053
9318,0.006804772
9319,0.00036388446
9320,0.009736389
9321,0.002323954
9322,0.028232936
9323,0.06978994
9324,0.6904158
9325,0.10250918
9326,0.068343595
9327,0.050298825
9328,0.0002487269
9329,0.11723468
9330,0.14695454
9331,0.00031837358
9332,0.00036031273
9333,0.99928975
9334,0.97087574
9335,0.0051240763
9336,0.0054847603
9337,0.02646954
9338,0.08221331
9339,0.016935859
9340,0.0036365548
9341,0.002406881
9342,0.99907315
9343,8.058704e-05
9344,0.9994036
9345,0.0764427
9346,0.03015299
9347,0.00086653774
9348,0.66671014
9349,0.02489635
9350,0.04484722
9351,0.017241566
9352,0.09729301
9353,0.6953303
9354,0.35861817
9355,0.2569395
9356,0.9934407
9357,0.999752
9358,0.12606843
9359,0.012450375
9360,0.011205069
9361,0.9994036
9362,0.006568928
9363,0.35430956
9364,0.0045499587
9365,0.0038018278
9366,0.002919387
9367,0.26512215
9368,0.9999162
9369,0.015732184
9370,0.07857809
9371,0.72862315
9372,0.07488399
9373,0.1906241
9374,0.047243416
9375,0.09279916
9376,0.06858935
9377,0.21880698
9378,0.20840396
9379,0.018559953
9380,0.011056153
9381,0.001339234
9382,0.16563244
9383,0.22431254
9384,0.020029465
9385,0.07105568
9386,0.0007435678
9387,0.8355212
9388,0.06295694
9389,0.18201697
9390,0.0068653286
9391,0.16470984
9392,0.29626244
9393,0.7221406
9394,0.0034791348
9395,0.25568613
9396,0.026764015
9397,0.0009898739
9398,0.00288014
9399,0.016646234
9400,0.037868366
9401,0.12449561
9402,0.073611125
9403,0.99965155
9404,0.09375412
9405,0.07245655
9406,0.012391187
9407,0.7499582
9408,0.29539436
9409,0.0655621
9410,0.16851054
9411,0.018349266
9412,0.019317329
9413,0.009071135
9414,0.104247525
9415,0.029051496
9416,0.17790695
9417,0.0760515
9418,0.0011852189
9419,0.15535603
9420,0.0029424417
9421,0.0500207
9422,0.009785322
9423,0.055600375
9424,0.91034126
9425,0.72200155
9426,0.005886697
9427,0.1933845
9428,0.9984407
9429,0.0106225265
9430,0.033873104
9431,0.5115415
9432,0.0039100237
9433,0.9999498
9434,0.016594842
9435,0.0029545396
9436,0.17055404
9437,0.0011415179
9438,0.0699098
9439,0.33275932
9440,0.00048783666
9441,0.0038079063
9442,0.093925975
9443,0.053957395
9444,0.9996593
9445,0.0011596704
9446,0.016039085
9447,0.036793076
9448,0.99977654
9449,0.70925057
9450,0.16799903
9451,0.054494925
9452,0.9995802
9453,0.3145872
9454,0.0016337725
9455,0.020010289
9456,0.008034871
9457,0.00019054483
9458,0.85388273
9459,0.7116004
9460,0.047402397
9461,0.035422824
9462,0.08762434
9463,0.12586947
9464,0.9938123
9465,0.99934846
9466,0.6138599
9467,0.96680164
9468,0.008854336
9469,0.22176741
9470,0.00581499
9471,0.004767252
9472,0.31705472
9473,0.9999143
9474,0.1648973
9475,0.006579248
9476,0.14671277
9477,0.0029584484
9478,0.6229089
9479,0.99936765
9480,0.09506682
9481,0.0011852189
9482,0.18182291
9483,0.09156987
9484,0.0079326
9485,0.021792036
9486,0.019948278
9487,0.017629964
9488,0.0030553148
9489,0.0011852189
9490,0.49877313
9491,0.008581216
9492,0.12033412
9493,0.25754184
9494,0.0050069243
9495,0.0037463568
9496,0.065653406
9497,0.25198966
9498,0.18576168
9499,0.57953084
9500,0.093525164
9501,0.031096265
9502,0.004928636
9503,0.084290676
9504,0.091773175
9505,0.07335127
9506,0.014316452
9507,0.02326378
9508,0.30188695
9509,0.44407746
9510,0.06861677
9511,0.049647395
9512,0.9994036
9513,0.9989618
9514,0.4648558
9515,0.9399247
9516,0.0037876144
9517,0.008130656
9518,2.6942284e-05
9519,0.16648513
9520,0.0029424417
9521,0.13946092
9522,0.6884629
9523,0.058951672
9524,0.998314
9525,0.00039268853
9526,0.6352412
9527,0.10391284
9528,0.9990662
9529,0.3033748
9530,0.4371796
9531,0.9994036
9532,0.998872
9533,0.99954045
9534,0.5819004
9535,0.0058239363
9536,0.0043470664
9537,0.9999498
9538,0.21745098
9539,0.04000348
9540,0.27911
9541,0.0336927
9542,0.062359285
9543,0.99404573
9544,0.9985933
9545,0.13786393
9546,0.041946817
9547,0.074602775
9548,0.084959485
9549,0.7251993
9550,0.24345163
9551,0.01664003
9552,0.004240071
9553,0.31090477
9554,0.2532806
9555,0.9995598
9556,0.13363524
9557,0.20023346
9558,0.9989017
9559,0.00016296281
9560,0.047091976
9561,0.015811956
9562,0.10189742
9563,0.1522299
9564,0.3521694
9565,0.008242968
9566,0.0003296008
9567,0.29620758
9568,0.21793588
9569,0.19358824
9570,0.16137381
9571,0.23365867
9572,0.69769233
9573,0.07308254
9574,0.018061558
9575,0.39466724
9576,0.6847536
9577,0.3097938
9578,0.04073686
9579,0.17813192
9580,0.9994405
9581,0.7269955
9582,0.9989849
9583,0.019313684
9584,0.0071615037
9585,0.1462951
9586,0.23943245
9587,0.71676296
9588,0.050492197
9589,0.9992022
9590,0.03224298
9591,0.9989411
9592,0.76864576
9593,0.9996346
9594,1.4154371e-05
9595,0.58444786
9596,0.05681403
9597,0.015128439
9598,0.069013044
9599,0.020216597
9600,0.09005518
9601,0.026293125
9602,0.9978478
9603,0.26157016
9604,0.0107856
9605,0.036472276
9606,0.14443664
9607,0.11753992
9608,0.00045707077
9609,0.11954762
9610,0.05965287
9611,0.015306297
9612,0.8987701
9613,0.048200455
9614,0.13017035
9615,0.097353525
9616,0.5705783
9617,0.22975916
9618,0.009618701
9619,0.030548627
9620,0.008484754
9621,0.00021118044
9622,0.09984977
9623,0.0027825597
9624,0.5512348
9625,0.3991519
9626,0.9992149
9627,0.15757725
9628,0.21991517
9629,0.99958223
9630,0.00020071937
9631,0.08266202
9632,0.019162433
9633,0.009381031
9634,0.1606481
9635,0.00019898021
9636,0.13113855
9637,0.065283164
9638,0.528923
9639,0.06859491
9640,0.107881345
9641,0.08356089
9642,0.045208514
9643,0.5448736
9644,0.00023195807
9645,0.0011974821
9646,0.056420956
9647,0.9995943
9648,0.107500575
9649,0.99952924
9650,0.17141338
9651,0.28369373
9652,0.61409634
9653,0.08163955
9654,0.9993506
9655,0.13432358
9656,0.18016315
9657,0.006393505
9658,0.0035259773
9659,0.14816082
9660,0.99914014
9661,0.17013969
9662,0.8856727
9663,0.6028049
9664,0.76311785
9665,0.9999461
9666,0.07605073
9667,0.9998344
9668,0.053752255
9669,0.37619147
9670,0.07126731
9671,0.12033412
9672,0.9845185
9673,0.73409146
9674,0.99991214
9675,0.06507603
9676,0.0060788845
9677,0.9999105
9678,0.07038397
9679,0.2069668
9680,0.79368186
9681,0.07012632
9682,0.99959403
9683,5.2615585e-05
9684,0.651879
9685,0.2806222
9686,0.21026601
9687,0.0007933628
9688,0.28849933
9689,0.5803234
9690,0.25700715
9691,0.03868566
9692,0.14120421
9693,0.07167105
9694,0.09328405
9695,0.058921374
9696,0.00429472
9697,0.9998466
9698,0.0051196474
9699,0.605169
9700,0.9974668
9701,0.034571048
9702,6.369914e-05
9703,0.1827701
9704,0.0032794725
9705,0.31975064
9706,0.060617916
9707,0.0034309926
9708,0.7110194
9709,0.96067894
9710,0.19121853
9711,3.276542e-05
9712,0.99899906
9713,0.66353065
9714,0.09540316
9715,0.14961785
9716,0.8260318
9717,0.06337928
9718,0.0032336877
9719,0.003308873
9720,0.00031988235
9721,0.6051255
9722,0.99919266
9723,0.12274765
9724,0.2617299
9725,0.32551274
9726,0.058380246
9727,0.99743915
9728,0.008679275
9729,0.004279206
9730,0.16109523
9731,0.0020488142
9732,0.043374524
9733,0.5951238
9734,0.005294148
9735,0.08946317
9736,0.0017838827
9737,0.06254936
9738,0.0038598655
9739,0.035853002
9740,0.008085622
9741,0.9994122
9742,0.9996542
9743,0.101614974
9744,0.04864162
9745,0.999897
9746,0.2960622
9747,0.1381429
9748,0.0054054745
9749,0.057178598
9750,0.47713557
9751,0.99912304
9752,0.25305465
9753,0.09026586
9754,0.066932626
9755,0.5347097
9756,0.2250947
9757,0.0112455785
9758,0.39159513
9759,0.06925441
9760,0.00032262038
9761,0.0012749789
9762,0.45617825
9763,0.22536446
9764,0.07209337
9765,0.01599618
9766,0.46848145
9767,0.0011541102
9768,0.37684008
9769,0.042992253
9770,0.16414478
9771,0.99814343
9772,0.0636668
9773,0.99990034
9774,0.00012436889
9775,0.16280338
9776,0.05483429
9777,0.039376795
9778,0.9984175
9779,0.03208754
9780,0.07002028
9781,0.0059212907
9782,0.013921474
9783,0.4600568
9784,0.51345587
9785,0.061684366
9786,0.079378664
9787,0.06754596
9788,0.44149143
9789,0.34944817
9790,0.23983891
9791,0.2683078
9792,0.99930215
9793,0.05391916
9794,0.20651901
9795,0.27526084
9796,0.039375335
9797,0.04136417
9798,0.052908827
9799,0.077035286
9800,0.9999244
9801,0.38532683
9802,0.00030798698
9803,0.05753598
9804,0.10257459
9805,0.3340556
9806,0.012870543
9807,0.10366741
9808,0.13687615
9809,0.14065342
9810,0.0057682293
9811,0.23193768
9812,0.09907082
9813,0.020265963
9814,0.6800139
9815,0.0009208872
9816,0.09225057
9817,0.026464842
9818,0.0006458853
9819,0.08809131
9820,0.022726096
9821,0.09183667
9822,0.039573133
9823,0.2748466
9824,0.05196196
9825,0.02443724
9826,0.21220012
9827,0.10539232
9828,0.054310996
9829,0.1506765
9830,0.0013912136
9831,0.3616
9832,0.9992754
9833,0.017222766
9834,0.00472635
9835,0.12110392
9836,0.5987286
9837,0.000129354
9838,0.9999019
9839,0.004110093
9840,0.005941278
9841,0.009182486
9842,0.07281212
9843,0.002901259
9844,0.99995244
9845,0.99940383
9846,0.0007535783
9847,0.0074783727
9848,0.0050207665
9849,0.5156961
9850,0.6078748
9851,0.5199003
9852,0.013383823
9853,0.030387774
9854,0.4387424
9855,0.021950044
9856,0.3994994
9857,0.08042298
9858,0.48153812
9859,0.55579084
9860,0.00032218915
9861,0.6428355
9862,0.000991325
9863,0.2524336
9864,0.07919953
9865,0.11600592
9866,0.9996208
9867,0.09059423
9868,0.19587901
9869,0.0004199258
9870,0.023193203
9871,0.07076691
9872,0.38122383
9873,0.44142345
9874,0.09803945
9875,0.1971343
9876,0.75713927
9877,0.020032922
9878,8.395071e-05
9879,0.0040117544
9880,0.25812224
9881,0.13077961
9882,0.6378104
9883,0.9989279
9884,0.61462414
9885,0.004883107
9886,0.00051701564
9887,0.055556856
9888,0.9990702
9889,0.049224146
9890,0.06509298
9891,0.07005132
9892,0.9628755
9893,0.0037052508
9894,0.07127335
9895,0.9992539
9896,0.88562274
9897,0.4299944
9898,0.9994167
9899,0.7772928
9900,0.06466836
9901,0.26278138
9902,0.009224868
9903,0.55941886
9904,0.48016098
9905,0.9975948
9906,0.005637897
9907,0.08468605
9908,0.0743692
9909,0.0012183157
9910,0.001638665
9911,0.22861157
9912,0.0081115775
9913,0.0073190187
9914,0.009401339
9915,0.0071639013
9916,0.015841858
9917,0.0046465057
9918,0.6678777
9919,0.017482385
9920,0.71683973
9921,0.36221653
9922,0.5972756
9923,0.24426343
9924,0.18309258
9925,0.046936627
9926,0.11553244
9927,0.14337248
9928,0.12690677
9929,0.0020369454
9930,0.06467537
9931,0.08362358
9932,0.20638435
9933,0.016765129
9934,0.9991211
9935,0.9996424
9936,0.08680206
9937,0.061561633
9938,0.7720044
9939,0.06308846
9940,0.9996346
9941,0.004833739
9942,0.57123715
9943,0.25973636
9944,0.3935049
9945,0.059022896
9946,0.16008295
9947,0.3885516
9948,0.00034665852
9949,0.06616969
9950,0.00037519206
9951,0.0066194898
9952,0.089835204
9953,0.027304932
9954,0.9989618
9955,0.019560374
9956,0.7235093
9957,0.053821784
9958,0.0020129785
9959,0.094569124
9960,0.22526671
9961,0.019980585
9962,0.18223472
9963,0.06492684
9964,0.99989426
9965,0.004321242
9966,0.17293403
9967,0.08256487
9968,0.014458679
9969,0.6228846
9970,0.03141189
9971,0.0076385657
9972,0.01364947
9973,0.1948805
9974,0.12640439
9975,0.0017824864
9976,0.6884629
9977,0.98684883
9978,0.20576915
9979,0.03708633
9980,0.022071254
9981,0.9967068
9982,0.9993813
9983,0.99925774
9984,0.08918649
9985,0.036903083
9986,0.6712132
9987,0.45880494
9988,0.01432764
9989,0.013825303
9990,0.51937765
9991,0.09986637
9992,0.28819406
9993,0.0042698234
9994,0.07128069
9995,0.3374058
9996,0.053957287
9997,0.69319475
9998,0.99989426
9999,0.60532707
10000,0.042851716
10001,0.99947006
10002,0.9998802
10003,0.0029600158
10004,0.17220776
10005,0.9995573
10006,0.03898936
10007,0.2510252
10008,0.11750082
10009,0.20183924
10010,0.016031554
10011,0.01931781
10012,0.9995802
10013,0.06727272
10014,0.40338254
10015,0.9999374
10016,0.021854218
10017,0.123873174
10018,0.32710686
10019,0.03258392
10020,0.08962885
10021,0.14274596
10022,0.12410021
10023,0.22716853
10024,0.30156153
10025,0.18477333
10026,0.16054817
10027,0.01537974
10028,0.03520908
10029,0.13661498
10030,0.00027752115
10031,0.0009208872
10032,0.009694948
10033,0.033765633
10034,0.0011095807
10035,0.30827254
10036,0.00041166536
10037,0.00033418523
10038,0.007310439
10039,0.008172021
10040,0.20362395
10041,2.9361168e-05
10042,0.107478894
10043,0.00048329544
10044,0.001195896
10045,0.000101682475
10046,0.4944385
10047,0.085405216
10048,0.047875863
10049,0.11150758
10050,0.037907694
10051,0.10480777
10052,3.2412187e-05
10053,0.63282746
10054,0.32935473
10055,0.39961007
10056,0.008612139
10057,0.7113685
10058,0.99984443
10059,0.7142908
10060,0.000335051
10061,0.0005464694
10062,0.053381205
10063,0.24083343
10064,0.0036389853
10065,0.14672798
10066,0.0045306375
10067,0.08065551
10068,0.33834952
10069,0.40736133
10070,0.07052855
10071,0.046152957
10072,0.5951238
10073,0.01598872
10074,0.2163617
10075,0.008870274
10076,0.21304958
10077,0.017637001
10078,0.021473106
10079,0.07587468
10080,0.053957384
10081,0.99929726
10082,0.22303352
10083,0.003567206
10084,0.0050550867
10085,0.99952185
10086,0.9965283
10087,0.07334228
10088,0.00022427799
10089,0.0093820235
10090,0.0050352225
10091,0.29101616
10092,0.44485012
10093,0.0011937523
10094,0.030847227
10095,0.13514811
10096,0.7499582
10097,0.0050357147
10098,0.99940383
10099,0.045632996
10100,0.0061233877
10101,0.00030166688
10102,0.05932827
10103,0.13356242
10104,0.0031202354
10105,0.12628083
10106,0.00045928225
10107,0.29633868
10108,0.45701852
10109,0.00016996135
10110,0.52771926
10111,0.0027315242
10112,0.9996424
10113,0.64104676
10114,0.087168016
10115,0.013250705
10116,0.0003899286
10117,0.00018581959
10118,0.053786248
10119,0.038569674
10120,0.996283
10121,0.08114817
10122,0.04987659
10123,0.00336925
10124,0.6993619
10125,0.7231242
10126,0.042551666
10127,0.08226863
10128,0.10606424
10129,0.050550617
10130,0.097632736
10131,0.00071956246
10132,0.9994905
10133,0.0002754469
10134,0.04483085
10135,0.5615092
10136,0.0002994567
10137,0.99915016
10138,0.015534596
10139,0.12549198
10140,0.5795843
10141,0.021842495
10142,0.99989426
10143,0.10528476
10144,0.3058018
10145,0.2554323
10146,0.07688479
10147,0.9992804
10148,0.0004870231
10149,0.027827486
10150,0.10076655
10151,0.032785952
10152,0.00038853346
10153,0.23536518
10154,0.6316744
10155,0.9978021
10156,0.01907971
10157,0.004767252
10158,0.82299817
10159,0.30696815
10160,0.102415115
10161,0.17952569
10162,0.99955183
10163,0.0061670393
10164,0.003686285
10165,0.00016102292
10166,0.0002506638
10167,0.028455582
10168,0.17283376
10169,0.58073884
10170,0.5313551
10171,0.9995396
10172,0.0002221762
10173,0.2724606
10174,0.31474897
10175,0.051889773
10176,0.99912304
10177,0.34628126
10178,0.9996346
10179,0.033023242
10180,0.99942744
10181,0.11370882
10182,0.9995017
10183,0.29482836
10184,0.00995772
10185,0.0018326882
10186,0.0083633205
10187,0.99995124
10188,0.9995975
10189,0.12239299
10190,4.86475e-05
10191,0.053583797
10192,0.33285022
10193,0.3825618
10194,0.074981205
10195,0.99990034
10196,0.083079666
10197,0.14330842
10198,0.09635212
10199,0.24331293
10200,0.009697654
10201,0.19714859
10202,1.51355125e-05
10203,0.69050074
10204,0.99867886
10205,0.000133538
10206,0.09481352
10207,0.019763911
10208,0.0073098605
10209,0.0056349067
10210,0.11925688
10211,0.0039082
10212,0.06456483
10213,0.99989426
10214,0.44696143
10215,0.053237084
10216,0.61573464
10217,0.3959794
10218,0.023164488
10219,0.048060227
10220,0.17238536
10221,0.2611867
10222,0.008161269
10223,0.12013621
10224,0.9994941
10225,0.1332491
10226,0.10397013
10227,0.1065231
10228,0.104618296
10229,0.11346562
10230,0.43456122
10231,0.006295505
10232,0.018945934
10233,0.0017973002
10234,0.16084471
10235,0.09288048
10236,0.9991798
10237,0.082362495
10238,0.99928254
10239,0.4937407
10240,0.08772213
10241,0.08076651
10242,0.036739256
10243,0.008247951
10244,0.005886895
10245,2.2050048e-05
10246,0.08941544
10247,0.31670395
10248,0.50927204
10249,0.20288068
10250,0.0013912136
10251,0.479588
10252,0.015382687
10253,0.1095668
10254,0.22817434
10255,0.0035462554
10256,0.00033063086
10257,0.25095603
10258,0.24014927
10259,0.085713126
10260,0.00029613238
10261,0.09114769
10262,0.9999105
10263,0.105445765
10264,0.4629345
10265,0.044436686
10266,0.013421888
10267,0.46455774
10268,0.090869054
10269,0.0031526317
10270,0.009655149
10271,0.0001355602
10272,0.09017497
10273,0.19648078
10274,0.19132188
10275,0.03315078
10276,0.059446156
10277,0.0029698506
10278,0.01848361
10279,0.0065661743
10280,0.16641785
10281,0.054056656
10282,0.08622242
10283,0.9998915
10284,0.13316362
10285,0.5926513
10286,0.98910207
10287,0.44668406
10288,0.0046932665
10289,0.41011629
10290,0.64651805
10291,0.05697271
10292,0.02592628
10293,0.004499849
10294,0.0028117786
10295,0.061541352
10296,5.38873e-05
10297,0.85859114
10298,0.075468495
10299,0.085825935
10300,0.20351404
10301,0.03360669
10302,0.10817764
10303,0.048627
10304,0.011913287
10305,0.99996257
10306,0.036107607
10307,0.016050452
10308,0.89971
10309,0.0032926572
10310,0.0723695
10311,0.0027843122
10312,0.0345132
10313,0.30333325
10314,0.031927805
10315,0.043729797
10316,0.042254817
10317,0.0017856404
10318,0.72038794
10319,0.04557383
10320,0.0024278483
10321,0.79326004
10322,0.999597
10323,0.10602995
10324,0.1652452
10325,0.037846282
10326,0.9998765
10327,0.044763293
10328,0.15538524
10329,0.09725335
10330,0.02649538
10331,0.9912943
10332,0.008628493
10333,0.028360376
10334,0.040271677
10335,0.98770857
10336,0.004817558
10337,0.013219581
10338,0.043321807
10339,0.05969135
10340,0.037698075
10341,0.10187931
10342,0.075438276
10343,0.64918727
10344,0.9991794
10345,0.0002871816
10346,0.68493134
10347,0.14371875
10348,0.13212833
10349,0.9988084
10350,0.99916124
10351,0.9991684
10352,0.0062472033
10353,0.9944536
10354,0.014756546
10355,0.15765598
10356,0.99964
10357,0.79368186
10358,0.00028676275
10359,0.00021877521
10360,0.75713927
10361,0.047718786
10362,0.9988582
10363,0.81681764
10364,0.005216477
10365,0.99925774
10366,0.018188667
10367,0.011130717
10368,0.6876979
10369,0.024505105
10370,0.0002037195
10371,0.0108542675
10372,0.25523224
10373,0.9992754
10374,0.9991596
10375,0.45880494
10376,0.395852
10377,0.11827085
10378,0.0074879304
10379,0.10976605
10380,0.037139487
10381,0.15806891
10382,0.18899028
10383,0.10313008
10384,0.32684177
10385,0.05072837
10386,0.079523616
10387,0.0003724065
10388,0.35441557
10389,0.0003828218
10390,0.0014996035
10391,0.19427295
10392,0.9988582
10393,0.010767748
10394,0.0009191648
10395,0.00045868987
10396,0.13150835
10397,0.014680702
10398,0.9998549
10399,0.058716897
10400,0.16001895
10401,0.8155142
10402,0.25799575
10403,0.5551141
10404,0.060510665
10405,0.0038791902
10406,0.10708375
10407,0.5079611
10408,0.016636511
10409,0.21505943
10410,0.01117076
10411,0.9998828
10412,0.00038240693
10413,0.01392442
10414,0.06879505
10415,0.0012100905
10416,0.9999143
10417,0.10334458
10418,0.9995301
10419,0.99993587
10420,0.00012094913
10421,0.56690633
10422,0.0027429604
10423,0.3156551
10424,0.04666281
10425,0.013126008
10426,0.0017363125
10427,0.07318041
10428,0.087963045
10429,0.5369439
10430,0.99919266
10431,0.29586688
10432,0.1254287
10433,0.073505305
10434,0.09061948
10435,0.99889404
10436,0.99886715
10437,0.9324345
10438,0.6841498
10439,0.9982943
10440,0.044357333
10441,0.17887633
10442,0.0011541102
10443,0.039820597
10444,0.20657583
10445,0.05791923
10446,0.10167005
10447,0.0017856404
10448,0.009744166
10449,0.0029455198
10450,0.009483402
10451,0.028188612
10452,0.14256139
10453,0.05556404
10454,0.0018492901
10455,0.099421576
10456,0.00010609033
10457,0.13266215
10458,0.9995802
10459,0.7113685
10460,0.03951863
10461,0.99912506
10462,0.023589391
10463,0.9994087
10464,0.99993825
10465,0.0029347367
10466,0.043737534
10467,0.021904461
10468,0.9997216
10469,0.02273057
10470,0.09870876
10471,0.0246331
10472,0.062382516
10473,0.9994605
10474,0.090865076
10475,0.0073447526
10476,0.00432499
10477,0.0024880143
10478,0.00054256106
10479,0.0666659
10480,0.05238247
10481,0.0075821513
10482,0.9982553
10483,0.9994036
10484,0.03250582
10485,0.031864807
10486,0.02204052
10487,0.11503234
10488,0.0004227659
10489,0.99933654
10490,0.6809474
10491,0.1695772
10492,0.29668173
10493,0.54136413
10494,0.9935535
10495,0.99963677
10496,0.029169083
10497,0.12738842
10498,0.29510847
10499,0.999897
10500,0.06503568
10501,0.01234122
10502,0.16836613
10503,0.9979101
10504,0.3151598
10505,0.013223183
10506,0.0024110395
10507,0.046700552
10508,0.083294176
10509,0.26360372
10510,0.9995516
10511,0.51069754
10512,0.08108398
10513,0.10627783
10514,0.0683002
10515,0.10356554
10516,0.007020948
10517,0.020552173
10518,0.053509768
10519,0.012625116
10520,0.21121402
10521,0.057133194
10522,0.57896286
10523,0.0003845644
10524,0.04994668
10525,0.99916756
10526,0.35872206
10527,0.0889742
10528,0.9995802
10529,0.024857737
10530,0.99945086
10531,0.11149766
10532,0.5951238
10533,0.08124905
10534,0.16085762
10535,0.078052856
10536,0.5326616
10537,0.007948022
10538,0.05998175
10539,0.99912506
10540,0.64497733
10541,0.18593764
10542,0.0018501354
10543,0.99915016
10544,0.22317863
10545,0.21046394
10546,0.13539429
10547,0.00059428107
10548,0.24592875
10549,0.09880608
10550,0.18356876
10551,0.5120204
10552,0.9992667
10553,0.198351
10554,0.88077575
10555,0.21298353
10556,0.00876203
10557,0.0038018278
10558,0.6792353
10559,0.76645845
10560,0.9996346
10561,0.04041096
10562,0.059213616
10563,0.19177106
10564,0.052745733
10565,0.077785954
10566,0.558385
10567,0.0011541102
10568,0.8233777
10569,0.05177135
10570,0.11654698
10571,0.009404475
10572,0.11901353
10573,0.9996542
10574,0.99914014
10575,0.05997667
10576,0.99930274
10577,0.61997586
10578,0.5338974
10579,0.9995975
10580,0.005069314
10581,0.05847655
10582,0.0049527963
10583,0.9993772
10584,0.99937683
10585,0.4464787
10586,0.00025090028
10587,0.9993575
10588,0.12840454
10589,0.011096052
10590,0.08601736
10591,0.08452097
10592,0.9984364
10593,0.01069998
10594,0.29431772
10595,0.9985933
10596,0.34752128
10597,0.00072833075
10598,0.081297405
10599,0.14490548
10600,0.0020488142
10601,0.021802308
10602,0.37059948
10603,0.9965283
10604,0.037008412
10605,0.027670842
10606,0.32551274
10607,0.008247951
10608,0.055893153
10609,0.0001243938
10610,0.9994609
10611,0.9992792
10612,0.32980418
10613,0.0048040133
10614,0.39680168
10615,0.10612154
10616,0.9995943
10617,0.9994326
10618,0.0004761488
10619,0.028879358
10620,0.006107404
10621,0.011356969
10622,0.093676746
10623,0.0002139626
10624,0.04562235
10625,0.05919574
10626,0.0016768059
10627,0.051867414
10628,0.0019711102
10629,0.089422055
10630,0.16295633
10631,0.00018213392
10632,0.17376722
10633,0.10670468
10634,0.0032563414
10635,0.022019727
10636,0.16334303
10637,0.0816585
10638,0.18072551
10639,0.24713518
10640,0.2740923
10641,0.011542754
10642,0.9995819
10643,0.007912863
10644,0.00013800766
10645,0.9998828
10646,0.0003170626
10647,0.007585755
10648,0.009898522
10649,0.039765067
10650,0.4244227
10651,0.99898535
10652,0.5559858
10653,0.3011924
10654,0.9999374
10655,0.0071918303
10656,0.99984443
10657,0.072531745
10658,0.06329595
10659,0.009242011
10660,0.0658589
10661,0.05893336
10662,0.07555059
10663,0.02692387
10664,0.21616848
10665,0.00035364993
10666,0.9998667
10667,0.14650941
10668,0.0063640624
10669,0.0533242
10670,0.19008288
10671,0.15813132
10672,0.04925572
10673,0.00027783753
10674,0.9997702
10675,0.008247732
10676,0.51607186
10677,0.15771443
10678,0.038758494
10679,0.0005198165
10680,0.03420152
10681,0.0766678
10682,0.047490336
10683,0.00026081008
10684,0.5569321
10685,0.01903552
10686,0.32280293
10687,0.9999149
10688,0.25096446
10689,0.0034441329
10690,0.043450315
10691,0.12306281
10692,0.36007455
10693,0.028266374
10694,0.010010437
10695,0.05299438
10696,0.9809441
10697,0.006799969
10698,0.32101688
10699,0.064047754
10700,0.014279142
10701,0.79248416
10702,0.00013290207
10703,0.0067208083
10704,0.0013630268
10705,0.1268846
10706,0.9996346
10707,0.10755089
10708,0.004203587
10709,0.7078831
10710,0.10204582
10711,0.99930537
10712,0.12954004
10713,0.0397792
10714,0.46074077
10715,0.9994079
10716,0.3935049
10717,0.9993388
10718,0.108022794
10719,0.6591964
10720,0.6853594
10721,0.9987833
10722,0.00011570157
10723,0.00301805
10724,0.013843219
10725,0.99995804
10726,0.0001493648
10727,0.0003746738
10728,0.82299817
10729,0.99989426
10730,0.040044747
10731,0.42870173
10732,0.07150248
10733,0.084568135
10734,0.00025700522
10735,0.010624009
10736,0.015234001
10737,0.017997187
10738,0.18111458
10739,0.0024021126
10740,0.07712954
10741,0.38720402
10742,0.99987483
10743,0.09287118
10744,0.055536896
10745,0.037342988
10746,0.9985967
10747,0.99987483
10748,0.64858776
10749,0.13654996
10750,0.1589693
10751,0.0895227
10752,0.016311755
10753,0.13282152
10754,0.99919266
10755,0.011579634
10756,0.0047085444
10757,0.07332639
10758,0.24453646
10759,0.023265285
10760,0.59330535
10761,0.040368367
10762,0.5436554
10763,0.0438016
10764,0.04940613
10765,0.15656458
10766,0.011738885
10767,0.008460319
10768,0.998953
10769,0.003934714
10770,0.8557579
10771,0.13690032
10772,0.24544807
10773,0.027211687
10774,0.004526895
10775,0.0022064447
10776,0.0031141972
10777,0.15168436
10778,0.38845968
10779,0.34631887
10780,0.19249779
10781,0.10049181
10782,0.38772705
10783,0.9962618
10784,0.9996346
10785,0.13767478
10786,0.14383218
10787,0.9994087
10788,0.6196021
10789,0.043302067
10790,0.4110031
10791,0.0028050414
10792,0.00033598198
10793,0.5564325
10794,0.9998549
10795,0.0003791434
10796,0.006720395
10797,0.051437017
10798,0.46455774
10799,0.00017547581
10800,0.11702458
10801,0.24020866
10802,0.18430708
10803,0.48109174
10804,0.01040468
10805,0.9985209
10806,0.047826342
10807,0.010183318
10808,0.11779564
10809,0.67057973
10810,0.004093618
10811,0.21652032
10812,0.0729946
10813,0.15047558
10814,0.010825544
10815,0.02808585
10816,0.9995516
10817,0.008542505
10818,0.39228204
10819,0.29498345
10820,0.07911177
10821,0.13186945
10822,0.9891495
10823,0.06795581
10824,0.0048575117
10825,0.0008470651
10826,0.99989724
10827,0.006337105
10828,0.13603102
10829,0.11703589
10830,0.07464301
10831,0.99943334
10832,0.00582908
10833,0.07726059
10834,0.9312217
10835,0.06396705
10836,0.0006044734
10837,0.055110205
10838,0.13076179
10839,0.30759567
10840,0.38813248
10841,0.026281793
10842,0.2851523
10843,0.0017236859
10844,0.10348788
10845,0.9998847
10846,0.00025384763
10847,0.00831259
10848,0.018298857
10849,0.014154715
10850,0.017177152
10851,0.0004901878
10852,0.018343195
10853,0.5095908
10854,0.9998549
10855,0.17516176
10856,0.5465046
10857,0.10509522
10858,0.9999498
10859,0.2295255
10860,0.00036817786
10861,0.0031548878
10862,0.012688673
10863,0.11491856
10864,0.3291557
10865,0.5189124
10866,0.0007727628
10867,0.9993455
10868,0.029923987
10869,0.74101835
10870,0.6433198
10871,0.99932444
10872,0.99990034
10873,0.72284776
10874,0.00031435225
10875,0.03077858
10876,0.7086872
10877,0.49239415
10878,0.008247951
10879,0.99743915
10880,0.99919266
10881,0.004159867
10882,0.0075689233
10883,0.0032926572
10884,0.7324694
10885,0.000119726945
10886,0.046767894
10887,0.03801735
10888,0.07097384
10889,0.28704804
10890,0.012207133
10891,0.30794346
10892,0.11737249
10893,0.9992557
10894,0.100824684
10895,0.00043566606
10896,0.087273784
10897,0.99889237
10898,0.07524635
10899,0.036720335
10900,0.04509035
10901,0.4495545
10902,0.07090874
10903,0.74669945
10904,0.0720323
10905,0.022391023
10906,0.15873313
10907,0.53266627
10908,0.17763563
10909,0.074528076
10910,0.27750558
10911,0.2555202
10912,0.24063094
10913,0.99954706
10914,0.027902165
10915,0.2289943
10916,0.08094125
10917,0.20949641
10918,0.25141224
10919,0.2428109
10920,0.058178596
10921,0.5909141
10922,0.45316714
10923,0.08674782
10924,0.30778578
10925,0.06998512
10926,0.07695308
10927,0.48136947
10928,0.05108373
10929,0.000782533
10930,0.08769038
10931,0.18113287
10932,0.0030173096
10933,0.072276056
10934,0.07139759
10935,0.4251795
10936,0.6648874
10937,0.9991991
10938,0.13815634
10939,0.017156756
10940,0.049217694
10941,4.3806584e-05
10942,0.08549185
10943,0.9992393
10944,0.2633737
10945,0.16692114
10946,0.12250235
10947,0.049012695
10948,0.1366368
10949,0.57836586
10950,0.9994648
10951,0.00674383
10952,0.00020759371
10953,0.0027537423
10954,0.15317099
10955,0.026628241
10956,0.9998312
10957,0.09063298
10958,0.13532093
10959,0.11107591
10960,0.9999416
10961,0.009472886
10962,0.027773248
10963,0.20288068
10964,0.0001936983
10965,0.045909
10966,0.059192985
10967,0.056773636
10968,0.2672058
10969,0.20372789
10970,0.08443274
10971,0.19250935
10972,0.07087639
10973,0.20185225
10974,0.030367995
10975,0.03566742
10976,0.99993825
10977,0.05626862
10978,0.00962264
10979,0.15041797
10980,0.99961734
10981,0.6764435
10982,0.026941001
10983,0.03395335
10984,0.9998802
10985,0.07141017
10986,0.00022367682
10987,0.00865938
10988,0.0029386436
10989,0.117630616
10990,0.510028
10991,0.03649189
10992,0.9999422
10993,0.00045181168
10994,0.03313454
10995,0.9991554
10996,0.00045851938
10997,0.9990702
10998,0.14530624
10999,0.10929865
11000,0.5572221
11001,0.5299281
11002,0.0031876038
11003,0.029692495
11004,0.0056226086
11005,0.090628065
11006,0.9993358
11007,0.9995185
11008,0.04602823
11009,0.2152747
11010,0.027099457
11011,0.40792614
11012,0.42302626
11013,0.6147708
11014,0.3953472
11015,0.5863909
11016,0.14581494
11017,0.99912304
11018,0.105575755
11019,0.67805475
11020,0.0155733805
11021,0.7202171
11022,0.9998765
11023,0.110935174
11024,0.050307333
11025,0.013729453
11026,0.2503555
11027,0.36221653
11028,0.00057731697
11029,0.004378317
11030,0.44109625
11031,0.998953
11032,0.0023245434
11033,0.03258392
11034,0.9987833
11035,0.43232313
11036,0.30097443
11037,0.64991564
11038,0.007925132
11039,0.07713762
11040,0.0045020264
11041,0.006904721
11042,0.17313004
11043,0.18280642
11044,0.031185078
11045,0.9987833
11046,0.00026487018
11047,0.697673
11048,0.99939907
11049,0.8260318
11050,0.08881878
11051,0.15960313
11052,0.3355592
11053,0.05028877
11054,0.4175806
11055,0.09553572
11056,0.0004302473
11057,0.064425975
11058,0.8022302
11059,0.010078562
11060,0.90482277
11061,0.033889133
11062,0.99605983
11063,0.97909933
11064,0.04016605
11065,0.5373311
11066,0.37369472
11067,0.014316452
11068,0.9840135
11069,0.02299173
11070,0.0016770437
11071,0.09163696
11072,0.9989849
11073,0.27814835
11074,0.18233655
11075,0.16201259
11076,0.012491005
11077,0.00068005314
11078,0.0005091912
11079,0.9982943
11080,0.092128895
11081,0.04649757
11082,0.01926496
11083,0.24929069
11084,0.36061132
11085,0.28200558
11086,0.1289034
11087,0.009287956
11088,0.0006758113
11089,0.009442567
11090,7.300052e-05
11091,0.45617825
11092,0.00019393096
11093,0.07939556
11094,0.43715388
11095,0.004614546
11096,0.62706345
11097,0.04983975
11098,0.18231244
11099,0.32410163
11100,0.031942237
11101,0.030201225
11102,0.00050641334
11103,0.1704684
11104,0.005107055
11105,0.24739312
11106,0.0005561721
11107,0.0005936552
11108,0.11592529
11109,0.0031568578
11110,0.0028092994
11111,0.99885964
11112,0.00040591962
11113,0.0034760514
11114,0.007669362
11115,0.042666096
11116,0.0698147
11117,0.99952626
11118,0.079004735
11119,0.046501648
11120,0.99920815
11121,0.065701455
11122,0.8882773
11123,0.0073744287
11124,0.72476554
11125,0.40565696
11126,0.23960075
11127,0.39443052
11128,0.0006816335
11129,0.5225582
11130,2.8926082e-05
11131,0.22081904
11132,0.9987833
11133,0.99954045
11134,0.35248646
11135,0.055477
11136,6.9581e-05
11137,0.78103966
11138,0.34266934
11139,0.6139849
11140,0.30095184
11141,0.174696
11142,0.015325706
11143,0.25312293
11144,0.9987833
11145,0.29100809
11146,0.053907678
11147,0.107058816
11148,0.06639286
11149,0.0007186202
11150,0.07751635
11151,0.9994337
11152,0.99940383
11153,0.35363895
11154,0.9994648
11155,0.12960725
11156,0.9995819
11157,0.12559126
11158,0.03121045
11159,0.9992754
11160,0.9989705
11161,0.045325607
11162,5.872322e-05
11163,0.057360753
11164,0.006163069
11165,0.00037881103
11166,0.059653427
11167,0.13526453
11168,8.5323634e-05
11169,0.26304525
11170,0.22303945
11171,0.18435493
11172,0.9995327
11173,0.9999511
11174,0.008927848
11175,0.14347336
11176,0.08909131
11177,0.03263271
11178,0.0046932665
11179,0.65598816
11180,0.027821407
11181,0.64471275
11182,0.029929316
11183,0.09225155
11184,0.14909814
11185,0.00046773604
11186,0.004110093
11187,0.2262579
11188,0.13542423
11189,0.042066693
11190,0.05440469
11191,0.9978021
11192,0.11286292
11193,0.047494747
11194,0.033284474
11195,0.99899906
11196,0.22212769
11197,0.07943717
11198,0.04269436
11199,0.99921644
11200,0.2635287
11201,0.18814899
11202,0.06768588
11203,0.07383495
11204,0.14081061
11205,0.047707908
11206,0.22929342
11207,0.0079992665
11208,0.015397044
11209,3.1272066e-05
11210,0.00030224866
11211,0.16665426
11212,0.020944158
11213,0.6027633
11214,0.99912304
11215,0.17221978
11216,0.00034166797
11217,0.00515242
11218,0.0015955794
11219,0.9995196
11220,0.22033377
11221,0.016234681
11222,0.0406121
11223,0.085905805
11224,0.14966244
11225,0.78822446
11226,0.99859446
11227,0.1948571
11228,0.1941619
11229,3.3317076e-05
11230,0.29092246
11231,0.11268384
11232,0.03816026
11233,0.064750835
11234,0.18681575
11235,0.008595228
11236,0.102342285
11237,0.065357335
11238,0.00057580275
11239,0.040282983
11240,0.005817314
11241,0.15031677
11242,0.9998828
11243,0.7619118
11244,0.17810698
11245,0.01808311
11246,0.005224976
11247,0.16201259
11248,0.010931397
11249,0.040978137
11250,0.23255157
11251,0.99914896
11252,0.0056048757
11253,0.11031547
11254,0.017788995
11255,0.014198873
11256,0.13205737
11257,0.0025347471
11258,0.011263476
11259,0.0014769097
11260,0.1382772
11261,0.094797686
11262,0.08344434
11263,0.17127384
11264,0.050929233
11265,0.12906484
11266,0.12901598
11267,0.29928786
11268,0.008602256
11269,0.00012452612
11270,0.07812223
11271,0.08138217
11272,3.272245e-05
11273,0.023392107
11274,0.479722
11275,0.99604815
11276,0.53159994
11277,0.53690076
11278,0.5691977
11279,0.99950755
11280,0.24993451
11281,0.0049047214
11282,0.003906424
11283,0.72785884
11284,0.038822453
11285,0.07843238
11286,0.12859869
11287,0.05319689
11288,0.015142357
11289,0.15288489
11290,0.80373555
11291,0.81035066
11292,2.7193135e-05
11293,0.550177
11294,0.07023882
11295,0.09155246
11296,0.004291636
11297,0.13014156
11298,0.25780943
11299,0.9993437
11300,0.009694225
11301,0.24691813
11302,0.012168382
11303,0.19989927
11304,0.036876112
11305,0.9994122
11306,0.12976623
11307,0.0019050029
11308,0.02199941
11309,0.02237452
11310,0.66300076
11311,0.024615109
11312,0.9988084
11313,0.2532496
11314,0.0007490245
11315,0.052993704
11316,0.55606914
11317,0.9994122
11318,0.005672769
11319,0.99916506
11320,0.40998107
11321,0.0029698506
11322,0.037478488
11323,0.029595194
11324,0.0022230241
11325,0.06600317
11326,0.33341083
11327,0.9999019
11328,0.005146157
11329,0.087801725
11330,0.122547045
11331,0.027103156
11332,0.8001111
11333,0.18946238
11334,0.9993592
11335,0.9999019
11336,2.947341e-05
11337,0.00021276558
11338,0.8017115
11339,0.0011415179
11340,0.13258113
11341,0.683145
11342,0.032255065
11343,0.29496482
11344,2.1736707e-05
11345,0.08279086
11346,0.12560849
11347,0.024226911
11348,0.54269737
11349,0.20531213
11350,0.14100324
11351,0.0016501468
11352,0.1357178
11353,0.0011871844
11354,0.14039262
11355,0.08818454
11356,0.17751756
11357,0.35363895
11358,0.049462527
11359,0.11892879
11360,0.026437506
11361,0.99985814
11362,0.25905085
11363,0.25723973
11364,0.12808305
11365,0.0037386317
11366,0.17659496
11367,0.9999404
11368,0.0005376345
11369,0.12652402
11370,0.08058037
11371,0.0018362857
11372,0.06721008
11373,0.6255721
11374,0.1283131
11375,0.99996126
11376,0.7524587
11377,0.027632441
11378,0.011542754
11379,0.0024170764
11380,0.18048587
11381,0.15229
11382,0.12271245
11383,0.00062256504
11384,0.11506965
11385,0.040208455
11386,0.5860981
11387,0.040366407
11388,0.0067746
11389,0.5951238
11390,0.004993236
11391,0.03708484
11392,0.048724808
11393,0.055152778
11394,0.017105991
11395,0.067738
11396,0.16909988
11397,0.067318946
11398,0.097972676
11399,0.9988772
11400,0.38839212
11401,0.025526855
11402,0.044940516
11403,0.0035348397
11404,0.99961144
11405,0.30706957
11406,0.33799973
11407,0.11903081
11408,0.99881905
11409,0.99901617
11410,0.16782612
11411,0.35211113
11412,0.022166377
11413,0.114528775
11414,0.9999628
11415,0.1589693
11416,0.107814156
11417,0.09921221
11418,0.19190961
11419,6.3840766e-05
11420,0.9988071
11421,0.28242686
11422,0.057822295
11423,0.04966487
11424,8.676697e-05
11425,0.29272172
11426,0.7349413
11427,0.3705142
11428,0.0004004511
11429,0.059690285
11430,0.05253996
11431,0.30456844
11432,0.27736753
11433,0.9999404
11434,0.14039262
11435,0.008073176
11436,0.04061463
11437,0.17184395
11438,0.26151007
11439,0.21425767
11440,0.9992235
11441,0.08441109
11442,0.07081835
11443,0.07842964
11444,0.5979557
11445,0.99916506
11446,0.01318344
11447,0.06142432
11448,0.0032926572
11449,0.012281058
11450,0.0010163675
11451,0.27681923
11452,0.74068755
11453,0.9900629
11454,0.99911577
11455,0.009851884
11456,0.14081304
11457,0.16054817
11458,0.111915104
11459,0.99894387
11460,0.16178802
11461,0.07731401
11462,0.45829895
11463,0.52593344
11464,0.99993825
11465,0.004269359
11466,0.1507006
11467,0.38824058
11468,0.0046893437
11469,0.9996208
11470,0.45549878
11471,0.13840593
11472,0.0017842707
11473,0.028582992
11474,0.46686995
11475,0.36053762
11476,0.148902
11477,0.06918489
11478,0.02478715
11479,0.05181005
11480,0.19887547
11481,0.0889742
11482,0.16532747
11483,0.76628006
11484,0.15413463
11485,0.02041282
11486,0.15928072
11487,0.17726496
11488,0.10079079
11489,0.18594046
11490,0.0737883
11491,0.098502316
11492,0.010688179
11493,0.39133272
11494,0.00553826
11495,0.0696118
11496,0.082577154
11497,0.2835423
11498,0.6670212
11499,0.0025016824
11500,0.45821682
11501,0.48487246
11502,0.09936654
11503,0.08058037
11504,0.0018993566
11505,0.600825
11506,0.050290763
11507,0.020492168
11508,0.6917718
11509,0.9988896
11510,0.0040307776
11511,0.08315291
11512,0.99925774
11513,0.20757844
11514,0.1354947
11515,0.1361008
11516,0.82895756
11517,0.9995802
11518,0.9995802
11519,0.0064749494
11520,0.2095977
11521,0.17936558
11522,0.00541654
11523,0.9990049
11524,0.008739186
11525,0.0076808995
11526,0.9987833
11527,0.15803194
11528,0.00013953027
11529,0.44022828
11530,0.015686508
11531,0.9988772
11532,0.121714726
11533,0.99882036
11534,0.22928795
11535,0.2480311
11536,0.023038214
11537,0.17255078
11538,0.021603543
11539,0.0006707579
11540,0.22649935
11541,0.9970886
11542,0.09880933
11543,0.049153905
11544,5.7294965e-05
11545,0.0053475536
11546,0.013679829
11547,0.000450003
11548,0.044086523
11549,0.107411645
11550,0.9999244
11551,0.11421249
11552,0.9999019
11553,0.38768375
11554,0.16201259
11555,0.31280816
11556,0.07714127
11557,0.12406488
11558,0.99966383
11559,0.9995577
11560,0.014705857
11561,0.60364
11562,0.99954706
11563,0.7455178
11564,0.25495893
11565,0.1026661
11566,0.19507599
11567,0.68263966
11568,0.72708297
11569,0.82252455
11570,0.00036207092
11571,0.11052336
11572,0.021017322
11573,0.06378239
11574,0.097855866
11575,0.0016938451
11576,0.06865076
11577,0.020784061
11578,0.010920184
11579,0.39235666
11580,0.024050465
11581,0.035308752
11582,0.007184279
11583,0.9990941
11584,0.084571704
11585,0.2143114
11586,0.10075482
11587,0.11794413
11588,0.00010866777
11589,0.13154884
11590,0.017823586
11591,0.00012042838
11592,0.029160623
11593,0.10386615
11594,0.089422055
11595,0.9990127
11596,0.011059198
11597,0.9995943
11598,0.34332594
11599,0.061629724
11600,0.20474249
11601,0.9989202
11602,0.20150529
11603,0.23123321
11604,0.045348886
11605,0.1462977
11606,0.07204439
11607,0.09273954
11608,0.13870968
11609,0.0726976
11610,0.12608281
11611,0.016824221
11612,0.13307329
11613,0.22871329
11614,0.035554092
11615,0.99888736
11616,0.61712044
11617,0.115233675
11618,0.022132456
11619,0.029327016
11620,0.18180794
11621,0.102804996
11622,0.0029424417
11623,6.34536e-05
11624,0.012259652
11625,0.12711647
11626,0.070196755
11627,0.12470368
11628,0.0061755967
11629,0.0017524669
11630,0.9998828
11631,0.9994079
11632,0.03304711
11633,0.9987833
11634,0.062377997
11635,0.057535525
11636,0.9999038
11637,0.41806024
11638,0.006950065
11639,0.9148406
11640,0.99965155
11641,0.009258635
11642,0.9999429
11643,0.019584797
11644,0.032736067
11645,0.095273934
11646,0.0020205027
11647,0.062095433
11648,0.11657575
11649,0.99963677
11650,0.9984407
11651,0.5619567
11652,0.0036567058
11653,0.012559945
11654,0.004214015
11655,0.006270782
11656,0.04866574
11657,0.28053045
11658,0.99918574
11659,0.5657569
11660,0.056259744
11661,0.034177892
11662,0.005341366
11663,0.18994197
11664,0.000103454295
11665,0.9992694
11666,0.26789704
11667,0.52593344
11668,0.22485268
11669,0.9991399
11670,0.054488253
11671,0.09865673
11672,0.104682215
11673,0.030087622
11674,0.57910174
11675,0.17498991
11676,0.0025449863
11677,0.00012435383
11678,0.068330444
11679,0.026880024
11680,0.00025446457
11681,0.00037809525
11682,0.9984364
11683,0.001703813
11684,0.29169384
11685,0.059888583
11686,0.23365867
11687,0.3501052
11688,0.99899906
11689,0.00063924654
11690,0.010215016
11691,0.9995327
11692,0.99950325
11693,0.29710418
11694,0.10550286
11695,0.0023968176
11696,0.05615845
11697,0.08920932
11698,0.0039485563
11699,0.12050213
11700,0.9996593
11701,0.10257459
11702,0.9994475
11703,0.037043758
11704,0.8763794
11705,0.9995975
11706,0.013355827
11707,0.20288068
11708,0.99940383
11709,0.9993144
11710,0.9076739
11711,0.99667525
11712,0.0597708
11713,0.041590817
11714,0.6909874
11715,0.1625321
11716,0.021833953
11717,0.08468208
11718,0.9999429
11719,0.3019195
11720,0.18534032
11721,0.5505116
11722,0.0011541102
11723,0.00013231233
11724,0.09708893
11725,0.99781597
11726,0.124150366
11727,0.9993222
11728,0.9999019
11729,0.0007000287
11730,0.09003723
11731,0.19895422
11732,0.68026733
11733,0.14319596
11734,0.010292429
11735,0.4896086
11736,0.040877283
11737,0.20664385
11738,0.14986797
11739,0.99944025
11740,0.99936193
11741,0.07639093
11742,0.7842676
11743,0.0030987703
11744,0.24738735
11745,0.29496482
11746,0.5951238
11747,0.01698648
11748,0.006145561
11749,0.04669622
11750,0.99985814
11751,2.488031e-05
11752,0.05898113
11753,0.06281208
11754,0.9972978
11755,0.26418662
11756,0.09314804
11757,0.08310442
11758,0.2378786
11759,0.44362614
11760,0.12571941
11761,0.2655658
11762,0.0115311975
11763,0.09491582
11764,0.024509154
11765,0.9991399
11766,0.1365157
11767,0.0035812194
11768,0.09701075
11769,0.00019983332
11770,0.017108371
11771,0.05515981
11772,0.018684892
11773,0.28912964
11774,0.40176955
11775,0.00052569155
11776,0.28496885
11777,0.27903223
11778,0.6713698
11779,0.0017856404
11780,0.17056273
11781,0.087029725
11782,0.009722652
11783,0.004822034
11784,0.7665269
11785,0.053477187
11786,0.6970124
11787,0.109236576
11788,0.9960128
11789,0.08450382
11790,0.020209963
11791,0.013395622
11792,0.9998828
11793,0.009080536
11794,0.99944025
11795,0.0044389796
11796,0.052723296
11797,0.011085837
11798,0.011960247
11799,0.013381374
11800,0.0005339498
11801,0.065871105
11802,0.046220563
11803,0.11616439
11804,0.049133807
11805,0.99924386
11806,0.023876712
11807,0.27786496
11808,0.44117165
11809,0.9969779
11810,0.110955104
11811,0.10649828
11812,0.99911267
11813,0.99929607
11814,0.9979101
11815,0.008692233
11816,0.09654282
11817,0.99950254
11818,0.13312782
11819,0.47005442
11820,0.015394123
11821,0.09369516
11822,0.050636675
11823,0.01036803
11824,0.02473527
11825,0.09891056
11826,0.015029091
11827,0.0012082453
11828,0.11677326
11829,0.6795564
11830,0.11796484
11831,0.027724614
11832,0.068567894
11833,0.019537399
11834,0.116805054
11835,0.9993031
11836,0.04818498
11837,0.7243521
11838,0.06770151
11839,0.67518854
11840,0.8772403
11841,0.9989567
11842,0.11286467
11843,0.7197372
11844,0.99857366
11845,0.019564472
11846,0.99920505
11847,0.0002920314
11848,0.024360703
11849,0.05937335
11850,0.16020972
11851,0.9987882
11852,0.0045553804
11853,0.76481324
11854,0.99959403
11855,0.6831194
11856,0.5856737
11857,0.0063640624
11858,0.47586882
11859,0.08160926
11860,0.0319874
11861,0.32546812
11862,0.999418
11863,0.11547554
11864,0.6073889
11865,0.011525954
11866,0.11876886
11867,0.009560551
11868,0.22027326
11869,0.12682326
11870,0.09475833
11871,0.015606611
11872,0.0017589058
11873,0.99993825
11874,0.0015810153
11875,0.15823999
11876,0.00047824305
11877,0.8022304
11878,0.08766645
11879,0.020037003
11880,0.9994122
11881,0.07807515
11882,0.0075972257
11883,0.018546626
11884,0.00056047004
11885,0.09483225
11886,0.5529337
11887,0.024824927
11888,0.33240384
11889,0.1059222
11890,0.06883664
11891,0.055960435
11892,0.025409153
11893,0.99936765
11894,0.9993575
11895,0.9987833
11896,0.99947816
11897,0.6137496
11898,0.36347264
11899,0.041320078
11900,0.99996126
11901,0.12974828
11902,0.00045981497
11903,0.026557902
11904,0.78701085
11905,0.0759029
11906,0.54267496
11907,0.10546692
11908,0.24764775
11909,0.9987569
11910,0.99970466
11911,0.70712656
11912,0.14526694
11913,0.61712044
11914,0.019263871
11915,0.9999701
11916,0.0014661212
11917,0.73102295
11918,0.041991845
11919,0.9999156
11920,0.021210857
11921,0.78415745
11922,0.26699275
11923,0.15066044
11924,0.9990188
11925,0.06741694
11926,0.4745624
11927,0.00017579318
11928,0.11914204
11929,0.118328
11930,0.00013600118
11931,0.49815178
11932,0.066949375
11933,0.0005608137
11934,0.9994087
11935,0.032199576
11936,0.029409822
11937,0.048003517
11938,0.034705285
11939,0.0007482251
11940,0.06797819
11941,0.28191498
11942,0.009756943
11943,0.00039435262
11944,0.002150723
11945,0.9992792
11946,0.045628056
11947,0.103542544
11948,0.99955696
11949,0.032030437
11950,0.07723026
11951,0.14959644
11952,0.047927406
11953,0.547611
11954,0.20896068
11955,0.99963677
11956,0.09544635
11957,0.05260191
11958,0.09205974
11959,0.07533564
11960,0.20848535
11961,0.331126
11962,0.082382776
11963,0.0006324973
11964,0.11792557
11965,0.4648558
11966,0.9964796
11967,0.00079646165
11968,0.016646234
11969,0.12994489
11970,0.16599235
11971,0.066108026
11972,0.17914176
11973,0.0145181315
11974,0.093544915
11975,0.5465046
11976,0.09267759
11977,0.00427972
11978,0.00817731
11979,0.23187293
11980,0.004159867
11981,0.00062552287
11982,0.0009945603
11983,0.05336722
11984,0.00036748234
11985,0.001825246
11986,0.09729301
11987,0.004110093
11988,0.050943665
11989,0.051697116
11990,0.001924886
11991,0.34071165
11992,0.54136413
11993,0.9995819
11994,0.9987696
11995,0.58327585
11996,0.6893521
11997,0.99994373
11998,0.9993813
11999,0.0100335
12000,0.0062832474
12001,0.528181
12002,0.12417486
12003,0.15049975
12004,0.99367154
12005,0.035931163
12006,0.032677326
12007,0.00045167218
12008,0.10323593
12009,0.122202665
12010,0.0029261014
12011,3.3245884e-05
12012,0.9998379
12013,0.99918574
12014,0.18819489
12015,0.06162784
12016,0.0061671743
12017,0.0016308842
12018,0.19322793
12019,0.040309526
12020,0.9970734
12021,0.18141386
12022,0.58672106
12023,0.043482423
12024,0.0068722996
12025,0.0051506776
12026,0.8522505
12027,0.05615175
12028,0.03980214
12029,0.00045149375
12030,0.999597
12031,0.011728899
12032,0.9985562
12033,0.12281177
12034,0.7792854
12035,9.660169e-05
12036,0.15374704
12037,0.014649717
12038,0.25930685
12039,0.013020949
12040,5.2135005e-05
12041,0.22742535
12042,0.1924061
12043,0.085361294
12044,0.12746838
12045,0.9992157
12046,0.10635163
12047,0.99951196
12048,0.010874986
12049,0.04787259
12050,0.04229758
12051,0.056156237
12052,0.5027165
12053,0.1533561
12054,0.04534894
12055,0.9987696
12056,0.009128169
12057,0.9996747
12058,0.9990127
12059,0.01050378
12060,0.44073033
12061,0.9998673
12062,0.6246842
12063,0.99954045
12064,0.10692047
12065,0.9990941
12066,0.9977229
12067,0.004736403
12068,0.12936112
12069,0.00011618627
12070,0.015360436
12071,0.01586409
12072,0.9964496
12073,0.4514645
12074,0.6946807
12075,0.03418264
12076,0.08385091
12077,0.04649513
12078,0.027890377
12079,0.9991399
12080,0.054859556
12081,0.08613128
12082,0.0057768384
12083,0.051566456
12084,0.049962487
12085,0.23543504
12086,0.0050446317
12087,0.16904093
12088,0.57123715
12089,0.99928975
12090,0.0005560852
12091,0.06900843
12092,0.03493758
12093,0.0017995506
12094,0.17814557
12095,0.99947006
12096,0.013411329
12097,0.035175953
12098,0.00024234258
12099,0.42709526
12100,0.00012836375
12101,0.011928901
12102,0.0034118204
12103,0.6016632
12104,0.9994405
12105,0.17007746
12106,0.86950046
12107,0.000888603
12108,0.25283507
12109,0.021927863
12110,0.998872
12111,0.009908256
12112,4.2354273e-05
12113,0.05429666
12114,0.00027189113
12115,0.20094964
12116,0.059366163
12117,0.09919884
12118,0.0064685503
12119,0.05846971
12120,0.53798234
12121,0.28215855
12122,0.10896361
12123,0.07512051
12124,0.99918574
12125,0.0002206009
12126,0.10612932
12127,0.9991697
12128,0.00015357177
12129,0.17939337
12130,0.0043843947
12131,0.13344474
12132,0.17924309
12133,0.025900507
12134,0.14386576
12135,0.69220227
12136,0.9998461
12137,0.06977505
12138,0.27969497
12139,0.24998379
12140,0.99781466
12141,0.6893521
12142,0.0036190744
12143,0.24208175
12144,0.10654855
12145,0.020972269
12146,0.99778074
12147,0.99903095
12148,0.8429969
12149,0.1139874
12150,0.0007660398
12151,0.64888704
12152,0.002965151
12153,0.09974325
12154,0.15505183
12155,4.8306887e-05
12156,0.9994653
12157,0.019604469
12158,0.0052297767
12159,0.033668585
12160,0.36061132
12161,0.801459
12162,0.6530065
12163,0.012119404
12164,0.9994499
12165,0.99943024
12166,0.05184275
12167,0.009762755
12168,0.0057768384
12169,0.9992957
12170,0.007003152
12171,0.03141467
12172,0.11789371
12173,0.19905777
12174,0.37422052
12175,0.0059718974
12176,0.092120856
12177,0.06262401
12178,0.054519106
12179,0.0014709688
12180,0.77187294
12181,0.9995617
12182,0.19246854
12183,0.60256237
12184,0.044265576
12185,0.75473106
12186,0.0064351573
12187,0.11554603
12188,0.9990202
12189,0.101417825
12190,0.9998472
12191,0.4396645
12192,0.11654285
12193,0.0013043159
12194,0.0026422308
12195,0.82983035
12196,0.07106401
12197,0.027943978
12198,0.22211184
12199,0.0046701846
12200,0.006850785
12201,0.24368009
12202,0.033907365
12203,0.2172105
12204,0.050537318
12205,0.009182486
12206,0.055150267
12207,0.07144189
12208,0.1164261
12209,0.13909298
12210,0.008061027
12211,0.022968829
12212,0.17782864
12213,0.00040264716
12214,4.0832776e-05
12215,0.0196016
12216,0.04653364
12217,0.00044823292
12218,0.08810783
12219,0.9993358
12220,0.0012074462
12221,0.17163818
12222,0.06385824
12223,0.9997702
12224,0.07885026
12225,0.99918574
12226,0.21414785
12227,0.0114421975
12228,0.025470244
12229,0.0192996
12230,0.00010437852
12231,0.13712256
12232,0.11572156
12233,0.15913796
12234,0.30567604
12235,0.6729346
12236,0.18204986
12237,0.32350764
12238,0.9994167
12239,0.0533242
12240,0.0081115775
12241,0.00025648528
12242,0.03648871
12243,0.0018727302
12244,0.003649212
12245,0.0024727231
12246,0.06396733
12247,0.0012520857
12248,0.26397175
12249,0.17188637
12250,0.99930274
12251,0.29171824
12252,0.9999628
12253,0.99885464
12254,0.99945086
12255,0.06596106
12256,0.14039262
12257,0.30984762
12258,0.9994337
12259,0.5171761
12260,0.00051457976
12261,0.99484754
12262,0.99921644
12263,0.00018584475
12264,0.9993592
12265,0.99982905
12266,0.00028758496
12267,0.15502657
12268,0.05200473
12269,0.9982285
12270,0.1662518
12271,0.56447023
12272,0.75076324
12273,0.02656096
12274,0.0017333545
12275,0.4185911
12276,0.0046692626
12277,0.06813061
12278,0.009926872
12279,0.999418
12280,0.97658545
12281,0.5090549
12282,0.010637817
12283,0.14035366
12284,0.008796616
12285,0.9988194
12286,0.9992539
12287,0.27093837
12288,0.00026923415
12289,0.9999143
12290,0.0004211746
12291,0.07417301
12292,0.9978021
12293,0.011785077
12294,0.013153752
12295,0.43449122
12296,0.010988088
12297,0.13357466
12298,0.004110093
12299,0.04377277
12300,0.29593056
12301,0.0004754526
12302,0.0032878313
12303,0.69393027
12304,0.1516689
12305,0.009976074
12306,0.008469973
12307,0.108964585
12308,0.13307157
12309,0.083976366
12310,0.34320647
12311,0.07426483
12312,0.007372027
12313,0.76470935
12314,0.02825944
12315,0.048071336
12316,0.6389108
12317,0.9999244
12318,0.12416201
12319,0.0982381
12320,0.9998325
12321,0.32543728
12322,0.1126764
12323,0.16459075
12324,0.11288161
12325,0.99849033
12326,0.23235658
12327,0.9994653
12328,0.57162386
12329,0.029779129
12330,0.90151983
12331,0.05690298
12332,0.13788626
12333,0.13156907
12334,0.06191331
12335,0.07702813
12336,0.15233332
12337,0.98946136
12338,0.35229897
12339,0.08159358
12340,0.31602463
12341,0.008426159
12342,0.25028104
12343,0.073371306
12344,0.05260802
12345,0.5844498
12346,0.9998466
12347,0.45617825
12348,0.052206997
12349,0.377168
12350,0.05171276
12351,0.9999244
12352,0.087616585
12353,0.08948976
12354,0.9972373
12355,0.99789494
12356,0.18610549
12357,0.9992754
12358,0.021288294
12359,0.012795512
12360,0.016935859
12361,0.026111523
12362,0.17450215
12363,0.09159829
12364,0.0025519584
12365,0.7494847
12366,0.0490869
12367,0.11143681
12368,0.93386877
12369,0.0003070324
12370,0.82237864
12371,0.16405934
12372,0.021974172
12373,9.3831935e-05
12374,0.15155056
12375,0.14435314
12376,0.00035243138
12377,0.99919266
12378,0.08688593
12379,0.04975942
12380,0.09335204
12381,0.026117168
12382,0.6059556
12383,0.0486654
12384,0.10241424
12385,0.15077451
12386,0.025331471
12387,3.863221e-05
12388,0.3271692
12389,0.21239738
12390,0.07028417
12391,0.12900126
12392,0.11631424
12393,0.99930215
12394,0.9996834
12395,0.021776829
12396,0.4170837
12397,0.03205865
12398,0.23938872
12399,0.04304888
12400,0.011739742
12401,0.12575322
12402,0.00025433142
12403,0.016618313
12404,0.006508415
12405,0.004981806
12406,0.051773764
12407,0.09172264
12408,0.07837807
12409,0.1844528
12410,0.00014049419
12411,0.012759067
12412,2.836199e-05
12413,0.99953175
12414,0.19484182
12415,0.038564257
12416,0.9995396
12417,0.016967533
12418,0.0035023948
12419,0.048647795
12420,0.998314
12421,0.58444786
12422,0.002706569
12423,0.005337319
12424,0.9999558
12425,0.9995906
12426,0.00057527865
12427,0.012829056
12428,0.11803368
12429,0.47881976
12430,0.120461866
12431,0.00034473406
12432,0.061137695
12433,0.010537301
12434,0.45137313
12435,0.018647892
12436,0.0055781184
12437,0.17786694
12438,0.0054778354
12439,0.0005036531
12440,0.7386045
12441,0.0021398296
12442,0.32975194
12443,0.17694359
12444,0.1771299
12445,0.14400893
12446,0.0019171798
12447,0.262858
12448,0.16033217
12449,0.014536639
12450,0.9998828
12451,0.00028151533
12452,0.10508652
12453,0.0149286045
12454,0.050305113
12455,0.038639057
12456,0.27080292
12457,0.008255939
12458,0.007309788
12459,0.0006148955
12460,0.03427621
12461,0.25427783
12462,0.6166941
12463,0.24607612
12464,0.0024262688
12465,0.083286405
12466,0.64431673
12467,0.024951674
12468,0.9991924
12469,0.0036374102
12470,0.01701961
12471,0.075288385
12472,0.004329265
12473,0.9992792
12474,0.00046894033
12475,0.061636608
12476,0.01913976
12477,0.030315831
12478,0.00064538745
12479,0.7471608
12480,0.051572576
12481,0.058252897
12482,0.8662805
12483,0.0076481355
12484,0.0006367311
12485,0.08142241
12486,0.041480675
12487,0.7179618
12488,0.010596483
12489,0.2111154
12490,0.1611098
12491,0.9995943
12492,0.310318
12493,0.00027860093
12494,0.99922836
12495,0.2789773
12496,0.14986843
12497,0.61916965
12498,0.0919748
12499,0.25195506
12500,0.00035458995
12501,0.34271777
12502,0.9996208
12503,0.13058625
12504,0.124468096
12505,0.0012664365
12506,0.0039020532
12507,0.21816418
12508,0.9998847
12509,0.050876826
12510,0.45343944
12511,0.06921003
12512,0.9304495
12513,0.99993825
12514,0.3691123
12515,0.9996593
12516,0.7776981
12517,0.7078644
12518,0.67535526
12519,0.2386411
12520,0.69050074
12521,0.2542607
12522,0.029768307
12523,0.09678436
12524,0.06305355
12525,0.96467996
12526,0.0034099873
12527,0.4626221
12528,0.9991222
12529,0.063299105
12530,0.0075242743
12531,0.0614477
12532,0.15143448
12533,0.99937797
12534,0.5143978
12535,0.0053158095
12536,0.9993455
12537,0.99982905
12538,0.02065159
12539,0.99987555
12540,0.0009854701
12541,0.05643985
12542,0.097972676
12543,0.99937254
12544,0.14537315
12545,0.0368519
12546,0.052457836
12547,0.1206647
12548,0.0011852189
12549,0.9991654
12550,0.09006501
12551,0.34209135
12552,0.0021225843
12553,0.28408942
12554,0.06245172
12555,0.0037518812
12556,0.0063919933
12557,0.22380507
12558,0.998872
12559,0.11879532
12560,0.018288713
12561,0.048349224
12562,0.0018805778
12563,0.99952924
12564,0.12736611
12565,0.010199268
12566,0.0009886709
12567,0.040685907
12568,0.29998907
12569,0.30732453
12570,0.051989693
12571,0.056686636
12572,0.18574798
12573,0.3686431
12574,0.00017928882
12575,0.99911267
12576,0.005933156
12577,0.0017838827
12578,0.411881
12579,0.016721748
12580,0.003026783
12581,0.06518034
12582,0.23491679
12583,0.99896383
12584,0.788701
12585,0.0052212104
12586,0.032189645
12587,0.005125963
12588,0.08489691
12589,0.03304711
12590,0.25412175
12591,0.121714726
12592,0.9412257
12593,0.99955314
12594,0.050845392
12595,0.90151983
12596,0.012835791
12597,0.38416687
12598,0.9990702
12599,0.05774296
12600,0.21545851
12601,0.9984933
12602,0.20288068
12603,0.36253572
12604,0.12178329
12605,0.10632789
12606,0.003063446
12607,0.013934728
12608,0.0013841202
12609,0.039507873
12610,0.99925786
12611,0.14213997
12612,0.259998
12613,0.00640637
12614,0.0032450566
12615,0.4036909
12616,0.023597635
12617,0.24544135
12618,0.07546561
12619,0.5825255
12620,0.0006575509
12621,0.06897777
12622,0.053812508
12623,0.28661954
12624,0.06659097
12625,0.15456307
12626,0.1264366
12627,0.99994683
12628,0.13805822
12629,0.031986654
12630,0.31366915
12631,0.6097262
12632,0.057726815
12633,0.9978713
12634,0.48628134
12635,0.044518385
12636,0.24681129
12637,0.19460988
12638,0.17903994
12639,0.1537368
12640,0.18492
12641,0.6854102
12642,0.04093417
12643,0.012583592
12644,0.0611281
12645,0.0004127277
12646,0.08605064
12647,0.99894387
12648,0.292808
12649,0.17887469
12650,0.35051647
12651,0.037900858
12652,0.19540401
12653,0.076134406
12654,0.07859199
12655,0.011022507
12656,0.16128282
12657,0.018200783
12658,0.036197416
12659,0.08501331
12660,0.2035445
12661,0.00012094509
12662,0.13150144
12663,0.12905201
12664,0.23006949
12665,0.0202209
12666,0.99912304
12667,0.6096703
12668,0.0089067435
12669,0.09456671
12670,0.30145448
12671,0.2073466
12672,0.010677018
12673,0.011201023
12674,0.008586955
12675,0.054562908
12676,0.29441798
12677,0.031049699
12678,0.9992255
12679,0.9585372
12680,0.0011852189
12681,0.12512894
12682,0.018091364
12683,0.9997012
12684,0.18719898
12685,0.9987833
12686,7.163353e-05
12687,0.013113364
12688,0.07060613
12689,0.014096791
12690,0.18212606
12691,0.00039881998
12692,0.6567215
12693,0.0889742
12694,0.99973685
12695,0.080348626
12696,0.11481455
12697,8.840015e-05
12698,0.048742678
12699,0.072960384
12700,0.13214795
12701,0.7720044
12702,0.20614097
12703,0.01938761
12704,0.0077097486
12705,0.14913028
12706,0.0096533755
12707,0.99886715
12708,0.99954045
12709,0.99940383
12710,0.9990127
12711,0.9988631
12712,0.05793007
12713,0.34961507
12714,0.011630116
12715,0.4460273
12716,0.377796
12717,0.9962812
12718,0.08312663
12719,0.039868344
12720,0.29142284
12721,0.9994648
12722,0.06995026
12723,0.07793325
12724,0.00089646043
12725,0.9943078
12726,0.06742171
12727,0.026099315
12728,0.022342794
12729,0.08420846
12730,0.00045021216
12731,0.99919266
12732,0.22399525
12733,0.06831078
12734,0.00017643363
12735,0.12186373
12736,0.21775842
12737,0.25695762
12738,0.10745302
12739,0.43142465
12740,0.11788394
12741,0.45360515
12742,0.9994653
12743,0.017357908
12744,0.9984407
12745,0.14750247
12746,0.9994087
12747,0.023912074
12748,0.43879092
12749,0.19324395
12750,0.108328894
12751,0.9998379
12752,0.04806565
12753,0.057760492
12754,0.00088416855
12755,0.8294006
12756,0.9994357
12757,0.0044674785
12758,0.32454503
12759,0.007561423
12760,0.039925896
12761,0.9998147
12762,0.00075201265
12763,0.032122277
12764,0.0019602233
12765,0.022297591
12766,0.01443514
12767,0.095020756
12768,0.0001355005
12769,0.012258053
12770,0.99937254
12771,0.1458623
12772,0.015929585
12773,0.10238871
12774,0.092292264
12775,0.9995753
12776,0.050100572
12777,0.00036033144
12778,0.009243099
12779,0.99703145
12780,0.00013381358
12781,0.00049186556
12782,0.2532158
12783,0.9998673
12784,0.05717212
12785,0.036617897
12786,0.0038028916
12787,0.7354476
12788,0.0842134
12789,0.6409986
12790,0.0028319722
12791,0.13563596
12792,0.015189769
12793,0.015532648
12794,0.03284285
12795,0.0003114307
12796,0.078610204
12797,0.00087100745
12798,0.3363329
12799,0.004284443
12800,0.2524913
12801,0.0011415179
12802,0.0089067435
12803,0.07546312
12804,0.59622175
12805,0.9999399
12806,0.09795413
12807,0.56637895
12808,0.99928755
12809,0.999493
12810,0.00016599351
12811,0.010174468
12812,0.07041175
12813,6.760817e-05
12814,0.6802699
12815,0.1457321
12816,0.99989426
12817,0.05478522
12818,0.5987228
12819,0.0074152667
12820,0.024616918
12821,0.43337655
12822,0.088363454
12823,0.5200155
12824,0.020243084
12825,0.9993592
12826,0.03981602
12827,0.23124759
12828,0.05021175
12829,0.043285705
12830,0.08073027
12831,0.0035641852
12832,0.78904605
12833,0.1903626
12834,0.11806932
12835,0.06526826
12836,0.9992482
12837,0.82237864
12838,0.045581948
12839,0.6120106
12840,0.033001557
12841,0.00038538335
12842,0.035443973
12843,0.8260318
12844,0.0008726061
12845,0.20327713
12846,0.9999685
12847,0.10181738
12848,0.18539631
12849,0.0042110486
12850,0.17336453
12851,0.0018326882
12852,0.028077032
12853,0.5529885
12854,0.10262876
12855,0.6742321
12856,0.039617434
12857,0.009566766
12858,0.08602289
12859,0.013927366
12860,0.18589953
12861,0.99996364
12862,0.12607901
12863,0.6722781
12864,0.023193203
12865,0.06772317
12866,0.9998325
12867,0.095775776
12868,0.028245805
12869,0.5589341
12870,0.055154555
12871,0.00046994755
12872,0.18187314
12873,0.05651576
12874,0.18836738
12875,0.0747509
12876,0.0040738233
12877,0.008308012
12878,0.99955183
12879,0.9992792
12880,0.99885225
12881,0.2789206
12882,0.052331943
12883,0.19091444
12884,0.5885199
12885,0.44345182
12886,0.99919754
12887,0.13098359
12888,0.0015028265
12889,0.092765
12890,0.99925786
12891,0.0005564526
12892,0.14096385
12893,0.002308904
12894,0.002072631
12895,0.01010635
12896,0.054101992
12897,0.9996346
12898,0.009382844
12899,0.0020960574
12900,0.07586418
12901,0.78173393
12902,0.672362
12903,0.53017867
12904,0.0021337273
12905,0.007298628
12906,0.008842581
12907,0.013146376
12908,0.9997166
12909,0.025420096
12910,0.108147345
12911,0.004949869
12912,0.032691825
12913,0.4208809
12914,0.15799281
12915,0.0040886677
12916,0.0026704217
12917,0.113920316
12918,0.9992792
12919,0.029408924
12920,0.06853213
12921,0.04718641
12922,0.99990153
12923,0.27898538
12924,0.39512476
12925,0.074101925
12926,0.11257066
12927,0.18164991
12928,0.003199968
12929,0.26726508
12930,0.99862874
12931,0.09131215
12932,0.0005363388
12933,0.03180402
12934,0.062067702
12935,0.25659493
12936,0.11976195
12937,0.021951595
12938,0.53530484
12939,0.18374465
12940,0.999897
12941,0.99917346
12942,0.13716377
12943,0.0032833854
12944,0.09585356
12945,0.007190107
12946,0.006881642
12947,0.9996346
12948,0.28761923
12949,0.99925524
12950,0.02692387
12951,0.30971682
12952,0.9996346
12953,0.9991265
12954,0.011654285
12955,0.00034158473
12956,0.99993825
12957,0.05251393
12958,0.06229374
12959,0.24515954
12960,0.0011541102
12961,0.2578556
12962,0.15515414
12963,0.99929035
12964,0.10817764
12965,0.120257154
12966,0.0021935105
12967,0.06714231
12968,0.008103732
12969,0.002089009
12970,0.107873194
12971,0.7206698
12972,0.99987483
12973,0.042819068
12974,0.015908198
12975,0.13179097
12976,0.14008489
12977,0.33271748
12978,0.9948436
12979,0.0001586931
12980,0.6107107
12981,0.45366997
12982,0.009887195
12983,0.052991714
12984,0.012510366
12985,0.006364469
12986,0.007863345
12987,0.027341975
12988,0.9994405
12989,0.9990121
12990,0.0265694
12991,0.16590136
12992,0.53549683
12993,9.37055e-05
12994,0.993454
12995,0.0035085897
12996,0.031306457
12997,0.99989426
12998,0.19562118
12999,0.00089886517
13000,0.21156976
13001,0.019503325
13002,0.062940426
13003,0.004430033
13004,0.0037136446
13005,0.12360229
13006,0.007934003
13007,0.057148144
13008,0.9998828
13009,0.9988772
13010,0.010418466
13011,0.034655876
13012,0.9994122
13013,0.6210346
13014,0.99881905
13015,0.025119137
13016,0.0043014134
13017,0.008104222
13018,0.00047287313
13019,0.006005645
13020,0.55827177
13021,0.041789792
13022,0.01526421
13023,0.00047684647
13024,0.345696
13025,0.015671996
13026,0.1948805
13027,0.29710418
13028,0.99989426
13029,0.068766765
13030,0.008089493
13031,0.051437873
13032,0.012056801
13033,0.9986273
13034,0.5320096
13035,0.3111845
13036,0.1832424
13037,0.18215387
13038,0.09611497
13039,0.0018326882
13040,0.05165094
13041,0.19762054
13042,0.09489971
13043,0.10127681
13044,0.015495331
13045,0.50989956
13046,0.13857765
13047,0.071064495
13048,0.017860629
13049,0.00016099897
13050,0.15291318
13051,0.5905388
13052,0.06329808
13053,0.22431777
13054,0.019346511
13055,0.06693337
13056,0.00034282316
13057,0.99843854
13058,0.9989567
13059,0.27413383
13060,0.019726858
13061,0.7548653
13062,0.0075906417
13063,0.99931395
13064,0.51903814
13065,0.15190631
13066,0.99993825
13067,0.99963117
13068,0.9995516
13069,0.00644919
13070,0.056108605
13071,0.0020037098
13072,0.1462977
13073,0.00046943428
13074,0.53406566
13075,0.096101865
13076,0.07095981
13077,0.998953
13078,0.6852098
13079,0.0060900617
13080,0.007516295
13081,0.12499674
13082,0.11483295
13083,0.0006083507
13084,0.0043677683
13085,0.07175412
13086,0.009945021
13087,0.9989202
13088,0.12267377
13089,0.22016396
13090,0.78588825
13091,0.9999374
13092,0.011633443
13093,0.9993358
13094,0.012632678
13095,0.99912304
13096,0.0661443
13097,0.00030549045
13098,0.056149792
13099,0.0043846364
13100,0.041718915
13101,0.1520556
13102,0.0047570462
13103,0.008899549
13104,0.7665104
13105,0.9992581
13106,0.9955183
13107,0.1593067
13108,0.1620591
13109,0.10732088
13110,0.0026229012
13111,0.22049087
13112,0.58283925
13113,0.17416663
13114,0.6824045
13115,0.28702727
13116,0.009899471
13117,0.2354742
13118,0.049066015
13119,0.5844498
13120,0.44858003
13121,0.0058694994
13122,0.99881905
13123,0.0005093774
13124,0.27752888
13125,0.99756145
13126,0.7169684
13127,0.16824865
13128,0.7020048
13129,0.7791442
13130,0.055451144
13131,0.74710953
13132,0.6954592
13133,0.21637546
13134,0.14380014
13135,0.99921215
13136,0.09815675
13137,0.02778077
13138,0.15776506
13139,0.40956008
13140,0.5516792
13141,0.9993455
13142,0.08483387
13143,0.49538356
13144,0.038027044
13145,0.12170051
13146,0.6121073
13147,0.005352986
13148,0.56579065
13149,0.0007474835
13150,0.041147515
13151,0.86674494
13152,0.06807181
13153,0.00021600172
13154,0.17857823
13155,0.004079897
13156,0.18026054
13157,0.008233349
13158,0.9990447
13159,0.029699977
13160,0.10298434
13161,0.5576261
13162,0.104426675
13163,0.028087191
13164,0.23805928
13165,0.019774888
13166,0.098078646
13167,0.003302628
13168,0.10466842
13169,0.009834159
13170,0.99989426
13171,0.03248824
13172,0.41493934
13173,0.0002186136
13174,0.046023086
13175,0.107478894
13176,0.00028808
13177,0.09023062
13178,0.6450472
13179,0.32223147
13180,0.018458208
13181,0.095011905
13182,0.17720923
13183,0.22042905
13184,0.061394483
13185,0.15222669
13186,0.024159813
13187,0.00036616446
13188,0.00014974328
13189,0.5276065
13190,0.533675
13191,0.056291085
13192,0.00058408093
13193,0.4764514
13194,0.1391193
13195,0.579021
13196,0.13853474
13197,0.7196161
13198,0.13389476
13199,0.13071091
13200,0.29607207
13201,0.016920853
13202,0.22469029
13203,0.07460942
13204,0.54570377
13205,0.008164392
13206,0.35656482
13207,0.99963117
13208,0.011691004
13209,0.9994475
13210,0.30849752
13211,0.08091284
13212,0.055760093
13213,0.16287908
13214,0.0023530582
13215,0.05739758
13216,0.03617692
13217,0.0019270098
13218,0.99995005
13219,0.9987833
13220,0.083322056
13221,9.504686e-05
13222,0.12644923
13223,0.28814965
13224,0.00040016565
13225,0.021373427
13226,0.0125575615
13227,0.17671622
13228,0.00045920105
13229,0.7499582
13230,0.9994357
13231,0.0030996571
13232,0.0358926
13233,0.017247917
13234,0.01392442
13235,0.019368226
13236,0.090843834
13237,0.99897194
13238,0.18463814
13239,0.14592879
13240,0.008533681
13241,0.99954706
13242,0.10014355
13243,0.9992386
13244,0.9993863
13245,0.12380231
13246,0.08231331
13247,0.08094125
13248,0.018530432
13249,0.0542099
13250,0.6450472
13251,0.06303158
13252,0.66912675
13253,0.2246085
13254,0.005617942
13255,0.9994499
13256,0.046206735
13257,0.43249196
13258,0.006590152
13259,0.7610365
13260,0.5297308
13261,0.3782862
13262,0.025976358
13263,0.012411388
13264,0.04334786
13265,0.3544339
13266,0.04281885
13267,0.07350107
13268,0.032789383
13269,0.008819301
13270,0.26098135
13271,0.99863607
13272,0.12633476
13273,0.0057485807
13274,0.086684905
13275,0.6383098
13276,0.30775753
13277,0.14019462
13278,0.0044053653
13279,0.007552976
13280,0.07925262
13281,0.9995915
13282,0.002856811
13283,0.008148703
13284,0.08693426
13285,0.0129385535
13286,0.040269397
13287,0.040181253
13288,0.5607576
13289,0.003875299
13290,0.23674098
13291,0.9996176
13292,0.0045974194
13293,0.0075190137
13294,0.9993104
13295,0.10281689
13296,0.99988246
13297,0.08635417
13298,0.9996346
13299,0.33828405
13300,0.22356749
13301,0.6951177
13302,0.00015121659
13303,0.9993592
13304,0.124403715
13305,0.025139645
13306,0.6196021
13307,0.0017838827
13308,0.0035863516
13309,0.0036926162
13310,0.01757442
13311,0.44140533
13312,0.005943596
13313,0.00031951294
13314,0.16988802
13315,0.99959403
13316,0.6265861
13317,0.9997216
13318,0.027294807
13319,0.04412331
13320,0.035991594
13321,0.9978021
13322,0.6064745
13323,0.06184526
13324,0.0004390897
13325,0.01128319
13326,0.00039076366
13327,0.0017545609
13328,0.9998847
13329,0.9999019
13330,0.050177127
13331,0.9994899
13332,0.06085674
13333,0.08619106
13334,0.055922043
13335,0.9995802
13336,0.0125165405
13337,0.10612295
13338,0.15437752
13339,0.041613404
13340,0.022595087
13341,0.007198775
13342,0.0033806055
13343,9.330604e-05
13344,0.00562005
13345,0.01546886
13346,0.0994809
13347,0.15813653
13348,0.015068205
13349,0.04285862
13350,0.9778727
13351,0.10588954
13352,0.051184833
13353,0.414405
13354,0.0729878
13355,0.9994405
13356,0.11692071
13357,0.5837997
13358,0.9991554
13359,0.19603357
13360,0.03919562
13361,0.06695893
13362,0.38415623
13363,0.09295394
13364,0.0015571357
13365,0.17158271
13366,0.056432735
13367,0.020602444
13368,0.0027958278
13369,0.003547285
13370,0.2546423
13371,0.50246644
13372,0.053213328
13373,0.6946807
13374,0.07844191
13375,0.09830846
13376,0.0055121174
13377,0.02976868
13378,0.09643135
13379,0.038206473
13380,0.15744865
13381,0.09443961
13382,0.024133667
13383,0.22328548
13384,0.16287184
13385,0.003024683
13386,0.0128754815
13387,0.9998802
13388,0.06261364
13389,0.0022206933
13390,0.032890912
13391,0.11863096
13392,0.005576521
13393,0.04817587
13394,0.053571552
13395,0.06365618
13396,0.04983748
13397,0.9994079
13398,0.020477667
13399,0.056885332
13400,0.00022021568
13401,0.012973629
13402,0.00070020644
13403,0.005163171
13404,0.0055016847
13405,0.13344474
13406,0.095249295
13407,0.120095424
13408,0.094481066
13409,0.23445624
13410,0.08082926
13411,0.116657324
13412,0.9996424
13413,0.0043028207
13414,0.15024894
13415,0.99932444
13416,0.09070262
13417,0.089189045
13418,0.14616345
13419,0.006715806
13420,0.007578758
13421,0.009491719
13422,0.20313245
13423,0.16121757
13424,0.05918023
13425,0.2735065
13426,0.11917754
13427,0.3418901
13428,0.9995017
13429,0.05217704
13430,0.998872
13431,0.10487778
13432,0.0241777
13433,0.4646294
13434,0.53803533
13435,0.01981424
13436,0.103054814
13437,0.0093729915
13438,0.99886477
13439,0.2651301
13440,0.15955064
13441,0.9992951
13442,0.055861857
13443,0.3750719
13444,0.0009670666
13445,0.5970097
13446,0.99954706
13447,0.34574565
13448,0.20074476
13449,6.754664e-06
13450,5.1863462e-05
13451,0.8847445
13452,0.00777025
13453,0.54958487
13454,0.0008980886
13455,0.4488899
13456,0.9995975
13457,0.07056879
13458,0.99994373
13459,0.12504415
13460,0.008156858
13461,0.14605613
13462,0.9994879
13463,0.13836943
13464,0.00040130902
13465,0.11773567
13466,0.019698929
13467,0.021179996
13468,0.15806891
13469,0.02928653
13470,0.06644306
13471,0.053196624
13472,0.00034745445
13473,0.0011144249
13474,0.2328406
13475,0.19390808
13476,0.122921854
13477,0.03210585
13478,0.0060000285
13479,0.9985586
13480,0.07529436
13481,0.0012828112
13482,0.099171795
13483,0.69769233
13484,0.04953836
13485,0.11720807
13486,0.22967146
13487,0.041336138
13488,0.15832628
13489,0.03682295
13490,0.21956769
13491,0.36728555
13492,0.24958673
13493,0.9993455
13494,0.22448015
13495,0.17152677
13496,0.1489856
13497,0.13803798
13498,0.020478562
13499,0.004924475
13500,0.010266877
13501,0.12080483
13502,0.0717535
13503,0.042991765
13504,0.9992393
13505,0.00018545655
13506,0.998953
13507,0.003719568
13508,0.99899906
13509,0.007315659
13510,0.5307257
13511,0.0060589206
13512,0.08635216
13513,0.0063536856
13514,0.6884629
13515,0.14049521
13516,0.9990107
13517,0.07453099
13518,0.19673033
13519,0.24941708
13520,0.16971466
13521,0.063670196
13522,0.32897344
13523,0.10997873
13524,0.12320849
13525,0.99899906
13526,0.054822717
13527,0.28697142
13528,0.99990034
13529,0.004124354
13530,1.8305986e-05
13531,0.17152677
13532,0.3304166
13533,0.16125178
13534,0.11137322
13535,0.46708107
13536,0.1536939
13537,0.04833164
13538,0.11831258
13539,0.012098818
13540,0.1369319
13541,0.010246305
13542,0.08405674
13543,0.9994087
13544,0.0037918808
13545,0.063884914
13546,0.17535809
13547,0.00029878426
13548,0.9991855
13549,0.011587222
13550,0.3070085
13551,0.011896516
13552,0.007271708
13553,0.038965214
13554,0.9991763
13555,0.0058409376
13556,0.044735916
13557,0.008806759
13558,0.11089075
13559,0.93730825
13560,0.12602317
13561,0.15024386
13562,0.26454628
13563,0.06599963
13564,0.005007245
13565,0.15415385
13566,0.038832974
13567,0.050684467
13568,0.99945134
13569,0.5117643
13570,0.08658416
13571,0.06064818
13572,0.11700637
13573,0.118189454
13574,0.2354742
13575,0.9999466
13576,0.034670133
13577,0.0053633237
13578,0.9996346
13579,0.0030285837
13580,0.0019246425
13581,0.99925405
13582,0.74710953
13583,0.9995172
13584,0.32178453
13585,0.00021205754
13586,0.17931844
13587,0.8708264
13588,0.99846894
13589,0.20561475
13590,0.02540659
13591,0.9988186
13592,0.22934492
13593,0.09156937
13594,0.029495075
13595,0.013222703
13596,0.0061583566
13597,0.00427972
13598,0.06970206
13599,0.057246666
13600,0.24771523
13601,0.998872
13602,0.15303434
13603,0.28350005
13604,0.5917907
13605,0.9832456
13606,0.34287965
13607,0.27812314
13608,0.60364
13609,0.006029746
13610,0.36267635
13611,0.00011209485
13612,0.06264223
13613,0.23109256
13614,0.14344312
13615,0.6491352
13616,0.0010310895
13617,0.9992754
13618,0.0057349512
13619,0.2949847
13620,0.042507675
13621,0.99995005
13622,0.69544816
13623,0.07824335
13624,0.06385031
13625,0.0072345682
13626,0.67058283
13627,0.26099688
13628,0.9998673
13629,0.07654194
13630,0.82237864
13631,0.10610422
13632,0.022484485
13633,0.7206554
13634,0.0004681888
13635,0.6946894
13636,0.9989411
13637,0.15409979
13638,0.007079984
13639,0.029895147
13640,0.12785798
13641,0.068533935
13642,0.060327545
13643,0.13875125
13644,0.012873694
13645,0.30452546
13646,0.03113128
13647,0.13881539
13648,0.0023473988
13649,0.013249944
13650,0.07453347
13651,0.15826696
13652,0.9994306
13653,0.009577009
13654,0.012562819
13655,0.9993455
13656,0.06566171
13657,0.8833746
13658,0.13027154
13659,0.0043401355
13660,0.0026058152
13661,0.0026469384
13662,0.0075367796
13663,0.5619567
13664,0.06251487
13665,0.062345114
13666,0.0032246874
13667,0.0147554865
13668,0.5751599
13669,0.4023003
13670,0.00016540181
13671,0.18093412
13672,0.0031790806
13673,0.12293471
13674,0.21505943
13675,0.0009337328
13676,0.15878773
13677,0.10008422
13678,0.74156797
13679,0.010971233
13680,0.11150758
13681,0.8906892
13682,0.32776693
13683,0.9991399
13684,0.027481047
13685,0.020737177
13686,0.08554842
13687,0.07532904
13688,0.13499247
13689,0.05406366
13690,0.0010033853
13691,0.014308044
13692,0.00037394656
13693,0.17817932
13694,0.99990034
13695,0.00010686769
13696,0.05547526
13697,0.20528361
13698,4.0476716e-05
13699,0.00019116026
13700,0.007394428
13701,0.10449564
13702,0.34783012
13703,0.99992836
13704,0.8571492
13705,0.08750675
13706,0.024279848
13707,0.5833761
13708,0.3350408
13709,0.0020488142
13710,0.0042849598
13711,0.2475462
13712,0.87871677
13713,0.0026767727
13714,0.0033286896
13715,0.28295708
13716,0.9999325
13717,0.014830904
13718,0.19766565
13719,0.6263267
13720,0.20638141
13721,0.00030307163
13722,0.13737997
13723,0.0039509763
13724,0.023750043
13725,0.0048575117
13726,0.0037627458
13727,0.012497859
13728,0.99952686
13729,0.9994122
13730,0.0060389293
13731,0.18601842
13732,0.03237017
13733,0.0003818006
13734,0.45759597
13735,0.19398539
13736,0.050138734
13737,0.9990662
13738,0.023077155
13739,0.0003371514
13740,0.99965894
13741,0.34468028
13742,0.99977654
13743,0.027239628
13744,0.00017442138
13745,0.06957543
13746,0.22349457
13747,0.037640672
13748,0.13051115
13749,0.14418274
13750,0.5990766
13751,0.040154174
13752,0.2468751
13753,0.7020048
13754,0.34235573
13755,0.22528516
13756,0.021510664
13757,0.10534897
13758,0.038858198
13759,0.0046228147
13760,0.9990687
13761,0.5951238
13762,0.13238488
13763,0.0017838827
13764,0.33345369
13765,0.091622934
13766,0.13235445
13767,0.40112343
13768,0.204272
13769,0.13316362
13770,0.104779474
13771,0.99928975
13772,0.99982905
13773,0.99916506
13774,0.004699871
13775,0.0569691
13776,0.07818974
13777,0.5551141
13778,0.99919266
13779,0.032074865
13780,0.14846954
13781,0.19663256
13782,0.606026
13783,9.49445e-05
13784,0.022120545
13785,0.3832635
13786,0.9998908
13787,0.00033828535
13788,0.0069089923
13789,0.0009797553
13790,0.7606783
13791,0.021179078
13792,0.13200593
13793,0.05823886
13794,0.037525855
13795,0.008193743
13796,0.8847445
13797,0.9992482
13798,0.65036744
13799,0.14293066
13800,0.17233588
13801,0.28227562
13802,0.15909888
13803,0.06191331
13804,0.2470844
13805,0.0032903606
13806,0.00030526772
13807,0.99964
13808,0.2612402
13809,0.05986663
13810,0.10728306
13811,0.50061756
13812,0.9990502
13813,7.054368e-05
13814,0.99992657
13815,0.045389187
13816,0.40201
13817,0.079011165
13818,0.025546495
13819,0.021609075
13820,0.49286756
13821,0.9985562
13822,0.0004604031
13823,0.02288438
13824,0.6233835
13825,0.06691333
13826,0.0033789817
13827,0.0076465183
13828,0.9994941
13829,0.077813886
13830,0.0004822065
13831,0.31201816
13832,0.021450888
13833,0.19297545
13834,0.43045133
13835,0.00435783
13836,0.037769478
13837,0.09273954
13838,0.04058397
13839,0.025623955
13840,0.7134943
13841,0.7618072
13842,0.032959007
13843,0.7584674
13844,0.12937808
13845,0.077572696
13846,0.11329304
13847,0.00023281643
13848,0.5951238
13849,0.0989631
13850,0.11291693
13851,0.9998908
13852,0.14337462
13853,0.009835891
13854,0.99989426
13855,0.004667173
13856,0.007603638
13857,0.19678327
13858,0.2147911
13859,0.42255425
13860,0.0012221803
13861,0.0070384787
13862,0.07164923
13863,0.13311252
13864,0.010700076
13865,0.029491518
13866,0.018954445
13867,0.99963117
13868,0.99961144
13869,0.9997062
13870,0.29233444
13871,0.8708264
13872,0.29039747
13873,0.14195988
13874,0.9990687
13875,0.0020297465
13876,0.99907315
13877,0.03791938
13878,0.99947685
13879,0.002049771
13880,0.49997103
13881,0.52130926
13882,0.10852651
13883,0.14016381
13884,0.7878031
13885,0.00046875598
13886,0.1412895
13887,0.04721718
13888,0.99995303
13889,0.04218768
13890,0.36304104
13891,0.61693436
13892,0.1612909
13893,0.9998908
13894,0.00028947147
13895,0.5619723
13896,0.08118869
13897,0.530305
13898,0.05503783
13899,0.015867468
13900,0.54226285
13901,0.006860723
13902,0.00013841
13903,0.0001288376
13904,0.26456928
13905,0.67535526
13906,0.09550674
13907,0.099797316
13908,0.12098863
13909,0.48620632
13910,0.07875985
13911,0.9995753
13912,0.0002593587
13913,0.054479115
13914,0.0009574778
13915,0.23142076
13916,0.107213214
13917,0.364973
13918,0.998953
13919,0.09462203
13920,0.07400561
13921,0.03868566
13922,0.0013564657
13923,0.30756688
13924,0.29057604
13925,0.022858107
13926,0.10221705
13927,0.10267038
13928,0.09476289
13929,0.10779099
13930,0.45366997
13931,0.9956086
13932,0.16050687
13933,0.0051522027
13934,0.2846647
13935,0.008164392
13936,0.08560081
13937,0.008247732
13938,0.9999709
13939,0.14015232
13940,0.013447896
13941,0.64735836
13942,0.0026757927
13943,0.005584052
13944,0.21003683
13945,0.03083759
13946,0.33727428
13947,0.006051998
13948,0.09083594
13949,0.008519822
13950,0.06357627
13951,0.09086449
13952,0.7739305
13953,0.027869482
13954,0.057299178
13955,0.053856727
13956,0.13600168
13957,0.10382467
13958,0.99889696
13959,0.69769233
13960,0.32885796
13961,0.11365342
13962,0.99965155
13963,0.75713927
13964,0.0036116075
13965,0.01457064
13966,0.996283
13967,0.000117369396
13968,0.02032809
13969,0.0061776605
13970,0.0988853
13971,0.01969231
13972,0.014255013
13973,0.07343044
13974,0.51419157
13975,0.71837616
13976,0.33779436
13977,0.48301977
13978,0.054583192
13979,0.45183414
13980,0.008093217
13981,1.3690034e-05
13982,0.0087879645
13983,0.6234942
13984,0.0832065
13985,0.03634512
13986,0.21152066
13987,0.00031167245
13988,0.018327802
13989,0.0037644927
13990,0.020374611
13991,0.30359495
13992,0.89057344
13993,0.9989411
13994,0.075771414
13995,0.123590596
13996,0.8601174
13997,0.003959127
13998,0.006005645
13999,0.30097443
14000,0.20616478
14001,0.9931276
14002,0.9987696
14003,0.00487523
14004,0.0021566183
14005,0.069995455
14006,0.03637903
14007,0.0045055645
14008,0.0054963334
14009,0.07061797
14010,0.012503976
14011,0.011724864
14012,0.04581331
14013,0.37575814
14014,0.13105115
14015,0.13204862
14016,0.013733322
14017,0.05924107
14018,0.014558177
14019,0.25559476
14020,0.00051293557
14021,0.97490567
14022,0.9998673
14023,0.0931779
14024,0.51728225
14025,0.09961971
14026,0.16550632
14027,0.149016
14028,0.051787283
14029,0.013248481
14030,0.12591359
14031,0.10945184
14032,0.57762593
14033,0.008851303
14034,0.00652004
14035,0.03295007
14036,0.28900492
14037,0.1061414
14038,0.2301655
14039,0.16046327
14040,0.022819057
14041,0.037361566
14042,0.0036827072
14043,0.00051792664
14044,0.48974356
14045,0.8242032
14046,0.7330997
14047,0.12994751
14048,0.1807853
14049,0.004833739
14050,0.13799347
14051,0.0023275577
14052,0.0048021856
14053,0.15182406
14054,0.99992836
14055,0.9993455
14056,0.11863096
14057,0.059283618
14058,0.026558537
14059,0.9998379
14060,0.14784896
14061,0.99916303
14062,0.002497994
14063,0.35178602
14064,0.11829348
14065,0.0054989248
14066,0.029165434
14067,0.1103775
14068,0.00052593014
14069,0.010803487
14070,0.16994344
14071,0.06657809
14072,0.37115175
14073,0.00034157874
14074,0.99919266
14075,0.1216189
14076,0.00029892643
14077,0.0004092527
14078,0.005854452
14079,0.19685574
14080,0.042479143
14081,0.14757754
14082,0.00021245766
14083,0.004718107
14084,0.23218243
14085,0.12033412
14086,0.9982285
14087,0.11037721
14088,0.52375007
14089,0.46968064
14090,0.03266804
14091,0.00519489
14092,0.008635377
14093,0.9994741
14094,0.998872
14095,0.2705332
14096,0.42786232
14097,0.47761032
14098,0.0019284328
14099,0.40818802
14100,0.007057052
14101,0.007644901
14102,0.16217698
14103,0.41465253
14104,0.012941939
14105,0.13158132
14106,0.072606474
14107,0.22215958
14108,0.049746618
14109,0.0187435
14110,0.1113745
14111,0.0051738634
14112,0.0007939697
14113,0.08058037
14114,0.21033168
14115,0.0015110364
14116,0.07860782
14117,0.030357346
14118,0.14950447
14119,0.77909106
14120,0.09473473
14121,0.2569395
14122,0.016714301
14123,0.07958991
14124,0.03187072
14125,0.11563996
14126,0.55244315
14127,0.028957626
14128,0.25589105
14129,0.048766524
14130,0.13518916
14131,0.0010149615
14132,0.0038155504
14133,0.9988186
14134,0.009799933
14135,0.70217276
14136,0.003867524
14137,0.0038735508
14138,0.9997563
14139,0.99992204
14140,0.9992792
14141,0.01538055
14142,0.08161124
14143,0.9990687
14144,0.08435476
14145,0.3291557
14146,0.99919266
14147,0.00991395
14148,0.0013853915
14149,0.2339845
14150,0.99919266
14151,0.9998379
14152,0.67118305
14153,0.8357855
14154,0.044196915
14155,0.011853193
14156,0.19084443
14157,0.017758718
14158,0.9991554
14159,0.0254556
14160,0.99919266
14161,0.00046857097
14162,0.44866073
14163,0.0011067179
14164,0.08294686
14165,0.036000166
14166,0.08213375
14167,0.9998772
14168,0.0043677683
14169,0.009008646
14170,0.2517874
14171,0.9994605
14172,0.06994471
14173,0.90482277
14174,0.6237045
14175,0.015486503
14176,0.20403229
14177,0.04392605
14178,0.8502906
14179,0.31420958
14180,0.0156178605
14181,0.013613617
14182,0.16526423
14183,0.112458475
14184,0.13949335
14185,0.47595024
14186,0.13547821
14187,0.08690698
14188,0.9999553
14189,0.00072705303
14190,0.0066448194
14191,0.99931324
14192,0.28046387
14193,0.008690577
14194,0.041605942
14195,0.30688316
14196,0.00034216212
14197,0.007310605
14198,0.002089161
14199,0.058229107
14200,0.021838408
14201,0.022649636
14202,0.097409055
14203,0.5060134
14204,0.99904734
14205,0.01899452
14206,0.55439323
14207,0.14756225
14208,0.15398325
14209,0.18264559
14210,0.017766122
14211,0.00014954722
14212,0.11080409
14213,0.99993825
14214,0.9991855
14215,0.14650129
14216,0.016401855
14217,0.002106578
14218,0.045278545
14219,0.3858542
14220,0.9995185
14221,0.99989617
14222,0.63029474
14223,0.072600946
14224,0.16471499
14225,0.25596583
14226,0.07686284
14227,0.0022781813
14228,0.14770743
14229,0.3106385
14230,0.00028371238
14231,0.019284332
14232,0.0014800353
14233,0.00033258175
14234,0.10781239
14235,0.6053143
14236,0.010399683
14237,0.041430846
14238,0.14558063
14239,0.99989426
14240,0.6128482
14241,0.8662805
14242,0.18041433
14243,0.6666786
14244,0.08923373
14245,0.00014876854
14246,0.9999429
14247,0.38427213
14248,0.0114530325
14249,0.23516738
14250,0.13197482
14251,0.021927863
14252,0.18672688
14253,0.150488
14254,0.0013394328
14255,0.027176592
14256,0.045660052
14257,0.068778925
14258,0.2766363
14259,0.0053158095
14260,0.7505754
14261,0.030613028
14262,0.99897194
14263,0.08896765
14264,0.9992255
14265,0.73115623
14266,0.2565575
14267,0.018916294
14268,0.008294724
14269,0.00021987852
14270,0.06327482
14271,0.114496365
14272,0.10778308
14273,0.0067079253
14274,0.15823999
14275,0.7284695
14276,0.50465995
14277,0.75750244
14278,0.26701543
14279,0.036303416
14280,0.02192568
14281,0.0011541102
14282,0.15121527
14283,0.999458
14284,0.29200011
14285,0.260652
14286,0.060007915
14287,0.6679884
14288,0.5532755
14289,0.042404294
14290,0.012324944
14291,0.030545712
14292,0.022306038
14293,0.09727929
14294,0.012398379
14295,0.39632902
14296,0.08942175
14297,0.15584365
14298,0.8407225
14299,0.99919266
14300,0.003146926
14301,0.08064451
14302,0.11703066
14303,0.00050893426
14304,0.04840128
14305,0.0005154941
14306,0.016890278
14307,0.9994844
14308,0.22462463
14309,0.0073342053
14310,0.12250355
14311,0.008247951
14312,0.010967147
14313,0.002719499
14314,0.998314
14315,0.16450585
14316,0.057960548
14317,0.9992694
14318,0.12936112
14319,0.60671866
14320,0.00046488945
14321,0.9994337
14322,0.13686174
14323,0.99912304
14324,0.13917926
14325,0.010258789
14326,0.12891972
14327,0.58444786
14328,0.037528377
14329,0.15758286
14330,0.012624796
14331,0.0040844954
14332,0.63611436
14333,0.043265674
14334,0.009981685
14335,0.15175268
14336,0.018688409
14337,0.30291805
14338,0.99916756
14339,0.0042419718
14340,0.1395963
14341,0.82299817
14342,0.73353845
14343,0.23144847
14344,0.0036365413
14345,0.005424782
14346,0.03985307
14347,0.9998466
14348,0.00042191902
14349,0.19424452
14350,0.0010620119
14351,0.8114826
14352,0.67439044
14353,0.060500532
14354,0.70318687
14355,0.6410657
14356,0.118038565
14357,0.23799635
14358,0.99970526
14359,0.9078579
14360,0.008292747
14361,0.29733643
14362,0.030756135
14363,0.29710418
14364,0.04790591
14365,0.35208315
14366,0.008247732
14367,0.00987973
14368,0.002407369
14369,0.00029303433
14370,0.3019195
14371,0.33505115
14372,0.0009700929
14373,0.9987696
14374,0.026003417
14375,0.007135799
14376,0.31670484
14377,0.049774934
14378,0.9994475
14379,0.9604761
14380,0.009523862
14381,0.015839323
14382,0.6450472
14383,0.036987793
14384,0.0003243471
14385,0.0005427928
14386,0.1130468
14387,0.0006142509
14388,0.11055232
14389,0.0016739817
14390,0.063639626
14391,0.99912304
14392,0.009471848
14393,0.1961141
14394,0.7009096
14395,0.098092586
14396,0.5627145
14397,0.28723958
14398,0.06612122
14399,0.2163617
14400,0.69495565
14401,0.023856424
14402,0.5951238
14403,0.002875582
14404,0.0020612816
14405,0.00032857768
14406,0.998953
14407,0.99911934
14408,0.15404803
14409,0.02639896
14410,0.00020710497
14411,0.10407643
14412,0.0002899999
14413,0.25631818
14414,0.01597344
14415,0.13219835
14416,0.00041219726
14417,0.27073595
14418,0.048904598
14419,0.056862187
14420,0.034667756
14421,0.00057975977
14422,0.9935196
14423,0.2842723
14424,0.38106847
14425,0.00411319
14426,0.12563035
14427,0.21815632
14428,0.00925469
14429,0.10725558
14430,0.09506823
14431,0.01477409
14432,0.03258831
14433,0.11133794
14434,0.0017838827
14435,0.9989184
14436,0.020058708
14437,0.06594927
14438,0.029081795
14439,0.99994385
14440,0.25561762
14441,0.091779895
14442,0.9994087
14443,0.015332587
14444,0.21323667
14445,0.5530593
14446,0.4368811
14447,0.16281493
14448,0.026945183
14449,4.2728272e-05
14450,0.050172307
14451,0.25529405
14452,0.07596248
14453,0.008642637
14454,0.0032926572
14455,0.1276698
14456,0.018688818
14457,0.14768057
14458,0.13612434
14459,0.30064055
14460,0.9993886
14461,0.024157016
14462,0.12821124
14463,0.13707918
14464,0.0633287
14465,0.986173
14466,0.0009226974
14467,0.23053464
14468,0.044997785
14469,0.5950956
14470,0.036207166
14471,0.00014587551
14472,0.4228403
14473,0.05722475
14474,0.5034008
14475,0.000670834
14476,0.7185528
14477,0.14217426
14478,0.45809475
14479,0.17561649
14480,0.0042952746
14481,0.025200374
14482,0.39939165
14483,0.12552305
14484,0.9990687
14485,0.40000975
14486,0.098190695
14487,0.0072063007
14488,0.9994475
14489,0.057011623
14490,0.3474224
14491,0.047143206
14492,0.5100321
14493,0.00039664758
14494,0.9978713
14495,0.82252455
14496,0.05569213
14497,0.08631864
14498,0.6719371
14499,0.42902127
14500,0.00010720491
14501,0.00020760814
14502,0.03255113
14503,0.00054274674
14504,0.04034959
14505,0.11744798
14506,0.043774277
14507,0.047580265
14508,0.9929958
14509,0.2521796
14510,0.024445074
14511,0.70425135
14512,0.009183566
14513,0.2724606
14514,0.18029879
14515,0.9992754
14516,0.5004107
14517,0.9995677
14518,0.010836451
14519,0.016337017
14520,0.99881905
14521,0.9999331
14522,0.12567964
14523,0.15270755
14524,0.015868012
14525,0.0010271481
14526,0.056291085
14527,0.6595333
14528,0.99996126
14529,0.0120022595
14530,0.0068419627
14531,0.06019817
14532,0.07566101
14533,0.042551666
14534,0.05666063
14535,0.9992667
14536,0.9998379
14537,0.005572641
14538,0.00024278823
14539,0.42442212
14540,0.13643341
14541,0.74266595
14542,0.6909874
14543,0.45514572
14544,0.59513354
14545,0.99921215
14546,0.38918576
14547,0.21739885
14548,0.0029455228
14549,0.9056704
14550,0.2882135
14551,0.00019173801
14552,0.020874482
14553,0.007863966
14554,0.15110496
14555,0.052205533
14556,0.10342062
14557,0.08584973
14558,0.00044554574
14559,0.14550358
14560,0.01392442
14561,0.19910394
14562,0.003943494
14563,0.009897989
14564,0.30778292
14565,0.110209934
14566,0.14337462
14567,0.0022657835
14568,0.021446902
14569,0.053799234
14570,0.1326859
14571,0.39005876
14572,0.0981465
14573,0.025008606
14574,0.0021475467
14575,0.9928894
14576,0.07772122
14577,0.78280187
14578,0.9992539
14579,0.20033346
14580,0.00054706563
14581,0.99889237
14582,0.9986319
14583,0.30193037
14584,0.053069696
14585,0.46330646
14586,0.9991554
14587,0.13054506
14588,0.24000369
14589,0.029847352
14590,0.7466685
14591,0.021128949
14592,0.012489418
14593,0.998872
14594,0.9995819
14595,0.058941845
14596,0.0057135737
14597,0.99889404
14598,0.038679652
14599,0.0022439267
14600,0.060520675
14601,0.08031282
14602,0.9998466
14603,0.016417934
14604,0.5566328
14605,0.9989279
14606,0.0011852189
14607,0.024273591
14608,0.9990941
14609,0.027387239
14610,0.09876066
14611,0.0112523725
14612,0.059517216
14613,0.00139416
14614,0.06832547
14615,0.58444786
14616,0.17461495
14617,0.17008196
14618,0.00033112106
14619,0.7545645
14620,0.21835299
14621,0.425157
14622,0.15438414
14623,0.9978713
14624,0.12035633
14625,0.06158756
14626,0.26630992
14627,0.18217507
14628,0.24406634
14629,0.20908235
14630,0.00033063086
14631,0.0124726845
14632,0.9999019
14633,0.04464186
14634,0.11202759
14635,0.00880742
14636,0.0637008
14637,0.22057132
14638,0.024789328
14639,0.13134466
14640,0.014004639
14641,0.9992393
14642,0.012625116
14643,0.9990687
14644,0.9994337
14645,0.1618963
14646,0.9999019
14647,0.0020619398
14648,0.07234008
14649,0.99916756
14650,0.15593915
14651,0.0390919
14652,0.15912123
14653,0.11467606
14654,0.01639281
14655,0.9987696
14656,0.9993575
14657,0.6221712
14658,0.9989618
14659,0.077014595
14660,0.17194697
14661,0.24732105
14662,0.08470002
14663,0.19346368
14664,0.08733923
14665,0.03720629
14666,0.9998828
14667,0.67348295
14668,0.016123656
14669,0.12773891
14670,0.9996593
14671,0.021044536
14672,0.0009879872
14673,0.025863262
14674,0.260125
14675,0.01026335
14676,0.9994405
14677,0.395852
14678,0.12156305
14679,0.058303963
14680,0.6224124
14681,0.10344937
14682,0.06933888
14683,0.06319874
14684,0.9998765
14685,0.04719236
14686,0.00025973955
14687,0.0022207745
14688,0.31467414
14689,0.015927238
14690,0.32072636
14691,0.07871863
14692,0.9988186
14693,0.3023336
14694,0.07410076
14695,0.34529528
14696,0.17926104
14697,0.26836178
14698,0.29542866
14699,2.9185852e-05
14700,0.16954659
14701,0.9992799
14702,0.016407872
14703,0.15931608
14704,0.99993825
14705,0.2357329
14706,0.9996747
14707,0.03437563
14708,0.1456234
14709,0.053000715
14710,0.13970533
14711,0.06863448
14712,0.99906176
14713,0.2814323
14714,0.5120644
14715,0.21296628
14716,0.9998828
14717,0.002131514
14718,0.05094193
14719,0.00029678643
14720,0.9989728
14721,0.009175313
14722,0.0005800516
14723,0.8663241
14724,0.3899952
14725,0.24286872
14726,0.123087265
14727,0.05654273
14728,0.0033806055
14729,0.9999244
14730,0.07581961
14731,0.53913456
14732,0.99940383
14733,0.5493394
14734,0.93038255
14735,0.18744914
14736,0.29250684
14737,0.08537312
14738,0.14244048
14739,0.14355439
14740,0.05180542
14741,0.9989411
14742,0.6211332
14743,0.69050074
14744,0.024568215
14745,0.041416653
14746,0.004101316
14747,0.09969434
14748,0.99991214
14749,0.99961144
14750,0.003159521
14751,0.0030553148
14752,0.998872
14753,0.9998192
14754,0.012801524
14755,0.24319047
14756,0.049469758
14757,0.1196541
14758,0.009733802
14759,0.041843347
14760,0.11999351
14761,0.01575291
14762,0.07521233
14763,0.99914014
14764,0.098077044
14765,0.2637471
14766,0.04564093
14767,0.16054817
14768,0.19196446
14769,0.15113516
14770,0.084141605
14771,0.732595
14772,0.80445784
14773,0.0063922536
14774,0.073146135
14775,0.004552296
14776,0.9998802
14777,9.500337e-05
14778,0.0050105103
14779,0.44693458
14780,0.99811566
14781,0.11487795
14782,0.006945729
14783,0.1584434
14784,0.13949335
14785,0.99897563
14786,0.62568176
14787,0.010246305
14788,0.27791882
14789,0.10080571
14790,0.7317251
14791,0.07368089
14792,0.57006747
14793,0.050387163
14794,0.0040576975
14795,0.9993863
14796,0.24729834
14797,0.03788702
14798,0.045828614
14799,0.9560537
14800,0.055496577
14801,0.9994079
14802,0.0140459705
14803,0.0004572427
14804,0.03420152
14805,0.05346478
14806,0.99990034
14807,0.13350901
14808,0.0018326882
14809,0.26278138
14810,0.00061616267
14811,0.20339929
14812,0.1591738
14813,0.0033937562
14814,0.9993863
14815,0.23606007
14816,0.1114969
14817,0.00049653056
14818,0.00144365
14819,4.743927e-05
14820,0.09925314
14821,0.762164
14822,0.0013362602
14823,0.06855719
14824,0.06257021
14825,0.0027958278
14826,0.99925786
14827,0.72850883
14828,0.13261355
14829,0.22216563
14830,0.015502877
14831,0.7614428
14832,0.99539727
14833,0.0016065838
14834,0.9995172
14835,0.03743739
14836,0.07161692
14837,0.025560765
14838,0.0053803045
14839,0.09339458
14840,0.99937016
14841,0.057325907
14842,0.9073368
14843,0.08189867
14844,0.0655967
14845,0.09847305
14846,0.0009191648
14847,0.29976428
14848,0.10534317
14849,0.99950004
14850,0.9965431
14851,0.07921536
14852,0.058323037
14853,0.42229858
14854,0.015518918
14855,0.006888698
14856,0.0028530876
14857,0.9995154
14858,0.012309503
14859,0.9999038
14860,0.12382838
14861,0.11246136
14862,0.13170458
14863,0.00036374296
14864,0.43924716
14865,0.9991399
14866,0.021552548
14867,0.9992539
14868,0.06350668
14869,0.23170277
14870,0.07019033
14871,0.04603937
14872,0.2591389
14873,0.7478892
14874,0.002644061
14875,0.0818461
14876,0.063436836
14877,0.33528757
14878,0.022196572
14879,0.9992538
14880,0.15901539
14881,0.99924386
14882,0.43178338
14883,0.99827945
14884,0.05325177
14885,0.03603675
14886,0.0038912613
14887,0.06996514
14888,0.16838606
14889,0.03598559
14890,0.007813282
14891,0.0063223103
14892,0.008149736
14893,0.9988186
14894,0.57531554
14895,0.9982634
14896,0.016647037
14897,0.99899906
14898,0.09566155
14899,0.03719768
14900,0.11723672
14901,0.033573475
14902,0.020751063
14903,0.08558256
14904,0.31476355
14905,0.050064795
14906,0.018817488
14907,0.9998802
14908,0.005355589
14909,0.606409
14910,0.99984443
14911,0.00033682384
14912,0.21505943
14913,0.08943419
14914,0.31467414
14915,0.023657769
14916,0.007857639
14917,0.03015299
14918,0.13091683
14919,0.041319154
14920,0.20504202
14921,0.9992673
14922,0.025856566
14923,8.77695e-05
14924,0.018247845
14925,0.008359406
14926,0.006357929
14927,0.045758728
14928,0.33302885
14929,0.9994326
14930,0.9988772
14931,0.022234911
14932,0.013490639
14933,0.72108054
14934,0.07814497
14935,0.99965155
14936,0.2992289
14937,0.99857366
14938,0.9999628
14939,0.1464907
14940,0.24160331
14941,0.41858587
14942,0.22758998
14943,0.10644453
14944,0.0018167633
14945,0.055879842
14946,0.039478242
14947,0.0063809855
14948,0.775015
14949,0.00011143376
14950,0.28946495
14951,0.52336913
14952,0.27830017
14953,0.0039435257
14954,0.09682109
14955,0.9996346
14956,0.99808085
14957,0.07978046
14958,0.07111226
14959,0.20447719
14960,0.9992667
14961,0.1652177
14962,0.88609695
14963,0.15110496
14964,0.00031960828
14965,7.7109114e-05
14966,0.68338865
14967,0.00028699578
14968,0.053821784
14969,0.046040468
14970,0.2740293
14971,0.43337655
14972,0.00010592022
14973,0.009635796
14974,0.022071645
14975,0.083039716
14976,0.0020241297
14977,0.049778953
14978,0.6095526
14979,0.00089066493
14980,0.209322
14981,0.008750342
14982,0.09122038
14983,0.3296428
14984,0.15471783
14985,0.14610948
14986,0.60975516
14987,0.07867475
14988,0.098466024
14989,0.018191488
14990,0.0066337427
14991,0.031554054
14992,0.000502603
14993,8.7782726e-05
14994,0.0026533587
14995,8.0627935e-05
14996,0.041299656
14997,0.013067248
14998,0.034150336
14999,0.5279593
15000,0.10327708
15001,0.0116705485
15002,0.10033424
15003,0.53638756
15004,0.99901235
15005,0.23365232
15006,0.12559852
15007,0.008355257
15008,0.003290903
15009,0.018206028
15010,0.14437382
15011,0.55126345
15012,0.024830814
15013,0.0016543689
15014,0.03404009
15015,0.99992764
15016,0.99985814
15017,0.12647143
15018,0.0492185
15019,0.042845447
15020,0.009215067
15021,0.10699018
15022,0.12525569
15023,0.81209046
15024,0.012702702
15025,0.13665679
15026,0.3382248
15027,0.9998344
15028,0.15708219
15029,0.9989219
15030,0.027706735
15031,0.037457723
15032,0.014506709
15033,0.0049030487
15034,0.06098623
15035,0.064907536
15036,0.22100739
15037,0.00066210877
15038,0.0021663455
15039,0.04215442
15040,0.0006711064
15041,0.2832996
15042,0.010283005
15043,0.44862226
15044,0.05964877
15045,0.1709548
15046,0.05911375
15047,0.036729544
15048,1.5656324e-05
15049,0.26044872
15050,0.13749257
15051,0.26853225
15052,0.9999019
15053,0.26245826
15054,0.20697771
15055,0.07616543
15056,0.6519115
15057,0.10192112
15058,0.33428112
15059,0.26581943
15060,0.99952185
15061,0.027663369
15062,0.9965283
15063,0.472361
15064,0.31836605
15065,0.9978713
15066,0.080143265
15067,0.04897256
15068,0.29210445
15069,0.03657581
15070,0.9986273
15071,0.9844357
15072,0.9992393
15073,0.0049041305
15074,0.57123715
15075,0.051787283
15076,0.023100302
15077,0.0011557285
15078,0.18033491
15079,0.005924809
15080,0.81715393
15081,0.23365867
15082,0.12012097
15083,0.29877058
15084,0.010775247
15085,0.0025648263
15086,0.10160178
15087,0.99885964
15088,0.043558165
15089,0.060703643
15090,0.9837678
15091,0.14536183
15092,0.14811255
15093,0.001514935
15094,0.4400235
15095,0.38271242
15096,0.19397709
15097,0.025764778
15098,9.383963e-05
15099,0.039506823
15100,0.40259266
15101,0.41478825
15102,0.19339229
15103,0.33548668
15104,0.001815426
15105,0.04894528
15106,0.20151003
15107,0.043721832
15108,0.09748161
15109,0.072473004
15110,0.022169039
15111,0.89169794
15112,0.051809568
15113,0.9999125
15114,0.7505754
15115,0.00012856552
15116,0.0102465805
15117,0.04040783
15118,0.0017863545
15119,0.17907
15120,0.06912643
15121,0.97789454
15122,0.030616058
15123,0.24106514
15124,0.06684168
15125,0.04376277
15126,0.0007961156
15127,0.08308272
15128,0.6671691
15129,0.00039438554
15130,0.2772067
15131,0.0767362
15132,0.12234644
15133,0.006222183
15134,0.48124066
15135,0.00064449833
15136,0.00093200523
15137,0.99968743
15138,0.024749827
15139,0.5844078
15140,0.04082014
15141,0.035123482
15142,0.9994324
15143,0.010811235
15144,0.04709326
15145,0.14828396
15146,0.0029645716
15147,0.0034903535
15148,0.03285886
15149,0.37711072
15150,0.9999404
15151,0.07280169
15152,0.023159591
15153,0.07047757
15154,0.052076414
15155,0.14072667
15156,0.116829164
15157,0.15357138
15158,0.013007169
15159,0.06799364
15160,0.17524153
15161,0.008829885
15162,0.9997702
15163,0.6058586
15164,0.99993265
15165,0.00019331361
15166,0.16002595
15167,0.017898777
15168,0.111943655
15169,0.007612891
15170,0.0073866127
15171,0.15454972
15172,0.074395694
15173,0.00046215404
15174,0.007141261
15175,0.99896383
15176,0.00031760233
15177,0.16117159
15178,0.99898773
15179,0.07257835
15180,0.03969026
15181,7.716384e-05
15182,0.13704972
15183,0.39698833
15184,0.99971026
15185,0.006201216
15186,0.0027920923
15187,0.015923075
15188,0.9993144
15189,0.067125246
15190,0.6774284
15191,0.99916756
15192,0.15562573
15193,0.2361805
15194,0.007354159
15195,0.13496973
15196,0.0004387167
15197,0.0042038863
15198,0.0060668197
15199,0.047070798
15200,0.00017367028
15201,0.055455126
15202,0.9996401
15203,0.022099972
15204,0.048922434
15205,0.00010011526
15206,0.028879954
15207,0.019481761
15208,0.13628252
15209,0.17409322
15210,0.5885199
15211,0.015842708
15212,0.24821192
15213,0.6211343
15214,0.99253285
15215,0.28259724
15216,0.08125589
15217,0.08115587
15218,0.11387703
15219,0.057559825
15220,0.15466377
15221,0.6956636
15222,0.99916506
15223,0.31716713
15224,0.62109935
15225,0.077931866
15226,0.18210314
15227,0.23382838
15228,0.12216606
15229,0.9965283
15230,0.00015047067
15231,0.27289465
15232,0.9986671
15233,5.3258922e-05
15234,0.9992667
15235,0.11568423
15236,0.15268156
15237,0.020010289
15238,0.15113224
15239,0.43639743
15240,0.61777043
15241,0.9996208
15242,0.16913526
15243,0.084390394
15244,0.73956335
15245,0.6058586
15246,0.15622677
15247,0.44803157
15248,0.27578795
15249,0.15387876
15250,0.017052254
15251,0.9992792
15252,0.9994609
15253,0.9956359
15254,0.49639037
15255,0.99916756
15256,0.9998828
15257,0.002474483
15258,0.022743173
15259,0.9073368
15260,0.097452134
15261,0.99984443
15262,0.07467483
15263,0.09915271
15264,0.29227144
15265,0.020955449
15266,0.021449853
15267,0.095522925
15268,0.070120126
15269,0.26951253
15270,0.021307623
15271,0.52479166
15272,0.0016824515
15273,0.136254
15274,0.02355143
15275,0.0022005215
15276,0.99992836
15277,0.9953957
15278,0.042976864
15279,0.05969679
15280,0.017522523
15281,0.06181277
15282,0.9989279
15283,4.6380625e-05
15284,0.99990034
15285,0.60819745
15286,0.98984677
15287,0.021049557
15288,1.5924315e-05
15289,0.0047812634
15290,0.056853775
15291,0.21174836
15292,0.29483902
15293,0.99947065
15294,0.7203127
15295,0.13242742
15296,0.052790616
15297,0.00052262895
15298,0.4989713
15299,0.015775941
15300,0.9993358
15301,0.18506071
15302,0.09303427
15303,0.00015094432
15304,0.12255161
15305,0.12682647
15306,0.0042213565
15307,0.05731913
15308,0.99995303
15309,0.2007028
15310,0.0061352192
15311,0.013759166
15312,0.13854134
15313,0.07365694
15314,0.10001096
15315,0.76470935
15316,0.0035399627
15317,0.0109469155
15318,0.15423018
15319,0.0039509763
15320,0.004430241
15321,0.0164228
15322,0.008506046
15323,0.021220827
15324,0.11119058
15325,0.2242348
15326,0.044009168
15327,0.0017836527
15328,0.21902151
15329,0.99955064
15330,0.17605941
15331,0.024304718
15332,0.008193062
15333,0.12634884
15334,0.7671639
15335,0.04247986
15336,0.22110973
15337,0.09074957
15338,0.23452389
15339,0.49059734
15340,0.007078399
15341,0.0248061
15342,0.058269076
15343,0.8197138
15344,0.4201377
15345,0.0131466845
15346,0.077649854
15347,0.00872903
15348,0.30692172
15349,0.0033998257
15350,0.9991867
15351,0.05544128
15352,0.270783
15353,0.04731742
15354,0.0253855
15355,0.05721289
15356,0.09066574
15357,0.23878248
15358,0.07543452
15359,0.012707229
15360,0.72300094
15361,0.04838122
15362,0.1652706
15363,0.5372533
15364,0.1612026
15365,0.004688162
15366,0.16263923
15367,0.0005431812
15368,0.21886119
15369,0.00010223793
15370,0.039114352
15371,0.041484453
15372,0.1130028
15373,0.5949399
15374,0.18821889
15375,0.5619567
15376,0.17792371
15377,0.009541217
15378,0.12853105
15379,0.774205
15380,0.1644624
15381,0.12429282
15382,0.9114265
15383,0.013100886
15384,0.009213148
15385,0.543183
15386,0.63722277
15387,0.022106757
15388,0.06649881
15389,0.0042790375
15390,0.015128439
15391,0.53281206
15392,0.53027606
15393,0.0071615037
15394,0.20662272
15395,0.00016382062
15396,0.042153448
15397,0.09831788
15398,0.023034006
15399,0.5551141
15400,0.39241728
15401,0.18889765
15402,0.028798847
15403,0.013927366
15404,0.30142727
15405,0.07721196
15406,0.7100677
15407,0.09479491
15408,0.045917194
15409,0.31344283
15410,0.06256503
15411,0.99919266
15412,0.013631281
15413,0.54090357
15414,0.2125501
15415,0.020700017
15416,0.11294779
15417,0.11407815
15418,0.43182153
15419,0.3507001
15420,0.016077979
15421,0.27192622
15422,0.31551152
15423,0.67732155
15424,0.99888736
15425,0.93881977
15426,0.32470092
15427,0.18229587
15428,0.6904377
15429,0.9995598
15430,0.78898525
15431,0.0033937562
15432,0.015042347
15433,0.041441906
15434,0.24409293
15435,0.45821682
15436,0.3766679
15437,0.14173818
15438,0.26244712
15439,0.05953088
15440,0.006073022
15441,0.2034083
15442,0.0037691253
15443,0.122332506
15444,0.54136413
15445,0.0010981838
15446,0.32998365
15447,0.13230266
15448,0.08217851
15449,0.006457363
15450,0.17588462
15451,0.010616228
15452,0.21611896
15453,0.1250504
15454,0.21623555
15455,0.104265444
15456,0.19851513
15457,0.026027186
15458,0.007267885
15459,0.004538395
15460,0.039186526
15461,0.22057132
15462,0.007087889
15463,0.0062869824
15464,0.46264976
15465,0.98037636
15466,0.055774495
15467,0.01023402
15468,0.10839722
15469,0.31830874
15470,0.9993654
15471,0.2702592
15472,0.5386087
15473,0.121856146
15474,0.1855226
15475,0.15619925
15476,0.014657895
15477,0.051156692
15478,0.00034823158
15479,0.16058704
15480,0.24246502
15481,0.99688256
15482,0.10780223
15483,0.8518124
15484,0.008441387
15485,0.9960278
15486,0.61458725
15487,0.07282878
15488,0.20288068
15489,0.020010289
15490,0.7720044
15491,0.21780404
15492,0.00050569075
15493,0.605169
15494,0.0881842
15495,0.09387478
15496,0.9998673
15497,0.35923424
15498,0.009230984
15499,0.9958515
15500,0.00045093757
15501,0.00014426193
15502,0.7238808
15503,0.00027123556
15504,0.7499582
15505,0.73137516
15506,0.0063791866
15507,0.8662805
15508,0.011475751
15509,0.06455134
15510,0.003424941
15511,0.23836263
15512,0.23678252
15513,0.01746746
15514,0.99912506
15515,0.09412622
15516,0.33333766
15517,0.014536529
15518,0.9986273
15519,0.2708277
15520,0.026649315
15521,0.18985012
15522,0.0032834744
15523,0.051074937
15524,0.99931395
15525,0.999458
15526,0.010525082
15527,0.039581664
15528,0.25659817
15529,0.011530616
15530,0.007181378
15531,0.0003064449
15532,0.00842024
15533,0.23177724
15534,0.007912935
15535,0.09022834
15536,0.5365029
15537,0.12298467
15538,0.0900728
15539,0.05549292
15540,0.044141777
15541,0.075290844
15542,0.052680884
15543,0.0004772084
15544,0.00052933214
15545,0.007058954
15546,0.15053613
15547,0.117428586
15548,0.016627925
15549,0.00033043456
15550,0.055154555
15551,4.1769134e-05
15552,0.11435002
15553,0.011024358
15554,0.5418963
15555,0.08650095
15556,0.9994741
15557,0.107601404
15558,0.4293095
15559,0.0025251831
15560,0.07757982
15561,0.99925786
15562,0.9999404
15563,9.394286e-05
15564,0.00077754084
15565,0.24293253
15566,0.053520795
15567,0.022159364
15568,0.124273434
15569,0.99968743
15570,0.016726052
15571,0.15716733
15572,0.00052593014
15573,0.13813722
15574,0.79368186
15575,0.15325916
15576,0.17690068
15577,0.00032218944
15578,0.9993358
15579,0.0465823
15580,0.99894327
15581,0.098787725
15582,0.23265496
15583,0.80328155
15584,0.99941146
15585,0.0030292375
15586,0.0005437031
15587,8.39584e-05
15588,0.00018592646
15589,0.07736965
15590,0.008323911
15591,0.19183552
15592,0.094825886
15593,0.10221779
15594,0.7722239
15595,0.046245337
15596,0.3376804
15597,0.04867004
15598,0.076544955
15599,0.03813001
15600,0.017846365
15601,0.017251424
15602,0.9989411
15603,0.03144046
15604,0.00034590816
15605,0.065863475
15606,0.027448265
15607,0.63662356
15608,0.00044327
15609,0.42061764
15610,0.006112005
15611,0.0020127315
15612,0.6692048
15613,0.998314
15614,0.4185911
15615,0.14998902
15616,0.99905473
15617,0.47105047
15618,0.017002715
15619,0.82409686
15620,0.07065136
15621,0.21121402
15622,0.6436845
15623,0.5786089
15624,0.10057869
15625,0.023482606
15626,0.005762978
15627,0.123200096
15628,0.9990687
15629,0.99916244
15630,0.020662911
15631,0.0066582314
15632,0.013087404
15633,0.06542832
15634,0.00043173274
15635,0.1704172
15636,0.054272216
15637,0.0017856404
15638,0.3347619
15639,0.10248374
15640,0.4946104
15641,0.0020264082
15642,0.9998828
15643,0.011192049
15644,0.992124
15645,0.00091401517
15646,0.023036368
15647,0.0028894313
15648,0.006436892
15649,0.08922581
15650,0.043236326
15651,0.015806474
15652,0.003040988
15653,0.0667593
15654,0.068711594
15655,0.027751157
15656,0.107613675
15657,0.99963117
15658,0.58218783
15659,0.10543547
15660,0.18064682
15661,0.11397698
15662,0.23838928
15663,0.34387732
15664,0.9994079
15665,0.006005645
15666,0.012908936
15667,0.9988709
15668,0.051572576
15669,0.051233917
15670,0.020544117
15671,0.005385758
15672,0.11202486
15673,0.046632763
15674,0.32375786
15675,0.11068808
15676,0.006248246
15677,0.14227596
15678,0.09032531
15679,0.086896546
15680,0.00034614487
15681,0.9999429
15682,0.00070787506
15683,0.33798903
15684,0.2204235
15685,0.0007976947
15686,0.0021886025
15687,0.05694469
15688,0.9993592
15689,0.21396035
15690,0.010245134
15691,0.20812061
15692,5.882472e-05
15693,0.6824045
15694,0.0050661666
15695,0.37640318
15696,0.34723154
15697,0.47486168
15698,0.9983012
15699,0.08103833
15700,0.99911577
15701,0.79368186
15702,0.13680123
15703,0.024553752
15704,0.008101275
15705,0.05848029
15706,0.6831597
15707,0.17773058
15708,0.76234967
15709,0.07150871
15710,0.10482969
15711,0.113613844
15712,0.043814152
15713,0.7574597
15714,0.14293692
15715,0.14386576
15716,0.22801317
15717,0.06179329
15718,0.05883977
15719,0.9999628
15720,0.13911344
15721,0.38724634
15722,0.9940534
15723,0.19809654
15724,0.99977654
15725,0.11204179
15726,0.5255696
15727,0.024866594
15728,0.0025015955
15729,0.040858634
15730,0.13224204
15731,0.101733744
15732,0.14194837
15733,0.16938357
15734,0.005821863
15735,0.92506504
15736,0.0029114306
15737,0.9999167
15738,0.28043222
15739,0.004718107
15740,0.0018326882
15741,0.9999019
15742,0.017857434
15743,0.9993098
15744,0.008704795
15745,0.9984175
15746,0.9978713
15747,0.019862946
15748,0.0036726347
15749,0.0003567085
15750,0.0708622
15751,0.057509948
15752,0.011499647
15753,0.26614556
15754,0.1434524
15755,0.9994079
15756,0.2980649
15757,0.028989723
15758,0.09088586
15759,0.0260248
15760,0.0017246503
15761,0.77382255
15762,0.13437247
15763,0.36983216
15764,0.14982304
15765,0.009516357
15766,0.15098606
15767,0.9988896
15768,0.09984104
15769,0.00022203666
15770,0.03150889
15771,0.019258935
15772,0.9989479
15773,0.009965564
15774,0.9991416
15775,0.018144825
15776,0.033298653
15777,0.692373
15778,0.00045770934
15779,0.3592828
15780,0.39883253
15781,0.012774399
15782,0.7290302
15783,0.0936021
15784,0.017798694
15785,0.06191331
15786,0.24881262
15787,0.20372452
15788,0.026631363
15789,0.99925774
15790,0.71152127
15791,0.055856727
15792,0.15598866
15793,0.26454628
15794,0.018334726
15795,0.9991991
15796,0.05983363
15797,0.9995598
15798,0.9709716
15799,0.048652533
15800,0.07471079
15801,0.5356796
15802,0.04780311
15803,0.31187004
15804,0.044389926
15805,0.06930742
15806,0.0016793341
15807,0.00067631964
15808,0.99898773
15809,0.16723108
15810,0.0971155
15811,0.6884629
15812,0.18467753
15813,0.078870304
15814,0.1163524
15815,0.11504914
15816,0.019178873
15817,0.99906176
15818,0.0033806055
15819,0.008659564
15820,0.3617003
15821,0.4738058
15822,0.0011541102
15823,0.00016869007
15824,0.45766512
15825,0.9995468
15826,0.10154515
15827,0.9996346
15828,0.27778947
15829,0.000951517
15830,6.9690104e-05
15831,0.00040152945
15832,0.0014666734
15833,0.21505943
15834,0.08370805
15835,0.38416687
15836,0.012287799
15837,0.078915454
15838,0.06492049
15839,0.99920815
15840,0.0005392699
15841,0.99992836
15842,0.010392815
15843,0.00030461038
15844,0.25162333
15845,0.19804238
15846,0.34471077
15847,0.007480053
15848,0.07231162
15849,0.09252832
15850,0.9989279
15851,0.7185847
15852,0.008664629
15853,0.0007223825
15854,0.114584446
15855,0.005790438
15856,0.19952251
15857,0.006959971
15858,0.007879286
15859,0.27482462
15860,0.08393072
15861,0.004187663
15862,0.662817
15863,0.80059457
15864,0.019507963
15865,0.0011415179
15866,0.9988631
15867,0.051439542
15868,0.08079383
15869,0.16544677
15870,0.0015932393
15871,0.8583831
15872,0.06927982
15873,0.037326135
15874,0.13439524
15875,0.039291568
15876,0.03946266
15877,0.46047997
15878,0.02896732
15879,0.030821031
15880,0.2796553
15881,0.09480762
15882,0.10797804
15883,0.07000974
15884,0.050136816
15885,0.2761547
15886,0.0022940703
15887,0.0064712847
15888,0.1841582
15889,0.003082467
15890,0.0052684215
15891,0.16240166
15892,0.27031875
15893,0.00541654
15894,0.9999614
15895,0.06362433
15896,0.076762
15897,0.99914014
15898,0.030145021
15899,0.99950755
15900,0.50804216
15901,0.004652508
15902,0.99404573
15903,0.7739376
15904,0.0037016582
15905,0.0090406
15906,0.9995372
15907,0.004699871
15908,0.042629223
15909,0.57488364
15910,0.009242898
15911,0.9992792
15912,0.9695246
15913,0.56609946
15914,0.9984175
15915,0.21505943
15916,0.04219378
15917,0.0051529575
15918,0.041991845
15919,0.073101774
15920,0.044086523
15921,0.9073368
15922,0.07139526
15923,0.1503741
15924,0.003336252
15925,0.24368456
15926,0.00162436
15927,0.11238509
15928,0.2038683
15929,0.3700428
15930,0.3061967
15931,0.055844303
15932,0.066368684
15933,0.21915898
15934,0.024285937
15935,0.066497624
15936,0.12470509
15937,0.21318777
15938,0.04833753
15939,0.047027126
15940,0.0016045346
15941,0.003402963
15942,0.00010614346
15943,0.00043085578
15944,0.9995396
15945,0.016499864
15946,0.99989355
15947,0.9990195
15948,0.02785765
15949,0.004671417
15950,0.395852
15951,0.072951384
15952,0.014609312
15953,0.17369287
15954,0.9991416
15955,0.48998198
15956,0.013160531
15957,0.5151764
15958,0.0058009257
15959,0.22057132
15960,0.11230545
15961,0.107236445
15962,0.18524365
15963,0.0046559186
15964,0.15005505
15965,0.16095203
15966,0.09962672
15967,0.0040886677
15968,0.122822404
15969,0.9339711
15970,0.9990127
15971,0.0023647298
15972,0.9994605
15973,0.042314425
15974,0.103981875
15975,0.18713586
15976,0.0038258939
15977,0.99921644
15978,0.52057266
15979,0.5342478
15980,0.25322467
15981,0.01399199
15982,0.553558
15983,0.60100245
15984,0.99946874
15985,0.27740753
15986,0.0022084876
15987,0.22566925
15988,0.6796874
15989,0.13915831
15990,0.07529151
15991,0.30794346
15992,0.98946136
15993,0.1960335
15994,0.065359086
15995,0.0001801355
15996,0.08058037
15997,0.9977229
15998,0.99916124
15999,0.13306722
16000,0.05311559
16001,0.6671691
16002,0.05737647
16003,0.21917057
16004,0.015866738
16005,0.061477818
16006,0.031933136
16007,0.99846894
16008,0.017524576
16009,0.0069454424
16010,0.02260854
16011,0.17362908
16012,0.00043225798
16013,0.14347313
16014,0.9996346
16015,0.029411465
16016,0.07503776
16017,0.028382847
16018,0.0125036575
16019,0.003383521
16020,0.76593
16021,0.6341338
16022,0.04925234
16023,0.011125984
16024,0.7282191
16025,0.05189713
16026,0.00071159645
16027,0.9995029
16028,0.9977229
16029,0.05500157
16030,0.063168906
16031,0.0005858548
16032,0.9269494
16033,0.023761744
16034,0.61997586
16035,0.9993592
16036,0.026616817
16037,0.9994079
16038,0.0018326882
16039,0.09378411
16040,0.09623032
16041,0.20597407
16042,0.1962108
16043,0.025542032
16044,0.12936112
16045,0.06754627
16046,0.99921215
16047,0.00322127
16048,0.16156615
16049,0.5936538
16050,0.99952924
16051,0.12637828
16052,0.7745809
16053,0.9999244
16054,0.027012108
16055,0.20288417
16056,0.12905556
16057,0.023699487
16058,0.27963778
16059,0.42490265
16060,0.23261707
16061,0.010791901
16062,0.3910678
16063,0.0048724273
16064,0.11260418
16065,0.2642709
16066,0.24345163
16067,0.032754138
16068,0.08083258
16069,0.10233344
16070,0.021964693
16071,0.03183717
16072,0.9989567
16073,0.9995012
16074,0.99947685
16075,0.69876206
16076,0.09859439
16077,0.011216153
16078,0.6511656
16079,0.49651188
16080,0.99989426
16081,0.03649676
16082,0.2981038
16083,0.0071629984
16084,0.63931745
16085,0.03992258
16086,0.0004311888
16087,0.00030683255
16088,0.25323766
16089,0.26167026
16090,0.1760963
16091,0.0025050582
16092,0.16128282
16093,0.97143966
16094,0.9991702
16095,0.16364782
16096,0.05966932
16097,0.011313274
16098,0.9992754
16099,0.07573955
16100,0.2691112
16101,0.016541608
16102,0.45926824
16103,0.06877686
16104,0.00036373828
16105,0.1751971
16106,0.2809005
16107,0.3269051
16108,0.023369448
16109,0.09080105
16110,0.9975908
16111,0.1543464
16112,0.014032414
16113,0.11949159
16114,0.99920815
16115,0.00089196983
16116,0.9378008
16117,0.023265095
16118,0.00021830635
16119,0.0058118897
16120,0.010285378
16121,0.0010660255
16122,0.0020513574
16123,0.04857264
16124,0.61637324
16125,0.21436886
16126,0.00064256793
16127,0.22254643
16128,0.00041688932
16129,0.0062489775
16130,0.30552283
16131,0.002398032
16132,0.034360714
16133,0.04110737
16134,0.03738353
16135,0.036334693
16136,0.33984017
16137,0.00093855726
16138,0.0073023355
16139,0.021876965
16140,0.7221533
16141,0.008811959
16142,0.029042669
16143,0.018400079
16144,0.00068357855
16145,0.99935883
16146,0.03985068
16147,0.039424233
16148,0.88527
16149,0.08606082
16150,0.15255247
16151,0.5938594
16152,0.12050528
16153,0.048097342
16154,0.016627925
16155,0.02817129
16156,0.5099805
16157,0.0001229063
16158,0.015518918
16159,0.67057973
16160,0.19530454
16161,0.1409558
16162,0.9990447
16163,7.267968e-05
16164,0.00036845807
16165,0.015033299
16166,0.99903095
16167,0.0017236859
16168,0.014280163
16169,0.3544751
16170,0.11191216
16171,0.00030855185
16172,0.9952127
16173,0.05876279
16174,0.026950773
16175,0.1333711
16176,0.0026114525
16177,0.005886697
16178,0.028405307
16179,0.114414446
16180,0.11327357
16181,0.0012938331
16182,0.09013876
16183,0.5518636
16184,0.045053296
16185,0.020851914
16186,0.021309413
16187,0.02045882
16188,0.015130401
16189,0.06997299
16190,0.4701178
16191,0.0001493933
16192,0.45366997
16193,0.006385991
16194,0.002691522
16195,0.10770346
16196,0.009292986
16197,0.24652588
16198,0.9988896
16199,0.050682258
16200,0.546043
16201,0.22650933
16202,0.015183401
16203,0.122865476
16204,0.75370055
16205,0.19517055
16206,0.027236108
16207,0.07595853
16208,0.23983017
16209,0.10575876
16210,0.26240212
16211,0.20675333
16212,0.042598147
16213,0.015848156
16214,0.044227343
16215,0.11831837
16216,0.0028789297
16217,0.77289164
16218,4.2479547e-05
16219,0.03437361
16220,0.08439887
16221,0.003476388
16222,0.59070265
16223,0.0052804197
16224,0.16054817
16225,0.013152162
16226,0.054813255
16227,0.090361446
16228,0.0903832
16229,0.07632508
16230,0.030300606
16231,0.99937564
16232,0.055217877
16233,0.19076681
16234,0.12956741
16235,0.43202287
16236,0.9991725
16237,0.99912506
16238,0.9987882
16239,0.9993874
16240,0.9999331
16241,0.063480705
16242,0.00013385761
16243,0.09676067
16244,0.005960071
16245,0.036600415
16246,0.024050465
16247,0.052726652
16248,0.19225791
16249,0.08330494
16250,0.25390062
16251,0.08654088
16252,0.16161545
16253,0.00031988235
16254,0.02050402
16255,0.0023295782
16256,0.009364233
16257,0.14807819
16258,0.17460994
16259,0.01673418
16260,0.00013328523
16261,0.07883125
16262,0.011208747
16263,0.14427328
16264,0.102167845
16265,0.04405863
16266,0.027951252
16267,0.069704846
16268,0.29620758
16269,0.037161592
16270,0.03070715
16271,0.99898535
16272,0.050275754
16273,0.6196021
16274,0.0057996167
16275,0.080495305
16276,0.4959607
16277,0.012075302
16278,0.04965968
16279,0.0835672
16280,0.42777857
16281,0.03436796
16282,0.007415797
16283,0.016356431
16284,0.12909786
16285,0.15498418
16286,0.21956769
16287,0.08701025
16288,0.05158718
16289,0.00035269305
16290,0.03736533
16291,0.13869312
16292,0.99702966
16293,0.07567867
16294,0.2863226
16295,0.0808751
16296,0.7404319
16297,0.69699246
16298,0.49963513
16299,0.9988896
16300,0.062382754
16301,0.78280187
16302,0.04206508
16303,0.62568176
16304,0.014316452
16305,0.0003393503
16306,0.9991867
16307,0.9986903
16308,0.2018798
16309,0.24706022
16310,0.007853518
16311,0.56947446
16312,0.2146602
16313,0.12976706
16314,0.99899906
16315,0.0011775364
16316,0.00022053633
16317,0.99944025
16318,0.4124346
16319,0.0015436853
16320,0.004166903
16321,0.9993772
16322,0.23843923
16323,0.82237864
16324,0.81426466
16325,0.047708742
16326,0.1996135
16327,0.010972434
16328,0.9998667
16329,0.08529883
16330,0.34506762
16331,0.99921834
16332,0.035312325
16333,0.902109
16334,0.009607865
16335,0.16942824
16336,0.008465428
16337,0.9998325
16338,0.00012909436
16339,0.00027894697
16340,0.5733728
16341,0.9982943
16342,0.28136054
16343,0.051171802
16344,0.012159226
16345,0.0620817
16346,0.00033542814
16347,0.14857611
16348,0.03426206
16349,0.009854573
16350,0.27659875
16351,0.0025738936
16352,0.008061027
16353,0.7682599
16354,0.040029094
16355,0.24362743
16356,0.11753992
16357,0.65036744
16358,0.1383767
16359,0.10733459
16360,0.08370381
16361,0.0155596575
16362,0.04984964
16363,0.0010947228
16364,0.05253067
16365,0.011866678
16366,0.33831215
16367,0.004732754
16368,0.14937335
16369,0.9993455
16370,0.9990121
16371,0.32723248
16372,0.999597
16373,0.09643977
16374,0.0075345007
16375,0.019564472
16376,0.024852475
16377,0.47431222
16378,0.25129738
16379,0.99977654
16380,0.99925214
16381,0.21296628
16382,0.47142747
16383,0.0005015894
16384,0.04701128
16385,0.021522416
16386,0.9990195
16387,0.99484754
16388,0.99899906
16389,0.15790638
16390,0.41304192
16391,0.9991991
16392,0.0003779349
16393,0.04484293
16394,0.21071656
16395,0.2375638
16396,0.043230947
16397,0.0052326773
16398,0.6590099
16399,0.04963099
16400,0.0060512777
16401,0.0187906
16402,0.03280016
16403,0.13153912
16404,0.01996689
16405,0.27591246
16406,0.41764107
16407,0.11666798
16408,0.32551274
16409,0.6129455
16410,0.015910415
16411,0.23660034
16412,0.0060613044
16413,0.011499647
16414,0.04627116
16415,0.1684151
16416,0.9927698
16417,0.036437433
16418,0.9994741
16419,0.6511858
16420,0.0069302977
16421,0.056394767
16422,0.43502817
16423,0.07864508
16424,0.012503799
16425,0.022882814
16426,0.06558704
16427,0.045989268
16428,0.03521415
16429,0.047247976
16430,0.0038180323
16431,0.0001900964
16432,0.21089058
16433,0.2588238
16434,0.017235896
16435,0.00044683684
16436,0.5951238
16437,0.26002887
16438,0.15464057
16439,0.06343534
16440,0.052248538
16441,0.7794804
16442,0.06114911
16443,0.11096919
16444,0.0026035828
16445,0.58743256
16446,0.3527548
16447,0.26391596
16448,0.0022944675
16449,0.09874937
16450,0.00073031924
16451,0.31472176
16452,0.99886477
16453,0.5548542
16454,0.010047786
16455,0.0059835254
16456,0.29862082
16457,0.90032375
16458,0.9991554
16459,0.47263673
16460,0.009427215
16461,0.00079484633
16462,0.00028238224
16463,0.7920395
16464,0.04153203
16465,0.21933492
16466,0.5388494
16467,0.1765115
16468,0.37314883
16469,0.010800268
16470,0.038741887
16471,0.50386477
16472,0.0017973002
16473,0.00085561076
16474,0.66752267
16475,0.5950956
16476,0.010327451
16477,0.0050341785
16478,0.015393111
16479,0.10019591
16480,0.020492172
16481,0.0060900617
16482,0.40883312
16483,0.040439896
16484,0.10154515
16485,0.06167537
16486,0.12821342
16487,0.12246359
16488,0.0860946
16489,0.9998828
16490,0.03131317
16491,0.0334728
16492,0.044558614
16493,0.9989567
16494,0.0019468071
16495,0.10595186
16496,0.018091364
16497,0.19469388
16498,0.18698744
16499,0.99896336
16500,0.98800594
16501,0.00057809666
16502,0.059602335
16503,0.02485397
16504,0.93388873
16505,0.087136686
16506,0.9983012
16507,0.077657826
16508,0.07676837
16509,0.9936069
16510,0.052505422
16511,0.00056914793
16512,0.0036727253
16513,0.15806891
16514,0.10495703
16515,0.99987483
16516,0.08193528
16517,0.2817092
16518,0.00039709767
16519,0.003595864
16520,0.07327336
16521,0.01844544
16522,0.042624
16523,0.0015257748
16524,0.9927698
16525,3.8260114e-05
16526,0.015532648
16527,0.18714611
16528,0.0293197
16529,0.006020816
16530,0.06348368
16531,0.06397354
16532,0.17392506
16533,0.00024713294
16534,0.06814118
16535,0.002495442
16536,0.04400615
16537,0.31150097
16538,0.0011541102
16539,0.26576814
16540,0.052333526
16541,0.0030494714
16542,0.07618451
16543,0.9995975
16544,0.032143515
16545,0.107274145
16546,0.04094598
16547,0.0050720754
16548,0.11231259
16549,0.066384405
16550,0.0011415179
16551,0.22057132
16552,0.00010852745
16553,0.03125912
16554,0.11303727
16555,0.11454559
16556,0.16979124
16557,0.9990326
16558,0.00017739162
16559,0.16308054
16560,0.008955115
16561,0.04477656
16562,0.6166941
16563,0.2108327
16564,0.9986319
16565,0.0027958278
16566,0.36700538
16567,0.8305126
16568,0.23341838
16569,0.00059099623
16570,0.63274163
16571,0.010802264
16572,0.13053323
16573,0.1212427
16574,0.20449236
16575,0.0147209205
16576,0.06399215
16577,0.63697374
16578,0.0061206925
16579,0.27009597
16580,0.0018979007
16581,0.08295389
16582,0.0015921694
16583,0.042457815
16584,0.0018661425
16585,0.09866702
16586,0.0042849923
16587,0.99989426
16588,0.008221835
16589,0.99939907
16590,0.16302013
16591,0.99992204
16592,0.03220311
16593,0.006222678
16594,0.0066376063
16595,0.016627925
16596,4.107002e-05
16597,0.041953027
16598,0.9992792
16599,0.58998704
16600,0.054885197
16601,0.0004843144
16602,0.00342225
16603,0.07545076
16604,0.083584584
16605,0.63570565
16606,0.13324538
16607,0.59467053
16608,0.33711278
16609,0.99921215
16610,0.0004612663
16611,4.9316244e-05
16612,0.6205328
16613,0.13752079
16614,0.006149057
16615,0.27227545
16616,0.20633055
16617,0.0622317
16618,0.02028633
16619,0.0027564478
16620,0.3699805
16621,0.99941146
16622,0.5128282
16623,0.007549874
16624,0.048225284
16625,0.99934846
16626,0.075608686
16627,0.0139801605
16628,0.06955562
16629,0.021388805
16630,0.07797484
16631,0.0070780367
16632,0.18326685
16633,0.034297522
16634,0.026393905
16635,0.9090647
16636,0.12924494
16637,0.31044507
16638,0.007903589
16639,0.32067692
16640,0.67547643
16641,0.015772447
16642,0.20596564
16643,0.29015288
16644,0.12911955
16645,0.52826947
16646,0.2492581
16647,0.013595937
16648,0.3632199
16649,0.0050415974
16650,0.18026213
16651,0.00013979088
16652,0.623492
16653,0.10048303
16654,0.29169384
16655,0.038066965
16656,0.007275179
16657,0.0131443655
16658,0.34058183
16659,0.014564403
16660,0.3098077
16661,0.19843055
16662,0.052440792
16663,0.23725559
16664,0.15991986
16665,0.21956769
16666,0.08554842
16667,0.014785019
16668,0.012281058
16669,0.00027167008
16670,0.38871557
16671,0.24559541
16672,0.004833739
16673,0.049231295
16674,0.077970885
16675,0.05457387
16676,0.038121235
16677,0.5251639
16678,0.010258789
16679,0.9994648
16680,0.99949753
16681,0.20843607
16682,0.9994087
16683,0.45402718
16684,0.050548647
16685,0.12856728
16686,0.10784191
16687,0.0443635
16688,0.05466284
16689,0.23960075
16690,0.0076536024
16691,0.37575817
16692,0.0005382285
16693,0.116910316
16694,0.006215396
16695,0.1263969
16696,0.00781058
16697,0.948495
16698,0.0991136
16699,0.09415824
16700,0.13922764
16701,0.00030283365
16702,0.108635336
16703,0.037924383
16704,0.9994036
16705,0.35594463
16706,0.1927496
16707,0.0408112
16708,0.11807783
16709,0.003024683
16710,0.99896336
16711,0.66423833
16712,0.25930685
16713,0.34574798
16714,0.15960068
16715,0.006479534
16716,0.9987696
16717,0.1766364
16718,0.84684503
16719,0.12588687
16720,0.6394144
16721,0.5742931
16722,0.2666709
16723,0.032908842
16724,0.015600064
16725,0.6019718
16726,0.9996401
16727,0.00014628963
16728,0.13041204
16729,0.0014672931
16730,0.011214049
16731,0.00029363364
16732,0.059023656
16733,0.97789454
16734,0.0006913913
16735,0.0047697756
16736,0.32048538
16737,0.01139142
16738,0.99947685
16739,0.1607939
16740,0.001697614
16741,0.6235465
16742,0.99961144
16743,0.121154025
16744,0.043977544
16745,0.99906737
16746,0.06738664
16747,0.9986663
16748,0.14108695
16749,0.36538634
16750,0.82237864
16751,0.074059404
16752,0.09584536
16753,0.060360927
16754,0.06223966
16755,0.014912688
16756,0.8029109
16757,0.70425135
16758,0.068570755
16759,0.51116574
16760,0.019679582
16761,0.0017931935
16762,0.9158339
16763,0.12318994
16764,0.007516541
16765,0.0029304244
16766,0.001130675
16767,0.120494954
16768,0.21943209
16769,0.9999125
16770,0.24804735
16771,0.9998147
16772,0.0063611893
16773,0.4776914
16774,0.17426747
16775,0.33754903
16776,0.0074309753
16777,0.022409296
16778,0.13298737
16779,0.5551141
16780,0.0032563414
16781,0.45617825
16782,0.16043954
16783,0.34831437
16784,0.012067626
16785,0.5551141
16786,0.13117738
16787,0.063325755
16788,0.07350211
16789,0.04375745
16790,0.99996364
16791,0.0020415413
16792,0.07991611
16793,0.0015165443
16794,0.055016495
16795,0.9991265
16796,0.99947685
16797,0.21262385
16798,0.009425029
16799,0.99890816
16800,0.8856221
16801,0.2022315
16802,0.14389347
16803,0.9991697
16804,0.9994605
16805,0.03373368
16806,0.032262783
16807,0.104627214
16808,0.04773738
16809,0.42147812
16810,0.15136148
16811,0.0004546762
16812,0.44158146
16813,0.088134155
16814,0.020900236
16815,0.9994337
16816,0.09771121
16817,0.0006967437
16818,0.0025016824
16819,0.76918405
16820,0.0010020325
16821,0.083711125
16822,0.049701963
16823,0.009878092
16824,0.03699989
16825,0.21479669
16826,0.0003021588
16827,0.5551141
16828,0.9995301
16829,0.6627547
16830,0.05943655
16831,0.044710197
16832,0.10159012
16833,0.102514856
16834,0.9993772
16835,0.05889481
16836,0.5770659
16837,0.27131262
16838,0.00880742
16839,0.22001274
16840,0.01689972
16841,0.024190659
16842,0.012337263
16843,0.00349173
16844,0.18815614
16845,0.13823004
16846,0.14154507
16847,0.17851627
16848,0.9992022
16849,0.9989279
16850,0.9993031
16851,0.8678251
16852,0.00427972
16853,0.9989618
16854,0.008148703
16855,0.20667082
16856,0.04691222
16857,0.23245935
16858,0.07637214
16859,0.00075328
16860,0.015168228
16861,0.008337876
16862,0.0008332609
16863,0.051628817
16864,0.002818789
16865,0.016895782
16866,0.076767795
16867,0.14740458
16868,0.10109149
16869,0.7443756
16870,0.02690877
16871,0.99915063
16872,0.004664558
16873,0.0071615037
16874,0.13221984
16875,6.933275e-05
16876,0.986145
16877,0.9994326
16878,0.06999131
16879,0.13575879
16880,0.190304
16881,0.001004589
16882,0.002376971
16883,0.09278417
16884,0.006715692
16885,0.9999429
16886,0.043721832
16887,0.011234308
16888,0.13276614
16889,0.1643949
16890,0.013650458
16891,0.7395261
16892,0.047350425
16893,0.34388804
16894,0.99404573
16895,0.08980803
16896,0.8184262
16897,0.6101973
16898,0.18436885
16899,0.33333766
16900,0.086232826
16901,0.77677697
16902,0.0028479563
16903,0.0013499755
16904,0.09578015
16905,0.43814763
16906,0.9786163
16907,0.733827
16908,0.9992667
16909,0.53685856
16910,0.06304875
16911,0.029932315
16912,7.0223396e-05
16913,0.73772204
16914,0.99905974
16915,0.1100264
16916,0.004077435
16917,0.09115786
16918,0.04637167
16919,0.14501731
16920,0.123463295
16921,0.5819038
16922,0.0010245723
16923,0.010554243
16924,0.24051668
16925,0.76236063
16926,0.03169228
16927,0.22677743
16928,0.25184217
16929,0.06432291
16930,0.029491518
16931,0.0009737567
16932,0.20900817
16933,0.00024566957
16934,0.051974423
16935,0.9998472
16936,0.012153385
16937,0.082276806
16938,0.007923737
16939,0.017558431
16940,0.15003493
16941,0.11878571
16942,0.99961144
16943,0.024480445
16944,0.36434755
16945,0.005406913
16946,0.99881905
16947,0.26080415
16948,0.99897194
16949,0.028289787
16950,0.024743566
16951,0.0039989576
16952,0.49213868
16953,0.9840135
16954,0.016715726
16955,0.18818699
16956,0.099168345
16957,0.01777268
16958,0.04560053
16959,0.0016321633
16960,0.99979657
16961,0.20742169
16962,0.046781126
16963,0.5895878
16964,0.0075732265
16965,0.0089265155
16966,0.010724179
16967,0.050573334
16968,0.28983253
16969,0.011130559
16970,0.67855746
16971,0.122442126
16972,0.0050415974
16973,0.9995975
16974,0.0048815124
16975,0.25217724
16976,0.006876756
16977,0.9988709
16978,0.0015618013
16979,0.0017377009
16980,0.9990188
16981,0.9994941
16982,0.06258081
16983,0.9996346
16984,0.15962079
16985,0.17527252
16986,0.00037605292
16987,0.99484754
16988,0.10186779
16989,0.67331547
16990,0.015442464
16991,0.0219248
16992,0.551621
16993,0.11478308
16994,0.34284475
16995,0.02874943
16996,0.12560163
16997,0.09276537
16998,0.88120204
16999,0.9990326
17000,0.00045809278
17001,3.1854757e-05
17002,0.23315184
17003,0.62256825
17004,0.2789586
17005,0.44168365
17006,0.034947317
17007,0.9998466
17008,0.03327931
17009,0.039946165
17010,0.17016134
17011,0.2169075
17012,0.00020388933
17013,0.11838682
17014,0.21956769
17015,0.17422852
17016,0.7692327
17017,0.08693478
17018,0.016455065
17019,0.02530332
17020,0.019402973
17021,0.0012006962
17022,0.63572425
17023,0.010376473
17024,0.9986671
17025,0.044466883
17026,0.9991399
17027,0.0024136684
17028,0.011208747
17029,0.080659375
17030,0.0003808527
17031,0.3472862
17032,0.1633891
17033,0.03658192
17034,0.004279145
17035,0.026623642
17036,0.12847373
17037,0.0042342786
17038,0.99954706
17039,0.14141545
17040,0.12168512
17041,0.2775716
17042,0.0032855833
17043,0.54195666
17044,0.11858984
17045,0.062021255
17046,0.05278123
17047,0.0019083122
17048,0.06302782
17049,0.99993575
17050,0.0029138057
17051,0.003094053
17052,0.109708056
17053,0.12152979
17054,0.007013373
17055,0.2216117
17056,0.30626658
17057,0.9998847
17058,0.08838825
17059,0.06531318
17060,0.16066782
17061,0.9986273
17062,0.09048376
17063,0.13817799
17064,0.060046148
17065,0.13113293
17066,0.08173233
17067,0.15804173
17068,0.004534939
17069,0.05031
17070,0.041899454
17071,0.560066
17072,0.08764405
17073,0.9996346
17074,0.9222355
17075,0.0038515069
17076,0.06814159
17077,0.0006675571
17078,0.47429624
17079,0.11619783
17080,0.24738273
17081,0.043847024
17082,0.58444786
17083,0.004067751
17084,0.000873143
17085,0.2913203
17086,0.99986947
17087,0.007423161
17088,0.12945
17089,0.02885791
17090,0.99940383
17091,0.99943334
17092,0.0013606878
17093,0.9990447
17094,0.21056026
17095,0.00948707
17096,0.9988194
17097,0.01392442
17098,0.49204388
17099,0.050029434
17100,0.031313326
17101,0.059635
17102,0.085890286
17103,0.61244214
17104,0.047603823
17105,0.09975474
17106,0.0001989142
17107,0.12241021
17108,0.00017646814
17109,0.06777218
17110,0.08493358
17111,0.089382075
17112,0.9992539
17113,0.0004459549
17114,0.3058018
17115,0.03922779
17116,0.986173
17117,0.09562658
17118,0.057176247
17119,0.20031384
17120,0.016743401
17121,0.20492007
17122,0.9995975
17123,0.05253727
17124,0.0597708
17125,0.14819409
17126,0.9952519
17127,0.27465093
17128,0.010601689
17129,0.23300897
17130,0.07752773
17131,0.00058564544
17132,0.16047664
17133,0.0020984246
17134,0.30157316
17135,0.99989426
17136,0.11241477
17137,0.9996258
17138,0.16337907
17139,0.47600234
17140,0.084676534
17141,0.057986647
17142,0.37257093
17143,0.016380275
17144,0.027977115
17145,0.2015731
17146,0.121378414
17147,0.0036726068
17148,0.00017256234
17149,0.08234528
17150,0.013190563
17151,0.37789193
17152,0.007868245
17153,0.9994648
17154,0.99945134
17155,0.99990153
17156,0.09009387
17157,0.9994036
17158,0.3746653
17159,0.99901056
17160,0.57943183
17161,0.002115937
17162,0.05348362
17163,0.052357145
17164,0.12255452
17165,0.15487002
17166,0.23578337
17167,0.9993709
17168,0.0385032
17169,0.9999019
17170,0.07676168
17171,0.060967974
17172,0.9995819
17173,0.013345902
17174,0.06214056
17175,0.9999019
17176,0.9991654
17177,0.20187117
17178,0.99484754
17179,0.22935009
17180,0.0009006569
17181,0.82237864
17182,0.33333766
17183,0.1471066
17184,0.0042959903
17185,0.13207766
17186,0.030008906
17187,0.00013956446
17188,0.003121903
17189,0.5111197
17190,0.2502632
17191,0.4383501
17192,0.9999038
17193,0.08124165
17194,0.09619858
17195,0.15431452
17196,0.011245583
17197,0.008542137
17198,0.17598093
17199,0.008127461
17200,0.037876587
17201,0.0009251209
17202,0.8924433
17203,0.16576205
17204,0.65762854
17205,0.046536602
17206,0.02138001
17207,0.37757763
17208,0.9996208
17209,0.3325562
17210,0.01983293
17211,0.023809008
17212,0.06191331
17213,0.034803085
17214,0.099586
17215,0.6032173
17216,0.0372103
17217,0.084362455
17218,0.059989236
17219,0.19402725
17220,0.0039016106
17221,0.63197184
17222,0.116020344
17223,0.003924685
17224,0.33909708
17225,0.0201094
17226,0.03985068
17227,0.06323981
17228,0.021338008
17229,0.0007420912
17230,0.0047946097
17231,0.37298572
17232,0.031733535
17233,0.16563097
17234,0.12959053
17235,0.16162989
17236,0.08770931
17237,0.089661196
17238,0.04258543
17239,0.99898535
17240,0.0022809282
17241,0.07916361
17242,0.99890816
17243,0.49437416
17244,0.0069208588
17245,0.07880411
17246,0.03068302
17247,0.20732993
17248,0.063038014
17249,0.9990662
17250,0.013788691
17251,0.5885199
17252,0.0052068434
17253,0.6982321
17254,0.17188637
17255,0.088420495
17256,0.35222632
17257,0.00033030068
17258,0.010034391
17259,0.9995516
17260,0.13409781
17261,0.99945813
17262,0.094140954
17263,0.043729756
17264,0.006341421
17265,0.020747196
17266,0.9836209
17267,0.70425135
17268,0.034670133
17269,0.99995744
17270,0.0017973002
17271,0.016663438
17272,5.6776844e-05
17273,0.00032828836
17274,0.003576445
17275,0.5325061
17276,0.99941146
17277,0.76708025
17278,0.06415638
17279,0.18657714
17280,0.9974668
17281,0.04145264
17282,0.99947816
17283,0.2205401
17284,0.027694777
17285,0.016812542
17286,0.046027157
17287,0.99916756
17288,0.0015219026
17289,0.99931324
17290,0.27006647
17291,0.0062765493
17292,0.2996753
17293,0.08754066
17294,0.005886697
17295,0.9999466
17296,0.00351688
17297,0.016074637
17298,0.05038537
17299,0.99945134
17300,0.47000492
17301,0.9992386
17302,0.99885225
17303,0.015806688
17304,0.007059211
17305,0.8296836
17306,0.3978832
17307,0.07291104
17308,0.028325262
17309,0.074274704
17310,0.9988186
17311,0.11707756
17312,0.04410842
17313,0.04683392
17314,0.06934809
17315,0.0038736465
17316,0.999418
17317,0.4977333
17318,0.99906176
17319,0.09485587
17320,0.9978021
17321,0.8130229
17322,0.09587398
17323,0.00016931063
17324,0.02251972
17325,0.087057725
17326,0.009230984
17327,0.018880302
17328,0.2835488
17329,0.078632586
17330,0.12772703
17331,0.65150285
17332,0.09713258
17333,0.0054360437
17334,0.0022206933
17335,0.016786765
17336,0.003998538
17337,0.99963117
17338,0.010029305
17339,0.84770226
17340,0.01974858
17341,0.041444995
17342,0.13242708
17343,0.0003244832
17344,0.0009703518
17345,0.09525466
17346,0.9979101
17347,0.09568022
17348,0.07924277
17349,0.0019642324
17350,9.190218e-05
17351,0.07795171
17352,0.09855109
17353,0.0062736114
17354,0.04212959
17355,0.99933654
17356,0.0013815883
17357,0.9995055
17358,0.00038667265
17359,0.6569623
17360,0.22659385
17361,0.013134615
17362,0.9992673
17363,0.9942794
17364,0.109429605
17365,0.007480053
17366,0.36403188
17367,0.22454406
17368,0.9999553
17369,0.3050986
17370,0.20918876
17371,0.13950726
17372,0.00018868732
17373,0.9994475
17374,0.15110496
17375,0.9993032
17376,0.7009096
17377,0.04063185
17378,0.9993381
17379,0.99901617
17380,0.99930274
17381,0.9999038
17382,0.130201
17383,0.47882193
17384,0.59330535
17385,0.009113658
17386,0.8254803
17387,0.0009208872
17388,0.5781321
17389,0.00010740567
17390,0.016027065
17391,0.011588712
17392,0.75121236
17393,0.10151152
17394,0.99914014
17395,0.020966697
17396,0.00019994198
17397,0.5985795
17398,0.027170883
17399,0.27902475
17400,0.0060000285
17401,0.035452284
17402,0.14069062
17403,0.08500602
17404,0.15693353
17405,0.9993191
17406,0.09249468
17407,0.4516954
17408,0.002629566
17409,0.1031771
17410,0.0007472923
17411,0.09794362
17412,0.019156542
17413,0.011420153
17414,0.015393111
17415,0.11603651
17416,0.0060235905
17417,0.00026492297
17418,0.9994036
17419,0.49681583
17420,0.99484754
17421,0.059166063
17422,0.0005474722
17423,0.2337541
17424,0.072461076
17425,0.011853467
17426,0.032300036
17427,0.00034064474
17428,0.5013653
17429,0.020539382
17430,0.00018205422
17431,0.022436492
17432,0.06712483
17433,0.007298628
17434,0.042576253
17435,0.09060303
17436,0.026225097
17437,0.12890007
17438,0.08184476
17439,0.9988631
17440,0.9995802
17441,0.003114351
17442,0.008860444
17443,0.36847296
17444,0.04200734
17445,0.06934809
17446,0.016935209
17447,0.000114644616
17448,0.007087507
17449,0.10197098
17450,0.0599199
17451,0.0111065
17452,0.012614765
17453,0.99934846
17454,0.0020232669
17455,0.12509227
17456,0.033956345
17457,0.08556661
17458,0.011287009
17459,0.12918195
17460,0.24557327
17461,0.011174116
17462,0.2348252
17463,0.22042972
17464,0.3149643
17465,0.008368934
17466,0.99916506
17467,0.34677696
17468,0.00024683858
17469,0.122691125
17470,0.016642136
17471,0.14474979
17472,0.11852748
17473,0.0075311465
17474,0.05713937
17475,0.10556959
17476,0.03690726
17477,0.9999143
17478,0.0039068917
17479,0.0032926572
17480,0.070215836
17481,0.004657141
17482,0.03776669
17483,0.9999244
17484,0.053432807
17485,0.13714468
17486,0.273196
17487,0.016234681
17488,0.06499212
17489,0.35023397
17490,0.14128222
17491,0.0004415866
17492,0.99899906
17493,0.20780934
17494,0.18071327
17495,0.9998466
17496,0.016044768
17497,0.018003391
17498,0.986173
17499,0.0067079253
17500,0.99985814
17501,0.99984443
17502,0.02887471
17503,0.035738137
17504,0.12962306
17505,0.08135958
17506,0.020732583
17507,0.013070201
17508,0.020391872
17509,0.38416687
17510,0.0712537
17511,0.015790295
17512,0.99953175
17513,0.21324725
17514,0.07149182
17515,0.9982285
17516,0.18114813
17517,0.02420542
17518,0.0017236859
17519,0.0768528
17520,0.28599265
17521,0.08899463
17522,0.10128974
17523,0.051035397
17524,0.9998673
17525,0.008542061
17526,0.17074518
17527,0.054420903
17528,0.017994605
17529,0.006959174
17530,0.27927774
17531,0.0019927856
17532,0.03825647
17533,0.065454565
17534,0.08058037
17535,0.0002807493
17536,0.00027059912
17537,0.073916435
17538,0.080050536
17539,0.06759429
17540,0.13885547
17541,0.9992538
17542,0.00038395723
17543,0.53000796
17544,0.024179354
17545,0.00021587634
17546,0.06790765
17547,0.83941406
17548,0.14917962
17549,0.033897378
17550,0.00019756668
17551,0.16938357
17552,0.008884618
17553,0.6055316
17554,0.0793987
17555,0.011281344
17556,0.010280283
17557,0.12336069
17558,0.00023080956
17559,0.0011207476
17560,0.0017880788
17561,0.0063325455
17562,0.014912352
17563,0.010920184
17564,0.066397525
17565,0.0041710385
17566,0.0038873097
17567,0.7875764
17568,0.4277457
17569,0.01757513
17570,0.19519041
17571,0.059052035
17572,0.08046777
17573,0.27963394
17574,0.8513709
17575,0.8197594
17576,0.5347269
17577,0.017788995
17578,0.99988043
17579,0.5770138
17580,0.4550752
17581,0.025040854
17582,0.00047189646
17583,0.014366426
17584,0.99996364
17585,0.23993318
17586,0.13308018
17587,0.36819947
17588,0.13100769
17589,0.9991855
17590,0.017177152
17591,3.164282e-05
17592,0.115398146
17593,0.99961144
17594,0.109810024
17595,0.6305263
17596,0.0017684527
17597,0.999871
17598,0.01450874
17599,0.00065997493
17600,0.7180624
17601,0.5012893
17602,0.007446892
17603,0.99992573
17604,0.376148
17605,0.011929284
17606,0.99915016
17607,0.7377168
17608,0.045810007
17609,0.6553648
17610,0.5551141
17611,0.17493011
17612,0.006048993
17613,0.007882705
17614,0.07561505
17615,0.22485022
17616,0.9996346
17617,0.9989849
17618,0.21458592
17619,0.0036092713
17620,0.00016647125
17621,0.076470494
17622,0.0011366198
17623,0.010829594
17624,0.009075225
17625,0.00015885373
17626,0.46508047
17627,0.9994079
17628,0.06658861
17629,0.0014761032
17630,0.01791279
17631,0.7935537
17632,0.14978527
17633,0.16625048
17634,0.08830687
17635,0.033532042
17636,0.25614035
17637,0.49545395
17638,0.011732066
17639,0.37309965
17640,0.109300055
17641,0.03571168
17642,0.0001399899
17643,0.13442129
17644,0.0010227389
17645,0.584971
17646,0.031825934
17647,0.97789454
17648,0.011849508
17649,0.03597898
17650,0.11824818
17651,0.2628072
17652,0.051078808
17653,0.0003589434
17654,0.0002329961
17655,0.0143408375
17656,0.11091381
17657,0.04296314
17658,0.12536807
17659,0.011210603
17660,0.09663754
17661,0.0019334585
17662,0.119375475
17663,0.0005009183
17664,0.06620298
17665,0.013087404
17666,0.55412954
17667,0.028064778
17668,0.004108056
17669,0.0011541102
17670,0.1600823
17671,0.9998325
17672,0.9993455
17673,0.035400014
17674,0.5118492
17675,0.05603854
17676,0.00043204377
17677,0.99946874
17678,0.0047178254
17679,0.0052657207
17680,0.66529936
17681,0.009477178
17682,0.0097167455
17683,0.10226539
17684,0.081889346
17685,0.0033937562
17686,0.99898773
17687,0.00036162866
17688,0.034592308
17689,0.009540623
17690,0.052117787
17691,0.2549616
17692,0.08730978
17693,0.1281772
17694,0.057039548
17695,0.035166528
17696,0.07299464
17697,0.06324022
17698,0.9984175
17699,0.008076323
17700,0.00018375444
17701,0.20115355
17702,0.6632421
17703,0.0035462554
17704,0.25207028
17705,0.0016720656
17706,0.018169891
17707,0.0002658924
17708,0.0047819573
17709,0.028024212
17710,0.021478007
17711,0.049885556
17712,0.0029092983
17713,0.0070927027
17714,0.21691047
17715,0.574878
17716,0.9937722
17717,0.9995753
17718,0.0050331233
17719,0.00041078334
17720,0.9994306
17721,0.10576552
17722,0.99906176
17723,0.99911934
17724,0.13324985
17725,0.025345996
17726,0.04321863
17727,0.010299533
17728,0.9992126
17729,0.09041545
17730,0.10853578
17731,0.019893097
17732,0.47332627
17733,0.9999238
17734,0.0041346652
17735,0.0068573575
17736,0.09480804
17737,0.99951196
17738,0.012527678
17739,0.1508071
17740,0.57293624
17741,0.09713045
17742,0.2820576
17743,0.99955696
17744,0.014888729
17745,0.061097167
17746,0.16824052
17747,0.9995159
17748,0.2016376
17749,0.15512158
17750,0.06145005
17751,0.9992804
17752,0.13147561
17753,0.9998312
17754,0.05682563
17755,0.063009396
17756,0.21004367
17757,0.9992754
17758,0.10318034
17759,0.025879547
17760,0.99889237
17761,0.6964485
17762,0.1079303
17763,0.9999105
17764,0.007898233
17765,0.9992694
17766,0.0030136826
17767,0.63068795
17768,0.054212958
17769,0.16574323
17770,0.008037623
17771,0.6224717
17772,0.0011415179
17773,0.16076425
17774,0.18914393
17775,0.2740945
17776,0.00021522421
17777,0.09260455
17778,0.2796553
17779,0.13028227
17780,0.004159867
17781,0.08590979
17782,0.06016501
17783,0.043456044
17784,0.030882435
17785,0.9993104
17786,0.024596645
17787,0.20949641
17788,0.9989411
17789,0.99811566
17790,0.003984302
17791,0.9995437
17792,0.059718873
17793,0.07387465
17794,0.10550646
17795,0.007566438
17796,0.058269076
17797,0.9996346
17798,0.03620576
17799,0.41972142
17800,0.24657287
17801,0.06723442
17802,0.2650099
17803,0.08083525
17804,0.0095104
17805,0.034752734
17806,0.027135162
17807,0.99945194
17808,0.04891203
17809,0.13325012
17810,0.0036737707
17811,0.31828043
17812,0.99967015
17813,0.7442756
17814,0.05121935
17815,0.13081735
17816,0.18264155
17817,0.5683641
17818,0.024050465
17819,0.06953837
17820,0.017169634
17821,0.29926786
17822,0.051311538
17823,0.004782296
17824,0.11091381
17825,0.0076090703
17826,0.0021686803
17827,0.048557565
17828,0.55989677
17829,0.0040844954
17830,0.00019260564
17831,0.0031675654
17832,0.99940383
17833,0.15561332
17834,0.20045061
17835,0.6019203
17836,0.19904631
17837,0.046564084
17838,0.10122344
17839,0.6672425
17840,0.024439467
17841,0.057378
17842,0.6764816
17843,0.13476901
17844,0.99930274
17845,0.010818628
17846,0.021948228
17847,0.948495
17848,0.04185454
17849,0.15187308
17850,0.5643854
17851,0.00021466042
17852,0.10297815
17853,0.055421915
17854,0.6942451
17855,0.00862762
17856,0.0029927536
17857,0.13220854
17858,0.101359196
17859,0.0031548878
17860,0.9994143
17861,0.99918574
17862,0.09854355
17863,0.004219888
17864,0.21951869
17865,0.009479039
17866,0.000118365315
17867,0.17418131
17868,0.0041948594
17869,0.4221057
17870,0.18691161
17871,0.0948746
17872,0.020404201
17873,0.04917
17874,0.08088877
17875,0.008421901
17876,0.9991211
17877,0.33874297
17878,0.99937797
17879,0.9992539
17880,0.08058037
17881,0.010086619
17882,0.999897
17883,0.00020070253
17884,0.031498253
17885,0.9994475
17886,0.09356998
17887,0.0058176145
17888,0.19581604
17889,0.068858705
17890,0.56998754
17891,0.00049317535
17892,0.9993393
17893,0.0066008437
17894,0.047569495
17895,0.99928755
17896,0.010109432
17897,0.000137665
17898,0.16969573
17899,0.04055356
17900,0.1221975
17901,0.23190573
17902,0.9994116
17903,0.9999553
17904,0.0049787536
17905,0.051485416
17906,0.015147842
17907,0.00044173287
17908,0.028349785
17909,0.3019195
17910,0.07742945
17911,0.036351785
17912,0.41498208
17913,0.020010289
17914,0.11184269
17915,0.05492364
17916,0.10214813
17917,0.728645
17918,0.13174327
17919,0.00065223005
17920,0.03962356
17921,0.99952686
17922,0.112116255
17923,0.0942635
17924,0.24929278
17925,0.12100456
17926,0.73843056
17927,0.06577675
17928,0.13235012
17929,0.08438609
17930,0.028081952
17931,0.5826921
17932,0.07259531
17933,0.04127541
17934,0.037027493
17935,0.99889237
17936,0.020932302
17937,0.02000554
17938,0.080682844
17939,0.024086451
17940,0.48353317
17941,0.014331155
17942,0.011139769
17943,0.11934395
17944,0.23043565
17945,0.11147879
17946,0.008273895
17947,0.0042359736
17948,0.008203146
17949,0.00016947539
17950,0.12241754
17951,0.43719202
17952,0.99940383
17953,0.0544765
17954,0.16711605
17955,0.82237864
17956,0.00203814
17957,0.054041017
17958,0.9999498
17959,0.27898538
17960,0.17683327
17961,0.00616772
17962,0.9999558
17963,0.055310167
17964,0.19692014
17965,0.16981137
17966,0.34270155
17967,0.025801273
17968,0.21505943
17969,0.0033937562
17970,0.114510566
17971,0.061545644
17972,0.011361318
17973,0.09965833
17974,0.059491035
17975,0.056926742
17976,0.7069421
17977,0.00070665235
17978,0.99995804
17979,0.30282742
17980,0.35418808
17981,0.12587018
17982,0.004559913
17983,0.48314527
17984,0.043074902
17985,0.10346794
17986,0.2880398
17987,0.024119724
17988,0.37799987
17989,0.08915283
17990,0.034941945
17991,0.07461054
17992,0.7691735
17993,0.49906927
17994,0.009287956
17995,0.12785798
17996,0.14661597
17997,0.18295339
17998,0.6901331
17999,0.9978713
18000,0.020248853
18001,0.37309965
18002,0.08186042
18003,0.0013234995
18004,0.036061484
18005,0.00072385627
18006,0.13173945
18007,0.054481976
18008,0.014753442
18009,0.06976482
18010,0.00061912485
18011,0.0778559
18012,0.02738176
18013,0.12146148
18014,0.9994079
18015,0.9998466
18016,0.16526423
18017,0.47865278
18018,0.017232446
18019,0.0042087315
18020,0.09338016
18021,0.99992836
18022,0.031985164
18023,0.7769546
18024,0.0016018198
18025,0.030154321
18026,0.64922214
18027,0.9999019
18028,0.67331547
18029,0.37831926
18030,0.10367637
18031,0.00010461528
18032,0.12895936
18033,0.06584826
18034,0.034457747
18035,8.8347726e-05
18036,0.99928975
18037,0.9989202
18038,0.10363803
18039,0.002728974
18040,0.020336494
18041,0.77700573
18042,0.14713986
18043,0.99914014
18044,0.99933654
18045,0.12424903
18046,0.2219874
18047,0.004963439
18048,0.89971
18049,0.810158
18050,0.37226608
18051,0.04006079
18052,0.999897
18053,0.047910403
18054,0.07541237
18055,0.81498677
18056,0.13357095
18057,0.03365495
18058,0.03408005
18059,0.0070109223
18060,0.11391404
18061,0.07460865
18062,0.013538044
18063,0.0004669796
18064,0.66281396
18065,0.24033801
18066,0.21061732
18067,0.99992204
18068,0.23735274
18069,0.14773831
18070,0.99781466
18071,0.0001845261
18072,0.7571183
18073,0.9991991
18074,0.015600064
18075,0.9951564
18076,0.9989618
18077,0.24960859
18078,0.9993462
18079,0.013495211
18080,0.9998549
18081,0.6951226
18082,0.016232999
18083,0.09038009
18084,0.07715276
18085,0.059162807
18086,0.73375875
18087,0.887308
18088,0.99916506
18089,0.077921264
18090,0.012772793
18091,0.020527793
18092,0.8158771
18093,0.49489447
18094,0.3837131
18095,0.27867284
18096,0.11099016
18097,0.060828365
18098,0.085257
18099,0.9992804
18100,0.025533233
18101,0.050186396
18102,0.5951238
18103,0.0589905
18104,0.004305238
18105,0.012795126
18106,0.18194006
18107,0.011430321
18108,0.024553265
18109,0.24526717
18110,0.79097694
18111,0.09009446
18112,0.0046143006
18113,0.050176647
18114,0.9990941
18115,0.16479734
18116,0.58444786
18117,0.22723928
18118,0.14330468
18119,0.28193933
18120,0.16479734
18121,0.025889592
18122,0.99954045
18123,0.63051337
18124,0.04238778
18125,0.605169
18126,0.9117944
18127,0.060760584
18128,0.12560849
18129,0.15443188
18130,0.9303047
18131,0.9973022
18132,0.0068863663
18133,0.34616905
18134,0.0075392984
18135,0.04903005
18136,0.0044683353
18137,0.052276436
18138,0.007280167
18139,6.43822e-05
18140,0.004952105
18141,0.20164023
18142,0.076262474
18143,0.10722889
18144,0.00023608045
18145,0.047976244
18146,0.27387714
18147,0.13559648
18148,0.0032526846
18149,0.04468127
18150,0.17453547
18151,0.030098625
18152,0.9999039
18153,0.99916756
18154,0.42737556
18155,0.51434886
18156,0.4189174
18157,0.039477203
18158,0.75960857
18159,0.11071404
18160,0.16258638
18161,0.98984677
18162,0.3176539
18163,0.05367115
18164,0.077526756
18165,0.06714564
18166,0.14834663
18167,0.9999038
18168,0.15337914
18169,0.0016145972
18170,0.14805092
18171,0.0017759063
18172,0.99930274
18173,0.00011571778
18174,0.16526423
18175,0.16684256
18176,0.004110093
18177,0.98980826
18178,0.9978713
18179,0.050097555
18180,0.015710004
18181,0.09287118
18182,0.060606446
18183,0.16510385
18184,0.014110841
18185,0.99925774
18186,0.28062025
18187,0.47390085
18188,0.014955801
18189,0.03678885
18190,0.039987266
18191,0.13016213
18192,0.009112927
18193,0.7998607
18194,0.001697614
18195,0.41972142
18196,0.7997337
18197,0.00042291405
18198,0.0032833559
18199,0.10117712
18200,0.018889153
18201,0.012739496
18202,0.44318604
18203,0.25565633
18204,0.06574912
18205,0.014234297
18206,0.9996593
18207,0.002770229
18208,8.374355e-05
18209,0.023078952
18210,0.39908406
18211,0.77740824
18212,0.18681055
18213,0.57736796
18214,0.009164365
18215,0.065121934
18216,0.003319615
18217,0.004334983
18218,0.078048706
18219,0.7722161
18220,0.24625374
18221,0.025374189
18222,0.0018326882
18223,0.74454576
18224,0.99940383
18225,0.017823953
18226,0.9989849
18227,0.3482608
18228,0.14262562
18229,0.19739874
18230,0.00028552613
18231,0.08173123
18232,0.9990502
18233,0.18063723
18234,0.9990687
18235,0.091540046
18236,0.060027715
18237,0.9993455
18238,0.03134032
18239,0.080079384
18240,0.9996208
18241,0.048494395
18242,0.025216691
18243,0.816309
18244,0.2243249
18245,0.9992255
18246,0.033068478
18247,0.21147795
18248,0.10443178
18249,0.54073954
18250,0.5874033
18251,0.031525444
18252,0.17299865
18253,0.24221756
18254,0.25403768
18255,0.025341304
18256,0.046543278
18257,0.14818062
18258,0.07174195
18259,0.07596927
18260,0.99517256
18261,0.13049182
18262,0.0005035213
18263,0.99915063
18264,0.9992538
18265,0.08621201
18266,0.29281437
18267,0.00017332239
18268,0.011574171
18269,0.037643947
18270,0.00042852652
18271,0.050761454
18272,0.01064945
18273,0.12621626
18274,0.06548609
18275,0.0028802496
18276,0.25052333
18277,0.4937407
18278,0.061021913
18279,0.119376965
18280,0.8218377
18281,0.0007520968
18282,0.9958209
18283,0.007298628
18284,0.039573133
18285,0.11710377
18286,0.052016634
18287,0.99993825
18288,0.0666659
18289,0.017042592
18290,0.0032083094
18291,0.019901011
18292,0.0014035024
18293,0.0030645079
18294,0.13391672
18295,0.00979633
18296,0.06678027
18297,0.6411888
18298,0.25529405
18299,0.5215304
18300,0.14365733
18301,0.42064595
18302,0.1107927
18303,0.46092713
18304,0.035874173
18305,0.0004575634
18306,0.11314556
18307,0.9994423
18308,0.2810228
18309,0.5844498
18310,0.9940534
18311,0.013588489
18312,0.99916506
18313,0.12033412
18314,0.03303665
18315,0.0484455
18316,0.04834138
18317,0.095689185
18318,0.06696562
18319,0.046409555
18320,0.30963895
18321,0.24501169
18322,0.9992754
18323,0.11175779
18324,0.17090449
18325,0.99955183
18326,0.005903503
18327,0.09894232
18328,0.05252978
18329,0.00041318175
18330,0.7110153
18331,0.717151
18332,0.01364947
18333,0.9974668
18334,0.99680185
18335,0.010245134
18336,0.007181378
18337,0.58444786
18338,0.9995345
18339,0.4937407
18340,0.17755537
18341,0.030583825
18342,0.0138103
18343,0.08992597
18344,0.13949527
18345,0.08331455
18346,0.14636391
18347,0.9993098
18348,0.04781201
18349,0.07292733
18350,0.21831314
18351,0.009723158
18352,0.0074000712
18353,0.055626843
18354,0.79368186
18355,0.99929726
18356,0.5211808
18357,0.0050955713
18358,0.9412368
18359,0.032786217
18360,0.042945437
18361,0.010480014
18362,0.41676855
18363,0.99914014
18364,0.5010984
18365,0.12902932
18366,0.8859169
18367,0.0737585
18368,0.12523018
18369,0.9994167
18370,0.755108
18371,0.14412363
18372,0.61206275
18373,0.0069600046
18374,0.34239852
18375,0.9986419
18376,0.045333076
18377,0.12937805
18378,0.015431782
18379,0.20614097
18380,0.66543955
18381,0.16622956
18382,0.014032923
18383,0.1538837
18384,0.5154941
18385,0.31415755
18386,0.06970242
18387,0.07820464
18388,0.0008056064
18389,0.58807874
18390,0.9267699
18391,0.14274733
18392,0.22192916
18393,0.005853639
18394,0.09055869
18395,0.104449816
18396,0.17155798
18397,0.8662805
18398,0.9996346
18399,0.13252918
18400,0.0080735
18401,0.003908384
18402,0.088602915
18403,0.019981515
18404,0.59241897
18405,0.011607642
18406,0.040555693
18407,0.40094832
18408,0.0040112836
18409,0.99895597
18410,0.0036881156
18411,0.09931376
18412,0.19950818
18413,0.7771158
18414,0.0040541454
18415,0.012191118
18416,0.0003764855
18417,0.20649797
18418,0.9994122
18419,0.019791555
18420,0.054185387
18421,0.9998325
18422,0.44749233
18423,0.99977654
18424,0.49666834
18425,0.9998828
18426,0.01849612
18427,0.00021922895
18428,0.06276671
18429,0.5457096
18430,0.0035942567
18431,0.0019739133
18432,0.4494966
18433,0.09278417
18434,0.99896383
18435,0.033285245
18436,0.001938574
18437,0.008923238
18438,0.045434404
18439,0.005705566
18440,0.49589115
18441,0.01148069
18442,0.05400114
18443,0.0034664036
18444,0.99919266
18445,0.118530385
18446,0.7509193
18447,0.99930274
18448,0.2553969
18449,0.055129983
18450,0.18938538
18451,0.99961
18452,0.24943005
18453,0.022024175
18454,0.005747177
18455,0.9982553
18456,0.010425709
18457,0.033724315
18458,0.13243333
18459,0.9989279
18460,0.12525442
18461,0.0013250564
18462,0.9991798
18463,0.09086516
18464,0.06772001
18465,0.4514645
18466,0.9991416
18467,0.3973378
18468,0.08249267
18469,0.1586158
18470,0.19346368
18471,0.0950338
18472,0.03285636
18473,0.0005064802
18474,0.01696987
18475,0.123759456
18476,0.0058693853
18477,0.0004171644
18478,0.004270914
18479,0.9996176
18480,0.003514087
18481,0.99916506
18482,0.0018661425
18483,9.316823e-05
18484,0.9992667
18485,0.015518918
18486,0.99988043
18487,0.9999244
18488,0.010920184
18489,0.0029316258
18490,0.073635355
18491,0.018042844
18492,0.06952357
18493,0.053487543
18494,0.24086525
18495,0.069901824
18496,0.21416114
18497,0.99921834
18498,0.018894289
18499,0.011528595
18500,0.5283894
18501,0.0005888829
18502,0.63468444
18503,0.1743297
18504,0.00026697913
18505,0.008097073
18506,0.9999701
18507,0.99935883
18508,0.14740458
18509,0.11867103
18510,0.011468527
18511,8.556873e-05
18512,0.06192494
18513,0.002185618
18514,0.11254124
18515,0.006118987
18516,0.6951226
18517,0.69700134
18518,0.0042503527
18519,0.8826026
18520,0.014279142
18521,0.008198593
18522,0.009924309
18523,0.8912272
18524,0.07196661
18525,0.20053944
18526,0.95773417
18527,0.0020741364
18528,0.21129754
18529,0.7329026
18530,0.025841966
18531,0.2137459
18532,0.9990121
18533,0.9964144
18534,0.036383893
18535,0.6388496
18536,0.05244127
18537,0.6239573
18538,0.12680027
18539,0.084284216
18540,0.065098956
18541,0.059831474
18542,0.009827443
18543,0.0040886677
18544,0.028421981
18545,0.005332961
18546,0.9995018
18547,0.9996208
18548,0.12028495
18549,0.98946136
18550,0.69841033
18551,0.0011256556
18552,0.0023142935
18553,0.14070442
18554,0.0019314921
18555,0.04800723
18556,0.09838083
18557,0.05920652
18558,0.028677138
18559,0.6978653
18560,0.0075503956
18561,0.0846326
18562,0.99352276
18563,0.99904734
18564,0.9998828
18565,0.68677175
18566,0.5434599
18567,0.049804207
18568,0.1334311
18569,0.029657738
18570,0.5551141
18571,0.09483225
18572,0.020620814
18573,0.24191366
18574,0.019404218
18575,0.011933151
18576,0.054653514
18577,0.99995005
18578,0.004878743
18579,0.9998772
18580,0.99940383
18581,0.005964161
18582,0.49062005
18583,0.9995577
18584,0.046861187
18585,0.9999019
18586,0.9992386
18587,0.035904475
18588,0.12033412
18589,0.10557231
18590,0.0011415179
18591,0.012903517
18592,0.14388618
18593,0.065077655
18594,0.9076739
18595,0.012424388
18596,0.004256351
18597,0.0030004634
18598,0.00037122666
18599,0.11560567
18600,0.12926905
18601,0.9990941
18602,0.0028659143
18603,0.004822535
18604,0.24046831
18605,0.03735594
18606,0.62432706
18607,0.1030347
18608,0.009322001
18609,0.017658487
18610,0.012465568
18611,0.99897194
18612,0.99970466
18613,0.66864264
18614,0.20732993
18615,0.16495368
18616,0.000109104796
18617,0.23211423
18618,0.011203305
18619,0.998872
18620,0.011917745
18621,0.21135946
18622,0.0351632
18623,0.1087823
18624,0.109905735
18625,0.0037661814
18626,0.0068632285
18627,0.13322295
18628,0.01954606
18629,0.0032926572
18630,0.030242627
18631,0.053638283
18632,0.0062161945
18633,0.77254796
18634,0.5090722
18635,0.00040459604
18636,0.0037682017
18637,0.09402759
18638,0.001054877
18639,0.0065972675
18640,2.4643414e-05
18641,0.989817
18642,0.006460989
18643,0.04683096
18644,0.07925316
18645,0.4236267
18646,0.3066663
18647,0.010119381
18648,0.0027356488
18649,0.29014745
18650,0.007047356
18651,0.17013776
18652,0.03834028
18653,0.012973647
18654,0.99914014
18655,0.00015540101
18656,0.0012822963
18657,0.4560122
18658,0.3078128
18659,0.052961215
18660,0.9604761
18661,0.0011342976
18662,0.008624554
18663,0.10868118
18664,0.9992799
18665,0.0028563316
18666,0.006060908
18667,0.25043508
18668,0.1520188
18669,0.008207539
18670,0.01485821
18671,0.058970995
18672,0.040376134
18673,0.039868344
18674,0.023668962
18675,0.99944884
18676,0.5975136
18677,0.007030199
18678,0.07707805
18679,0.23090553
18680,0.14496791
18681,0.99914014
18682,0.9993455
18683,0.0049047214
18684,0.9858326
18685,0.9996208
18686,0.021383971
18687,0.43502915
18688,0.5859479
18689,0.99901235
18690,0.72862315
18691,0.039573133
18692,0.07019199
18693,0.4349776
18694,0.028856207
18695,0.048419267
18696,0.0018900009
18697,0.0032053145
18698,0.046009295
18699,0.050192945
18700,0.15441696
18701,0.079004735
18702,0.034011398
18703,0.14863013
18704,0.0001224007
18705,0.4712091
18706,0.11811736
18707,0.00029354743
18708,0.022858107
18709,0.00011657335
18710,0.019648315
18711,0.00047972528
18712,0.012562819
18713,0.15704516
18714,0.99990153
18715,0.0026299537
18716,0.0004658332
18717,0.10056064
18718,0.3066663
18719,0.07392532
18720,0.13504955
18721,0.21634436
18722,0.24938653
18723,0.062434956
18724,0.4373533
18725,0.07286599
18726,0.0011415179
18727,0.047921356
18728,0.99929357
18729,0.013790831
18730,0.00074315915
18731,0.079862125
18732,0.00284985
18733,0.6224124
18734,0.015434475
18735,0.005171309
18736,0.42209703
18737,8.555633e-05
18738,0.1202212
18739,0.63038087
18740,0.08186182
18741,0.66557187
18742,0.04975946
18743,0.2877252
18744,0.058673233
18745,0.99912506
18746,0.16766173
18747,0.9995345
18748,0.06336667
18749,0.06361462
18750,0.56024903
18751,0.06934809
18752,0.67294556
18753,0.013223183
18754,0.08037736
18755,0.13127379
18756,0.010126204
18757,0.0092182895
18758,0.07566177
18759,0.425157
18760,0.7806544
18761,0.025613986
18762,0.0072002686
18763,0.5551141
18764,0.4809354
18765,0.06409658
18766,0.019184813
18767,0.007887486
18768,0.0011415179
18769,0.28877258
18770,0.11239376
18771,0.014113885
18772,0.99574727
18773,0.9999558
18774,0.28615135
18775,0.33007467
18776,0.12259765
18777,0.01915186
18778,0.0027509166
18779,0.29355624
18780,0.8267577
18781,0.09748756
18782,0.102338515
18783,0.0017856404
18784,0.16162406
18785,0.99373615
18786,0.037342988
18787,0.19573595
18788,0.4269687
18789,0.11467606
18790,2.2253567e-05
18791,0.99597627
18792,0.031060945
18793,0.036768083
18794,0.3780353
18795,0.62403154
18796,0.998185
18797,0.05449291
18798,0.19208914
18799,0.19449997
18800,0.0031526317
18801,0.69642556
18802,6.93731e-05
18803,0.01650933
18804,0.9992601
18805,0.020994956
18806,0.99896336
18807,0.11160587
18808,0.99945134
18809,0.027838333
18810,0.118107304
18811,0.99894327
18812,0.020204797
18813,0.005306353
18814,0.06173796
18815,0.0514407
18816,0.5807477
18817,0.06748504
18818,0.69578874
18819,0.008074463
18820,0.0008727629
18821,0.08603502
18822,0.99944526
18823,0.093557425
18824,0.99996364
18825,0.024050465
18826,0.00031110423
18827,0.048951566
18828,0.45530754
18829,0.0890353
18830,0.05478284
18831,0.16754603
18832,0.12716076
18833,0.00022176246
18834,0.04224402
18835,0.09438663
18836,0.052683827
18837,0.12560849
18838,0.25305465
18839,0.9923725
18840,0.43875638
18841,0.0029187973
18842,0.99232966
18843,0.0009191648
18844,0.0025621476
18845,0.033118393
18846,0.03983418
18847,0.04013536
18848,0.0005279837
18849,0.7106488
18850,0.085509375
18851,0.7196161
18852,0.67547643
18853,0.0870658
18854,0.9998667
18855,0.049215186
18856,0.9982553
18857,0.019369824
18858,0.6102237
18859,0.057240374
18860,0.004051622
18861,0.70500726
18862,0.08672108
18863,0.99993193
18864,0.0007458761
18865,0.0033806055
18866,0.06624598
18867,0.16054817
18868,0.060189765
18869,0.004667173
18870,0.051703427
18871,0.7437371
18872,0.31545362
18873,0.10765583
18874,0.09379885
18875,0.22057132
18876,0.0014730442
18877,0.99925405
18878,0.9999151
18879,0.0046399673
18880,0.030057315
18881,0.00015541271
18882,0.000758184
18883,0.0069737216
18884,0.07925262
18885,0.10797746
18886,0.2671499
18887,0.6001953
18888,0.22431415
18889,0.023342691
18890,0.0054670214
18891,0.032343905
18892,0.3580405
18893,0.9995753
18894,0.0023020906
18895,0.99541205
18896,0.15882748
18897,0.2471548
18898,0.9994122
18899,0.9981883
18900,0.009183566
18901,0.014303936
18902,0.48793763
18903,0.8073409
18904,0.0048269723
18905,0.21794838
18906,0.030624736
18907,0.27209362
18908,0.14990619
18909,0.00757323
18910,0.9982943
18911,0.02756541
18912,0.111419044
18913,0.66734976
18914,0.2917543
18915,0.99924904
18916,0.1605479
18917,0.98946136
18918,0.16634789
18919,0.055137407
18920,0.5635985
18921,0.035149634
18922,0.07058055
18923,0.0034347775
18924,0.99299765
18925,0.11831258
18926,0.11837895
18927,0.61712044
18928,0.8413851
18929,0.033626217
18930,0.0058510285
18931,0.0024505148
18932,0.16309708
18933,0.59291404
18934,0.9997868
18935,0.70731837
18936,0.04349354
18937,0.65839523
18938,0.9995943
18939,0.002772551
18940,0.7028382
18941,0.0018326882
18942,0.0050498997
18943,0.99932003
18944,0.29796433
18945,0.36847296
18946,0.08426105
18947,0.39661464
18948,0.09136753
18949,0.99953794
18950,0.0054563833
18951,0.0017705668
18952,0.7961595
18953,0.043653153
18954,0.01393969
18955,0.09699108
18956,0.008531462
18957,0.1375158
18958,0.9990107
18959,0.065659165
18960,0.2885113
18961,0.5923024
18962,0.0022207745
18963,0.20186727
18964,0.010831693
18965,0.27891624
18966,0.99953175
18967,0.0009208872
18968,0.015071263
18969,0.07595422
18970,0.42520702
18971,0.018206574
18972,0.026146013
18973,0.0005405209
18974,0.1354843
18975,0.61287117
18976,0.7704411
18977,0.015386913
18978,0.018510997
18979,0.73088604
18980,0.23199585
18981,0.08464426
18982,0.08019895
18983,0.00024053965
18984,0.106789276
18985,0.0128787905
18986,0.000115915806
18987,0.1203913
18988,0.9858326
18989,0.061934926
18990,0.17170905
18991,0.0031133818
18992,0.111300215
18993,0.04127914
18994,0.00047210997
18995,0.9992393
18996,0.025794568
18997,0.008659863
18998,6.163133e-05
18999,0.13687615
19000,0.07071171
19001,0.8916098
19002,0.12001883
19003,0.0137076
19004,0.83317786
19005,0.9998828
19006,0.12567039
19007,0.9998673
19008,0.0029966515
19009,0.0051506776
19010,0.12266057
19011,0.99849033
19012,0.56840897
19013,0.0028880413
19014,0.04882878
19015,0.99965155
19016,0.00024537978
19017,0.015290077
19018,0.9987696
19019,0.07517693
19020,0.1795215
19021,0.02342748
19022,0.032920726
19023,0.019823717
19024,0.09036166
19025,0.0018329212
19026,0.0001453576
19027,0.2568418
19028,0.03873514
19029,0.08692404
19030,0.1504854
19031,0.5951238
19032,0.045599863
19033,0.0040056924
19034,0.16857769
19035,0.06307747
19036,0.99952924
19037,0.3443259
19038,0.998434
19039,0.26287127
19040,0.3964902
19041,0.0010189513
19042,0.021130547
19043,0.11227295
19044,0.06470185
19045,0.9995172
19046,0.99886715
19047,0.61712044
19048,0.015518918
19049,0.4515732
19050,6.6145745e-05
19051,0.99979657
19052,0.09430816
19053,0.17823538
19054,0.00053849194
19055,0.04932774
19056,0.5300152
19057,0.0051196474
19058,0.034587584
19059,0.0017184558
19060,0.16772936
19061,0.9990687
19062,0.088565804
19063,0.9991924
19064,0.16539517
19065,0.004451026
19066,0.009655149
19067,0.0078538
19068,0.15080199
19069,0.24766934
19070,0.9994087
19071,0.06820553
19072,0.0040684487
19073,0.0747353
19074,0.9992694
19075,0.2549616
19076,0.0010833364
19077,0.101979665
19078,0.6858151
19079,0.15192592
19080,0.09928427
19081,0.00018697517
19082,0.038742837
19083,0.7892187
19084,0.059013743
19085,0.27159983
19086,0.6073247
19087,0.018325636
19088,0.00550655
19089,0.9994941
19090,0.2354742
19091,7.3967676e-05
19092,0.14089835
19093,0.1160156
19094,0.022722034
19095,0.13640656
19096,0.5951238
19097,0.1255643
19098,0.051537205
19099,0.42520794
19100,0.9992539
19101,0.54746735
19102,0.99797064
19103,0.07971904
19104,0.0074801454
19105,0.02689753
19106,0.4778409
19107,0.026254136
19108,0.16363457
19109,0.0033937562
19110,0.03990144
19111,0.022073265
19112,0.73353845
19113,0.0005192215
19114,0.18487965
19115,0.99982905
19116,0.00054720824
19117,0.107173175
19118,0.07200783
19119,0.03751077
19120,0.0025016824
19121,0.026099315
19122,0.0006213496
19123,0.99781597
19124,0.018600503
19125,0.00021767723
19126,0.12770091
19127,0.00022512746
19128,0.8005383
19129,0.037340082
19130,0.004126999
19131,0.55987567
19132,0.033680152
19133,0.0020879235
19134,0.09130244
19135,0.0032834744
19136,0.6993619
19137,0.07548763
19138,0.063530646
19139,0.9999498
19140,0.02983664
19141,0.0009058115
19142,0.0029143766
19143,0.78810805
19144,0.01061717
19145,0.104880005
19146,0.5318342
19147,0.20288068
19148,0.06801007
19149,0.0006135526
19150,0.009128169
19151,0.13991152
19152,0.0055880593
19153,0.2542607
19154,0.00038261004
19155,0.2435746
19156,0.17942353
19157,0.0037682017
19158,0.00023598727
19159,0.2651301
19160,0.4055504
19161,0.25833157
19162,0.012129222
19163,0.35430416
19164,0.010639694
19165,0.006749515
19166,0.28581294
19167,0.06928027
19168,0.047875863
19169,0.07060142
19170,0.21099533
19171,0.27343386
19172,0.005886697
19173,0.011456628
19174,0.06338764
19175,0.0058314735
19176,0.005704152
19177,0.12597778
19178,0.7592748
19179,0.22721751
19180,0.00010670558
19181,0.58080983
19182,0.086276345
19183,0.5589078
19184,0.13884653
19185,0.23171736
19186,0.00012874683
19187,0.46744475
19188,0.9999113
19189,0.091779895
19190,0.0021941264
19191,0.04294629
19192,0.06353991
19193,0.75286996
19194,0.016668525
19195,0.49095872
19196,0.74710953
19197,0.9996176
19198,0.08660615
19199,0.070578456
19200,0.99555826
19201,0.05187822
19202,0.13292117
19203,0.019766599
19204,0.04879435
19205,0.9995802
19206,0.32658935
19207,0.00085940486
19208,0.2195346
19209,0.02883363
19210,0.16452247
19211,0.12607686
19212,0.038524393
19213,0.2079686
19214,0.013057136
19215,0.23656812
19216,0.067595676
19217,0.035794962
19218,0.75023353
19219,0.99947685
19220,5.8804362e-05
19221,0.9995172
19222,0.066133745
19223,0.99827945
19224,4.490315e-05
19225,0.057938658
19226,0.7822039
19227,0.0020241297
19228,0.001428813
19229,0.46513003
19230,0.26335022
19231,0.028902175
19232,0.06191331
19233,0.9992667
19234,0.05515981
19235,0.0012822963
19236,0.005237207
19237,0.056407772
19238,0.26286083
19239,0.8719875
19240,0.010810721
19241,0.030905787
19242,0.30696815
19243,0.10401254
19244,0.00055555644
19245,0.005148809
19246,0.22906727
19247,3.770064e-05
19248,0.018944366
19249,0.9998466
19250,0.055628046
19251,0.06229338
19252,0.024563272
19253,0.9965283
19254,0.99936587
19255,0.30591843
19256,0.40286437
19257,0.19582017
19258,0.99940383
19259,0.00038734337
19260,0.080291614
19261,0.03890921
19262,0.21034262
19263,0.056878787
19264,0.006719914
19265,0.1950971
19266,0.27463254
19267,0.99947685
19268,0.14318201
19269,0.06970234
19270,0.61182576
19271,0.013223183
19272,0.15530524
19273,0.9999105
19274,7.684603e-05
19275,0.0024391194
19276,0.00022103882
19277,0.08926747
19278,0.024692934
19279,0.35213935
19280,0.007393685
19281,0.9990127
19282,0.04202347
19283,0.005219118
19284,0.999897
19285,6.996652e-05
19286,0.99894327
19287,0.12745744
19288,0.0081835585
19289,0.99929607
19290,0.9998802
19291,0.9989849
19292,0.99942833
19293,0.9999019
19294,0.15482958
19295,0.87871677
19296,0.54528844
19297,0.00011228474
19298,0.5051492
19299,0.23838961
19300,0.23771773
19301,0.052925505
19302,0.14388274
19303,0.9984659
19304,0.014849984
19305,0.0017856404
19306,0.009427215
19307,0.093907416
19308,0.09895605
19309,0.05926206
19310,0.23245935
19311,0.1278731
19312,0.22365347
19313,0.9359362
19314,0.008681019
19315,0.9995055
19316,0.025057752
19317,0.07747325
19318,0.9996346
19319,0.9999466
19320,0.15982631
19321,0.30695298
19322,0.062443756
19323,0.019290796
19324,0.9999553
19325,0.09343845
19326,0.27085146
19327,0.14330842
19328,0.015229666
19329,0.19630946
19330,0.6327806
19331,0.007583343
19332,0.1337858
19333,0.9993031
19334,0.046955775
19335,0.99916327
19336,0.008029389
19337,0.0017841571
19338,0.99961144
19339,0.0016732814
19340,0.99923277
19341,0.40015784
19342,0.0018993566
19343,0.5269958
19344,0.0054480834
19345,0.4311539
19346,0.056245025
19347,0.032244712
19348,0.520278
19349,0.8029109
19350,0.046694774
19351,0.020784657
19352,0.42579827
19353,0.9996074
19354,0.17557
19355,0.15899156
19356,0.045206636
19357,0.0007413766
19358,1.5483121e-05
19359,0.0005658473
19360,0.0062052873
19361,0.99918574
19362,0.62075704
19363,0.038225956
19364,0.9999553
19365,0.9992393
19366,0.013733322
19367,0.015670216
19368,0.7047063
19369,0.3054275
19370,0.00324429
19371,0.0991374
19372,0.9995516
19373,0.011749804
19374,0.002151507
19375,0.059942182
19376,0.15790795
19377,0.15089802
19378,0.36304653
19379,0.09942121
19380,0.27202123
19381,0.050153505
19382,0.20105562
19383,0.021473106
19384,0.0029177067
19385,0.9989849
19386,0.1233648
19387,0.976185
19388,0.060834724
19389,0.0006268788
19390,0.0040501156
19391,0.9928819
19392,0.99991155
19393,0.0017838827
19394,0.26035893
19395,0.45821682
19396,0.99961144
19397,0.0110134045
19398,0.7330997
19399,0.00833417
19400,0.9975908
19401,0.5437792
19402,0.1929859
19403,0.006551258
19404,0.99899906
19405,0.10456634
19406,0.051546462
19407,0.053259548
19408,0.067570426
19409,0.08699302
19410,0.106826946
19411,0.012192587
19412,0.99899906
19413,0.1401152
19414,0.07089176
19415,0.029692495
19416,0.22922443
19417,0.14927614
19418,0.032684695
19419,0.00037363262
19420,0.106431216
19421,0.9996542
19422,0.0024727748
19423,0.10968014
19424,0.0071615037
19425,0.00045481877
19426,0.1292839
19427,0.0081653455
19428,0.05241945
19429,0.9984339
19430,0.022639321
19431,0.18764251
19432,0.7697262
19433,0.13804035
19434,0.4053606
19435,0.4872188
19436,0.037799574
19437,0.051194165
19438,0.9382055
19439,0.00022259519
19440,0.9991991
19441,0.0046791257
19442,0.00016604243
19443,0.008247951
19444,0.08995842
19445,0.99925774
19446,0.31049097
19447,0.36487615
19448,0.033795048
19449,0.39846632
19450,0.019272624
19451,0.22675762
19452,0.23104581
19453,0.28318134
19454,0.053929485
19455,0.0017179365
19456,0.99979657
19457,0.1259195
19458,0.9836209
19459,0.004899481
19460,0.7325378
19461,0.10279294
19462,0.06233608
19463,0.16217698
19464,0.013751177
19465,0.055426463
19466,0.06671216
19467,0.1018126
19468,0.9992539
19469,0.5289187
19470,0.019651273
19471,0.99970466
19472,0.046851687
19473,0.2881206
19474,0.052505422
19475,0.9992235
19476,0.01957992
19477,0.086905874
19478,0.065686904
19479,0.9992792
19480,0.74710953
19481,0.22316113
19482,0.06888005
19483,0.19926359
19484,0.12548642
19485,0.31679365
19486,0.20400839
19487,0.48477855
19488,0.00073359103
19489,0.43501586
19490,0.005350283
19491,0.40643787
19492,0.99941146
19493,0.5742931
19494,0.025116442
19495,0.14602874
19496,7.864228e-05
19497,0.464293
19498,0.00031725733
19499,0.1222941
19500,0.4353348
19501,0.09488727
19502,0.033945903
19503,0.003424985
19504,0.08325166
19505,0.014786436
19506,0.015181547
19507,0.43447766
19508,0.9994979
19509,0.30590534
19510,0.06618913
19511,0.9993462
19512,0.08408637
19513,0.007020948
19514,0.25248224
19515,0.0044059805
19516,0.99916506
19517,0.11022348
19518,0.17865689
19519,0.03496266
19520,0.12577945
19521,0.018337216
19522,0.2113462
19523,0.9998549
19524,0.6246624
19525,0.005644504
19526,0.9995516
19527,0.010117099
19528,0.9996747
19529,0.0058510285
19530,0.13849048
19531,0.8843396
19532,0.9999701
19533,0.29169813
19534,0.6884629
19535,0.56028736
19536,0.7919536
19537,0.015519675
19538,0.047773905
19539,0.00979633
19540,0.0019610594
19541,0.00041277017
19542,0.011100782
19543,0.072808795
19544,0.044339832
19545,0.33331257
19546,0.24482702
19547,0.07076724
19548,0.082207955
19549,0.1616247
19550,0.3106913
19551,0.03121004
19552,0.14812917
19553,0.090487316
19554,0.00042089727
19555,0.022297207
19556,0.28663874
19557,0.4152185
19558,0.00018884301
19559,0.0007660398
19560,0.21639718
19561,0.21006496
19562,0.99931324
19563,0.073162764
19564,0.19806167
19565,8.259453e-05
19566,0.9998847
19567,0.9994979
19568,0.12179174
19569,0.56648374
19570,0.9112451
19571,0.052715577
19572,0.08099254
19573,0.11201937
19574,0.99954706
19575,0.0007387738
19576,0.11315503
19577,0.6481226
19578,0.0004693021
19579,0.04312896
19580,0.46751195
19581,0.021063725
19582,0.018123308
19583,0.00035582663
19584,0.05220714
19585,0.01552213
19586,0.03250297
19587,0.08188621
19588,0.58020216
19589,0.07664058
19590,0.08343208
19591,0.0015028265
19592,0.0014541327
19593,0.2167516
19594,0.3272608
19595,0.1381191
19596,0.33103535
19597,0.015830874
19598,0.065595105
19599,0.003247226
19600,0.03764359
19601,0.02891588
19602,0.99979657
19603,0.012424388
19604,0.8663241
19605,0.003907775
19606,0.07897474
19607,0.033887915
19608,0.07885328
19609,0.012993127
19610,0.12208986
19611,0.5301517
19612,0.43344727
19613,0.9999498
19614,0.19582306
19615,0.16785587
19616,0.0002728259
19617,0.00462614
19618,0.008642781
19619,0.0026278645
19620,0.00038818433
19621,0.012943998
19622,0.26780748
19623,0.014500976
19624,0.60646486
19625,0.5858113
19626,0.9989429
19627,0.2391085
19628,0.36101386
19629,0.028832009
19630,0.30218977
19631,0.07587133
19632,0.34476653
19633,0.03976759
19634,0.08489087
19635,0.018262414
19636,0.094083935
19637,0.8107225
19638,0.009604879
19639,0.9992667
19640,0.97143966
19641,0.01951406
19642,0.020992406
19643,0.028325262
19644,0.2963886
19645,0.011386604
19646,0.14192918
19647,0.9991211
19648,0.99930274
19649,0.0028811537
19650,0.043412317
19651,0.99995303
19652,0.012549327
19653,0.9992539
19654,0.5863661
19655,0.051490635
19656,0.28937882
19657,0.05281016
19658,0.00230221
19659,0.3150069
19660,0.024389597
19661,0.06260291
19662,0.10089752
19663,0.6069975
19664,0.24459647
19665,0.0050661666
19666,5.9992875e-05
19667,0.021128949
19668,0.22717063
19669,0.2447481
19670,0.13825326
19671,0.25047535
19672,0.0025972284
19673,0.50802076
19674,0.55812955
19675,0.0012100905
19676,0.0054032523
19677,0.015211118
19678,0.5024963
19679,0.07095981
19680,0.02556204
19681,0.059896093
19682,0.045515355
19683,0.9994036
19684,0.02760183
19685,0.9988084
19686,0.014912688
19687,0.004045166
19688,0.09097867
19689,0.26249322
19690,0.034085616
19691,0.0039229747
19692,0.009242011
19693,0.00033063086
19694,0.25748622
19695,0.2364631
19696,0.19483432
19697,0.11607664
19698,0.15919355
19699,0.12528636
19700,0.99941146
19701,0.0706084
19702,0.13134466
19703,0.027152311
19704,0.24099833
19705,0.00022590066
19706,0.03809368
19707,0.5000556
19708,0.040473342
19709,0.29976472
19710,0.9998828
19711,0.11845357
19712,0.5844498
19713,0.00031121104
19714,0.011030906
19715,0.099068575
19716,0.9993656
19717,0.7019187
19718,0.2719689
19719,0.99965155
19720,0.63345146
19721,0.05744334
19722,0.19934414
19723,0.53790313
19724,0.078194104
19725,0.10374626
19726,0.05367374
19727,0.09678832
19728,0.3024254
19729,0.38416687
19730,0.0051574577
19731,0.5551141
19732,0.009000001
19733,0.22941437
19734,0.17213339
19735,0.002106578
19736,0.1533921
19737,0.10735721
19738,0.026747514
19739,0.00029680962
19740,0.00011148626
19741,0.0069471137
19742,0.00025264497
19743,0.42191365
19744,0.03227923
19745,0.5687731
19746,0.20320436
19747,0.999897
19748,0.9996542
19749,0.32354674
19750,0.27709103
19751,0.510028
19752,0.9999374
19753,0.18024488
19754,0.0764406
19755,0.5248657
19756,0.16633548
19757,0.56462044
19758,0.021795249
19759,0.033249225
19760,0.009532511
19761,0.99992836
19762,0.06305104
19763,0.020566525
19764,0.3556863
19765,0.013557283
19766,0.00038524318
19767,0.9988631
19768,0.37647343
19769,0.004781461
19770,0.8924433
19771,0.009926062
19772,0.99484754
19773,0.16697823
19774,0.22245733
19775,0.058214474
19776,0.030783076
19777,0.04318751
19778,0.06965885
19779,0.0001421899
19780,0.020732583
19781,0.07475695
19782,0.09320585
19783,0.024859615
19784,0.115782216
19785,0.99918574
19786,0.87139595
19787,0.09389292
19788,0.99952626
19789,0.07758271
19790,0.045081962
19791,0.69534695
19792,0.031077463
19793,0.011068599
19794,0.029107502
19795,0.470538
19796,0.99778074
19797,0.31523666
19798,0.53892756
19799,0.73353845
19800,0.012145643
19801,0.014417187
19802,0.11308235
19803,0.647037
19804,0.54133743
19805,0.0066177747
19806,0.41317394
19807,0.009309102
19808,0.00050692237
19809,0.13046843
19810,0.31736702
19811,0.5156268
19812,0.998314
19813,0.07550648
19814,0.9948526
19815,0.056295406
19816,0.0120022595
19817,0.21443109
19818,0.09021403
19819,0.07686433
19820,0.05241799
19821,0.9996542
19822,0.040483233
19823,0.11244016
19824,0.99992836
19825,0.022138566
19826,0.019438406
19827,0.29944876
19828,0.22918053
19829,0.18211187
19830,0.58080983
19831,0.11328976
19832,0.9991794
19833,0.12033412
19834,0.9996346
19835,0.0026412897
19836,0.01467884
19837,0.9995975
19838,0.99814343
19839,0.00023122651
19840,5.2857988e-05
19841,0.07908834
19842,0.081446886
19843,0.0018337658
19844,0.015268275
19845,0.0980637
19846,0.99990153
19847,0.049559355
19848,0.00034227697
19849,0.0007500205
19850,0.00013209789
19851,0.27002934
19852,0.009960494
19853,0.00070128194
19854,0.031539023
19855,0.20625676
19856,0.99916506
19857,0.99912506
19858,0.019146089
19859,0.0050018197
19860,0.0039020532
19861,0.9992022
19862,0.17565443
19863,0.008674092
19864,0.9999485
19865,0.07900504
19866,0.9994306
19867,0.31940967
19868,0.93596315
19869,0.00945184
19870,0.067739636
19871,0.00021274916
19872,0.99914014
19873,0.043483134
19874,0.2784515
19875,0.31729653
19876,0.9177128
19877,0.99965155
19878,0.13525102
19879,0.39378008
19880,0.19358523
19881,0.9998828
19882,0.015512092
19883,0.0005747719
19884,0.14427486
19885,0.9996542
19886,0.028730122
19887,0.9992951
19888,0.66481215
19889,0.003093844
19890,0.42056704
19891,0.99911577
19892,0.091668025
19893,0.99963677
19894,0.004699871
19895,0.00233256
19896,0.10253978
19897,0.06576003
19898,0.15076482
19899,0.009960494
19900,0.033053752
19901,0.058505554
19902,0.0017279529
19903,0.09524862
19904,0.9974299
19905,0.0019306027
19906,0.84044033
19907,0.048345417
19908,0.017223768
19909,0.98946136
19910,0.048703652
19911,0.13854429
19912,0.0042867484
19913,0.9998549
19914,0.9993772
19915,0.26186225
19916,0.9994337
19917,0.23539189
19918,0.0009344972
19919,0.101149864
19920,0.7427065
19921,0.22888465
19922,0.48691463
19923,0.014569367
19924,0.1059222
19925,0.18383025
19926,0.03894116
19927,0.0007388857
19928,0.019314907
19929,0.012264671
19930,0.39998966
19931,0.0033128164
19932,0.005817121
19933,0.6098295
19934,0.56486714
19935,0.03649141
19936,0.23887174
19937,0.5256543
19938,0.090869054
19939,0.29620758
19940,0.13687615
19941,0.14059652
19942,0.11947408
19943,0.9996593
19944,0.0017211091
19945,0.24015711
19946,0.000112410504
19947,0.99945134
19948,0.102781095
19949,0.091069564
19950,0.9953675
19951,0.9996346
19952,0.05443567
19953,0.0917392
19954,0.39726537
19955,0.031632565
19956,0.28885952
19957,0.0005969492
19958,0.043404616
19959,0.07324643
19960,0.22087304
19961,0.1647579
19962,0.004575501
19963,0.9998673
19964,0.08071056
19965,0.11762815
19966,0.008940092
19967,0.0021798033
19968,0.09386821
19969,0.1409862
19970,0.0047243787
19971,0.1828675
19972,0.15548119
19973,0.0011541102
19974,0.2801803
19975,0.99954706
19976,0.040027183
19977,0.04442058
19978,0.03004813
19979,0.19108921
19980,0.9995372
19981,0.012449079
19982,0.040306676
19983,0.02660309
19984,0.9999167
19985,0.29134712
19986,0.99405634
19987,0.041612692
19988,0.0011415179
19989,0.99899906
19990,0.99878305
19991,0.59329253
19992,0.99564457
19993,0.0005030843
19994,0.13038151
19995,0.3675806
19996,0.0007118464
19997,0.04040429
19998,0.0045772935
19999,0.08448755
20000,0.096638314
20001,0.037777133
20002,0.0035164054
20003,0.008412731
20004,0.87529075
20005,0.008709223
20006,0.009792907
20007,0.046995033
20008,0.9858326
20009,0.00039149186
20010,0.005423776
20011,0.059163652
20012,0.7691735
20013,0.004010343
20014,0.023392994
20015,0.28165
20016,0.014872358
20017,0.12821227
20018,0.0011415179
20019,0.015049795
20020,0.059054974
20021,0.114509515
20022,0.10875728
20023,0.08113803
20024,0.011370239
20025,0.22531408
20026,0.60671866
20027,0.084980704
20028,0.64431673
20029,0.00010866777
20030,0.005841273
20031,0.22667718
20032,0.29084572
20033,0.108247355
20034,0.40338254
20035,0.0030938836
20036,0.0073076296
20037,0.9304495
20038,0.10680356
20039,0.02024176
20040,0.00016185742
20041,0.0043512005
20042,0.00043486693
20043,0.0031966588
20044,0.019715907
20045,0.99837
20046,0.9990687
20047,0.09551078
20048,0.99946076
20049,0.6072957
20050,0.99885464
20051,0.8464796
20052,0.99924386
20053,0.99919266
20054,0.6279622
20055,0.004138806
20056,0.11983911
20057,0.28082678
20058,0.002412314
20059,0.033433635
20060,0.17652346
20061,0.006904198
20062,0.13152722
20063,0.002908109
20064,0.067853585
20065,0.998434
20066,0.26896977
20067,0.059109658
20068,0.001169883
20069,0.99881905
20070,0.033290017
20071,0.00040879048
20072,0.07711913
20073,0.38773206
20074,0.9984407
20075,0.05766908
20076,0.006413935
20077,0.20457298
20078,0.31720093
20079,0.13931783
20080,0.002484535
20081,0.07290264
20082,0.016607843
20083,0.00017987272
20084,0.19752923
20085,0.6511563
20086,0.019150687
20087,0.1449228
20088,0.99922633
20089,0.059970513
20090,0.00218962
20091,0.9977229
20092,0.24520814
20093,0.99996257
20094,0.2118373
20095,0.005903503
20096,0.0074740024
20097,0.5820314
20098,0.9993455
20099,0.06023813
20100,0.034168348
20101,0.11531202
20102,0.077845104
20103,0.9996593
20104,0.50889415
20105,0.77676886
20106,0.0038739464
20107,0.20307413
20108,0.26123762
20109,0.0015955794
20110,0.9994899
20111,0.99996364
20112,0.99989426
20113,0.045413595
20114,0.9992951
20115,0.11691779
20116,0.34849575
20117,0.045774117
20118,0.08701396
20119,0.09994506
20120,0.054893773
20121,0.00785806
20122,0.30146456
20123,0.10346969
20124,0.6477422
20125,0.7494847
20126,0.108573206
20127,0.16243027
20128,0.0006674089
20129,0.0015419847
20130,0.107000895
20131,0.22096692
20132,0.03059025
20133,0.055091806
20134,0.0029204893
20135,0.098725885
20136,0.03321761
20137,0.16247603
20138,0.9992181
20139,0.9992704
20140,0.029595194
20141,0.0016202042
20142,0.45617825
20143,0.21312769
20144,0.7691735
20145,0.17020704
20146,0.056205995
20147,2.7712644e-05
20148,0.14354675
20149,0.110412836
20150,0.035571754
20151,0.17889331
20152,0.27081963
20153,0.12092418
20154,0.29092246
20155,0.010354696
20156,0.008888166
20157,0.10576552
20158,0.9996346
20159,0.9994405
20160,0.0022206933
20161,0.99881905
20162,0.60550654
20163,0.13208131
20164,0.2924561
20165,0.024142485
20166,0.17066588
20167,0.9992255
20168,0.9999175
20169,0.15502657
20170,0.25122464
20171,0.0014661212
20172,0.014680702
20173,0.114711046
20174,0.05002862
20175,0.014446413
20176,0.06551885
20177,0.0028876897
20178,0.98946136
20179,0.99906176
20180,0.026438085
20181,0.059942182
20182,0.09142434
20183,0.004415332
20184,0.9990687
20185,0.09467241
20186,0.027574712
20187,0.029813362
20188,0.028699376
20189,0.00046630105
20190,0.01050378
20191,0.0022798434
20192,0.3837672
20193,0.27701393
20194,0.06217697
20195,0.07774753
20196,0.0076233237
20197,0.012560766
20198,0.073257186
20199,0.19828731
20200,0.5342478
20201,0.16930884
20202,0.07712742
20203,0.13023017
20204,0.047859162
20205,0.11807259
20206,0.044522595
20207,0.3544339
20208,0.006274872
20209,0.21956769
20210,0.43502915
20211,0.5040005
20212,0.0811291
20213,0.008275957
20214,0.011490441
20215,0.03858454
20216,0.32732818
20217,0.9437144
20218,0.04370466
20219,0.0003462579
20220,0.09966041
20221,0.016627925
20222,0.008980093
20223,0.63031834
20224,0.033185713
20225,0.5437035
20226,0.012085535
20227,0.035973143
20228,0.0014509886
20229,0.4872711
20230,0.076274686
20231,0.13219894
20232,0.9998472
20233,0.15734367
20234,0.99992657
20235,0.00035389833
20236,0.5112835
20237,0.99925154
20238,0.023503996
20239,0.11009283
20240,0.004961755
20241,0.00019018978
20242,0.012177058
20243,0.9992667
20244,0.395852
20245,0.99953496
20246,0.009471848
20247,0.38919905
20248,0.20687999
20249,0.3422603
20250,0.15611489
20251,0.002737076
20252,0.0062124305
20253,0.77628595
20254,0.026560768
20255,0.016532332
20256,0.1216189
20257,0.18580619
20258,0.0023349328
20259,0.9989705
20260,0.0090692155
20261,0.00871173
20262,0.9992799
20263,0.20310652
20264,0.039890416
20265,0.99970526
20266,0.4359054
20267,0.008190423
20268,0.014724539
20269,0.29710418
20270,0.9990326
20271,0.4023003
20272,0.99894327
20273,0.9991399
20274,0.22520745
20275,0.108517036
20276,0.2328406
20277,0.8857174
20278,0.9984403
20279,0.6831597
20280,0.0038482922
20281,0.004619314
20282,0.14116777
20283,0.019657917
20284,0.0061371615
20285,0.03268251
20286,0.24493757
20287,0.045750514
20288,0.00033932104
20289,0.04884451
20290,0.00019723881
20291,0.0127423685
20292,0.091178544
20293,0.10761871
20294,0.0408075
20295,0.006614625
20296,0.99912304
20297,0.99483997
20298,0.2105977
20299,0.022706458
20300,0.035464965
20301,0.64918727
20302,0.026945928
20303,0.04890277
20304,0.41271365
20305,0.11374448
20306,0.5615021
20307,0.10590057
20308,0.109905735
20309,0.0007062474
20310,0.556749
20311,0.4180795
20312,0.99953794
20313,0.6695199
20314,0.013442817
20315,0.16499974
20316,0.057608306
20317,0.99996364
20318,0.057183042
20319,0.9996346
20320,0.007343796
20321,0.16809903
20322,0.123725414
20323,0.22892438
20324,0.11031547
20325,0.09594681
20326,0.82983035
20327,0.046998523
20328,0.0046932665
20329,0.74764454
20330,0.03787769
20331,0.46047997
20332,0.9791389
20333,0.6678459
20334,0.042814106
20335,0.0859273
20336,0.019980585
20337,0.04062445
20338,0.065383196
20339,0.9994087
20340,0.05969411
20341,0.04152898
20342,0.13101175
20343,0.08889316
20344,0.058229107
20345,0.8716473
20346,0.011238307
20347,0.091657884
20348,0.044265043
20349,0.65077204
20350,0.519513
20351,0.029673371
20352,0.36191565
20353,0.11423364
20354,0.9998491
20355,0.2966406
20356,0.02187504
20357,0.108610615
20358,0.0004200463
20359,0.01845022
20360,0.055344783
20361,0.010168895
20362,0.073716976
20363,0.025510013
20364,0.028904354
20365,0.52593344
20366,0.079746015
20367,0.9998472
20368,0.067224786
20369,0.20270123
20370,0.21367364
20371,0.004850084
20372,0.004405288
20373,0.09046197
20374,0.09481852
20375,0.9992539
20376,0.00036399966
20377,0.9829851
20378,0.13098359
20379,0.075849704
20380,0.010482975
20381,0.044408794
20382,0.16842306
20383,0.31711417
20384,0.031201787
20385,0.15882748
20386,0.9999628
20387,0.12282574
20388,0.15178545
20389,0.124324575
20390,0.23310739
20391,0.004472085
20392,0.28529617
20393,0.06489471
20394,0.08279857
20395,0.012351152
20396,0.9492601
20397,0.99945086
20398,0.9993395
20399,0.9982285
20400,0.0062688687
20401,0.031960543
20402,0.07867281
20403,0.355775
20404,0.99881905
20405,0.03531447
20406,0.22110717
20407,0.0036708675
20408,0.21896686
20409,0.0015271555
20410,0.9992538
20411,0.58444786
20412,0.9995802
20413,0.007554074
20414,0.9993291
20415,0.0005068523
20416,0.00684845
20417,0.6427778
20418,0.10007558
20419,0.062486146
20420,0.08807275
20421,0.051091347
20422,0.1948805
20423,0.28906134
20424,0.20288068
20425,0.011266089
20426,0.012257823
20427,0.99918574
20428,0.20530228
20429,0.10284273
20430,0.99921215
20431,0.3812716
20432,0.044314977
20433,0.0033937562
20434,0.0582975
20435,0.032768853
20436,0.00037797703
20437,0.9992149
20438,0.28668272
20439,0.042726487
20440,0.5722483
20441,0.02859801
20442,0.9985648
20443,0.99916506
20444,0.30995366
20445,0.15740648
20446,0.012206913
20447,0.9989618
20448,0.08171144
20449,0.3399096
20450,0.011280908
20451,0.06465985
20452,0.03466422
20453,0.056095067
20454,0.9994405
20455,0.048924986
20456,0.27737466
20457,0.45180124
20458,0.1811642
20459,0.5282454
20460,0.044078887
20461,0.051348362
20462,0.16324984
20463,0.24301626
20464,0.21156822
20465,0.75641143
20466,0.078237966
20467,0.8656308
20468,0.07411022
20469,0.16844091
20470,0.00014899738
20471,0.0018854503
20472,0.9998461
20473,0.1999223
20474,0.10132864
20475,0.6884629
20476,0.15756992
20477,0.09376799
20478,0.0032023161
20479,0.90325326
20480,0.028829245
20481,0.9986671
20482,0.00051896984
20483,0.10854618
20484,0.4027075
20485,0.04844497
20486,0.112192586
20487,0.00023273697
20488,0.99935824
20489,0.21904264
20490,0.99932444
20491,0.019978447
20492,0.0955891
20493,0.09414962
20494,0.058208045
20495,0.0062677045
20496,0.00043651307
20497,0.0065130205
20498,0.07023665
20499,7.4337426e-05
20500,0.56240886
20501,0.03751913
20502,0.00033063086
20503,0.9992482
20504,0.041459486
20505,0.03789798
20506,0.00050905265
20507,0.09789031
20508,0.19209091
20509,0.115857914
20510,0.6569113
20511,3.3117096e-05
20512,0.032262783
20513,0.20239806
20514,0.0064495755
20515,0.036641028
20516,0.9998312
20517,0.037436903
20518,0.0054274607
20519,0.7935537
20520,0.034330644
20521,0.11165797
20522,0.0006483887
20523,0.070326574
20524,0.12484727
20525,0.37757358
20526,0.08557657
20527,0.2822299
20528,0.00020334087
20529,0.47451913
20530,0.986145
20531,0.28646478
20532,0.035279267
20533,0.0291951
20534,0.7377168
20535,0.30849752
20536,0.0025992498
20537,0.12696312
20538,0.008677056
20539,0.02109414
20540,0.032337595
20541,0.06465659
20542,0.26119673
20543,0.0004534167
20544,0.99797064
20545,0.9989618
20546,0.2328268
20547,0.9990687
20548,0.0046100845
20549,0.26790085
20550,0.6394037
20551,0.048919164
20552,0.60953516
20553,0.0011415179
20554,0.17667894
20555,0.99784505
20556,0.0006847392
20557,0.00011656345
20558,0.99896336
20559,0.05863797
20560,0.0015558115
20561,0.121461906
20562,0.00070335413
20563,0.1667741
20564,0.06714839
20565,0.99919266
20566,0.7294188
20567,0.087094225
20568,0.9992667
20569,0.42121992
20570,0.005668626
20571,0.59123135
20572,7.5562726e-05
20573,0.09045597
20574,0.02030939
20575,0.07903301
20576,0.01899452
20577,0.9987392
20578,0.02199081
20579,0.9999416
20580,0.04531626
20581,0.22693051
20582,0.0018326882
20583,0.30695298
20584,0.00060466357
20585,0.9046963
20586,0.004958155
20587,0.99930274
20588,0.029108802
20589,0.022096477
20590,0.026198102
20591,0.3440934
20592,0.395852
20593,0.14073144
20594,0.048857026
20595,0.492304
20596,0.06950977
20597,0.9990687
20598,0.271035
20599,0.23552327
20600,0.25086665
20601,0.16230918
20602,0.0011852189
20603,0.22514461
20604,0.5951238
20605,0.070300765
20606,0.008747323
20607,0.9990121
20608,0.99928755
20609,0.20172678
20610,0.6414563
20611,0.2993907
20612,0.15858272
20613,0.41518447
20614,0.040773965
20615,0.22169769
20616,0.0035348851
20617,0.99912506
20618,0.08910917
20619,0.7791277
20620,0.0009208872
20621,0.07879897
20622,0.21061224
20623,0.9936069
20624,0.007993876
20625,0.9995802
20626,0.08541263
20627,0.1451894
20628,0.024694324
20629,0.0005061019
20630,0.24625374
20631,0.109866835
20632,0.0032174522
20633,0.1035252
20634,0.00037706885
20635,0.99944526
20636,0.0006102566
20637,0.083188385
20638,0.014672353
20639,0.041252755
20640,0.124114245
20641,0.039770816
20642,0.0066994256
20643,0.006692705
20644,0.29697135
20645,0.115397654
20646,0.26986063
20647,0.010528256
20648,0.9986671
20649,0.03151567
20650,0.0005720047
20651,0.99963677
20652,0.05696889
20653,0.02973045
20654,0.0034106
20655,0.09273954
20656,0.30115888
20657,0.0074279406
20658,0.0033937562
20659,0.13417174
20660,0.181717
20661,0.0044458127
20662,0.8110747
20663,2.472755e-05
20664,0.9993032
20665,0.18158834
20666,0.9999238
20667,0.0074986084
20668,0.69829124
20669,0.006471232
20670,0.08927116
20671,0.9999143
20672,0.9995396
20673,0.06827093
20674,0.2340625
20675,0.09171211
20676,0.010126124
20677,0.006461096
20678,0.0025832718
20679,0.0002911482
20680,0.9993874
20681,0.23055406
20682,0.2297953
20683,0.15075043
20684,0.12797292
20685,0.10977644
20686,0.9999404
20687,0.20960392
20688,0.09225145
20689,0.007031377
20690,0.00062711246
20691,0.09098752
20692,0.004699871
20693,0.6884629
20694,0.102570765
20695,0.0032574884
20696,0.99727744
20697,0.0077005103
20698,0.9762408
20699,0.2195618
20700,0.6590117
20701,0.016642136
20702,0.18373235
20703,0.004807678
20704,0.47333896
20705,0.00018880448
20706,0.046444755
20707,0.99996364
20708,0.23401217
20709,0.28541416
20710,0.098776065
20711,0.00043715438
20712,0.048642237
20713,0.75713927
20714,0.99989724
20715,0.042332564
20716,0.99911267
20717,0.99952924
20718,0.0031541009
20719,0.5685138
20720,0.26278138
20721,0.01606366
20722,0.111172765
20723,0.7273052
20724,0.00021381292
20725,0.26722535
20726,0.00023842529
20727,0.046480257
20728,0.05395832
20729,0.66864264
20730,0.87139595
20731,0.36782643
20732,0.18240502
20733,0.08205434
20734,0.106703304
20735,0.06670101
20736,0.55776596
20737,0.6796845
20738,0.0017856404
20739,0.4652528
20740,0.9998765
20741,0.0009886709
20742,0.2883358
20743,0.006757191
20744,0.10854901
20745,0.14044333
20746,0.0004006422
20747,0.0061755967
20748,0.00022685707
20749,0.5168419
20750,0.9999466
20751,0.002264168
20752,0.0028269
20753,0.44548684
20754,0.067892455
20755,0.9858326
20756,0.008378551
20757,0.071683384
20758,0.16712528
20759,0.99996364
20760,0.25301346
20761,0.5155236
20762,0.06574468
20763,0.9995943
20764,0.014059871
20765,0.13113855
20766,0.4718854
20767,0.9995943
20768,0.00047126893
20769,0.38010144
20770,0.010384992
20771,0.09697751
20772,0.16242601
20773,0.986145
20774,0.12417576
20775,0.9991924
20776,0.046751037
20777,0.23231828
20778,0.03305639
20779,0.35353762
20780,0.5694888
20781,0.22912933
20782,0.99921644
20783,0.2910645
20784,0.08058037
20785,0.09163571
20786,0.0001870062
20787,0.9992299
20788,0.99963677
20789,0.15450339
20790,0.12012454
20791,0.22878693
20792,0.057723105
20793,0.051404383
20794,0.9982553
20795,0.0020960574
20796,0.17599443
20797,0.0040773246
20798,0.03326804
20799,0.024887992
20800,0.0010275547
20801,0.9995753
20802,0.03188323
20803,0.18991503
20804,0.053145047
20805,0.9990195
20806,0.9982285
20807,0.26391596
20808,0.54662067
20809,0.019383572
20810,0.018346015
20811,0.002216876
20812,0.9989618
20813,0.0025066505
20814,0.40818802
20815,0.99321085
20816,0.004233762
20817,0.054212958
20818,0.07738626
20819,0.007909286
20820,0.99897194
20821,0.0100652175
20822,0.99827945
20823,0.99942136
20824,0.1361356
20825,0.0731397
20826,0.9809441
20827,0.05879276
20828,0.23063506
20829,0.009476179
20830,0.6787642
20831,0.00059388136
20832,0.027044293
20833,0.08597237
20834,0.19384721
20835,0.08946276
20836,0.0031966588
20837,0.9989202
20838,0.21670751
20839,0.21956258
20840,0.0069001447
20841,0.9995975
20842,0.99953794
20843,0.99989355
20844,0.04270999
20845,0.4039016
20846,0.0028100153
20847,0.02832265
20848,0.56040156
20849,0.48284677
20850,0.0699913
20851,0.017519789
20852,0.9995802
20853,0.043987095
20854,0.80652416
20855,0.023893818
20856,0.260639
20857,0.008334502
20858,0.13376345
20859,0.119430296
20860,0.13964166
20861,0.08969934
20862,0.07466819
20863,0.48085326
20864,0.0707023
20865,0.04531132
20866,0.35686088
20867,0.24943501
20868,0.9699916
20869,0.081692256
20870,0.998872
20871,0.31187004
20872,0.60262203
20873,0.046778183
20874,0.2425797
20875,0.04532489
20876,0.04176099
20877,0.00832177
20878,0.08986433
20879,0.24780893
20880,0.08365006
20881,0.22982606
20882,0.049211625
20883,0.017788995
20884,0.00967637
20885,0.14082101
20886,0.02476938
20887,0.00037379278
20888,0.30412552
20889,0.006145561
20890,0.023476094
20891,0.048469126
20892,0.17560503
20893,0.9995906
20894,0.09240226
20895,0.014937554
20896,0.025736127
20897,0.017216463
20898,0.68232673
20899,0.0061142733
20900,0.01611124
20901,0.00033780662
20902,0.004110093
20903,0.0033742418
20904,0.6690855
20905,0.004416164
20906,0.145852
20907,0.08871503
20908,0.9993104
20909,0.0033115994
20910,0.0148072615
20911,0.99953794
20912,0.9998772
20913,0.20322163
20914,0.75111514
20915,0.5707627
20916,0.049299844
20917,0.99790204
20918,0.00012212439
20919,0.99914014
20920,0.0742818
20921,0.02004472
20922,0.0589018
20923,0.58080983
20924,0.036906708
20925,0.008241969
20926,0.0003703167
20927,0.058908764
20928,0.9993813
20929,0.054601047
20930,0.03809368
20931,0.031325087
20932,0.27816007
20933,0.6641003
20934,0.061777897
20935,0.023921391
20936,0.20121005
20937,0.99992657
20938,0.20343009
20939,0.9992792
20940,8.256429e-05
20941,0.99912506
20942,0.5421229
20943,0.5670847
20944,0.083988704
20945,0.052090917
20946,0.046704147
20947,0.9967468
20948,0.07475695
20949,0.012739496
20950,0.11533114
20951,0.14252411
20952,0.04774059
20953,0.015475086
20954,0.15006498
20955,0.01593072
20956,0.9999466
20957,0.00081204355
20958,0.0671999
20959,0.21426219
20960,0.10378031
20961,0.53990626
20962,0.0077331453
20963,0.27103597
20964,0.93038255
20965,0.119296946
20966,0.85264623
20967,0.06646369
20968,0.4912095
20969,0.19548255
20970,0.02381484
20971,0.39425716
20972,0.15599892
20973,0.99896336
20974,0.056251265
20975,0.004444124
20976,0.9994475
20977,0.0040628477
20978,0.99637187
20979,0.89556205
20980,0.02350386
20981,0.08828409
20982,0.13125236
20983,0.083589844
20984,0.059638023
20985,0.005916555
20986,0.058263462
20987,0.21733662
20988,0.99912304
20989,0.66398567
20990,0.029347507
20991,0.00755339
20992,0.109161705
20993,8.055177e-05
20994,0.06638729
20995,0.023957614
20996,0.99936765
20997,0.99940383
20998,0.7367007
20999,0.002427265
21000,0.11192636
21001,0.0020960574
21002,0.049357288
21003,0.70402217
21004,0.9991794
21005,0.59149295
21006,0.7924109
21007,0.9993358
21008,0.117073245
21009,0.02234576
21010,0.030716168
21011,0.9984407
21012,0.06585044
21013,0.68428737
21014,0.06660801
21015,0.016627925
21016,0.986145
21017,0.23313205
21018,0.056895927
21019,0.00020387107
21020,0.5493757
21021,0.008173108
21022,0.06266282
21023,0.0002967089
21024,0.010026825
21025,0.69769233
21026,0.9991654
21027,0.0801958
21028,0.13547821
21029,0.5551141
21030,0.16917329
21031,0.036972206
21032,0.11561053
21033,0.06896513
21034,0.3602371
21035,0.32271317
21036,0.99637187
21037,0.6754437
21038,0.9994941
21039,0.1065231
21040,5.9271984e-05
21041,0.8061289
21042,0.99896383
21043,0.05351135
21044,0.18368025
21045,0.0029814069
21046,0.07799362
21047,0.00019671368
21048,0.65550923
21049,0.06294879
21050,0.092534915
21051,0.0028565913
21052,0.03734736
21053,0.9999143
21054,0.14313962
21055,0.9994892
21056,0.3617242
21057,0.023040967
21058,0.9991654
21059,0.9998472
21060,0.003378012
21061,0.12907161
21062,1.8315974e-05
21063,0.0060132043
21064,0.51345587
21065,0.031322014
21066,0.31932575
21067,0.24073918
21068,0.11822678
21069,0.76918405
21070,0.085890286
21071,0.061461806
21072,0.17382586
21073,0.99925405
21074,0.9991924
21075,0.99965155
21076,0.00023387256
21077,0.9989705
21078,0.0005366067
21079,0.99859446
21080,0.069542065
21081,0.9981883
21082,0.045494705
21083,0.005041229
21084,0.0016153097
21085,0.9994941
21086,0.009599918
21087,0.07214105
21088,0.06299422
21089,0.12531887
21090,0.98037636
21091,0.031204164
21092,0.06528674
21093,0.077985495
21094,0.03506071
21095,0.79368186
21096,0.00058045617
21097,0.14640072
21098,0.19033097
21099,0.0016202042
21100,0.9980691
21101,0.36466292
21102,0.005063437
21103,0.18244186
21104,0.6535004
21105,0.02698346
21106,0.10181715
21107,0.09848492
21108,0.21387206
21109,0.09021006
21110,0.0013508487
21111,0.18336532
21112,0.0021475467
21113,0.30392563
21114,0.0021364721
21115,0.04517562
21116,0.0005411599
21117,0.005747627
21118,0.09300091
21119,0.1436703
21120,0.11286067
21121,0.0026381176
21122,0.0061639072
21123,0.4633948
21124,0.02134877
21125,0.64607
21126,0.17225234
21127,0.010140635
21128,0.82840925
21129,0.6186831
21130,0.06435855
21131,0.9992704
21132,0.029773625
21133,0.9906351
21134,0.48151606
21135,0.00432499
21136,0.04298377
21137,0.99921215
21138,0.00979633
21139,0.0069574444
21140,0.0017246503
21141,0.5218692
21142,0.002457853
21143,0.0012402796
21144,0.34040615
21145,0.00015098693
21146,0.0010072956
21147,0.005219539
21148,0.9996208
21149,0.34251836
21150,0.8075115
21151,0.22161046
21152,0.99989617
21153,0.99944025
21154,0.0041140653
21155,0.99959403
21156,0.14066721
21157,0.013848786
21158,0.0074740024
21159,0.018688818
21160,0.05525925
21161,0.99947006
21162,0.04450492
21163,0.15806891
21164,0.010987622
21165,0.018645152
21166,0.16392343
21167,0.05830599
21168,0.14183788
21169,0.9968631
21170,0.012096681
21171,0.023192674
21172,0.54446
21173,0.079152025
21174,0.14566408
21175,0.022991236
21176,0.009857384
21177,0.008605302
21178,0.008450109
21179,0.015422758
21180,0.12366737
21181,0.10418551
21182,0.047406383
21183,0.99994373
21184,0.15545039
21185,0.07249589
21186,0.031330053
21187,0.031010866
21188,0.050486345
21189,0.060212217
21190,0.0027307174
21191,0.011188024
21192,0.31059128
21193,0.0009198258
21194,0.99911267
21195,0.06412138
21196,0.26035795
21197,0.5252528
21198,0.9999466
21199,0.01585169
21200,0.0019091553
21201,0.0005433816
21202,0.05231524
21203,0.029678995
21204,0.1884487
21205,0.010920184
21206,0.3664377
21207,0.053480722
21208,0.0075739794
21209,0.29169384
21210,0.19956373
21211,0.99484754
21212,0.2822299
21213,0.025665555
21214,0.5441618
21215,0.061862774
21216,0.21188861
21217,0.0454172
21218,0.99944335
21219,0.13578467
21220,0.070680834
21221,0.013927366
21222,0.2144382
21223,0.07253529
21224,0.025239509
21225,2.8171544e-05
21226,0.009900793
21227,0.049345843
21228,0.3219387
21229,0.050547536
21230,0.027136173
21231,0.05210747
21232,0.030149383
21233,0.000614337
21234,0.034143873
21235,0.048795793
21236,0.00031118523
21237,0.20107786
21238,0.09929928
21239,0.017454224
21240,0.48694623
21241,0.026228791
21242,0.07983654
21243,0.9995819
21244,0.18236716
21245,0.9996542
21246,0.40240362
21247,0.10846768
21248,0.18305515
21249,0.0001295699
21250,0.14213213
21251,0.8663241
21252,0.0056160325
21253,0.11853604
21254,0.013978302
21255,0.100812815
21256,0.21450391
21257,0.0004015132
21258,0.0031187213
21259,0.0116705485
21260,0.0014027675
21261,0.10308336
21262,0.07139735
21263,0.13271984
21264,0.0628336
21265,8.678643e-05
21266,0.50992966
21267,0.998953
21268,0.07831099
21269,0.002131514
21270,0.01008543
21271,0.067135066
21272,0.14622432
21273,0.0450904
21274,0.008689394
21275,0.07701869
21276,0.2732168
21277,0.05657881
21278,0.09182908
21279,0.7781018
21280,0.9945262
21281,0.35872206
21282,0.99995756
21283,0.0011633625
21284,0.023800416
21285,0.027865987
21286,0.059503086
21287,0.17537978
21288,0.9991596
21289,0.99966383
21290,0.9999558
21291,0.33171389
21292,9.850727e-05
21293,0.057453167
21294,0.11731051
21295,0.059607226
21296,0.28938147
21297,0.015708037
21298,5.622618e-05
21299,0.005384588
21300,0.056717187
21301,0.12084431
21302,0.0007417596
21303,0.002951243
21304,0.1586158
21305,0.0017856404
21306,0.5742179
21307,0.07677538
21308,0.22595781
21309,0.3677004
21310,0.109961234
21311,0.9992235
21312,0.17135623
21313,0.025239509
21314,0.03831067
21315,0.004949869
21316,0.026890853
21317,0.012788082
21318,0.053384624
21319,0.041467994
21320,0.0044846595
21321,0.06667295
21322,0.060536336
21323,0.99911267
21324,0.041310363
21325,0.03540307
21326,0.9972408
21327,0.29509434
21328,0.003318385
21329,0.9984407
21330,0.9997062
21331,0.0526735
21332,0.3944064
21333,0.05997515
21334,0.08766203
21335,0.17851627
21336,0.21533063
21337,0.018702649
21338,0.5392652
21339,0.006840547
21340,0.2588238
21341,0.051710863
21342,0.052292395
21343,0.2463128
21344,0.28136054
21345,0.014316452
21346,0.9996593
21347,0.99965894
21348,0.29297215
21349,0.00040578822
21350,0.29303244
21351,0.16422321
21352,0.10234279
21353,0.19276433
21354,0.050832752
21355,0.99560463
21356,0.112923644
21357,0.78396034
21358,0.9998828
21359,0.07138521
21360,0.016296018
21361,0.99947006
21362,0.2501354
21363,0.001964739
21364,0.070044786
21365,0.006818886
21366,0.073092
21367,0.007651064
21368,0.99916124
21369,0.7667009
21370,0.14653856
21371,0.00016250815
21372,0.018631624
21373,0.9992924
21374,0.79012716
21375,0.08064361
21376,0.7896989
21377,0.9986903
21378,0.9993388
21379,0.2732795
21380,0.0047806073
21381,0.11483295
21382,0.5565395
21383,0.37023288
21384,0.00031807597
21385,0.009417562
21386,0.9994473
21387,0.0010008825
21388,0.9992539
21389,0.23799635
21390,0.10970251
21391,0.0025016824
21392,0.11974986
21393,0.0032834744
21394,0.42333165
21395,0.086056486
21396,0.115578905
21397,0.14189717
21398,0.097409055
21399,0.13083181
21400,0.7691735
21401,0.00060007814
21402,0.12367701
21403,0.00016230388
21404,0.01870279
21405,0.1608195
21406,0.986145
21407,0.035064355
21408,0.12067269
21409,0.014571222
21410,0.015322937
21411,0.9993144
21412,0.7009971
21413,0.20650674
21414,0.7316651
21415,0.5845876
21416,0.5490119
21417,0.07653712
21418,0.08585145
21419,0.027013944
21420,0.00028938922
21421,0.123167075
21422,0.034357052
21423,0.00033890043
21424,0.0062032617
21425,0.071031466
21426,0.10782763
21427,0.067953646
21428,0.08875291
21429,0.005834186
21430,0.9999019
21431,0.9990702
21432,0.99961734
21433,0.080853514
21434,0.9989849
21435,0.015579684
21436,0.0019334585
21437,0.16562454
21438,0.006005645
21439,0.21751623
21440,0.99937564
21441,0.031778496
21442,0.00027702813
21443,0.09866152
21444,0.03190152
21445,0.09553237
21446,0.0003520276
21447,0.14061235
21448,0.7546476
21449,0.1395562
21450,0.9999038
21451,0.54772234
21452,0.03967945
21453,0.011146042
21454,0.11294099
21455,0.006718816
21456,6.376903e-05
21457,0.083194725
21458,0.00015002755
21459,0.003817427
21460,0.085791074
21461,0.054055218
21462,0.09011154
21463,0.031417366
21464,0.0001649984
21465,0.5951238
21466,0.00043396643
21467,0.10039555
21468,9.5776544e-05
21469,0.043331835
21470,0.10903312
21471,0.0012344546
21472,0.10184917
21473,0.9999558
21474,0.13530819
21475,0.99945086
21476,0.0007489217
21477,0.38774446
21478,0.00064328633
21479,0.017936435
21480,0.03590563
21481,0.15926835
21482,0.21318509
21483,0.022342632
21484,0.69829124
21485,0.08621201
21486,0.36700538
21487,0.037208565
21488,0.0025293566
21489,0.036070045
21490,0.046558175
21491,0.1187949
21492,0.998872
21493,0.36841547
21494,0.9996424
21495,0.007559108
21496,0.9995516
21497,0.010783382
21498,0.6951226
21499,0.08970898
21500,0.07273153
21501,0.14245392
21502,1.4488134e-05
21503,0.04227765
21504,0.023051092
21505,0.4814528
21506,0.030905303
21507,0.066726886
21508,0.00048214788
21509,0.99950457
21510,0.0040014125
21511,0.71270096
21512,0.0019464302
21513,0.07462461
21514,0.0051742317
21515,0.17983396
21516,0.10999955
21517,0.7196161
21518,0.0119553525
21519,0.9996176
21520,0.00047820748
21521,0.20288068
21522,0.0009217037
21523,0.0699616
21524,0.4768519
21525,0.016686823
21526,0.00035516542
21527,0.11100058
21528,9.9780154e-05
21529,0.02692387
21530,0.013618497
21531,0.07723727
21532,0.124856025
21533,0.16574188
21534,0.0043419427
21535,0.019779814
21536,0.09664162
21537,0.99992573
21538,0.012370676
21539,0.29051888
21540,0.19253561
21541,0.015460418
21542,0.039069414
21543,0.009867017
21544,0.869359
21545,0.0018057765
21546,0.0017838147
21547,0.2339498
21548,0.5392808
21549,0.022638373
21550,0.014561612
21551,7.612636e-05
21552,0.118101716
21553,0.9984407
21554,0.20632325
21555,0.0005285658
21556,0.9994879
21557,0.49681583
21558,0.013087404
21559,0.003159521
21560,0.056372743
21561,0.8859169
21562,0.031562883
21563,0.52252567
21564,0.0039243908
21565,0.1284461
21566,0.0033937562
21567,0.7589741
21568,0.0074263792
21569,0.48491916
21570,0.14371249
21571,0.5546595
21572,0.09010807
21573,0.1876066
21574,0.005332961
21575,0.004087429
21576,0.19399893
21577,0.9969426
21578,0.9996008
21579,0.036671422
21580,0.012991702
21581,0.19361204
21582,0.98946136
21583,0.006481907
21584,0.029305441
21585,0.46412417
21586,0.0054611755
21587,0.32793495
21588,0.0011541102
21589,0.999418
21590,0.016586456
21591,0.044183865
21592,0.097409055
21593,0.9992588
21594,0.037986204
21595,0.32802966
21596,0.13652559
21597,0.9996346
21598,0.005848416
21599,0.06213847
21600,0.064963475
21601,0.054051597
21602,0.0028495952
21603,0.05566914
21604,0.17616172
21605,0.5841353
21606,0.8302653
21607,0.00024668474
21608,0.063617736
21609,0.9998673
21610,0.00013294669
21611,0.99881905
21612,0.11233603
21613,0.0022206933
21614,0.99989426
21615,0.158088
21616,0.11527021
21617,0.9995906
21618,0.63301414
21619,0.03422669
21620,0.044889294
21621,0.99961
21622,0.1114837
21623,0.999597
21624,0.0056161177
21625,0.035841994
21626,0.9998325
21627,0.0038018278
21628,0.00024622158
21629,0.115007795
21630,0.030463003
21631,0.005350283
21632,0.20731404
21633,0.9991702
21634,0.01992091
21635,0.99979657
21636,0.27188042
21637,0.6597763
21638,0.00016569812
21639,0.11691779
21640,0.9407735
21641,0.102703005
21642,0.0012938331
21643,0.99939907
21644,0.0027885654
21645,0.10281689
21646,0.052778594
21647,0.00049704313
21648,0.018014072
21649,0.00537696
21650,0.0011415179
21651,0.00055527507
21652,0.9999279
21653,0.58410925
21654,0.9996542
21655,0.0021559123
21656,0.018436119
21657,0.9996074
21658,0.99994373
21659,0.00021541555
21660,0.06688449
21661,0.30849752
21662,0.9991867
21663,0.07299319
21664,0.13174476
21665,0.25265068
21666,0.00028611225
21667,0.9989219
21668,0.025768453
21669,0.07985486
21670,0.4490303
21671,0.9991697
21672,0.0036186567
21673,0.002002177
21674,0.02273057
21675,0.0070214635
21676,0.004949853
21677,0.9989618
21678,0.045323636
21679,0.99944717
21680,0.01680089
21681,0.14093734
21682,0.57778335
21683,0.34565338
21684,0.003434007
21685,0.028832356
21686,0.031473402
21687,0.3279035
21688,0.022162719
21689,0.10672044
21690,0.049659073
21691,0.29567844
21692,0.012078454
21693,0.0033404343
21694,0.1195669
21695,0.020967588
21696,0.040088028
21697,0.15658148
21698,0.00087992684
21699,0.55787915
21700,0.0033009597
21701,0.0011055777
21702,0.03336341
21703,0.010784629
21704,0.0256732
21705,0.9995617
21706,0.7384361
21707,0.67908245
21708,0.004271466
21709,0.09859856
21710,0.00021894611
21711,0.4385538
21712,0.004137283
21713,0.99988246
21714,0.9994087
21715,0.05962397
21716,0.040703464
21717,0.049582627
21718,0.12043839
21719,0.99933654
21720,0.9993393
21721,0.099904485
21722,0.017770816
21723,0.18936552
21724,0.8267577
21725,0.055129398
21726,0.4233663
21727,0.99990034
21728,0.9998802
21729,0.15136148
21730,0.9998758
21731,0.5619567
21732,0.00040550248
21733,0.4526162
21734,0.6368617
21735,0.03703435
21736,0.003963245
21737,0.028338458
21738,0.9984407
21739,0.1046539
21740,0.06690181
21741,0.11393714
21742,0.110359475
21743,0.0001030119
21744,0.11374311
21745,0.041537043
21746,0.24150594
21747,0.009485493
21748,0.6867396
21749,0.26438951
21750,0.044732645
21751,0.9991843
21752,0.020049667
21753,0.0009898739
21754,0.4317192
21755,0.076225884
21756,0.0024607002
21757,0.12071731
21758,0.01987192
21759,0.04663868
21760,0.048527863
21761,0.5691191
21762,0.53136545
21763,0.09264438
21764,0.0071148877
21765,0.022599652
21766,0.9995802
21767,0.99896336
21768,0.32719696
21769,0.32350495
21770,0.23439181
21771,0.005150829
21772,0.2746325
21773,0.013349111
21774,0.0003740612
21775,0.009387419
21776,0.0002524889
21777,0.01389879
21778,0.24513328
21779,0.111300215
21780,0.0009812738
21781,0.011165236
21782,0.02740961
21783,0.23138995
21784,0.4471566
21785,0.00010065141
21786,0.7806544
21787,0.124125324
21788,0.003038517
21789,0.15725511
21790,0.09664162
21791,0.17431425
21792,0.08340819
21793,0.1329061
21794,0.9992248
21795,0.10914284
21796,0.043601006
21797,0.011109433
21798,0.998872
21799,0.0061257915
21800,3.5710287e-05
21801,0.015543787
21802,0.00015273702
21803,0.9987833
21804,0.08816714
21805,0.03672166
21806,0.1296633
21807,0.00087747996
21808,0.1948805
21809,0.01755363
21810,0.09436802
21811,0.009008782
21812,0.01768897
21813,0.34676436
21814,0.9991554
21815,0.073553026
21816,0.11108495
21817,0.79931384
21818,0.007832431
21819,0.283608
21820,4.585429e-05
21821,0.33391476
21822,0.00020676326
21823,0.045016974
21824,0.009655149
21825,0.9992538
21826,0.07041256
21827,0.5951238
21828,0.28890157
21829,0.79368186
21830,0.046503935
21831,0.07292738
21832,0.017475776
21833,0.08313888
21834,0.45441547
21835,0.28066966
21836,0.1591738
21837,0.3083208
21838,0.14186382
21839,0.0023625102
21840,0.00013506667
21841,0.22001274
21842,0.0011415179
21843,0.03861364
21844,0.075028665
21845,0.1625084
21846,0.03489914
21847,0.015310272
21848,0.022430008
21849,0.38210863
21850,0.037739605
21851,0.060830504
21852,0.09789814
21853,0.30598658
21854,0.0080066975
21855,0.99919266
21856,0.08841833
21857,0.08770526
21858,0.04807033
21859,0.3701698
21860,0.00055311836
21861,0.092379265
21862,0.007344342
21863,0.046377447
21864,0.19921656
21865,0.24972196
21866,0.9994605
21867,0.9994423
21868,0.9988084
21869,0.9986273
21870,0.2510876
21871,0.99953496
21872,0.48003447
21873,0.14965716
21874,0.08332941
21875,0.04002209
21876,0.006290963
21877,0.14621927
21878,0.044310875
21879,0.21906301
21880,0.05316092
21881,0.08730244
21882,0.14386147
21883,0.26776585
21884,0.12797967
21885,0.3780353
21886,0.25833157
21887,0.001584213
21888,0.028840983
21889,0.10549955
21890,0.49198776
21891,0.9984407
21892,0.061315395
21893,0.0074986084
21894,0.544891
21895,0.99919266
21896,0.15307675
21897,0.16751042
21898,0.746817
21899,0.039573133
21900,0.762164
21901,0.75713927
21902,0.0045031547
21903,0.9995327
21904,0.6364947
21905,0.24553348
21906,0.017681496
21907,0.23755307
21908,0.022495061
21909,0.14792854
21910,0.6834196
21911,0.088201985
21912,0.7113685
21913,0.060266916
21914,0.43816787
21915,0.05227831
21916,0.01356347
21917,0.71048856
21918,0.18536127
21919,0.025789954
21920,0.9992667
21921,0.0033937562
21922,0.02467421
21923,0.999897
21924,0.094983086
21925,0.12912415
21926,0.019058796
21927,0.053611085
21928,0.16054817
21929,0.59329253
21930,0.02468007
21931,0.7292011
21932,0.13242708
21933,0.05346478
21934,0.18546247
21935,0.97751004
21936,0.09848117
21937,0.03778146
21938,0.20524697
21939,0.010498142
21940,0.004156447
21941,0.01819118
21942,0.000507386
21943,0.106762074
21944,0.099668235
21945,0.0004772737
21946,0.99991155
21947,0.010053636
21948,0.044049673
21949,0.99192977
21950,0.9998802
21951,0.9985933
21952,0.99874216
21953,0.0039814003
21954,0.9995943
21955,0.0116287945
21956,0.9998908
21957,0.02686663
21958,0.00044210174
21959,0.00040959346
21960,0.18160518
21961,0.0045147683
21962,0.26776585
21963,0.1483903
21964,0.998872
21965,0.25688672
21966,0.010448788
21967,0.09580374
21968,0.5660731
21969,0.16508138
21970,0.023632219
21971,0.11548486
21972,0.019127239
21973,0.0006532911
21974,0.58998704
21975,0.106501915
21976,0.13547821
21977,0.34238893
21978,0.12642759
21979,0.34324875
21980,0.025216691
21981,0.3408883
21982,0.1791415
21983,0.70500684
21984,0.067324705
21985,0.027631944
21986,0.05105883
21987,0.64918727
21988,0.60671866
21989,0.00020216683
21990,0.147368
21991,0.85264623
21992,0.9982805
21993,0.11936066
21994,0.99958223
21995,0.09550095
21996,0.35505748
21997,0.029137446
21998,0.012454063
21999,7.179533e-05
22000,0.10776855
22001,0.000812427
22002,0.032495707
22003,0.0082300585
22004,0.7224455
22005,0.11753992
22006,1.5497228e-05
22007,0.00042838746
22008,0.08597645
22009,0.619118
22010,0.6949932
22011,0.14405118
22012,0.37221056
22013,0.06804704
22014,0.99896336
22015,0.32402784
22016,0.00042222504
22017,0.9996593
22018,0.35890734
22019,0.03624953
22020,0.010447768
22021,0.05264809
22022,0.116555005
22023,0.9998192
22024,0.00043665437
22025,0.07274144
22026,0.6552789
22027,0.000335259
22028,0.0756446
22029,0.019060494
22030,0.99702966
22031,0.9995029
22032,0.01500566
22033,0.4547795
22034,0.0006182401
22035,0.21418568
22036,0.13158624
22037,0.17342271
22038,0.7460454
22039,0.18620752
22040,0.9990306
22041,0.015406141
22042,0.9993437
22043,0.058695383
22044,0.0005852576
22045,0.010058202
22046,0.99919266
22047,0.0023816798
22048,0.9987696
22049,0.018147595
22050,0.004534629
22051,0.13146627
22052,0.26882094
22053,0.46340206
22054,0.42777598
22055,0.16551447
22056,0.022595087
22057,0.10402932
22058,0.00012448433
22059,0.258499
22060,0.07572042
22061,0.003573474
22062,0.98019755
22063,0.99950325
22064,0.22057132
22065,0.027456637
22066,0.9988084
22067,0.024238762
22068,0.031204447
22069,0.15582892
22070,0.0043780217
22071,0.02185012
22072,0.54078394
22073,0.0003211284
22074,0.013325844
22075,0.0009127259
22076,0.0004394678
22077,0.8731211
22078,0.058933742
22079,0.14590546
22080,0.6781782
22081,0.06600954
22082,0.99989426
22083,0.058703657
22084,0.9999175
22085,0.015868012
22086,0.00078597857
22087,0.1680809
22088,0.2865287
22089,0.85029435
22090,0.061135575
22091,0.03347499
22092,0.99912304
22093,0.12515873
22094,0.08328519
22095,0.0003005539
22096,0.0048951865
22097,0.07406328
22098,0.029899552
22099,0.004123784
22100,0.00064036244
22101,0.9998802
22102,0.19205001
22103,0.0033898011
22104,0.113066375
22105,0.007166659
22106,0.023294121
22107,0.076981276
22108,0.4401407
22109,0.29413858
22110,0.070100926
22111,0.9998312
22112,0.16575842
22113,0.00022794832
22114,0.9836209
22115,0.054601047
22116,0.9948822
22117,0.48037368
22118,0.17239115
22119,0.4567374
22120,0.00021668903
22121,0.5551141
22122,0.031319447
22123,0.07074753
22124,0.17440203
22125,0.5118208
22126,0.0042120945
22127,0.36803234
22128,0.00599202
22129,0.32347015
22130,0.008401219
22131,0.0029927536
22132,0.075924665
22133,0.00017932797
22134,0.005227436
22135,0.23559874
22136,0.9961726
22137,0.055439755
22138,0.38410312
22139,0.0009195138
22140,0.90482277
22141,0.33511722
22142,0.10739809
22143,0.16054817
22144,0.12244751
22145,0.9994648
22146,0.31490156
22147,0.10635599
22148,0.001247015
22149,0.043509908
22150,0.0954204
22151,0.000522415
22152,0.0076208743
22153,0.05582001
22154,0.085756786
22155,0.1878516
22156,0.14299625
22157,0.035616778
22158,0.5461679
22159,0.00045645447
22160,0.094369285
22161,0.5951238
22162,0.048328977
22163,0.16298544
22164,0.12683482
22165,0.076041736
22166,0.122867234
22167,0.00013199514
22168,0.699672
22169,0.00032851472
22170,0.100673825
22171,0.35878724
22172,0.0077079684
22173,0.18848778
22174,0.014346354
22175,0.841938
22176,0.22452854
22177,0.1419743
22178,0.41225356
22179,0.99992967
22180,0.15649238
22181,0.004110093
22182,0.09858999
22183,0.007888845
22184,0.027199503
22185,0.06279439
22186,0.15004598
22187,0.04937376
22188,0.021350732
22189,0.038315278
22190,0.13155207
22191,0.9998802
22192,0.28350005
22193,0.19138202
22194,0.022167481
22195,0.099168345
22196,0.28433877
22197,0.9984407
22198,0.0005872007
22199,0.5542218
22200,0.4146122
22201,0.99990153
22202,0.12245894
22203,0.9990049
22204,0.20288068
22205,0.0057768384
22206,0.9995345
22207,0.00033745044
22208,0.0008856543
22209,3.7078244e-05
22210,0.043510474
22211,0.7494768
22212,0.0068419627
22213,0.07391463
22214,0.9994941
22215,0.07211214
22216,0.9953675
22217,0.013048028
22218,0.11906793
22219,0.010811374
22220,0.58444786
22221,0.03282896
22222,0.082687356
22223,0.31545255
22224,0.18178476
22225,0.0038300196
22226,0.0030419566
22227,0.30368268
22228,0.0033525722
22229,0.30832028
22230,0.69634527
22231,0.007532251
22232,0.9990326
22233,0.00017293196
22234,0.094618
22235,0.16242601
22236,0.00079128303
22237,0.016733332
22238,0.12710583
22239,0.017788136
22240,0.45154276
22241,0.041997015
22242,0.09159472
22243,0.17211469
22244,0.042258926
22245,0.53186905
22246,0.99778074
22247,0.0016598619
22248,0.07329943
22249,0.84264845
22250,0.025902528
22251,0.11364056
22252,0.2084456
22253,0.9995701
22254,0.01687506
22255,0.1904182
22256,0.5335512
22257,0.08182118
22258,0.9992393
22259,0.008247732
22260,0.0743704
22261,0.009908954
22262,0.06645247
22263,0.26060984
22264,0.03195845
22265,0.7052046
22266,0.004032708
22267,0.31495613
22268,0.006866011
22269,0.30786556
22270,0.18886155
22271,0.0006560283
22272,0.0017312082
22273,0.21239607
22274,0.007999524
22275,0.16574624
22276,0.99921834
22277,0.07938786
22278,0.99933654
22279,0.5619567
22280,0.0135173
22281,0.06849509
22282,0.0002721593
22283,0.7741011
22284,0.0054963334
22285,0.99911267
22286,0.00016875747
22287,0.082764976
22288,0.07108904
22289,0.075372286
22290,0.5529133
22291,0.0049283765
22292,0.9994475
22293,0.1517115
22294,0.3996208
22295,0.68527454
22296,0.00011704361
22297,0.13822117
22298,0.0034118204
22299,0.22062051
22300,0.07416182
22301,0.041516602
22302,0.9985306
22303,0.6973976
22304,0.1782895
22305,0.2668077
22306,0.09905534
22307,0.08241154
22308,0.00689727
22309,0.002059058
22310,0.027275173
22311,0.11558585
22312,0.15702003
22313,0.99985814
22314,0.6884629
22315,0.21627143
22316,0.6761388
22317,0.047465038
22318,0.0068681473
22319,0.122237556
22320,0.0011010892
22321,0.050446037
22322,0.13033436
22323,0.0003386779
22324,0.19563007
22325,0.99914014
22326,0.09658496
22327,0.48363253
22328,0.1486512
22329,0.0037351486
22330,0.011056153
22331,0.00034322718
22332,0.119375475
22333,0.033864953
22334,0.012804122
22335,0.78655916
22336,0.00018537292
22337,0.042028077
22338,0.12941994
22339,0.9993709
22340,0.000119407705
22341,0.004417353
22342,0.06230316
22343,0.005727454
22344,0.99994373
22345,0.14376083
22346,0.303552
22347,0.47374755
22348,0.99929607
22349,0.9992887
22350,0.18355869
22351,0.51520574
22352,0.00024240774
22353,0.09623217
22354,0.25501385
22355,0.049492802
22356,0.06216924
22357,0.231581
22358,0.66864264
22359,0.0087649375
22360,0.9995516
22361,0.083437964
22362,0.10265219
22363,0.0009397061
22364,0.058871727
22365,0.013926129
22366,0.21820803
22367,0.14005262
22368,0.22272629
22369,0.13056879
22370,0.35001978
22371,0.1959052
22372,0.030557772
22373,0.9989618
22374,0.54052496
22375,0.99946874
22376,0.072092876
22377,0.052081276
22378,0.34224018
22379,0.010587803
22380,0.023833392
22381,0.00013796687
22382,0.41800335
22383,0.02677102
22384,0.057420507
22385,0.9999149
22386,0.078888856
22387,0.070103854
22388,0.3271692
22389,0.01364947
22390,0.9985933
22391,0.13167924
22392,0.010935893
22393,0.048374724
22394,0.009652359
22395,0.13113855
22396,0.106157474
22397,0.18969984
22398,0.061444573
22399,0.9984175
22400,0.67042303
22401,0.1835992
22402,0.45364434
22403,0.036458086
22404,0.01716978
22405,0.99936587
22406,0.028182527
22407,0.1139456
22408,0.9992792
22409,0.01191528
22410,0.046762183
22411,0.054601047
22412,0.0004307529
22413,8.899475e-05
22414,0.74872977
22415,0.9939089
22416,0.9994087
22417,0.0019118366
22418,0.12169073
22419,0.4104765
22420,0.005637897
22421,0.9995029
22422,0.04546438
22423,0.03363682
22424,0.2956844
22425,0.008028713
22426,0.004020786
22427,0.99930274
22428,0.32153243
22429,0.99907315
22430,0.0008076267
22431,0.0046932665
22432,0.99984443
22433,0.057009727
22434,0.009511598
22435,0.9994036
22436,0.0034169543
22437,0.07209337
22438,0.9995943
22439,0.9999429
22440,0.98946136
22441,0.0018661239
22442,0.89945126
22443,0.068017066
22444,0.9991352
22445,0.03649328
22446,0.11831258
22447,0.10554229
22448,0.25886622
22449,0.7562674
22450,0.9999553
22451,0.10784477
22452,0.002165521
22453,0.19260474
22454,0.9999156
22455,0.008432946
22456,0.9996346
22457,0.0029927536
22458,0.99994373
22459,0.016658211
22460,0.9992694
22461,0.00014359302
22462,0.010773859
22463,0.005332064
22464,0.22318247
22465,0.5951238
22466,0.9996208
22467,0.9998325
22468,0.00029842014
22469,0.76442146
22470,0.4839401
22471,0.99994385
22472,0.07106401
22473,0.09466984
22474,0.005717017
22475,0.055910617
22476,0.074152894
22477,0.08631864
22478,0.59437793
22479,0.00011317123
22480,0.06584435
22481,0.0663852
22482,0.7902083
22483,0.01810807
22484,0.9999325
22485,0.014912688
22486,0.053201284
22487,0.0067214286
22488,0.042276483
22489,0.005783585
22490,0.019980585
22491,0.99989724
22492,0.036153067
22493,0.22084224
22494,0.105358176
22495,0.18290536
22496,0.123701915
22497,0.8204148
22498,0.013260204
22499,0.06687528
22500,0.9809441
22501,0.07364612
22502,0.002792752
22503,0.78013307
22504,0.015976077
22505,0.00015400143
22506,0.031121295
22507,0.08847887
22508,0.050364878
22509,0.0057061533
22510,6.45267e-05
22511,0.0056884415
22512,0.066739984
22513,0.012347858
22514,0.21850546
22515,0.9990127
22516,0.040821157
22517,0.7637452
22518,0.97960794
22519,0.14837131
22520,0.2068517
22521,0.006122114
22522,0.000711432
22523,0.007619616
22524,0.00043646523
22525,0.031236893
22526,0.41364372
22527,0.022495061
22528,0.7886353
22529,0.18253627
22530,0.14973235
22531,0.42507842
22532,0.005439417
22533,0.0022316002
22534,0.9994357
22535,0.09402772
22536,0.03828348
22537,0.14292406
22538,0.015168613
22539,0.00044556847
22540,0.11479959
22541,0.779982
22542,0.34419066
22543,0.7734133
22544,0.4108016
22545,0.21422274
22546,0.0028322658
22547,0.018553054
22548,0.29976496
22549,0.3237077
22550,0.7273052
22551,0.08700982
22552,0.09960553
22553,0.51634264
22554,0.8245368
22555,0.00729013
22556,0.043985747
22557,0.027274573
22558,0.018210359
22559,0.99887115
22560,0.0791601
22561,0.009401036
22562,0.10958479
22563,0.81137484
22564,0.023396105
22565,0.9983012
22566,0.18610686
22567,6.863054e-05
22568,0.011038378
22569,0.9999105
22570,0.9994844
22571,0.0060473676
22572,0.15873422
22573,0.0066613513
22574,0.12911025
22575,0.14435598
22576,0.05649626
22577,0.0423569
22578,0.09433948
22579,0.0017236859
22580,0.9193756
22581,0.10661202
22582,0.23878607
22583,0.9992754
22584,0.19665903
22585,0.02359341
22586,0.0018661425
22587,2.872182e-05
22588,0.6902014
22589,0.027943978
22590,0.9993886
22591,0.99896383
22592,0.054683592
22593,0.040588025
22594,0.00083492557
22595,0.0010618662
22596,0.99574727
22597,0.006384505
22598,0.008419675
22599,0.03147679
22600,0.43590486
22601,0.0025429514
22602,0.08414984
22603,0.1474488
22604,0.014282733
22605,0.17604887
22606,0.0060542645
22607,0.058054272
22608,0.0050373035
22609,0.0015764313
22610,0.03842246
22611,0.38416687
22612,0.08306852
22613,0.039599422
22614,0.0002851148
22615,0.99955064
22616,8.583245e-05
22617,0.026087167
22618,0.99985814
22619,0.7939928
22620,0.052572813
22621,0.02273057
22622,0.021489725
22623,0.27158293
22624,0.1270464
22625,0.037860617
22626,0.03374061
22627,0.24080993
22628,0.86674494
22629,0.6822648
22630,0.99987483
22631,0.024350137
22632,0.64809734
22633,0.00012696601
22634,0.043682363
22635,0.00024483714
22636,0.9993506
22637,0.32295793
22638,0.01565394
22639,0.02917811
22640,0.010285378
22641,0.05590571
22642,0.0027090877
22643,0.07423137
22644,0.02998297
22645,0.009427215
22646,0.06902299
22647,0.140676
22648,0.00014033551
22649,0.12972057
22650,0.9953675
22651,0.42327183
22652,0.01396209
22653,0.99965894
22654,0.00016794649
22655,0.07856908
22656,0.99941146
22657,0.05744272
22658,0.13974796
22659,0.007844966
22660,0.06574981
22661,0.09411959
22662,0.99954706
22663,0.08988683
22664,0.99797064
22665,0.4922632
22666,0.0013877136
22667,0.6562034
22668,0.0032898681
22669,0.01489331
22670,0.58998704
22671,0.08317323
22672,0.017008804
22673,0.6998637
22674,0.05276992
22675,0.19298945
22676,0.11390929
22677,0.014797136
22678,0.25495723
22679,0.21994261
22680,0.32306653
22681,0.0094892355
22682,0.12408467
22683,0.11901433
22684,0.09706961
22685,0.9992957
22686,0.090310216
22687,0.0010027422
22688,0.99964
22689,0.00096445665
22690,0.17726363
22691,0.015683511
22692,0.015961466
22693,0.99958915
22694,0.0051889694
22695,0.025239587
22696,0.9930414
22697,0.47891402
22698,0.0030832684
22699,0.00064962916
22700,0.0072488775
22701,0.35927117
22702,0.99985814
22703,0.9982943
22704,0.7364363
22705,0.9998673
22706,0.7267975
22707,0.7356309
22708,0.99921834
22709,5.6939723e-05
22710,0.57158214
22711,0.014953525
22712,0.009092673
22713,0.00757323
22714,0.002419088
22715,0.25557372
22716,0.060371526
22717,0.59294397
22718,0.004605002
22719,0.009046604
22720,0.21469106
22721,2.9567072e-05
22722,0.9982187
22723,0.16428016
22724,0.0009688155
22725,0.9999422
22726,0.99949753
22727,0.11047518
22728,0.009618296
22729,0.0022206933
22730,0.008161269
22731,0.26244712
22732,0.99987555
22733,0.6183433
22734,0.1625321
22735,0.00832338
22736,0.025491633
22737,0.1856058
22738,0.0003155599
22739,0.103295565
22740,0.6183433
22741,0.5803234
22742,0.32664827
22743,0.009611241
22744,0.09693025
22745,0.0023794184
22746,0.9999422
22747,0.10340829
22748,0.18697654
22749,0.00080234697
22750,0.9989567
22751,0.36403188
22752,0.44140565
22753,0.11700125
22754,0.23805623
22755,0.15784791
22756,0.0002765352
22757,0.0003294927
22758,0.004118336
22759,0.0962924
22760,0.012588855
22761,0.99885964
22762,0.1339947
22763,0.0012667207
22764,0.010956833
22765,0.1538453
22766,5.7720413e-06
22767,0.99912506
22768,0.008113009
22769,0.14312841
22770,0.07896351
22771,0.13822202
22772,0.9291982
22773,0.0010886769
22774,0.0109184645
22775,0.9984364
22776,0.4465112
22777,0.15004735
22778,0.9042196
22779,0.9990107
22780,0.006579248
22781,0.10404094
22782,0.19623554
22783,0.13301797
22784,0.6822625
22785,0.016977731
22786,0.08182701
22787,0.99752825
22788,0.9982285
22789,0.002106578
22790,0.121749915
22791,0.9971976
22792,0.68451464
22793,0.12085548
22794,0.99525416
22795,0.00010867212
22796,0.08403933
22797,0.1216868
22798,0.029921401
22799,0.12702468
22800,0.098708645
22801,0.020605018
22802,0.99889237
22803,0.006661175
22804,0.104901314
22805,0.013085783
22806,0.14623186
22807,0.0014305203
22808,0.00077883154
22809,0.2243249
22810,0.04464186
22811,0.06483992
22812,0.03224536
22813,0.033024974
22814,0.02114004
22815,0.12259527
22816,0.46840253
22817,0.009248873
22818,0.009957926
22819,0.13344474
22820,0.06998866
22821,4.181385e-05
22822,0.06407827
22823,0.00018845555
22824,0.9998472
22825,0.093810715
22826,0.010920184
22827,0.10999836
22828,0.6697357
22829,0.012793952
22830,0.0005601016
22831,0.27680537
22832,0.11010547
22833,0.094226025
22834,0.005819618
22835,0.99952686
22836,0.22913504
22837,0.99902785
22838,0.1423788
22839,0.24640107
22840,0.03731959
22841,0.011163404
22842,0.14446358
22843,0.0018103826
22844,0.2514355
22845,0.014316452
22846,0.13322295
22847,0.07885402
22848,0.89141023
22849,0.018282622
22850,0.004660655
22851,0.99995756
22852,0.9995577
22853,0.24536651
22854,0.041093998
22855,0.13010676
22856,0.41788116
22857,0.37640318
22858,0.99663514
22859,0.011230785
22860,0.011237968
22861,0.25031176
22862,0.012114662
22863,0.106555335
22864,0.049420014
22865,0.24094567
22866,0.99992836
22867,0.0443982
22868,0.24633016
22869,0.69056946
22870,0.020590099
22871,0.084158055
22872,0.024396427
22873,0.0320304
22874,0.15640305
22875,0.008247732
22876,0.0046316017
22877,0.0035460214
22878,0.998872
22879,0.996283
22880,0.09327683
22881,0.04290838
22882,0.9994405
22883,0.99922836
22884,0.2618445
22885,0.0112955
22886,0.27773872
22887,0.051723022
22888,0.044797618
22889,0.11280054
22890,0.08446301
22891,0.615875
22892,0.0035950728
22893,0.0018326882
22894,0.0051566036
22895,0.037551034
22896,0.99806064
22897,0.52573055
22898,0.034337282
22899,0.06946183
22900,0.5586711
22901,0.05087649
22902,0.08762642
22903,0.6951226
22904,0.02168728
22905,0.00030265152
22906,0.49126297
22907,0.2119596
22908,0.11598307
22909,0.3969899
22910,0.13142107
22911,0.99846894
22912,0.6000723
22913,0.033713903
22914,0.007047459
22915,0.05072831
22916,0.99989426
22917,0.04230238
22918,0.06872235
22919,0.003781369
22920,0.07650232
22921,0.016147304
22922,0.00018450376
22923,0.15516688
22924,0.6481261
22925,0.42795396
22926,0.052124705
22927,0.42521313
22928,0.15110496
22929,0.9998828
22930,0.0033518774
22931,0.07263407
22932,0.06632624
22933,0.17717828
22934,0.1717035
22935,0.6079763
22936,0.9996424
22937,0.016148971
22938,0.605169
22939,0.0462875
22940,0.20869094
22941,0.022931257
22942,0.9992799
22943,0.0048010186
22944,0.34948346
22945,0.05273786
22946,0.104477346
22947,0.9997216
22948,0.9969289
22949,6.0665807e-05
22950,0.66941875
22951,0.57690054
22952,0.049124386
22953,0.00017560637
22954,0.9999399
22955,0.030357346
22956,0.9999325
22957,0.08847887
22958,0.0019657172
22959,0.0005082173
22960,0.064585194
22961,0.9990687
22962,0.04907041
22963,0.9999553
22964,0.0033937562
22965,0.42540604
22966,0.0037488027
22967,0.76886743
22968,0.0019633735
22969,0.14723587
22970,0.0012007104
22971,0.07721196
22972,0.00031024855
22973,0.36766753
22974,0.034636438
22975,0.22104126
22976,0.11013215
22977,0.62365603
22978,0.0008894556
22979,0.07389743
22980,0.99977654
22981,0.09984001
22982,0.0067512025
22983,0.004551097
22984,0.20288068
22985,0.010285378
22986,0.08361348
22987,0.99922836
22988,0.003565574
22989,0.008992152
22990,0.0030724928
22991,0.12660858
22992,0.04406361
22993,0.22741027
22994,0.012493287
22995,0.61584806
22996,0.8413851
22997,0.07716404
22998,0.04038491
22999,0.26303253
23000,0.016683921
23001,0.012743904
23002,0.034689344
23003,0.9999175
23004,0.0056160325
23005,0.00027240382
23006,0.46283856
23007,0.17226739
23008,0.04836984
23009,0.014957943
23010,0.7958942
23011,0.0029794346
23012,0.17040199
23013,0.079287514
23014,0.004110093
23015,0.019170646
23016,0.025789954
23017,0.10071705
23018,0.0029163212
23019,0.055986103
23020,0.017693037
23021,0.0076982444
23022,0.013092651
23023,0.026947226
23024,0.13553403
23025,0.99912506
23026,0.013450686
23027,0.99986374
23028,0.003938646
23029,0.4451748
23030,0.019024491
23031,0.008071855
23032,0.99886715
23033,0.114236474
23034,0.18089531
23035,0.007425543
23036,0.00034216212
23037,0.0037661814
23038,0.0003527008
23039,2.323334e-05
23040,0.10853578
23041,0.80953944
23042,0.00097132893
23043,0.03875481
23044,0.026020039
23045,0.54048264
23046,0.66864264
23047,0.2217174
23048,0.011441739
23049,0.28672686
23050,0.31224468
23051,0.004367461
23052,0.035736937
23053,0.13143356
23054,0.18995653
23055,0.35724127
23056,0.9995802
23057,0.0138103
23058,0.99912304
23059,0.9994116
23060,0.10284016
23061,0.99942833
23062,0.22605431
23063,0.074771285
23064,0.57488364
23065,0.2787354
23066,0.18819675
23067,0.037710052
23068,0.65745896
23069,0.18628712
23070,0.9836209
23071,0.7009096
23072,0.070299126
23073,0.0028164377
23074,0.9980691
23075,0.99982905
23076,0.006359363
23077,0.0005046233
23078,0.07813255
23079,0.08918718
23080,0.013989911
23081,0.0042419718
23082,0.011699283
23083,0.06796588
23084,0.06878361
23085,0.15433215
23086,0.29051223
23087,0.027628675
23088,0.15409979
23089,0.6407379
23090,0.09987053
23091,0.75713927
23092,0.29488078
23093,0.00052593014
23094,0.35619527
23095,0.8302653
23096,0.99971086
23097,0.62900215
23098,0.0006678371
23099,0.9998147
23100,0.5506662
23101,0.48586404
23102,0.11574444
23103,0.028390761
23104,0.11414727
23105,0.029617598
23106,0.0045813103
23107,0.99920815
23108,0.15645255
23109,0.08146805
23110,0.11067048
23111,0.010259844
23112,0.054233525
23113,0.016292693
23114,0.007815959
23115,0.08491182
23116,0.03480218
23117,0.29047573
23118,0.074393116
23119,0.9999628
23120,0.0057324935
23121,0.08294686
23122,0.012309845
23123,0.0017633353
23124,0.7139008
23125,0.9993863
23126,0.011740544
23127,0.080756105
23128,0.33028746
23129,0.07762302
23130,0.016771212
23131,0.045048956
23132,0.0060073757
23133,0.9988582
23134,0.038497943
23135,0.09400831
23136,0.014769503
23137,0.0035756936
23138,0.00031159134
23139,0.07652682
23140,0.20194034
23141,0.99989426
23142,0.58998704
23143,0.99945134
23144,0.99887115
23145,0.08171705
23146,0.26840428
23147,0.056105938
23148,0.0029570565
23149,0.6529238
23150,0.15267278
23151,0.12694052
23152,0.9999628
23153,0.13344474
23154,0.5292047
23155,0.00055202836
23156,0.9988772
23157,0.08450714
23158,0.08735689
23159,0.17366776
23160,0.05581534
23161,0.10939882
23162,0.30359495
23163,0.9992694
23164,0.7355186
23165,0.00019259332
23166,0.0038861134
23167,0.1668821
23168,0.0015213311
23169,0.08869393
23170,0.5225747
23171,0.13107851
23172,0.0862562
23173,0.002745522
23174,0.085811175
23175,0.22820781
23176,0.99954045
23177,0.00833417
23178,0.9993455
23179,0.010086619
23180,0.13179097
23181,0.004822034
23182,0.18573922
23183,0.025254706
23184,0.7020048
23185,0.99914014
23186,0.3337859
23187,0.99995804
23188,0.09692
23189,0.30997497
23190,0.34237137
23191,0.05921328
23192,0.019853726
23193,0.18088646
23194,0.23210482
23195,0.05807618
23196,0.99916697
23197,0.15355907
23198,0.0074740024
23199,0.999493
23200,0.13447267
23201,0.6693813
23202,0.03584734
23203,0.32534802
23204,0.2255401
23205,0.004001709
23206,0.99889696
23207,0.4648558
23208,0.06681139
23209,0.2566542
23210,0.046065573
23211,0.4091329
23212,0.06680153
23213,0.0041930196
23214,0.013223183
23215,0.99919266
23216,0.2781443
23217,0.045199968
23218,0.000996647
23219,0.99963117
23220,0.0038501262
23221,0.87139595
23222,0.00015638028
23223,0.13109623
23224,0.012164502
23225,0.16811076
23226,0.99917346
23227,0.00034059572
23228,0.5785743
23229,0.99953496
23230,0.119533435
23231,0.039862942
23232,0.0395596
23233,0.09518195
23234,0.9987833
23235,0.26224533
23236,0.06395014
23237,0.40187758
23238,0.029434597
23239,0.058666043
23240,0.9999113
23241,0.0028802496
23242,0.014102577
23243,0.038359378
23244,0.99996364
23245,0.0002732742
23246,0.018210832
23247,0.009149339
23248,0.24301626
23249,0.11868725
23250,0.2295932
23251,0.0008842435
23252,0.0005139866
23253,0.8155142
23254,0.05017691
23255,0.12749414
23256,0.9992393
23257,0.998872
23258,0.99989307
23259,0.08560389
23260,0.0046932665
23261,0.008233349
23262,0.99909365
23263,0.11152276
23264,0.7494847
23265,0.49573624
23266,0.091303185
23267,0.04309605
23268,0.04374565
23269,0.28111508
23270,0.060341153
23271,0.026677761
23272,0.77291393
23273,0.19682597
23274,0.10034658
23275,0.008584272
23276,0.036681354
23277,0.048583135
23278,0.24680309
23279,0.00013600118
23280,0.6396759
23281,0.09349101
23282,0.26101807
23283,0.00085827557
23284,0.00012269728
23285,0.10507695
23286,0.05021325
23287,0.045630597
23288,0.9997665
23289,0.036251247
23290,0.99942744
23291,0.19950733
23292,0.022019418
23293,0.26278138
23294,0.99878246
23295,0.12781353
23296,0.023223124
23297,0.041336138
23298,0.9982187
23299,0.042720854
23300,0.010934043
23301,0.9999325
23302,0.6947346
23303,0.0016710224
23304,0.03915926
23305,0.5142801
23306,0.00027334588
23307,0.09593285
23308,0.080828965
23309,0.007174191
23310,0.5190371
23311,0.000110319495
23312,0.001883324
23313,0.16868995
23314,0.3447167
23315,0.24877705
23316,0.0715304
23317,0.023576321
23318,0.00061288197
23319,0.048796747
23320,0.01770694
23321,0.5394875
23322,0.19219077
23323,0.73502696
23324,0.28350005
23325,0.00010189942
23326,0.022592
23327,0.1479149
23328,0.4809053
23329,0.006157548
23330,0.057867583
23331,0.088362165
23332,0.0025387977
23333,0.93038255
23334,0.4277775
23335,0.10934826
23336,0.00037093446
23337,0.15956104
23338,0.17418131
23339,0.9989728
23340,0.22045676
23341,0.0146844825
23342,0.13615979
23343,0.64962274
23344,0.017143214
23345,0.07277308
23346,0.37422052
23347,0.0003181072
23348,0.99921644
23349,0.080485605
23350,0.88537747
23351,0.605169
23352,0.9999125
23353,0.104660116
23354,0.01464441
23355,0.12691958
23356,0.15519564
23357,0.99959403
23358,0.0022312638
23359,0.9993388
23360,0.99992573
23361,0.10981998
23362,0.0036230173
23363,0.74308175
23364,0.047805607
23365,0.9991416
23366,0.5535706
23367,0.08624447
23368,0.055067174
23369,0.7445266
23370,0.8440559
23371,0.15386324
23372,6.9163965e-05
23373,0.26278138
23374,0.28460166
23375,0.023872513
23376,0.9999038
23377,0.9994941
23378,0.039309204
23379,0.012605817
23380,0.1694019
23381,0.2902844
23382,0.00042863828
23383,0.06255981
23384,0.9987205
23385,0.03004813
23386,0.25413847
23387,0.011530616
23388,0.0015870671
23389,0.19452845
23390,0.00086243474
23391,0.9994648
23392,0.09535711
23393,0.0011633625
23394,0.0923306
23395,0.34731853
23396,0.060668316
23397,0.99996364
23398,2.9350784e-05
23399,0.74999255
23400,0.99906176
23401,0.007988935
23402,0.011415099
23403,0.0015652918
23404,0.00039453086
23405,0.25309363
23406,0.11032322
23407,0.00010790643
23408,0.9990121
23409,0.00934861
23410,0.068313226
23411,0.10577033
23412,0.14308533
23413,0.21835059
23414,0.063908644
23415,0.18674102
23416,0.009970292
23417,0.1328979
23418,0.801459
23419,0.022495061
23420,0.3327411
23421,0.0039328416
23422,0.1455179
23423,0.05080892
23424,0.998953
23425,0.059202045
23426,0.3691271
23427,0.026289409
23428,0.9996593
23429,0.097643286
23430,0.3115466
23431,0.010086619
23432,0.99989426
23433,0.0672297
23434,0.24831097
23435,0.61185724
23436,0.99995303
23437,0.10814477
23438,0.0010993907
23439,0.00022523395
23440,0.0016854391
23441,0.13570748
23442,0.09753755
23443,0.4497984
23444,0.7480326
23445,0.13203254
23446,0.045628056
23447,0.9994306
23448,0.0855363
23449,0.9998325
23450,0.22752993
23451,0.17145395
23452,0.9987569
23453,0.00034125827
23454,0.015176872
23455,0.0011496213
23456,0.09801049
23457,0.0005961725
23458,0.9993592
23459,0.012129222
23460,0.062329534
23461,0.6445821
23462,0.22666048
23463,0.3280446
23464,0.0038395224
23465,0.015692016
23466,0.9999461
23467,0.6055613
23468,0.0015633546
23469,0.99944526
23470,0.18304108
23471,0.23684959
23472,0.07818103
23473,0.057826728
23474,0.010285378
23475,0.746817
23476,0.00033537188
23477,0.99941146
23478,0.9999038
23479,0.00020806829
23480,0.010401803
23481,0.10115299
23482,0.063103385
23483,0.42315876
23484,0.41601595
23485,0.1444822
23486,0.9995802
23487,0.9999113
23488,0.03420266
23489,0.012655299
23490,0.25494263
23491,0.0713864
23492,0.24466346
23493,0.06781987
23494,0.25713646
23495,0.12779683
23496,0.2536809
23497,0.3634528
23498,0.041635994
23499,0.65523845
23500,0.049869057
23501,0.043981563
23502,0.9992386
23503,0.076938584
23504,0.5937154
23505,0.028702505
23506,0.026142333
23507,0.10115429
23508,0.01024481
23509,0.042261686
23510,0.0028811726
23511,0.01594921
23512,0.004941719
23513,0.52185845
23514,0.99894327
23515,0.016785592
23516,0.000105439125
23517,0.049297784
23518,0.11207931
23519,0.0072109415
23520,0.013275586
23521,0.08536833
23522,0.9995598
23523,0.17083195
23524,0.32084873
23525,0.02311155
23526,0.00052740047
23527,0.9989219
23528,0.55912095
23529,0.031000558
23530,0.0131969275
23531,0.20802043
23532,0.08802422
23533,0.1562992
23534,0.076322176
23535,0.09783453
23536,0.05128156
23537,0.99781466
23538,0.0138103
23539,0.06246823
23540,0.9995701
23541,0.002486694
23542,0.005923494
23543,0.3815199
23544,0.012125058
23545,0.9970258
23546,0.75238
23547,0.30857432
23548,0.04016565
23549,0.05603245
23550,0.066512614
23551,0.9998758
23552,0.013610333
23553,0.029121216
23554,0.0045518405
23555,0.9990761
23556,0.00078802893
23557,0.014540757
23558,0.99943584
23559,0.99944574
23560,0.00043935113
23561,0.0064892964
23562,0.00049495674
23563,0.040786136
23564,0.30521655
23565,0.008180529
23566,0.27744228
23567,0.3239955
23568,0.026600553
23569,0.26643044
23570,0.0008118176
23571,0.27170148
23572,0.008411629
23573,0.038652245
23574,0.004544336
23575,0.015538417
23576,0.72144824
23577,0.99965155
23578,0.17041197
23579,0.99953496
23580,0.25500953
23581,0.11787188
23582,0.0648016
23583,0.020457378
23584,0.00479085
23585,0.43162456
23586,0.31013685
23587,0.069845065
23588,0.79368186
23589,0.037786916
23590,0.056153987
23591,0.041876335
23592,0.02033743
23593,0.091785274
23594,0.0020595097
23595,0.22432677
23596,0.2334682
23597,0.18157476
23598,0.22982852
23599,0.045832552
23600,0.0029705607
23601,0.12726071
23602,0.020622246
23603,0.06625324
23604,0.9994306
23605,0.07619747
23606,0.058123134
23607,0.9995943
23608,0.045342993
23609,0.99896383
23610,0.10660687
23611,0.020365817
23612,0.061195787
23613,0.11733067
23614,0.41541603
23615,0.064963475
23616,0.0005277382
23617,0.16754226
23618,0.018390354
23619,0.0006082774
23620,0.11108324
23621,0.043357838
23622,0.6303785
23623,0.23480375
23624,0.54650974
23625,0.001681205
23626,0.8151518
23627,0.00047712424
23628,0.007114878
23629,0.9991684
23630,0.0576887
23631,0.10953689
23632,0.12591158
23633,0.061015848
23634,0.72808343
23635,0.46481195
23636,0.3765294
23637,0.031773727
23638,0.0109185055
23639,0.13392751
23640,0.06832547
23641,0.24592875
23642,0.20625676
23643,0.2894631
23644,0.11966602
23645,0.008691297
23646,0.3380982
23647,0.9985586
23648,0.9998466
23649,0.02390158
23650,0.9998828
23651,0.9991399
23652,0.9991991
23653,0.55642897
23654,0.048434377
23655,0.13385303
23656,0.13859074
23657,0.99906737
23658,0.42209703
23659,0.9980876
23660,0.15420043
23661,8.654041e-05
23662,0.05807228
23663,0.0038329333
23664,0.09273954
23665,0.065467544
23666,0.004407137
23667,0.009494314
23668,0.0066796606
23669,0.15525892
23670,0.06769522
23671,0.9999151
23672,0.0038095615
23673,0.13717836
23674,0.07456696
23675,0.0551899
23676,0.004985999
23677,0.15907219
23678,0.082005955
23679,0.07847606
23680,0.039978728
23681,0.010730788
23682,0.6174279
23683,0.0022280822
23684,0.5155812
23685,0.16089584
23686,0.012852902
23687,0.28130618
23688,0.68345433
23689,0.7778075
23690,0.058061574
23691,0.9980691
23692,0.03649676
23693,0.0009208872
23694,0.49922338
23695,0.7806544
23696,0.11613517
23697,0.33730385
23698,0.9999019
23699,0.041264337
23700,0.00550655
23701,0.49287805
23702,0.32885796
23703,0.99993575
23704,0.9988084
23705,0.01021667
23706,0.2165252
23707,0.0003084257
23708,0.0071485066
23709,0.99979657
23710,0.99903095
23711,0.99990034
23712,0.32700318
23713,0.13197747
23714,0.028181396
23715,0.62843615
23716,0.99946207
23717,0.0041794903
23718,0.095237345
23719,0.05950022
23720,0.28370115
23721,0.35430416
23722,0.03793892
23723,0.74266595
23724,0.902109
23725,0.9996008
23726,0.9928894
23727,0.013563687
23728,0.1064514
23729,0.22485022
23730,0.99993825
23731,0.043474182
23732,0.6646836
23733,0.99941146
23734,0.22995642
23735,0.00832338
23736,0.8763794
23737,0.2598489
23738,0.99923277
23739,0.041831687
23740,0.9989567
23741,0.037222233
23742,0.36117497
23743,0.14728114
23744,0.10705558
23745,0.8090436
23746,0.014765923
23747,0.8583831
23748,0.020981997
23749,0.06161198
23750,0.5878107
23751,0.09634447
23752,0.00048149342
23753,0.12991142
23754,0.0003448274
23755,0.2996753
23756,0.12495085
23757,0.7755019
23758,0.04770441
23759,0.11184269
23760,0.0059600375
23761,0.0033518774
23762,0.58328164
23763,0.1574771
23764,0.20288068
23765,0.14008358
23766,0.12067492
23767,0.61039054
23768,0.9991867
23769,0.0067960573
23770,3.325118e-05
23771,0.15891121
23772,0.03778146
23773,0.042656355
23774,0.13171071
23775,0.07194959
23776,0.9996346
23777,0.061460968
23778,0.99935895
23779,0.0032009021
23780,0.7779899
23781,0.1256104
23782,0.15999137
23783,0.0672573
23784,0.7562408
23785,0.06921993
23786,0.006932641
23787,0.0018326882
23788,0.99920505
23789,0.15483406
23790,5.105841e-05
23791,0.10576178
23792,0.06371151
23793,0.0037682017
23794,0.018514559
23795,0.007423487
23796,0.5533072
23797,0.79368186
23798,0.17482223
23799,0.090519585
23800,0.29393783
23801,0.05534486
23802,0.9996542
23803,0.9991924
23804,0.07129054
23805,0.007603466
23806,0.000103736034
23807,0.18931334
23808,0.004126999
23809,0.35700962
23810,0.021254666
23811,0.052092563
23812,0.9586593
23813,0.35600466
23814,0.0038779743
23815,0.00011641883
23816,0.46567395
23817,0.00051362324
23818,0.38058776
23819,0.99843854
23820,0.021479154
23821,0.22996847
23822,0.025418023
23823,0.49465507
23824,0.0024529044
23825,9.828236e-05
23826,0.21866241
23827,0.00036655724
23828,0.05004913
23829,0.2783236
23830,0.009395719
23831,0.6938941
23832,0.09897771
23833,0.64425474
23834,0.085586295
23835,0.001681205
23836,0.0017841571
23837,0.0037334757
23838,0.00033063086
23839,0.66864264
23840,0.112342775
23841,0.6366113
23842,0.2642356
23843,0.0002864294
23844,0.00020621966
23845,0.0011095807
23846,0.13687615
23847,0.1728982
23848,0.6747197
23849,0.60567176
23850,0.43014398
23851,0.976185
23852,0.011406455
23853,0.23065585
23854,0.061351478
23855,0.11161873
23856,0.9993358
23857,0.58444786
23858,0.99943024
23859,0.09632129
23860,0.12838162
23861,0.9987696
23862,0.23469034
23863,0.12896101
23864,0.025647782
23865,0.9997665
23866,0.36653352
23867,0.9994648
23868,0.9937168
23869,0.2598406
23870,0.012657498
23871,0.04421235
23872,0.02362046
23873,0.8713921
23874,0.18388551
23875,0.19861534
23876,0.052125398
23877,0.052817978
