id,score
0,0.9994476703877357
1,0.00037005487632661466
2,0.15083274354581105
3,0.0006276203773173097
4,0.4901689405272813
5,0.034361567790939254
6,0.02122250108724465
7,0.6466741761732964
8,0.0005535009887356701
9,0.04507875438199182
10,0.00012624914338068928
11,0.9993787046968168
12,0.9997462419875793
13,0.12487672282050391
14,0.23820020325882565
15,0.9998950502642967
16,0.14407309448587155
17,0.9977409470153725
18,0.9992315406516887
19,0.7189778975613823
20,0.00018579214945179892
21,0.0025726698418611525
22,0.004210484182657779
23,0.40096445385547436
24,0.018718880559401463
25,0.007082761073819949
26,0.22998287770904488
27,0.33749579269139457
28,0.9993227032603824
29,0.0062182201111047886
30,0.017441041345464793
31,0.6958116367593145
32,0.9993552084787104
33,0.00037101034946742143
34,0.9996384574270007
35,0.20758740245417584
36,0.011677667970918003
37,0.8313132762617418
38,0.017841951742309126
39,0.0033278044593297983
40,0.9991728674969554
41,0.9998384429378424
42,0.14593834949214618
43,0.8178559477682846
44,0.08711888125784907
45,0.25265191966602163
46,0.9999310352381258
47,0.835406964452684
48,0.9917456236308597
49,0.3040733330620752
50,0.01276766203142659
51,0.999575635962523
52,0.002599064277977387
53,0.7455839498634664
54,0.01402016904163784
55,0.18000095665152874
56,0.6668210186829719
57,0.07622177701074817
58,0.0005292988672937881
59,0.005299128486202283
60,0.9354439193076233
61,0.05127943721372508
62,0.6545351246977537
63,0.49772322352406456
64,0.021213218976491234
65,0.3261422655468308
66,0.05690426916725533
67,0.6422227863572348
68,0.0010899976781699571
69,0.8337524147718641
70,0.5397587074716338
71,0.0005506296669293671
72,0.755034327138706
73,0.09876670091512267
74,0.20728982379158908
75,0.5797700229812464
76,0.6565459314742479
77,0.15679334988454008
78,0.04250545911195388
79,0.1292224352010846
80,0.007882755802700512
81,0.5225698969293882
82,0.004202531529828584
83,0.09151658234062882
84,0.3717928674047728
85,0.9997185669432621
86,0.019088186565906672
87,0.4065159166105241
88,0.9983375210109884
89,0.9998615789307517
90,0.014291540349940452
91,0.23756704120965588
92,0.2543989581859193
93,0.7605078006912752
94,0.07411342935072544
95,0.26701277165060716
96,0.007233886097572128
97,0.09739115360243736
98,0.6181495039660155
99,0.00044688010583931515
100,0.0004818319969527667
101,0.5891242482287923
102,0.9998971364992412
103,0.1041913409873311
104,0.9997362878451241
105,0.7011566918594779
106,0.702739021490736
107,0.49859850199678774
108,0.10944586537029938
109,0.7385781242439102
110,0.7853735443482922
111,0.9986735555408683
112,0.007188313135349239
113,0.00038390827925774716
114,0.5794689893830272
115,0.051304672708073144
116,0.0007249404465380122
117,0.5977600214977354
118,0.7003365571199816
119,0.32395049046871194
120,0.00032710673188794567
121,0.15715533458442488
122,0.9955730404807761
123,0.10387914516637768
124,0.025950947496603937
125,0.9999093049896255
126,0.005333313719499376
127,0.02671049429611058
128,0.00027634550842311345
129,0.9994175694967229
130,0.010116400452122138
131,0.003937695561518814
132,0.3995591232958109
133,0.9996533546657872
134,0.2026700806945619
135,0.3004432870717463
136,0.7525513717227912
137,0.7515705215121411
138,0.009968142042658348
139,0.7619033022316275
140,0.01329767401926815
141,0.30430103846082984
142,0.003669887480185918
143,0.010027555163144037
144,0.002850606186077542
145,0.0035773747254674248
146,0.0024499555005508284
147,0.9994325987438174
148,0.28630196410337316
149,0.003136107028492858
150,0.049386441379870374
151,0.9998704317422271
152,0.08738232900755728
153,0.36309166262250514
154,0.4075157125824082
155,0.052612646989365026
156,0.025930296303216558
157,0.9998080998309002
158,0.0005769543404089567
159,0.7469990864594714
160,0.9992082050200068
161,0.20551409116804048
162,0.0003219012752888609
163,0.01643833198239261
164,0.007846375654670796
165,0.11755156285563004
166,0.016156463166996964
167,0.857330133962903
168,0.0003208766169389838
169,0.0002868218998600959
170,0.024997314596912498
171,0.0038607109694778785
172,0.7777168412535114
173,0.6290772225146495
174,0.5634209313155635
175,0.01200235258755505
176,0.024852316738568542
177,0.869912040327385
178,0.6465442351279133
179,0.8745098236737747
180,0.2173157898061449
181,0.9998680905848241
182,0.6877706451505937
183,0.000374544685442219
184,0.4995058107065147
185,0.3246366627462092
186,0.011089212883968151
187,0.23960975089449113
188,0.7305637657232322
189,0.05799960071332348
190,0.015539566766727521
191,0.9994430364148694
192,0.6547266433574501
193,0.020638808860787408
194,0.9999081697591163
195,0.3674280695593949
196,0.15785188232283087
197,0.0011680918981372178
198,0.003535376837770472
199,0.6109950222429581
200,0.004735958070384618
201,0.5931042794867811
202,0.004478602394113988
203,0.009939032700507756
204,0.3555399170150235
205,0.1562410921013236
206,0.700723829685823
207,0.9996374206055896
208,0.0368866945566727
209,7.706260533606681e-05
210,0.7569804703907911
211,0.03705294924769696
212,0.017014567781337236
213,0.1230488638963699
214,0.025433117031056638
215,0.9996970743405839
216,0.006447404191364784
217,0.05003926599416077
218,0.002216724153246346
219,0.016215927399327743
220,0.008352644714129468
221,0.9979885963063894
222,0.20942153963839094
223,0.057995513051109955
224,0.01312627072116097
225,0.020181219737705515
226,0.9163476670423611
227,0.2440693340434018
228,0.015478829781013864
229,0.999666508742602
230,0.0023309387752767454
231,0.002076630258513704
232,0.5908610975979146
233,0.4213765921519108
234,0.33655629096581907
235,0.9989867434241528
236,0.7627166648829001
237,0.028006951630274588
238,0.010392510672515176
239,0.00025289386051283446
240,0.1945780348841131
241,0.02995563534173441
242,0.3522712144400292
243,0.130059781075737
244,0.999406182150112
245,0.6810795125466415
246,0.035551362194813425
247,0.004472936373445419
248,0.051600954969714286
249,0.6886020022858992
250,0.19820469259392023
251,0.00942008361222306
252,0.9994551391168085
253,0.9994675392009161
254,0.00539582009182162
255,0.0012208793513368492
256,0.9986637485459895
257,0.3625116148109224
258,0.1344777777527757
259,0.8582962345006389
260,0.00015105174588582186
261,0.003538120364789358
262,0.015892018506173004
263,0.09833163110499878
264,0.06815377966313438
265,0.0010444959314047488
266,0.006438984652857801
267,0.30627446462944274
268,0.0002707407303514077
269,0.08892142294655536
270,0.031525576652303745
271,0.035571769019281683
272,0.032367274284201324
273,0.7929486639499103
274,0.9998425195083814
275,0.08463661095366788
276,0.03545334352561769
277,0.7581039949039813
278,0.9797192144769024
279,0.8649685143990442
280,0.0025726698418611525
281,0.27576750564141095
282,0.8823885020398547
283,0.4647587144758975
284,0.03232855770055926
285,0.016959479226973665
286,0.997727088139069
287,0.00038665288641740424
288,0.49371829625233454
289,0.00029876013054309876
290,0.000506135557233856
291,0.00838119746623331
292,0.8072615824844241
293,0.3734599381952084
294,0.002815837148391196
295,0.6882055094623823
296,0.9326632473740065
297,0.9991962168956795
298,0.002158844807232404
299,0.07679493917331037
300,0.013613691792438602
301,0.007759879280534613
302,0.0013058202008039486
303,0.00014813073387973588
304,0.32949612270698436
305,0.014340109790093637
306,0.900312996543978
307,0.9990227853323861
308,0.0030964006592776113
309,0.019389186344354905
310,0.9996036211221293
311,0.9991962168956795
312,0.9996559828071766
313,0.051299519052285
314,0.3906724088171583
315,0.0004421589780428845
316,0.3790601999256994
317,0.78877686724084
318,0.043164294239701445
319,0.23275073722990555
320,0.00034881306361129224
321,0.7582611695610391
322,0.0004550248963265537
323,0.05013937832599175
324,0.9998522140310743
325,0.4932659281453953
326,0.7738043825892555
327,0.03434261630547473
328,0.04623048719155358
329,0.00044152426858026723
330,0.00035600882891908826
331,0.002076630258513704
332,0.12766252167903766
333,0.4024469378773455
334,0.04363357920344066
335,0.01047832917317606
336,0.13906004368500324
337,0.014883682153146793
338,0.008556542108899171
339,0.004788294480119783
340,0.3929630743828121
341,0.6573181333531313
342,0.5152165378478819
343,0.01116975642485291
344,0.003677965389126876
345,0.858781837760489
346,0.7166613862313471
347,0.06385306224124786
348,0.999439608394079
349,0.9995911171904637
350,0.10991076199020684
351,0.1934772776447095
352,0.9997718608303992
353,0.0025309796928070973
354,0.04204683199070108
355,0.22216489368359937
356,0.18752789592248068
357,0.007443369060115417
358,0.9995629525454479
359,0.13010284710259648
360,0.25580241892346267
361,0.07847023321087512
362,0.28432192122858563
363,0.48092732705810276
364,0.7100900789624374
365,0.0018475174841822
366,0.6953239859290996
367,7.20296730857078e-05
368,0.01783983221531895
369,0.9998525308776547
370,0.5374551478196572
371,0.06753906714712081
372,0.8009805065050527
373,0.7650731196144132
374,0.7545923506165895
375,0.22816625969799684
376,0.005366142618305464
377,0.8494156488129333
378,0.25214024183444794
379,0.4775451364519117
380,0.01666959388241674
381,0.7614147288404078
382,0.9953851143310032
383,0.00035849703593174526
384,0.2420468185959295
385,0.9995012340096324
386,0.004309587237456702
387,0.0038310506140010196
388,0.9424386329200768
389,0.9992934609248831
390,0.010797873913017834
391,0.47345061557544826
392,0.036911839635243845
393,0.0006195800994139767
394,0.5171672481453881
395,0.8402842943758876
396,0.0003610412772128634
397,0.02686452464025676
398,0.0005237549939055554
399,0.9981392854927353
400,0.019586257340934356
401,0.9994675392009161
402,0.0002311979214894239
403,0.0002654688468396864
404,0.046878895950349206
405,0.4988983002772831
406,0.5800749871083669
407,0.9983692607629507
408,0.5923217934806746
409,0.012367118113161362
410,0.9950672177899259
411,0.10919844798374648
412,0.9996861427976791
413,0.8111133489977754
414,0.1913381222044109
415,0.6960104037623802
416,9.686684607592688e-05
417,0.7461305399574426
418,0.0011161845441448055
419,0.654459536545738
420,0.020255220435676357
421,0.7483908519694397
422,0.9993402859038925
423,0.690145093032521
424,0.0071228049583098
425,0.9962550727198951
426,0.0017212974180102708
427,0.7487651554337015
428,0.00022330005078410872
429,0.7523752189697611
430,0.7084095609782947
431,0.6137328939624906
432,0.0013305025447927004
433,0.9133029771487
434,0.8008714690334094
435,0.06173273537905394
436,0.6570669645268419
437,0.13785835672941496
438,0.5899575571658776
439,0.00046120772258618863
440,0.1577853065360597
441,0.043253403328128555
442,0.02889839439367654
443,0.9998515250920467
444,0.8618695520526507
445,0.6941187675802986
446,0.00017108030800563084
447,0.005911252478275508
448,0.9997881029566714
449,0.31526071022329655
450,0.2370025797050714
451,0.6004358178611652
452,0.8671699179795173
453,0.9991694385894853
454,0.2928432443560007
455,0.03634817767181359
456,0.9992635268927297
457,0.4813961377267562
458,0.2593104195021921
459,0.00021309130612737318
460,0.8109395198361553
461,0.016671490391212598
462,0.9250910048610357
463,0.7536876867107983
464,0.23220421894527896
465,0.2989607518598788
466,0.000990734811588197
467,0.45398561303510165
468,0.9993592653552299
469,0.5806952870684898
470,0.008461912655087916
471,0.1006872372902107
472,0.0006556337596038646
473,0.045783921093702405
474,0.24028504524247102
475,0.11627338034587582
476,0.3382296885193196
477,0.006343286861442779
478,0.9996586581850594
479,0.01127867598197953
480,0.007489104508585918
481,0.8904365465771849
482,0.2171704285880705
483,0.28196771144061805
484,0.0015739384797570806
485,0.010972321884474294
486,0.9992543060125728
487,0.15180520237943393
488,0.0006101504798342526
489,0.0454343743742533
490,0.27943602398245193
491,0.2861606987725171
492,0.9444838114522575
493,0.06645053675698168
494,0.13136054791233995
495,0.11543007597571953
496,0.8202195495838251
497,0.4074247144233046
498,0.5328857298176675
499,0.14044568003336783
500,0.5532948481837253
501,0.04918147412874683
502,0.1160537822150112
503,0.9995146591863655
504,9.381191112326363e-05
505,0.5268382897677294
506,0.6967313436760255
507,0.9043574641315079
508,0.008325219602856326
509,0.07653077029202171
510,0.00025522710719396374
511,0.001407951799610384
512,0.7644250895096795
513,0.5527644384845602
514,0.18406568268634504
515,0.07467647076739353
516,0.04641914163800242
517,0.42296463942672874
518,0.9380434057649815
519,0.23821768877358096
520,0.8072993079923174
521,0.3984775722155101
522,0.002315462388173148
523,0.007171639155189656
524,0.7428647606958598
525,0.042920944182537786
526,0.39025197400842987
527,0.0016184678046818068
528,0.04473980616301491
529,0.9996427814006416
530,0.34583351380618194
531,0.9058094034268303
532,0.8196368146990233
533,0.004781651033297021
534,0.9748191545935241
535,0.01425400038389453
536,0.05836548837613326
537,0.9868042373910135
538,0.4634635221351246
539,0.03456516042863031
540,0.013900754271023372
541,0.765257241149675
542,0.00042068001232376076
543,0.17324446992130726
544,0.057138400712740005
545,0.13516787884342338
546,0.0005262187296129063
547,0.07819582759287387
548,0.9463721361191667
549,0.24124896027632053
550,0.36912882272029973
551,0.9991539098851329
552,0.9987455820478505
553,0.8544845513710285
554,0.9999081682517679
555,0.04378940174997737
556,0.00024370083258020355
557,0.006245434431099534
558,0.7727528451948062
559,0.9999408153734185
560,0.5271662101843155
561,0.07402621018059223
562,0.9993701379664514
563,0.74855473059746
564,0.015505714107480202
565,0.008512387034041814
566,0.6520424823787497
567,0.04642465825051577
568,0.4714414896584451
569,0.15082833332514806
570,0.6337362778874788
571,0.6284347000612349
572,0.25241319041041543
573,0.33303432260756216
574,0.0437100994389907
575,0.9994763756426599
576,0.5529132182313165
577,0.03747035455542236
578,0.2897851028797272
579,0.9212646857436967
580,0.00027939141149036135
581,0.002408090111833157
582,0.002736810332918726
583,0.2457525827145116
584,0.0006194601841063094
585,0.7443860783866127
586,0.457094777156289
587,0.9994263618478265
588,0.30752628410038957
589,0.7836452372028934
590,0.9998403042141668
591,0.20906672631031675
592,0.9995624270282827
593,0.04040329248094712
594,0.8679999044425778
595,0.0003264409978971325
596,0.0008360031976546721
597,0.3343681586491393
598,0.0012729282526396787
599,0.3338445425770233
600,0.4154182547390984
601,0.8459136385838678
602,0.3338319849005184
603,0.8253569485499614
604,0.2110292275708238
605,0.06852457091358438
606,0.2483899827476963
607,0.5487648870263621
608,0.0021827696658727994
609,0.13131666498931402
610,0.01862089353183328
611,0.6588230865208579
612,0.0636856459082892
613,0.034092397696468026
614,0.3339597709937238
615,0.7111528693596313
616,0.01062878961716148
617,0.7031964061211354
618,0.06373288465750838
619,0.0020687973043533327
620,0.7768631204387587
621,0.63797694872605
622,0.8489370026926638
623,0.007538894342386467
624,0.03320082529403487
625,0.052074555931284315
626,0.004219907101696053
627,0.9043574641315079
628,0.9999276517781958
629,0.09977529660867646
630,0.999922410714087
631,0.3529131355662609
632,0.9995235636184652
633,0.2563588859722817
634,0.9203611134657669
635,0.4817572701969193
636,0.004644500353604298
637,0.028982336962416345
638,0.02170865161979138
639,0.19131172539524097
640,0.9998403042141668
641,0.0005998306594318998
642,0.07739377472802429
643,0.9997718608303992
644,0.9381645770326439
645,0.17244392065012198
646,0.060909610756438186
647,0.7337647171023959
648,0.1847749475374714
649,0.017941099312737883
650,0.003929842654073928
651,0.05711325115076431
652,0.8253569485499614
653,0.0018548304359431575
654,0.44343230983728543
655,0.9998217083659067
656,0.7027696543669675
657,0.0003280175780055908
658,0.04551143064414284
659,0.758420447025264
660,0.7882260410089961
661,0.2219887746718081
662,0.9996416105750527
663,0.004521645291461374
664,0.07106428369758253
665,0.9996107328422593
666,0.00018416106473154796
667,0.00752822936477402
668,0.049179794667988205
669,0.9996888427909272
670,0.034046208135859825
671,0.5085671389187234
672,0.2059772201072336
673,0.9995122682052562
674,0.9995522735235086
675,0.18841673003153794
676,0.0002970775119195136
677,0.587162175480587
678,0.08070978007714989
679,0.01404344243220179
680,0.9998950502642967
681,0.7367345856221227
682,0.9996029640948446
683,0.8293809494106935
684,0.0001234607315426185
685,0.9996036211221293
686,0.010015053699661047
687,0.6647882242637265
688,0.9998693661223824
689,0.6769277696990669
690,0.012410199610923796
691,0.999630161427519
692,0.00017854001475466958
693,0.9244415851506831
694,0.9993743977342137
695,0.6365529215260289
696,0.2762580269700668
697,0.9996843361855005
698,0.4456127532080915
699,0.08509955931185342
700,0.999775949599641
701,0.9969308728008461
702,0.18809722157692654
703,0.7574524512552075
704,0.08102242996675767
705,0.8168490054129105
706,0.011537518794715824
707,0.9998006276795515
708,0.00046940901034519546
709,0.11558959466119517
710,0.9992469729744117
711,0.005278960534664751
712,0.16864078295971127
713,0.7048388850145791
714,0.5707553313520649
715,0.3781844253452335
716,0.07443473005727613
717,0.9994464361554954
718,0.01612018227445916
719,0.9998057071792706
720,0.5937318829034424
721,0.1411561646928972
722,0.8964766720606607
723,0.9980082177089993
724,0.9992568739925147
725,0.999501290860801
726,0.29098105933645363
727,0.9566270890025413
728,0.010238883980127863
729,0.21765038957767466
730,0.0001093048681882004
731,0.28935489138058923
732,0.999439608394079
733,0.8076391864727371
734,0.5559113885669569
735,0.1246042634613752
736,0.7460404826676067
737,0.0571910720126345
738,0.9995745275076193
739,0.41237232124852374
740,0.22680428294886976
741,0.04133414215325449
742,0.2273599048690353
743,0.1953976684561698
744,0.00018827321495165373
745,0.04874490172993949
746,0.0023234545562220974
747,0.2336479549088185
748,0.002107626856561808
749,0.37004834835103245
750,0.02905853403044014
751,0.08224864304432887
752,0.8784327022576411
753,0.2476074531958164
754,0.9990376186375628
755,0.708459489063884
756,0.0024401701563921754
757,0.0007589368266800854
758,0.07223838964153866
759,0.843304904116455
760,0.43938646765975614
761,0.05906673057558223
762,0.004175099188354773
763,0.08937007901434203
764,0.3359521420148217
765,0.005676984418250617
766,0.00044963310152940734
767,0.09335526188643274
768,0.0014196916190602489
769,0.9991694385894853
770,0.008324206154496867
771,0.046302230977301136
772,0.9994791413590932
773,0.8680887678732416
774,0.9168977086498803
775,0.5555453933405862
776,0.008159690253445264
777,0.11021501338861925
778,9.861867422044266e-05
779,0.9994206542487735
780,0.3209051176405998
781,0.017264882936759703
782,0.006845123616576287
783,0.4811892741000176
784,0.02037396505614522
785,0.9993575951352083
786,0.32460779848546994
787,0.7893111442872275
788,0.00036299766357227606
789,0.005223637074324624
790,0.6713604191709245
791,0.06366522331765953
792,0.024315894656543494
793,0.017007869312203966
794,0.021173879279777912
795,0.30311901792657703
796,0.9994657175692135
797,0.1558183917795541
798,0.5915305408684285
799,0.06739674940267319
800,0.9997156459270342
801,0.004130514560509679
802,0.05938835380156239
803,0.0054665031917760076
804,0.07097841346669875
805,0.6316487345320043
806,0.00023788712706557195
807,0.00030183300689140536
808,0.00044152426858026723
809,0.0416957821322284
810,0.999820429920271
811,0.9994668018729379
812,0.7731195479831229
813,0.6006714470515648
814,0.9980082177089993
815,0.7578189935184674
816,0.024179529118826436
817,0.39223639904999286
818,0.8370188331304174
819,0.3042106137278254
820,0.020383036801639345
821,0.8317708476383693
822,0.0002519328170656919
823,0.010697775253176058
824,0.24544399501439246
825,0.44049037318093587
826,0.45748744662253965
827,0.002038646956417649
828,0.9989694629545196
829,0.0008214865520599512
830,0.4341020871465242
831,0.005745770896252321
832,0.6363221748385393
833,0.1811734157161488
834,0.006597111920040083
835,0.0953479224141834
836,0.0063624003780104596
837,0.0015352806789733263
838,0.9997189712889736
839,0.2944225237690794
840,0.8581406466098285
841,0.05846691779880231
842,0.006635706186949125
843,0.09288816793619226
844,0.9996089784973967
845,0.6068148068340559
846,0.012050988216890381
847,0.007819151199312466
848,0.07410962600694909
849,0.7963731398749059
850,5.676545363643497e-05
851,0.048245571679153935
852,0.49741110605661465
853,0.8239276698075448
854,0.9996042116827388
855,0.15532099846594508
856,0.23311049913349594
857,0.2773301649834702
858,0.9994664005489409
859,0.9004127658998774
860,0.0022018505387616364
861,9.722665275299119e-05
862,0.9993741920674309
863,0.025762274123108192
864,0.07115373612399387
865,0.7183851251855347
866,0.0037504568683986777
867,0.9999310352381258
868,0.35010350651783173
869,0.9996559828071766
870,0.00019692175542453547
871,0.9993905958345298
872,0.0018232447857332256
873,0.014930806583801646
874,0.16378042960363817
875,0.0006693866696061072
876,0.9982154673593121
877,0.0007083754466626095
878,0.19224982038555377
879,0.1078124054158877
880,0.006907132930236438
881,0.00033811853286347333
882,0.6099423825053307
883,0.004301050664102093
884,0.006631043852013953
885,0.013571319188057216
886,0.004388087704930788
887,0.010475258991261461
888,0.01195411860175495
889,0.8026593842819643
890,0.8293901647716594
891,0.07009600560040646
892,0.7486328230084182
893,0.4822134531057964
894,0.25355775213788634
895,0.0009273811513647845
896,0.000608164527471871
897,0.13091275382275408
898,0.48141866257866806
899,0.022256675415162894
900,0.8595447722438732
901,0.07825336605976177
902,0.20279124543868554
903,0.9990692969893158
904,0.01729330744507621
905,0.004890892827029241
906,0.4391781539550373
907,0.06005497365060796
908,0.1270750344579562
909,0.39389710398092115
910,0.004695573534480227
911,0.003081538856740819
912,0.5348078806264224
913,0.36383464109695474
914,0.008558073154328898
915,0.9998787213275496
916,0.5331286784895732
917,0.07099440398837749
918,0.17957772078154216
919,0.018386587656857138
920,0.9649889370418084
921,0.9225718924175674
922,0.08569806414282143
923,0.31665768647013537
924,0.35209486375210836
925,0.7240177352582364
926,0.0344733761691099
927,0.902664448576285
928,0.3729662019407535
929,0.5158291202299363
930,0.00021320399190092037
931,0.32849314643226163
932,0.23747180375234084
933,0.0002396886210956164
934,0.003680652887216418
935,0.9176822005970615
936,0.022195609790384423
937,0.20184445092102082
938,0.9996827555063189
939,0.38227650526148815
940,0.999615915396709
941,0.03166560719905375
942,0.013806786750782759
943,0.8217367525784374
944,0.10765548856804903
945,0.13722311189545947
946,0.01901330882961659
947,0.008234958813844864
948,0.4272364835425184
949,0.6731853759344985
950,0.6341257571483523
951,0.32313522206998574
952,0.999733466471797
953,0.8197248645582406
954,0.013462590091051121
955,0.015398212502758276
956,0.000783700675687205
957,0.6451488639186896
958,0.1778666782549935
959,0.0075983461967153365
960,0.702500591006362
961,0.046866812024035226
962,0.0008897016156848843
963,0.7789571730714349
964,0.09268725251602948
965,0.15721577322615382
966,0.0005937537742240293
967,0.8472330017597196
968,0.03574497341260561
969,0.9999365398327469
970,0.4936580302339987
971,0.7091346753160872
972,0.18015725923021356
973,0.11595469224956546
974,0.0025016231466540003
975,0.006927575134893521
976,0.9958605466770274
977,0.9996603700853516
978,0.8298274870489591
979,0.7702254601203086
980,0.9998615789307517
981,0.0723788958275483
982,0.17498087782744084
983,0.25363662809794646
984,0.17749548986175315
985,0.015172942759473639
986,0.9995812858226524
987,0.49804150274990167
988,0.5405979948959199
989,0.0025301711968454777
990,0.9997574404956105
991,0.8760581768410841
992,0.39542911516802765
993,0.010655028652122285
994,0.021409548030810712
995,0.9996645045132432
996,0.8464096379222004
997,0.0019231859490392816
998,0.997143559334759
999,0.22972804140939274
1000,0.9998723382447499
1001,0.7397190837473366
1002,0.8010171233126198
1003,0.0023396609420615272
1004,0.5025416328053001
1005,0.00043092408204578104
1006,0.09383620184183354
1007,0.3284526694676845
1008,0.0006964608942299462
1009,0.007193887259972757
1010,0.1533812684100878
1011,0.0014940105186443458
1012,0.490866373947126
1013,0.0004509644063641744
1014,0.7764499109680308
1015,0.30443581652725765
1016,0.0018965107369534632
1017,0.7574531446133371
1018,0.5171098681306884
1019,0.005678513287234797
1020,0.30217681845056027
1021,0.30695706839264536
1022,0.47812274340694444
1023,0.4756694497534525
1024,0.12594228579318678
1025,0.7089417490524267
1026,0.771653439476665
1027,0.28016660423683376
1028,0.0003857695341050494
1029,0.6860943109185974
1030,0.9980082177089993
1031,0.058037487323231385
1032,0.46902653507860487
1033,0.12240217527848185
1034,0.9998366986693964
1035,0.998970198810429
1036,0.9119732606989357
1037,0.06480726925230419
1038,0.0037789834458102313
1039,0.08777335060214651
1040,0.5724294795736367
1041,0.017499217592313453
1042,0.0051931107606536745
1043,0.9994049153915541
1044,0.007561456869033872
1045,0.22680436034317897
1046,0.7571170007517672
1047,0.0009313124994432255
1048,0.22965740019891764
1049,0.04315663820426038
1050,0.09824835547165726
1051,0.742802529259507
1052,0.03851791400134072
1053,0.009348170254946676
1054,0.4199692950189562
1055,0.22834483857232227
1056,0.52344799667932
1057,0.8413865966009307
1058,0.9995011317427036
1059,0.176016113006975
1060,0.1873803425774523
1061,0.9997938879477025
1062,0.02384520593271226
1063,0.3800593102749351
1064,0.05563992059757757
1065,0.9997552344593251
1066,0.9993755087520922
1067,0.0009447404027058045
1068,0.30950569882880885
1069,0.7824624890684145
1070,0.00923780491936079
1071,0.9364402646986715
1072,0.9993900675133923
1073,0.9998515250920467
1074,0.14331061474036674
1075,0.5805872259821065
1076,0.001309360099315779
1077,0.8038656861002774
1078,0.9607381211572887
1079,0.05326859090738072
1080,0.47208562858764086
1081,0.002284301580981634
1082,0.08844814555318092
1083,0.02112741829975179
1084,0.31177531228994576
1085,0.3735370828787604
1086,0.0007474530680358163
1087,0.00832864803728233
1088,0.0666412481946769
1089,0.22210570882291888
1090,0.00033612658042311963
1091,0.001323945241572526
1092,0.9989867434241528
1093,0.0008982783516968808
1094,0.00030470117062485886
1095,0.5931311049520698
1096,0.6265314144540587
1097,0.88773807142049
1098,0.9999093049896255
1099,0.022778550237345433
1100,0.04149756603675763
1101,0.34661139413539055
1102,0.6139424407237596
1103,6.744269342703515e-05
1104,0.0003796409831552849
1105,0.0005543716427995041
1106,0.43678213156466283
1107,0.523967010040499
1108,0.9996058235946792
1109,0.025592905127001794
1110,0.01075729658260887
1111,0.8610242405111024
1112,0.005954882468980263
1113,0.013917444269964323
1114,0.16958218256742297
1115,0.49341227273614097
1116,0.019464503767015154
1117,0.7607928628477287
1118,0.2816631217354123
1119,0.7972323467239105
1120,0.0009279516117659256
1121,0.00043332332727529275
1122,0.022113327330232968
1123,0.4510081686656141
1124,0.030205619843971996
1125,0.005774033156728587
1126,0.008645082487065423
1127,0.6548571479184644
1128,0.516011830397765
1129,0.14291615419417947
1130,0.9998618626343602
1131,0.8756772574492637
1132,0.2779043546159141
1133,0.9993925727943141
1134,0.43204850209245754
1135,0.0004815548193762553
1136,0.7626408170745346
1137,0.9996076323529581
1138,0.06361172773477433
1139,0.019149600606731373
1140,0.1873803425774523
1141,0.18352046414422318
1142,0.2808931755940486
1143,0.10212447341245029
1144,0.2191574266673747
1145,0.007603596751476068
1146,0.6523694445239436
1147,0.44123052990071077
1148,0.999041834812727
1149,0.11023251536138666
1150,0.008805562338322257
1151,0.0007322219461307502
1152,0.6573511268585845
1153,0.0022489550789571494
1154,0.7741538621564931
1155,0.33989639990128145
1156,0.004045542833742766
1157,0.5049427589794074
1158,0.008824496120199884
1159,0.3169576583479306
1160,0.26753298149412263
1161,0.03932497612263982
1162,0.5615206681891733
1163,0.006907132930236438
1164,0.015139485957209715
1165,0.13876876447446007
1166,0.88773807142049
1167,0.0004188706796482171
1168,0.9992322940150287
1169,0.00036220389624755617
1170,0.8536048074855658
1171,0.3552462300498673
1172,0.999928653168066
1173,0.10564682844179683
1174,0.04133348592244524
1175,0.3264862180931671
1176,0.33438057841638547
1177,0.18513644337777094
1178,0.9997241897868159
1179,0.7294074431694694
1180,0.0001705055750786233
1181,0.9994307142201256
1182,0.5822581108537059
1183,0.036681835106326215
1184,0.9212646857436967
1185,0.9996639375943915
1186,0.2717781645124426
1187,0.11408606010666603
1188,0.01548522946813697
1189,0.9994865791348221
1190,0.12976427265061144
1191,0.2618494485846101
1192,0.0007696734138037958
1193,0.030682010032167223
1194,0.00806023629840116
1195,0.2665901824288522
1196,0.020091583243248196
1197,0.00019311573319252833
1198,0.1910574612882337
1199,0.7776016906454933
1200,0.2246877467039803
1201,0.9031150182078315
1202,0.00011787085874691751
1203,0.016669874687672885
1204,0.9993701379664514
1205,0.9993946551473271
1206,0.9991464362422817
1207,0.4031154975574558
1208,0.23402218192421242
1209,0.0001442768476985661
1210,0.000357310358615158
1211,0.043027472631607916
1212,0.524077411536272
1213,0.00026589074193216725
1214,0.014083658357551128
1215,0.008855056362732708
1216,0.14376772805255858
1217,0.1007499389551549
1218,0.05476194108901387
1219,0.0024401701563921754
1220,0.400021831196423
1221,0.006450359715840326
1222,0.01579497862421965
1223,0.1491834408701457
1224,0.270590905777185
1225,0.9995169493902697
1226,0.005934207116660223
1227,0.0003349868316885488
1228,0.9997898641128934
1229,0.0005313628697086692
1230,0.9986309627161208
1231,0.00843421070303888
1232,0.40937329656170096
1233,0.7673896590403888
1234,0.46769811158654184
1235,0.22883894695066642
1236,0.3830616494430642
1237,0.9998791615478748
1238,0.9994101206118264
1239,0.4116622009604922
1240,0.618751087458595
1241,0.0010270395589456268
1242,0.8105855520455432
1243,0.0014395446559649539
1244,0.9996029640948446
1245,0.19638492581285968
1246,0.9999535310851411
1247,0.9997282482681975
1248,0.3670234879988748
1249,0.001282728429620411
1250,0.008185347417112694
1251,0.005774033156728587
1252,0.006577463625938766
1253,0.3442392900143693
1254,0.0062182201111047886
1255,0.7166613862313471
1256,0.9977901587636486
1257,0.09350146820084444
1258,0.022779356467601118
1259,0.0008093954275771219
1260,0.5892351494635444
1261,0.01679223129824561
1262,0.00011694726804624404
1263,0.006765754905811713
1264,0.048887503329159754
1265,0.9994358192971321
1266,0.020007251726882308
1267,0.7843042201274936
1268,0.018639310502459618
1269,0.00033597591393932935
1270,0.1598796457163624
1271,0.06724954334245181
1272,0.9987328299711483
1273,0.5996632013228138
1274,0.008979816619727007
1275,0.2875995510880533
1276,0.0008214865520599512
1277,0.0040139896960420945
1278,0.055483270668500756
1279,0.2110739528484218
1280,0.6886230011861544
1281,0.03308975693907123
1282,0.4381287425165467
1283,0.5628567381372165
1284,0.7705917596956025
1285,0.087226207366584
1286,0.10537816971120814
1287,0.014502408220435435
1288,4.244015301145669e-05
1289,0.07485496864813636
1290,0.9995965542323445
1291,0.8015155075346537
1292,0.0011726535256603495
1293,0.31643515184008153
1294,0.017235781833573965
1295,0.631032042331438
1296,0.058961097064071454
1297,0.029167423900424594
1298,0.0009705751863436358
1299,0.9996089784973967
1300,0.055393057273732206
1301,0.08294971277699259
1302,0.0055154384009282135
1303,0.8212165723175486
1304,0.7541425434704324
1305,0.00011472812069967965
1306,0.3807525711009367
1307,0.9993552084787104
1308,0.007269081881173964
1309,0.7560292973685904
1310,0.24148849785938287
1311,0.22544735412733916
1312,0.31762240614506415
1313,0.8741243426338233
1314,0.9508082406412683
1315,0.2392316459987041
1316,0.036586403838327966
1317,0.8015985041005843
1318,0.2825402979926009
1319,0.1766825149590491
1320,0.0003722048533434905
1321,0.33383279548089145
1322,0.7893727192251496
1323,0.25534034321389254
1324,0.005376925152280438
1325,0.05309161519458753
1326,0.7085815273983779
1327,0.03750189931792769
1328,0.5554420794013022
1329,0.0034390889244719463
1330,0.3608667918248815
1331,0.9970314128282315
1332,0.0007712402534518784
1333,0.011441118807883151
1334,0.14475321693321794
1335,0.9991586256145341
1336,0.9996077875480384
1337,0.04570370934297863
1338,0.9991353142869654
1339,0.08324864609214395
1340,0.511565025875227
1341,0.09657141808272152
1342,0.2486425300616025
1343,0.31928392665722966
1344,0.19280543807464268
1345,0.0021226699626018895
1346,0.9551029005579884
1347,0.007909526340435714
1348,0.7543448838752638
1349,0.8770000460792672
1350,0.9994668018729379
1351,0.9229009352062811
1352,0.42308940107786297
1353,0.8718030932867246
1354,0.6688401509836751
1355,0.08703015297895784
1356,0.4781160402694181
1357,0.46524453748236294
1358,0.1523995487202278
1359,0.02655868569551253
1360,0.0011563549557904271
1361,0.9994404187745917
1362,0.17311384036946142
1363,0.00038164445408299456
1364,0.00044285072721055415
1365,0.002784857774776852
1366,0.15868431310429518
1367,0.005954882468980263
1368,0.859047616857978
1369,0.12040421061991098
1370,0.07516614288307152
1371,0.00029387704683137375
1372,0.12471497172939959
1373,0.5263611184875161
1374,0.999820429920271
1375,0.10721383855870778
1376,0.17827187700697278
1377,0.9998319193800298
1378,0.027715016905719425
1379,0.6934760236269161
1380,0.06184495991825471
1381,0.3691022069047894
1382,0.009700388213491533
1383,0.7375549052008422
1384,0.9998758228363259
1385,0.2860526926862351
1386,0.0017917051175150617
1387,0.15077528735730258
1388,0.9994675392009161
1389,0.990367277318149
1390,0.9996747927915519
1391,0.01054052170219703
1392,0.3634408029125691
1393,0.8754421130810518
1394,0.03207871820412925
1395,0.03721380265637751
1396,0.004609301642984943
1397,0.06916240670365054
1398,0.13323072122987487
1399,0.00039807458016881723
1400,0.19836323028892705
1401,0.01865475088221333
1402,0.27422330362526076
1403,0.33854947518234785
1404,0.004682147406533427
1405,0.6898150613705146
1406,0.001537726268267705
1407,0.0780367197339467
1408,0.003962546954691786
1409,0.17200304988593304
1410,0.0030581680030050034
1411,0.09061601421148524
1412,0.9993845371374421
1413,0.755034327138706
1414,0.0011628088034196908
1415,0.8321076552208264
1416,0.7944755261693033
1417,0.8279911086537719
1418,0.9998590404161949
1419,0.15162064034895092
1420,0.9995534923737974
1421,0.004082775875235382
1422,0.20157609696410642
1423,0.04375021699144442
1424,0.000679530112478408
1425,0.9106499089635683
1426,0.08196112064499653
1427,0.05003926599416077
1428,0.3704409294404765
1429,0.2677154401264895
1430,0.9994644848094774
1431,0.6674228017734076
1432,0.008736909967671725
1433,0.0012590309436148258
1434,0.9996683278083242
1435,0.8342970205393845
1436,0.11993290863917604
1437,0.0018969272450286376
1438,0.9997302390757247
1439,0.07660495268436861
1440,0.0671894283756574
1441,0.9522313672248336
1442,0.326341689919366
1443,0.006554411702054477
1444,0.10348608016384725
1445,0.9982154673593121
1446,0.5002008864737398
1447,0.6164864901275072
1448,0.00037896789556845313
1449,0.7974958000960466
1450,0.8904365465771849
1451,0.00608769371611615
1452,0.001580494771148276
1453,0.03863218769412737
1454,0.003380288807892622
1455,0.23459952209843923
1456,0.0477595435693937
1457,0.9997189712889736
1458,0.9993697196827608
1459,0.20269550113303664
1460,0.0028441424589507797
1461,0.64416523302024
1462,0.9996559828071766
1463,0.052127900329095395
1464,0.0008545612237824984
1465,0.8500595995655126
1466,0.04724632820188972
1467,0.00982287359239395
1468,0.3507598925960326
1469,0.7733883483526779
1470,0.6561138018115249
1471,0.01932622834508958
1472,0.011722419706457548
1473,0.3398414964711067
1474,0.6857352934131158
1475,0.0029902013883513563
1476,0.006877976508206576
1477,0.9986309627161208
1478,0.49679252576236826
1479,0.01579497862421965
1480,0.8982221219111635
1481,0.03406049854438569
1482,0.7349752244183397
1483,0.0003626075805047109
1484,0.05492110631950191
1485,0.011770174458760949
1486,0.00879548352366812
1487,0.00947370703708601
1488,0.003925718668096511
1489,0.9998798583823296
1490,0.06846257006966369
1491,0.08773892751278406
1492,0.2158672161485553
1493,0.2460252010178997
1494,0.9373756580939977
1495,0.8852878225735048
1496,0.7685308091886461
1497,0.36421323267014105
1498,0.004933042243738375
1499,0.7640483587191833
1500,0.9996374206055896
1501,0.001236088638083826
1502,0.03696997858580106
1503,0.758841900178317
1504,0.009476749684919596
1505,0.001202075975619157
1506,0.0636848789477601
1507,0.11980713868099332
1508,0.3049490765218822
1509,0.5043840414564446
1510,0.8843390300391413
1511,0.7734635140088052
1512,0.00665239753626654
1513,0.021546990782644545
1514,0.6912241548771073
1515,0.2741653215397633
1516,0.7203757543112642
1517,0.005232551093551007
1518,0.4767912715190075
1519,0.03166488728113763
1520,0.057313839936998984
1521,0.31908104711032304
1522,0.2193973661691025
1523,0.01999028653374777
1524,0.04486708060340488
1525,0.5802802495151935
1526,0.33064851917153926
1527,0.9992469729744117
1528,0.5548625015672375
1529,0.9995003841791367
1530,0.6799414736200194
1531,0.0002951134698064076
1532,0.6394616527704693
1533,0.009508452606191575
1534,0.9998525308776547
1535,0.5198702681567363
1536,0.09134536076567701
1537,0.017839503101980302
1538,0.27585458105516375
1539,0.01882308298144773
1540,0.00019535408872878917
1541,0.1531508401051134
1542,0.9965475690624679
1543,0.16409943143670383
1544,0.940057703753
1545,0.1284987832952244
1546,0.00023692158888415486
1547,0.6615898151912984
1548,0.9037615725266198
1549,0.3028053414552738
1550,0.4322404487072262
1551,0.036799411138597464
1552,0.00376824402811251
1553,0.001234866440207173
1554,0.04696270376768339
1555,0.9989008351201715
1556,0.17637738781240325
1557,0.9995166592689971
1558,0.6856012273469817
1559,0.9184660279100307
1560,0.8073284778697477
1561,0.005418905800082939
1562,0.004192541312343091
1563,0.12677914715338537
1564,0.00023564664344626459
1565,0.17011752947083622
1566,0.014351369431361453
1567,0.019376170250241857
1568,0.835135494807073
1569,0.9995935570176333
1570,0.008451471976464602
1571,0.005155198748606494
1572,0.5553775671781923
1573,0.9217234148448379
1574,7.842804566597669e-05
1575,0.9998796164849854
1576,0.8824823648914025
1577,0.0008335582247255234
1578,0.381989341152332
1579,0.8058241870590457
1580,0.03149196048955153
1581,0.2107754791187353
1582,0.0005175764937646938
1583,0.6472149370474044
1584,0.9995116042479565
1585,0.05528656600370915
1586,0.10762916286388616
1587,0.20029240508598303
1588,0.6538196901962915
1589,0.737352395773971
1590,0.008526155894773348
1591,0.6108159235349722
1592,0.11598943474576881
1593,0.23118881825844675
1594,0.024611806685458027
1595,0.9994325987438174
1596,0.011885579531910143
1597,0.6628689099930422
1598,0.9995267084446613
1599,0.730128172911524
1600,0.9985307457099508
1601,0.9632187456447336
1602,0.5692616120336998
1603,0.019101789381195892
1604,0.00018125023626312854
1605,0.005057875780582275
1606,0.002217245102224113
1607,0.013880928188589678
1608,0.027940060188524546
1609,0.9998218482123312
1610,0.3226170810038096
1611,0.32142963802927565
1612,0.9128498158989001
1613,0.06842286991434951
1614,0.2534683853060328
1615,0.046588100601235104
1616,0.9998971364992412
1617,0.08641422226787439
1618,0.0017929223382072812
1619,0.9973944987011196
1620,0.0007637504002383867
1621,0.06623435482737984
1622,0.21273804023775797
1623,0.6242998160622261
1624,0.010797873913017834
1625,0.5602071127649948
1626,0.0115159561243443
1627,0.04319405292346877
1628,0.9990758091663896
1629,0.22491791723710775
1630,0.8976138345589915
1631,0.012072144625915127
1632,0.9992967103827686
1633,0.9993924521833858
1634,0.022696399595219727
1635,0.024387483145615056
1636,0.0036360980989341265
1637,0.6585436187456515
1638,0.011089255732150749
1639,0.496226377380586
1640,0.8270918263246484
1641,0.0049370661082215744
1642,0.9994684641663681
1643,0.0102093809260074
1644,0.8062637807508642
1645,0.4709590715469833
1646,0.008251050973455163
1647,0.00011065494773054965
1648,0.6669140034233069
1649,0.0002447924718685765
1650,0.048797524707907186
1651,0.04815982159613181
1652,0.026912699117597715
1653,0.1665016442295014
1654,0.060755494156061254
1655,0.9638245278965764
1656,0.2059886840723676
1657,0.37218119125455557
1658,0.29459843042986134
1659,0.10296374072372785
1660,0.09808735234382551
1661,0.34817107260595576
1662,0.0349860733465279
1663,0.00037661939977343806
1664,0.651209312226912
1665,0.8529156154985571
1666,0.05972489156584705
1667,0.804140554331484
1668,0.5948784156108622
1669,0.003515265191257674
1670,0.001567382075686207
1671,0.5019884696927769
1672,0.007360870195402679
1673,0.6048907742406968
1674,0.021700226870088175
1675,0.011771907603297523
1676,0.19756430619598964
1677,0.4523388856865289
1678,0.03634777037398681
1679,0.5264083597741772
1680,0.8131756414889452
1681,0.00018419106587068822
1682,0.004067190194982251
1683,0.5434342076469179
1684,0.01510481083442385
1685,0.6869003669170588
1686,0.536593369302464
1687,0.5890539004243752
1688,0.9969353860299444
1689,0.7518377320279609
1690,0.09832178333113732
1691,0.23706141204947515
1692,0.16885268062650502
1693,0.4071216018374027
1694,0.6349248188578468
1695,0.9997991619205762
1696,0.29706557223487584
1697,0.7926289362624493
1698,0.9996107328422593
1699,0.9969353860299444
1700,0.7416340322593459
1701,0.001104659845056992
1702,0.00983287529689285
1703,0.00012501531616450175
1704,0.14149223467594063
1705,0.0004326444969213415
1706,0.9998631933262161
1707,0.012188427275726702
1708,0.010865734035734648
1709,0.9995747918455368
1710,0.04918147412874683
1711,0.9996374206055896
1712,0.04507875438199182
1713,0.008199954480429445
1714,0.04468904880269282
1715,0.13497902259368724
1716,0.4859937490799716
1717,0.8331251386627307
1718,0.8154594285834343
1719,0.8383493752632725
1720,0.9999305349787583
1721,0.8113271977948392
1722,0.2929250595788805
1723,0.6982005414578668
1724,0.025284333584483582
1725,0.003139287076350123
1726,0.8926146078268933
1727,0.12460626618525394
1728,0.24167051103652243
1729,0.3047099097836166
1730,0.24481144634013932
1731,0.3264239282939072
1732,0.4756903045720858
1733,0.0002585802266851984
1734,0.7287192246887787
1735,0.6961817236462773
1736,0.999645724696108
1737,0.979927233776448
1738,0.9995812858226524
1739,0.09178199014184053
1740,0.5515033809979583
1741,0.6563466305451547
1742,0.3531055683995071
1743,0.16970828395164275
1744,0.0386026283989675
1745,0.2912683941803899
1746,0.43252568827694443
1747,0.7787861075724363
1748,0.0002816391399174565
1749,0.05064535932156001
1750,0.009455522886735816
1751,0.04739279489545346
1752,0.0004306189019633115
1753,0.0005412014948010702
1754,0.13999878660884713
1755,0.0028606112661257715
1756,0.849055801522834
1757,0.05901064806995625
1758,0.03036106553713606
1759,0.7982155165127202
1760,0.0451297396561547
1761,0.6145643392909769
1762,0.9997938879477025
1763,0.07517718499016357
1764,0.2656279932810325
1765,0.22170361530706828
1766,0.2889180588639771
1767,0.03817493546130357
1768,0.5845064497653232
1769,0.7527612784505007
1770,0.43474799193584657
1771,0.802864470939404
1772,0.00034730206122449375
1773,0.793139093916032
1774,0.014004534551818392
1775,0.004758376852955846
1776,0.02652318236505258
1777,0.6112439572069032
1778,0.9996403922765462
1779,0.07303386689701073
1780,0.17720833820292148
1781,0.5879069813294563
1782,0.005365441193486739
1783,0.8155117584198964
1784,0.033743376093926296
1785,0.0879552745102782
1786,0.9994664005489409
1787,0.9995012340096324
1788,0.7684714902218577
1789,0.695446179213863
1790,0.6337623473585113
1791,0.30455000991176534
1792,0.48398365110332026
1793,0.21871110778396793
1794,0.9895300715672838
1795,0.006891958465776729
1796,0.3075681999422014
1797,0.17697254753069264
1798,0.9993231908712138
1799,0.2123184628173696
1800,0.0009112808390115427
1801,0.9997355508117156
1802,0.002173135990599459
1803,0.13226307021038325
1804,0.0001860277440516684
1805,0.2635280551443144
1806,0.17162490901159344
1807,0.29389751712989187
1808,0.34915343147525657
1809,0.0028777637547564073
1810,0.999126420245033
1811,0.3075681999422014
1812,0.00027765152071349664
1813,0.8056548479531969
1814,0.6289427430660152
1815,0.0031368369649343174
1816,0.7683557665602456
1817,0.002881081415090264
1818,0.00019176270896216103
1819,0.10034287217563444
1820,0.9996583905499574
1821,0.007712206453007505
1822,0.002671491716302338
1823,0.6753579833718261
1824,0.01644520214568372
1825,0.9998820318341058
1826,0.0030477237249435644
1827,0.027210471540835987
1828,0.49886018460127735
1829,0.6293323607441396
1830,0.05452755959353008
1831,0.8831421807416214
1832,0.2807727590259461
1833,0.0049355871187761755
1834,0.9998172324730592
1835,0.5188988405319337
1836,0.0020935626541747107
1837,0.6006407819502626
1838,0.17998248572328518
1839,0.00018663021221829518
1840,0.004848318253159411
1841,0.05737749072850293
1842,0.16917232352882713
1843,0.36288139192006313
1844,0.01980034024533054
1845,0.544588439584403
1846,0.11836089720926443
1847,0.708932726198526
1848,0.01887619306264375
1849,0.5355224728547757
1850,0.7170636578981744
1851,0.00043121815365398263
1852,0.023580610711621347
1853,0.08477280395634466
1854,0.01054052170219703
1855,0.0053495585261462385
1856,0.776904748918779
1857,0.17686488006143214
1858,0.3561670669913435
1859,0.6500046716902144
1860,0.6623666329754779
1861,0.5208320079933325
1862,0.0040441167816978605
1863,0.7993582335732807
1864,0.9996556357684614
1865,5.549344096813932e-05
1866,0.012276974005555935
1867,0.9999081682517679
1868,0.003672534330755873
1869,0.9983692607629507
1870,0.6507265945745561
1871,0.03195098869768816
1872,0.0002697281789050503
1873,0.9995267084446613
1874,0.004569933541494029
1875,0.4226691033466119
1876,0.0024794255322741444
1877,0.9994895398754695
1878,0.04834901164525531
1879,0.019388749571296444
1880,0.8384060937987674
1881,0.005954882468980263
1882,0.12502371066681425
1883,0.7470856192527385
1884,0.8027870748226272
1885,0.9994294878192037
1886,7.895012685163088e-05
1887,0.05541464607701269
1888,0.3193891692121859
1889,0.049184381270801575
1890,0.6815108861445629
1891,0.9997718608303992
1892,0.006690936850118477
1893,0.08087137469594022
1894,0.005871507122928803
1895,0.6890603027543726
1896,0.2802234740653916
1897,0.09917288901849015
1898,0.002813039763949211
1899,0.9996829177184119
1900,0.0005805467923840578
1901,0.8512233607101003
1902,0.48463773333124915
1903,0.7993787051456892
1904,0.004366766830082398
1905,0.6441435742664796
1906,0.7350776287833738
1907,0.7759794136074623
1908,0.9995747918455368
1909,0.6011977464660806
1910,0.9380434057649815
1911,0.016287391704392258
1912,0.23463411331172584
1913,0.15698657648215408
1914,0.9327495590142953
1915,0.002465835907103541
1916,0.9995012340096324
1917,0.38071168904980773
1918,0.20281944732641094
1919,0.9461362805463307
1920,0.9997718608303992
1921,0.01696091303132334
1922,0.9999169000821652
1923,0.7223106364591823
1924,0.07227536889919038
1925,0.22850553020326633
1926,0.9997886754152434
1927,0.02135227741161529
1928,0.1993773147761264
1929,0.10169415977015787
1930,0.9994644848094774
1931,0.7990945575373954
1932,0.9996076323529581
1933,0.8301456748155525
1934,0.761044164599286
1935,0.0008214865520599512
1936,0.15899067758593222
1937,0.07150498500466268
1938,0.7587074715746179
1939,0.13108602001253433
1940,0.6630293734223947
1941,0.0002529399963153557
1942,0.8120115412823486
1943,0.9993231908712138
1944,0.04008757172974213
1945,0.012709264248881812
1946,0.005299580780873459
1947,0.0592874530646316
1948,0.9990452607876396
1949,0.9988815403119792
1950,0.31967461808030995
1951,0.9994604115714957
1952,0.496226377380586
1953,0.05938416845708833
1954,0.05336034154369916
1955,0.30489638036264743
1956,0.014879854970111211
1957,0.014371794676023472
1958,0.31356266510642494
1959,0.3092797682696922
1960,0.030343135525440837
1961,0.18401333286199872
1962,0.0014684137322918203
1963,0.48449005201459383
1964,0.012924981348400881
1965,0.19816936518679448
1966,0.002377875985130245
1967,0.00021097262246154934
1968,0.11005488299406925
1969,0.9522313672248336
1970,0.9995875846431916
1971,0.8498758287227918
1972,0.5354094758167336
1973,0.2640170401110823
1974,5.022035269765271e-05
1975,0.4102268105182413
1976,0.23910960909258755
1977,0.12483932155631747
1978,0.09354009879524197
1979,0.027807999072187936
1980,0.07792200384982048
1981,0.04523538839920085
1982,0.681482030222704
1983,0.038049955299263916
1984,0.14977379986910336
1985,0.03917600026053226
1986,0.0003247476452493879
1987,0.7691341454506452
1988,0.018210605153498836
1989,0.2094030625956212
1990,0.06635230694286452
1991,0.2877553713040201
1992,0.02956952746948865
1993,0.9860527462604377
1994,0.9999365398327469
1995,0.07661706556802651
1996,0.036198666132657605
1997,0.9993755087520922
1998,0.0012636286402492362
1999,0.8342970205393845
2000,0.23637365126693366
2001,0.2659912241885464
2002,0.0018750877310512559
2003,0.0021693932990898782
2004,0.01701355027124112
2005,0.06066136876358845
2006,0.7979670923017405
2007,0.14092411355524329
2008,0.9230692396305574
2009,0.18509441221227124
2010,0.9777574805083782
2011,0.0008214865520599512
2012,0.9997189712889736
2013,0.40583057167518627
2014,0.1397276192985052
2015,0.025780760318123805
2016,0.08978901804421774
2017,0.008019749293564356
2018,0.2771883233101481
2019,0.0019948677240360603
2020,0.0089008353936323
2021,0.14777310451148215
2022,0.18084530711353142
2023,0.31561802801734834
2024,0.9995080643116985
2025,0.7670271934682419
2026,0.9996639375943915
2027,0.24018041249640654
2028,0.6529252291674651
2029,0.1407267184990621
2030,0.01645096814882313
2031,0.004531816230566132
2032,0.17378327877433575
2033,0.2632535510967377
2034,0.04840475115874079
2035,0.007105699586536651
2036,0.7957286548173759
2037,0.7208024819550478
2038,0.13965357812359142
2039,0.016791302413629597
2040,0.07557997590857035
2041,0.9998473433077998
2042,0.08648946948592227
2043,0.9999093049896255
2044,0.9991694385894853
2045,0.39456238082508527
2046,0.0010008061069842296
2047,0.0030851998444246654
2048,0.004065580934618214
2049,0.9460574831352075
2050,0.6781788735989095
2051,0.020181197804239315
2052,0.010083256817973086
2053,0.01137037064643088
2054,0.30558811438402494
2055,0.020520421027560114
2056,0.012459332938779183
2057,0.10836930116325047
2058,0.05225993772164005
2059,0.40227627391877374
2060,0.0322893452403243
2061,0.008871993669893151
2062,0.3566128279053708
2063,0.012871067835573137
2064,0.7560638610923281
2065,0.027518521477054917
2066,0.9988448507822874
2067,0.17805958788010037
2068,0.9984467863322221
2069,0.01047832917317606
2070,0.5754280754068182
2071,0.017722930534439543
2072,0.8822995175213585
2073,0.9024225260167822
2074,0.4156036438626359
2075,0.0002257868257283261
2076,0.9995085541433762
2077,0.510952101882623
2078,0.16940191285493703
2079,0.1024329978952539
2080,0.8705939394296829
2081,0.5227313159802275
2082,0.9995294438640827
2083,0.2795411942393845
2084,0.9994049153915541
2085,0.009263094642331998
2086,0.2258371776454206
2087,0.11098802750920508
2088,0.9043574641315079
2089,0.006969371479847271
2090,0.40583057167518627
2091,0.00040623920695648274
2092,0.705949907157235
2093,0.5158786368451057
2094,0.9996659992957596
2095,0.00023375428906955735
2096,0.9999687009779872
2097,0.9992518355812018
2098,0.24665230029701501
2099,0.9996398359998141
2100,0.012116948731004166
2101,0.2626621280219533
2102,0.49798605653797395
2103,0.002922851052319425
2104,0.17736062366767735
2105,0.0005211518874155646
2106,0.9286479550941383
2107,0.9996106458333636
2108,0.0036905333342744004
2109,0.12039279717066977
2110,0.9860527462604377
2111,0.7452830773359532
2112,0.26914167494302726
2113,0.03346582115475202
2114,0.5136125445819725
2115,0.444215509489411
2116,0.8710337294987699
2117,0.25637330005196884
2118,0.9997718608303992
2119,0.002725058600498858
2120,0.4782754202142153
2121,0.3648951433189796
2122,0.007180803057410079
2123,0.20669795244929326
2124,0.000837772016364802
2125,0.4096866078709515
2126,0.9986120300746584
2127,0.8342970205393845
2128,0.8606486444421237
2129,0.9995324294668777
2130,0.5545553395844014
2131,0.9995771710574514
2132,0.02353860681790958
2133,0.8973474140228309
2134,0.07259488539393906
2135,0.057906833617669864
2136,0.21368470017749647
2137,0.0002665580045196505
2138,0.14597618253275624
2139,0.008798390727762817
2140,0.1075383491872736
2141,0.11523059736043709
2142,0.9998419801513606
2143,0.9998328228016372
2144,0.9999169000821652
2145,0.5186610855666884
2146,0.7393940022647129
2147,0.9998425195083814
2148,0.181576950275179
2149,0.3106938961285953
2150,0.007653077121382155
2151,0.11987939879575114
2152,0.001982555215684349
2153,0.15109200855889884
2154,0.09492660707407807
2155,0.03410428259218646
2156,0.3300514243144938
2157,0.0204491508209793
2158,0.18301585163376866
2159,0.0008672773795507918
2160,0.0002309003706487459
2161,0.31691005464988226
2162,0.7734129942044113
2163,0.6613911913181155
2164,0.010943455020768371
2165,0.016368801235447764
2166,0.17917065990290001
2167,0.0052651579127135995
2168,0.9767702859096611
2169,0.1873803425774523
2170,0.0009909490481699174
2171,0.4962083610067783
2172,0.544588439584403
2173,0.9995742603582953
2174,0.9998971364992412
2175,0.000339951665710958
2176,0.05328926719441772
2177,0.9997420114778351
2178,0.009049339482150993
2179,0.000427352240414063
2180,0.01865911734124966
2181,0.005872162735190203
2182,0.006493012316035183
2183,0.06019228802688001
2184,0.10201709572457335
2185,0.9896750231479678
2186,0.9998735021985389
2187,0.3703553170371943
2188,0.0003768186421767804
2189,0.9994763756426599
2190,0.0004961637924779457
2191,0.1255921742754861
2192,0.051380436810589375
2193,0.014757935897360956
2194,0.35719867456550225
2195,0.6454431708138066
2196,0.7179766814941092
2197,0.2615558968285357
2198,0.18201554891492724
2199,0.4562548294583534
2200,0.0003975167469726966
2201,0.0010697002636972926
2202,0.00045104926064817673
2203,0.4992457060942394
2204,0.9987277820196453
2205,0.2835838816850747
2206,0.7713219171769402
2207,0.8040248816234417
2208,0.07418252784039141
2209,0.9997292720013966
2210,0.7888787457845058
2211,0.007627870727224195
2212,0.030439791903030516
2213,0.9991353142869654
2214,0.9962409166414418
2215,0.18195120201805284
2216,0.8565014517136129
2217,0.00031589173511404977
2218,0.0002925947898137607
2219,0.735917654698967
2220,0.011807590941737986
2221,0.0004625738135394313
2222,0.8283300695358109
2223,0.2842226249652313
2224,0.02356220021754392
2225,0.6116924234932277
2226,0.8974491859645164
2227,0.3157062889726436
2228,0.5767016178847916
2229,0.006692002592259835
2230,0.998939864407979
2231,0.7086674384700037
2232,0.00019708991777056003
2233,0.7954063152912476
2234,0.2579495876890765
2235,0.940057703753
2236,0.4307102251680669
2237,0.04376610161188551
2238,0.09660965049258245
2239,0.011859334652306507
2240,0.001292596618178059
2241,0.005444112224502487
2242,0.021568390948175573
2243,0.08275418317944089
2244,0.7854338712525715
2245,0.0005991677879965301
2246,0.9972323270934759
2247,0.8711398657324563
2248,0.9997574915255434
2249,0.3726144555557402
2250,0.7753469060085657
2251,0.9995487012796617
2252,0.000282469907198361
2253,0.9992238794341741
2254,0.017941099312737883
2255,0.08269982699577817
2256,0.2560098416456183
2257,0.8978161299882039
2258,0.8072948852118538
2259,0.0008712343948575734
2260,0.18063834903572273
2261,0.05014432661391023
2262,0.014342493918228907
2263,0.9993605359518739
2264,0.31300930396380033
2265,0.10206967478270214
2266,0.37443606060861745
2267,0.7300902968621811
2268,0.11443713469592204
2269,0.6138465080115671
2270,0.2801924995491536
2271,0.9762992801503706
2272,0.7054009695021494
2273,0.22482509321502406
2274,0.1851008522550104
2275,0.034381562804042747
2276,0.00588454970299996
2277,0.9987962091711944
2278,0.48370149148488684
2279,0.021494879149567003
2280,0.7358906256047429
2281,0.0010108264600772066
2282,0.00352843840828749
2283,0.10827607857120024
2284,0.983360388720358
2285,0.6571164953092544
2286,0.8181332147090826
2287,0.03132666861297361
2288,0.002610618427404377
2289,0.9379915973375839
2290,0.36201261896508197
2291,0.20574429731771532
2292,0.9998114983976993
2293,0.8175960286338148
2294,0.1705563436717234
2295,0.9986514783417707
2296,0.00046632898758996246
2297,0.002868289734422362
2298,0.054805281980878064
2299,0.2543989581859193
2300,0.9995071701578532
2301,0.6025366189074342
2302,0.9986514783417707
2303,0.2944223188112234
2304,0.6848681928364104
2305,0.1118254668891453
2306,0.7256349829599212
2307,0.6623901348526762
2308,0.01836651048033639
2309,0.005427735753227045
2310,0.015379633427588373
2311,0.9995573263675883
2312,0.9992384980382272
2313,0.9997087251686776
2314,0.0005225282962630468
2315,0.176197460407539
2316,0.711002046427852
2317,0.7326759689762913
2318,0.9995798401025434
2319,0.2835369898596066
2320,0.20539866914037325
2321,0.0368866945566727
2322,0.00019052826242742964
2323,0.00260456486887977
2324,0.5541225835923411
2325,0.732356288717784
2326,0.35580128189432847
2327,0.07027293296536026
2328,0.9991539098851329
2329,0.9996177278064571
2330,0.9995676573021156
2331,0.05235104188963606
2332,0.009227209467094856
2333,0.8463290478291505
2334,0.9359312057094299
2335,0.5960825265196118
2336,0.3777405121267196
2337,0.9994206542487735
2338,0.7569218525131063
2339,0.9994430364148694
2340,0.017132780489130858
2341,0.003324127603878772
2342,0.0007184204095226306
2343,0.056353134982065255
2344,0.9994012047050778
2345,0.45305126837749204
2346,0.0002023042289570574
2347,0.9997718608303992
2348,0.9994895398754695
2349,0.9996827555063189
2350,0.2731581901872317
2351,0.0035337287833987017
2352,0.002576422662721844
2353,0.9991464362422817
2354,0.9987521154614095
2355,0.000527504295788434
2356,0.3632437247756739
2357,0.7133177240003528
2358,0.0002976368271380696
2359,0.5035265327371066
2360,0.42873096849281905
2361,0.17556529146332586
2362,0.9996559828071766
2363,0.0003238706083924099
2364,0.04529394034948007
2365,0.7077264285606241
2366,0.5926384007724248
2367,0.03787114985624387
2368,0.14867117570019955
2369,0.0036519365976453704
2370,0.9045884307195414
2371,0.0011930338519282923
2372,0.43195114589769196
2373,0.17977891096322893
2374,0.01315402284674131
2375,0.9997973281153908
2376,0.999377342816918
2377,0.7501669391522235
2378,0.0669009885201885
2379,0.3801375438214769
2380,0.0009196582050616163
2381,0.9993813163267867
2382,0.11511644148378647
2383,0.0018106884461856344
2384,0.1761803092950457
2385,0.9991481759215926
2386,0.5291322353226857
2387,0.12593674996242102
2388,0.0008548184751389468
2389,0.19989055723789045
2390,0.1268661803149817
2391,0.004531965999831901
2392,0.999845894647249
2393,0.47606002465781666
2394,0.43676718923839297
2395,0.3555637036876593
2396,0.9990684502396163
2397,0.7643735817476226
2398,0.7208024819550478
2399,0.7899764592072291
2400,0.00843421070303888
2401,0.20720964933473862
2402,0.0017101989481263392
2403,0.7146253874649598
2404,0.9994336613154754
2405,0.9995506199595076
2406,0.9111057388423575
2407,0.32591854984243446
2408,0.6063785752286732
2409,0.6177151673916738
2410,0.009813608571966536
2411,0.5220424989333883
2412,0.7465200397230821
2413,0.0046494011919181
2414,0.3686833120106578
2415,0.9994572711592885
2416,0.0001994775559336053
2417,0.006099380772275941
2418,0.6248878340301111
2419,0.00014688149777488174
2420,0.9998653327860721
2421,0.19990967208916632
2422,0.0004326110874808562
2423,0.008760252554599154
2424,0.0010846638776647458
2425,0.0072639769044912025
2426,0.003151524743519147
2427,0.016344374322182796
2428,0.002682485384095296
2429,0.007641561756451681
2430,0.018551655624135688
2431,0.02619480683012419
2432,0.9998459503235576
2433,0.20301953736977738
2434,0.5903958392552259
2435,0.11933063157314505
2436,0.7741538621564931
2437,0.9965307799022797
2438,0.000516965305096202
2439,0.011974111070311948
2440,0.003937695561518814
2441,0.758891536223267
2442,0.8652778470663652
2443,0.0020687973043533327
2444,0.8792147300304689
2445,0.01160696159369039
2446,0.47230268797138103
2447,0.8201199190246047
2448,0.02430441802298436
2449,0.03398163007002891
2450,0.0009169434551279422
2451,0.015487689977106055
2452,0.2807490536210231
2453,0.07955510275510556
2454,0.235725203814611
2455,0.015508788786418374
2456,0.2535238704561508
2457,0.47446743622025783
2458,0.020007584001830822
2459,0.9971826556102669
2460,0.24257048871260642
2461,0.2533823725577911
2462,0.020803253232898767
2463,0.01699123795731151
2464,0.5920658605662313
2465,0.32674210915456264
2466,0.998302401075527
2467,0.5125710238491783
2468,0.0004400558451886538
2469,0.2601008060993581
2470,0.23487339967426826
2471,0.9966855734359641
2472,0.9995085541433762
2473,0.3232393532651263
2474,0.01694282934217231
2475,0.7032502727714316
2476,0.10975547217657962
2477,0.00023826907758972815
2478,0.0004274189089249855
2479,0.002403094212584551
2480,0.8591733090763607
2481,0.39993434708956244
2482,0.544588439584403
2483,0.05113336049748121
2484,0.04066393483799779
2485,0.608026551068128
2486,0.08189216254403893
2487,0.006920158882909063
2488,0.2951260863167042
2489,0.09222571710407558
2490,0.37051203796269183
2491,0.32959578537387907
2492,0.003930360661992908
2493,0.6012904590401886
2494,0.013353589827515304
2495,0.1750248777949008
2496,0.2073651331073682
2497,0.8488265907378345
2498,0.7178218145030916
2499,0.00043694641970085405
2500,0.0011373873886864993
2501,0.07283119929418301
2502,0.827855586643569
2503,0.6600553249120508
2504,0.024330366504178014
2505,0.0019105079214112172
2506,0.9998006276795515
2507,0.5635427800474387
2508,0.9998626501846146
2509,0.03465307588051248
2510,0.41215762506688125
2511,0.2226485928312146
2512,0.1873803425774523
2513,0.6845035738259952
2514,0.9992469729744117
2515,0.07665199721082044
2516,0.010234096623494476
2517,0.001848310697342094
2518,0.1312355403106187
2519,0.0002744662731589079
2520,0.0008273615872079557
2521,0.003548033274250029
2522,0.6803721600371929
2523,0.8297648502421456
2524,0.22578500164474993
2525,0.42531643507566713
2526,0.6696189568250372
2527,0.9991678179281462
2528,0.9992265175417662
2529,0.7884242134192944
2530,0.07019462537614742
2531,0.2799828860509206
2532,0.11700531237675679
2533,0.05958712686378362
2534,0.45930815413920145
2535,0.28531264038206694
2536,0.0009163248585474294
2537,0.5862598940933017
2538,0.9991818771040045
2539,0.9137339075871234
2540,0.9996065550490834
2541,0.00042668069442062585
2542,0.0004970584652241778
2543,0.9995120819279244
2544,0.5222928163110597
2545,0.09817557815312322
2546,0.9996659992957596
2547,0.0003411693772280839
2548,0.4574927011236473
2549,0.04754829924921977
2550,0.1435849278693614
2551,0.016699078836924727
2552,0.22734005333098478
2553,0.017935818694225118
2554,0.0417708338829625
2555,0.9295379272420451
2556,0.0023285599547153576
2557,0.7905818342022186
2558,0.0002710394072145585
2559,0.5082434970881236
2560,0.15336590915227996
2561,0.049651085235527796
2562,0.13892680032431876
2563,0.5485300654552543
2564,0.01601584949638297
2565,0.08261266264942375
2566,0.002989245354201422
2567,0.07858983344752518
2568,0.00018897689062796424
2569,0.10782650264532931
2570,0.0003053019143554026
2571,0.7078082971416746
2572,0.15349276217693336
2573,0.0014684137322918203
2574,0.0686652406530954
2575,0.04526333971098438
2576,0.0120101134022638
2577,0.21855665225021975
2578,0.9792833295144876
2579,0.42716888580107276
2580,0.1824456566448519
2581,0.24423608597890376
2582,0.9429087088141059
2583,0.004306528423470469
2584,0.002273088219056908
2585,0.3976794457994689
2586,0.999433584443131
2587,0.7463111390710896
2588,0.8348888075596625
2589,0.06036418845117028
2590,0.48315605847542165
2591,0.9997462419875793
2592,0.41528936320290855
2593,0.052847121982024715
2594,0.003093374215020839
2595,0.043293993956107314
2596,0.002248230216536406
2597,0.08288875288971209
2598,0.31998462106514314
2599,0.001002185858493115
2600,0.03851791400134072
2601,0.002644183438939776
2602,0.9997718608303992
2603,0.002610558619032045
2604,0.3965057750401803
2605,0.15612734505170175
2606,0.9860527462604377
2607,0.9993231908712138
2608,0.6379216360679728
2609,0.02170865161979138
2610,0.7841913093372481
2611,0.8320973658745787
2612,0.9998642224075712
2613,0.3452735289693621
2614,0.023916434752634386
2615,0.007172584965489185
2616,0.999078194977044
2617,0.595869766070335
2618,0.0042784094413360774
2619,0.3301734007238223
2620,0.4153125234907078
2621,0.04733476083353414
2622,0.9176822005970615
2623,0.9993618282613574
2624,0.9995116042479565
2625,0.5733228130986902
2626,0.01442577532607855
2627,0.9997881029566714
2628,0.0035661377771782406
2629,0.30973298042863184
2630,0.7692225300802432
2631,0.38523410901220556
2632,0.499271181930142
2633,0.28074491225956855
2634,0.08793720185135716
2635,0.0022226420930465812
2636,0.47112943291375436
2637,5.1470220256810546e-05
2638,0.8303013325053112
2639,0.164128078321639
2640,0.9991694385894853
2641,0.6376915796727499
2642,0.42522204641288097
2643,0.5443524856169129
2644,0.0023836178528544765
2645,0.22178490897437217
2646,0.7482237532831999
2647,0.5585283382981111
2648,0.846562579733202
2649,0.002660925205085111
2650,0.43000983774050433
2651,0.4176196526989805
2652,0.0013805677823432875
2653,0.12908181194829083
2654,0.8253728951064847
2655,0.015889301987029782
2656,0.7639943717683786
2657,0.050333649009146136
2658,0.4449480188172121
2659,0.03276394443201754
2660,0.00029796197773301756
2661,0.8149446913094583
2662,0.6329115578008352
2663,0.9997189712889736
2664,0.16655849892846922
2665,0.65153948309794
2666,0.0010253904568675695
2667,0.0619619410535733
2668,0.7742345777154059
2669,0.01177893503429706
2670,0.9994154954226879
2671,0.00107192627146657
2672,0.9994007836882567
2673,0.032606146523656045
2674,0.0018312980616928846
2675,0.0031355648773229053
2676,0.16651891023789714
2677,0.01459596688833006
2678,0.9369241734183913
2679,0.5498996354184025
2680,0.9981197236541449
2681,0.461381317690147
2682,0.001229731010839103
2683,0.6634365874259639
2684,0.9154627625702279
2685,0.8405721789257856
2686,0.0005893805966092323
2687,0.31575142732483796
2688,0.8091128907696223
2689,0.003356234808331737
2690,0.01969737860227223
2691,0.00023940582306028485
2692,0.08550615550817334
2693,0.006527814475713704
2694,0.8980501010197229
2695,0.92555128129283
2696,0.0012571229525167598
2697,0.43322931601386155
2698,0.032228042447731295
2699,0.5166236011473124
2700,0.6291791835822668
2701,0.20317764521353737
2702,0.9995122682052562
2703,0.7971394145359191
2704,0.804764015175572
2705,0.06444254038731355
2706,0.9997898641128934
2707,0.40524058049889894
2708,0.00039212987129930816
2709,0.0012865237174208355
2710,0.03961569766467984
2711,0.010178474752575157
2712,0.7503921046198668
2713,0.9995798401025434
2714,0.9979708575027206
2715,0.2103490659359803
2716,0.0015568091710531757
2717,0.007634049385578908
2718,0.0017930959046118368
2719,0.30263059405219006
2720,0.004933042243738375
2721,0.7702812095141698
2722,0.006928563945635386
2723,0.027813211665446005
2724,0.25495348903709386
2725,0.7225866607178503
2726,0.9995146591863655
2727,0.9520525385116207
2728,0.11807873905927926
2729,0.09838436987814304
2730,0.9994049153915541
2731,0.18286972325674428
2732,0.6833056011319242
2733,0.2219297998095113
2734,0.5885430336235457
2735,0.003265246484203777
2736,0.9993231908712138
2737,0.03346582115475202
2738,0.039689352393395896
2739,0.2285316694143233
2740,0.4186821940281604
2741,0.9004127658998774
2742,0.5965448853605995
2743,0.00875095155492234
2744,0.9992543060125728
2745,0.011305328585243841
2746,0.29197737679902414
2747,0.06114689524779119
2748,0.983360388720358
2749,0.025526517107113376
2750,0.060900094248920324
2751,0.9993687323916886
2752,0.023412983371754473
2753,0.06023793742286875
2754,0.9983692607629507
2755,0.9994460574021595
2756,0.9993965725538472
2757,0.05240131637629166
2758,0.07231327374980802
2759,0.7742345777154059
2760,6.0172501353602106e-05
2761,0.05034729799222354
2762,0.012002019477201106
2763,0.0037184691641184817
2764,0.8907735786756125
2765,0.3549704831551888
2766,0.21240129209454192
2767,0.00967346851474544
2768,0.5528280601554366
2769,0.07765342213849666
2770,0.9995349456135908
2771,0.9088400461012771
2772,0.032049062393148524
2773,0.15056346609229962
2774,0.8237114067942798
2775,0.6279408836114113
2776,0.9992635268927297
2777,0.28489307296059835
2778,0.29751927096105046
2779,0.8060009994595929
2780,0.019365010828808402
2781,0.4167290989593208
2782,0.17962700626635736
2783,0.523577698462685
2784,0.088151597353809
2785,0.8649365162572825
2786,0.021749723386897596
2787,0.034124604684255475
2788,0.35498006279404537
2789,0.011572079783119346
2790,0.013990858626921236
2791,0.6502836836806705
2792,0.6184607288209812
2793,0.5629340992489404
2794,0.9770228131210612
2795,0.9995012340096324
2796,0.009920409428753782
2797,0.7256662281917854
2798,0.0036154958979772436
2799,0.9391043538608334
2800,0.003419846150839381
2801,0.00039364759317661813
2802,0.03253926581176864
2803,0.001282728429620411
2804,0.44231541017737114
2805,0.4994553887884141
2806,0.6350182946581128
2807,0.22554509900705813
2808,0.2794106070197742
2809,0.026700861307033488
2810,0.9995624270282827
2811,0.6869003669170588
2812,0.8424373996788731
2813,0.23680423860495073
2814,0.6800785332022585
2815,0.04223190228421559
2816,0.001282728429620411
2817,0.00033959488377198656
2818,0.38620303750184776
2819,0.24507593568966177
2820,0.005770191497783844
2821,0.011792799424261197
2822,0.003009245789904855
2823,3.10660238787628e-05
2824,7.139746499349737e-05
2825,0.8487042814479149
2826,0.7589360597925877
2827,0.035197218225104944
2828,0.15418663617024445
2829,0.6850843520684639
2830,0.6237149986278949
2831,0.2529443294402312
2832,0.148364640899561
2833,0.004866947279929628
2834,0.8667712736982557
2835,0.012434986355608914
2836,0.18731985159501355
2837,0.005379859539023552
2838,0.9997552344593251
2839,0.12990622969454532
2840,0.9993692796144571
2841,0.6405256032554231
2842,0.0001687220240656308
2843,0.3793789344685518
2844,0.005192766337905611
2845,0.00015388264999179155
2846,0.07906408730275374
2847,0.0024186254659102732
2848,0.011361899998332535
2849,0.9990729536151864
2850,0.0006387731704627091
2851,0.9996231108917808
2852,0.08278601308082724
2853,0.007081947565794659
2854,0.00617870395558935
2855,0.007434373869076672
2856,0.649544466446881
2857,0.7055973424579116
2858,0.038585396909077856
2859,0.008063752293259976
2860,0.9993813163267867
2861,0.00020663592108373675
2862,0.014820510547362014
2863,0.9965307799022797
2864,0.000240970834141692
2865,0.05167295020720381
2866,0.9995765727716645
2867,0.7692388819193866
2868,0.20136047841218158
2869,0.2062805472374978
2870,0.999876241958767
2871,0.9994430364148694
2872,0.0070708802851738115
2873,0.8423796572042496
2874,0.05073425601766334
2875,0.02233304362937513
2876,0.9985889755646586
2877,0.18015072285491307
2878,0.5427379710205649
2879,0.006189209091904219
2880,0.057408437513483256
2881,0.13868828114880857
2882,0.024537953863239002
2883,0.9996107328422593
2884,0.006540853066370309
2885,0.241270551590966
2886,0.019359942448713058
2887,0.016240572579584327
2888,0.0639928340148694
2889,0.34788870438506136
2890,0.0003501082365356589
2891,0.00036212116376192847
2892,0.15708575861049973
2893,0.04490168485847019
2894,0.0003062294355023968
2895,0.0005733291842034037
2896,0.001970086730665693
2897,0.6807950595113668
2898,0.5676912987608288
2899,0.9995624270282827
2900,0.9993592653552299
2901,0.8663674867312035
2902,0.0021226699626018895
2903,0.0030797395556215806
2904,0.44612822587853623
2905,0.0020900529630247713
2906,0.02722327749440223
2907,0.0022226420930465812
2908,0.06736086253186686
2909,0.6556320155195471
2910,0.795880507436255
2911,0.9989694629545196
2912,0.39327165830152616
2913,0.07615058168622406
2914,0.5866234257339227
2915,0.0005304609260999379
2916,0.019503622829735015
2917,0.9995003371323486
2918,0.002529002241023564
2919,0.8853994001355013
2920,0.0002763131601069532
2921,0.6006407819502626
2922,0.4827604533697906
2923,0.0042489158816604936
2924,0.03185425888431816
2925,0.003087597495841133
2926,0.24958040197929363
2927,0.0012729282526396787
2928,0.7185021342104053
2929,0.03826485739451393
2930,0.006634505285581802
2931,0.007400345129159272
2932,9.922444739699793e-05
2933,0.04140547928427889
2934,0.03595882458868681
2935,0.22221453811532885
2936,0.6054324118305101
2937,0.062057112517612804
2938,0.11411194274544748
2939,0.0012952107451710574
2940,0.42749624875889913
2941,0.006841773008441828
2942,0.9996970743405839
2943,0.9995120819279244
2944,0.17255517822243757
2945,0.8234312003887035
2946,0.6187742543245284
2947,0.8558411903138844
2948,0.9996105663826294
2949,0.004370430622581412
2950,0.12480493274903527
2951,0.9998180183431119
2952,0.013655258159455414
2953,0.0032235247494355602
2954,0.9994572711592885
2955,0.1873803425774523
2956,0.30553659437939823
2957,0.1787847021253307
2958,0.16295777412094536
2959,0.28084200871303444
2960,0.2843505968264627
2961,0.791217396366029
2962,0.0848617603049913
2963,0.19208568694687161
2964,0.10250883378490958
2965,0.7151475617759949
2966,0.8889865108634899
2967,0.03346582115475202
2968,0.01406651818166402
2969,0.0075362551298643835
2970,0.4578721029199913
2971,0.04062232475636338
2972,0.001387715787451418
2973,0.0031705410030567747
2974,0.0531144756245091
2975,0.0026183983592804948
2976,0.0010321513304545576
2977,0.1732617538534778
2978,0.999365172191514
2979,0.6371001605358504
2980,0.9995324294668777
2981,0.023531808433574688
2982,0.0003371784343931697
2983,0.44101576579847995
2984,0.8700406684785893
2985,0.944986520829733
2986,0.9996416105750527
2987,0.9962550727198951
2988,0.3703181722106571
2989,0.9996813204424406
2990,0.003726230532476027
2991,0.014281667420299297
2992,0.8546445792358895
2993,0.7845910339505724
2994,0.9996196310730281
2995,0.2641715232673345
2996,0.4150621330614869
2997,0.16651690433020017
2998,0.03932590724340083
2999,0.5958003684667146
3000,0.004026069264669596
3001,0.9996559828071766
3002,0.9993845371374421
3003,0.25846053662201923
3004,0.035001199846388255
3005,0.48478186195351036
3006,0.00011547870393324605
3007,0.023641597346203212
3008,0.23749659137865073
3009,0.7774019966561199
3010,0.1375676209046257
3011,0.17962700626635736
3012,0.7430468676005794
3013,0.08152766118108193
3014,0.9991653614104213
3015,0.18710970485819362
3016,0.03141766126239004
3017,0.024337024518556582
3018,0.03480319635231017
3019,0.9978996339101762
3020,0.002358085886062838
3021,0.9991864837073782
3022,0.2789781152936128
3023,0.44962172224074104
3024,0.9943686013697164
3025,0.0057005948335443184
3026,0.005035304727874349
3027,0.22252867540779392
3028,0.9996058235946792
3029,0.0004426988778475154
3030,0.044614743661936344
3031,0.008221121112063893
3032,0.15089933818933587
3033,0.0012566297164999306
3034,0.999615915396709
3035,0.053813459419042683
3036,0.7694361304125054
3037,0.0012393930692799645
3038,0.04766267856318535
3039,0.6341887168959519
3040,0.998302401075527
3041,0.18828320345364663
3042,0.008724583767794256
3043,0.32181122973154574
3044,0.013079155849472857
3045,0.848923934072199
3046,0.04543105186386209
3047,0.044471503918239556
3048,0.09816854921516656
3049,0.015555245502343221
3050,0.06003646318004379
3051,0.7539048340514266
3052,0.004289888510338093
3053,0.01185287598826155
3054,0.35333971362985683
3055,0.9831585069935569
3056,0.19768627793756968
3057,0.8741104568840975
3058,0.9594319138019384
3059,0.0031020716753642073
3060,0.999733466471797
3061,0.9504742213644373
3062,0.9996335887155837
3063,0.2808167612910066
3064,0.24466903605323376
3065,0.49045299426203165
3066,0.10081070388686629
3067,0.9994542939190878
3068,0.085201319543882
3069,0.0016896794813938505
3070,0.1608154592890097
3071,0.9957123539442085
3072,0.0360714724010695
3073,0.00031287562928516456
3074,0.3549704831551888
3075,0.0016124933197691955
3076,0.0136168773090223
3077,0.13687403920007585
3078,0.0014684137322918203
3079,0.09877338982789147
3080,0.08613794100314308
3081,0.4295879542486575
3082,0.2928943497182721
3083,0.11614470612235475
3084,0.9994108801406091
3085,0.9996861427976791
3086,0.08617336298215592
3087,0.2954474007880273
3088,0.011489547143672814
3089,0.004439135865605091
3090,0.0025008664277432983
3091,0.0002539010870442176
3092,0.9995166592689971
3093,0.8304806422706018
3094,0.25128362804064563
3095,0.5025162808818296
3096,0.4942172945892185
3097,0.013885078690426681
3098,0.01076574160231065
3099,0.8904365465771849
3100,0.1788858566747553
3101,0.7019692391865717
3102,0.354862730546064
3103,0.000442414447784978
3104,0.0004636816430686644
3105,0.3179513247055053
3106,0.8361638849560884
3107,0.40352497941100873
3108,0.030173894092752424
3109,0.4377556180909789
3110,0.7771365769569953
3111,0.9991055152123424
3112,0.0008897852051248212
3113,0.8622595993471506
3114,0.01832281645369792
3115,0.0030197181267839174
3116,0.9995976733969801
3117,0.9995012340096324
3118,0.013921415246593963
3119,0.6093445209087393
3120,0.2513276988158677
3121,0.00673110729341946
3122,0.3951478136359093
3123,0.6670103353135908
3124,0.9998006276795515
3125,0.2396030444555369
3126,0.9996351704568036
3127,0.001827927179216017
3128,0.00756924742339628
3129,0.7092438974443165
3130,0.7135876143026695
3131,0.7541009809191367
3132,0.4847984835018655
3133,0.9995324294668777
3134,0.8426932851519652
3135,0.0014355975512088445
3136,0.6546895595012038
3137,0.9998293965294945
3138,0.7857678593955295
3139,0.7621181138717714
3140,0.008393680968875007
3141,0.018210605153498836
3142,0.9996683278083242
3143,0.0004852695890216236
3144,0.1140464886321131
3145,0.04333313041369787
3146,0.008840376574274894
3147,0.03457960987795449
3148,0.009289675087592028
3149,0.20189219427180274
3150,0.4153811866113708
3151,0.30236262162988276
3152,0.01952028557731953
3153,0.8066214458386443
3154,0.7787436993055968
3155,0.13078415461883508
3156,0.006637165270919953
3157,0.7633818032076636
3158,0.2277058515033229
3159,0.9993985271119473
3160,0.008230677391668056
3161,0.9985357285632128
3162,0.029603516375814785
3163,0.0017950390767999234
3164,0.8757717361616072
3165,0.0001885072559767868
3166,0.00026557478975121324
3167,0.9989835121744597
3168,0.19168949352917183
3169,0.9996484142293458
3170,0.010849594351273494
3171,0.5664439217892276
3172,0.014610251486858183
3173,0.18142331644645232
3174,0.9997078993336249
3175,0.0008998725992638684
3176,0.74331971599983
3177,0.9992967103827686
3178,0.650813187195964
3179,0.0021833554211894007
3180,0.1455168932369281
3181,0.6840022720992327
3182,0.03333978375034911
3183,0.8964298615853752
3184,0.14835891192954517
3185,0.2812832280364344
3186,0.002828411429423445
3187,0.28836916698520465
3188,0.4569031739982008
3189,0.07972098614820369
3190,0.017939249042055884
3191,0.002695263737129946
3192,0.002031247867745426
3193,0.6574172971751431
3194,0.9998950502642967
3195,0.706904393289267
3196,0.06543938469180409
3197,0.005585459256278426
3198,0.669443099919241
3199,0.7371585948317543
3200,0.6903295419227972
3201,0.4850914274701506
3202,0.9998180183431119
3203,0.504075457849113
3204,0.9995024380328671
3205,0.10525477783523882
3206,0.9987101920501832
3207,0.9993741920674309
3208,0.7239059930957444
3209,0.04910123083139171
3210,0.008296056585231942
3211,0.7767952982790611
3212,0.9193525435891942
3213,0.9988815403119792
3214,0.008342072750947373
3215,0.9998100500626295
3216,0.03812981613725727
3217,0.11577603087118829
3218,0.0023992829357606725
3219,0.004248912980804267
3220,0.2427261562253087
3221,0.0003071095522107705
3222,0.9995345221727368
3223,0.012814814925644636
3224,0.20217644587147662
3225,0.00011959336854966757
3226,0.29507702607668934
3227,0.005427735753227045
3228,0.9999164111276294
3229,0.07307719143740703
3230,0.13005096694668136
3231,0.13766493487592277
3232,0.007687393417516109
3233,0.22041829138381366
3234,0.005774033156728587
3235,0.5494704630384845
3236,0.8839751959971771
3237,0.1098298512098664
3238,0.08762931823854003
3239,0.2238309747337573
3240,0.010947846787031913
3241,0.31997865874179987
3242,0.10667785074475743
3243,0.6981363178755802
3244,0.327119826207211
3245,0.9995349456135908
3246,0.11098802750920508
3247,0.19963939106292858
3248,0.20135905604624058
3249,0.4364020530918592
3250,0.7496266491744636
3251,0.028187722886450592
3252,0.036128056981606954
3253,0.2242517199833892
3254,0.0005231262022291841
3255,0.14707222309496923
3256,0.9995122682052562
3257,0.9184660279100307
3258,0.47173898219918964
3259,0.5157303764226672
3260,0.7323987147682023
3261,0.20258179085426645
3262,0.08932494426298966
3263,0.0018043530747553947
3264,0.9998698651421565
3265,0.009297498742637677
3266,0.5376009927344434
3267,0.9998867297293593
3268,0.008446135936233347
3269,0.000495633648401569
3270,0.1293964721537425
3271,0.008005371013722683
3272,0.027786926690485984
3273,0.15127886133022095
3274,0.901494896180817
3275,0.32857935696596624
3276,0.0012372145218928071
3277,0.8054815149984483
3278,0.0005480296692555051
3279,0.9992568739925147
3280,0.4547915336757925
3281,0.13142633933645306
3282,0.9995651299002112
3283,0.3152727362132815
3284,0.6405441872563038
3285,0.5403858176804784
3286,0.4241945599293075
3287,0.0077947046596510096
3288,0.003317007365509066
3289,0.005335799912792957
3290,0.000920746785269468
3291,0.01828870349821756
3292,0.0017542597138435088
3293,0.011851286688208097
3294,0.00932022129274286
3295,0.29042225306996017
3296,0.0024783635251122336
3297,0.06624426705029104
3298,0.9999276517781958
3299,0.2800194538599499
3300,0.025795349947767696
3301,0.4243124217877286
3302,0.4814956971621533
3303,0.4258805319756234
3304,0.9994460574021595
3305,0.8270404367473878
3306,0.0009387782695374365
3307,0.9991694385894853
3308,0.012934209284135433
3309,0.8154594285834343
3310,0.21120899610888208
3311,0.0015739384797570806
3312,0.4274227450044815
3313,0.2913011503253551
3314,0.014804612389791156
3315,0.008466216968502875
3316,0.0031153014625743968
3317,0.46915302633932715
3318,0.7752124443205685
3319,0.0422830216942579
3320,0.05365299791272576
3321,0.6690286974691515
3322,0.08336178212128333
3323,0.4790660789843428
3324,0.00011054128057054709
3325,0.8686244842746162
3326,0.0012951181612538118
3327,0.0002742270028336706
3328,0.9476966592622942
3329,0.7615902351763828
3330,0.15044952269465905
3331,0.02603834944895676
3332,0.003546785268647462
3333,0.7511163036258199
3334,0.6128440795566678
3335,0.00026053994758315794
3336,0.9986514783417707
3337,0.7240358550468492
3338,0.0012166061247631096
3339,0.006051630373295671
3340,0.00017263304541150856
3341,0.0072002425600686225
3342,0.45748744662253965
3343,0.024207240367129193
3344,0.5648048880934595
3345,0.0003465805073864696
3346,0.0007922557475620928
3347,0.9996501135545404
3348,0.535868304219832
3349,0.02063746827104258
3350,0.17645095391033588
3351,0.5120334840786971
3352,0.024031147060513448
3353,0.00795141345937465
3354,0.005632291273493726
3355,0.051289295432400635
3356,0.1732541703751869
3357,0.39219327020844835
3358,0.24966451382359256
3359,0.003947601128566082
3360,0.9996052896457306
3361,0.1723073307678778
3362,3.300205674574464e-05
3363,0.013416036993801927
3364,0.7412096609922442
3365,0.8981069842958863
3366,0.00016009326008753
3367,0.00035676122870923876
3368,0.0036121362828791
3369,0.027108482163519316
3370,0.02849934128768951
3371,0.7717171156061398
3372,0.7324113518271216
3373,0.0061158655875710975
3374,0.05820714403760668
3375,0.6749365620543665
3376,0.0001921682031697403
3377,0.30687406949176516
3378,0.9064038227620549
3379,0.6339967313700116
3380,0.18504929204477696
3381,0.025707084668288624
3382,0.07336038321780426
3383,0.21790093261992743
3384,0.3054971767692498
3385,0.020815503068722863
3386,0.7827269758406248
3387,0.010150773267453282
3388,0.014583054970516785
3389,0.00428389004069516
3390,0.02519691156452822
3391,0.07219953530938457
3392,0.004207682143615687
3393,0.720974174632669
3394,0.9994684641663681
3395,0.5445059565303182
3396,0.932472110830016
3397,0.6009093854772337
3398,0.4849151668443478
3399,0.007590182491323007
3400,0.18215750272732625
3401,0.0003945582668746988
3402,0.007676847850546537
3403,0.9961387695029311
3404,0.7553997819438183
3405,0.20753196359181358
3406,0.9996232769201447
3407,0.28598744140857346
3408,0.40242216884477233
3409,0.0041380588057171675
3410,0.0005974100433492372
3411,0.21160333726347116
3412,0.4484319181149009
3413,0.841484206453342
3414,2.10384239668328e-05
3415,0.9995812858226524
3416,0.0019004027365310053
3417,0.006593215910005684
3418,0.20710177606006783
3419,0.6734820840596832
3420,0.6701526199733694
3421,0.07903205226721502
3422,0.0003831362971678584
3423,0.015806972511881925
3424,0.6805240926615544
3425,0.023806255020380564
3426,0.1904680037366049
3427,0.005157131935693238
3428,0.4069074248138612
3429,0.03846120443187284
3430,0.7538613972798364
3431,0.0005090448892616123
3432,0.0895437195068755
3433,0.8057545036415521
3434,0.0007249323696700117
3435,0.17380351861620016
3436,0.028810298391586685
3437,0.23457117808869876
3438,0.8359351780170886
3439,0.08857618902469187
3440,0.6257947081598975
3441,0.008242624312543738
3442,0.07494023365367887
3443,0.30117699947462995
3444,0.33581122926475915
3445,0.0007055157205880364
3446,0.9998525308776547
3447,0.35661312758952546
3448,0.9997200370754277
3449,0.011426548174044262
3450,0.23337105039488026
3451,0.07360977493565085
3452,0.15072881260396404
3453,0.9244402994655782
3454,0.2700552271675661
3455,0.1571967772387941
3456,0.0002731177656814921
3457,0.8941890578937548
3458,0.32955375011282073
3459,0.9994675392009161
3460,0.7887693683274707
3461,0.32591854984243446
3462,0.00030019053299555235
3463,0.02227088511345193
3464,0.3190709529407855
3465,0.5495690054020625
3466,0.0007070897807971144
3467,0.059631591875266766
3468,0.08634240364282764
3469,0.5247493126492361
3470,0.29818039176939487
3471,0.008395528248820838
3472,0.7106137343922823
3473,0.7636188847936785
3474,0.9995962505625071
3475,0.0015230823030379374
3476,0.7823971260542293
3477,0.06010122108883038
3478,0.7143487704160142
3479,0.00035120320530010197
3480,0.7092444505646194
3481,0.22855057379106827
3482,0.0003851117241208992
3483,0.999619137301776
3484,0.9577881352292037
3485,0.9994657175692135
3486,0.9997898641128934
3487,0.7839880249816809
3488,0.07690735171405658
3489,0.5032298334388774
3490,0.058468220537253986
3491,0.9991369678500007
3492,0.0036389909138942636
3493,0.005762996058812116
3494,0.4411782726269467
3495,0.044627855217859363
3496,0.007519197510248417
3497,0.0639988970562263
3498,0.02648056175192262
3499,0.00017395056576815346
3500,0.26911320732807337
3501,0.18892554418554688
3502,0.001608919328257684
3503,0.015806825808645744
3504,0.006328201809736749
3505,0.10277932496086496
3506,0.005999592549647138
3507,0.3745492791912058
3508,0.7169802719790452
3509,0.7260455269100274
3510,0.8130100531855482
3511,0.9993692796144571
3512,0.6970669546607536
3513,0.9341183096837067
3514,0.06943411586785277
3515,0.0016704682424328974
3516,0.000360428718528317
3517,0.9043574641315079
3518,0.9995071701578532
3519,0.355011466795729
3520,0.015128537626934729
3521,0.9996617449573088
3522,0.36082039207288596
3523,0.2447256683624567
3524,0.44839331823039674
3525,0.3191099032747193
3526,0.7288816237491302
3527,0.011007825362485166
3528,0.8796857739401546
3529,0.160135456969563
3530,0.7552995513013888
3531,0.060450244120956266
3532,0.28799873092708533
3533,0.2913676644057224
3534,0.5847053874029582
3535,0.4767008584446447
3536,0.2528273693160532
3537,0.16040461061469805
3538,0.00039236074556982394
3539,0.015393260256423591
3540,0.0012867645288348855
3541,0.019991975487011707
3542,0.8533785158126641
3543,0.9995342720711905
3544,0.06278049306378183
3545,0.09081816808799
3546,0.0002939357318589119
3547,0.8491599981772213
3548,0.7565327469479413
3549,0.9993402859038925
3550,0.003677965389126876
3551,0.12821544676455157
3552,0.007776365673326701
3553,0.1440156816034976
3554,0.5053737207179234
3555,0.5620421462099232
3556,0.8242716382265809
3557,0.9997542609426419
3558,0.024542682689967173
3559,0.08805997479873544
3560,0.314465334325854
3561,0.03977925495138851
3562,0.9998403042141668
3563,0.019418786881475785
3564,0.8853047619796183
3565,0.37481914830605867
3566,0.00035594700929841036
3567,0.6903647607518416
3568,0.9995976733969801
3569,0.01471300330621892
3570,0.029528594912949513
3571,0.16807027480526107
3572,0.017315009820651404
3573,0.016287250901032
3574,0.6381815071434875
3575,0.0017312925319999653
3576,0.9998664268623432
3577,0.055000170538521055
3578,0.012991011485483584
3579,0.15094514632726835
3580,0.628662920405193
3581,0.0947935738988407
3582,0.9999692509615249
3583,0.001802682788763185
3584,0.005587558025360772
3585,0.9914949336145696
3586,0.012324865724883604
3587,0.5349509587860807
3588,0.00019789254376170065
3589,0.5164896093186835
3590,0.8104273976081103
3591,0.2457611809609506
3592,0.497242106189376
3593,0.26295368991864
3594,0.012219655992385678
3595,0.7807252397304595
3596,0.790078290154132
3597,0.15227090680848665
3598,0.03703425438584113
3599,0.19452991249415308
3600,0.3855795749395231
3601,0.0242178353511531
3602,0.008445107243530049
3603,0.004841507298752851
3604,0.01232361817803065
3605,0.03251995040780124
3606,0.002169590108911525
3607,0.9993985271119473
3608,0.9997266067552326
3609,0.6806483967770414
3610,0.7478477359033149
3611,0.0027362409607898566
3612,0.9227984005160594
3613,0.0021989825997176674
3614,0.07987840552642352
3615,0.03998060044833594
3616,0.003999090655473607
3617,0.4867446546690194
3618,0.4277257586601353
3619,0.03025872475180016
3620,0.788900805978818
3621,0.6040960636636299
3622,0.02518009120903827
3623,0.5346666390757907
3624,0.20936890016482038
3625,0.00549951442066193
3626,0.8377885206853327
3627,0.6769277696990669
3628,0.22268719736063186
3629,0.00013902042349355222
3630,0.26011339303577674
3631,0.1472575264015451
3632,0.04754829924921977
3633,0.1597135832622752
3634,0.007729596069066984
3635,0.011437565532243803
3636,0.3329363173270011
3637,0.9520580007982221
3638,0.8331240498775374
3639,0.37289678750022853
3640,0.14051643135588496
3641,0.7032502727714316
3642,0.03691409051081822
3643,0.5590157530037234
3644,0.0010077161867535543
3645,0.5311781832783006
3646,0.10277710372541214
3647,0.055694012721079614
3648,0.01016764175851
3649,0.0043032254397714405
3650,0.0007412604534987289
3651,0.08565622347109468
3652,0.291986353686663
3653,0.43592006356599544
3654,0.03307621987342553
3655,0.000654026026429854
3656,0.0033693767179387665
3657,0.0004020426596461791
3658,0.003388905122426431
3659,0.20380079382621144
3660,0.06113323473749411
3661,0.7404845012122897
3662,0.7690723885854913
3663,0.022228221491189908
3664,0.006070516241020941
3665,0.002251552260003282
3666,0.34849270220670864
3667,0.25944806038233065
3668,0.17857414444656086
3669,0.015750306435040006
3670,0.1090243278278058
3671,0.3917222432098722
3672,0.9993548948506998
3673,0.7118768499037965
3674,0.02191840432001134
3675,0.007167020846171312
3676,0.6859970224080194
3677,0.0002311979214894239
3678,0.8331251386627307
3679,0.01516999101551791
3680,0.6715874949710747
3681,0.9994763756426599
3682,0.1726137120318962
3683,0.9103408376201014
3684,0.00027461946929040665
3685,0.2042673838003845
3686,0.8862884482751754
3687,0.21066290746942282
3688,0.45687532770432776
3689,0.9996747927915519
3690,0.032295296540176495
3691,0.42578409653583665
3692,0.4079903085119002
3693,0.04275464118495866
3694,0.11847088911007819
3695,0.12331350548835661
3696,0.00017327492439358133
3697,0.6117533870640296
3698,0.04308515851055346
3699,0.9995349456135908
3700,0.7006755130451275
3701,0.04551061709988468
3702,0.010662023189846454
3703,0.004321295527923556
3704,0.05336827960613172
3705,0.030355851513363397
3706,0.004369133856311619
3707,0.685882461193733
3708,0.9841793526487834
3709,0.49310083534959276
3710,0.013934597984595384
3711,0.0073110258201969204
3712,0.9974709209973043
3713,0.03876139978440049
3714,0.0005288273193655484
3715,0.00796508116702484
3716,0.1765235731679872
3717,0.055375059604078174
3718,0.033595727415039876
3719,0.0003098578244889254
3720,0.09449436036308805
3721,0.018207919071860743
3722,0.00031763357636506223
3723,0.005111794056179577
3724,0.0006790094517493398
3725,0.34111061423032346
3726,0.2017928317579815
3727,0.9998293965294945
3728,0.5805159703700039
3729,0.006172108945655823
3730,0.2705879758819947
3731,0.6483882115106733
3732,0.8323206777314308
3733,0.17185640604407137
3734,0.00423399205934284
3735,0.23649403650921652
3736,0.0721368755770881
3737,0.050069878814075805
3738,0.0005688925904955262
3739,0.004483026023307733
3740,0.05320019131137136
3741,0.7145860822452901
3742,0.19185653425392396
3743,0.00695874677449953
3744,0.18644802708006702
3745,0.3087596233941575
3746,0.7010569270498092
3747,0.0019341062932703432
3748,0.9994307142201256
3749,0.04949418090631499
3750,0.14649361248207918
3751,0.570275843501286
3752,0.011238583769231184
3753,0.9996788645836499
3754,0.02752130805764225
3755,0.22745496013821234
3756,0.8446011769506808
3757,0.009308385416392735
3758,0.0035293545252602725
3759,0.7993442821133557
3760,0.027466419186274897
3761,0.9129418403458361
3762,0.03553162794836512
3763,0.013975573882272165
3764,0.4786618159513774
3765,0.12593036184104392
3766,0.04496750806973361
3767,0.06894184271480622
3768,0.2967313900749896
3769,0.0002785079287135224
3770,0.058980417660900196
3771,0.21478367304337456
3772,0.7827237015365365
3773,0.0690257419398535
3774,0.00020090624661036902
3775,0.964873668265315
3776,0.5787489637501292
3777,0.37740935163055095
3778,0.18445366433204086
3779,0.030490441489886087
3780,0.9994348347441976
3781,0.0032032120405419326
3782,0.0038547493418908682
3783,0.0445658728425695
3784,0.054719729650193984
3785,0.9998886082684143
3786,0.18869115171282488
3787,0.07248736981757602
3788,0.5445356418382736
3789,0.14068121212780832
3790,0.5956229566083373
3791,0.21160333726347116
3792,0.00022006181031342207
3793,0.0027554081152219405
3794,0.9993687323916886
3795,0.9991464362422817
3796,0.018951217940669042
3797,0.9996861427976791
3798,0.9995798581150174
3799,0.8216783905410928
3800,0.7678072182725411
3801,0.0004791495260949063
3802,0.0026183983592804948
3803,0.237820025248236
3804,0.5920478796465668
3805,0.00022126380600473114
3806,0.7206451141516145
3807,0.37466628633458166
3808,0.9996559828071766
3809,0.023004553764769443
3810,0.004876767973394379
3811,0.24094351216126633
3812,0.9994460574021595
3813,0.007488630088488709
3814,0.999820429920271
3815,0.0004547694401126509
3816,0.0001529604873356268
3817,0.9998886082684143
3818,0.4377556180909789
3819,0.013890991196534237
3820,0.5262064116601085
3821,0.5479750810900333
3822,0.012308953868841078
3823,0.16797548785536437
3824,0.0006885554170967033
3825,0.7394011615881723
3826,0.07227718859735986
3827,0.13972602430388759
3828,0.05410778920993994
3829,0.0021169892357076983
3830,0.999501290860801
3831,0.64794601029025
3832,0.9989867434241528
3833,0.9996519329611498
3834,0.07873805431679613
3835,0.46340874602312004
3836,0.005700806051587425
3837,0.9990692969893158
3838,0.17195592158950904
3839,0.003020179279117582
3840,0.9995651299002112
3841,0.9994692090074154
3842,0.9998723382447499
3843,0.8040943188415031
3844,0.9993922570533871
3845,0.8909865196795793
3846,0.5426084804560639
3847,0.0030958076499446917
3848,0.0008631555069682201
3849,0.2899009217242358
3850,0.013894721330492913
3851,0.03851791400134072
3852,0.9994992196587829
3853,0.33513297578495443
3854,0.9998618626343602
3855,0.6304820712637275
3856,0.046721619584787884
3857,0.0009596614013119096
3858,0.0174298134187416
3859,0.18735495048166995
3860,0.6981095199779902
3861,0.4252175897788156
3862,0.9252249716514712
3863,0.2707616929188299
3864,0.15702958514386664
3865,0.7573611676167652
3866,0.7777739409189436
3867,0.9998626501846146
3868,0.0019022958284199885
3869,0.002681557040429898
3870,0.6778945556526185
3871,0.17610815741394514
3872,0.3662986383585842
3873,0.09549232349842794
3874,0.09946928639883594
3875,0.0018440284779807229
3876,0.001242352758661219
3877,0.003788856109021955
3878,0.000324949889319639
3879,0.30234116340539086
3880,0.00038430810075801335
3881,0.011886308272828394
3882,0.1445289106145843
3883,0.2507477632260438
3884,0.4111249845165441
3885,0.00027087397561698085
3886,0.114490881310594
3887,0.9175975056370891
3888,0.09417483755808957
3889,0.3462603325145614
3890,0.01474917354689606
3891,0.934116410664911
3892,0.0005668953538431152
3893,0.2605688778280185
3894,0.08256470922768745
3895,0.009596650097839872
3896,0.0009847528998469359
3897,0.5069854115233393
3898,0.001580494771148276
3899,0.07465426849845987
3900,0.15670245963824905
3901,0.012114195000961099
3902,0.012789563782677867
3903,0.9846469303996982
3904,0.9995952278969131
3905,0.4124161375964662
3906,0.0021839081158807954
3907,0.013255701489530296
3908,0.12600495510489768
3909,0.5139245493859829
3910,0.8928415324486594
3911,0.000383481961553977
3912,0.0037735776265131605
3913,0.0644306651846533
3914,0.9378308052554843
3915,0.0032993354584543817
3916,0.0821908835644596
3917,9.908687129728571e-05
3918,0.6365134909554151
3919,0.0002211103933339329
3920,0.999703315495614
3921,0.8841066272744837
3922,0.3710593794055976
3923,0.00039609476823435405
3924,0.24854728666869974
3925,0.10664027244234969
3926,0.9368861244682352
3927,0.00038880503381618053
3928,0.2677169962483063
3929,0.7420516463795427
3930,0.3848025105650514
3931,0.6813711577672921
3932,0.6740237419170481
3933,0.9003078347704021
3934,0.0011977520658872527
3935,0.00012552383587800087
3936,0.040898469566569076
3937,0.00029974015835620835
3938,0.07967216223783026
3939,0.615828413040575
3940,0.9996351704568036
3941,0.9162259266027273
3942,0.8652934622519813
3943,0.30827432238147506
3944,0.0032812781205605215
3945,0.9995747918455368
3946,0.10763195672517614
3947,0.2708384755202011
3948,0.042214905568710825
3949,0.12773987238117138
3950,0.02806939738868946
3951,0.8137564475078877
3952,0.6161234724490512
3953,0.0344733761691099
3954,0.9378308052554843
3955,0.001701969994863056
3956,0.026924626652325957
3957,0.004740046659937533
3958,0.35210464496184973
3959,0.00011222898923466578
3960,0.038824519878965943
3961,0.43014134188382225
3962,0.9998366986693964
3963,0.6365529215260289
3964,0.10838201551344537
3965,0.21531189646377846
3966,0.9996827555063189
3967,0.006046438975885782
3968,0.0015834640706511016
3969,0.46936395311643797
3970,0.803574764672622
3971,0.026561001641323745
3972,0.4908515864176865
3973,0.16364683773203748
3974,3.26846984016396e-05
3975,0.006087972701203314
3976,0.9981578352334958
3977,0.1419535171718751
3978,0.0002762015378651529
3979,0.1156529436676922
3980,0.09356736054023153
3981,0.006857350222208378
3982,0.27072083017968035
3983,0.015600765032019927
3984,0.9989791469929162
3985,0.00011845723194629906
3986,0.9996714344854416
3987,0.09256342862492126
3988,0.042597877833521106
3989,0.05120313686623998
3990,0.6793080715869645
3991,0.18303231821204807
3992,0.8020993170693865
3993,0.9994440737460357
3994,0.3229650459694188
3995,0.1477665183023574
3996,4.5505233494435564e-05
3997,0.41462092977104387
3998,0.004402909084783345
3999,0.5999269377952404
4000,0.006128759611136477
4001,0.0074594435337409625
4002,0.0037103672171800643
4003,0.3058041944492495
4004,0.44576924123341033
4005,0.35550491362006464
4006,0.5813666965397355
4007,0.27960449173760543
4008,0.3611791337376202
4009,0.01537506286479253
4010,0.3475837920263762
4011,0.9810115287064797
4012,0.44024029251235963
4013,0.7508478275861585
4014,0.17620249660757378
4015,0.9399622469489258
4016,0.9997552344593251
4017,0.06671725901076081
4018,0.0034018224828187044
4019,0.44351764522841025
4020,0.8102194326463037
4021,0.352425349699541
4022,0.0008586569766271053
4023,0.9995976733969801
4024,0.013997646458575085
4025,0.7888787457845058
4026,0.0516252421776704
4027,0.6635970260874191
4028,0.6243643021761427
4029,0.22566854355884047
4030,0.2393686562628433
4031,0.00035188790946020734
4032,0.30580418726867376
4033,0.013877429121289652
4034,0.012352739368575106
4035,0.23820264905573746
4036,0.007689847330332139
4037,0.11713107152575272
4038,0.528721852180865
4039,0.9996994585061451
4040,0.9979598860111967
4041,0.9997973281153908
4042,0.24682974158685173
4043,0.10203003879834228
4044,0.6622477175855933
4045,0.05914380285292356
4046,0.01479385821024404
4047,0.2715927984719112
4048,0.4673126677476899
4049,0.0427881729558896
4050,0.001757863659246511
4051,0.7602947998931902
4052,0.2878011498669664
4053,0.9991994194555294
4054,0.10299890796657198
4055,0.003021454798852445
4056,0.9995651299002112
4057,0.3625942835787514
4058,0.12808252740938164
4059,0.523967010040499
4060,0.8328207084645453
4061,0.9994789353534381
4062,0.08168211500930232
4063,0.06102310692218924
4064,0.0003435387119618898
4065,0.0004099902411852645
4066,0.42659298549778407
4067,0.4984935139171534
4068,0.1903481188837118
4069,0.00012127723354073025
4070,0.6163973824642244
4071,0.7370867469675034
4072,0.679725509348455
4073,0.0015352806789733263
4074,0.7738197312594693
4075,0.001471975291301915
4076,0.0001612221578429762
4077,0.005774033156728587
4078,0.1470418499343966
4079,0.0028413701046651396
4080,0.9997807009416932
4081,0.983360388720358
4082,0.24431877356493145
4083,0.23953958874629974
4084,0.9994254941114246
4085,0.08068126956106021
4086,0.28704153111603614
4087,0.5757161765414835
4088,0.9985307457099508
4089,0.006927575134893521
4090,0.9133554296996667
4091,0.2440693340434018
4092,0.00014775407233934997
4093,0.8244518082717743
4094,0.006535278904731196
4095,0.17593373082960195
4096,0.682914181402376
4097,0.0022202886681717553
4098,0.1286956446783708
4099,0.9962584674958471
4100,0.012763496440523036
4101,0.47168435225318417
4102,0.6999051640091156
4103,0.823487806921305
4104,0.48328964794512663
4105,0.16898934226576892
4106,0.9737069649816638
4107,0.00832864803728233
4108,0.43142373918733784
4109,0.020635145144407428
4110,0.2581160052977543
4111,0.05299037859697597
4112,0.011509527716970452
4113,0.0012636286402492362
4114,0.01142307448553281
4115,0.9993900675133923
4116,0.0062671484060886065
4117,0.0044163252035752665
4118,0.0723850125830001
4119,0.20193623184918308
4120,0.006922872922248166
4121,0.24097206279596278
4122,0.0003840214760870488
4123,0.9992107052886467
4124,0.028503858804246673
4125,0.49979856175836146
4126,0.8327411954596392
4127,0.5793027818836431
4128,0.7437357919938634
4129,0.4013385447969053
4130,0.04216704336858711
4131,0.019780887659463054
4132,0.7446854731131748
4133,0.22542740284302729
4134,0.999126420245033
4135,0.017654796893323655
4136,0.00507849183631972
4137,0.1125481476037666
4138,0.0028265777094472816
4139,0.0033022209918408957
4140,0.14904007482778223
4141,0.6674778072827233
4142,0.01696440682315771
4143,0.2605688778280185
4144,0.007575330568882758
4145,0.8595468801093564
4146,0.04093388120883271
4147,0.2923841125521921
4148,0.9999401381062397
4149,0.049285779211207005
4150,0.003748348114731575
4151,0.295205309811607
4152,0.38401175455083864
4153,0.6826263159341996
4154,0.5988223645918012
4155,0.00937285113400037
4156,0.07664066355924304
4157,0.9989784103305633
4158,0.8310572044535968
4159,0.0020124203575607744
4160,0.02975295548013722
4161,0.9992635268927297
4162,0.005506729884734262
4163,0.3087596233941575
4164,0.8928021185229775
4165,0.3644077377651371
4166,0.9999080879494182
4167,0.6582341388365283
4168,0.012871067835573137
4169,0.1008006545022897
4170,0.48704849545647444
4171,0.3619714717659119
4172,0.6635997325393101
4173,0.3287184979894149
4174,0.4790657090916353
4175,0.024660545858197196
4176,0.10947045792457538
4177,1.801006647528086e-05
4178,0.19407532573865824
4179,0.91089066800937
4180,0.0026433458741405447
4181,0.0339819724261218
4182,0.0002717561616767672
4183,0.9990301685366803
4184,0.9994619770246626
4185,0.1353931778035973
4186,0.80047394121398
4187,0.9154627625702279
4188,0.19129949780419267
4189,0.8312607995607028
4190,0.02170865161979138
4191,0.15956681675864526
4192,0.29307848596824915
4193,0.00018079588980717773
4194,0.0009722474936949376
4195,0.002292636613487474
4196,0.6474364250928477
4197,0.020871139232567712
4198,0.7585956773175241
4199,0.0016032970913184915
4200,0.962254460513555
4201,0.5479860134178747
4202,0.7123415493783023
4203,0.00015751415692136122
4204,0.12650767707335228
4205,0.3766867261094518
4206,0.9620867236781656
4207,0.7836131522465908
4208,0.18271725673074685
4209,0.03155251706684011
4210,0.9995467308688301
4211,0.00094108594791762
4212,0.1168275834771785
4213,0.24120973300023638
4214,0.9872784784307898
4215,0.09692205129700976
4216,0.004381467758351419
4217,0.23262870079621875
4218,0.3345262741360596
4219,0.15298473950091768
4220,0.9995175368218949
4221,0.2081413818792685
4222,0.999577562713824
4223,0.7887783766175218
4224,0.36345723962069404
4225,0.9466913497297055
4226,0.04413711312161685
4227,0.9660062306105861
4228,0.07554878029425709
4229,0.26002081486523143
4230,0.00029690614462764
4231,0.055784123386284044
4232,0.7234911985444292
4233,0.9176364185715491
4234,0.9978235719356877
4235,0.010010403018943168
4236,0.165639173001598
4237,0.24767328752246529
4238,0.9993592653552299
4239,0.8559782047711053
4240,0.0040549622616218054
4241,0.6531795127117728
4242,0.00013334273567465468
4243,0.2863868958342274
4244,0.03750189931792769
4245,0.005118637725686512
4246,0.9994634280401425
4247,0.0018212583866529857
4248,0.4513232263796112
4249,0.004847916392992942
4250,0.09617598036526931
4251,0.005001643520192091
4252,0.7316251462614496
4253,0.006930007172060832
4254,0.005190032958219887
4255,0.911022300155187
4256,0.05276851970314774
4257,0.9997718608303992
4258,0.3703247479642468
4259,0.07183863209966987
4260,0.6072467069444797
4261,0.4449672289112291
4262,0.9997807009416932
4263,0.9996861427976791
4264,0.5356330682714118
4265,0.5648912329391782
4266,0.004577044465068661
4267,0.010873396282453844
4268,0.013750988890067933
4269,0.1257368135108701
4270,0.012199081872943187
4271,0.38111119072861965
4272,0.0638542808673183
4273,0.9997355508117156
4274,0.014380945335196453
4275,0.005801269475435705
4276,0.3075681999422014
4277,0.9665902932311616
4278,0.9996747927915519
4279,0.10882353680503108
4280,0.0009212251139354485
4281,0.008737631886604248
4282,0.012583974315041224
4283,0.02113856683687463
4284,0.06056332871418174
4285,0.5652727917891215
4286,0.9992645382004193
4287,0.04109467701825507
4288,0.0025798821760449034
4289,0.6003570557093341
4290,0.7103156009255785
4291,0.9994675392009161
4292,0.13393055479841603
4293,0.0160280953985984
4294,0.0014754657362007128
4295,0.06647026254209504
4296,0.13420155256838992
4297,0.0021047394607061633
4298,0.9990988896938855
4299,0.9504885491620252
4300,0.47835169399573607
4301,0.9998722744962142
4302,0.9464459635026881
4303,0.7504713372452148
4304,0.040712062647158084
4305,0.6865170900479272
4306,0.9994865791348221
4307,0.00018659313530495093
4308,0.8177046232347437
4309,0.2405331992411577
4310,0.11209020895991878
4311,0.10775286950396654
4312,0.5035692270778437
4313,0.0010580095728898514
4314,0.9986735555408683
4315,0.07786725812085588
4316,0.2921876962692711
4317,0.8546447547718065
4318,0.5493135859195504
4319,0.37250868424655215
4320,0.00040591891137097685
4321,0.08849645747292893
4322,0.1331785666129864
4323,0.05309161519458753
4324,0.04450061333187021
4325,0.00502323828282491
4326,0.052812821498809545
4327,0.012299721252627726
4328,0.0018750877310512559
4329,0.3634605511882493
4330,0.09419600393395705
4331,0.003382548406623559
4332,0.029154916759627798
4333,0.048258727096534906
4334,0.1477491671714822
4335,0.00021599712621165015
4336,0.001567382075686207
4337,0.5782566083384263
4338,0.05190691649458735
4339,0.002973482479106352
4340,0.9990558428759767
4341,0.9994604115714957
4342,0.9993755087520922
4343,0.012092286292396809
4344,0.6271919075565744
4345,0.001765041618445763
4346,0.8387857687563688
4347,0.9994992196587829
4348,0.724478571666926
4349,0.6445416504831927
4350,0.8060733962552528
4351,0.8620596627171732
4352,0.7609325597417653
4353,0.06204765088966541
4354,0.002228532070244338
4355,0.8229464125207011
4356,0.15050018114426167
4357,0.6961533234435634
4358,0.9998971364992412
4359,0.0005122898924270368
4360,0.003494053456110346
4361,0.00011971320414985037
4362,0.029987782499966205
4363,0.4523471590046457
4364,0.006114191402042353
4365,0.7977509544216616
4366,0.8729590613237832
4367,0.8967534537034145
4368,0.03345371197127713
4369,0.07084835269184156
4370,0.0001743974753782985
4371,0.7525213274804678
4372,0.388785566016056
4373,0.0055154384009282135
4374,0.09210783308049213
4375,0.612787825907604
4376,0.46017792825609133
4377,0.006924262693602904
4378,0.5109006970023873
4379,0.00038375070198432725
4380,0.7117732864137567
4381,0.06603262819137765
4382,0.016428669132669476
4383,0.5145339745082457
4384,0.0478434063276283
4385,0.9995952278969131
4386,0.6166318624341955
4387,0.055940323845027264
4388,0.04161324167107622
4389,0.6068791939870551
4390,0.49800298790671743
4391,0.9461362805463307
4392,0.7523704837590617
4393,0.5357978323405224
4394,0.1675967019127684
4395,0.0005486500927213245
4396,0.6704846706836958
4397,0.7043278957698768
4398,0.04689306671166263
4399,0.38852494546455063
4400,0.00830998858022295
4401,0.9993755087520922
4402,0.7620148371468484
4403,0.4927602916235844
4404,0.18282552480724382
4405,0.3425020026819568
4406,0.8711610875081467
4407,0.5637846513022178
4408,0.15546313934575337
4409,0.4044311164492652
4410,0.5727722299527003
4411,0.007606783355111506
4412,0.3037535048425242
4413,0.05147859573080515
4414,0.20593040033991966
4415,0.3936049890747813
4416,0.671582992717386
4417,0.4847984835018655
4418,0.0010008061069842296
4419,0.9990758091663896
4420,0.8921904828060703
4421,0.47390829432340453
4422,0.999663355347956
4423,0.9043574641315079
4424,0.5158989948999358
4425,0.0023396609420615272
4426,0.7006957851909834
4427,0.9380434057649815
4428,0.6181176405776577
4429,0.3470652680561584
4430,0.0018390031830873323
4431,0.00028085234536383383
4432,0.9387138680929809
4433,0.9870620642911093
4434,0.015063835855455995
4435,0.0933144785772304
4436,0.9986309627161208
4437,0.00013734255924399645
4438,0.689569800458359
4439,0.017867131573107913
4440,0.023061626229135337
4441,0.7102210038499598
4442,0.6873140582111145
4443,0.5494690591691216
4444,0.25846053662201923
4445,0.9998080998309002
4446,0.5350376988955448
4447,0.7758711149192986
4448,0.013880455890012812
4449,0.00028774072759641685
4450,0.00011210785255054847
4451,0.0011164621196369494
4452,0.25575253579092905
4453,0.9980864340622484
4454,0.6719045479895708
4455,0.9917456236308597
4456,0.0004123907109424035
4457,0.9994849667167324
4458,0.9999408153734185
4459,0.7601692824234068
4460,0.0003351535842675046
4461,0.00039726041861001213
4462,0.8110837551972967
4463,0.005152975666921721
4464,0.00032636245630265
4465,0.014244153380991437
4466,0.03898125211952897
4467,0.509648186093036
4468,0.9993653030443082
4469,0.024521768556811912
4470,0.04193184472364517
4471,0.07447929430404988
4472,0.8828746484679374
4473,0.004385327789825293
4474,0.3913023828726941
4475,0.07137276736762053
4476,0.9993490581793648
4477,0.2588858050862716
4478,0.04399801860373194
4479,0.004227589871023599
4480,0.8342970205393845
4481,0.03314043515572519
4482,0.3013798218668728
4483,0.20908557050083207
4484,0.8694031049697416
4485,0.0011726975037828135
4486,0.11576288796626517
4487,0.0021667680238734457
4488,0.32830707340489756
4489,0.49817885935436396
4490,0.9994525808375195
4491,0.0014674992347611907
4492,0.09044493547692105
4493,0.8540512373892175
4494,5.327854732276467e-05
4495,0.660513059648905
4496,0.7311501543645672
4497,0.14663672257893526
4498,0.09543747294426358
4499,0.10231794078246809
4500,0.003990938366608752
4501,0.008471793332035463
4502,0.00033994099422649996
4503,0.9990227853323861
4504,0.000305494972700251
4505,0.7960259764580612
4506,0.25618723126707804
4507,0.02256358169746785
4508,0.4254614779689702
4509,0.730420894338727
4510,0.0730111368851389
4511,0.03312420549429496
4512,0.1681686549435759
4513,0.02114381431316972
4514,0.1397084694306656
4515,0.49964745585327996
4516,0.9656188930073664
4517,0.0023718429789672765
4518,0.9629715001734984
4519,0.017194482021776317
4520,0.26780573237428573
4521,7.71324331560223e-05
4522,0.001165319776158342
4523,0.012856602740420659
4524,0.9992568739925147
4525,0.6059958438392193
4526,0.5468232063147389
4527,0.9994189534819642
4528,0.9990452607876396
4529,0.3361818717094754
4530,0.01921207295248077
4531,0.04076803814726546
4532,0.9995909770986874
4533,0.8259389388829846
4534,0.09206485753170145
4535,0.00473759649676723
4536,0.007477626595748487
4537,0.9987455820478505
4538,0.9995425391193108
4539,0.0028413701046651396
4540,0.012570460228722782
4541,0.22534263263473223
4542,0.4423951629724619
4543,0.07173836380518088
4544,0.0013891405831744916
4545,0.74332896969749
4546,0.003792581737692644
4547,0.7750817442147602
4548,0.7141989037558053
4549,0.272511983877871
4550,0.001588714857161096
4551,0.20202770384621607
4552,0.20319558452165262
4553,0.5159774369356612
4554,0.30602755766964
4555,0.3259926819183681
4556,0.9994325987438174
4557,0.00013509544264095767
4558,0.26866404836273244
4559,0.022984697644558297
4560,0.6313249647413022
4561,0.0681799794588574
4562,0.026460782522907043
4563,0.8329542463523184
4564,0.07946639174288592
4565,0.18499432961997603
4566,0.00036208059077828196
4567,0.00046272065832643554
4568,0.3529287289591509
4569,0.05047887541634671
4570,0.27073951948520475
4571,0.09326035407245344
4572,0.00035707577365348014
4573,0.052595552845600115
4574,0.6515485532407939
4575,0.44759011115218805
4576,0.3356037692387783
4577,0.12064293227317616
4578,0.9996475947094319
4579,0.08717610207130186
4580,0.9992107052886467
4581,0.999773260223686
4582,0.001851323751358239
4583,0.05932511496231435
4584,0.09310562879853672
4585,0.8307255203619396
4586,0.29940389724914107
4587,0.002862097307849605
4588,0.7832645351404757
4589,0.2048080104849039
4590,0.9392614670432673
4591,0.008221963324861123
4592,0.004383212840931675
4593,0.0035232767795834114
4594,0.045127541588655944
4595,0.08370582569713357
4596,0.9998673316572503
4597,0.0003286159657814313
4598,0.01762503080107178
4599,0.45992645068699906
4600,0.9998328228016372
4601,0.9997078993336249
4602,0.008466216968502875
4603,0.16323850646171773
4604,0.3459156961256397
4605,0.004555261083889683
4606,0.5242689065420433
4607,0.0003018577830273679
4608,0.006170171444269832
4609,0.4751900901363071
4610,0.27165450582388895
4611,0.28990201244344643
4612,0.9993900675133923
4613,0.3076596169157499
4614,0.23308402903640033
4615,0.8923634396387357
4616,0.6322445019308117
4617,0.6038078985251804
4618,0.0003895123721797908
4619,0.9995324294668777
4620,0.5242689065420433
4621,0.9997470810732246
4622,0.0013500410357085318
4623,0.999615915396709
4624,0.0005641650246906515
4625,0.23796521067422868
4626,0.6097329802459206
4627,0.0049631727866999735
4628,0.7482457131598448
4629,0.2998419110909479
4630,0.7741538621564931
4631,0.41869705766256504
4632,0.5152727305323244
4633,0.003163180189649932
4634,0.06073764833432472
4635,0.41358772378768505
4636,0.9640973828446688
4637,0.14215024203007076
4638,0.8575327139177307
4639,0.04267779181194155
4640,0.05094004576805566
4641,0.29303596274083993
4642,0.001273311270316643
4643,0.003907893848165435
4644,0.7144025658544847
4645,0.9141051739672066
4646,0.0093896276182507
4647,0.024822966909713924
4648,0.06141248243007826
4649,0.0003527640375500974
4650,0.0012967590128702756
4651,0.9996042116827388
4652,0.007750457358583503
4653,0.544588439584403
4654,0.07245096885761552
4655,0.0028683233019198176
4656,0.8027090735810806
4657,0.9285735893526372
4658,0.5220980984890753
4659,0.0011737526084045578
4660,0.8288689622578757
4661,0.9996107328422593
4662,0.9991055152123424
4663,0.0028836954932297365
4664,0.00035955114589676456
4665,0.362281078553602
4666,0.9767702859096611
4667,0.0005774781422786194
4668,0.779447357997818
4669,0.44958590884505706
4670,0.9980082177089993
4671,0.998783952316723
4672,0.034905205059406696
4673,0.9997973281153908
4674,0.008909081453438572
4675,0.010057033501889153
4676,0.07881834453536507
4677,0.10513901730791197
4678,0.9997873854868634
4679,0.0022640275981182967
4680,0.9993548948506998
4681,0.04345272845007788
4682,0.0749247765189927
4683,0.30908471995618264
4684,0.966771395960877
4685,0.93420191057732
4686,0.7716317049484026
4687,0.9993548948506998
4688,0.0006666153269436947
4689,0.5072976806939331
4690,0.08588351959463854
4691,0.04599359894934439
4692,0.004926296572518466
4693,0.1546791057230512
4694,0.00010805142031706394
4695,0.0001961181555930209
4696,0.00027316700803391
4697,0.010936872676872414
4698,0.9995198273864295
4699,0.013825810183625551
4700,0.15326959330363715
4701,0.9995952278969131
4702,0.15983092266294613
4703,0.0020687973043533327
4704,0.0018911235292965887
4705,0.0002845651737286753
4706,0.04032656545168553
4707,0.0965988845338156
4708,0.9994644848094774
4709,0.37717906929618866
4710,0.07238573033795358
4711,0.0002759152598230035
4712,0.0014456456320007896
4713,0.9990558428759767
4714,0.05354870306533201
4715,0.016385132262065116
4716,0.9991290453878034
4717,0.9953442003352169
4718,0.39523632057638913
4719,0.9995775956379315
4720,0.3427264002901473
4721,0.5153381263598147
4722,0.00041168429693657315
4723,0.5528280601554366
4724,0.999845894647249
4725,0.19680566962347204
4726,0.06650829914735912
4727,0.4210126726142324
4728,0.0016686262769414996
4729,0.13569645652121115
4730,0.6786435814143256
4731,0.002579028301062131
4732,0.3693173771453322
4733,0.9915767543011226
4734,0.6858334829488754
4735,0.9202397475530644
4736,0.9995807610676285
4737,0.6821445767907987
4738,0.9993845371374421
4739,0.036927170149107055
4740,0.5621991163207946
4741,0.0015739384797570806
4742,0.8847026333449857
4743,0.04494615926319665
4744,0.787071369631551
4745,0.5775283144863602
4746,0.00024718226232989075
4747,0.18605356529396777
4748,0.07334966291206403
4749,0.0021542699296248423
4750,0.9987455820478505
4751,0.19010157787066384
4752,0.054740220803292036
4753,0.00015817905806729781
4754,0.3040733330620752
4755,0.0024626839274379223
4756,0.0180838137681193
4757,0.996947046551459
4758,0.11553302989356432
4759,0.5907404735498131
4760,0.002780927597188468
4761,0.029099541409934513
4762,0.019513808832625386
4763,0.3233806935644487
4764,0.9995146591863655
4765,0.04501366014886611
4766,0.9996586581850594
4767,0.21446488953815546
4768,0.0032838744597705792
4769,0.22787639504153046
4770,0.517325725815907
4771,0.9996501135545404
4772,0.14878974908178194
4773,0.5715505267567815
4774,0.17850130666243338
4775,0.9997718608303992
4776,0.009917690776080722
4777,0.2137091772094554
4778,0.4438589667006269
4779,0.17050086219794053
4780,0.9997455105261324
4781,0.3452547215407948
4782,0.007954990931952404
4783,0.08395334113669474
4784,0.43013272934369573
4785,0.7961342010198593
4786,0.4415154017276032
4787,0.00517925356044708
4788,0.8894933922137277
4789,0.8072732365708742
4790,0.9996281732031523
4791,0.7681970314280772
4792,0.0030665042504596346
4793,0.0115713716904771
4794,0.5291151359595645
4795,0.00020409004974282998
4796,0.8855251196542594
4797,0.9998403042141668
4798,0.04209487121907167
4799,0.005385017339475179
4800,0.9992635268927297
4801,0.0018277266733330534
4802,0.00045807777007816447
4803,0.9289301499933587
4804,0.35224596021995824
4805,0.9993925727943141
4806,0.8088063758327043
4807,0.006554411702054477
4808,0.9978235719356877
4809,0.2675942129709324
4810,0.003854728382777535
4811,0.007137417001485523
4812,0.2669778688278181
4813,0.9996351704568036
4814,0.5978762757756451
4815,0.17862084081301285
4816,0.9922548654743386
4817,0.9994572711592885
4818,0.12051059861920263
4819,0.012438751409185518
4820,0.8005997233910495
4821,0.5765808277648261
4822,0.999876241958767
4823,0.24097206279596278
4824,0.12576503224209626
4825,0.9998996316951901
4826,0.7499454251610872
4827,0.7940851888496777
4828,0.9995467308688301
4829,0.09403325830820107
4830,0.001400502480938281
4831,0.00035232952686468103
4832,0.9998787213275496
4833,0.41434184750666603
4834,0.3197586636313655
4835,0.8389488084136605
4836,0.004046068141550965
4837,0.8764353740124187
4838,0.9999310352381258
4839,0.0004490045394611391
4840,0.0019452659776730138
4841,0.0024401701563921754
4842,0.45515427152964966
4843,0.19942879202601885
4844,0.01047832917317606
4845,0.0009273811513647845
4846,0.3217880110997897
4847,0.7114887809476184
4848,0.09012339265719632
4849,0.024772843323414014
4850,0.9995122682052562
4851,0.707806828131781
4852,0.4845182112749647
4853,0.025618491179666275
4854,0.005978099780152337
4855,0.424302904472654
4856,0.7919053103743229
4857,0.9999392466417717
4858,0.6015709657160302
4859,0.0183728368112098
4860,0.09957670198283894
4861,0.16346489688861826
4862,0.3790601999256994
4863,0.00642618283651274
4864,0.8765310512132521
4865,0.20316311621742317
4866,0.3888248329046911
4867,0.6315065919141294
4868,0.861868990971325
4869,0.9993813163267867
4870,0.29086081516876816
4871,0.39561913167206125
4872,0.9994865791348221
4873,0.005296150116973219
4874,0.9227417898685902
4875,0.25273197763724886
4876,0.007372768272005914
4877,0.9996077875480384
4878,0.2221688450879392
4879,0.00279432707846382
4880,0.0044343809383588775
4881,0.020365750771475323
4882,0.19113170559375875
4883,0.24709589025944068
4884,0.0018106884461856344
4885,0.21025233621826053
4886,0.011345018638868769
4887,0.6465442351279133
4888,0.8912696525160766
4889,0.8688332273804488
4890,0.9994101206118264
4891,0.015337876276203241
4892,0.9995146591863655
4893,0.04755811372973173
4894,0.0036905333342744004
4895,0.07388716814074843
4896,0.10919761253077395
4897,9.444056579271664e-05
4898,0.028226701534842084
4899,0.5611468025066227
4900,0.6972160503539026
4901,0.029511494870672478
4902,0.5922351555044466
4903,0.9994644848094774
4904,0.0040628563778975805
4905,0.006740477174152082
4906,0.6692644207806868
4907,0.11547346872123825
4908,0.9993902270942545
4909,0.43170852942449583
4910,0.00031733822040094794
4911,0.08868490479993466
4912,0.743789835386912
4913,0.6980531449832093
4914,0.14903425937949782
4915,0.32435404660995854
4916,0.7620905846005729
4917,0.00032250969820622527
4918,0.11311045101959559
4919,0.5498299891148395
4920,0.19260600082533652
4921,0.6395567665341307
4922,0.010331582300412144
4923,0.2884822587855097
4924,0.023295811948449936
4925,0.22255923677764652
4926,0.02292590520118383
4927,0.2567547002618417
4928,0.3075681999422014
4929,0.07345014907893507
4930,0.07520825901939279
4931,0.9995012340096324
4932,0.03522710060545301
4933,0.019101789381195892
4934,0.4094219795147279
4935,0.4476307524504141
4936,0.017522805503095422
4937,0.9998486503609191
4938,0.00044231551517534746
4939,0.0001928596930924732
4940,0.01946172125467828
4941,0.17112995232302292
4942,9.113330271226019e-05
4943,0.006991582544691109
4944,0.1179286709682297
4945,0.3135970013171162
4946,0.9364920456925653
4947,0.731591503162569
4948,0.01850225395989647
4949,0.0003250478662476982
4950,0.44065533879982166
4951,0.1463991599178847
4952,0.8435013110976434
4953,0.9994663739126342
4954,0.1416000713338128
4955,0.004920405022984985
4956,0.07859653850184142
4957,0.185090199806613
4958,0.0001958345278490497
4959,0.18483237127250396
4960,0.31784691090366707
4961,0.0036812415980711217
4962,0.23925782377013402
4963,0.9998831462333383
4964,0.9997526334957049
4965,0.0003111667396679741
4966,0.1503861718799425
4967,0.00042954581796365653
4968,0.7265042047189182
4969,0.013177315371575531
4970,0.9045899200264488
4971,0.09807083329638572
4972,0.04266943620592156
4973,0.8817127799017935
4974,0.4403098509093425
4975,0.3422116866376859
4976,0.253660659841596
4977,0.19242390856450126
4978,0.0011228441557657107
4979,0.00033324428736484027
4980,0.12152821542898734
4981,0.14508707639909432
4982,0.00015267965376847107
4983,0.017438945057940452
4984,0.0007384788715613981
4985,0.010413225464522455
4986,0.0003277556812308577
4987,0.7263413560915504
4988,0.003733164316704085
4989,0.9586231815894762
4990,0.9988210787055116
4991,0.12351158146474644
4992,0.03456516042863031
4993,0.00023484439912071643
4994,0.005959857306662093
4995,0.32119273022647227
4996,0.9998722744962142
4997,0.20992887970108787
4998,0.15770372058584584
4999,0.013818878578942357
5000,0.8596772537972965
5001,0.8455672920695801
5002,0.9369241734183913
5003,0.002838134929199499
5004,0.03118995511581755
5005,0.2467828081685188
5006,0.4184033085583213
5007,0.9985889755646586
5008,0.09464705437776964
5009,0.8105340023883449
5010,0.03030594587383416
5011,0.37693904326189587
5012,0.6180294433973674
5013,0.0473661834236807
5014,0.4617886124690009
5015,0.9639046268960628
5016,0.9996603700853516
5017,0.0011348946909893094
5018,0.7258969062406307
5019,0.8687634248347804
5020,0.33014965306929234
5021,0.5525953756120368
5022,0.004427771098079196
5023,0.7401091364301873
5024,0.3842604136371997
5025,0.0008174288873324963
5026,0.08671271096939111
5027,0.055102380849017814
5028,0.9998403042141668
5029,0.92570573635635
5030,0.5655286804336671
5031,0.000303322383464221
5032,0.24205153028896412
5033,0.285672549485021
5034,0.5571676673731861
5035,0.3043928345158729
5036,0.7036657333533656
5037,0.715872316858699
5038,0.9997718608303992
5039,0.9997311325715398
5040,0.7425301861591195
5041,0.014260420626367794
5042,0.9192118525862172
5043,0.005669792186793295
5044,0.7301949598383448
5045,0.24760548845620706
5046,0.8192785673254229
5047,0.11834864079281078
5048,0.018560829636959802
5049,0.17658239298098216
5050,0.9996556357684614
5051,0.9997343968228192
5052,0.1587770363154704
5053,0.8920132508403364
5054,0.0033494533106286856
5055,0.008272819608307384
5056,0.07533134215187783
5057,0.7918813521169793
5058,0.9995041088925298
5059,0.15003400201392278
5060,0.1163218319475486
5061,0.49169177181318735
5062,0.7897372161720304
5063,0.18290491002903844
5064,0.6381372038203191
5065,0.00033362228624876655
5066,0.02883092010064633
5067,0.010438345834345546
5068,0.9994684641663681
5069,0.836548568608759
5070,0.016976214236228495
5071,0.014397377177088383
5072,0.6822771768023217
5073,0.19644661478845302
5074,0.699718019441626
5075,0.3052342916172048
5076,0.7321825195206336
5077,0.051667925614637206
5078,0.021239548776258714
5079,0.02126120795266437
5080,0.8931445295711917
5081,0.9997292720013966
5082,0.999606005786808
5083,0.060896527809373935
5084,0.4619127336110892
5085,0.8969453489882846
5086,0.01726730128156758
5087,0.983360388720358
5088,0.00843421070303888
5089,0.2525944389382639
5090,0.005788148551861314
5091,0.6948097018843422
5092,0.25712032823040837
5093,0.7283389882616843
5094,0.04948501793676776
5095,0.0001359911478540668
5096,0.8034093908725867
5097,0.11848835243673071
5098,0.8546153500122731
5099,0.022013545527965812
5100,0.5778653635595286
5101,0.04484202106685552
5102,0.16549558023229563
5103,0.5691015777363554
5104,0.09725124660133407
5105,0.012736212378574228
5106,0.0022226420930465812
5107,0.139024131884145
5108,0.0003759466041495285
5109,0.940057703753
5110,0.07421821940405508
5111,0.002866188073296234
5112,0.7542235230539677
5113,0.14374444924816332
5114,0.11673566456308315
5115,0.8149148116689895
5116,0.011238583769231184
5117,0.2570648599732843
5118,0.2998878446339774
5119,0.25682088253735963
5120,0.1694848747953332
5121,0.9996138807140779
5122,0.17827695390078874
5123,0.6116924234932277
5124,0.03750189931792769
5125,0.13615413151268302
5126,0.743877872057518
5127,0.0003636344766220577
5128,0.2113023552984459
5129,0.99803549181265
5130,0.004955807824424657
5131,0.10608347118521436
5132,0.0019817447380881623
5133,0.08287337543378469
5134,0.01915318159446303
5135,0.06487946438707437
5136,0.9995522735235086
5137,0.00031867660186110045
5138,0.7741538621564931
5139,0.05566472532974193
5140,0.015762411272355375
5141,0.023209449580906164
5142,0.0006147162755682163
5143,0.1974495763204084
5144,0.9432101492913931
5145,0.2308451712913504
5146,0.798910240058468
5147,0.1633823112710113
5148,0.42590791764088043
5149,0.11534199955192614
5150,0.21034791652064336
5151,0.8909531448175896
5152,0.0011004369004944952
5153,0.6818066669507242
5154,0.0003297286765917531
5155,0.797306250217107
5156,0.003049245593009427
5157,0.0930776122484554
5158,0.9994668018729379
5159,0.5062325950238351
5160,0.00022508617729101178
5161,0.5083261812081379
5162,0.428537536081749
5163,0.08934568639157299
5164,0.9965307799022797
5165,0.3008208639183978
5166,0.7217180282463168
5167,0.8236642752592541
5168,0.597122398383129
5169,0.02844613154298027
5170,0.08945598446730278
5171,0.17650094780531986
5172,0.003276226778606297
5173,0.0001241416490277481
5174,0.6766246036939263
5175,0.33833977859872044
5176,0.025823338388974475
5177,0.07082846599903231
5178,0.9993402859038925
5179,0.07965902356322249
5180,0.028900771174140655
5181,0.013330722764167876
5182,0.0012357906316650936
5183,0.00040463210127369867
5184,0.0007249369608832855
5185,0.9964143163801562
5186,0.9996087154953991
5187,0.025780760318123805
5188,0.8809498175209629
5189,0.01072630020075361
5190,0.13120526714074698
5191,0.9993592653552299
5192,0.8104649474486374
5193,0.9998080998309002
5194,0.7090851390764029
5195,0.4963627400044605
5196,0.6151907257157386
5197,0.645830125866255
5198,0.006670112248730895
5199,0.9996520928498934
5200,0.00024987367901658776
5201,0.06278219362709975
5202,0.1858137990601963
5203,0.6365529215260289
5204,0.0011365953093701539
5205,0.474336970723086
5206,0.003788856109021955
5207,0.39593378070255136
5208,0.1395776717176317
5209,0.24466903605323376
5210,0.9994992196587829
5211,0.00015035059372300928
5212,0.011792268596630462
5213,0.7416309580324156
5214,0.8058681074699198
5215,0.010387065201543722
5216,0.9996484142293458
5217,5.343940614902297e-05
5218,0.9996724436940596
5219,0.9994336613154754
5220,0.7540193519811743
5221,0.35051578499118463
5222,0.008877499164855338
5223,0.5961559198765031
5224,0.12542130058161943
5225,0.0004857064501757185
5226,0.9991772665517877
5227,0.07502720213047168
5228,0.25063173845255354
5229,0.005428901393634549
5230,0.7701432284525782
5231,0.7156189761364771
5232,0.029047376000701564
5233,0.02051170243875139
5234,0.012214217190916964
5235,0.0045527500760893765
5236,0.0003002983479134155
5237,0.00548746057592524
5238,0.6578991449552116
5239,0.542358697056865
5240,0.0013672853683933726
5241,0.41286893940991737
5242,0.5592041450705489
5243,0.08358210391602815
5244,0.06737989247649757
5245,0.014572674502311533
5246,0.3810692591281017
5247,0.12156217743287077
5248,0.99803549181265
5249,0.5206622757604714
5250,0.7337071798347955
5251,0.5376009927344434
5252,0.046454452998674504
5253,7.29124209966197e-05
5254,0.00032256855753166956
5255,0.9056648334931777
5256,0.06637893917604554
5257,0.055944520257650995
5258,0.09260019843390566
5259,0.0007895456822446573
5260,0.07487684910119634
5261,0.013992134108375102
5262,0.02142943380397478
5263,0.9996612245125357
5264,0.021121708610384635
5265,0.010709215191054723
5266,0.9583428778790057
5267,0.9988226469720417
5268,0.011500270038565935
5269,0.2751719359646569
5270,0.3489407024186808
5271,0.6923858245065289
5272,0.007037649833092583
5273,0.9997954891422282
5274,0.9995012340096324
5275,0.23125403945211373
5276,0.061395161919851705
5277,0.23346526471134862
5278,0.9999093049896255
5279,0.16521688577560653
5280,0.9993402859038925
5281,0.10987841938934678
5282,0.01656974619993894
5283,0.02679970747151348
5284,0.018210605153498836
5285,0.09207909602668408
5286,0.025435257581485408
5287,0.9981222984873481
5288,0.7728592299413565
5289,0.1911206232452999
5290,0.00046106096392558834
5291,0.33667704215022465
5292,0.7708353691120344
5293,0.0005082670841975439
5294,0.49162773001976573
5295,0.9996559828071766
5296,0.3915689666983846
5297,0.2581160052977543
5298,0.005139640052818276
5299,0.9998612980982259
5300,0.3064332815548809
5301,0.008130685577819634
5302,0.03132203390132747
5303,0.14634071617166255
5304,0.9998590404161949
5305,0.539618199279797
5306,0.13176745226566144
5307,0.7532991753270314
5308,0.9990758091663896
5309,0.10526557989372971
5310,0.508523272124266
5311,0.1817690706799131
5312,0.8057030119946836
5313,7.580487639587791e-05
5314,0.9498573502386998
5315,0.0019094841266537527
5316,0.8916344878899577
5317,0.006134223841518769
5318,0.7684904351095313
5319,0.8810691376322887
5320,0.9995151641304447
5321,0.015578381945136595
5322,0.7371926896816603
5323,0.008526393630411903
5324,0.1538226709035288
5325,0.9990741039577086
5326,0.2561970908807001
5327,0.9994992196587829
5328,0.1500712735347122
5329,0.54663045318826
5330,0.013321479360496812
5331,0.9993688667024475
5332,0.0018359980991203635
5333,0.20603642454639923
5334,0.8835724877632936
5335,0.5932111083689721
5336,0.005570036230171788
5337,0.9998615789307517
5338,0.9989860728974727
5339,0.021255215226282778
5340,0.7630062850462483
5341,0.00046382583924081043
5342,0.12272414827896172
5343,0.17040702853465245
5344,0.0017284237029428686
5345,0.04913018895931795
5346,0.9507641154343267
5347,0.8517410811199915
5348,0.9338010522666469
5349,0.9996659992957596
5350,0.6312740197173763
5351,0.05736857298447731
5352,0.0002624970749033459
5353,0.020548415031211614
5354,0.5236839625390471
5355,0.006421448825076842
5356,0.00014189276890024576
5357,0.5432959169667501
5358,0.0012393930692799645
5359,0.43636904297321527
5360,0.0004228501030870514
5361,0.9994476703877357
5362,0.00448517264795265
5363,0.9997592497536615
5364,0.799454987747244
5365,0.00038927116733638727
5366,0.17211371780991555
5367,0.010053240059648357
5368,0.9982154673593121
5369,0.0022062551018910996
5370,0.9996384574270007
5371,0.21565973146370157
5372,0.511715298558762
5373,0.9995522735235086
5374,0.004617700362994922
5375,0.11704566652768558
5376,0.9998403042141668
5377,0.6483866412850116
5378,0.5630311525518996
5379,0.007526204637271744
5380,0.9999392466417717
5381,0.7615353532059764
5382,0.02872158729084846
5383,0.006445806813442926
5384,0.0802761175130546
5385,0.04586150662254618
5386,0.601327926159438
5387,0.008237139729897583
5388,0.9971826556102669
5389,0.2774321879054478
5390,0.435220775081049
5391,0.406810287497144
5392,0.0037387468543031072
5393,0.5440338305778623
5394,0.9998787213275496
5395,0.7279742676513434
5396,0.09983829715824467
5397,0.9995633568606831
5398,0.9326339774807758
5399,0.001282728429620411
5400,0.005180633118574503
5401,0.16655412861033625
5402,0.41670395440230446
5403,0.8003196086581529
5404,0.03434435671595626
5405,0.0105185720926908
5406,0.8858706420748522
5407,0.02541062378669246
5408,0.1937707784655752
5409,0.00014727364193524897
5410,0.9630538012764084
5411,0.008843788014540723
5412,0.006782206161887336
5413,0.5077343788393961
5414,0.026740339291398837
5415,0.6576701101039076
5416,0.7963680731091495
5417,0.0002731177656814921
5418,0.029007072148729114
5419,0.9984512080596378
5420,0.8608396675877419
5421,0.013936242243436208
5422,0.2925012455199689
5423,0.3239728955752898
5424,0.9361074671731415
5425,0.612914206335413
5426,0.02832230775278823
5427,0.9988815403119792
5428,0.0030737542927153044
5429,0.22003257129123316
5430,0.3062458463985181
5431,0.38562026857300596
5432,0.017405630803508335
5433,0.9666332836604231
5434,0.21963905136366368
5435,0.9995812858226524
5436,0.06279748655516397
5437,0.6114233748423744
5438,0.2510772170392599
5439,0.008763928262618596
5440,0.08834347907239816
5441,0.32501338953738806
5442,0.14822261527437866
5443,0.007569845169152133
5444,0.544588439584403
5445,0.4885140910185945
5446,0.7842070635978812
5447,0.07199938412496265
5448,0.4305580119767589
5449,0.054107793435907006
5450,0.8432214374945657
5451,0.2592214977789524
5452,0.03224406488335302
5453,0.0019774399933169787
5454,0.25332935780297583
5455,0.9175082308351418
5456,0.8052988259856987
5457,0.9155617692496478
5458,0.5906879931504725
5459,0.008263048500253915
5460,0.7222655140850601
5461,0.4001957317459057
5462,0.9994476703877357
5463,0.15781202172151046
5464,0.08349301077543568
5465,0.5672736795139958
5466,0.7174031325064522
5467,0.6772872480554801
5468,0.7537504413339657
5469,0.7864758521804516
5470,0.015785200941102414
5471,0.45604141691414407
5472,0.9987455820478505
5473,0.17421284192372796
5474,0.010657983765701427
5475,0.6941713795129358
5476,0.505385663144408
5477,0.9993741920674309
5478,0.38011202015198164
5479,0.6243723767598123
5480,0.00023451040731206353
5481,0.5471224026219105
5482,0.9994012047050778
5483,0.09559686577474835
5484,0.00020263367784667028
5485,0.651980189297652
5486,0.30641749472962093
5487,0.9995665207829566
5488,0.746699421011063
5489,0.9989623536061095
5490,0.7861876624558571
5491,0.9996714344854416
5492,0.09010614321566812
5493,0.010071850141482803
5494,0.8688448445984958
5495,0.008691507841518686
5496,0.1769816324023803
5497,0.06966104683658499
5498,0.21564870398049957
5499,0.5661466914181815
5500,0.35639562798319
5501,0.003353161300886279
5502,0.7523700811715969
5503,0.9994789353534381
5504,0.4126913014710506
5505,0.029425858453650946
5506,0.3301129140639257
5507,0.00011688670276768819
5508,0.35468696835903374
5509,0.22204583352234497
5510,0.42881203507912824
5511,0.3507913220136736
5512,0.6016797235467879
5513,0.19446366937750723
5514,0.004416860457487061
5515,0.21239514841053958
5516,0.4220131300667241
5517,0.7029480613493364
5518,0.13948076402658272
5519,0.18345161344407435
5520,0.6256367729704704
5521,0.7810664239319465
5522,0.7074915067238388
5523,0.16015409031043448
5524,0.0017748181380761088
5525,0.0005794762540045945
5526,0.16332120643288364
5527,0.18727685620423318
5528,0.9998933299698423
5529,0.010826993993362228
5530,0.0040798829254625295
5531,0.5582925617245429
5532,0.9996603700853516
5533,0.002528419939738946
5534,0.34073499885913255
5535,0.09021259735212331
5536,0.49557465869373507
5537,0.5482041183420485
5538,0.7468497365664537
5539,0.7050880823757715
5540,0.3074676509253961
5541,0.8705939394296829
5542,0.001430080485641658
5543,0.8783104737176953
5544,0.24761216364401764
5545,0.1902523644456276
5546,0.83941059100131
5547,0.002363047458396357
5548,0.9991694385894853
5549,0.9996053907706668
5550,0.791184393946671
5551,0.00509978600060549
5552,0.11096322953557523
5553,0.0768039643822867
5554,0.6880243322820945
5555,0.016145917554075184
5556,0.9914949336145696
5557,0.9986514783417707
5558,0.9996107328422593
5559,0.0038273798227784505
5560,0.4468841408966548
5561,0.07539000573140031
5562,0.29074582344729843
5563,0.999928653168066
5564,0.1981295750951474
5565,0.029489875813923327
5566,0.042329412776680286
5567,0.061253577806818484
5568,0.8438848859519145
5569,0.12154055323712769
5570,0.004392023526798739
5571,0.0002942336115177468
5572,0.00019159946704993598
5573,0.9988226469720417
5574,0.19778044878483494
5575,0.008512784715016137
5576,0.013486069491533364
5577,0.03638701018031447
5578,0.11438434662904912
5579,0.15944139600133167
5580,0.01601348828514842
5581,0.03199737190663753
5582,0.6107543909677624
5583,0.6305368199507696
5584,0.5019703705336469
5585,0.48445715761780195
5586,0.0065153118921281415
5587,0.02854029254501403
5588,0.9996374206055896
5589,0.22707438077361772
5590,0.09107533631276278
5591,0.032517656109210806
5592,0.0026564265184998393
5593,0.9990767446698262
5594,0.088594497665303
5595,0.9989623536061095
5596,0.03898125211952897
5597,0.00019820810287225987
5598,0.17962700626635736
5599,0.9971826556102669
5600,0.2210365275789058
5601,0.215140970707267
5602,0.008510754387387003
5603,0.8977788251741818
5604,0.13037353730040646
5605,0.006219935724472261
5606,0.3161300829837169
5607,0.001954401956377185
5608,0.002639134300390158
5609,0.22267110583045469
5610,0.3402102908703123
5611,0.02840901481082882
5612,0.0036694059689146084
5613,5.708117052083864e-05
5614,0.020547966424489694
5615,0.00587462600692102
5616,0.891665288180764
5617,0.41110847114526844
5618,0.32439939148458724
5619,0.001150160361166037
5620,0.9998680905848241
5621,0.8962745805935776
5622,0.07850063101933913
5623,0.6667969350533474
5624,0.005807662550867838
5625,0.8111794997285288
5626,0.0012865237174208355
5627,0.8461524645881352
5628,0.08393365742934329
5629,0.004252967292708638
5630,0.6417012326125691
5631,0.8848860762703403
5632,0.032689949678371494
5633,0.1040698970328596
5634,0.0024401944554903903
5635,0.0035437255690858476
5636,0.9977013761388439
5637,0.12307972921747182
5638,0.42156872713722654
5639,0.7759809074515348
5640,0.9300550484781206
5641,0.9996670776689073
5642,0.0021121845785574763
5643,0.8391047610116582
5644,0.3774750411961699
5645,0.6100860354156042
5646,0.7147034828718406
5647,0.5074550386354383
5648,0.0003693022828528894
5649,0.4189148565671073
5650,0.9257476268823308
5651,0.00017616072255299863
5652,0.2920830633357762
5653,0.04287215942894298
5654,0.8968913068922694
5655,0.7506509351271956
5656,0.9994460574021595
5657,0.008430105970860798
5658,0.040057046239044464
5659,0.0766951528240966
5660,0.206591926918617
5661,0.014316743818148148
5662,0.9996659992957596
5663,0.3212444864896492
5664,0.1808340299476454
5665,0.04572266447571431
5666,0.16452107487816714
5667,0.09825584427600131
5668,0.04119226849386867
5669,0.7626785098934176
5670,0.8848386847328893
5671,0.7306438752206778
5672,0.01688697609608749
5673,0.008931402507767734
5674,0.004085713265259228
5675,0.9998425195083814
5676,0.6876022061993613
5677,0.627670644734538
5678,0.004893311205703778
5679,0.17556529146332586
5680,0.544588439584403
5681,0.16133206171423234
5682,0.5658545738421884
5683,0.7920262986506599
5684,0.3631017224088487
5685,0.9994992196587829
5686,0.7658674776621769
5687,0.006554411702054477
5688,0.014338853213382904
5689,0.779542618344386
5690,0.03734198608326044
5691,0.4004037421493043
5692,0.030041237149271875
5693,0.07673984759274918
5694,0.55448060996489
5695,0.5267081767390873
5696,0.00027365909825147823
5697,0.9994012047050778
5698,0.17986322592045936
5699,0.9603157494537359
5700,0.0023675262809386764
5701,0.49210781782230417
5702,0.08884145297440217
5703,0.08577794420055677
5704,0.13080391066758437
5705,0.2301344621902247
5706,0.07456650260024111
5707,0.9995166592689971
5708,0.4191956478044457
5709,0.12933884988800629
5710,0.8291531265475969
5711,0.6218016161615934
5712,0.3365620903788814
5713,0.3208500200985491
5714,0.08671271096939111
5715,0.9432101492913931
5716,0.6259197606162937
5717,0.9974709209973043
5718,0.044551599979827494
5719,0.4374483474727353
5720,0.9998403042141668
5721,0.9993816785534524
5722,0.9995798581150174
5723,0.8360145463901546
5724,0.2404453970298685
5725,0.6768348520146164
5726,0.00017326816294237316
5727,0.8227413061413856
5728,0.08568622522060663
5729,0.8711398657324563
5730,0.7333313124989405
5731,0.7924150005923569
5732,0.21427133621151784
5733,0.610776399230784
5734,0.16962934932696044
5735,0.3340237493194613
5736,0.15229009898828982
5737,0.04922376720582335
5738,0.0024626839274379223
5739,0.9994684641663681
5740,0.15268087200767474
5741,0.019221823282969844
5742,0.04063602390543169
5743,0.058532742111131485
5744,0.999662296998525
5745,0.04600233917057453
5746,0.8041607901480491
5747,0.0706683317924976
5748,0.9987890431065297
5749,0.6755623289410778
5750,0.08177144607536839
5751,0.9996827555063189
5752,0.0017312925319999653
5753,0.7183320032055251
5754,0.006104794903145679
5755,0.02625460505137192
5756,0.011076656061488332
5757,0.02524335867195331
5758,0.039232800557554764
5759,0.00019632798022499004
5760,0.007816054931100857
5761,0.32352288874591323
5762,0.06114689524779119
5763,0.3245488764705232
5764,0.01632468710842542
5765,0.43982574313534206
5766,0.004502256474795261
5767,0.9994460574021595
5768,0.014260420626367794
5769,0.32791606899481346
5770,0.001062366146317703
5771,0.004113264275859825
5772,0.39586189172533026
5773,0.00030273931922432043
5774,0.9996107328422593
5775,0.06910048145212823
5776,0.9995146591863655
5777,0.17508652788993748
5778,0.08349301077543568
5779,0.7765544115261434
5780,0.9994789353534381
5781,0.6949899366159518
5782,0.7593509330794623
5783,0.8475533355571866
5784,0.13865336692463376
5785,0.14070224827961517
5786,0.42704372577247596
5787,0.8002138781059982
5788,0.016175726186741984
5789,0.0032118433547170255
5790,0.003463578156179844
5791,0.7305799536207869
5792,0.02626427011641064
5793,0.013425949669364272
5794,0.0018351114176880035
5795,0.7011032259979383
5796,0.9248429317897546
5797,0.9189341343284008
5798,0.010368264646301365
5799,0.09299814825386155
5800,0.99962738283142
5801,0.0011638200274627223
5802,0.03884282014661495
5803,0.0033033332856079087
5804,0.5333833352527796
5805,0.009423243674676552
5806,0.009140175585514571
5807,0.9994348347441976
5808,0.2622394476188607
5809,0.9993755087520922
5810,0.11209624073031678
5811,0.03994829361700922
5812,0.385959628906972
5813,0.0144967463692889
5814,0.8453655114165928
5815,0.9991762504247657
5816,0.7892629356671903
5817,0.18582214845193967
5818,0.04510956321297281
5819,0.32013773105311455
5820,0.30025144612666455
5821,0.9991464362422817
5822,0.008622973825948826
5823,0.45379191668183333
5824,0.9995771710574514
5825,0.49967746169531635
5826,0.8815780227996967
5827,0.9994849667167324
5828,0.8211921292582111
5829,0.8288872975166662
5830,0.017296687034724645
5831,0.005624560823109851
5832,0.0311748786956075
5833,0.000635772862757703
5834,0.7692225300802432
5835,0.07932324768441552
5836,0.8408701253458633
5837,0.0002583494295926551
5838,0.6951802578198181
5839,0.9991772665517877
5840,0.0012952107451710574
5841,0.2590423515207294
5842,0.0028988921800116242
5843,0.9994476703877357
5844,0.8458617142487217
5845,0.9996683278083242
5846,0.9359899060639691
5847,0.9980082177089993
5848,0.1329259543214361
5849,0.7897542640806745
5850,0.6243278874596436
5851,0.29866931306338607
5852,0.004113264275859825
5853,0.9991694385894853
5854,0.035943334068549174
5855,0.8930955156789236
5856,0.0010516854078027953
5857,0.4805485394988484
5858,0.7491310332031302
5859,0.9978478567547906
5860,0.6504459698018652
5861,0.0027597933839145087
5862,0.05672151895089695
5863,0.06218453317262612
5864,0.2193210030820002
5865,0.05640868683790725
5866,0.0009605173012724421
5867,0.2083585558908512
5868,0.8570599871634224
5869,0.1354371831658551
5870,0.6503198931287553
5871,0.007369819667521975
5872,0.16664834715554486
5873,0.0061045733022357645
5874,0.9993925727943141
5875,0.07573756737844863
5876,0.008628940031619006
5877,0.42633470938850154
5878,0.9989694629545196
5879,0.303467834530659
5880,0.7945924820629496
5881,0.9254608678818009
5882,0.04645454574790896
5883,0.9159379392759188
5884,0.9997462419875793
5885,0.08671271096939111
5886,0.8370188331304174
5887,0.9996358583318813
5888,0.09684380492958009
5889,0.0030969887061257475
5890,0.46304622517182675
5891,0.7366247106821968
5892,0.7183851251855347
5893,0.31004998428922237
5894,0.0992200069801569
5895,0.06503965836136298
5896,0.1392535852764189
5897,0.9993705283096895
5898,0.9994444910151634
5899,0.06943486652159377
5900,0.02518954322250943
5901,0.999439608394079
5902,0.187893997009398
5903,0.21565973146370157
5904,0.9997973281153908
5905,0.9993618282613574
5906,0.057255753083847706
5907,0.2539857895476264
5908,0.00851622900476125
5909,0.00011008496248535448
5910,0.42377201517540075
5911,0.8703739826743723
5912,0.7429663194079262
5913,0.11140551924830266
5914,0.03762070245093775
5915,0.5595230782500951
5916,0.004599630004856782
5917,0.0001731767999650792
5918,0.0028777637547564073
5919,0.1712954539674982
5920,0.6299703312960774
5921,0.27563798092802405
5922,0.00036358988118169
5923,0.15512785042549
5924,0.1372703333481556
5925,0.2152166524605111
5926,0.5011768039921997
5927,0.0049097922274375354
5928,0.9991962168956795
5929,0.007390048013266265
5930,0.16571310000074174
5931,0.0021226699626018895
5932,0.8218273087566371
5933,0.053907101872086804
5934,0.00012742249534297887
5935,0.9995121157573202
5936,0.23177132630259623
5937,0.9993755087520922
5938,0.4779052356276348
5939,0.002784256584384634
5940,0.07029098029631138
5941,0.3378175920953358
5942,0.11137178406393876
5943,0.3469282265270105
5944,0.002636413842315509
5945,0.4497066618015234
5946,0.005999695346113975
5947,0.3070734357369261
5948,0.2761389279845972
5949,0.9957638211979667
5950,0.01822606459163228
5951,0.15316306625078221
5952,0.9997718608303992
5953,0.6895227242205593
5954,0.9991055152123424
5955,0.17678707939852106
5956,0.011630613060799166
5957,0.008901455723259994
5958,0.09281111442761666
5959,0.11359735267692499
5960,0.136999312341172
5961,0.7285548512169029
5962,0.026482370243113347
5963,0.00020595087195966543
5964,0.0004595094737349618
5965,0.9998993680851265
5966,0.7417391413636092
5967,0.9995524386204888
5968,0.12143167205726955
5969,0.042679507282212266
5970,0.22860552098453898
5971,0.00028859671054725673
5972,0.19777061000427598
5973,0.9998787213275496
5974,0.9994644848094774
5975,0.21296527176738142
5976,0.39678988355421246
5977,0.3532401696190965
5978,0.06115498767947655
5979,0.8213945725148774
5980,0.10381032674194025
5981,0.4122590509370218
5982,0.24964702894477928
5983,0.007701915331039566
5984,0.2105374222587982
5985,0.03584184399082108
5986,0.036954859331521976
5987,0.1283355695097727
5988,0.29388908927325413
5989,0.9640973828446688
5990,0.19768372050911995
5991,0.054768234463034
5992,0.5250509245937662
5993,0.02343564588175843
5994,0.06432093873824356
5995,0.1065529670598119
5996,0.8146184590352484
5997,0.9994476703877357
5998,0.003780192298572147
5999,0.05522382885568977
6000,0.04387571836202208
6001,0.7129262563678048
6002,0.025282574971012342
6003,0.9119161671037935
6004,0.00805291415546095
6005,0.003859645726442045
6006,0.6439633762757943
6007,0.4407788425332442
6008,0.8961210365899092
6009,0.29760619402744354
6010,0.019477859785105286
6011,0.5788323411854177
6012,0.03302465605920309
6013,0.4196341621502621
6014,0.0484330149651028
6015,0.4038893486102908
6016,3.9234742608773096e-05
6017,0.5665233969735906
6018,0.7209334839510244
6019,0.16395419236603756
6020,0.6395092097247668
6021,0.9998890650408324
6022,0.9996089784973967
6023,0.19694350670755356
6024,0.0017272710018865168
6025,0.12318641193919187
6026,0.9993587101503324
6027,0.28836916698520465
6028,0.000557167353116118
6029,0.0037922423324788226
6030,0.2672286251900626
6031,0.00711287749659605
6032,0.0009859370656288978
6033,0.0029028131198728566
6034,0.03518132336128686
6035,0.1815368589025007
6036,0.017941099312737883
6037,0.7860970318966127
6038,0.6539399799030957
6039,0.003894502342225859
6040,0.3220997806821953
6041,0.9953442003352169
6042,0.10907884070271337
6043,0.3053560716904004
6044,0.9996378682945314
6045,0.8841297072872565
6046,0.6603435224515114
6047,0.4102303642621354
6048,0.2505049237885115
6049,0.5291358055489547
6050,0.09706018052089306
6051,0.00023790896491090422
6052,0.735917654698967
6053,0.47432450903698514
6054,0.9998384429378424
6055,0.0013934333886005165
6056,0.06869758023308088
6057,0.13553658912498986
6058,0.01588228518218746
6059,0.029442297146747225
6060,0.02952741974034933
6061,0.7703963942854057
6062,0.040455427231060284
6063,0.41460604393109163
6064,0.014005201425823809
6065,0.6777943768354711
6066,0.3959164736561002
6067,0.9995116042479565
6068,0.824046814114328
6069,0.09543933927270881
6070,0.00010779146966644609
6071,0.42816119264676844
6072,0.07756677602528678
6073,0.09992807950959601
6074,0.25846053662201923
6075,0.16625827409319868
6076,0.9999178633454556
6077,0.005576718153903806
6078,0.8370188331304174
6079,0.7178433876747112
6080,0.28618445102772494
6081,0.0031281909878830357
6082,0.13614333934868042
6083,0.22121455700068704
6084,0.04355955093411992
6085,0.27527918996237083
6086,0.1410681911299139
6087,0.04146523917605139
6088,0.08522740153252735
6089,0.006973985532056341
6090,0.045892156397114726
6091,0.7859592136314439
6092,0.0028305213875973916
6093,0.08991954474723149
6094,0.014061398959353691
6095,0.00020932160873261078
6096,0.2699841049655079
6097,0.8582962345006389
6098,0.7797654466044208
6099,0.01725966709895118
6100,0.18144281860735315
6101,0.25801097224162434
6102,0.7386882857326063
6103,0.04768235755215269
6104,0.5065083300423439
6105,0.003477473540662164
6106,0.6846220557019591
6107,0.00012400965295293883
6108,0.9283370019057577
6109,0.009719560081140296
6110,0.34743964565587354
6111,0.0937723688412292
6112,0.044488970015270024
6113,0.10415996193725187
6114,0.0003407721222309757
6115,0.0005568378326869927
6116,0.3666216308647064
6117,0.0005277000073237854
6118,0.8747713218432879
6119,0.9994572711592885
6120,0.00032705158358193876
6121,0.0015777441065632125
6122,0.024366092323916698
6123,0.02108518981408985
6124,0.0008895922503775129
6125,0.005515248893298158
6126,0.430965842123822
6127,0.9994206542487735
6128,0.0002499600927410191
6129,0.10582180212128861
6130,0.09583716360656551
6131,0.9995742603582953
6132,0.01128833669837317
6133,0.04027475661283268
6134,0.00018835474512587057
6135,0.020365750771475323
6136,0.651005799151856
6137,0.37932613634586226
6138,0.035221209509605916
6139,0.8267660852576227
6140,0.6507235272321924
6141,0.9997542609426419
6142,0.9985307457099508
6143,0.3013075225710217
6144,0.24433304219842705
6145,0.39512910500690135
6146,0.09719600847276316
6147,0.4154280451072744
6148,0.9994675392009161
6149,0.0009273431872002171
6150,0.2541360114547551
6151,0.37168396914235735
6152,0.619237577819702
6153,0.003579707733334664
6154,0.07972411789246239
6155,0.9998218482123312
6156,0.36674938011315183
6157,0.09981104773367794
6158,0.003495724730386528
6159,0.9991539098851329
6160,0.9997973281153908
6161,0.28961229303910113
6162,0.9917456236308597
6163,0.9995361350633379
6164,0.1615535635684806
6165,0.9998618626343602
6166,0.9998453073790031
6167,0.01800372726407452
6168,0.1059799957094088
6169,0.5053485349839575
6170,0.009980663356035669
6171,0.00018984775297447144
6172,0.7883941719980421
6173,0.09315776671122795
6174,0.005831395381725673
6175,0.1057985019446972
6176,0.10224289239820125
6177,0.3852244072352763
6178,0.013173927172361054
6179,0.88255469390898
6180,0.1873803425774523
6181,0.0014064960134902093
6182,0.02206335301788353
6183,0.015775945300106564
6184,0.034269544408932484
6185,0.3773760971915872
6186,0.0150134914253381
6187,0.9986642764982245
6188,0.00036039768932605347
6189,0.00018097746341879265
6190,0.9995316038326156
6191,0.005607196205004055
6192,0.051799549654441286
6193,0.015583020079122602
6194,0.03829913019420789
6195,0.731591503162569
6196,0.055597301635376926
6197,0.013043975317899257
6198,0.00031313854555680516
6199,0.9992897899047007
6200,0.9996724436940596
6201,0.34592034517530384
6202,0.9996827555063189
6203,0.008130465831611965
6204,0.30220597306819674
6205,0.005254398317846644
6206,0.7975400923414115
6207,0.20232425579939256
6208,0.23494040173124228
6209,0.6491556933037836
6210,0.6825363290756069
6211,0.33528808387022024
6212,0.21285863273721256
6213,0.16889398117846496
6214,0.9284017890182532
6215,0.0021226699626018895
6216,0.9989784103305633
6217,0.03571450629126607
6218,0.10971596460587346
6219,0.5845660066100337
6220,0.9995742970600585
6221,0.0731481355152301
6222,0.9995324294668777
6223,0.00015596602038455898
6224,0.11845433067734065
6225,6.269401954846648e-05
6226,0.9962550727198951
6227,0.0001982857832976237
6228,0.00041501383565465706
6229,0.01072630020075361
6230,0.9267461321079059
6231,0.13432183659321573
6232,0.48704849545647444
6233,0.004606560930976703
6234,0.2011358052225107
6235,0.5849359274160298
6236,0.9994692090074154
6237,0.42591214496595947
6238,0.999820429920271
6239,0.013710164797525374
6240,0.9980210232106138
6241,8.681063547771619e-05
6242,0.5843643819914766
6243,0.30496501194567366
6244,0.08987197724768729
6245,0.86360238168413
6246,0.6723313666605963
6247,0.008456764081311196
6248,0.0001938440705128641
6249,0.01582484761641073
6250,0.4355672025828208
6251,0.42344424976067657
6252,0.004693903334306784
6253,0.7584310745914112
6254,0.008791046793110633
6255,0.39226058954812126
6256,0.9992543060125728
6257,0.041945886913669135
6258,0.3126771271276467
6259,0.0013246576497482703
6260,0.11371941137700331
6261,0.3103376776221176
6262,0.00522626850139156
6263,0.9995166592689971
6264,0.9991962168956795
6265,0.3888050551424245
6266,0.7785539612837317
6267,0.4932659281453953
6268,0.03657047301389924
6269,0.9997973281153908
6270,0.9917456236308597
6271,0.012856602740420659
6272,0.23965522918275425
6273,0.7162040879991091
6274,0.9993922570533871
6275,0.16959387748685517
6276,0.09963593373864696
6277,0.0073585946892607765
6278,0.010816118997308182
6279,0.014617808943704876
6280,0.9995024380328671
6281,0.023045308081487893
6282,0.8190765717614229
6283,0.9191436388961074
6284,0.9502507824611159
6285,0.08397946876300579
6286,0.585929442881417
6287,0.9995324294668777
6288,0.007354594463600226
6289,0.7986126025999107
6290,0.3015480984838647
6291,0.5054987886117657
6292,0.6965333180386114
6293,0.8609354263997742
6294,0.11631311077589947
6295,0.6114574663357821
6296,0.02181300671677707
6297,0.3730887919796324
6298,0.9992635268927297
6299,0.18578671062891636
6300,0.0004365594994391646
6301,0.041922561875811865
6302,0.0786217914406625
6303,0.16675175966178213
6304,0.1445973372788129
6305,0.0003062106670475791
6306,0.36355577378337245
6307,0.8838573481940688
6308,0.9985273067204016
6309,0.5725120728676736
6310,0.5739459027728809
6311,0.033755199478911896
6312,0.1345370640756989
6313,0.9995146591863655
6314,0.0860650495783273
6315,0.3284819175416833
6316,0.13832580007437115
6317,0.9860527462604377
6318,0.00032856619415743863
6319,0.1154903243571403
6320,0.0007521420874978562
6321,0.9998590404161949
6322,0.001580494771148276
6323,0.9981578352334958
6324,0.011956705618520804
6325,0.9996077875480384
6326,0.00844402437042572
6327,0.01129311464283063
6328,0.022946247760976757
6329,0.039951963865129274
6330,0.6117175675305867
6331,0.09865614133094383
6332,0.12419828546494063
6333,0.0021668548736254534
6334,0.023951283008313878
6335,0.15479816246010714
6336,0.738525996467143
6337,0.009500717174159257
6338,0.9998125132220067
6339,0.6365529215260289
6340,0.22564440324104723
6341,0.5938945399794491
6342,0.9995807610676285
6343,0.024101451136762337
6344,0.01731004466811449
6345,0.8644344808200093
6346,0.4296121311463984
6347,0.9994336613154754
6348,0.8887052685651926
6349,0.6768795083767789
6350,0.999542288677003
6351,0.0016433151155197797
6352,0.011071994823851617
6353,0.00011772488205766705
6354,0.49089716676621126
6355,0.11596233016753929
6356,0.0003290890163399043
6357,0.6020441392644393
6358,0.06613156147882948
6359,0.009429537030934283
6360,0.0009507168040839676
6361,0.0002945997181712014
6362,0.4355673245040828
6363,0.5939846409293728
6364,0.050333649009146136
6365,0.002770551265775985
6366,0.24252844380156505
6367,0.40343342822937023
6368,0.00028175109214664167
6369,0.06842440033393603
6370,0.0014650411970725135
6371,0.391284119267855
6372,0.004271859033080588
6373,0.187645024439815
6374,0.025377016365176645
6375,0.5193935072168572
6376,0.2566173239209973
6377,0.7600542704199801
6378,0.30253408099661233
6379,0.12549664616929
6380,0.9994325987438174
6381,0.0009194537703718528
6382,0.9998114983976993
6383,0.9909212495733284
6384,0.9994569785934175
6385,0.41823480055833295
6386,0.7652209353465659
6387,0.00041707433443251556
6388,0.046381298083622874
6389,0.9061954453943908
6390,0.7533101736978964
6391,0.734605979237553
6392,0.0001721259609216027
6393,0.9996816443621437
6394,0.001896029399149248
6395,0.7785463854068797
6396,0.8419809528140644
6397,0.1581414161397799
6398,0.006288509973825888
6399,0.3038703426822607
6400,0.6350132366404433
6401,0.6706394883068747
6402,0.7274441593600676
6403,0.04901961557034813
6404,0.10160339978951669
6405,0.0834555961037832
6406,0.021604668429791387
6407,0.30093128791214213
6408,0.0004287675289420232
6409,0.000649723221836213
6410,0.7331065514281124
6411,0.6849510779493062
6412,0.00035136670019892297
6413,0.9211262548303408
6414,0.002850606186077542
6415,0.9022759806404331
6416,0.030074653470071846
6417,0.029048071001540308
6418,0.19870738038080377
6419,0.33659568428839387
6420,0.012770009622666334
6421,0.18250039986952962
6422,0.7414001413002799
6423,0.1679326843653671
6424,0.9998971364992412
6425,0.902664448576285
6426,0.034220574679277
6427,0.0002491620010031152
6428,0.8850921722577569
6429,0.001017381536319068
6430,0.7118768499037965
6431,0.4494991800533803
6432,0.6725188842924394
6433,0.9995962333845071
6434,0.9999092516783051
6435,0.03446801971151253
6436,0.9987455820478505
6437,0.02256358169746785
6438,0.019313798154524598
6439,0.047049027551735456
6440,0.019811033178825366
6441,0.4600321606832378
6442,0.6494847999244255
6443,0.0363156034280501
6444,0.4103938122494089
6445,0.012006127771356035
6446,0.9985307457099508
6447,0.1477665183023574
6448,0.3405349078976304
6449,0.0022415481741522793
6450,0.9980691601876612
6451,0.13977026425434935
6452,0.010435276731527096
6453,0.9995651299002112
6454,0.2682697340076269
6455,0.007187866746521955
6456,0.04535247523803092
6457,0.439840853799622
6458,0.15023911561614062
6459,0.38011202015198164
6460,0.23740340487909994
6461,0.9962550727198951
6462,0.28802762304157975
6463,0.7290718484734018
6464,0.5448422708361557
6465,0.735310935998358
6466,0.021844649965045225
6467,0.29708069489205147
6468,0.0027525383552049437
6469,0.999645724696108
6470,0.9998483142957685
6471,0.9998486503609191
6472,0.240339191431311
6473,0.32607274923889107
6474,0.15638570273764424
6475,0.004416424198454126
6476,0.8237491184646659
6477,0.3072985318067321
6478,0.004635881458375715
6479,0.9995120819279244
6480,0.12365071683009926
6481,0.004330309058073489
6482,0.20650493524891841
6483,0.0034984106607965355
6484,0.11717915848751284
6485,0.7544824183671958
6486,0.5323662243730334
6487,0.32933176241106915
6488,0.11075695452434924
6489,0.7629034305324377
6490,0.8233629274395796
6491,0.7997130985829816
6492,0.9996351704568036
6493,0.26405299734582116
6494,0.17962700626635736
6495,0.698962659525026
6496,0.37014733106788983
6497,0.0011638200274627223
6498,0.4168102037266808
6499,0.0020105802212802477
6500,0.2409083359239837
6501,0.034315920000887984
6502,0.4434718213926244
6503,0.010797873913017834
6504,0.5333154097519014
6505,0.5688654346696648
6506,0.029120418711895902
6507,0.013127172143476144
6508,0.056020292679038984
6509,0.0002161553138302378
6510,0.007133234573698385
6511,0.023065891868305016
6512,0.3075681999422014
6513,0.9595616295256243
6514,0.011364134610379613
6515,0.2568184457120267
6516,0.7398905305857771
6517,0.10436001446822181
6518,0.7793727419612042
6519,0.0029028131198728566
6520,0.999606005786808
6521,0.004919620787577113
6522,0.28322455053948403
6523,0.1538226709035288
6524,0.007164544617396131
6525,0.5884509540105413
6526,0.45364761033196754
6527,0.9998328228016372
6528,0.4121818007031394
6529,0.0002522091764588226
6530,0.9993946551473271
6531,0.9993902270942545
6532,0.993949869816382
6533,0.9958129181197595
6534,0.007644650458068746
6535,0.0012914210466241746
6536,0.8636166736530746
6537,0.7408386979478145
6538,0.8864651009870852
6539,0.04613100341598374
6540,0.4722719551671812
6541,0.7727507713111498
6542,0.5568849158974899
6543,0.7772041255480912
6544,0.2657611841323733
6545,0.8719704775141441
6546,0.013248170617234307
6547,0.07584482054666464
6548,0.3709998933161146
6549,0.2226281684273852
6550,0.20928794148402693
6551,0.000825484698791172
6552,0.0006840644283161198
6553,0.15473048504807202
6554,0.9993587101503324
6555,0.10809794253660475
6556,0.2249457780951023
6557,0.9993922570533871
6558,0.00042974288092666147
6559,0.997727088139069
6560,0.0002566133530828136
6561,0.9981684934850865
6562,0.615998088508611
6563,0.15778669345462792
6564,0.3900420276113266
6565,0.02067111148785927
6566,0.005516363827144992
6567,0.8451327208035764
6568,0.40630469053309926
6569,0.4609444412785776
6570,0.0004201566457434881
6571,0.9997744559360754
6572,0.9994644848094774
6573,0.004268887642195637
6574,0.013259723473530537
6575,0.9980082177089993
6576,0.5198226274606507
6577,0.7855633107956552
6578,0.6198336942164104
6579,0.20177194298145024
6580,0.00017512499095311004
6581,0.013586257255103488
6582,0.9999624688662524
6583,0.019825928713937232
6584,0.5209206050434968
6585,0.2581160052977543
6586,0.008000218038016442
6587,0.00022024829021597767
6588,0.007953762428886329
6589,0.010981667782214351
6590,0.08714089763923395
6591,0.9043574641315079
6592,0.03566272342740948
6593,0.0004158983762845058
6594,0.008275512856436192
6595,0.9860140153863441
6596,0.9994464272512569
6597,0.0019889488601168175
6598,0.00038460247101985393
6599,0.05888964519968783
6600,0.15608965145778148
6601,0.36860744466207845
6602,0.1429626858737956
6603,0.6223867526984987
6604,0.28196771144061805
6605,0.004427041100894093
6606,0.08627521668923561
6607,0.02004890527181192
6608,0.05881066723222983
6609,0.011431617538658423
6610,0.1410901756393523
6611,0.06538758065641834
6612,0.5172919866338602
6613,0.08857041925708742
6614,0.02648933960484219
6615,0.5237476962847339
6616,0.0029075128525174044
6617,0.010645372338937323
6618,0.06644601088096107
6619,0.015967627939073845
6620,0.015311890909406906
6621,0.42647088561235297
6622,0.7118929653039625
6623,0.39389710398092115
6624,0.8964572618383789
6625,0.00018076781724792555
6626,0.9975511913390341
6627,0.00017537953771334962
6628,0.28573984662989643
6629,0.004260957853842296
6630,0.14637394119334357
6631,0.9997973281153908
6632,0.30894668943845427
6633,0.9997355508117156
6634,0.7538613972798364
6635,0.8064174255314766
6636,0.033930856925945954
6637,0.24323393134220758
6638,0.0036583682110058182
6639,0.003179558826445674
6640,0.04362684501514265
6641,0.01058547475078721
6642,0.5171829850212777
6643,0.7331555881874632
6644,0.20290286611973582
6645,0.004539809712619975
6646,0.9991653614104213
6647,0.8237075156040224
6648,0.3527704099345615
6649,0.10344325088833228
6650,0.9992934609248831
6651,0.43650842098749043
6652,0.9862362903952079
6653,0.005384120068292466
6654,0.9995962505625071
6655,5.611540140982006e-05
6656,0.32235877524024054
6657,0.043309254844703854
6658,0.0049731104168558495
6659,0.027191101468044206
6660,0.00038266357513449525
6661,0.9998723382447499
6662,0.9998006276795515
6663,0.9984649331773507
6664,0.8649365162572825
6665,0.00033697192299814795
6666,0.6712514673483069
6667,0.9505851830628367
6668,0.17170449178201505
6669,0.006627366763716215
6670,0.009495217156691025
6671,0.0003413653862418855
6672,0.1847749475374714
6673,0.9996484142293458
6674,0.0002846576792034875
6675,0.2713813392160492
6676,0.999433584443131
6677,0.9996243956008317
6678,0.023882117277020665
6679,0.5135299272417647
6680,0.001309473085553181
6681,0.9993902270942545
6682,0.762475385581392
6683,0.0023452980716656083
6684,0.3580041356505145
6685,0.007923393076427695
6686,0.0012934766317899318
6687,0.0004653088305881379
6688,0.11041025908158132
6689,0.0004409756938906994
6690,0.3255000105329003
6691,0.5944862241021105
6692,0.04199259733939883
6693,0.5074249604666418
6694,0.02193159816207231
6695,0.2738830721603808
6696,0.02063746827104258
6697,0.0029996849896075733
6698,0.9998515250920467
6699,0.9991481759215926
6700,0.19814898250391247
6701,0.00022261296432993686
6702,0.03818790316316516
6703,0.12459040711694913
6704,0.9999365398327469
6705,0.5871299876175885
6706,0.5720399535093001
6707,0.04939780748184158
6708,0.1844705273408094
6709,0.010012874583859167
6710,0.9995633568606831
6711,0.013969918297784694
6712,0.3384768950507563
6713,0.0001805639270513946
6714,0.005585459256278426
6715,0.9998307631118593
6716,0.04234244511340574
6717,0.23483841150181187
6718,0.3862978923398431
6719,0.9917456236308597
6720,0.0010620317897411045
6721,0.9997272944390846
6722,0.9996750063873135
6723,0.6201212789555196
6724,0.14332150122202125
6725,0.006991582544691109
6726,0.04639604381253545
6727,0.0023467937950153854
6728,0.49162773001976573
6729,0.032015161151823984
6730,0.000410856744715309
6731,0.7767616434095264
6732,0.0001663815126184316
6733,0.6366433598124168
6734,0.8367551590022148
6735,0.9990767446698262
6736,0.06348653692562095
6737,0.05807296734143372
6738,0.32122243211905316
6739,0.001160279531424907
6740,0.8639888590751053
6741,0.0990787146275455
6742,0.07774400341244296
6743,0.9384170959310614
6744,0.9916148297116765
6745,0.29508577032191907
6746,0.14675240089908073
6747,0.6109280365721458
6748,0.01573818430813163
6749,0.12699309457093422
6750,0.8856890917235017
6751,0.01227599076769639
6752,0.3781579142616433
6753,0.9223198091512247
6754,0.44164910078698477
6755,0.0002872837974241331
6756,0.6070336620252446
6757,0.032574295130260424
6758,0.12593036184104392
6759,0.6319505880707348
6760,0.9990341587362283
6761,0.009654409698643285
6762,0.32817881309209473
6763,0.0368866945566727
6764,0.038089494544136085
6765,0.034601175869233156
6766,0.0206078912063488
6767,0.0003118175652254405
6768,0.05054585287429107
6769,0.9993640721545841
6770,0.46366764686289963
6771,0.7488249794123815
6772,0.00357476410298526
6773,0.21562989580424513
6774,0.9999093049896255
6775,0.0709558923479971
6776,0.6908769550323605
6777,0.09090853072540771
6778,0.5819768034832223
6779,0.4105610897190489
6780,0.9195005440025474
6781,0.0027220438910438623
6782,0.06039574011519616
6783,0.05911484776018767
6784,0.007942138328078318
6785,0.3885834269678527
6786,0.08594278723340572
6787,0.4153777193032195
6788,0.7472301663465137
6789,0.0016197961823005268
6790,0.11319571569936447
6791,0.5439588910692681
6792,0.6133240105351802
6793,0.2616326473896531
6794,0.9987560674545825
6795,0.09822142605527016
6796,5.082999077861966e-05
6797,0.018941223832874346
6798,0.1487767253692712
6799,0.7454631630562591
6800,0.047653399014821546
6801,0.017358067330451792
6802,0.31222293841369175
6803,0.004403148427068607
6804,5.941804043642354e-05
6805,0.9993402859038925
6806,0.5145578178146099
6807,0.055694018158496436
6808,0.9995166592689971
6809,0.05390122265327898
6810,0.005360406600661536
6811,0.20969929142067179
6812,0.10222940927034081
6813,0.06308149834959748
6814,0.016655120455302878
6815,0.687337981225639
6816,0.10505837554597076
6817,0.26767094964859356
6818,0.05180875088470567
6819,0.006824186045148213
6820,0.32865384268531855
6821,0.024451136340984173
6822,0.7809605042401917
6823,0.9993640721545841
6824,0.41517115375671154
6825,0.9995235636184652
6826,0.8957074830338582
6827,0.2203280333696657
6828,0.9994542939190878
6829,0.9043574641315079
6830,0.4834968395454929
6831,0.00035500817305956535
6832,0.004289498678414319
6833,0.9998664268623432
6834,0.035347660158853
6835,0.8949921683646872
6836,0.8943650698930754
6837,0.9994663739126342
6838,0.1362344220391132
6839,0.10227557625001135
6840,0.10064311409311798
6841,0.9993592653552299
6842,0.5890096908835485
6843,0.013182926933966692
6844,0.8675590361636251
6845,0.04575370423109701
6846,0.01576546132842356
6847,0.09069728062863817
6848,0.7230181762261246
6849,0.31649412305994856
6850,0.7836131522465908
6851,0.0003562955686289713
6852,0.0007777319386192788
6853,0.012542597966142916
6854,0.8160958764743407
6855,0.2901229229039861
6856,0.027963863186541628
6857,0.23883397680632185
6858,0.9969353860299444
6859,0.017114605214948595
6860,0.9994294878192037
6861,0.0008631555069682201
6862,0.01101749478724776
6863,0.7623695963943011
6864,0.9543228250583389
6865,0.42832869968997395
6866,0.9987069156361893
6867,0.8535241451479307
6868,0.010494066335206472
6869,0.14189206320967146
6870,0.3089064234983877
6871,0.054492561916302446
6872,0.8528984878264279
6873,0.9999303861052631
6874,0.9986887760436759
6875,0.18958317832033952
6876,0.06308109837766782
6877,0.3001837599207171
6878,0.9990227853323861
6879,0.7491302370288724
6880,0.030022605098333602
6881,0.04154950063284423
6882,0.9996105663826294
6883,0.8779146824942544
6884,0.07137203599063188
6885,0.08976500713241893
6886,0.8900531432889127
6887,0.6649805796590851
6888,0.007970579845179852
6889,0.011220241532885797
6890,0.10032341570571479
6891,0.005754314119604052
6892,0.7085339646194715
6893,0.005122848555988046
6894,0.09347149872859582
6895,0.7006601805847117
6896,0.26385196748485945
6897,0.9995450380320894
6898,0.9987455820478505
6899,0.76143891393422
6900,0.0003181232491596872
6901,0.053830427462294314
6902,0.03241186641841367
6903,0.5040942549358106
6904,0.039122573337695324
6905,0.2875995510880533
6906,0.0051670883120524015
6907,0.23158387675535758
6908,0.7190578987431758
6909,0.7551155940907216
6910,0.3575379459166478
6911,0.4549199654300712
6912,0.0948484246395746
6913,0.0026536943681768057
6914,0.04507875438199182
6915,0.6439460707848262
6916,0.5682241857294453
6917,0.5681183411245673
6918,0.0149744632617085
6919,0.9996077875480384
6920,0.7444460743146686
6921,0.5095151827465028
6922,0.007640103523556177
6923,0.22469564184481186
6924,0.7384852308337884
6925,0.005919360485843826
6926,0.06236472331573175
6927,0.44388545805936086
6928,0.2326264495287595
6929,0.0003311744566402307
6930,0.9985580896836198
6931,0.04547977322392253
6932,0.003956814536686912
6933,0.9996586581850594
6934,0.010574489493616035
6935,0.006002367475706372
6936,0.003477473540662164
6937,0.008800403936693455
6938,0.26923614340731655
6939,0.8062616009130098
6940,0.5792870819332916
6941,0.11222198248523822
6942,0.7224070917099917
6943,0.3269552318470727
6944,0.32754220342282964
6945,0.3270253666707623
6946,0.004175099188354773
6947,0.7713219171769402
6948,0.18773083839985533
6949,0.42394268106563704
6950,0.9189864192799889
6951,0.4450392016122982
6952,0.926609323502768
6953,0.7113391097545599
6954,0.4510822919001556
6955,0.8169917985349309
6956,0.22287516030363377
6957,0.1092940257959412
6958,0.11928299088588894
6959,0.0648310192903939
6960,0.005255710074073058
6961,0.026413922695736964
6962,0.23718058525388427
6963,0.003690713846058275
6964,0.5265028558436856
6965,0.09550486113475704
6966,0.001323945241572526
6967,0.9993787046968168
6968,0.005754728566881123
6969,0.0009339577066151732
6970,0.0057098160509127536
6971,0.01844866907979592
6972,0.8482266431290403
6973,0.1463407872692513
6974,0.9217429031888976
6975,0.2482109945979136
6976,0.902664448576285
6977,0.9995324294668777
6978,0.0068714785079669926
6979,0.8321141550321318
6980,0.03326551954800927
6981,0.035003388598242216
6982,0.0013576466333286563
6983,0.06484821286994341
6984,0.013519589990160324
6985,0.14619660090274805
6986,0.015295309283129268
6987,0.023137682650700483
6988,0.00017196026351138649
6989,0.0619811063067443
6990,0.9994895398754695
6991,0.9997200370754277
6992,0.9943247339744649
6993,0.10079372885527899
6994,0.7270741070905871
6995,0.0066969315501135265
6996,0.6070557725310753
6997,0.6873488835967897
6998,0.006729814065211899
6999,0.0005969280765748993
7000,0.5900402211346397
7001,0.001724589321174087
7002,0.10622016474406602
7003,0.9991859740947898
7004,0.08272092106913591
7005,0.024021353537161384
7006,0.9997492585667325
7007,0.0034886405329316865
7008,0.817250213933257
7009,0.7171781874362562
7010,0.5878075498913227
7011,0.0028683233019198176
7012,0.41230274512057397
7013,0.0014352056622669695
7014,0.0027258497966882404
7015,0.01291944126310299
7016,0.9995506199595076
7017,0.00010147962021677688
7018,0.684851273733989
7019,0.005310417625163955
7020,0.9995765727716645
7021,0.025153821717358256
7022,0.49467353922969726
7023,0.017382583483986844
7024,0.5073941749688738
7025,0.8966316495316581
7026,0.000676562794633431
7027,0.5975326024823684
7028,0.7585368840803596
7029,0.009345721036459628
7030,0.9994189534819642
7031,0.8049055371989554
7032,0.997201842995942
7033,0.9993741920674309
7034,0.8945352546182814
7035,0.998930373562642
7036,0.25422084951477963
7037,0.99926312994237
7038,0.7169090066660686
7039,0.003744955080241902
7040,0.99926312994237
7041,0.7009319360117663
7042,0.8086513698620078
7043,0.12709173031037044
7044,0.13376334500843848
7045,0.5683900396522146
7046,0.9999624688662524
7047,0.001643706816531049
7048,0.20357788854071876
7049,0.020565059153006212
7050,0.9994436568304363
7051,0.04246258466091959
7052,0.05039075463977548
7053,0.98541333494213
7054,0.0013312345239903727
7055,0.9995771710574514
7056,0.07911786275342989
7057,0.9987962091711944
7058,0.6594951553722326
7059,0.9995419696879979
7060,0.045127734775562436
7061,0.9996586581850594
7062,0.007349079892514396
7063,0.002936654785355224
7064,0.00016786279856432593
7065,0.8357677625806466
7066,0.22973531281938422
7067,0.977077726904531
7068,0.07148923680948185
7069,0.6043661786242297
7070,0.0555491100714311
7071,0.0017649419631390743
7072,0.0023885293384723655
7073,0.6815311086057226
7074,0.19336152410893093
7075,0.41589896986317615
7076,0.6333648312049035
7077,0.39429098447155936
7078,0.7169090066660686
7079,0.019359942448713058
7080,0.08553617668906098
7081,0.00036622242389324345
7082,0.30241065806674866
7083,0.49946925447026824
7084,0.0026126046042147
7085,0.0005299206467077376
7086,0.009126613982148075
7087,0.02075816080599819
7088,0.0018675232936403452
7089,0.9998403042141668
7090,0.7551155940907216
7091,0.5221340084879452
7092,0.9996053907706668
7093,0.7313179910139619
7094,0.9996714344854416
7095,0.6977843533316979
7096,0.9011802286152473
7097,0.139606538860115
7098,0.5508537881892623
7099,0.999542288677003
7100,0.0003085734123084233
7101,0.9227417898685902
7102,0.029286985274068065
7103,0.817216605719982
7104,0.8702855528313939
7105,0.20940049630119356
7106,0.07626341500220901
7107,0.7315490924084092
7108,0.8358587639458092
7109,0.15681519113129222
7110,0.10247302617260418
7111,0.04855224995474467
7112,0.5575194174895669
7113,0.5067554781518652
7114,0.5741328308857369
7115,0.8154594285834343
7116,3.356983896162876e-05
7117,0.00043471453412864897
7118,0.0026183983592804948
7119,0.0011563549557904271
7120,0.001460808414951003
7121,0.9154995691533734
7122,0.06989156892443714
7123,0.2543612880704743
7124,0.0046268962340786784
7125,0.8811345640974351
7126,0.1278012882167355
7127,0.6664539683273908
7128,0.7709522365811258
7129,0.012448439837034595
7130,0.5156113739111768
7131,0.5396351744854949
7132,0.9985307457099508
7133,0.9994572711592885
7134,0.8982682529376345
7135,4.5867240722592765e-05
7136,0.27387550588934906
7137,0.027210471540835987
7138,0.7187603059090295
7139,0.3875389560335623
7140,0.10760825985717039
7141,0.00014920228428782313
7142,0.19567159498309997
7143,0.007542408133218065
7144,0.9917456236308597
7145,0.0011905287675897259
7146,0.7868116293021139
7147,0.08801323077618504
7148,0.828938553173118
7149,0.10544915581317468
7150,0.005642031405680377
7151,0.9992322940150287
7152,0.1749144558409008
7153,0.1599279218020381
7154,0.08819319699840977
7155,0.14006522811093416
7156,0.9998080998309002
7157,0.32960578516343775
7158,0.5776905995703209
7159,0.0035386330929517247
7160,0.8465857000740593
7161,0.3466739121276176
7162,0.9994895398754695
7163,0.17736232178601527
7164,0.0006000090291394483
7165,0.00028251908394917477
7166,0.9993548948506998
7167,0.0889149829571563
7168,0.45182449582379464
7169,0.20158135182725917
7170,0.009074079618544267
7171,0.4499170718423362
7172,0.0938801282008977
7173,0.00024092040961036986
7174,0.476478351027071
7175,0.0023744608681224785
7176,0.7586302651544681
7177,0.2100031796494828
7178,0.46046690045295896
7179,0.9217472489373046
7180,0.17639318039933433
7181,0.1410901756393523
7182,0.0019025359362515879
7183,0.17918788611613776
7184,0.01593457637562685
7185,0.01245646499462912
7186,0.1635002922164863
7187,0.9995807610676285
7188,0.05365776422186455
7189,0.11148943353235788
7190,0.17352025543587302
7191,0.1537912748188341
7192,0.7574793408664178
7193,0.74403438712133
7194,0.2531803286037275
7195,0.9996378682945314
7196,0.016443311977712375
7197,0.6025588145917238
7198,0.2912367570116518
7199,0.01094269388711816
7200,0.9976435347429523
7201,0.7945160013254544
7202,0.335819331816547
7203,0.00657179472565329
7204,0.21836414678735577
7205,0.015347660311263962
7206,0.9997097736263099
7207,0.6224349414964244
7208,0.6468066914675289
7209,0.24258607699800244
7210,0.005317455456377508
7211,0.022008243504898238
7212,0.4625124603262515
7213,0.27506828731142047
7214,0.13767723051676647
7215,0.0018890830741375459
7216,0.42892538586530804
7217,0.999733466471797
7218,0.0003273960253222119
7219,0.03944547178952149
7220,0.0002759255118326089
7221,0.0004249145081450402
7222,0.00020304804536602376
7223,0.001138578713523799
7224,0.019521349566875103
7225,0.015679099809530268
7226,0.9995012340096324
7227,0.1329620560114466
7228,0.3304618454096034
7229,0.0909010113297535
7230,0.2513549446056339
7231,0.9995909770986874
7232,0.005154718918036747
7233,0.7174031325064522
7234,0.0014090582090310203
7235,0.005902316166804902
7236,0.5921999110870241
7237,0.005419824735043302
7238,0.008331668489074389
7239,0.009416154932180322
7240,0.0015596013541515318
7241,0.7990106409408037
7242,0.9995624270282827
7243,0.8064219588748921
7244,0.0002741036899028774
7245,0.011462726378255336
7246,0.05309161519458753
7247,0.15774523532430998
7248,0.0038023891858808604
7249,0.10284148771384914
7250,0.0002703779412320417
7251,0.2548755782239421
7252,0.4170333784815389
7253,0.0609728305003033
7254,0.14380621235680377
7255,0.9996076323529581
7256,0.9998880115702502
7257,0.17878929633221022
7258,0.0004368509987057052
7259,0.4819415447082738
7260,0.9996507589277797
7261,0.010896248366901349
7262,0.005237169333370649
7263,0.9406288677297813
7264,0.7224120860674409
7265,0.33050629013028643
7266,0.001996941989388833
7267,0.36747015154041845
7268,0.3545509763679571
7269,0.005455099995909686
7270,0.4662672606358133
7271,0.21375948742547124
7272,0.014547640662502593
7273,0.004448243036709444
7274,0.0002525196447973733
7275,0.013623366237425959
7276,0.7496176704162429
7277,0.006532305191412331
7278,0.9999097150244624
7279,0.09702098548693336
7280,0.5127856376739556
7281,0.9996827555063189
7282,0.5679225865308546
7283,0.4588937448656256
7284,0.025468384866197392
7285,0.7547947527741111
7286,0.00023824618686704358
7287,0.0011157226929112763
7288,0.0015739384797570806
7289,0.06874906710385129
7290,0.007840352800817072
7291,0.9996548599319918
7292,0.001099210967865607
7293,0.07881232614653318
7294,0.21636640333606671
7295,0.9985307457099508
7296,0.007675246990364971
7297,0.00647852280889732
7298,7.715552508356885e-05
7299,0.9950517750070818
7300,0.8978317210758345
7301,0.999542288677003
7302,0.16054784702621006
7303,0.004781948802476645
7304,0.10339894250504823
7305,0.9998485534381465
7306,0.9995235636184652
7307,0.9995012340096324
7308,0.23412774685252932
7309,0.1969243513359499
7310,0.5756554116874254
7311,0.011002296853685513
7312,0.20423755189475348
7313,0.9996036211221293
7314,0.9994436473128939
7315,0.010408544850683776
7316,0.10926973946783322
7317,0.7069095085279873
7318,0.0804503379650044
7319,0.9999310352381258
7320,0.20678612762628992
7321,0.6082477450005287
7322,0.9228847811224464
7323,0.010755383912632895
7324,0.05190099285402149
7325,0.07960243140149253
7326,0.019682394145146862
7327,0.0020035643222673697
7328,0.015642295433309774
7329,0.06938502318456188
7330,0.0017930959046118368
7331,0.06843019029131092
7332,0.10825847368374365
7333,0.3054927599112201
7334,0.030109554804173638
7335,0.009351797555965682
7336,0.7251574169640362
7337,0.0021121845785574763
7338,0.27513082361035723
7339,0.0017974826515213603
7340,0.8705939394296829
7341,0.009805812832958045
7342,0.9994865791348221
7343,0.14205232491248745
7344,0.5840982466716583
7345,0.39378797718246666
7346,0.2988833766400785
7347,0.531569973997032
7348,0.6006407819502626
7349,0.005163170135063385
7350,6.456794857862967e-05
7351,0.006548824601544684
7352,0.0022712940006857888
7353,0.5352493263071031
7354,0.02512284817526484
7355,0.0553294589417293
7356,0.18487532646846133
7357,0.9994766648736836
7358,0.36057400312324134
7359,0.0021989825997176674
7360,0.9997078993336249
7361,0.9984649331773507
7362,0.4475032998002894
7363,0.006097145302668995
7364,0.544588439584403
7365,0.9265371683467665
7366,0.6103832124967566
7367,0.05710573957484449
7368,0.9999074780170334
7369,0.0019094841266537527
7370,0.006115150086861906
7371,0.06255069225278587
7372,0.9749302338509747
7373,0.4854364261121393
7374,0.028374633790633604
7375,0.2902612740180933
7376,0.023457104754398127
7377,0.03567566006291582
7378,0.0055133422963538035
7379,0.7642715223298404
7380,0.18491329890448027
7381,0.4845279048424108
7382,0.13249595212222534
7383,0.006906552870172158
7384,0.005633609371180284
7385,0.9998722744962142
7386,0.001556075699270387
7387,0.04538318177903414
7388,0.056430852143113726
7389,0.5701265452146176
7390,0.9996970743405839
7391,0.9998892186520933
7392,0.9950672177899259
7393,0.11044307477657811
7394,0.8828062658748602
7395,0.03823815052562253
7396,0.7992754804417543
7397,0.3879601368392766
7398,0.009734342226836007
7399,0.0001895682603842424
7400,0.5492271591474314
7401,0.28952986812496045
7402,0.9996138807140779
7403,0.007796185925362806
7404,0.9992635268927297
7405,0.00028425427912355154
7406,0.010632375039622133
7407,0.5589195420813025
7408,0.21557675839770601
7409,0.008593722954767843
7410,0.27555048782254665
7411,0.5915849856453363
7412,0.2581160052977543
7413,0.0004546861413634046
7414,0.004213860939291562
7415,8.714643888637215e-05
7416,0.20740753333578035
7417,0.7994335055371651
7418,0.1550751765233908
7419,0.08524360594690081
7420,0.1281426365662585
7421,0.07437806274640588
7422,0.1772365250186547
7423,0.09070839858074557
7424,0.9767702859096611
7425,0.9994604115714957
7426,0.02842066561991673
7427,0.12321588920009928
7428,0.9368861244682352
7429,0.044828444279976024
7430,0.01153149881757638
7431,0.9992077859838043
7432,0.37542698527956814
7433,0.5268820400745751
7434,0.04086014526420123
7435,0.6529752062580363
7436,0.00035244200543176307
7437,0.007370619823527446
7438,0.4954141953688343
7439,0.4989816099492817
7440,0.0013312345239903727
7441,0.258578342534177
7442,0.0038179724837224993
7443,0.06953259081190778
7444,0.00970446580519295
7445,0.6107266547818262
7446,0.0559545834592507
7447,0.007492266264477289
7448,0.026060246927300558
7449,0.0847329789140045
7450,0.7794222863899547
7451,0.07864444678591495
7452,0.9996064106916975
7453,0.9992934609248831
7454,0.0005497640241303472
7455,0.02170865161979138
7456,0.8509593741371884
7457,0.0075130982078309
7458,0.03012054782036708
7459,0.9998680905848241
7460,0.9995003841791367
7461,0.3504956321029815
7462,0.70228726759713
7463,0.9997718608303992
7464,0.14947062087205554
7465,0.9998403042141668
7466,0.2779422365014876
7467,0.2253967860775013
7468,0.1895951397005208
7469,0.4561964966651254
7470,0.0002985645282990063
7471,0.9995952278969131
7472,0.8112765232336987
7473,0.0014383674962965862
7474,0.8561722518050869
7475,0.007332120003039085
7476,0.003132643773580261
7477,0.9959000232026326
7478,0.00019878013021766363
7479,0.0056428787944177074
7480,0.045123105710790506
7481,0.7505782059499391
7482,0.879155965530319
7483,0.01663985135192459
7484,0.004314847609423334
7485,0.00039489878740053136
7486,0.05254038623830449
7487,0.8374551189223829
7488,0.649788257633541
7489,0.48300006663387385
7490,0.3076411867104213
7491,0.9595616295256243
7492,0.019291088312639433
7493,0.5392698529799304
7494,0.06380982728560375
7495,0.009453688655923748
7496,0.0008275057233327295
7497,0.6451386795327939
7498,0.45127123201215824
7499,0.0011213290361179933
7500,0.0032401924188250873
7501,0.9994631784918567
7502,0.00560026558470344
7503,0.2744592033853226
7504,0.8196061919217285
7505,0.9996779460568025
7506,0.7930712738944558
7507,0.8874697589172419
7508,0.0035839412083701993
7509,0.39932157538461466
7510,0.00017986237813460027
7511,0.20378327399414686
7512,0.0020833524005689406
7513,0.22893801637056724
7514,0.15935410771396188
7515,0.15781202172151046
7516,0.9995342720711905
7517,0.11923424943433343
7518,0.9997189712889736
7519,0.001450560950785682
7520,0.12911608517660614
7521,0.06200980884567447
7522,0.9998217083659067
7523,0.7940354817343716
7524,0.08152766118108193
7525,0.6929607399741872
7526,0.00014595555289262268
7527,0.37916910131112075
7528,0.003276226778606297
7529,0.4555923333679146
7530,0.2766732325355576
7531,0.9993697196827608
7532,0.021867602625139777
7533,0.001939329916384205
7534,0.11759898372823292
7535,0.999860147201219
7536,0.020124065950260964
7537,0.9353919097451544
7538,0.38178928934451295
7539,0.03784984961113935
7540,0.0462982562966743
7541,0.8751287555593229
7542,0.6097133885231151
7543,0.000645020460782556
7544,0.7631527485512791
7545,0.040470060880369904
7546,0.8335841003059016
7547,0.02987246348471899
7548,0.4293846427513775
7549,0.9996612001129483
7550,0.10041742637833993
7551,0.43464059275021727
7552,0.03784042442616935
7553,0.1978315162474719
7554,0.0002780142254801252
7555,0.5684567179752295
7556,0.0007384761524289541
7557,0.04040919564723204
7558,0.40176321641251467
7559,0.983360388720358
7560,0.0026676107185102083
7561,0.014978620176471107
7562,0.9998217083659067
7563,0.19091271852577904
7564,0.4352637449512772
7565,0.0048627815465869155
7566,0.05701751873817524
7567,0.000913096977802897
7568,0.8483338941692047
7569,0.9993692796144571
7570,0.022021645704871654
7571,0.0002417002057266057
7572,0.5477991033860933
7573,0.00047833547223141823
7574,0.9998933299698423
7575,0.9140959794826706
7576,0.07638248804971483
7577,0.007456222631203333
7578,0.8938325427584587
7579,0.27807119884921055
7580,0.9993618282613574
7581,0.02840901481082882
7582,0.6397697528236432
7583,0.9175217106632496
7584,0.00840330347718941
7585,0.03920025264134527
7586,0.006740477174152082
7587,0.3944427794282949
7588,0.05340584025958085
7589,0.1712066345540089
7590,0.13314817292852724
7591,0.7529196256248706
7592,0.35291621610788815
7593,0.8202236926074902
7594,0.9994763756426599
7595,0.04103696923830536
7596,0.0059623765110970485
7597,2.472887992566364e-05
7598,0.5247493126492361
7599,0.4189541314002009
7600,0.2819989897527436
7601,0.7048838820552348
7602,0.249352976468595
7603,0.10565251212130367
7604,0.005373471363191447
7605,0.9995798581150174
7606,0.6339988648244048
7607,0.017274220050214634
7608,0.9996779460568025
7609,0.6904214537380348
7610,0.0018413298220353192
7611,0.7000915246140701
7612,0.01244184119177885
7613,0.17117396991599265
7614,0.0008106467349418949
7615,0.08967281181713115
7616,0.6934760236269161
7617,0.002850606186077542
7618,0.9996300165999751
7619,0.999501290860801
7620,0.21561505385605176
7621,0.19887759307848155
7622,0.7857653424664447
7623,0.008137299551233997
7624,0.9995166592689971
7625,0.5494879012947134
7626,0.7505548818707778
7627,0.22333427100734274
7628,0.10004677911908028
7629,0.7770998634429116
7630,0.5977829553923202
7631,0.26368137127404223
7632,0.17271334817568318
7633,0.9108617291999662
7634,0.7300902968621811
7635,0.003150331995310229
7636,0.10737258108812166
7637,0.012296764712201392
7638,0.02942953558775691
7639,0.3930963931912414
7640,0.0005935785747188993
7641,0.11438651557979078
7642,0.0018561495129741218
7643,0.9149095390237377
7644,0.15061027953812361
7645,0.6119569384351692
7646,0.00013911287129915077
7647,0.9969353860299444
7648,0.22941532657224606
7649,0.9302657729676768
7650,0.0008435855188714157
7651,0.002023425549863049
7652,0.33954878553033646
7653,0.01032491084862014
7654,0.8806255495774254
7655,0.00982364288841417
7656,0.02622883717741107
7657,0.020475473346029165
7658,0.03785334542257828
7659,0.10676285455758638
7660,0.9997410266488168
7661,0.01072630020075361
7662,0.07319012872070786
7663,0.7698908193534171
7664,0.4036662440694493
7665,0.27353640056861933
7666,0.2843429845194747
7667,0.9996378682945314
7668,0.9999081682517679
7669,0.7384909151175332
7670,0.4558194072349387
7671,0.12652289052530755
7672,0.032624022985532984
7673,0.0026249840442267836
7674,0.0024504560295908655
7675,0.3913023828726941
7676,0.6116924234932277
7677,0.08619481272892549
7678,0.0045745246351909285
7679,0.12563686337599897
7680,0.9995812858226524
7681,0.07959060341874226
7682,0.03012054782036708
7683,0.001055337863837662
7684,0.011407328470192962
7685,0.9996312812910155
7686,0.2536390190515468
7687,0.18823777575123288
7688,0.999542288677003
7689,0.1879989765328767
7690,0.0570504852161575
7691,0.7590609662822533
7692,0.8462692529130932
7693,0.2132096307838814
7694,0.0002953316347409771
7695,0.9977901587636486
7696,0.9997481215919799
7697,0.5634656198180211
7698,0.08513502025204958
7699,0.7952203308770982
7700,0.6911180921386707
7701,0.3598481570412117
7702,0.7658674776621769
7703,0.1965350939897237
7704,0.6368826233353327
7705,0.02718066617928741
7706,0.4936461266753142
7707,0.03750189931792769
7708,0.008813302694005308
7709,0.5563223957567023
7710,0.6261067315512012
7711,0.8391345418292491
7712,0.06148152618035431
7713,0.07904620221557118
7714,0.9993231908712138
7715,0.00824966939846149
7716,0.9012543450590383
7717,0.6392451845770151
7718,0.9990866798642433
7719,0.7586607565257412
7720,0.9999408153734185
7721,0.063568629227115
7722,0.1736825986051733
7723,0.34341974571415973
7724,0.14256043839250962
7725,0.026246523311728904
7726,0.9998468007737211
7727,0.059765005143526034
7728,0.006509631081784272
7729,0.422078599447211
7730,0.0012995996874465726
7731,0.9998664268623432
7732,0.32194068951116905
7733,0.055840603941541465
7734,0.00019420165991212984
7735,0.9549106651874802
7736,0.21393549851784735
7737,0.00015844336316299723
7738,0.9979598860111967
7739,0.2179840042332275
7740,0.6894852613795427
7741,0.6301106166408883
7742,0.0010685724446062577
7743,0.6016573016817064
7744,0.7200324242265903
7745,0.04223465528246543
7746,0.3106097376663505
7747,0.3840426438572756
7748,0.9996374206055896
7749,0.9995846037655974
7750,0.9999169000821652
7751,0.9991290453878034
7752,0.07422156944385315
7753,0.7863083478931149
7754,0.803250551528173
7755,0.019065841775956487
7756,0.0007986055272620586
7757,0.9762979345248483
7758,0.2849842028867614
7759,0.15882423628809453
7760,0.054250079108247536
7761,0.017555014390067843
7762,0.9991974627303686
7763,0.2902612740180933
7764,0.6662866589744735
7765,0.012888749653157908
7766,0.04924956505510688
7767,0.014046209050037154
7768,0.0049520472377522105
7769,0.024479370982105633
7770,0.008835607811451011
7771,0.6059092943699249
7772,0.3427231162609218
7773,0.9995120819279244
7774,0.7469898029943104
7775,0.1321934396577916
7776,0.001323945241572526
7777,0.9994966650946421
7778,0.4120619996880479
7779,0.18393713856794963
7780,0.15031017651283635
7781,0.004086104770454871
7782,0.0011941264647015377
7783,0.9461362805463307
7784,0.9993640721545841
7785,0.9837529302645647
7786,0.14711338430419119
7787,0.8432214374945657
7788,0.9996583905499574
7789,0.1687765645854317
7790,0.580024784559443
7791,0.0009196582050616163
7792,0.5997218971627438
7793,0.24902403523747194
7794,0.7514788600916308
7795,0.015286769256274122
7796,0.6471531400309553
7797,0.004631513169874941
7798,0.014690434803180316
7799,0.007864348701278293
7800,0.004403148427068607
7801,0.0007442544609438311
7802,0.13006079230866766
7803,0.818657655885357
7804,0.0014963443591768312
7805,0.25846053662201923
7806,0.06616889454760083
7807,0.281372721132112
7808,0.25846053662201923
7809,0.8962936911328193
7810,0.515627103000882
7811,0.04974390628180717
7812,0.5053717230834449
7813,0.14436787356436706
7814,0.44733780599228995
7815,0.0779806393611752
7816,0.42481748499051164
7817,0.00026278291602110254
7818,0.7959162618248546
7819,0.790802715095165
7820,0.0004516224665037187
7821,0.3093856821662773
7822,0.1873803425774523
7823,0.010432961682301286
7824,0.09964977787483544
7825,0.9994294878192037
7826,0.9633687006727129
7827,0.004174754108968625
7828,0.0006555926576917243
7829,2.9706181749449197e-05
7830,0.014483490138780595
7831,0.9788108882607602
7832,0.7796137393069126
7833,0.1171011378803037
7834,0.010775162256595777
7835,0.22837949318879772
7836,0.7477886246857235
7837,0.01325236658743632
7838,0.034772155264279354
7839,0.05656736412086321
7840,0.19556100062431783
7841,0.2742321679015817
7842,0.004480232465855797
7843,0.022945285278674826
7844,0.2992369018334131
7845,0.0003164617722384808
7846,0.0017746040397079446
7847,0.544588439584403
7848,0.8217012371104756
7849,0.012569773110307256
7850,0.2345223029464101
7851,0.9995665207829566
7852,0.004157999421861177
7853,0.9994476703877357
7854,0.025000151305397175
7855,0.9978112988393141
7856,0.011725005532736974
7857,0.2301344621902247
7858,0.9380434057649815
7859,0.14258504295330107
7860,0.26474579428633954
7861,0.6834216439293237
7862,0.00785821866255397
7863,0.20519698322131394
7864,0.0016124933197691955
7865,0.8768960051008208
7866,0.9998403042141668
7867,0.02145646016139891
7868,0.018739269657390138
7869,0.24429942688190406
7870,0.029332273889046776
7871,0.01256194751567685
7872,0.9978258839597193
7873,0.09169340152895405
7874,0.4133156404724548
7875,0.03565993068531333
7876,0.007557104629191012
7877,0.1372878359655038
7878,0.09763215558889622
7879,0.014130022686348465
7880,0.001438000538827611
7881,0.2296634012955989
7882,0.014934759509487033
7883,0.10202223163239302
7884,0.08170216974943752
7885,0.030132614728789524
7886,0.9995125834674095
7887,0.002495558646065213
7888,0.9996505738204087
7889,0.3531522560750563
7890,0.4827205326388492
7891,0.9999661062650328
7892,0.03692039172151812
7893,0.01644841464172466
7894,0.03169512329280307
7895,0.005633520900764987
7896,0.7491077752181544
7897,0.02570581193915957
7898,0.29393804847217736
7899,0.9997718608303992
7900,0.01666959388241674
7901,0.9996427814006416
7902,0.4082048134895731
7903,0.7019526499917684
7904,0.0026318828782272855
7905,0.0056577116633407054
7906,0.999041834812727
7907,0.01591632358172825
7908,0.9993697196827608
7909,0.37780946418111755
7910,0.9991859740947898
7911,0.7063889048652919
7912,0.9392121474361185
7913,0.0006037064303320759
7914,0.001974539508687233
7915,0.0006703858174387816
7916,0.18736554251915316
7917,0.38907780171314316
7918,0.999501290860801
7919,0.0054932806869570335
7920,0.5909038746630133
7921,0.009131054673901679
7922,0.9994430364148694
7923,0.00957361026472165
7924,0.004552660184183299
7925,0.06267733235067562
7926,0.11967778925781618
7927,0.9996970743405839
7928,0.15946002563150175
7929,0.0012516795088937675
7930,0.5485377276231892
7931,0.25259411766142265
7932,0.8342970205393845
7933,0.00397749977762484
7934,0.35461229070177136
7935,0.9996612245125357
7936,0.6538940121179477
7937,0.01679194204892494
7938,0.9037615725266198
7939,0.059905577108593656
7940,0.05254094272532888
7941,0.0034787946441593477
7942,0.0032786836924210156
7943,0.44793848152940174
7944,0.5989505656933058
7945,0.02553710428878556
7946,0.9991762504247657
7947,0.7310270758705687
7948,0.6114993848912791
7949,0.005959857306662093
7950,0.28264091575044
7951,0.16474610562963465
7952,0.4960741829190354
7953,0.48407153699352207
7954,0.0079415438849878
7955,0.005757729487860617
7956,0.10317988796138992
7957,0.5080751377362878
7958,0.11189821412929761
7959,0.4313052444446078
7960,0.011363780070733118
7961,0.0029369757284973203
7962,0.9356997919001057
7963,0.9996052896457306
7964,0.5845131399956721
7965,0.008288009051952998
7966,0.9479723218554751
7967,0.9992531171740952
7968,0.037488630915585755
7969,0.0017610192058412173
7970,0.16712795066671723
7971,0.2816631217354123
7972,0.7624683284203841
7973,0.2670002369624479
7974,0.0009025316132775732
7975,0.7021869071928362
7976,0.19347733374997514
7977,0.015175057068873858
7978,0.9993946551473271
7979,0.224021115407284
7980,0.006141755633023067
7981,0.13032484270274464
7982,0.0004555159789454713
7983,0.008593722954767843
7984,0.9182565428030783
7985,0.7560638610923281
7986,0.6494231108116028
7987,0.08312721478814802
7988,0.0028413701046651396
7989,0.004009840773233087
7990,0.00067689863687639
7991,0.3523755715743757
7992,0.36585264255208944
7993,0.01789766428893448
7994,0.7373393230782515
7995,0.007759146671459252
7996,0.5575975175948018
7997,0.9999015519560314
7998,0.11855075189004817
7999,0.0025334962168772363
8000,0.0020800664381033594
8001,0.2443875921345538
8002,0.042389146985247796
8003,0.0005028830361607774
8004,0.29505728761260575
8005,0.07335567005529915
8006,0.31286592664497026
8007,0.004349155243059748
8008,0.0665942989373734
8009,0.00038233076736157186
8010,0.9996066326360069
8011,0.9996384574270007
8012,0.05509476465339246
8013,0.6445416504831927
8014,0.0005529279348692744
8015,0.00044726189315827787
8016,0.9991949002893781
8017,0.00027064210959036134
8018,0.21599472910470718
8019,0.001054446680433987
8020,0.021756700055796874
8021,0.032730798462741025
8022,0.0016540358385747176
8023,0.5508658577741746
8024,0.1250299532048182
8025,0.9996639375943915
8026,0.09050150887113223
8027,0.9995522735235086
8028,0.0003447816479781086
8029,0.0071603198252695776
8030,0.10609431611357725
8031,0.036905690614805524
8032,0.9993755087520922
8033,0.0013730725885445876
8034,0.04168759860729088
8035,0.38284853367369653
8036,0.006100595597882696
8037,0.3606083661388969
8038,0.20523512086725074
8039,0.033685549852954105
8040,0.00043823187518318685
8041,0.1908029270405253
8042,0.5820166485852444
8043,0.00020223538866207073
8044,0.001684888661229029
8045,0.00261030245586931
8046,0.9994542939190878
8047,0.1993858884386102
8048,0.003773181352630118
8049,0.13494784957266695
8050,0.0009826731709052785
8051,0.03801299189346998
8052,0.6892242440819891
8053,6.565092279027003e-05
8054,0.022955639836263177
8055,0.12737435736793215
8056,0.2526819339059577
8057,0.9997302390757247
8058,0.9989784103305633
8059,0.0006882344755388045
8060,0.8290306664274373
8061,0.8837352539069616
8062,0.3348876334530993
8063,0.9957638211979667
8064,0.0787570051751802
8065,0.8367062009517827
8066,0.16450564401675233
8067,0.9994015883706447
8068,0.038718836654000895
8069,0.01120849592942903
8070,0.19031591922333363
8071,0.006364579502526379
8072,0.0010008061069842296
8073,0.12502371066681425
8074,0.15254379356313738
8075,0.011768155104407228
8076,0.04867763943364644
8077,0.7267496838335895
8078,0.08667171416000581
8079,0.9989694629545196
8080,0.7875752856470419
8081,0.015584031075574746
8082,0.6722462943263309
8083,0.03346582115475202
8084,0.9996484142293458
8085,0.03516487060247717
8086,0.24986387273050806
8087,0.26777225204770044
8088,0.02813741248804474
8089,0.9995952278969131
8090,0.1847749475374714
8091,0.864540574995192
8092,0.012856602740420659
8093,0.31928549036364445
8094,0.0061158655875710975
8095,0.04754829924921977
8096,0.4264270413522244
8097,0.9392128749145887
8098,0.940057703753
8099,0.8067241093751679
8100,0.005664262743876737
8101,0.3628407750522418
8102,0.0002265611148048773
8103,0.9990558428759767
8104,0.00348795877978336
8105,0.9997973281153908
8106,0.21993834237505738
8107,0.005870795784878604
8108,0.46386194752594256
8109,0.9993845371374421
8110,0.009583619511978208
8111,0.8408080453980015
8112,0.9997311325715398
8113,0.5199538614589957
8114,0.279218006214742
8115,0.9994865791348221
8116,0.06848258870675546
8117,0.009968000423319126
8118,0.40943288462429556
8119,0.7753231509369736
8120,0.8518142248098619
8121,0.4264270413522244
8122,0.999796313899291
8123,0.9241622529384248
8124,0.05773250922302589
8125,0.05526994421473846
8126,0.8595468801093564
8127,0.008166735880325036
8128,0.018571769456097276
8129,0.050790305768726174
8130,0.5578497923585896
8131,0.012429070219137533
8132,0.19215963410003262
8133,0.12568917469095098
8134,0.8563809907270563
8135,0.025054653031500694
8136,0.15278208993573617
8137,9.068985603169776e-05
8138,0.5891324490202202
8139,0.7753484589377783
8140,0.9996958382481909
8141,0.8407817946337154
8142,0.0033457418976721586
8143,0.6334620474176419
8144,0.003313050659822772
8145,0.024905419179196864
8146,0.025660536422798776
8147,0.019101789381195892
8148,0.6222436007009196
8149,0.6724643404806727
8150,0.1607882739300554
8151,0.0003521742863018302
8152,0.00023788681088081885
8153,0.9977901587636486
8154,0.2577004112866617
8155,0.05221166472223956
8156,0.007614044181920256
8157,0.0301490786664786
8158,0.9994189534819642
8159,0.9224903233917211
8160,0.3992541658464384
8161,0.9993845371374421
8162,0.016075872264234906
8163,0.005416957487491078
8164,0.19154584249048287
8165,0.8144945157137039
8166,0.006237930165467476
8167,0.27472015659927723
8168,0.011833071432527638
8169,0.0004874653073246775
8170,0.9998590404161949
8171,0.6489782470533051
8172,0.13436892127032463
8173,0.9999687009779872
8174,0.008633052211846235
8175,0.018464525351349292
8176,0.2907651482329706
8177,0.007704628208070031
8178,0.6488908509778192
8179,0.00972107280456759
8180,0.42405407074579543
8181,0.04666478975904873
8182,0.03913569605175142
8183,0.9915677846137599
8184,0.1508142068728474
8185,0.00993286076256344
8186,0.004945024593949426
8187,0.08195434112418302
8188,0.22174744817275807
8189,0.6033207807609985
8190,0.00982085375713747
8191,0.42915631587124675
8192,0.005283715387419684
8193,6.312471953414701e-05
8194,0.0018069330679356406
8195,0.9994476703877357
8196,0.8727527917317809
8197,0.050047562491917046
8198,0.003711597495077364
8199,0.10203310592274005
8200,0.005864080608694771
8201,0.31891845035467487
8202,0.018993677696450436
8203,0.30894236422851207
8204,0.007224424205735468
8205,0.0038979216851164266
8206,0.879155965530319
8207,0.12876515996479523
8208,0.7257852687948738
8209,0.9965307799022797
8210,0.020321863995602416
8211,0.09269987424208224
8212,0.999820429920271
8213,0.6476416874136495
8214,0.9981759575767345
8215,0.00022471770652307836
8216,0.6933587581636995
8217,0.8852878225735048
8218,0.86360238168413
8219,0.0001411913821493744
8220,0.11982082242344828
8221,0.6672361749807456
8222,0.07581923915469985
8223,0.9594422398063149
8224,0.00716688668059912
8225,0.024506876286557115
8226,0.8030719962794657
8227,0.2764640047432448
8228,0.6913300977348812
8229,0.6780437184274938
8230,0.15869768912525123
8231,0.051528440304000174
8232,0.9997991619205762
8233,5.5014325818284935e-05
8234,0.025451642444062596
8235,0.012711487561693779
8236,0.999377342816918
8237,0.6204886187123448
8238,0.05059963753729248
8239,0.004113264275859825
8240,0.00019798635283624623
8241,0.4074247144233046
8242,0.016471632734746618
8243,0.015306783720561856
8244,0.0004895917519360829
8245,0.9989835121744597
8246,0.0021248982874518705
8247,0.007906502225746835
8248,0.002668926751830082
8249,0.011355979590678312
8250,0.9991694385894853
8251,0.7206705314148891
8252,0.002803717150293247
8253,0.19278529089430071
8254,0.9993816785534524
8255,0.0015602394159661013
8256,0.9985273067204016
8257,0.9994430364148694
8258,0.00026141847316822235
8259,0.7204029014453761
8260,0.21051325912032637
8261,0.0005225878832529366
8262,0.2912203895528913
8263,0.00473759649676723
8264,0.5127770706327353
8265,0.8072993079923174
8266,0.11842035033105748
8267,0.6185745631191705
8268,0.544588439584403
8269,0.0001274091063380886
8270,0.09657141808272152
8271,0.2853287240743299
8272,0.0021989825997176674
8273,0.2669732074131193
8274,0.9993231908712138
8275,0.12908228409777114
8276,0.00817651380037352
8277,0.1343164497797449
8278,0.7702905531637387
8279,0.23923215178231738
8280,0.7373393230782515
8281,0.9995534923737974
8282,0.9993548948506998
8283,0.0495518921746987
8284,0.08671271096939111
8285,0.7069323025121227
8286,0.9994644848094774
8287,0.17148564047271295
8288,0.9998950502642967
8289,0.6076832487183976
8290,0.9994663739126342
8291,0.6925347181443626
8292,0.2530393833006005
8293,0.001820270404914319
8294,0.00029159929641932547
8295,0.5652049885659973
8296,0.005241568613660952
8297,0.9996427814006416
8298,0.8529738746594896
8299,0.44778806781484143
8300,0.0005034758637312029
8301,0.708421756998622
8302,0.00026985436390064566
8303,0.863213993887585
8304,0.030128015881677513
8305,0.03586529052399642
8306,0.9971997473857002
8307,0.0002481686461758108
8308,0.9994849175106321
8309,0.2474748455805906
8310,0.1893420995840434
8311,0.021367053765434362
8312,0.0019813274784197046
8313,0.001582764010012251
8314,0.0012536813217324686
8315,0.025780760318123805
8316,0.998609139974408
8317,0.8334394347123281
8318,0.8016464370494384
8319,0.1693960087807602
8320,0.06479990590860625
8321,0.06822260037454854
8322,0.9996037439682082
8323,0.012669298811453138
8324,0.12480864246794268
8325,0.9994325987438174
8326,0.007753411675902608
8327,0.6887019249722244
8328,0.006572090591234919
8329,0.5410865973352739
8330,0.1534776132974731
8331,0.048964272262925046
8332,0.8181332147090826
8333,0.0003636285329814711
8334,0.8776887957188557
8335,0.30631591015246207
8336,0.08714089763923395
8337,0.1808633107858205
8338,0.0035927098058614643
8339,0.9998758228363259
8340,0.3349894047994205
8341,0.007923393076427695
8342,0.0011638200274627223
8343,0.08093920005235197
8344,0.7002977144855896
8345,0.9998307631118593
8346,0.31706216279314886
8347,0.010797527792375857
8348,0.5834995813802034
8349,0.9998565951601337
8350,0.35468696835903374
8351,0.7002977144855896
8352,0.00011668742119795245
8353,0.003457525536055111
8354,0.423958922564359
8355,0.9993618282613574
8356,0.0005011196658174569
8357,0.017606078553605103
8358,0.00035565449371177145
8359,0.1873803425774523
8360,0.014831816566502743
8361,0.25222250233615995
8362,0.013719993453596983
8363,0.7707661985292739
8364,0.9988226469720417
8365,0.17592944872031424
8366,0.7414757264538179
8367,0.9997973281153908
8368,0.3922734909699687
8369,0.0006937534641969528
8370,0.9994206542487735
8371,0.00039549412534079317
8372,0.01120839483444033
8373,0.16896573043452628
8374,0.03456516042863031
8375,0.9993922570533871
8376,0.999796313899291
8377,0.9983692607629507
8378,0.18293981384901936
8379,0.9990317988581846
8380,0.9909212495733284
8381,0.3355399222254961
8382,0.8957028363184071
8383,0.010941499109749665
8384,0.01807988362454813
8385,0.9999624688662524
8386,0.0013464517464244045
8387,0.8277582106607144
8388,0.000318394116279307
8389,0.9995473861879124
8390,0.633187480689589
8391,0.09023253332445737
8392,0.5899278338267437
8393,0.2913759130620562
8394,0.0002876827580604849
8395,0.011761842947730696
8396,0.03160523643172401
8397,0.7602929547064139
8398,0.031202601367865502
8399,0.8237181614155906
8400,0.25798705838572855
8401,0.22532098239072626
8402,0.00033303398371111457
8403,0.23971967692486215
8404,0.9916148297116765
8405,0.6083760336650103
8406,0.3017800996547459
8407,0.0002731177656814921
8408,0.9989867434241528
8409,0.0019018367569355393
8410,0.8284955126659324
8411,0.9994189534819642
8412,0.03201687456889825
8413,0.5351860269289357
8414,0.18068726987670225
8415,0.9996664191342711
8416,0.002761670011688556
8417,0.46202140254792684
8418,0.13643727506175773
8419,0.6775013539300357
8420,0.03556195942053325
8421,0.10319515414504467
8422,0.012770725770000225
8423,0.002674450233247144
8424,0.18994512417255066
8425,0.4583846263440808
8426,0.544588439584403
8427,0.008103876677138775
8428,0.002264129992043486
8429,0.31656055112669623
8430,0.01484388818407552
8431,0.18902661960949096
8432,0.7742791897030964
8433,0.9995324294668777
8434,0.3073367628071173
8435,0.9997718608303992
8436,0.006311540438000291
8437,0.733372935598444
8438,0.06799300647361496
8439,0.9996232769201447
8440,0.9998664268623432
8441,0.3504467169810209
8442,0.0017002283145656292
8443,0.0587880904436123
8444,0.012115523027272897
8445,4.5610814254530946e-05
8446,0.00043258424098676637
8447,0.4721501828511222
8448,0.026278529918531638
8449,0.021662945886566455
8450,0.7418717314895663
8451,0.0004760915948328927
8452,0.11242659142358158
8453,0.9980373462875337
8454,0.31832749479619926
8455,0.015660617068471435
8456,0.9978235719356877
8457,0.9994684641663681
8458,0.00021640307901923944
8459,0.7305017055068178
8460,0.9995798581150174
8461,0.003241266612708452
8462,0.4412128312092541
8463,0.4690671377764332
8464,0.04218298898023643
8465,0.014884517895086682
8466,0.01177715050277051
8467,0.18585097647009058
8468,0.8750503218966363
8469,0.1621862731959076
8470,0.037068530060345724
8471,0.21025730647860177
8472,0.03278101081643653
8473,0.2542772976033443
8474,0.0003283448053869462
8475,0.9996556357684614
8476,0.6255336216671288
8477,0.10485291518227556
8478,0.010762176771133879
8479,0.9996042116827388
8480,0.06675163052181705
8481,0.006804263187365505
8482,0.7666940976483289
8483,0.15230223755202357
8484,0.04657614533506636
8485,0.012822665444462804
8486,0.2430101011293784
8487,0.03418351021975292
8488,0.05782047401184887
8489,0.16078388436904686
8490,0.2440311607452
8491,0.005244636579962283
8492,0.004058314254857099
8493,0.8880643286154648
8494,0.9994101206118264
8495,0.9998459503235576
8496,0.1223173755398105
8497,0.785693644770959
8498,0.8059006529791177
8499,0.9996475947094319
8500,0.01175213114414875
8501,0.9990866798642433
8502,0.004564350571289268
8503,0.03376708199559984
8504,0.9993654535053043
8505,0.8245601655018002
8506,0.010950041407835575
8507,0.00011650185793248236
8508,0.0034398032278243782
8509,0.0014064960134902093
8510,0.9993692796144571
8511,0.00838827228604746
8512,0.054167768870673844
8513,0.11126733890779987
8514,0.023241843156457602
8515,0.012754017493724254
8516,0.9986159074408674
8517,0.09029633426885919
8518,0.9043574641315079
8519,0.001932011655404159
8520,0.012211355122449466
8521,0.9074388325731586
8522,0.01464726799967034
8523,0.7846987407644475
8524,0.9998403042141668
8525,0.04235625539998162
8526,0.7273418796260563
8527,0.002297447701612175
8528,0.13818673116440175
8529,0.09344616128090713
8530,0.00012484758104081196
8531,0.008744344134449515
8532,0.03032838587533355
8533,0.15050018114426167
8534,0.11249724699159665
8535,0.8772581544907719
8536,0.08440470312689913
8537,0.37634720558980533
8538,0.024846170122782483
8539,0.005072190560850102
8540,0.10389915633652863
8541,0.6580891113727452
8542,0.002142012899998213
8543,0.9995450380320894
8544,0.8426348270856653
8545,0.33718815636142957
8546,0.009976102398908742
8547,0.9997282482681975
8548,0.14201198812744667
8549,0.3177813617820444
8550,0.04646663119823767
8551,0.0368866945566727
8552,0.8154594285834343
8553,0.07648938562443687
8554,0.9994865791348221
8555,0.3481233064852512
8556,0.6661732058524452
8557,0.6623172111883625
8558,0.08879415590667054
8559,0.13227367998616318
8560,0.7645591318964354
8561,0.9994617245823832
8562,0.9998971364992412
8563,0.4279098270778609
8564,0.02083627880474132
8565,0.0022388876305273054
8566,0.6682137957372716
8567,0.7638391966764774
8568,0.9997372040350673
8569,0.09379531348424136
8570,0.1069716519773145
8571,0.5794429867573411
8572,0.570974600775195
8573,0.272024019768582
8574,0.03436222860345876
8575,0.37692547742421767
8576,0.3549704831551888
8577,0.9994476703877357
8578,0.04510428086646427
8579,0.9965307799022797
8580,0.01372128120265488
8581,7.798629019352945e-05
8582,0.7632936737295083
8583,0.18648579315916541
8584,0.49989042442329357
8585,0.08529205847169438
8586,0.0013062874969716422
8587,0.42793837464820583
8588,0.018716387312074277
8589,0.9993755087520922
8590,0.9996235822875725
8591,0.9997266067552326
8592,0.02665867015448145
8593,0.19479569248306436
8594,0.0035563711327478795
8595,0.10322020340372363
8596,0.36647588987530455
8597,0.01568519351431255
8598,0.9995012340096324
8599,0.9052396501526948
8600,0.20049184106802057
8601,0.779542618344386
8602,0.9996519329611498
8603,0.9993640721545841
8604,0.00020353873075571946
8605,0.9986393662076352
8606,0.016972472034828823
8607,0.002235965773540754
8608,0.005401916378271777
8609,0.018705525474921693
8610,0.6365529215260289
8611,0.002536215145090614
8612,0.04409507969180438
8613,0.7229272743680324
8614,0.017941099312737883
8615,0.17535614910184
8616,0.9986120300746584
8617,0.15148595119496347
8618,0.8767255296950682
8619,0.7911875914621244
8620,0.001264529144675713
8621,0.6490010571358041
8622,0.7585234708299594
8623,0.8606522816364662
8624,0.9998722810458123
8625,0.004013858340956306
8626,0.00029444586563579493
8627,0.009961312325733909
8628,0.00019750166487090458
8629,0.9992265175417662
8630,0.48276478456707184
8631,0.6201002763309048
8632,0.006936690774117716
8633,0.9999687009779872
8634,0.8304100346422005
8635,0.08374585021675861
8636,0.0011112479396162347
8637,0.9998403042141668
8638,0.07692567465946293
8639,0.00021123747503277415
8640,0.8217399651475515
8641,0.23223175863173248
8642,0.00040877248319247633
8643,0.0030538098322694463
8644,0.9998992857113452
8645,0.21462137035220477
8646,0.4536688235083922
8647,0.06300684560226677
8648,0.9996639375943915
8649,0.012079333792443414
8650,0.1906503679549797
8651,0.005619610714311422
8652,0.2590839249141175
8653,0.6250135672855921
8654,0.5432313439636333
8655,0.020569985152322973
8656,0.02438633520379212
8657,0.00030074673147650096
8658,0.012464666218677223
8659,0.002936654785355224
8660,0.9995962333845071
8661,0.9626113822498503
8662,0.27740573136666763
8663,0.022512470674108033
8664,0.005891557131580765
8665,0.014813536263843047
8666,0.09957082453448089
8667,0.0001430037317400662
8668,0.033133970880208086
8669,0.004299899740571076
8670,0.25086381530829066
8671,0.9994705662006848
8672,0.0025726698418611525
8673,0.07049905755904992
8674,0.00014896770008303138
8675,0.022192874593602713
8676,0.3452807547680163
8677,0.019287553435733035
8678,0.010512161078091942
8679,0.004439135865605091
8680,0.3708407436850641
8681,0.9996427814006416
8682,0.7335779506233235
8683,0.6130302921443423
8684,0.09026648532591043
8685,0.9995467308688301
8686,0.11156141552333378
8687,0.11527599886639045
8688,0.8395548545435266
8689,0.3536468882384877
8690,0.014816314630260593
8691,0.0039144728045240025
8692,0.28248200551068237
8693,0.0022555476966145942
8694,0.014414551054572365
8695,0.1110058149829455
8696,0.10086012532176844
8697,0.014260560169301622
8698,0.5303451107018307
8699,0.21372920246823407
8700,0.02105292179979538
8701,0.9997973281153908
8702,0.4216906364571493
8703,0.011297678926556386
8704,0.7616119919202873
8705,0.013425949669364272
8706,0.1766805168911221
8707,0.011490506591412921
8708,0.0012434266696071336
8709,0.9992302355772215
8710,0.005341481406152187
8711,0.9994012047050778
8712,0.36674938011315183
8713,0.008646415217368067
8714,0.00034992306348670193
8715,0.00036392807606496093
8716,0.01138340201761081
8717,0.9984922816222469
8718,0.7881710539241529
8719,0.3900365251950835
8720,0.0003256962515282473
8721,0.6553280572810231
8722,0.9993998727576863
8723,0.008829203549477837
8724,0.9997200370754277
8725,0.45323962371732796
8726,0.09329647401364599
8727,0.03932590724340083
8728,0.0008830684430001093
8729,0.3758462394055956
8730,0.9990758091663896
8731,0.35284756365594816
8732,0.8490639392832761
8733,0.3125749672652299
8734,0.14123059192521573
8735,0.9993855810356401
8736,0.5059818084975264
8737,0.057766626781383765
8738,0.8329145916718599
8739,0.04077499940125242
8740,0.00033099658202393747
8741,0.004555261083889683
8742,0.05147412368409297
8743,0.3070377077287644
8744,0.9999408153734185
8745,0.9998403042141668
8746,0.2484917259103115
8747,0.9993813163267867
8748,0.27108882692746994
8749,0.115487083574688
8750,0.011970417662655983
8751,0.9998218482123312
8752,0.00026679151191119426
8753,0.005214441487030479
8754,0.9996683278083242
8755,0.11310491416930119
8756,0.863533413522667
8757,0.1437906910670846
8758,0.028594418672585945
8759,0.6425010536832473
8760,0.28786567100072036
8761,0.1505519751223432
8762,0.4430363107801672
8763,0.7583355816210186
8764,0.004543266064095022
8765,0.12299356134485616
8766,0.00964653639565945
8767,0.2233239140321363
8768,0.7709177709453428
8769,0.0005990515246754189
8770,0.00011058593788180247
8771,0.007776365673326701
8772,0.2455652834726627
8773,0.06336726859757104
8774,0.5796979599617966
8775,0.013134639689890024
8776,0.015925515418927873
8777,0.3965004473640721
8778,0.5374612613633176
8779,0.9996505738204087
8780,0.011607238348825818
8781,0.9147289845714808
8782,0.5670811846826587
8783,0.9995384575193411
8784,0.9998723382447499
8785,0.01193817637855921
8786,0.3297049194189913
8787,0.7021248797440424
8788,0.7467128402986242
8789,0.647165115296234
8790,0.47628359297690775
8791,0.8568611849295358
8792,0.013500431598425969
8793,0.0004942020906429752
8794,0.05202700801725149
8795,0.013169300595682136
8796,0.8260021803990499
8797,0.007820841037610797
8798,0.032566525485848784
8799,0.23817716706055567
8800,0.9991539098851329
8801,0.16433469251795563
8802,0.44842878225914606
8803,0.13012305896256415
8804,0.3089265607690837
8805,0.8069848218689841
8806,0.42251353424223526
8807,0.01962164273990015
8808,0.8202070831989912
8809,0.1364501460124554
8810,0.8904365465771849
8811,0.7314017513718477
8812,0.012554384466771195
8813,0.6975774539492557
8814,0.03284109255319962
8815,0.07825065644490765
8816,0.9767702859096611
8817,0.18053117505669297
8818,0.0031568152821576474
8819,0.16124574769881606
8820,0.009537275299524339
8821,0.29672661871237876
8822,0.0012393930692799645
8823,0.4190848777517104
8824,0.4202776767973916
8825,0.0033213191335789366
8826,0.9993692796144571
8827,0.9996659992957596
8828,0.015822962551066945
8829,0.1867388595900729
8830,0.043127973954583385
8831,0.01592745096079175
8832,0.15966667723138625
8833,0.06616415277181831
8834,0.9994789353534381
8835,0.6977148076070053
8836,0.019869175377840206
8837,0.028158753635525793
8838,0.03533803934914726
8839,0.004579633086059731
8840,0.9993755087520922
8841,0.8686307418606815
8842,0.9990227853323861
8843,0.25329596774156204
8844,0.006326667666802916
8845,0.9997718608303992
8846,0.5590098759294224
8847,0.007575330568882758
8848,0.6616684237679563
8849,0.23607346709478452
8850,0.024343676437041058
8851,0.12776302436952097
8852,0.35696153898902105
8853,0.00021846707723822848
8854,0.7996439825681583
8855,0.2799918919902801
8856,0.010843650722558777
8857,0.008146215821889303
8858,0.8350424640060135
8859,0.00011321209834860473
8860,0.4208906810623362
8861,0.08371403473755216
8862,0.9955998392178279
8863,0.3053237102952321
8864,0.0023799002619033648
8865,0.13037353730040646
8866,0.9995798581150174
8867,0.028627030038373205
8868,0.40681310468553417
8869,0.6811716708678829
8870,0.19331238583007368
8871,0.7602947998931902
8872,0.9993227032603824
8873,0.33501304517754404
8874,0.2143106866623706
8875,0.9974505746296463
8876,0.5853063755651419
8877,0.6707781039101846
8878,0.2789514163798177
8879,0.9996676574501143
8880,0.8205229365323431
8881,0.7165533571894374
8882,0.33967055012940384
8883,0.00507849183631972
8884,0.9128842844434822
8885,0.8008770022479121
8886,0.8464096379222004
8887,0.9972603313854004
8888,0.006804897611219481
8889,0.19737149287451466
8890,0.5217320418956033
8891,0.812092724594123
8892,0.14777310451148215
8893,0.9994644848094774
8894,0.13939568489756404
8895,0.0022712940006857888
8896,0.9995169493902697
8897,0.01426081584868135
8898,0.15031017651283635
8899,0.9998775516105993
8900,0.012437961313127879
8901,0.018771926972088196
8902,0.999239352513894
8903,0.21818952376011924
8904,0.03813849556172466
8905,0.257821486235673
8906,0.00029096782339028325
8907,0.10441299360704037
8908,0.5482377356060503
8909,0.07515919214527228
8910,0.0022472190339334354
8911,0.0009264212040323152
8912,0.9997552344593251
8913,0.06114689524779119
8914,0.9994325987438174
8915,0.000189957451893693
8916,0.8424047504030604
8917,0.022621848079952444
8918,0.7523752189697611
8919,0.6120732128221887
8920,0.8022705234506036
8921,0.031641697640153774
8922,0.11673727360198745
8923,0.0019405563984157242
8924,0.46222552765776764
8925,0.44291440216209643
8926,0.0028413701046651396
8927,0.00039421520263942066
8928,0.9994440737460357
8929,0.41070093105929234
8930,0.000257224913734247
8931,0.04104088178435344
8932,0.9999692509615249
8933,0.006957307470188625
8934,0.003444239177564014
8935,0.00814079080394938
8936,0.08475743848109253
8937,6.746541169032726e-05
8938,0.5502446679181408
8939,0.9992302355772215
8940,0.9989784103305633
8941,0.008022350868058456
8942,0.08243397461776476
8943,0.41302791173809233
8944,0.6159329963162665
8945,0.9986642764982245
8946,0.4053883683645499
8947,0.0011617018177631794
8948,0.8155117584198964
8949,0.01126100396852951
8950,0.05544755653047379
8951,0.8289445648558141
8952,0.9995324294668777
8953,0.9429087088141059
8954,0.9989623536061095
8955,0.1258825631987844
8956,0.9987455820478505
8957,0.7116913815533022
8958,0.999619137301776
8959,0.04630402664864135
8960,0.6766940766766201
8961,0.013899765365294605
8962,0.006070516241020941
8963,0.0041153386941143
8964,0.001825656567034147
8965,0.14745038704821123
8966,0.2461889686198945
8967,0.9995909770986874
8968,0.4729576137363407
8969,0.023951806602535673
8970,0.9994791413590932
8971,0.9994865791348221
8972,0.999796313899291
8973,0.0003368061920049073
8974,0.06493900088443327
8975,0.09035551245106109
8976,0.006018038086927282
8977,0.0005380369533449533
8978,0.4330726675163031
8979,0.8473269051288005
8980,0.015789874890905848
8981,0.4383975066337103
8982,0.9378308052554843
8983,0.544588439584403
8984,0.5449134339529733
8985,0.1004215787772906
8986,0.9409863397355086
8987,0.2043678740142051
8988,0.6334758299036612
8989,0.040040879926857946
8990,0.9995551641601041
8991,0.36442987752162653
8992,0.000548792648685158
8993,0.679452391536409
8994,0.9997718608303992
8995,0.9999157565221076
8996,0.9990558428759767
8997,0.3331548614707183
8998,0.14065696099157307
8999,0.08938197468774953
9000,0.719998740963124
9001,0.42155635846201583
9002,0.0038436379828638697
9003,0.0023649189923126354
9004,0.28507946805340945
9005,0.27216494822283355
9006,0.33832610616998343
9007,0.8483726342242851
9008,0.9990741039577086
9009,0.5630114241627319
9010,0.004187182323438319
9011,0.7116913815533022
9012,0.00015733626745130405
9013,0.28230566044832134
9014,0.9992568739925147
9015,0.9997973281153908
9016,0.9991653614104213
9017,0.07783539357354852
9018,0.031990961797737104
9019,0.7201724333442213
9020,0.06094653937298537
9021,0.03155247427553044
9022,0.6383952664218462
9023,0.6270218541378675
9024,0.7377637250087751
9025,0.012369761419241121
9026,0.8763921924315419
9027,0.9992265175417662
9028,0.012871067835573137
9029,0.9358315720383156
9030,0.9989791469929162
9031,0.7194672410781945
9032,0.09431973241269606
9033,0.058518190702166906
9034,0.1804029045030508
9035,0.8464472068338988
9036,0.13646696272243197
9037,0.10138547216605023
9038,0.014502717050254136
9039,0.016540828555893596
9040,0.7257622373558715
9041,0.22962299763074454
9042,0.9241622529384248
9043,0.03297755246934988
9044,0.00440645524250292
9045,0.3189766364054014
9046,0.11414845784403442
9047,0.24559086739555155
9048,0.15848845022532915
9049,0.00027359297489237475
9050,0.9993925727943141
9051,0.9996427814006416
9052,0.03927645406162052
9053,0.7839880249816809
9054,0.9092118061130695
9055,0.5301812604448528
9056,0.0005389065581822053
9057,0.46684947623607415
9058,0.029005665068542567
9059,0.021094498461062455
9060,0.03123134079926963
9061,0.0016295582005472497
9062,0.8479965766371317
9063,0.0012865237174208355
9064,0.6641916282832079
9065,0.43949175339874785
9066,0.004988306685371571
9067,0.28361948571939755
9068,0.6760905147566868
9069,0.004895069082691381
9070,0.21585604748160725
9071,0.000492722175337913
9072,0.00025365154053495537
9073,0.004973754714608111
9074,0.6152089302984741
9075,0.504384181099726
9076,0.0002922163651190305
9077,0.853847433653765
9078,0.00617870395558935
9079,0.9994865791348221
9080,0.3051235289867712
9081,0.005175416163198722
9082,0.38591863511761365
9083,0.0005690429977765999
9084,0.005397794734296506
9085,0.11438434662904912
9086,0.9994254941114246
9087,0.998953203522838
9088,0.025184310607028026
9089,0.012580300934337563
9090,0.7248678389003996
9091,0.10034274537225978
9092,0.5832648726404054
9093,0.09250282195526581
9094,0.933866273006816
9095,0.021115187015111662
9096,0.8862887227000462
9097,0.2725260744073933
9098,0.5576563152086057
9099,0.5815775428425484
9100,0.07957221420637355
9101,0.9990367231799616
9102,0.03174722447415909
9103,0.2098428322204011
9104,0.5830429680111352
9105,0.00034642904003069034
9106,0.9998585312244436
9107,0.04362684501514265
9108,0.0007932397628493427
9109,0.00216061943723707
9110,0.999773260223686
9111,0.8908234823897406
9112,0.4451977166685037
9113,0.0035228795331801277
9114,0.9995775956379315
9115,0.9996374206055896
9116,0.07138791512232748
9117,0.9985307457099508
9118,0.0368866945566727
9119,6.830874298613016e-05
9120,0.9997311325715398
9121,0.11468579059008314
9122,0.26029299240123543
9123,0.1597116642351607
9124,0.19305168104177178
9125,0.02373049337054705
9126,0.024442383371506535
9127,0.9990367231799616
9128,0.07926726541175831
9129,0.21326580386685684
9130,0.0001568166713890553
9131,0.40243038329603986
9132,0.9996268360547514
9133,0.0006191676948307388
9134,0.7907375194960029
9135,0.9990891741220201
9136,0.2548405491297725
9137,0.2783808115627176
9138,0.8842106307858637
9139,0.004452485786607334
9140,0.9947018411877946
9141,0.5131860813472686
9142,0.9996612001129483
9143,0.03727610987857896
9144,0.12427139474000394
9145,0.9408488261465543
9146,0.034098961444508566
9147,0.6249158857400892
9148,0.00022548241595168186
9149,0.0007247042670473258
9150,0.23329718961443827
9151,0.49162773001976573
9152,0.00018567363511094083
9153,0.10438905650236505
9154,0.00019986999616328105
9155,0.9994604115714957
9156,0.0050236695648790755
9157,0.9570283640727117
9158,0.7644925382122001
9159,0.4916952613247632
9160,0.012992728205517763
9161,0.00254144119262691
9162,0.6540325149625298
9163,0.6048985759942913
9164,0.0016189517991177381
9165,0.015117850108691332
9166,0.7409391475356583
9167,0.9996374206055896
9168,0.7204858687897043
9169,0.1772365250186547
9170,0.06597010607926054
9171,0.0018425782294791008
9172,0.014947324696177098
9173,0.11098802750920508
9174,0.027392599220144198
9175,0.06407267231308587
9176,0.003938763476485057
9177,0.18649744031365942
9178,0.001932011655404159
9179,0.6273588521424514
9180,0.00997299970433773
9181,0.999577562713824
9182,0.1056871820183012
9183,0.08863270772622389
9184,0.000991948443375819
9185,0.9990558428759767
9186,0.14307307634429137
9187,0.05547537732094263
9188,0.2832944135997587
9189,0.004403148427068607
9190,0.16781445720986826
9191,0.22978922835539448
9192,0.14023526679532977
9193,0.2734387564662559
9194,0.8596772537972965
9195,0.004370672592940911
9196,0.729183896407998
9197,0.12407064404785165
9198,0.010194465671873102
9199,0.0001563455887810349
9200,0.017913014076035825
9201,0.25685293277986265
9202,0.04691164335933184
9203,0.3077688084431332
9204,0.09753801321178136
9205,0.9998909168911959
9206,0.01312724468444897
9207,0.042843864744126686
9208,0.29194387266797917
9209,0.3951561756639001
9210,0.0966031665387089
9211,0.045169650863323675
9212,0.7417918824910825
9213,0.0009807858678291175
9214,0.7572436928333686
9215,0.8370188331304174
9216,0.00018375552123086274
9217,0.1380248312268259
9218,0.8265605574578075
9219,0.16475254325663288
9220,0.1489264841451801
9221,0.00163884889054633
9222,0.6676417321693932
9223,0.9998100500626295
9224,0.4256676831474491
9225,0.006069307663051336
9226,0.09952129404537682
9227,0.19407725742071724
9228,0.008702818581829216
9229,0.00024320031683028028
9230,0.0002830416366040153
9231,0.005908312276152848
9232,0.2102049919398369
9233,0.003840193950224284
9234,0.40352497941100873
9235,0.6489235036772274
9236,0.0011641183820326514
9237,0.14211059846322097
9238,0.9997457973536976
9239,0.9995765727716645
9240,0.7223322243568163
9241,0.7300562081489016
9242,0.9994789353534381
9243,0.0017312925319999653
9244,0.2465616213654424
9245,0.23911078107842973
9246,0.015016627048730085
9247,0.008073765796295325
9248,0.949347573162478
9249,0.09011889875140247
9250,0.7444116669210958
9251,0.07864151248321177
9252,0.9998664268623432
9253,0.999710637012887
9254,0.031077720026848967
9255,0.08284608545951042
9256,0.182055993526356
9257,0.20062970540551273
9258,0.09236385973434043
9259,0.6826822459048157
9260,0.39286588710070314
9261,0.9987455820478505
9262,0.24722071785099173
9263,0.33674083680087086
9264,0.6014031831720021
9265,0.0004085465464296593
9266,0.007953762428886329
9267,0.06129322477403315
9268,0.0030872947421851076
9269,0.2703218652148369
9270,0.0010803416759930734
9271,0.9993548948506998
9272,0.9991055152123424
9273,0.08136614413524103
9274,0.0010008061069842296
9275,0.9984512080596378
9276,6.594996744136958e-05
9277,0.034186563924075694
9278,0.37105755018181763
9279,0.9994854666531104
9280,0.70634327188378
9281,0.8092874994028844
9282,0.9995012340096324
9283,0.9996732551030839
9284,0.0279097155227234
9285,0.00021312653503219317
9286,0.0008858825590153044
9287,0.11807873905927926
9288,0.4094439140483377
9289,0.0015071006165506202
9290,0.8838515311478894
9291,0.7816954856065748
9292,0.003233101903650353
9293,0.16011261216713998
9294,0.48302397375024
9295,0.0001752567702959485
9296,0.2799225830670533
9297,0.9640973828446688
9298,0.04556975153209361
9299,0.0002998557034439457
9300,0.03138678685374421
9301,0.07729219604789572
9302,0.014987769081685559
9303,0.8069021918630515
9304,0.8169916219461574
9305,0.01480111806371937
9306,0.031218331556184722
9307,0.26795725458178155
9308,0.3077539974958533
9309,0.42136815874574046
9310,0.8443440317206182
9311,0.0639928340148694
9312,0.005801805755024012
9313,0.06492385799194858
9314,0.01621968686495047
9315,0.019623930211701095
9316,0.9994604115714957
9317,0.10215528200001617
9318,0.013793002202505535
9319,0.0007813556229599289
9320,0.006605076698509998
9321,0.004792958657112303
9322,0.032999276679085685
9323,0.06500810179986645
9324,0.7564199332914506
9325,0.12317857768412502
9326,0.27787072399648544
9327,0.02907088070284574
9328,0.0002646584924515557
9329,0.40756196630770475
9330,0.6736084791512277
9331,0.00021428894256307943
9332,0.0005655213402377581
9333,0.9995884928327212
9334,0.9795729362055847
9335,0.019440140522150547
9336,0.01770245517698923
9337,0.06521971211132908
9338,0.013339217746313966
9339,0.007648725145256599
9340,0.002079151307465411
9341,0.0010912068272397706
9342,0.9996064106916975
9343,9.030181512936262e-05
9344,0.9996281732031523
9345,0.006418270768013335
9346,0.038990364554395904
9347,0.0030047859496393236
9348,0.6689384071387922
9349,0.10045303255716777
9350,0.17865770732249253
9351,0.007562190155698693
9352,0.35390950449154934
9353,0.8025189888263445
9354,0.36741453109495875
9355,0.799454987747244
9356,0.9910794074538479
9357,0.997143559334759
9358,0.6663768756108436
9359,0.03809906617226876
9360,0.01811984971175796
9361,0.9996683278083242
9362,0.002514925055008586
9363,0.8314262254051521
9364,0.011362475869235082
9365,0.0008665573327370573
9366,0.003087039309378172
9367,0.8143260112254009
9368,0.9980691601876612
9369,0.006024122423279851
9370,0.44276047601548196
9371,0.8649685143990442
9372,0.314143825456223
9373,0.07862670080308151
9374,0.1505307912499721
9375,0.635273200588083
9376,0.3734877340507287
9377,0.8288689622578757
9378,0.23273841738552686
9379,0.019899532570941098
9380,0.03346582115475202
9381,0.003512524652686838
9382,0.5001510335443234
9383,0.7032443911796624
9384,0.020820339400269082
9385,0.07719119591513886
9386,0.0004322542987320477
9387,0.9140959794826706
9388,0.04751847983694064
9389,0.6596402671716594
9390,0.0034057090880095704
9391,0.7797627636354596
9392,0.27238779200158275
9393,0.5774986807434037
9394,0.006414062730625751
9395,0.048885684661559174
9396,0.14537976577496292
9397,0.0009279516117659256
9398,0.0008862578032898272
9399,0.020958308927157294
9400,0.03288191971086911
9401,0.2797783051961348
9402,0.3058041944492495
9403,0.9993946551473271
9404,0.2689257324569139
9405,0.25519010011139104
9406,0.023009051075305535
9407,0.8575327139177307
9408,0.8370695592010657
9409,0.13393055479841603
9410,0.20818826932635112
9411,0.032304203500676976
9412,0.015838441515114283
9413,0.005883727110349458
9414,0.4868260713315119
9415,0.10774431916099449
9416,0.03178752357150383
9417,0.5936385868818078
9418,0.0025726698418611525
9419,0.5265080707385694
9420,0.0021693932990898782
9421,0.1359391891422368
9422,0.02263102061744513
9423,0.1934895227002877
9424,0.7444298029436189
9425,0.9128782436466114
9426,0.0026183983592804948
9427,0.6893539700984058
9428,0.9991962168956795
9429,0.01498571561350023
9430,0.08666137207811643
9431,0.36674938011315183
9432,0.013193546433372073
9433,0.99992147933814
9434,0.11022211045914389
9435,0.0022700554928914447
9436,0.1967124505846279
9437,0.0015244528626146107
9438,0.09270630119759035
9439,0.44314987147364654
9440,0.000581581576951816
9441,0.0063207289437116594
9442,0.43790474084699915
9443,0.02631392734036595
9444,0.99926312994237
9445,0.001747905893470583
9446,0.01636577432813039
9447,0.16890002366559745
9448,0.9997266067552326
9449,0.9445261894515826
9450,0.1488360861337067
9451,0.18952182012158672
9452,0.9997282482681975
9453,0.8935012925172752
9454,0.0011522373044537684
9455,0.0064795419367658135
9456,0.0065531975883990025
9457,0.0004503488015983838
9458,0.8432214374945657
9459,0.6837306179130683
9460,0.09433755271992926
9461,0.129915185854311
9462,0.42340558521487975
9463,0.30765221913950375
9464,0.9862362903952079
9465,0.9995573263675883
9466,0.2879940649180639
9467,0.9863710515896593
9468,0.027275515238774948
9469,0.7423607312391417
9470,0.006581390376353438
9471,0.006212830513529386
9472,0.7550438994251233
9473,0.9999074780170334
9474,0.013781961333447354
9475,0.01426805715361353
9476,0.04497885193180139
9477,0.005054847957847567
9478,0.701170222589362
9479,0.999666508742602
9480,0.34924529481948036
9481,0.0025726698418611525
9482,0.5466632006052403
9483,0.34193122527394404
9484,0.05340655532026574
9485,0.046491753612398344
9486,0.005374287840504549
9487,0.07614286667940878
9488,0.011407328470192962
9489,0.0025726698418611525
9490,0.2734342443558416
9491,0.01506890960687556
9492,0.0368866945566727
9493,0.4809667550754645
9494,0.013967710000831557
9495,0.003158391892458244
9496,0.04675480358530906
9497,0.8230900592726046
9498,0.09705038773318263
9499,0.8871394189404774
9500,0.080593592096119
9501,0.028669449585419386
9502,0.0040556998892761
9503,0.284401186446874
9504,0.019603747166256177
9505,0.06345898341603189
9506,0.6428383949959005
9507,0.02183354090450759
9508,0.789020007274437
9509,0.3632580903221909
9510,0.19985555710554095
9511,0.016429583140272312
9512,0.9996281732031523
9513,0.9993755087520922
9514,0.9323410855520665
9515,0.9061656206733297
9516,0.010183652361695964
9517,0.019818945165125
9518,0.00012331295354437176
9519,0.9421306322627926
9520,0.0021693932990898782
9521,0.13636546459107543
9522,0.9043574641315079
9523,0.08126425570149015
9524,0.9989867434241528
9525,0.0003090245209258279
9526,0.8200915764977262
9527,0.49678206799853614
9528,0.998302401075527
9529,0.45525925825839814
9530,0.6588238935754361
9531,0.9996683278083242
9532,0.9986514783417707
9533,0.9998473433077998
9534,0.6297908582500795
9535,0.01548522946813697
9536,0.004041629407553928
9537,0.9999392466417717
9538,0.8253152850371804
9539,0.04522252063789193
9540,0.739437274485199
9541,0.019967145217634513
9542,0.15927586732209567
9543,0.9966294348151808
9544,0.9993587101503324
9545,0.4713243873746408
9546,0.19608181476144812
9547,0.33101560586520606
9548,0.027017846840169436
9549,0.7903824476256824
9550,0.15173986204049292
9551,0.02108129089034582
9552,0.004953796906995278
9553,0.2385272141646854
9554,0.8055499772916568
9555,0.999645724696108
9556,0.016695982369913667
9557,0.7474003056725973
9558,0.9987553002383054
9559,9.067374782284597e-05
9560,0.015996034879881004
9561,0.16634250259696953
9562,0.3423851392619738
9563,0.4287820565130015
9564,0.17502482390580595
9565,0.016735989081539625
9566,0.00026738104674982804
9567,0.8112163242023863
9568,0.7353257291791411
9569,0.09950395542513361
9570,0.4712649650788426
9571,0.7883941719980421
9572,0.7032502727714316
9573,0.020326720123020826
9574,0.04705432833443293
9575,0.9254608678818009
9576,0.739254285202976
9577,0.4197349224869867
9578,0.12321885836036081
9579,0.1905984027305339
9580,0.9996300165999751
9581,0.7478008849048984
9582,0.9994644848094774
9583,0.009558610861659723
9584,0.0011638200274627223
9585,0.5613277558184141
9586,0.3248507429599959
9587,0.6897210691670087
9588,0.006023971762328838
9589,0.9993697196827608
9590,0.03463304522244017
9591,0.9998565951601337
9592,0.5723443726030363
9593,0.9997973281153908
9594,0.00010485634484634512
9595,0.9551029005579884
9596,0.27049376443697487
9597,0.014495490352762748
9598,0.02840901481082882
9599,0.008111580413363607
9600,0.24805002229273493
9601,0.009577878610385157
9602,0.9989298840936638
9603,0.22366084332815533
9604,0.007098945966894204
9605,0.04803221466434104
9606,0.6908471671054988
9607,0.11098802750920508
9608,0.00018054669164068623
9609,0.7943142164044936
9610,0.009382759533479501
9611,0.044772246668586556
9612,0.9705905040347131
9613,0.15952800006449325
9614,0.6499489399158382
9615,0.0495395160636022
9616,0.6472664467121523
9617,0.5905381423725903
9618,0.005649503593135857
9619,0.023962168704471303
9620,0.024207240367129193
9621,0.000259074342779946
9622,0.2699273701094935
9623,0.0056227842144209415
9624,0.2884000185327366
9625,0.2902534321099425
9626,0.9995189942445121
9627,0.5549077599863842
9628,0.1404240522766631
9629,0.9996105663826294
9630,0.0001537800652976737
9631,0.3694644832435928
9632,0.028943784748824367
9633,0.007618652264799547
9634,0.14647045630050062
9635,0.00022787852408740153
9636,0.1477665183023574
9637,0.45014926625444024
9638,0.9337415379670574
9639,0.3123794467923954
9640,0.593358574420087
9641,0.18738169030681398
9642,0.11056083024256026
9643,0.6324125118881001
9644,0.0002491662667223468
9645,0.0019038005747213564
9646,0.01408450705656324
9647,0.9997200370754277
9648,0.5311112960892509
9649,0.9995361350633379
9650,0.6645917238864737
9651,0.258279257956442
9652,0.6283101630051574
9653,0.38270653330713794
9654,0.9995419696879979
9655,0.13776342483785536
9656,0.032701349730924326
9657,0.044497522445708926
9658,0.004568152626124448
9659,0.6106579756132958
9660,0.9993925727943141
9661,0.4954595420649958
9662,0.8754749180062712
9663,0.5696217988477591
9664,0.6541045516184586
9665,0.9998483142957685
9666,0.01687647112971453
9667,0.9998172324730592
9668,0.01451657984319755
9669,0.3024214181850178
9670,0.22668514640350126
9671,0.0368866945566727
9672,0.9478140826943198
9673,0.8758336946589306
9674,0.9997716813807652
9675,0.0069529200048282945
9676,0.0025449218509698284
9677,0.9998319193800298
9678,0.25750839391495334
9679,0.7541581665598864
9680,0.8464096379222004
9681,0.00691809510404506
9682,0.9996987430202705
9683,8.383138889253202e-05
9684,0.7651153516440834
9685,0.1854260690133556
9686,0.7793323066364914
9687,0.0018209055553649182
9688,0.25134501905361933
9689,0.7469898029943104
9690,0.7376422392210746
9691,0.004901714913048623
9692,0.7629474881147924
9693,0.3018759997908301
9694,0.23824711995361042
9695,0.3474942463120941
9696,0.005001503346600553
9697,0.9998100500626295
9698,0.002265026787770384
9699,0.7552995513013888
9700,0.9967404984437261
9701,0.05501151466719086
9702,0.0001048448909843063
9703,0.629019257775042
9704,0.003543719353846765
9705,0.8047603225785792
9706,0.31957472925144054
9707,0.0010062740144858521
9708,0.8691709800023895
9709,0.9846469303996982
9710,0.1163073622735277
9711,8.129482139980485e-05
9712,0.9995324294668777
9713,0.779542618344386
9714,0.384396855100277
9715,0.0995639389382461
9716,0.863213993887585
9717,0.012492659419165502
9718,0.004173072666343467
9719,0.0011619964756878485
9720,0.0003521670191064602
9721,0.7253395788898794
9722,0.9995012340096324
9723,0.4695472304891743
9724,0.19095777580634885
9725,0.10962285735554812
9726,0.24308520198501243
9727,0.998939864407979
9728,0.008203398787861024
9729,0.004361102393447132
9730,0.11221060887321738
9731,0.0012865237174208355
9732,0.23201138651152092
9733,0.544588439584403
9734,0.0023665006775157914
9735,0.05542206974383035
9736,0.004113264275859825
9737,0.3237572135229474
9738,0.006136463568272146
9739,0.20731625585070548
9740,0.029710660686666196
9741,0.9992083056589159
9742,0.9997420114778351
9743,0.22935070995935977
9744,0.33619314438392656
9745,0.9992518355812018
9746,0.7735337455478064
9747,0.6573316800400739
9748,0.006979576230104631
9749,0.15273379287757882
9750,0.250669857533125
9751,0.9993592653552299
9752,0.09818404386184632
9753,0.0754531250856664
9754,0.2855520207021957
9755,0.6963376732957891
9756,0.6452015064428237
9757,0.04402850586655987
9758,0.7722047436355008
9759,0.2894164326564755
9760,0.0001310029581821303
9761,0.0035008984567079355
9762,0.09964977787483544
9763,0.7214982496842883
9764,0.36040714277665215
9765,0.047938487643295294
9766,0.3754139759595172
9767,0.0018472845361236945
9768,0.9006268428596353
9769,0.11692400722259676
9770,0.2725225629117011
9771,0.999377342816918
9772,0.16817447144720937
9773,0.9996351704568036
9774,0.00019731974846343473
9775,0.745552455799562
9776,0.141026163397218
9777,0.02610182992568169
9778,0.9994430364148694
9779,0.08947769046467327
9780,0.012548541810716752
9781,0.0033520128034564027
9782,0.012417962036172453
9783,0.3513164214567992
9784,0.25801097224162434
9785,0.03906254380024923
9786,0.01293163148270946
9787,0.05711600593138103
9788,0.08306737529638794
9789,0.8327060089344525
9790,0.2211852230072846
9791,0.8089524286408106
9792,0.9978478567547906
9793,0.03516299970115552
9794,0.8552947045148614
9795,0.8617652650516844
9796,0.05208830068026847
9797,0.09863535006973623
9798,0.4105210520078833
9799,0.12545127737372191
9800,0.9998664268623432
9801,0.9309190113436135
9802,0.00034642690253762883
9803,0.0720219573199037
9804,0.3098370028992647
9805,0.35107739237498714
9806,0.028640415696313187
9807,0.2953372148641409
9808,0.036423435940413466
9809,0.12517819473016417
9810,0.01816650784696288
9811,0.22471663528042488
9812,0.31208425926826283
9813,0.04585958432830742
9814,0.6466655237661637
9815,0.0010008061069842296
9816,0.0664829139827569
9817,0.058851252866599424
9818,0.00025523740393632645
9819,0.03934744655623147
9820,0.015209013574102734
9821,0.3070569875137384
9822,0.013173927172361054
9823,0.8288848987112093
9824,0.2519207165794791
9825,0.04884396851694513
9826,0.7518496411031929
9827,0.25008025332124983
9828,0.2764819783496715
9829,0.16729041726898541
9830,0.0006385062072391302
9831,0.39190230845338386
9832,0.9995146591863655
9833,0.006167532058523875
9834,0.007235753360509074
9835,0.6315395059184963
9836,0.7366180507193145
9837,6.813124420389237e-05
9838,0.9999093049896255
9839,0.0014684137322918203
9840,0.012554773031684927
9841,0.00764868963331697
9842,0.26484576747303334
9843,0.0014563011880134875
9844,0.9997736789234332
9845,0.9996827555063189
9846,0.0003884064447881873
9847,0.008409337634907593
9848,0.006927772439912092
9849,0.43464059275021727
9850,0.49162773001976573
9851,0.2839364383583805
9852,0.01714299153021081
9853,0.1318156750575166
9854,0.2129043833144992
9855,0.049823994098905665
9856,0.11438434662904912
9857,0.32058396196888184
9858,0.5207030778007682
9859,0.6025409446991538
9860,0.00020448981841175018
9861,0.7393126265511695
9862,0.0010925141408614611
9863,0.14398515081954447
9864,0.2139189963274613
9865,0.45876823412569256
9866,0.9993893043710196
9867,0.44974017366974517
9868,0.19261867264578786
9869,0.00035691758001072635
9870,0.03257405165552406
9871,0.11236566941079398
9872,0.5032261085127038
9873,0.2909575711587358
9874,0.36026177226902867
9875,0.29554804773507193
9876,0.3087596233941575
9877,0.00804434710476042
9878,0.00010573186979369335
9879,0.0007678960967173221
9880,0.20143894095145617
9881,0.5730535391103192
9882,0.8122465094358996
9883,0.9993402859038925
9884,0.6512114269100704
9885,0.013597067018157764
9886,0.00042101681242385206
9887,0.04971595374752748
9888,0.999542288677003
9889,0.1940409803220979
9890,0.04226939365732228
9891,0.6331339068574952
9892,0.9711296189172397
9893,0.004906550899765682
9894,0.01676338121822092
9895,0.9994895398754695
9896,0.8962936911328193
9897,0.5123785310418221
9898,0.9998787213275496
9899,0.8808753555446338
9900,0.2516185943058259
9901,0.05958712686378362
9902,0.003981011389650017
9903,0.6274813121726618
9904,0.5636840457793891
9905,0.9987962091711944
9906,0.008497192656239686
9907,0.39147201704403684
9908,0.07260000077330576
9909,0.00044391068042903023
9910,0.0017745845564266457
9911,0.7599260337234497
9912,0.02026837143988052
9913,0.0030634751095243596
9914,0.041207730119166695
9915,0.0022392663465605873
9916,0.01991917872632165
9917,0.0018671939593262008
9918,0.6996318504440763
9919,0.0016730044679063316
9920,0.6801875018232934
9921,0.7951550883068023
9922,0.6139536596191311
9923,0.8850926056636546
9924,0.6917222927117802
9925,0.028902821187899327
9926,0.6248392654690373
9927,0.1739938119377603
9928,0.6616988752947995
9929,0.003056504979435964
9930,0.011990237463088341
9931,0.08877143029448657
9932,0.15760497643565743
9933,0.011761457977106878
9934,0.9993640721545841
9935,0.9994542939190878
9936,0.3800466965657882
9937,0.03178804942835593
9938,0.8521051586764709
9939,0.3537920270283258
9940,0.9997973281153908
9941,0.005241460684843823
9942,0.7435293915050534
9943,0.8363938990686389
9944,0.9011802286152473
9945,0.2639148136042877
9946,0.7731198418989368
9947,0.507752841727126
9948,0.0004943544011647748
9949,0.18993611578084912
9950,0.00029171540000508494
9951,0.014644678640973657
9952,0.097422376473052
9953,0.007646736662835773
9954,0.9993755087520922
9955,0.011096005233844804
9956,0.7400801873615835
9957,0.07413971232095867
9958,0.0032619398550700744
9959,0.46203300142899056
9960,0.7480850014788168
9961,0.7820720631898647
9962,0.6485771528122986
9963,0.041079105948409855
9964,0.9997718608303992
9965,0.007144855375189429
9966,0.7239105520313868
9967,0.45165291955322046
9968,0.009429699262721863
9969,0.6318033882739857
9970,0.1195846286560928
9971,0.006723079152789716
9972,0.5242689065420433
9973,0.04754829924921977
9974,0.6432433627688724
9975,0.0038647440207553105
9976,0.9043574641315079
9977,0.9940563306081416
9978,0.560464324039398
9979,0.019618400697410308
9980,0.037313371571943824
9981,0.9990009854420627
9982,0.9994692090074154
9983,0.9994206542487735
9984,0.3001837599207171
9985,0.13587308811047036
9986,0.7612561691572508
9987,0.8862884482751754
9988,0.02006942020986566
9989,0.010210743527498851
9990,0.5166667468726583
9991,0.13054743837924024
9992,0.4555547462402297
9993,0.0017405278633624908
9994,0.08167812679043442
9995,0.7553017120772803
9996,0.03353203423039171
9997,0.33785236708253497
9998,0.9997718608303992
9999,0.7226492315437509
10000,0.011473455182342666
10001,0.9997954891422282
10002,0.9990367231799616
10003,0.0007876170204819832
10004,0.7297681620889492
10005,0.9997408897601431
10006,0.177991654953915
10007,0.7972754748110364
10008,0.51136840521472
10009,0.03977995651136942
10010,0.013868671568651235
10011,0.015941359041382688
10012,0.9997542609426419
10013,0.08416136900246582
10014,0.7022828947170209
10015,0.9998307631118593
10016,0.02772994077361372
10017,0.5190744363985609
10018,0.9050438937143594
10019,0.025664005751855963
10020,0.0619811063067443
10021,0.25013988510653223
10022,0.2859642566896986
10023,0.1609468789385582
10024,0.7645754381369786
10025,0.15951139105640913
10026,0.08671271096939111
10027,0.011363860189624672
10028,0.1707384152418251
10029,0.1963142682047047
10030,0.0002964327077248854
10031,0.0010008061069842296
10032,0.010781127845811105
10033,0.0438249123372869
10034,0.0007589368266800854
10035,0.7635591271200117
10036,0.00019937065264701592
10037,0.001619477695806759
10038,0.006337628150070389
10039,0.006649980459852808
10040,0.6887898879729641
10041,0.00010527650009375917
10042,0.2974905099302316
10043,0.0003247476452493879
10044,0.0024934883665576257
10045,3.921556225456617e-05
10046,0.5643945470001087
10047,0.031998568913847635
10048,0.0784545934108053
10049,0.3758101773552138
10050,0.06134266158945065
10051,0.40218094415339567
10052,0.00010188930216844777
10053,0.7632056693756658
10054,0.8443771461160761
10055,0.3855286185456257
10056,0.014342493918228907
10057,0.8672192478555248
10058,0.9996107328422593
10059,0.784563774897961
10060,0.0003335151513889653
10061,0.0008435855188714157
10062,0.17907813405566048
10063,0.6782872817762233
10064,0.0051487195322700895
10065,0.10047079622234474
10066,0.0031105990206841995
10067,0.019709052859411387
10068,0.9078259600845835
10069,0.48998991359656474
10070,0.28806801980430435
10071,0.08272772868810717
10072,0.544588439584403
10073,0.009125952544981249
10074,0.774523726945112
10075,0.014173301540842086
10076,0.7126326558931216
10077,0.05838664475769502
10078,0.015442257730021527
10079,0.11891980357927948
10080,0.16736433473635914
10081,0.9995345221727368
10082,0.1362706247049139
10083,0.0034000881386603106
10084,0.02303829880956712
10085,0.9997087251686776
10086,0.9994802091117279
10087,0.29787728749114195
10088,0.0004894893066031459
10089,0.0057780608991760025
10090,0.0012767222766377631
10091,0.8779339090756545
10092,0.5971850268906734
10093,0.0009257766853829215
10094,0.00883451332353686
10095,0.04650608219941946
10096,0.8575327139177307
10097,0.004090849797800746
10098,0.9996827555063189
10099,0.20627060043491002
10100,0.0021121845785574763
10101,0.0002669279823893713
10102,0.3122490151167892
10103,0.024449395971741953
10104,0.0051904370960303035
10105,0.47140429149686025
10106,0.000400041077979078
10107,0.88543813696614
10108,0.6354846895267175
10109,0.0003329305250511788
10110,0.5451241836709173
10111,0.004869919459175627
10112,0.9994542939190878
10113,0.7759489528866815
10114,0.10729058900473852
10115,0.0035042575753499116
10116,0.0003303368828808634
10117,0.00015343514547941578
10118,0.0576631254157782
10119,0.48995343160281524
10120,0.9986393662076352
10121,0.07892008298316697
10122,0.15824532162163515
10123,0.004904742221377609
10124,0.7169090066660686
10125,0.8141071875089638
10126,0.009495217156691025
10127,0.048114292142127445
10128,0.11116839235553018
10129,0.028017166669778566
10130,0.0646987559024672
10131,0.0004959803915990647
10132,0.99969460996347
10133,0.0005604347765706079
10134,0.010165108746409232
10135,0.7467392713937575
10136,0.00021019999978299858
10137,0.9988210787055116
10138,0.0036812415980711217
10139,0.37437986024736275
10140,0.6062843884193864
10141,0.07957966217323437
10142,0.9997718608303992
10143,0.07217107242914263
10144,0.8538087390661142
10145,0.20348327530552476
10146,0.0642250932078501
10147,0.9994684641663681
10148,0.0005564119784764747
10149,0.010076074235645018
10150,0.021489867536923456
10151,0.05732846162677904
10152,0.0003585617622187953
10153,0.7822744410595991
10154,0.7376076235552258
10155,0.9979598860111967
10156,0.02870333806822706
10157,0.007552538280140536
10158,0.9429087088141059
10159,0.9267108225014633
10160,0.5408794825851552
10161,0.9338597208159779
10162,0.999615915396709
10163,0.009562128706098703
10164,0.005069225685359772
10165,7.29124209966197e-05
10166,0.0003117424197261733
10167,0.01980706427772792
10168,0.648416667365087
10169,0.6554533782813196
10170,0.7992787103458521
10171,0.9996353760196381
10172,0.0003483891341911488
10173,0.9055445856577689
10174,0.8609878324789609
10175,0.15040093302021723
10176,0.9993592653552299
10177,0.4123582908211687
10178,0.9997973281153908
10179,0.08983272575095896
10180,0.9995003841791367
10181,0.014518131588076239
10182,0.9997455105261324
10183,0.23765450982066536
10184,0.04661944846061521
10185,0.0021226699626018895
10186,0.005431688611957652
10187,0.9999080879494182
10188,0.9996089784973967
10189,0.43722741107358437
10190,0.0002606857711401144
10191,0.12307660782105426
10192,0.76824977807601
10193,0.1746785401046855
10194,0.2788530857213747
10195,0.9996351704568036
10196,0.4277004186801209
10197,0.07262165249536112
10198,0.5097050674179033
10199,0.28658057199111286
10200,0.006387221274413485
10201,0.7420212483254561
10202,3.735237246332056e-05
10203,0.5648912329391782
10204,0.9990729536151864
10205,0.00013289221950108334
10206,0.1525032878658046
10207,0.008556542108899171
10208,0.004819948683531212
10209,0.006212135455161059
10210,0.49555206676100616
10211,0.0014076709094795316
10212,0.07423410948324612
10213,0.9997718608303992
10214,0.47241574693044225
10215,0.007126566739520404
10216,0.7018572457111723
10217,0.28638296265583046
10218,0.018338211734040415
10219,0.0696496068684242
10220,0.4017227274649877
10221,0.7773991681490114
10222,0.011313731656968494
10223,0.5044118897042551
10224,0.9994166944540397
10225,0.5801097937202749
10226,0.5281831407997655
10227,0.4301077950170152
10228,0.3545715437098977
10229,0.5592153117068898
10230,0.23248606364430993
10231,0.0028207954990991926
10232,0.053247070845146495
10233,0.0020687973043533327
10234,0.6760140205440441
10235,0.15429388950829903
10236,0.9981759575767345
10237,0.3275843114612726
10238,0.9971826556102669
10239,0.10483257537327556
10240,0.3458028278445752
10241,0.03446801971151253
10242,0.16207991093235855
10243,0.02063746827104258
10244,0.003865562261453802
10245,1.0849190671456301e-05
10246,0.2938013774892666
10247,0.8317314063832373
10248,0.6168489311861506
10249,0.9595616295256243
10250,0.0006385062072391302
10251,0.4068462812104153
10252,0.008415288418194451
10253,0.15470587333568936
10254,0.07036248825417366
10255,0.006153247425583007
10256,0.0007712402534518784
10257,0.2542455756442445
10258,0.7334430189895106
10259,0.32273039728503994
10260,0.0003503031414804506
10261,0.32422997613293547
10262,0.9999723870891901
10263,0.22114779606296905
10264,0.4062384531866916
10265,0.09933860031699396
10266,0.0362491505362563
10267,0.2327318237485806
10268,0.4014222496985744
10269,0.0010929844355346582
10270,0.01193817637855921
10271,0.00014821309484670296
10272,0.05019487072199592
10273,0.23191348201499015
10274,0.7612493952258013
10275,0.014770049943353325
10276,0.27440883767354357
10277,0.0009041500420059565
10278,0.043243624010849524
10279,0.00902551639513518
10280,0.1975410107601163
10281,0.058489438356283514
10282,0.36043547199980747
10283,0.9998114983976993
10284,0.3847199455726201
10285,0.6563237988945291
10286,0.9949137539675261
10287,0.39971518774463566
10288,0.0035543201413731425
10289,0.3459485592431036
10290,0.6338005749996473
10291,0.12054341998380737
10292,0.05076058414186756
10293,0.002714677258033814
10294,0.004789981345913882
10295,0.20317848595565172
10296,0.00019106916732509194
10297,0.8953106067675916
10298,0.3590354641716968
10299,0.024507959099025242
10300,0.08037157428756253
10301,0.16034139528967262
10302,0.45089253215235225
10303,0.04535736865291676
10304,0.0021088143553236374
10305,0.9999401381062397
10306,0.08175284252523107
10307,0.00952215351434822
10308,0.934116410664911
10309,0.0015352806789733263
10310,0.24025971812816477
10311,0.0019926822210302843
10312,0.0845013389612402
10313,0.15292167570334678
10314,0.033137365689321706
10315,0.2758220227996376
10316,0.02285588409430012
10317,0.0028413701046651396
10318,0.6898256869836253
10319,0.02505006349416324
10320,0.0009194537703718528
10321,0.8596772537972965
10322,0.9994348347441976
10323,0.09581951403075628
10324,0.924220896634935
10325,0.07088235873338415
10326,0.9999408153734185
10327,0.11349911342148503
10328,0.9062991767879588
10329,0.2710329925441966
10330,0.11867008214319336
10331,0.9894114698452763
10332,0.04098995469755141
10333,0.02198331555121661
10334,0.09335409352824695
10335,0.991651623234181
10336,0.01768651009715784
10337,0.006320872518462294
10338,0.02258370423651238
10339,0.06671857951191773
10340,0.03610508074699814
10341,0.05325560639148234
10342,0.251582792945167
10343,0.8100430651424753
10344,0.9994444910151634
10345,0.0002863212067553966
10346,0.7586970949953074
10347,0.11145317990055331
10348,0.5589477539815599
10349,0.9988226469720417
10350,0.9998590404161949
10351,0.9982859006379003
10352,0.002407544702794844
10353,0.9969570199923038
10354,0.03352940449721613
10355,0.40984076775638933
10356,0.9992082050200068
10357,0.8464096379222004
10358,0.00014575714048816328
10359,0.00013607842392100256
10360,0.3087596233941575
10361,0.168908176789977
10362,0.9998517909186448
10363,0.8615869846066202
10364,0.007315914260722678
10365,0.9994206542487735
10366,0.01242658135160618
10367,0.40717024096823246
10368,0.614723014968693
10369,0.007228059647745341
10370,0.0003044868565003268
10371,0.004000558207110593
10372,0.14608366654336122
10373,0.9995146591863655
10374,0.9992107052886467
10375,0.8862884482751754
10376,0.2581160052977543
10377,0.5178158041124699
10378,0.006243761582661789
10379,0.23686228262679004
10380,0.027585375936529263
10381,0.7741538621564931
10382,0.6973749339286736
10383,0.09581353100808282
10384,0.8385087143752938
10385,0.10593835874039434
10386,0.3346362675440188
10387,0.00011991059464601608
10388,0.8207082069312858
10389,0.0005230048012632961
10390,0.0013879177261395537
10391,0.8298421508610322
10392,0.9998517909186448
10393,0.02355880934265576
10394,0.002076630258513704
10395,0.00037840195985776293
10396,0.1786639841521982
10397,0.007232088049730833
10398,0.9989791469929162
10399,0.029442297146747225
10400,0.7247314282946669
10401,0.8455116308009062
10402,0.8104583222989098
10403,0.8370188331304174
10404,0.1950401768925236
10405,0.0016868941559746704
10406,0.4205801931702673
10407,0.643731628425675
10408,0.011686400089491187
10409,0.1873803425774523
10410,0.025880746624253083
10411,0.9998403042141668
10412,0.00032761698351140413
10413,0.5043840414564446
10414,0.2371532771443361
10415,0.002602002060580084
10416,0.9999074780170334
10417,0.41570857514692383
10418,0.9997991619205762
10419,0.9994596226436266
10420,0.0004354078592072433
10421,0.6969652001673075
10422,0.004614842340313959
10423,0.04174480845695878
10424,0.05090427610674751
10425,0.010563730418718591
10426,0.001896029399149248
10427,0.1588342540698297
10428,0.33822685014062015
10429,0.5983862472514649
10430,0.9995467308688301
10431,0.7898307155281347
10432,0.5216702384095276
10433,0.154571146858263
10434,0.3315907426013516
10435,0.9991369678500007
10436,0.9991464362422817
10437,0.9659398786632869
10438,0.49375342826601726
10439,0.9990476460167951
10440,0.041884593614489866
10441,0.8424801537739102
10442,0.0018472845361236945
10443,0.02571385710734564
10444,0.08444485697757208
10445,0.21532621972273303
10446,0.49633491180756795
10447,0.0028413701046651396
10448,0.007015963996039383
10449,0.007432228225432787
10450,0.005968951988398162
10451,0.015597805436104634
10452,0.10030901319492115
10453,0.0826283923753776
10454,0.001623475982964822
10455,0.11786099516966643
10456,0.00010165121940323262
10457,0.293897903356252
10458,0.9997282482681975
10459,0.8672192478555248
10460,0.008580812721882377
10461,0.9994325987438174
10462,0.14320818377567085
10463,0.9993902270942545
10464,0.9998993680851265
10465,0.0009544200981041881
10466,0.05728580104546987
10467,0.11426953278959105
10468,0.9996077997247858
10469,0.016266973368233965
10470,0.5058870514523816
10471,0.05733888151566509
10472,0.14438073852336414
10473,0.9993922570533871
10474,0.29909524599621357
10475,0.0025203965913730667
10476,0.008198211919968845
10477,0.0029611865186743957
10478,0.00011941455176314596
10479,0.010827485482792762
10480,0.07653077029202171
10481,0.0055178699087113725
10482,0.9989835121744597
10483,0.9996683278083242
10484,0.32621308886344674
10485,0.014918528375382526
10486,0.01161780461016514
10487,0.3874749476047077
10488,0.0003962352089756376
10489,0.9997898641128934
10490,0.6727149732687241
10491,0.1515899200843191
10492,0.7594631635410987
10493,0.1847749475374714
10494,0.9935304805394092
10495,0.9993618282613574
10496,0.03849023527758154
10497,0.13932552506481483
10498,0.8304967020321382
10499,0.9992518355812018
10500,0.15112098191007753
10501,0.010827083633844636
10502,0.13745599232180822
10503,0.9991818771040045
10504,0.8641690306744855
10505,0.004252967292708638
10506,0.002007253788544644
10507,0.012235239038091142
10508,0.3895395875502153
10509,0.820180373638766
10510,0.9998459503235576
10511,0.5622466210130708
10512,0.35899158831755384
10513,0.024617980674331696
10514,0.28794345250966175
10515,0.07527722737106737
10516,0.0035299689852469544
10517,0.033806043892117284
10518,0.12482419852907864
10519,0.0012166061247631096
10520,0.7310012142817757
10521,0.006666622718860337
10522,0.5998410025437835
10523,0.00032170268322637054
10524,0.2370499714251815
10525,0.9994865791348221
10526,0.4075157125824082
10527,0.06559644284735192
10528,0.9997355508117156
10529,0.021014928223419122
10530,0.9997088001240203
10531,0.5250893481349506
10532,0.544588439584403
10533,0.31022030661466915
10534,0.41068836817454696
10535,0.26090742756030166
10536,0.5215057476969661
10537,0.01957336908649675
10538,0.2127000761578425
10539,0.9994325987438174
10540,0.19364139890178736
10541,0.5874087904542201
10542,0.00517060821451702
10543,0.9988210787055116
10544,0.7415898841737953
10545,0.7159082257675764
10546,0.4905769003436952
10547,0.0003689251543279195
10548,0.7930712738944558
10549,0.497424093090461
10550,0.6156636646741969
10551,0.30304149086692
10552,0.9996559828071766
10553,0.14099073946473514
10554,0.7218033358269332
10555,0.23211440851782592
10556,0.03449044723213407
10557,0.0011866321042833094
10558,0.32809285149824813
10559,0.5932625970173171
10560,0.9997973281153908
10561,0.23753315881013637
10562,0.18963542019970347
10563,0.914016095355226
10564,0.13913545252004866
10565,0.13636304323651768
10566,0.7074140190026832
10567,0.0018472845361236945
10568,0.9374577749650302
10569,0.04560719058857973
10570,0.15004376761159907
10571,0.0042242956032670555
10572,0.617254761100536
10573,0.9997240468712165
10574,0.9994154954226879
10575,0.024641413410876008
10576,0.9994572711592885
10577,0.5594776336734244
10578,0.5447903584011489
10579,0.9996427814006416
10580,0.02728487904202986
10581,0.3706630272856392
10582,0.01943795999465116
10583,0.9996645045132432
10584,0.9995451918133903
10585,0.480914070820867
10586,0.0002623195342150068
10587,0.9995342720711905
10588,0.5852292634536466
10589,0.06903572591789905
10590,0.19495551909649975
10591,0.22826957542935322
10592,0.9986698150546932
10593,0.017222835759423565
10594,0.8485337562516428
10595,0.9993587101503324
10596,0.3318224553581313
10597,0.00014291210841835367
10598,0.2641850928782077
10599,0.025493656548885073
10600,0.0012865237174208355
10601,0.004763828505743191
10602,0.39212995140786555
10603,0.9994802091117279
10604,0.058852825135002264
10605,0.15836179247210957
10606,0.10962285735554812
10607,0.014260420626367794
10608,0.04605443728321516
10609,0.00020371111409995553
10610,0.9990147177385754
10611,0.9995812858226524
10612,0.2788433633036275
10613,0.0030564248213771532
10614,0.2663068019121162
10615,0.5041972861570894
10616,0.9997200370754277
10617,0.9993490581793648
10618,0.0004247845357624808
10619,0.025300628616699072
10620,0.005333313719499376
10621,0.016843565956143603
10622,0.5039746982695212
10623,0.00024452347476381037
10624,0.462893801342546
10625,0.017946462610607925
10626,0.0010654711448537138
10627,0.07622709286676772
10628,0.003336780047428231
10629,0.07898271456702204
10630,0.3730182067140558
10631,0.0003685064597750058
10632,0.7149246108241641
10633,0.03241444691341326
10634,0.00493223906162217
10635,0.04428074294093066
10636,0.08594278723340572
10637,0.27945203924121453
10638,0.7032264886098166
10639,0.10284370396933308
10640,0.05199218827863046
10641,0.026289407291876222
10642,0.9996659992957596
10643,0.005588672354294986
10644,0.0005084282993570134
10645,0.9998403042141668
10646,0.00045412470584152594
10647,0.02595921482870421
10648,0.009302368278157476
10649,0.0376295757505494
10650,0.6195703202119869
10651,0.9995524386204888
10652,0.7276267824705361
10653,0.8148778032695879
10654,0.9998307631118593
10655,0.023639124141651178
10656,0.9996107328422593
10657,0.022591220327392927
10658,0.18362972114188444
10659,0.0008631555069682201
10660,0.25054213364903305
10661,0.21979531375915012
10662,0.2823068360745807
10663,0.011987997110442829
10664,0.1248250773510213
10665,0.00036368817226961755
10666,0.9995011317427036
10667,0.4934726379818652
10668,0.004087080561735355
10669,0.33837338891933577
10670,0.3394911053978768
10671,0.528713424317517
10672,0.2852617163642565
10673,0.0003457791264279871
10674,0.9994254941114246
10675,0.007776365673326701
10676,0.2865597824227388
10677,0.9165706319530211
10678,0.2740125290101102
10679,0.00039753220283697565
10680,0.1635258613094766
10681,0.21261176766644915
10682,0.007387775382966513
10683,0.0006974608197388205
10684,0.9450897661402217
10685,0.012530180898134121
10686,0.2123562203552193
10687,0.9998994357435946
10688,0.5969762824328144
10689,0.013413089078503472
10690,0.18220750203152808
10691,0.37522300079492676
10692,0.42425843058527885
10693,0.0275304833086174
10694,0.0061468156616958786
10695,0.2292187179612968
10696,0.9603157494537359
10697,0.006318776089500846
10698,0.9304448850437881
10699,0.08241028390641336
10700,0.005155126299564243
10701,0.832315369479615
10702,0.0001314814550021073
10703,0.013543853712096869
10704,0.0020182775767347773
10705,0.7504338390318636
10706,0.9997973281153908
10707,0.11257441808885514
10708,0.0027046360601571625
10709,0.892467233735375
10710,0.012314366978358693
10711,0.9996052896457306
10712,0.6254043366303582
10713,0.01059863371317248
10714,0.9323551549865565
10715,0.9996042116827388
10716,0.9011802286152473
10717,0.9995506199595076
10718,0.4745664273592775
10719,0.7005475207143826
10720,0.7436835102990407
10721,0.9987521154614095
10722,0.00014409065973157057
10723,0.0016134316612381127
10724,0.004403148427068607
10725,0.9997606246617057
10726,0.00029061187847706103
10727,0.00034389994513319214
10728,0.9429087088141059
10729,0.9997718608303992
10730,0.1719161491818522
10731,0.9507533317287135
10732,0.5206735754552051
10733,0.3216242782230727
10734,0.0002527097918947974
10735,0.04109960231062145
10736,0.024646648685873403
10737,0.013913245067591003
10738,0.09561111281815933
10739,0.0016082774342516426
10740,0.018201325595842838
10741,0.37444332347665815
10742,0.9999352383912561
10743,0.028141500891699523
10744,0.13052500967426417
10745,0.0344733761691099
10746,0.9995325631307341
10747,0.999922410714087
10748,0.7256072422171436
10749,0.2596380828829872
10750,0.5527991808601089
10751,0.019108504859386928
10752,0.012389673337986197
10753,0.43426228188500315
10754,0.9995012340096324
10755,0.020522776232609646
10756,0.0008450310010738042
10757,0.3174495663411398
10758,0.8571436159211377
10759,0.018278986813484742
10760,0.8347157263334918
10761,0.02728097636108107
10762,0.4076431647395809
10763,0.27538274111551025
10764,0.26540868716881155
10765,0.6548125549795635
10766,0.012247231424585272
10767,0.0029709359922787887
10768,0.9995522735235086
10769,0.015208860279973146
10770,0.7605276506823205
10771,0.6714858280398398
10772,0.6910788604864253
10773,0.030266961130541708
10774,0.0014301425539515237
10775,0.008973737222326484
10776,0.0023869901558427995
10777,0.677972002810901
10778,0.3716536461457979
10779,0.27289426627037855
10780,0.23990226912079227
10781,0.390753705932623
10782,0.8778697274455304
10783,0.8946788977470104
10784,0.9997973281153908
10785,0.49864212580526523
10786,0.055443495616458185
10787,0.9993687323916886
10788,0.7125433213097144
10789,0.18572093867952782
10790,0.3790130235191836
10791,0.004921644371356634
10792,0.00031842852107322173
10793,0.3906907791828482
10794,0.9989791469929162
10795,0.00015683568857855518
10796,0.008060911194912477
10797,0.25411286144952727
10798,0.2327318237485806
10799,0.00035633929139039977
10800,0.5214904305082172
10801,0.17012467394191352
10802,0.11070121562959853
10803,0.19345532228613932
10804,0.05493553816412252
10805,0.9990301685366803
10806,0.13460924926294443
10807,0.019954717990895023
10808,0.04709939753981881
10809,0.9031150182078315
10810,0.0101841505698314
10811,0.19321328190693934
10812,0.030815465693594925
10813,0.36771590197470605
10814,0.007687343950872864
10815,0.041679850159458416
10816,0.9998459503235576
10817,0.010543559926327316
10818,0.47973320074144493
10819,0.8565778381420007
10820,0.04292511573066839
10821,0.30357871828384125
10822,0.9962550727198951
10823,0.0414412028497241
10824,0.0022712940006857888
10825,0.0011641591889804993
10826,0.9997118580342054
10827,0.00515924804834749
10828,0.0783499486505992
10829,0.018073706243456965
10830,0.2709327338914787
10831,0.9996829177184119
10832,0.005754970107628092
10833,0.5376083098249708
10834,0.508523272124266
10835,0.13351108923854166
10836,0.00043688279948059114
10837,0.006625565760931369
10838,0.6725611170818918
10839,0.8438453577605455
10840,0.4203195114457138
10841,0.0034637242520178632
10842,0.8253827836145442
10843,0.0013312345239903727
10844,0.19008561109905517
10845,0.9994015883706447
10846,0.00041012855651281863
10847,0.025618491179666275
10848,0.008776276535950983
10849,0.009865193516965104
10850,0.013378780709893671
10851,0.00026708730717153555
10852,0.012277724038465743
10853,0.632472272711407
10854,0.9989791469929162
10855,0.18587763383638126
10856,0.40992474064242534
10857,0.6110365898815847
10858,0.99992147933814
10859,0.19280738222804714
10860,0.00048058325776018156
10861,0.0010580095728898514
10862,0.006992421078117631
10863,0.6342246869377147
10864,0.9265984281692269
10865,0.7323656699331932
10866,0.0025510505315828685
10867,0.9996374206055896
10868,0.07924054028009654
10869,0.7876167760621454
10870,0.6491277451210059
10871,0.9998704317422271
10872,0.9996351704568036
10873,0.31706216279314886
10874,0.00033003465050026763
10875,0.15107264605351137
10876,0.8727408912880174
10877,0.9728382727046523
10878,0.014260420626367794
10879,0.998939864407979
10880,0.9995012340096324
10881,0.0008214865520599512
10882,0.03376708199559984
10883,0.0015352806789733263
10884,0.8070965572220045
10885,0.00018542455907321725
10886,0.04429074074317608
10887,0.12312509036633726
10888,0.2586260650872485
10889,0.5652171502405974
10890,0.006241930424161183
10891,0.7224423213546147
10892,0.030173183405390342
10893,0.9994600220054785
10894,0.37281867814264075
10895,0.0003452544900244279
10896,0.08588351959463854
10897,0.999820429920271
10898,0.1640617578319239
10899,0.11710146550021318
10900,0.027822245808274693
10901,0.4687972040433207
10902,0.26544987358101046
10903,0.7742357546838078
10904,0.2355514988596678
10905,0.032771859075178746
10906,0.7252124890024559
10907,0.4143400146540798
10908,0.6710916617564868
10909,0.32829492517839637
10910,0.8796000158144318
10911,0.8697142212616183
10912,0.08162640069086995
10913,0.9995297155861302
10914,0.010640804773624668
10915,0.30011207928479106
10916,0.014446307357951993
10917,0.12600433929234633
10918,0.7709242526641258
10919,0.35170788412325504
10920,0.24523728346900792
10921,0.7823840129334767
10922,0.46406446495771425
10923,0.2363683693543331
10924,0.322902724029499
10925,0.04422486897968061
10926,0.16831879825080007
10927,0.7375451925530244
10928,0.4535997000736414
10929,0.0013301076882864433
10930,0.24091503206299658
10931,0.7593819666772769
10932,0.002877952270253023
10933,0.167202357355875
10934,0.021942382150649035
10935,0.3448308687209435
10936,0.6893017971903601
10937,0.9996714344854416
10938,0.5876877467639722
10939,0.02104320572620431
10940,0.010914695453630822
10941,6.273210908299564e-05
10942,0.28836916698520465
10943,0.9994604115714957
10944,0.27144792988577837
10945,0.13041181235323165
10946,0.8156571063671139
10947,0.12059060110558312
10948,0.5281889764581212
10949,0.38411604515260506
10950,0.9995166592689971
10951,0.024695059741048127
10952,0.00030650675722092914
10953,0.001476538975460804
10954,0.7039421889272414
10955,0.04301440309913248
10956,0.9997272944390846
10957,0.0163221676665546
10958,0.19504051060205382
10959,0.5020835544331758
10960,0.9998366986693964
10961,0.006567070042344369
10962,0.056500514487861836
10963,0.9595616295256243
10964,0.00015329310239406535
10965,0.1902920974993482
10966,0.048272805476316
10967,0.01079663243568784
10968,0.7940837725457389
10969,0.1478095088640261
10970,0.6393541917791464
10971,0.13312946061326797
10972,0.030531428164573073
10973,0.8297108758123619
10974,0.006426307962096199
10975,0.007143759995775381
10976,0.9999169000821652
10977,0.5335231672588783
10978,0.021695167022813953
10979,0.49629741932034777
10980,0.9996888427909272
10981,0.6164040975540284
10982,0.024173974228796642
10983,0.19508374006120735
10984,0.9991539098851329
10985,0.49498864874483645
10986,0.0002337935913792967
10987,0.01047832917317606
10988,0.001394965436024082
10989,0.1125481476037666
10990,0.3568702629926528
10991,0.017561399345403555
10992,0.9998971364992412
10993,0.0004231051056490539
10994,0.10437883045593478
10995,0.9993692796144571
10996,0.00042796953427660326
10997,0.999542288677003
10998,0.6076540940464931
10999,0.40195535021179724
11000,0.9566548316140053
11001,0.5904976775184726
11002,0.004129976051653604
11003,0.006538181890494617
11004,0.03518547101564278
11005,0.06311006719409877
11006,0.9995771710574514
11007,0.999433584443131
11008,0.1615772309148878
11009,0.12668664778382632
11010,0.03402670355456252
11011,0.9352433311726429
11012,0.5257243656758722
11013,0.5830133805692095
11014,0.8178059085519354
11015,0.5818727679222228
11016,0.12961520500102366
11017,0.9993592653552299
11018,0.4514841267695606
11019,0.4423740756107963
11020,0.010668206574848372
11021,0.7462914980345049
11022,0.9999081682517679
11023,0.2854643181234547
11024,0.22235998190855144
11025,0.0052008627714043125
11026,0.1710114992243061
11027,0.7951550883068023
11028,0.0012357906316650936
11029,0.0010516701908506929
11030,0.3851574557144193
11031,0.9995522735235086
11032,0.006962670251187374
11033,0.025664005751855963
11034,0.9987455820478505
11035,0.573347557807609
11036,0.2193210030820002
11037,0.7893666302886586
11038,0.003659090584772423
11039,0.013104984234046426
11040,0.0031006905080331213
11041,0.002025689235559334
11042,0.730978455014567
11043,0.7835575654389543
11044,0.02733864079361151
11045,0.9987455820478505
11046,0.00021755933253283513
11047,0.7614953847365638
11048,0.999872647694275
11049,0.863213993887585
11050,0.1994030875612106
11051,0.6427687744087004
11052,0.8604150454356334
11053,0.12153652859332598
11054,0.3551286901228734
11055,0.37945390315773275
11056,0.0011680918981372178
11057,0.006396548527473964
11058,0.788066226781167
11059,0.03155976200644613
11060,0.9378308052554843
11061,0.12772270559727897
11062,0.9961844790661033
11063,0.9869524932204307
11064,0.0445841939030041
11065,0.4438431895920873
11066,0.5009201375917505
11067,0.6428383949959005
11068,0.9849366293249491
11069,0.04480485720786898
11070,0.0037565557705321064
11071,0.3126665532176316
11072,0.9994644848094774
11073,0.7472402938246684
11074,0.12341882245134322
11075,0.6632347186999809
11076,0.010671624745772311
11077,0.0029710135811357357
11078,0.002414803031034151
11079,0.9990476460167951
11080,0.057798371923113004
11081,0.11036371144888033
11082,0.10676124084332626
11083,0.23463762905933983
11084,0.31385801228240906
11085,0.23313470142254658
11086,0.535138590075857
11087,0.020085781716900022
11088,0.00013765059710896705
11089,0.003711597495077364
11090,0.00031526551102634923
11091,0.09964977787483544
11092,0.00023543893524576745
11093,0.3072179840044521
11094,0.38787302830702397
11095,0.010253623705389596
11096,0.5230948881354877
11097,0.03675290380185143
11098,0.7512187104083392
11099,0.7212651827069234
11100,0.008177571212425756
11101,0.02504482588845844
11102,0.0006726950716552066
11103,0.19607119893782624
11104,0.004388087704930788
11105,0.8490948923647769
11106,0.000787683112316889
11107,0.00041802684155264994
11108,0.46928012503211125
11109,0.00200869653490193
11110,0.0007404224872152594
11111,0.9981578352334958
11112,0.0004211177320745317
11113,0.003551917037765975
11114,0.0064999720288196365
11115,0.14375611531567092
11116,0.3539748327056928
11117,0.9996933371234682
11118,0.2928491003290117
11119,0.0378888027786251
11120,0.9983692607629507
11121,0.3086516252815158
11122,0.886994202627074
11123,0.011721940841570713
11124,0.7628038085368892
11125,0.9035742978040094
11126,0.7826895609631844
11127,0.3733113619426452
11128,0.0005172631469631916
11129,0.595388349944303
11130,8.503044219302734e-05
11131,0.20220006767796578
11132,0.9987521154614095
11133,0.9998473433077998
11134,0.7679111617047284
11135,0.14576618362869978
11136,0.00013381018633664495
11137,0.7040054918948337
11138,0.8480065827982421
11139,0.8531787443278697
11140,0.0675435842754312
11141,0.6438805160480615
11142,0.013445031732921123
11143,0.18651321760622586
11144,0.9987455820478505
11145,0.40356412261634494
11146,0.01706874336756734
11147,0.4622813483437387
11148,0.06929774654597495
11149,0.0005321143224619359
11150,0.20332900847827295
11151,0.9995742603582953
11152,0.9996827555063189
11153,0.25846053662201923
11154,0.9995166592689971
11155,0.6297748109220369
11156,0.9996659992957596
11157,0.1098965844365071
11158,0.11273881886556752
11159,0.9995146591863655
11160,0.999159523880099
11161,0.060312473721466954
11162,0.00023865783388231
11163,0.04465670089659721
11164,0.015108646469954811
11165,0.0004705270979523169
11166,0.27016136140451996
11167,0.0639988970562263
11168,3.163795477259724e-05
11169,0.7967369016149954
11170,0.7251997915051874
11171,0.21621877384693974
11172,0.9995023522782358
11173,0.9999470098549036
11174,0.026413922695736964
11175,0.13922888771056321
11176,0.10208650619627399
11177,0.12408363999981308
11178,0.0035543201413731425
11179,0.7395619270677042
11180,0.02114679315692794
11181,0.7924909566272539
11182,0.11684892221590289
11183,0.07239273056229903
11184,0.9607548602333736
11185,0.0003274892854074522
11186,0.0014684137322918203
11187,0.2152166524605111
11188,0.05003926599416077
11189,0.04350603482229548
11190,0.2839180339156347
11191,0.9979598860111967
11192,0.013605622065107926
11193,0.41945190033127844
11194,0.004509506924702979
11195,0.9995324294668777
11196,0.7117148117389859
11197,0.48125276559495767
11198,0.17987501964266067
11199,0.9995425391193108
11200,0.8071458415837559
11201,0.8196377026015691
11202,0.28468834445095753
11203,0.2601652737288298
11204,0.8757147017774719
11205,0.3228931840147268
11206,0.8064389172219965
11207,0.004439135865605091
11208,0.05328926719441772
11209,9.635340279217057e-05
11210,0.0012839633622030652
11211,0.6272959603153501
11212,0.12413128215607287
11213,0.7216788131306253
11214,0.9993592653552299
11215,0.7137666648878662
11216,0.00015424239815211462
11217,0.003527590438021993
11218,0.0014889372418458431
11219,0.9993368718976022
11220,0.814574173388498
11221,0.008543292338167356
11222,0.026246599580777356
11223,0.461720562998445
11224,0.06748283352254426
11225,0.7669651057119057
11226,0.9989623536061095
11227,0.1982027364613329
11228,0.7823491269159317
11229,5.462654606083275e-05
11230,0.3769576463769735
11231,0.057870272516040704
11232,0.040018524244371294
11233,0.01344949237385811
11234,0.7480245975474032
11235,0.012314383446765994
11236,0.4535102257963881
11237,0.007438221895357493
11238,0.00033046235237932484
11239,0.02505490304873745
11240,0.004398968629243469
11241,0.128661293091656
11242,0.9998403042141668
11243,0.826497950373989
11244,0.14777310451148215
11245,0.013642768877613422
11246,0.0030995287533968872
11247,0.6632347186999809
11248,0.0049650219424324
11249,0.006812225475964857
11250,0.7402811412974973
11251,0.9988600388807602
11252,0.0017606811475355136
11253,0.012276974005555935
11254,0.01748040868980272
11255,0.06560665996965127
11256,0.7518366216808599
11257,0.004787149631095566
11258,0.01737942162332848
11259,0.0024883790600867153
11260,0.7478458345236266
11261,0.382089244041129
11262,0.2792695355396519
11263,0.023033248808436404
11264,0.20021731040320118
11265,0.8157240290560813
11266,0.15570367740399746
11267,0.806468590085583
11268,0.03726200679159117
11269,0.00012629406273494232
11270,0.21532194322492954
11271,0.03472611340841771
11272,0.00016046400347228404
11273,0.17001095294640176
11274,0.34704211330464546
11275,0.9947018411877946
11276,0.1995028905516412
11277,0.5549614066411559
11278,0.5614200308741036
11279,0.9994849175106321
11280,0.5673153987345262
11281,0.002290133708726779
11282,0.005598586111134619
11283,0.8050491944959535
11284,0.011428273475702105
11285,0.46772537354933164
11286,0.5304327038824814
11287,0.011914934335017746
11288,0.043007851738769455
11289,0.4663134824539026
11290,0.9401119437374951
11291,0.8301555682671548
11292,0.00018499030687396822
11293,0.5771046605720811
11294,0.27884951164355487
11295,0.09304482907447699
11296,0.001230090557219551
11297,0.6485698318235844
11298,0.7628972140863449
11299,0.9995024380328671
11300,0.005376925152280438
11301,0.6333960357600976
11302,0.03439852353946135
11303,0.724363762876943
11304,0.09559729349968428
11305,0.9992083056589159
11306,0.5378982545347624
11307,0.006706642790463628
11308,0.04173368036399937
11309,0.03342334475093561
11310,0.756861589225478
11311,0.014918164174552268
11312,0.9988226469720417
11313,0.7898811338560016
11314,0.0005741880407081616
11315,0.11061988455283249
11316,0.5748658571209361
11317,0.9992083056589159
11318,0.011707286800391053
11319,0.9994675392009161
11320,0.86270530410642
11321,0.0008752330771747097
11322,0.023794867821407908
11323,0.0167932932856483
11324,0.0024094500754692537
11325,0.1277297449166566
11326,0.832664805042587
11327,0.9999093049896255
11328,0.008345469970275202
11329,0.10910964331465511
11330,0.6207685526293333
11331,0.11887465123160802
11332,0.8350036711441325
11333,0.3655591697783274
11334,0.9995798581150174
11335,0.9999093049896255
11336,0.0001403676356964995
11337,0.00023551310813982229
11338,0.9472069039135788
11339,0.0012393930692799645
11340,0.10119678617221696
11341,0.7124401131697813
11342,0.03239348944264308
11343,0.9101063865621889
11344,8.28837543020497e-05
11345,0.4201300411757294
11346,0.14768917878627086
11347,0.003276226778606297
11348,0.3115145177444266
11349,0.14980616499508279
11350,0.7840445810692311
11351,0.0005293140955813146
11352,0.024935235911814187
11353,0.004568606273780556
11354,0.9056983931310167
11355,0.07344092352261665
11356,0.10017839906219196
11357,0.25846053662201923
11358,0.04376610161188551
11359,0.06790431926136933
11360,0.031114378881739135
11361,0.9996586581850594
11362,0.2718792240474366
11363,0.8510300696543313
11364,0.09466823943166568
11365,0.0037447340917901783
11366,0.16283301166490116
11367,0.9997462419875793
11368,0.00030564508407515277
11369,0.3458360814190739
11370,0.06114689524779119
11371,0.0011810556910760448
11372,0.3083612165673958
11373,0.4546843527722471
11374,0.12602515860901442
11375,0.9999365398327469
11376,0.21713457847369974
11377,0.03974745309655298
11378,0.026289407291876222
11379,0.002354906533830797
11380,0.5596763592972701
11381,0.26771803380253095
11382,0.682578467100962
11383,0.00034342939341644934
11384,0.5952819860773012
11385,0.20313122053741128
11386,0.5576123472921876
11387,0.13021042358300552
11388,0.00277350146539329
11389,0.544588439584403
11390,0.02332113759272512
11391,0.024607408905200932
11392,0.08809222532099571
11393,0.16957840022962078
11394,0.005014295718765922
11395,0.20916469390643896
11396,0.17204034436654045
11397,0.14662286520072051
11398,0.034361567790939254
11399,0.9998419801513606
11400,0.8568928627145904
11401,0.015969402527915552
11402,0.0064310161896519395
11403,0.004289888510338093
11404,0.9998773496131936
11405,0.9015778351686236
11406,0.27753857566955276
11407,0.4720538130796706
11408,0.999439608394079
11409,0.998783952316723
11410,0.5821057063117897
11411,0.7924488016039685
11412,0.013064881189130873
11413,0.7622989734085375
11414,0.9999303861052631
11415,0.5527991808601089
11416,0.3814640753904697
11417,0.47702171751081396
11418,0.331727230513632
11419,0.00010786933336393286
11420,0.999312093531835
11421,0.8053297402977705
11422,0.3330411305693984
11423,0.2090012237471053
11424,0.00014011750454817013
11425,0.5407069263677344
11426,0.8784888323141584
11427,0.8425165842069019
11428,0.00022209315300395405
11429,0.054833786072065294
11430,0.04088183495107104
11431,0.6562179061359418
11432,0.8504469426932142
11433,0.9997462419875793
11434,0.9056983931310167
11435,0.018304004480259643
11436,0.03624385405698666
11437,0.010194267449932844
11438,0.7205036763836352
11439,0.6056986001270801
11440,0.9993653030443082
11441,0.26382314841315474
11442,0.2824763253324671
11443,0.26897844304851265
11444,0.43157426946606947
11445,0.9994675392009161
11446,0.022811408197767516
11447,0.3005043327945171
11448,0.0015352806789733263
11449,0.0327475635519928
11450,0.0014175482724353226
11451,0.11102961766196776
11452,0.7338271309621576
11453,0.9907371542579683
11454,0.9997302390757247
11455,0.01996893453661002
11456,0.6366337790669929
11457,0.08671271096939111
11458,0.6730766788539406
11459,0.9993227032603824
11460,0.6911624322078421
11461,0.3900404325488644
11462,0.7990316939520815
11463,0.3798254079596847
11464,0.9999157565221076
11465,0.006758683103292089
11466,0.7032606958287635
11467,0.2639689593210685
11468,0.013473403383675251
11469,0.999406182150112
11470,0.9626966594509234
11471,0.6130870907665946
11472,0.0035511033134591197
11473,0.06426342334602736
11474,0.9482628509396711
11475,0.9109324418920169
11476,0.0953586081972928
11477,0.11722584766524695
11478,0.0018925634481823928
11479,0.22767711985027347
11480,0.9156734311946079
11481,0.06559644284735192
11482,0.13904311696687383
11483,0.9458540897527764
11484,0.026625567570448885
11485,0.026240409687548517
11486,0.16461595979368598
11487,0.8608742594898048
11488,0.23090005247273176
11489,0.7684904351095313
11490,0.3911677500391209
11491,0.6600376925129268
11492,0.00543473405525056
11493,0.39335934049100024
11494,0.009024641713059183
11495,0.3206958880896392
11496,0.049113587534474194
11497,0.8091072746856388
11498,0.4653773800016106
11499,0.001452975351108442
11500,0.5920478796465668
11501,0.9027324020909105
11502,0.41438988242324126
11503,0.06114689524779119
11504,0.0007849682888824772
11505,0.6008442261568245
11506,0.26090492075183314
11507,0.05721240847242696
11508,0.7436645177743822
11509,0.9994440737460357
11510,0.004651074312357423
11511,0.3569886776498009
11512,0.9994206542487735
11513,0.24751624807137665
11514,0.6928783449444997
11515,0.6031645044721514
11516,0.8798921625543898
11517,0.9997542609426419
11518,0.9997355508117156
11519,0.006347068645090746
11520,0.21405525869964304
11521,0.1805204423338293
11522,0.0036220784987270626
11523,0.9997492585667325
11524,0.007683492814792829
11525,0.006495258389811653
11526,0.9987455820478505
11527,0.3304502015975461
11528,0.00013625277374482918
11529,0.3924465720989994
11530,0.013745257295783233
11531,0.9998419801513606
11532,0.48277520609407315
11533,0.9994681209974716
11534,0.29609188110638923
11535,0.28204049956060023
11536,0.0603898348323026
11537,0.12032112992714597
11538,0.03397354047640344
11539,0.00039752459739371724
11540,0.6909170468117503
11541,0.9954683378615419
11542,0.6173683560301498
11543,0.0062829438754915075
11544,0.0001210413801862401
11545,0.022542239623275565
11546,0.022455659342623443
11547,0.0009451362116297571
11548,0.05428608491925042
11549,0.46254411842776066
11550,0.9998664268623432
11551,0.09800772511931956
11552,0.999041834812727
11553,0.37038832214615625
11554,0.6632347186999809
11555,0.18988109041263326
11556,0.07174391803092117
11557,0.45446622443236306
11558,0.9998392708859609
11559,0.9998585312244436
11560,0.008830471221691723
11561,0.48704849545647444
11562,0.9998384429378424
11563,0.8076141529731257
11564,0.7489293074986467
11565,0.12834928143971414
11566,0.712096698947277
11567,0.580541861146797
11568,0.6938384395082343
11569,0.8812626962032412
11570,0.00030007253275834414
11571,0.3123527999551864
11572,0.03899480816475367
11573,0.20155275392499938
11574,0.42352332581089935
11575,0.0022415481741522793
11576,0.03628638937145378
11577,0.003216884069213711
11578,0.002989245354201422
11579,0.86382963213743
11580,0.009227209467094856
11581,0.08938193756613814
11582,0.006542447481201256
11583,0.9998722744962142
11584,0.09249478341902294
11585,0.7146020821147868
11586,0.37523529174987974
11587,0.5508516088006269
11588,0.00015421513218734584
11589,0.4878383328167837
11590,0.009583093199731444
11591,0.00013382978477813088
11592,0.009968405814251579
11593,0.4059497515257853
11594,0.07898271456702204
11595,0.9995116042479565
11596,0.020150203396570466
11597,0.999733466471797
11598,0.6520823654041836
11599,0.2707952247282959
11600,0.14989178043950774
11601,0.9996484142293458
11602,0.15669516861397376
11603,0.7940202061995725
11604,0.05250943665487255
11605,0.09303719169835323
11606,0.04367754658004912
11607,0.0311748786956075
11608,0.4508238593911236
11609,0.3275158624421627
11610,0.1486607772157466
11611,0.11614406514359814
11612,0.7467245404654376
11613,0.8459837743473669
11614,0.06706540760480786
11615,0.9998522140310743
11616,0.40457040441241626
11617,0.5188546606886334
11618,0.057081763380981455
11619,0.22309093411351816
11620,0.8831401557602495
11621,0.31561802801734834
11622,0.0021693932990898782
11623,0.0001814963371611742
11624,0.06617742567151921
11625,0.05819693135137437
11626,0.31795319085594376
11627,0.5954599566131858
11628,0.0019817447380881623
11629,0.0005191862525347303
11630,0.9998403042141668
11631,0.9996042116827388
11632,0.040936658705360375
11633,0.9987455820478505
11634,0.22730438161529862
11635,0.03637993982872512
11636,0.9998673316572503
11637,0.3710687464495814
11638,0.005968471166172763
11639,0.9488060019759655
11640,0.9993946551473271
11641,0.007292389137012036
11642,0.9998253844759325
11643,0.006387707840935393
11644,0.13343901167401104
11645,0.36954227993666117
11646,0.0022742493671882437
11647,0.37142883990591974
11648,0.28992529817283164
11649,0.9993618282613574
11650,0.9991962168956795
11651,0.4932659281453953
11652,0.0009106679011140619
11653,0.001343389253774058
11654,0.003986982367132996
11655,0.005309602490811851
11656,0.27895341271269686
11657,0.8172430973039059
11658,0.9993965725538472
11659,0.6983293239292434
11660,0.039611564420546724
11661,0.0036723273108895302
11662,0.01620500675927347
11663,0.7058203505764215
11664,0.0003099933659149839
11665,0.9991481759215926
11666,0.7985683713962379
11667,0.3798254079596847
11668,0.8047686344834015
11669,0.9994476703877357
11670,0.10182349792503877
11671,0.23067572937110042
11672,0.07915981112103426
11673,0.007564853275108297
11674,0.6097706517717977
11675,0.6200274012135966
11676,0.0012796521740473107
11677,0.00014325841589285827
11678,0.23869376570780515
11679,0.03289654861259994
11680,0.0003241386876595354
11681,0.00024209455657154332
11682,0.9986698150546932
11683,0.0050009406866763405
11684,0.7716482149748486
11685,0.003992206291965283
11686,0.7883941719980421
11687,0.2873490050651945
11688,0.9995324294668777
11689,0.000745562239172056
11690,0.0028258635661416328
11691,0.9986831932806907
11692,0.999577562713824
11693,0.86360238168413
11694,0.3075902312955912
11695,0.0024318900548259254
11696,0.007104511134269586
11697,0.06388033150595702
11698,0.002265137743434489
11699,0.5443112808740613
11700,0.99926312994237
11701,0.3098370028992647
11702,0.9996076323529581
11703,0.17485799848349862
11704,0.9128842844434822
11705,0.9996089784973967
11706,0.05673567390467676
11707,0.9595616295256243
11708,0.9996827555063189
11709,0.9985307457099508
11710,0.9635625705701074
11711,0.9972352633365495
11712,0.3356189967665469
11713,0.22479539672853924
11714,0.8489219393846298
11715,0.5667769410777138
11716,0.00858325054915961
11717,0.11479516032360507
11718,0.9998253844759325
11719,0.12502371066681425
11720,0.09352736347288768
11721,0.7347451015259345
11722,0.0018472845361236945
11723,0.0001974637419454825
11724,0.023176075447737168
11725,0.9990293169526175
11726,0.11723186962243479
11727,0.9994864032881023
11728,0.9999093049896255
11729,0.0003399912390564333
11730,0.23234025671690584
11731,0.7415889521139059
11732,0.7708036105075137
11733,0.13214531882803418
11734,0.004822946322590666
11735,0.4522781370270037
11736,0.12387409054478747
11737,0.1623896515788918
11738,0.4823737932468996
11739,0.9993845371374421
11740,0.9993520010644343
11741,0.4087367965284002
11742,0.8221933201201619
11743,0.004942860178861604
11744,0.8099607297626222
11745,0.8951445253761298
11746,0.544588439584403
11747,0.004467432830325243
11748,0.0023342850583617865
11749,0.21018698182426995
11750,0.9996586581850594
11751,0.0001063018320453664
11752,0.24948287016920884
11753,0.15668173358408952
11754,0.9978906468128064
11755,0.7947683471353381
11756,0.28422091440573777
11757,0.3745890936884416
11758,0.883815863260973
11759,0.09652273146867735
11760,0.019600346985942478
11761,0.27407843251735403
11762,0.018904152713594486
11763,0.010461206807045242
11764,0.1618448290614891
11765,0.9994476703877357
11766,0.19165614329103825
11767,0.007810284830842269
11768,0.15511031800490918
11769,7.168324192229793e-05
11770,0.006397295296295045
11771,0.2049801698039088
11772,0.003820155399061448
11773,0.43736674845552864
11774,0.46046955516636406
11775,0.0004165338635492695
11776,0.2991266316010828
11777,0.5179060525213184
11778,0.8376200481435866
11779,0.0028413701046651396
11780,0.8206615776637962
11781,0.6850239205289899
11782,0.004816051746907087
11783,0.012309055226581598
11784,0.7964824971433105
11785,0.22162284414782835
11786,0.7985876939458904
11787,0.6441357888790329
11788,0.9830187367999503
11789,0.34019788043098265
11790,0.004776319842078394
11791,0.0211315814967393
11792,0.9998403042141668
11793,0.06828212013112672
11794,0.9993845371374421
11795,0.0015185419830796997
11796,0.036458097693940934
11797,0.003058644508808027
11798,0.01156943505364209
11799,0.01016620692295984
11800,0.0007141094741294271
11801,0.16991877174730127
11802,0.44733886258378325
11803,0.013595323917813025
11804,0.2713046661686894
11805,0.9995473861879124
11806,0.07477838429348574
11807,0.28520099349509387
11808,0.7116663957713384
11809,0.9982391884960974
11810,0.01226560006358343
11811,0.5154862846434002
11812,0.9992469729744117
11813,0.9992934609248831
11814,0.9991818771040045
11815,0.019507585839515104
11816,0.43070781483672615
11817,0.9996780438803717
11818,0.522291009514003
11819,0.6946832888741854
11820,0.012269723530384058
11821,0.061859590820399914
11822,0.21518791414164823
11823,0.0017489738039442905
11824,0.07433349043098776
11825,0.3945583516597418
11826,0.009777332535299412
11827,0.0022803139188342686
11828,0.32538742304328283
11829,0.7817586142297461
11830,0.37875241749394095
11831,0.03073507090022582
11832,0.17962398848035052
11833,0.006949693456281437
11834,0.3875813231608257
11835,0.9995722604696023
11836,0.08991135276256838
11837,0.747686859095313
11838,0.037626036784943875
11839,0.6064490431229057
11840,0.9145291947034645
11841,0.9993548948506998
11842,0.03231884386866765
11843,0.7507428978371494
11844,0.9994062499357632
11845,0.019796211929809397
11846,0.9995169493902697
11847,0.0003006303536304746
11848,0.05972330852882009
11849,0.31246306173566313
11850,0.22097602650068246
11851,0.9991586256145341
11852,0.004333182093015183
11853,0.4138078354064478
11854,0.9996987430202705
11855,0.8200508786581988
11856,0.39829549968222827
11857,0.004087080561735355
11858,0.42275948418442505
11859,0.38866241463324447
11860,0.031815636920859675
11861,0.32317301234971046
11862,0.9996497955147784
11863,0.48069977950176207
11864,0.726607121566403
11865,0.008610648321068965
11866,0.14474621726469009
11867,0.007054003281267607
11868,0.5639446525887111
11869,0.41793209864251535
11870,0.4352582127902521
11871,0.0035549528639069045
11872,0.0019686885109472863
11873,0.9999169000821652
11874,0.002275732808670625
11875,0.6522537701043128
11876,0.0003017201648486502
11877,0.6520592087746758
11878,0.011715645077578335
11879,0.07219715122752161
11880,0.9992083056589159
11881,0.15119092785003396
11882,0.004838762515777253
11883,0.020333170241247984
11884,0.0004667941278312673
11885,0.048245571679153935
11886,0.7089050170869202
11887,0.19752227303806902
11888,0.7403183840406093
11889,0.4365676920824672
11890,0.008499748012591502
11891,0.006133664847602554
11892,0.1216801372839889
11893,0.999666508742602
11894,0.9995342720711905
11895,0.9987521154614095
11896,0.999703315495614
11897,0.6106462793543456
11898,0.8355304089199197
11899,0.010239997003953881
11900,0.9999365398327469
11901,0.7570044475559513
11902,0.0004456138052216641
11903,0.012912188382979866
11904,0.7687124042835419
11905,0.05207530486306439
11906,0.30662118314123743
11907,0.6492653992912145
11908,0.11604274626028656
11909,0.9984467863322221
11910,0.9994663739126342
11911,0.7619567744974399
11912,0.02047956407892568
11913,0.44436801358653194
11914,0.022905335827842568
11915,0.9998831462333383
11916,0.0027922238184496045
11917,0.8712818196189261
11918,0.21231865801834232
11919,0.9997802738009056
11920,0.04983962425078821
11921,0.6678847319281784
11922,0.7201377353436615
11923,0.5571137396882181
11924,0.9993998727576863
11925,0.13016700205628057
11926,0.6343575467917102
11927,0.0002552589669424512
11928,0.2553488703760921
11929,0.6587564777822743
11930,0.00011174312911612429
11931,0.28215209071365843
11932,0.2787882740084193
11933,0.00037555710465673363
11934,0.9993902270942545
11935,0.12111704250205042
11936,0.048706769942172275
11937,0.07208064688638167
11938,0.05438257539008674
11939,0.000789164544042386
11940,0.18699729298979129
11941,0.31742434337070874
11942,0.005869538865281721
11943,0.000318888875484125
11944,0.002756359362235681
11945,0.9995812858226524
11946,0.054478735495896734
11947,0.08850693226384118
11948,0.9990317988581846
11949,0.18738036858439297
11950,0.35915723551513185
11951,0.046302230977301136
11952,0.036514418799364304
11953,0.5985906967818019
11954,0.848366664737697
11955,0.9993618282613574
11956,0.28128319518408895
11957,0.47519193178649916
11958,0.304059170270691
11959,0.013424871943109802
11960,0.18841673003153794
11961,0.7746188184484198
11962,0.38644873868279644
11963,0.000506432797583445
11964,0.5833472481657993
11965,0.94148365120312
11966,0.9993366173723524
11967,0.0013264103075499994
11968,0.020958308927157294
11969,0.6448768057145805
11970,0.5984542685763992
11971,0.06507234848803725
11972,0.6738884772819301
11973,0.04230315447127678
11974,0.12524660372232496
11975,0.40992474064242534
11976,0.3312801551745419
11977,0.0022073753605527393
11978,0.02054479878790142
11979,0.263753986557133
11980,0.0008214865520599512
11981,0.0004821156070396843
11982,0.002026256758728474
11983,0.06546014667056588
11984,0.0007770947048387794
11985,0.0013962550688531741
11986,0.3512771287222906
11987,0.0014684137322918203
11988,0.10013879065312778
11989,0.05205919639415329
11990,0.0012615785344777884
11991,0.474701745152632
11992,0.1847749475374714
11993,0.9996659992957596
11994,0.9994657175692135
11995,0.6446893137088383
11996,0.5480484853090787
11997,0.999928653168066
11998,0.9994692090074154
11999,0.003987284481930458
12000,0.020860390889323496
12001,0.26387225029726435
12002,0.3187947953658774
12003,0.5172326245539146
12004,0.9983307754821533
12005,0.10503573289601345
12006,0.28166208377265306
12007,0.0004545248076909055
12008,0.07395546858871684
12009,0.825389248509617
12010,0.004165294822036012
12011,4.5664435240027926e-05
12012,0.9999011698500528
12013,0.9993965725538472
12014,0.24999894444085166
12015,0.19024392032580073
12016,0.011036462431602851
12017,0.011496300400745648
12018,0.026329550666342176
12019,0.05600427230999487
12020,0.9968710259357192
12021,0.6546294909790589
12022,0.6776461414680383
12023,0.26257031861927166
12024,0.010952116821660684
12025,0.0008157295899992094
12026,0.8253569485499614
12027,0.3103075249259803
12028,0.05155276988418771
12029,0.0002994684973093267
12030,0.9994348347441976
12031,0.02048268246971881
12032,0.9998240132377882
12033,0.538255661069039
12034,0.8499765876346975
12035,0.00020511497337770507
12036,0.12024331609405065
12037,0.032846880638800494
12038,0.052986958323123064
12039,0.004990506738118249
12040,0.0002633866349269247
12041,0.726648209267683
12042,0.6649949193274723
12043,0.39602230820723733
12044,0.655567865993289
12045,0.9994992196587829
12046,0.2289102251136227
12047,0.9997078993336249
12048,0.009511891846145192
12049,0.09159922020314161
12050,0.031792406249209856
12051,0.10590562922045778
12052,0.2859593026946506
12053,0.5426116718700144
12054,0.0958039411964081
12055,0.9994657175692135
12056,0.0021740322408287686
12057,0.999575635962523
12058,0.9995116042479565
12059,0.0033828642929092947
12060,0.9239135909408304
12061,0.9992568739925147
12062,0.39190553654884897
12063,0.9998473433077998
12064,0.3227255605583784
12065,0.9998722744962142
12066,0.9990558428759767
12067,0.021007921159664756
12068,0.5109006970023873
12069,0.00012237267685146448
12070,0.013050887150482625
12071,0.011307423061771925
12072,0.9986581274817551
12073,0.5576563152086057
12074,0.6856662365270249
12075,0.1562988615141131
12076,0.485949063593028
12077,0.09419805389788753
12078,0.02239463209053402
12079,0.9994476703877357
12080,0.25009675956763505
12081,0.4206826008029464
12082,0.006740477174152082
12083,0.06420359772688493
12084,0.04603102226449885
12085,0.8876987535044837
12086,0.013563911926850029
12087,0.06729798348939853
12088,0.7375512307238432
12089,0.9995884928327212
12090,0.00033528600261408117
12091,0.135049198598351
12092,0.07036812747252329
12093,0.00250161594848974
12094,0.7118894024406413
12095,0.9997954891422282
12096,0.01112334804418357
12097,0.03936102775669091
12098,0.00029967893912956226
12099,0.8770733056983643
12100,0.0002742878812329395
12101,0.003281763103848429
12102,0.003475315184601781
12103,0.6502491236584127
12104,0.9996300165999751
12105,0.6914172958448683
12106,0.9432101492913931
12107,0.0005802069604728031
12108,0.15336989236989984
12109,0.006927575134893521
12110,0.9986514783417707
12111,0.005433366860737174
12112,0.0001547433226684258
12113,0.005851758413871876
12114,0.00028280405602068673
12115,0.3575448310385064
12116,0.18266301280430103
12117,0.0926148246279886
12118,0.019883381310969443
12119,0.6507540449075624
12120,0.7279118747704904
12121,0.26803974685819737
12122,0.5664158648445206
12123,0.024677854155363454
12124,0.9993965725538472
12125,0.00030609309121561445
12126,0.08883508481847702
12127,0.9994436473128939
12128,0.00019621251278095138
12129,0.6351490023998071
12130,0.0019310617661145893
12131,0.21682920540700254
12132,0.7264175474652527
12133,0.07494290223909167
12134,0.12914941056767673
12135,0.7171841068320715
12136,0.9998217083659067
12137,0.13531791199702933
12138,0.9119306110555465
12139,0.2284474770040684
12140,0.9986735555408683
12141,0.5480484853090787
12142,0.005878583495258065
12143,0.18587450904548303
12144,0.011451014020349417
12145,0.005825668001390418
12146,0.999001150458474
12147,0.9993231908712138
12148,0.8606534732366983
12149,0.6269979462298884
12150,0.00023995129862448578
12151,0.6157890753536923
12152,0.0005902552943012159
12153,0.49498731403434276
12154,0.11492669044512545
12155,9.449280525277615e-05
12156,0.9996863584078619
12157,0.041978664460277385
12158,0.005199272306053677
12159,0.07843152831733491
12160,0.31385801228240906
12161,0.8069318818651572
12162,0.429865864098816
12163,0.03410037299289818
12164,0.9998698651421565
12165,0.9997188247102556
12166,0.0481151968110965
12167,0.007057062333534395
12168,0.006740477174152082
12169,0.9991864837073782
12170,0.002383460482296293
12171,0.12153386395211067
12172,0.5062117704827044
12173,0.13945230983677606
12174,0.36747015154041845
12175,0.009459263604184125
12176,0.16709859523945642
12177,0.008644657358223576
12178,0.189667652808792
12179,0.004262333031227993
12180,0.774339947426293
12181,0.9996617449573088
12182,0.2763294144387116
12183,0.6613471211947675
12184,0.038407655040362254
12185,0.8103624487535073
12186,0.005522803353713692
12187,0.5610642147709336
12188,0.9994569785934175
12189,0.14018617864849384
12190,0.9990741039577086
12191,0.4914720173476029
12192,0.061338379725779935
12193,0.0037469864270276688
12194,0.01256194751567685
12195,0.8293809494106935
12196,0.08526179098186604
12197,0.2586934254648106
12198,0.9033898393583073
12199,0.006533762432643463
12200,0.0057803742311708884
12201,0.8636468415040163
12202,0.03314345188001088
12203,0.7285704726717919
12204,0.22928663815456604
12205,0.00764868963331697
12206,0.16284704287077353
12207,0.07728141391498553
12208,0.2595934091770006
12209,0.588617914574712
12210,0.02170865161979138
12211,0.033865123279291205
12212,0.10122305063470707
12213,0.00032012764555129457
12214,2.9882713531900102e-05
12215,0.016996517705219913
12216,0.16545495815395125
12217,0.0008736111118195806
12218,0.10949543027103077
12219,0.9995771710574514
12220,0.00031235601416912666
12221,0.7295490671622096
12222,0.005948078757913307
12223,0.9994254941114246
12224,0.04483770531134915
12225,0.9993965725538472
12226,0.7359551369897832
12227,0.10576222245813242
12228,0.02528884530154166
12229,0.013172618000815213
12230,0.00017051396741573168
12231,0.1360675660225627
12232,0.6328984838415304
12233,0.09822071566882301
12234,0.8390209144331234
12235,0.3523497877832121
12236,0.20796584073741872
12237,0.2754747791867444
12238,0.9998787213275496
12239,0.2594370814323631
12240,0.02026837143988052
12241,0.0005201305467848559
12242,0.13473550005340643
12243,0.0031941450793091415
12244,0.0016870734624483661
12245,0.003746849133576703
12246,0.14761701532727123
12247,0.0005501034653379895
12248,0.8565459863442955
12249,0.05404611105818065
12250,0.9994572711592885
12251,0.8387129659193621
12252,0.9999303861052631
12253,0.9982032590767632
12254,0.9997088001240203
12255,0.23105349279472312
12256,0.9056983931310167
12257,0.8426655547020073
12258,0.9995742603582953
12259,0.33655164158156264
12260,0.00046162795366675813
12261,0.9980082177089993
12262,0.9995425391193108
12263,0.00010890617623992468
12264,0.9995798581150174
12265,0.9998631933262161
12266,0.0002194155192818712
12267,0.8848860762703403
12268,0.15555760576642536
12269,0.9991436726464487
12270,0.5613597490689737
12271,0.5263274502600156
12272,0.7378880955976647
12273,0.1451958037073115
12274,0.002666046564705736
12275,0.8346514367056311
12276,0.007371582730976016
12277,0.08856639516936735
12278,0.014471237720366908
12279,0.9996497955147784
12280,0.9614381615749595
12281,0.9063000255417087
12282,0.006127764559188861
12283,0.7054996173879551
12284,0.005792440730213177
12285,0.9991353142869654
12286,0.9994049153915541
12287,0.19758359598228453
12288,0.00015410770191705644
12289,0.9998820318341058
12290,0.0003695382905719745
12291,0.07600452361733151
12292,0.9979598860111967
12293,0.05108430699465821
12294,0.02089658692893667
12295,0.24184809557568349
12296,0.009871588518432301
12297,0.31393510113329126
12298,0.0014684137322918203
12299,0.14835711002862
12300,0.8011497833312867
12301,0.00032004866026985764
12302,0.0026114293811947496
12303,0.7716950910195293
12304,0.4675493594640782
12305,0.004878067614536692
12306,0.00975855133691431
12307,0.013187610316551569
12308,0.5812730819362569
12309,0.023641597346203212
12310,0.84414522199366
12311,0.45778302218723005
12312,0.001588714857161096
12313,0.3556974788478547
12314,0.03375851832334666
12315,0.20181712385325054
12316,0.8488260898239841
12317,0.9998664268623432
12318,0.5003051584353247
12319,0.3829350715973869
12320,0.9993900675133923
12321,0.3361457905190863
12322,0.07949097272328609
12323,0.7343894969803149
12324,0.014031955757224835
12325,0.997905169112663
12326,0.12721214881122928
12327,0.9996863584078619
12328,0.6263357013333062
12329,0.06401626689867901
12330,0.9253439103049067
12331,0.049016463322851186
12332,0.08339418181495617
12333,0.07809317113991772
12334,0.03750189931792769
12335,0.03516589542454059
12336,0.11084081108700851
12337,0.9953442003352169
12338,0.2216621474522651
12339,0.32007035921965576
12340,0.24267043995106652
12341,0.00819293107010206
12342,0.5071184686702644
12343,0.3464720100387138
12344,0.16301389040232833
12345,0.40352497941100873
12346,0.9998100500626295
12347,0.09964977787483544
12348,0.13536060435476183
12349,0.29336150038173686
12350,0.008652253729098482
12351,0.9998664268623432
12352,0.05589786775788711
12353,0.3205708517999868
12354,0.9956023070431006
12355,0.9965988622582874
12356,0.14350802321228803
12357,0.9994859361192736
12358,0.03352022977486562
12359,0.013821871413950686
12360,0.007648725145256599
12361,0.010596128605867047
12362,0.7334918535263262
12363,0.10989429201945033
12364,0.23232301927476004
12365,0.40583057167518627
12366,0.03199024364326759
12367,0.39147358522999565
12368,0.9883492202604641
12369,0.00042524774122322886
12370,0.9241622529384248
12371,0.1661061102537074
12372,0.0056209579582136866
12373,0.00020742873334574576
12374,0.22147018334485433
12375,0.8227045417898773
12376,0.00018751272633275474
12377,0.9995012340096324
12378,0.014433316257291657
12379,0.16841719093837268
12380,0.4494476693957347
12381,0.11910123307597782
12382,0.725495463082624
12383,0.3943524038595377
12384,0.08837728824618013
12385,0.6662596501214011
12386,0.01307020091222663
12387,7.834052820925104e-05
12388,0.8105340023883449
12389,0.5074820492042297
12390,0.2798305606788627
12391,0.5061117844835471
12392,0.6134080311302338
12393,0.9978478567547906
12394,0.9996994585061451
12395,0.016022126519662117
12396,0.20232425579939256
12397,0.10830591285833965
12398,0.818289651380523
12399,0.028731025819059418
12400,0.019825928713937232
12401,0.22402447293686556
12402,0.00016883708687286125
12403,0.007065792465563776
12404,0.007752211180339827
12405,0.0024454841524207457
12406,0.49728381122919896
12407,0.5394572621225627
12408,0.3095016610154359
12409,0.15414472414326236
12410,0.00010743205544666162
12411,0.014586712816395531
12412,8.171352189903126e-05
12413,0.9996138807140779
12414,0.19141943872438388
12415,0.11736804019526323
12416,0.9996353760196381
12417,0.037952105008755004
12418,0.0037759842380873454
12419,0.04092547682538783
12420,0.9989867434241528
12421,0.9551029005579884
12422,0.005916921431127844
12423,0.012927479801292694
12424,0.9998485534381465
12425,0.9996346301003036
12426,0.0005200970872404069
12427,0.016129366750380143
12428,0.07462465085680797
12429,0.8110858035963546
12430,0.032442566606304735
12431,0.0003603243003155373
12432,0.21568684148099057
12433,0.04517079253946223
12434,0.5563232408166333
12435,0.04138660802829619
12436,0.010128109518301412
12437,0.6231167468232905
12438,0.017745172271293397
12439,0.00022196886947751387
12440,0.6796032593148448
12441,0.005506717118457007
12442,0.8044944678320134
12443,0.10621209152601511
12444,0.028178013894972355
12445,0.5438001532285165
12446,0.00442091897636587
12447,0.7510939099536955
12448,0.6307863608018353
12449,0.07297421361692699
12450,0.9998403042141668
12451,0.000254840198824838
12452,0.49457597092457056
12453,0.022713904400444546
12454,0.016373883808221797
12455,0.1601334519466805
12456,0.19967267471339784
12457,0.024217480971019924
12458,0.002385807737444649
12459,0.0005916087816226615
12460,0.06718798555832259
12461,0.26863396785878596
12462,0.7772041255480912
12463,0.7278868871046396
12464,0.0033708184435951314
12465,0.3679211183469621
12466,0.7416247538888728
12467,0.018623745193106053
12468,0.9994460574021595
12469,0.0052368438127739945
12470,0.02415965910789757
12471,0.10812249905186445
12472,0.007916076684614396
12473,0.9995812858226524
12474,0.0004347049259493249
12475,0.25973240385137597
12476,0.007748917542908335
12477,0.07141395485567922
12478,0.0005214795373028507
12479,0.7975075157979845
12480,0.04345272845007788
12481,0.11171353850322496
12482,0.8980501010197229
12483,0.0027473954811305643
12484,0.00043231771124743924
12485,0.34756868881340613
12486,0.0893244154554265
12487,0.7145392551409194
12488,0.03891650243364497
12489,0.33003546819023033
12490,0.4153125234907078
12491,0.999733466471797
12492,0.7426912885478476
12493,0.00016888411361735205
12494,0.9991905365868267
12495,0.8237848099474069
12496,0.2755315724162918
12497,0.8073462667979607
12498,0.4645159687696159
12499,0.27243459042520957
12500,0.00036281225660143336
12501,0.8047105386227037
12502,0.9993893043710196
12503,0.18647739385508874
12504,0.09129661764121476
12505,0.001401576533596774
12506,0.001567382075686207
12507,0.7882932495909605
12508,0.9994015883706447
12509,0.03800015890366269
12510,0.42439956292346065
12511,0.05444467221480296
12512,0.9585030870146563
12513,0.9998993680851265
12514,0.4817363279735263
12515,0.99926312994237
12516,0.8096182510985015
12517,0.8277532124550785
12518,0.7373393230782515
12519,0.5824893592209593
12520,0.5648912329391782
12521,0.11987939879575114
12522,0.04593321633449743
12523,0.37612937659790524
12524,0.28544060537327304
12525,0.9762979345248483
12526,0.014383374198834134
12527,0.5968863196606589
12528,0.9992139935956821
12529,0.218327609440185
12530,0.006024672736807895
12531,0.04664217423445719
12532,0.5575192557997953
12533,0.9996232769201447
12534,0.3981717376505506
12535,0.003326216253189711
12536,0.9996374206055896
12537,0.9998631933262161
12538,0.005984585421292097
12539,0.9997881029566714
12540,0.0009375547805473082
12541,0.03204759103796103
12542,0.034361567790939254
12543,0.9996639375943915
12544,0.4961555802409495
12545,0.027017523361390208
12546,0.3464080108720085
12547,0.592387706111525
12548,0.0025726698418611525
12549,0.9994101206118264
12550,0.2716620575988761
12551,0.3357881062798705
12552,0.0013909323472594585
12553,0.11640696281651466
12554,0.21773437678794313
12555,0.0022364703317380597
12556,0.010292270888089363
12557,0.747124104126607
12558,0.9986514783417707
12559,0.44724033933154034
12560,0.015557473239255173
12561,0.29961843540965977
12562,0.0009196582050616163
12563,0.9995361350633379
12564,0.5758522014762898
12565,0.0018861750838216488
12566,0.002217245102224113
12567,0.16859557003656414
12568,0.3170766765268866
12569,0.8578546753384803
12570,0.18500571103211036
12571,0.033738234450415044
12572,0.5291919584671131
12573,0.8591437849095213
12574,0.00028817986669221003
12575,0.9992469729744117
12576,0.005340034899450485
12577,0.004113264275859825
12578,0.16632675837929478
12579,0.022412506605850736
12580,0.012009863901507881
12581,0.3274038671165914
12582,0.7520226172087862
12583,0.9991653614104213
12584,0.8436290755719501
12585,0.008046086594264555
12586,0.03487107723500532
12587,0.002936761806221964
12588,0.06391312814234623
12589,0.07623859958417672
12590,0.7862313774186718
12591,0.48685214584415015
12592,0.9630471032748946
12593,0.9995665207829566
12594,0.01890600487376422
12595,0.9253439103049067
12596,0.023424443272106063
12597,0.2669778688278181
12598,0.999542288677003
12599,0.01854747245452564
12600,0.11716432352149687
12601,0.9990936452772138
12602,0.9595616295256243
12603,0.42771734009351386
12604,0.679452391536409
12605,0.46246727276604344
12606,0.007261563381741549
12607,0.047248044182795865
12608,0.010747361365565852
12609,0.06324053299937549
12610,0.9993924521833858
12611,0.09811234188848361
12612,0.17960079859090605
12613,0.007027054420253147
12614,0.0010580061373032029
12615,0.2931126694373528
12616,0.05906465900633887
12617,0.7866270875454837
12618,0.1521542684397382
12619,0.5599510036633555
12620,0.0003660497483764917
12621,0.08937614685143226
12622,0.403589186585028
12623,0.7883116461264472
12624,0.0503104731187256
12625,0.17643135057804407
12626,0.40880920685395933
12627,0.9999097150244624
12628,0.6244406625251856
12629,0.03341793066812264
12630,0.8169934229301369
12631,0.6855806985812767
12632,0.178289314427313
12633,0.9996036211221293
12634,0.43037417983670134
12635,0.03608578217989145
12636,0.6405976665994143
12637,0.570207545056752
12638,0.06574731449973434
12639,0.571777321102262
12640,0.7308003751067039
12641,0.7790768752451986
12642,0.23250145770135267
12643,0.006046600961876244
12644,0.348023309813494
12645,0.000269826190806207
12646,0.48998556531789483
12647,0.9993227032603824
12648,0.21270148848309306
12649,0.21413042337329408
12650,0.9179497000650696
12651,0.017963675127090288
12652,0.17981535724379083
12653,0.22086032763509086
12654,0.35675694411859593
12655,0.009401298536821963
12656,0.7104120626573394
12657,0.014966665512167486
12658,0.03080482180928846
12659,0.09417300766312517
12660,0.17725583541027182
12661,0.00011306292360623374
12662,0.044840198382800345
12663,0.023730092695909942
12664,0.08806260449729812
12665,0.1036996583837451
12666,0.9993592653552299
12667,0.6878843232871575
12668,0.005673185161275478
12669,0.03732710707095147
12670,0.5691872748546105
12671,0.7627812666207273
12672,0.005377616778107854
12673,0.017987504478107152
12674,0.014526941983834243
12675,0.3463715799865242
12676,0.2983889226401176
12677,0.060570545140216245
12678,0.9997311325715398
12679,0.9312500046354654
12680,0.0025726698418611525
12681,0.5746836994230532
12682,0.009622625301353186
12683,0.9995960329258502
12684,0.7163590913714566
12685,0.9987455820478505
12686,0.00016355243054474755
12687,0.019464020462961296
12688,0.015946894107126047
12689,0.01786743724000386
12690,0.7153763123703846
12691,0.0002701403939854624
12692,0.8333987676654899
12693,0.06559644284735192
12694,0.999911851906423
12695,0.3825163873098551
12696,0.7800549235941006
12697,0.00010233355015820413
12698,0.16027933639816694
12699,0.0710244296238759
12700,0.1375583981717641
12701,0.8521051586764709
12702,0.19129085425902265
12703,0.010482064830008847
12704,0.008096111378594385
12705,0.0231738818200605
12706,0.097343921723071
12707,0.9991464362422817
12708,0.9998473433077998
12709,0.9996827555063189
12710,0.9995116042479565
12711,0.999796313899291
12712,0.043838762113219805
12713,0.9503962731043568
12714,0.011657545355711115
12715,0.5185515513071473
12716,0.49387820678488065
12717,0.9983673234058241
12718,0.028079231721568926
12719,0.13967155252229116
12720,0.8265321595951586
12721,0.9995166592689971
12722,0.21794882574694274
12723,0.3154458826463372
12724,0.0018876252848076096
12725,0.9833485113263941
12726,0.0690923174361005
12727,0.0074155827708743335
12728,0.018939467393981484
12729,0.3425157024176515
12730,0.0004040711098170265
12731,0.9995012340096324
12732,0.730420894338727
12733,0.323924938390627
12734,0.00011738181998934223
12735,0.41236462726374384
12736,0.1635913120347849
12737,0.7173411812805758
12738,0.0688265596953115
12739,0.34365892685259186
12740,0.4546213458744223
12741,0.34275232086210816
12742,0.9996863584078619
12743,0.0210974549600062
12744,0.9991962168956795
12745,0.8071345235860349
12746,0.9993902270942545
12747,0.008047630049540275
12748,0.4868419392172604
12749,0.7288548167456417
12750,0.5038582440337066
12751,0.9999011698500528
12752,0.029051972652082172
12753,0.05959478533557675
12754,0.0009846044872858315
12755,0.8295014949808469
12756,0.9995952278969131
12757,0.00802328696903692
12758,0.9425158917891387
12759,0.006070516241020941
12760,0.03185425888431816
12761,0.9998217083659067
12762,0.0004999586583676311
12763,0.17197861669482706
12764,0.0015861861977284177
12765,0.011142137589387964
12766,0.00931442341909949
12767,0.3263012727564454
12768,0.0002266509024323616
12769,0.012641146401270521
12770,0.9996639375943915
12771,0.7088692446725596
12772,0.026093069387431837
12773,0.11858734596869197
12774,0.06953980466893196
12775,0.9998618626343602
12776,0.29753723472526766
12777,0.0003204448390495062
12778,0.0188512103684472
12779,0.9985571613787362
12780,0.0004185917301580726
12781,0.00031798399547237855
12782,0.2594303037149174
12783,0.9992568739925147
12784,0.11091309365396217
12785,0.15524511892662277
12786,0.002534895334982
12787,0.7019129231027378
12788,0.22485721459795668
12789,0.5762580623081204
12790,0.0021710991310170988
12791,0.6913300977348812
12792,0.0062182201111047886
12793,0.012871067835573137
12794,0.1934059756024916
12795,0.0003876767773115729
12796,0.3629434952600905
12797,0.00033190208326132586
12798,0.7577048618297297
12799,0.0022814667927341077
12800,0.8350707587639352
12801,0.0015244528626146107
12802,0.005061370852143853
12803,0.29311650397617245
12804,0.7018930966644472
12805,0.999882899862167
12806,0.3315761099775303
12807,0.6445416504831927
12808,0.9996243956008317
12809,0.9994849667167324
12810,0.00013904037879054382
12811,0.01304864068727573
12812,0.08081241801653324
12813,0.00017400575788137934
12814,0.6520013987628421
12815,0.08769650116199644
12816,0.9997718608303992
12817,0.13429955955512438
12818,0.7239059930957444
12819,0.0027326309077898465
12820,0.03684044135502954
12821,0.9173478139413175
12822,0.5720558548391741
12823,0.25015461282855583
12824,0.012536308633729705
12825,0.9995798581150174
12826,0.15066021362969007
12827,0.500482009864771
12828,0.20797780973504137
12829,0.03558143723700418
12830,0.05072405612843885
12831,0.0007245598199225938
12832,0.8592008022017449
12833,0.6962142496989404
12834,0.06342998616455288
12835,0.26787266566707263
12836,0.999611830541882
12837,0.9241622529384248
12838,0.22541748866142652
12839,0.6642408610470362
12840,0.004331180008264049
12841,0.0003030178604975108
12842,0.015261044940122198
12843,0.863213993887585
12844,0.0005840987788160764
12845,0.2241724203515876
12846,0.9997189712889736
12847,0.11249085040610886
12848,0.11831592718767925
12849,0.01027845160154369
12850,0.5453789994502658
12851,0.0021226699626018895
12852,0.02051170243875139
12853,0.46796614177074164
12854,0.4886751450977372
12855,0.8219097106051021
12856,0.028145134054389193
12857,0.0066137369812583014
12858,0.016225608519917452
12859,0.024130884722256003
12860,0.6574062660336074
12861,0.9999661062650328
12862,0.05741976146888358
12863,0.7672253284016397
12864,0.03257405165552406
12865,0.18734185896904362
12866,0.9993816785534524
12867,0.05982027515198938
12868,0.04189691920949404
12869,0.5186610855666884
12870,0.2441059625106812
12871,0.00033030340952693634
12872,0.21166420272430467
12873,0.27060248769723405
12874,0.5535728608249886
12875,0.6504287599127608
12876,0.0026069043242339276
12877,0.006937015446450838
12878,0.999615915396709
12879,0.9995812858226524
12880,0.9988079001647004
12881,0.7632051344340476
12882,0.018442121182064692
12883,0.7043551789184925
12884,0.6011977464660806
12885,0.8955502644702331
12886,0.9993288347606478
12887,0.12104607550840006
12888,0.0013350924561885513
12889,0.2564249866308087
12890,0.9993924521833858
12891,0.0005129101533185947
12892,0.45313348301814604
12893,0.0013413695839611297
12894,0.00278203762729145
12895,0.043244667312669446
12896,0.13875152665627408
12897,0.9997973281153908
12898,0.0010624844731895089
12899,0.0015739384797570806
12900,0.06727749819107022
12901,0.7999988398140473
12902,0.4661187743451165
12903,0.6321071043237462
12904,0.009798885002530934
12905,0.01054052170219703
12906,0.007354594463600226
12907,0.012599035840805392
12908,0.9998335680172166
12909,0.05636578860189071
12910,0.7591011889578919
12911,0.002159859353133994
12912,0.04847266754568825
12913,0.9279811009426516
12914,0.49411752684442245
12915,0.0010794346086484758
12916,0.04380003156434755
12917,0.4842288530280979
12918,0.9995812858226524
12919,0.0704380651171267
12920,0.11909805197219522
12921,0.02697241322909039
12922,0.9998328228016372
12923,0.2098428322204011
12924,0.5615155119440567
12925,0.29081310636312846
12926,0.2246599324423674
12927,0.10805857890130077
12928,0.005686313072008413
12929,0.7821737857068031
12930,0.9990898306428669
12931,0.1600295476891222
12932,0.0004955453105337668
12933,0.09992946141356587
12934,0.018073958899305777
12935,0.745099599186519
12936,0.01978514944901161
12937,0.0555515721285237
12938,0.6384402890882849
12939,0.13392497817606014
12940,0.9990758091663896
12941,0.9985889755646586
12942,0.03662843499174724
12943,0.002157341277746463
12944,0.28356305274573507
12945,0.01452828008316154
12946,0.008688666057135216
12947,0.9997973281153908
12948,0.8759428430883149
12949,0.9995629525454479
12950,0.011987997110442829
12951,0.31027273256010984
12952,0.9997973281153908
12953,0.9996501135545404
12954,0.019638073135892036
12955,0.0003053118064501425
12956,0.9999157565221076
12957,0.1301764391617566
12958,0.2727869168749414
12959,0.7551168603426481
12960,0.0018472845361236945
12961,0.8030596110583504
12962,0.6718246082824405
12963,0.9994668018729379
12964,0.45089253215235225
12965,0.3085109582104436
12966,0.0024554615984507177
12967,0.09459254708060778
12968,0.00421823076920643
12969,0.0033287061736962235
12970,0.1091121514318675
12971,0.7350898646428167
12972,0.9999352383912561
12973,0.33311957716451585
12974,0.07965454808652642
12975,0.46483392835227744
12976,0.48951426926531816
12977,0.3977047792954817
12978,0.9966539711417114
12979,0.00010771584570326016
12980,0.1675853246301047
12981,0.5247493126492361
12982,0.03365169702787266
12983,0.07172631421662985
12984,0.018804959256959172
12985,0.015350915286633161
12986,0.00726287436053266
12987,0.017723645895081037
12988,0.9996300165999751
12989,0.9986637485459895
12990,0.01209052648568863
12991,0.2032780100509129
12992,0.6351732473383651
12993,0.0001881371768017983
12994,0.9961387695029311
12995,0.0009353094136692296
12996,0.02444710069572482
12997,0.9997718608303992
12998,0.741724496440489
12999,0.0007262851862574856
13000,0.6905561160126685
13001,0.00677615750126841
13002,0.28461194217526903
13003,0.006060997765442061
13004,0.03699963521532701
13005,0.5227413257404313
13006,0.0020204500065062153
13007,0.4053135742230915
13008,0.9998403042141668
13009,0.9998419801513606
13010,0.006541114486925778
13011,0.01625285640005136
13012,0.9992083056589159
13013,0.4068889432072687
13014,0.999439608394079
13015,0.027748263260307306
13016,0.006404685725289235
13017,0.0068627242256010385
13018,0.0004973627044953898
13019,0.0035337287833987017
13020,0.6707932611297148
13021,0.09587800500322273
13022,0.04215612625751088
13023,0.0004314256197759957
13024,0.325094939215592
13025,0.017503800991164345
13026,0.04754829924921977
13027,0.86360238168413
13028,0.9997718608303992
13029,0.24676374942891235
13030,0.019797455767222367
13031,0.2775414682962045
13032,0.00545675516962994
13033,0.9990692969893158
13034,0.48792972384088806
13035,0.14178047242704517
13036,0.4854072342949639
13037,0.531126813308407
13038,0.49655092629270214
13039,0.0021226699626018895
13040,0.20446428802647837
13041,0.682919520255082
13042,0.3904670028219864
13043,0.5855471065272836
13044,0.013930939918992153
13045,0.2217755270356663
13046,0.46989299505669613
13047,0.5204740055413579
13048,0.07896496097358027
13049,0.00023958531897919156
13050,0.11532715599903175
13051,0.48403320822970414
13052,0.34643394046769527
13053,0.209915587508856
13054,0.004874642538210084
13055,0.13487458109113254
13056,0.00025397191951955986
13057,0.9994436568304363
13058,0.9993548948506998
13059,0.10339894250504823
13060,0.047913738505899604
13061,0.8371268908587907
13062,0.009401305676345196
13063,0.999715078560679
13064,0.5104311358430095
13065,0.7116659025549176
13066,0.9999157565221076
13067,0.9994656618260512
13068,0.9998459503235576
13069,0.004100833705245758
13070,0.30551600399013074
13071,0.001292596618178059
13072,0.09736848832095753
13073,0.0003142546072269766
13074,0.6752927705971944
13075,0.01189819686853857
13076,0.2830266280597671
13077,0.9995522735235086
13078,0.5610600094095002
13079,0.0035839412083701993
13080,0.01250554444123578
13081,0.21958529653825923
13082,0.5573841029537645
13083,0.0004014967264891009
13084,0.0009345984079412393
13085,0.18386773480684623
13086,0.006411026114709954
13087,0.9996484142293458
13088,0.10930951436192059
13089,0.8240546814921569
13090,0.8910752327206242
13091,0.9998307631118593
13092,0.005954882468980263
13093,0.9995771710574514
13094,0.028071148292212345
13095,0.9993592653552299
13096,0.01656854024274221
13097,0.00041714703006375767
13098,0.05603238236807877
13099,0.0015394707829630508
13100,0.15629906096098156
13101,0.6186897894543208
13102,0.012211328062012942
13103,0.008614368568792776
13104,0.7518148145938095
13105,0.9995962505625071
13106,0.9966256084606643
13107,0.09541768809710163
13108,0.1305578177256188
13109,0.20714146885803905
13110,0.011131860976559391
13111,0.757257774004665
13112,0.7217768556419397
13113,0.8615716739677893
13114,0.7300902968621811
13115,0.33158305381425385
13116,0.038065994007377674
13117,0.24820963409432584
13118,0.04910112259860253
13119,0.40352497941100873
13120,0.4632922235735781
13121,0.0072077115761933945
13122,0.999439608394079
13123,0.00028818121410447014
13124,0.9287842555963289
13125,0.9979885963063894
13126,0.9568378190157446
13127,0.7289574902248057
13128,0.4885140910185945
13129,0.8855251196542594
13130,0.26431130408786224
13131,0.4214392149653144
13132,0.6772741564724452
13133,0.7410266085279253
13134,0.6971504715352053
13135,0.9995235636184652
13136,0.3137695579299851
13137,0.013613256211066016
13138,0.6159241789550318
13139,0.48205475853338486
13140,0.5738420578422344
13141,0.9996374206055896
13142,0.4421695616214569
13143,0.6437450551536025
13144,0.23138756167128696
13145,0.09350757691129209
13146,0.8401229021281753
13147,0.0049759016530810255
13148,0.5835090046948852
13149,0.00034999647914763724
13150,0.007164206069815567
13151,0.8734975276219069
13152,0.09457876878342897
13153,0.0002854518272608957
13154,0.5820040906848117
13155,0.007208202371403836
13156,0.6152933437198937
13157,0.005529015943797065
13158,0.9998180183431119
13159,0.041474155800553136
13160,0.08332728034155212
13161,0.5740145806627409
13162,0.06798343962989005
13163,0.09816106453576794
13164,0.24357629846730705
13165,0.04422240111140598
13166,0.639920328576643
13167,0.0035347122654087347
13168,0.3204559944089752
13169,0.004597240577663504
13170,0.9997718608303992
13171,0.03435069721447051
13172,0.6730312515630983
13173,0.00011645894336568727
13174,0.26426561014764394
13175,0.2974905099302316
13176,0.0004669660038302477
13177,0.35401224326359776
13178,0.3383687504290442
13179,0.2435248987021824
13180,0.01062445800952826
13181,0.6082177480557578
13182,0.6392016877960188
13183,0.7085220923781054
13184,0.014628388397422986
13185,0.0536568190794136
13186,0.032111560019722846
13187,0.00046679441798501734
13188,0.00018582228213353508
13189,0.6133112545918963
13190,0.6910581297951262
13191,0.030166915937005562
13192,0.0004596945205056009
13193,0.4863009672625724
13194,0.5390291876593577
13195,0.3910468721836746
13196,0.7148738610500132
13197,0.8058241870590457
13198,0.10282973451614237
13199,0.46289400805314823
13200,0.8574150725743976
13201,0.006519834587053977
13202,0.27123837895913033
13203,0.18747481217575665
13204,0.529595693533029
13205,0.001560519454658642
13206,0.8989888233881074
13207,0.9994766648736836
13208,0.01600154900660388
13209,0.9996076323529581
13210,0.2799918919902801
13211,0.3642814983956169
13212,0.20592019552784985
13213,0.15066162641104344
13214,0.0017272710018865168
13215,0.13380024253350484
13216,0.13352015028787992
13217,0.0014064960134902093
13218,0.9999164111276294
13219,0.9987521154614095
13220,0.5551969212490298
13221,0.00012829726139753446
13222,0.6535373960632509
13223,0.7346607106493964
13224,0.00013884777259989787
13225,0.010123672327056465
13226,0.033273167601242715
13227,0.14069000025419912
13228,0.00036030900623347176
13229,0.8575327139177307
13230,0.9995952278969131
13231,0.0074642911412581775
13232,0.04524884104992211
13233,0.005833005755393305
13234,0.5043840414564446
13235,0.025283254053773588
13236,0.30201540219288453
13237,0.9993787046968168
13238,0.6388245160328205
13239,0.5980123340395986
13240,0.0017300721935943452
13241,0.9995297155861302
13242,0.4395907272958742
13243,0.9994078916627177
13244,0.9996475947094319
13245,0.7873753763123662
13246,0.30334690557222355
13247,0.014446307357951993
13248,0.019776727592483234
13249,0.010461964836036553
13250,0.3383687504290442
13251,0.1147554850113228
13252,0.7662360870592233
13253,0.8092505878234827
13254,0.012904580392150365
13255,0.999874483116327
13256,0.01905228838845056
13257,0.9170679908140933
13258,0.0022461159414680714
13259,0.8609217407866635
13260,0.43351786403715326
13261,0.29253863174711203
13262,0.08844186367330403
13263,0.037991019584733096
13264,0.23728783506787224
13265,0.40928232302701906
13266,0.04901162096485519
13267,0.08795233245581781
13268,0.007126951945559044
13269,0.013145945132549087
13270,0.27724542718191575
13271,0.9990866798642433
13272,0.5440095565686786
13273,0.007786304047714502
13274,0.33172564157448353
13275,0.7030407356010181
13276,0.2782419274786902
13277,0.6547327882910079
13278,0.009268822069450766
13279,0.011665681251402207
13280,0.29153873253025414
13281,0.9996362818870419
13282,0.0007932397628493427
13283,0.006824186045148213
13284,0.2546862955447756
13285,0.026190385079902047
13286,0.0484566062952383
13287,0.3673416636834703
13288,0.3424048994511833
13289,0.002425897258893445
13290,0.7686448130969681
13291,0.9995122682052562
13292,0.00512143833350394
13293,0.019355245884777425
13294,0.9997292720013966
13295,0.07929850461724657
13296,0.9997470810732246
13297,0.33675626201344894
13298,0.9997973281153908
13299,0.8375606389428137
13300,0.6802148868792999
13301,0.8241927137436091
13302,0.00033715635545488804
13303,0.9995798581150174
13304,0.6158502331173904
13305,0.043069077578426825
13306,0.7125433213097144
13307,0.004113264275859825
13308,0.0014941991269605416
13309,0.0032975485670953242
13310,0.015698937905692094
13311,0.6524053735427185
13312,0.013359060378197764
13313,0.00038049221359129663
13314,0.632797620978899
13315,0.9996987430202705
13316,0.3898786414203966
13317,0.9996077997247858
13318,0.01598685307234867
13319,0.021006363389129427
13320,0.08712250498234742
13321,0.9979598860111967
13322,0.5260434996660467
13323,0.4278007909815378
13324,0.00044297727332176246
13325,0.015436777869695712
13326,0.001099210967865607
13327,0.01091688328304209
13328,0.9994015883706447
13329,0.9999093049896255
13330,0.04618915493534419
13331,0.9995071701578532
13332,0.2848874352560771
13333,0.14898948543508272
13334,0.009977854410311966
13335,0.9997542609426419
13336,0.011512633235724828
13337,0.37804048646003513
13338,0.5687448649332283
13339,0.2347262112091474
13340,0.019709574489148004
13341,0.0022626475617927118
13342,0.0012434266696071336
13343,4.798899974619131e-05
13344,0.011876144729092273
13345,0.1230958157465814
13346,0.24304765410273693
13347,0.6019105439517608
13348,0.010574260897370897
13349,0.13425076937855981
13350,0.9797923802529305
13351,0.5661253572055956
13352,0.019815192049985907
13353,0.9596047746845717
13354,0.12133421920091533
13355,0.9996300165999751
13356,0.49492694017749583
13357,0.52091057556269
13358,0.9993692796144571
13359,0.6416852031026858
13360,0.23590134856299064
13361,0.010928059944006006
13362,0.24083544235585158
13363,0.3345491795356111
13364,0.0006438470217232639
13365,0.6844957796444724
13366,0.2707738994059714
13367,0.004167205498413224
13368,0.006334323820324778
13369,0.002297447701612175
13370,0.771159167903768
13371,0.9366775168276054
13372,0.2786882127358119
13373,0.7463111390710896
13374,0.008766451531766552
13375,0.40819817324725655
13376,0.005819256628478406
13377,0.18848364657287156
13378,0.4723083399050159
13379,0.059527589961649814
13380,0.6359289386219479
13381,0.09943163507568986
13382,0.0031755495781501273
13383,0.1995714469089589
13384,0.1080677846239964
13385,0.00599589926191889
13386,0.009945110213389683
13387,0.9990367231799616
13388,0.2800612876166551
13389,0.00040173606486627845
13390,0.032490660681642955
13391,0.36359784145716106
13392,0.023978647181324544
13393,0.07276861488101019
13394,0.011413974197442785
13395,0.36056543518343864
13396,0.13567826350912543
13397,0.9996042116827388
13398,0.011376159462729764
13399,0.012119342101154583
13400,0.00011689038071945034
13401,0.010786425212109851
13402,0.0009394191586459748
13403,0.009761917954840178
13404,0.0007877625643160618
13405,0.21682920540700254
13406,0.39584863481753185
13407,0.429467030622667
13408,0.34159719437081637
13409,0.3549704831551888
13410,0.16126596950324004
13411,0.398086417394987
13412,0.9994542939190878
13413,0.005072303438295152
13414,0.18517642318373342
13415,0.9998704317422271
13416,0.4603220223504463
13417,0.09030433067597711
13418,0.12035015078262822
13419,0.005650220100428043
13420,0.0040232258539704205
13421,0.04645741901683393
13422,0.7297452221968376
13423,0.1562820687357709
13424,0.08833451472333033
13425,0.8660983749529102
13426,0.13925508478166626
13427,0.842233708883454
13428,0.9997455105261324
13429,0.03561896434013782
13430,0.9986514783417707
13431,0.1810562517896835
13432,0.017032540588814694
13433,0.39455113600930297
13434,0.4762535654261283
13435,0.013554590737019997
13436,0.24828325416237207
13437,0.0029601200985176226
13438,0.9996747927915519
13439,0.817250213933257
13440,0.6480707644439295
13441,0.9996114086760756
13442,0.14466142627359396
13443,0.36670966202535565
13444,0.0003031363820577583
13445,0.532133349713397
13446,0.9998384429378424
13447,0.9045330020522379
13448,0.7473533580773192
13449,2.7305166401492578e-05
13450,8.98553744045687e-05
13451,0.9109952111962258
13452,0.012486005277828956
13453,0.4486549515754078
13454,0.00032327669812193645
13455,0.40107662132945365
13456,0.9996427814006416
13457,0.1479386340751784
13458,0.9999226683110549
13459,0.5003999740280085
13460,0.004767520329421233
13461,0.6394042024844848
13462,0.999662296998525
13463,0.6931594410701212
13464,0.00023367736345375825
13465,0.10029280597786865
13466,0.0029194450263645656
13467,0.007373120993929902
13468,0.7741538621564931
13469,0.17249971929290467
13470,0.26747077822890875
13471,0.41529958774877723
13472,0.00040936536777433054
13473,0.0017397119277871172
13474,0.8066214458386443
13475,0.6228372845089006
13476,0.314670447298394
13477,0.028230098248740784
13478,0.006305866180961649
13479,0.9969353860299444
13480,0.02380067621114089
13481,0.0018548304359431575
13482,0.28665606531696575
13483,0.7032502727714316
13484,0.361718686336701
13485,0.06214677644233999
13486,0.1900298143993038
13487,0.16651202727123676
13488,0.6836492919005794
13489,0.09757971837082478
13490,0.17962700626635736
13491,0.1825468898097545
13492,0.8648520473333545
13493,0.9996374206055896
13494,0.08460934872473143
13495,0.45189139585600446
13496,0.746294210555814
13497,0.017609236813064824
13498,0.07938761859407771
13499,0.011956574743792303
13500,0.018143723441883027
13501,0.11468731910599603
13502,0.11390514173622364
13503,0.10275962148658624
13504,0.9994604115714957
13505,0.00031814217760015083
13506,0.9995522735235086
13507,0.0010901584708430583
13508,0.9995324294668777
13509,0.0033952173718736997
13510,0.46603148190209975
13511,0.0019541967466187703
13512,0.3761692531062702
13513,0.018331696844498847
13514,0.9043574641315079
13515,0.21882899145771575
13516,0.9994525124632404
13517,0.050333649009146136
13518,0.7688325458496061
13519,0.8716795028944985
13520,0.7838189768089254
13521,0.06289097454285968
13522,0.4605927634619337
13523,0.2449590958921391
13524,0.5712566714121544
13525,0.9995324294668777
13526,0.0074008633892752255
13527,0.8264350295076961
13528,0.9996351704568036
13529,0.0013153263380884868
13530,3.621961856073804e-05
13531,0.45993101304481204
13532,0.15552029506282758
13533,0.9107524842722318
13534,0.7022111132634348
13535,0.724202987728135
13536,0.11596233016753929
13537,0.055054011479737756
13538,0.38541555657380416
13539,0.0432749567521794
13540,0.6382455999903104
13541,0.008805759494116277
13542,0.08185549221167197
13543,0.9993902270942545
13544,0.011869176178702291
13545,0.20478862292692757
13546,0.7101656403281239
13547,0.00015131555933015184
13548,0.9995829363491657
13549,0.12873971717815919
13550,0.7460404826676067
13551,0.011719849664400414
13552,0.0018203001130188566
13553,0.14650422307379976
13554,0.9995080643116985
13555,0.012656704252751545
13556,0.1564957186489463
13557,0.0032495824133651433
13558,0.299553268230237
13559,0.9876835471574258
13560,0.3887932011071355
13561,0.10691634417405128
13562,0.8217367525784374
13563,0.2572456042498472
13564,0.003478836997240766
13565,0.1957111985394232
13566,0.053530972639143394
13567,0.2613601313919228
13568,0.9997097736263099
13569,0.49134974299920203
13570,0.5053948004078634
13571,0.1314325341491422
13572,0.06927227858423532
13573,0.46891126378402126
13574,0.24820963409432584
13575,0.9998880115702502
13576,0.1294843737586614
13577,0.016414314652425304
13578,0.9997973281153908
13579,0.003435269342833057
13580,0.003324110708117483
13581,0.9994464361554954
13582,0.4214392149653144
13583,0.9996779460568025
13584,0.8909372887430758
13585,0.0003225192001287648
13586,0.18855345092105133
13587,0.7751244560041695
13588,0.9984512080596378
13589,0.7837546379168979
13590,0.0915923993086159
13591,0.9992897899047007
13592,0.7279291534638774
13593,0.4107674022353004
13594,0.056422277773249374
13595,0.007097990481585946
13596,0.010086558353951931
13597,0.002143587966169889
13598,0.05749000419566483
13599,0.012684658686471064
13600,0.7476762910856195
13601,0.9986514783417707
13602,0.012576070519315368
13603,0.22723064788853473
13604,0.4738355274741914
13605,0.9873113887045012
13606,0.7898609266225453
13607,0.8256242522784294
13608,0.48704849545647444
13609,0.004243503181451672
13610,0.9140418533427886
13611,0.0003185168700008643
13612,0.3686646719822501
13613,0.7937587048584624
13614,0.7660991462220228
13615,0.65965871161845
13616,0.0011529220712674488
13617,0.9994859361192736
13618,0.007011834892234392
13619,0.8059148467945361
13620,0.03063569078496754
13621,0.9999164111276294
13622,0.8228729221429791
13623,0.21906650168751157
13624,0.4712859859926024
13625,0.006272685017301532
13626,0.8439146888850686
13627,0.776904748918779
13628,0.9992568739925147
13629,0.3067335339990798
13630,0.9241622529384248
13631,0.18845126034800513
13632,0.03535523766636612
13633,0.5507855303606393
13634,0.00027944792312228136
13635,0.656254787909767
13636,0.9998565951601337
13637,0.5689860733668978
13638,0.0018106884461856344
13639,0.13155183804659057
13640,0.5907317435180169
13641,0.29831667404783807
13642,0.1958266154324801
13643,0.5734263304899382
13644,0.005072285622574857
13645,0.24290943825857186
13646,0.02152036312469834
13647,0.5371575342649679
13648,0.0018553065043899306
13649,0.003923697688133832
13650,0.1856078339614255
13651,0.18910712766669363
13652,0.999775949599641
13653,0.011974111070311948
13654,0.004868130584383963
13655,0.9996374206055896
13656,0.37711127956464446
13657,0.5178890393847552
13658,0.07916480870274718
13659,0.020822862492585414
13660,0.0014075367102357136
13661,0.00800023238256706
13662,0.006504854472000429
13663,0.4932659281453953
13664,0.20604470095179356
13665,0.21318640391150268
13666,0.00604430321830806
13667,0.00521095121680859
13668,0.45801039440080654
13669,0.11509968328211397
13670,0.00020632459150702343
13671,0.7592739743185097
13672,0.017229099764916465
13673,0.7320239848545853
13674,0.1873803425774523
13675,0.003624987213516872
13676,0.6852844786043618
13677,0.65227827233663
13678,0.7510020049620861
13679,0.023954783787765773
13680,0.39458947260856697
13681,0.7897542640806745
13682,0.22006462380806396
13683,0.9994476703877357
13684,0.0023396609420615272
13685,0.005712735514670249
13686,0.38786549149635446
13687,0.3181551592546714
13688,0.10384447591382909
13689,0.037469204263718504
13690,0.0010968617102986688
13691,0.00794857295607002
13692,0.0005526371415956758
13693,0.48182526769796274
13694,0.9996351704568036
13695,0.00024096110867957346
13696,0.007594993976546748
13697,0.12322933411698843
13698,0.00017463346738588942
13699,0.00019327994410076
13700,0.011274770744183104
13701,0.52558129587026
13702,0.9263082154485223
13703,0.999876241958767
13704,0.8856586756700372
13705,0.049583939581044616
13706,0.03608959062458998
13707,0.475215352397292
13708,0.84859822047643
13709,0.0012865237174208355
13710,0.0038860994773208487
13711,0.30323164730819374
13712,0.8343914681432482
13713,0.0019354552549560222
13714,0.0017312925319999653
13715,0.8886506464379372
13716,0.9998006276795515
13717,0.012590198924190594
13718,0.6580678045563498
13719,0.49678069076031384
13720,0.22348745022490935
13721,0.00027217729862575316
13722,0.67403838226918
13723,0.005733156655014959
13724,0.1188262035990051
13725,0.0022712940006857888
13726,0.000803724994726744
13727,0.07262755982022946
13728,0.9996571222315374
13729,0.9992083056589159
13730,0.008298363281097508
13731,0.673169782396965
13732,0.04279065340672537
13733,0.0004029484530550547
13734,0.3016626371518635
13735,0.15526963341054675
13736,0.17762167212663973
13737,0.998302401075527
13738,0.0469827330375018
13739,0.000793651565609612
13740,0.9998425195083814
13741,0.9387876759033393
13742,0.9997266067552326
13743,0.029006919025414524
13744,0.0002857821815923747
13745,0.18650073339132509
13746,0.6405515097996464
13747,0.03885108108994364
13748,0.4859937490799716
13749,0.14664427386990078
13750,0.553781246029438
13751,0.04216802129905
13752,0.07311598985219064
13753,0.4885140910185945
13754,0.8297202462168928
13755,0.7826573191005955
13756,0.004160553947616524
13757,0.47339248831504604
13758,0.16667112170089127
13759,0.0029165373505122263
13760,0.9991694385894853
13761,0.544588439584403
13762,0.3639621794594754
13763,0.004113264275859825
13764,0.9378384297780041
13765,0.6353214533391002
13766,0.48201145919117433
13767,0.1393679233233641
13768,0.5148841440783749
13769,0.3847199455726201
13770,0.07263092627708219
13771,0.9995884928327212
13772,0.9998631933262161
13773,0.9994675392009161
13774,0.004752569729457767
13775,0.27877449076553984
13776,0.325151552666519
13777,0.8370188331304174
13778,0.9995467308688301
13779,0.26207974903333797
13780,0.6211858495251555
13781,0.19361485003170995
13782,0.38515617402176666
13783,8.720311452726571e-05
13784,0.0199877336337924
13785,0.868105573145487
13786,0.9997372040350673
13787,0.00034469766952659913
13788,0.055039675823930476
13789,0.0006410346052429044
13790,0.576950421680518
13791,0.00991757358796126
13792,0.6338097944584191
13793,0.2201753688934807
13794,0.0811298798258152
13795,0.004113412108245461
13796,0.9109952111962258
13797,0.999611830541882
13798,0.5731413094192491
13799,0.6712734885066909
13800,0.614176814984322
13801,0.73059657678473
13802,0.6714499889341685
13803,0.03750189931792769
13804,0.8017671449860292
13805,0.0013724844884115796
13806,0.00028269125597140754
13807,0.9992082050200068
13808,0.2534408546929852
13809,0.006469419306352496
13810,0.3259434318031512
13811,0.6205625282629966
13812,0.9994962191562686
13813,0.00022461053826491726
13814,0.9995146650598147
13815,0.2653620855921541
13816,0.3422195883966011
13817,0.08090945862951868
13818,0.02550353109836789
13819,0.08665528946598135
13820,0.5529705014690474
13821,0.9998240132377882
13822,0.0004207068447403257
13823,0.023275176422279324
13824,0.6465052933159406
13825,0.11224248507705376
13826,0.006467540653663947
13827,0.007991865684783548
13828,0.9994166944540397
13829,0.0914196935135099
13830,0.0004172957117233447
13831,0.8430658749160744
13832,0.030280200004149563
13833,0.1597200261241409
13834,0.5378699221634591
13835,0.005616543748226895
13836,0.09675278705408143
13837,0.0311748786956075
13838,0.06249117283112979
13839,0.015390077796384034
13840,0.7859961001863432
13841,0.7432836428384192
13842,0.006631515150768581
13843,0.7174766349854506
13844,0.12245880141582988
13845,0.32403511948308156
13846,0.084888328119185
13847,0.0003668067253335665
13848,0.544588439584403
13849,0.6716408449327316
13850,0.607807037703706
13851,0.9997372040350673
13852,0.2301931802403619
13853,0.027176733153600998
13854,0.9997718608303992
13855,0.001400502480938281
13856,0.003058145346572424
13857,0.1964086431353309
13858,0.7460835723610546
13859,0.6680686921317671
13860,0.0010759630398990475
13861,0.3064044234479085
13862,0.25633637324615416
13863,0.6705002986950581
13864,0.03829332395390978
13865,0.09788307039921511
13866,0.09324148093548791
13867,0.9997928812844427
13868,0.9998680905848241
13869,0.9994644339016382
13870,0.029673554949509504
13871,0.7751244560041695
13872,0.3213820910305096
13873,0.1338057655468682
13874,0.9991694385894853
13875,0.0058383025516755786
13876,0.9996064106916975
13877,0.10156234660223666
13878,0.999630161427519
13879,0.006474772127293308
13880,0.2732488936650013
13881,0.36837887005845865
13882,0.39512910500690135
13883,0.07736034195531136
13884,0.9114017526305384
13885,0.0005296317754434397
13886,0.11360020394029459
13887,0.22632792046045233
13888,0.9999269423118418
13889,0.23182279906888975
13890,0.7976550198884981
13891,0.3253975617061522
13892,0.1240079640033292
13893,0.9997372040350673
13894,0.00035326331613537025
13895,0.7764114090288249
13896,0.2846076858868535
13897,0.7456888799383012
13898,0.06054671975477198
13899,0.0638161344620343
13900,0.5033368754235764
13901,0.022525091031280278
13902,0.0001966357652505435
13903,0.00020833567783361143
13904,0.41890234248132474
13905,0.7373393230782515
13906,0.020747998891192936
13907,0.08035271146664849
13908,0.07114322699685102
13909,0.3338426939718942
13910,0.020817463880223926
13911,0.9998618626343602
13912,0.0002937811777199699
13913,0.2063648605303735
13914,0.0021341882233826964
13915,0.6518589071548652
13916,0.015305712531064341
13917,0.6983891712478785
13918,0.9995522735235086
13919,0.41030449407317754
13920,0.26127766853404616
13921,0.004901714913048623
13922,0.0007279977078196241
13923,0.8892458916938036
13924,0.7827226126717229
13925,0.01666959388241674
13926,0.6593927640377402
13927,0.33884904866063986
13928,0.08850407501976826
13929,0.49798352535941537
13930,0.5247493126492361
13931,0.9824674685824489
13932,0.7995450551750726
13933,0.0006037064303320759
13934,0.22812078277708317
13935,0.001560519454658642
13936,0.05334963675964349
13937,0.007776365673326701
13938,0.9998796164849854
13939,0.4352562094976834
13940,0.024472466080896545
13941,0.7995429219276118
13942,0.00787003326279697
13943,0.003996429730998359
13944,0.5620421462099232
13945,0.02606617637208029
13946,0.781368257294244
13947,0.005761751900004473
13948,0.2148134090676131
13949,0.007444664225343784
13950,0.24722618405231095
13951,0.013301607721023524
13952,0.8579185459471845
13953,0.17307186610999006
13954,0.18208342829049615
13955,0.07264716427720776
13956,0.6255903500380534
13957,0.017822821193331815
13958,0.999619137301776
13959,0.7032502727714316
13960,0.3441138378102725
13961,0.061395161919851705
13962,0.9993946551473271
13963,0.3087596233941575
13964,0.0006406485594214339
13965,0.004590426280200429
13966,0.9986393662076352
13967,0.0001984974222851335
13968,0.04923174610803792
13969,0.003598964586108691
13970,0.43185803495007785
13971,0.06540108252470032
13972,0.03906636257925103
13973,0.02958301214769625
13974,0.5398781884614615
13975,0.8982466090684069
13976,0.3263807366109826
13977,0.398981913165065
13978,0.24009122493441787
13979,0.9462335551792213
13980,0.009911280170617213
13981,1.7086997311724695e-05
13982,0.026040634426608707
13983,0.7563021068544273
13984,0.3320711903044241
13985,0.2339870150467755
13986,0.23260593052028092
13987,0.00036894053163896804
13988,0.018621385090271236
13989,0.0023568607063499942
13990,0.029567714124259858
13991,0.3601367447179751
13992,0.8750503218966363
13993,0.9998565951601337
13994,0.2821438110034368
13995,0.39800915574451784
13996,0.8180622387388017
13997,0.003654330884945827
13998,0.0033590484289741105
13999,0.2193210030820002
14000,0.7109067255370026
14001,0.9865390949796018
14002,0.9994657175692135
14003,0.011906906905469304
14004,0.0023168793690664306
14005,0.26544781994867805
14006,0.14692560886026354
14007,0.010492367127839077
14008,0.005448626517411313
14009,0.2214716668390776
14010,0.010537307223356778
14011,0.016839993142006196
14012,0.5213079031772444
14013,0.34248892974602957
14014,0.42370265906977317
14015,0.6190668309877231
14016,0.005774033156728587
14017,0.16356679268118948
14018,0.008464543541699987
14019,0.029844392871657847
14020,0.000391605972654272
14021,0.9775105715913728
14022,0.9992568739925147
14023,0.04053395958087783
14024,0.61233739245589
14025,0.01845482882724678
14026,0.464360163849453
14027,0.5027377599833055
14028,0.19016452662011768
14029,0.00849593595049566
14030,0.6057362638155687
14031,0.6110191558756788
14032,0.5985347938365979
14033,0.0070863379067783675
14034,0.002364482439057532
14035,0.0591175881557956
14036,0.861687495345494
14037,0.2979144755093171
14038,0.11126733890779987
14039,0.26396054354988374
14040,0.04431536507980634
14041,0.20465359401150635
14042,0.006702295257808505
14043,0.0003265985657623877
14044,0.4641157384037952
14045,0.8330631776355225
14046,0.5494704630384845
14047,0.13153628261678602
14048,0.17622862525595764
14049,0.005564388845435334
14050,0.49358898859199357
14051,0.0036460782382793473
14052,0.0023293795007096278
14053,0.5495285981993436
14054,0.999845894647249
14055,0.9996374206055896
14056,0.36359784145716106
14057,0.1637470874095231
14058,0.128942756125215
14059,0.9999011698500528
14060,0.5848521419772045
14061,0.9994791413590932
14062,0.0039557709499613986
14063,0.326519397394926
14064,0.49557465869373507
14065,0.0021629064866647623
14066,0.017891177315995294
14067,0.35389896160832524
14068,0.0005506296669293671
14069,0.010841887246963835
14070,0.8730172663358386
14071,0.4769871144838868
14072,0.8519516790799132
14073,0.0002925383544850142
14074,0.9995012340096324
14075,0.38666608983593714
14076,0.00033088841890563554
14077,0.0003108538014093798
14078,0.008040784773652722
14079,0.6672361749807456
14080,0.20209055314649751
14081,0.12039683973045186
14082,0.00018739347705930566
14083,0.0055154384009282135
14084,0.8132961527845338
14085,0.0368866945566727
14086,0.9991772665517877
14087,0.43448619378760595
14088,0.5797251685005763
14089,0.5086781005066541
14090,0.04617953967673775
14091,0.0019992385641247066
14092,0.01557072788667486
14093,0.9996670776689073
14094,0.9986514783417707
14095,0.8221390973617108
14096,0.36082876546299353
14097,0.15157574696084727
14098,0.0007532288929435351
14099,0.5902219589847918
14100,0.0019917254448939517
14101,0.009405613408383265
14102,0.1544686430567449
14103,0.954934025145705
14104,0.06591404848082424
14105,0.31762465943894297
14106,0.3265787347419958
14107,0.22840204465974334
14108,0.13501791025531482
14109,0.008364486943021754
14110,0.57785835276087
14111,0.004418433369862068
14112,0.0007503729731743755
14113,0.06114689524779119
14114,0.7845246518521002
14115,0.0017455238841935774
14116,0.006672608694126917
14117,0.011238583769231184
14118,0.2427662474858842
14119,0.7539448598414594
14120,0.04573403303400322
14121,0.8172347095662182
14122,0.0053258306778610045
14123,0.20135099044420482
14124,0.19349369584705028
14125,0.09665099165647098
14126,0.8089399905853513
14127,0.09094809314175452
14128,0.9148564623797701
14129,0.013606035660332173
14130,0.16974863860905479
14131,0.0008433920356253807
14132,0.003693811590211335
14133,0.9992897899047007
14134,0.03987849152851634
14135,0.6084694193956871
14136,0.0005629712300223378
14137,0.009935316849474478
14138,0.9995351346946222
14139,0.9992302355772215
14140,0.9995812858226524
14141,0.008856013822802735
14142,0.1280349477266444
14143,0.9991694385894853
14144,0.4514294077042105
14145,0.9265984281692269
14146,0.9995012340096324
14147,0.007169495268488236
14148,0.0010134282369366585
14149,0.14670324889508538
14150,0.9995012340096324
14151,0.9999011698500528
14152,0.5965893521024815
14153,0.9438342162873312
14154,0.07433942340541111
14155,0.023518578613467005
14156,0.6291271179439327
14157,0.07937899293232141
14158,0.9993692796144571
14159,0.05028001241561033
14160,0.9995012340096324
14161,0.0002962510603390295
14162,0.2879485029299673
14163,0.0011726975037828135
14164,0.1811731126363012
14165,0.1570009256314691
14166,0.3234759479617327
14167,0.9998125132220067
14168,0.0009345984079412393
14169,0.017949022591505943
14170,0.16080026357346625
14171,0.9993922570533871
14172,0.42534686860853455
14173,0.9378308052554843
14174,0.38797005732009515
14175,0.014757030379553305
14176,0.06100739738869567
14177,0.05127536270667373
14178,0.9189743654811323
14179,0.20205246730777648
14180,0.003692680916969715
14181,0.0180319369979686
14182,0.6157741478395587
14183,0.44944624554605134
14184,0.10135289940975563
14185,0.3511079116307834
14186,0.12831400460967776
14187,0.1962057475352706
14188,0.9999692509615249
14189,0.000441769919307704
14190,0.017486424815321155
14191,0.9994626515189348
14192,0.3459515508920729
14193,0.05303240191321374
14194,0.10212352697256885
14195,0.2686711502608604
14196,0.00042961527961463727
14197,0.0024729290648472903
14198,0.004215303369760091
14199,0.05309161519458753
14200,0.019584832449964527
14201,0.010490903949184352
14202,0.09776784675904958
14203,0.33248560579423764
14204,0.9994129686243325
14205,0.7667167741526895
14206,0.9186684447716934
14207,0.6007930376938365
14208,0.0642327840838917
14209,0.26942290584733086
14210,0.02742989715589065
14211,0.0002636908475279137
14212,0.4320327416356732
14213,0.9999157565221076
14214,0.9995829363491657
14215,0.02802506215046237
14216,0.00431298627869733
14217,0.0012636286402492362
14218,0.1909296967575714
14219,0.8573609673651036
14220,0.999433584443131
14221,0.9998515250920467
14222,0.766511061442115
14223,0.36139216967797616
14224,0.08775643851020004
14225,0.8300277492109561
14226,0.07853335445253623
14227,0.0008956874538055517
14228,0.5772083640206104
14229,0.2502758051755807
14230,0.000560764706008652
14231,0.027564619072816356
14232,0.0007850514702977715
14233,0.0002799181735777552
14234,0.4323942626390561
14235,0.7611655554178111
14236,0.004855024081855791
14237,0.20733293364654887
14238,0.5934800011314161
14239,0.9997718608303992
14240,0.8370875432119657
14241,0.8980501010197229
14242,0.6696609026830203
14243,0.8677828382947039
14244,0.2066109588457405
14245,0.00016981471618757546
14246,0.9998253844759325
14247,0.29431424169282766
14248,0.07069227181494114
14249,0.8332835009136496
14250,0.19903482767214603
14251,0.006927575134893521
14252,0.14148927590391752
14253,0.2004724495932526
14254,0.0029605839012088486
14255,0.04076170454221595
14256,0.014835307073876257
14257,0.6201166809762667
14258,0.26985765716013926
14259,0.003326216253189711
14260,0.911022300155187
14261,0.04039684817622224
14262,0.9993787046968168
14263,0.28838763753664143
14264,0.9997311325715398
14265,0.847054338092529
14266,0.2673285162514584
14267,0.023652009747182155
14268,0.00336976986332884
14269,0.00014455985978100875
14270,0.05478510252986755
14271,0.6078102272970843
14272,0.02570803272780476
14273,0.008512784715016137
14274,0.6437517637563722
14275,0.8193848524821392
14276,0.5059206824611683
14277,0.8480726703623431
14278,0.3528755542161535
14279,0.11512663162893538
14280,0.09531615475814224
14281,0.0018472845361236945
14282,0.07744640998882903
14283,0.9996398359998141
14284,0.8080028739574127
14285,0.8216620244559302
14286,0.009493017906729665
14287,0.6870416481580679
14288,0.6406510057875925
14289,0.5034651518841688
14290,0.04419408757018544
14291,0.027148409692481508
14292,0.10585019679777205
14293,0.2069013150048023
14294,0.006654365524647894
14295,0.33444365073966925
14296,0.1076974945948929
14297,0.6093712951789538
14298,0.7994083193123116
14299,0.9995012340096324
14300,0.0008967714830157187
14301,0.457077296181875
14302,0.17759534003891114
14303,0.0010665775877261971
14304,0.01631736999857834
14305,0.00034317822133572045
14306,0.021499945942157872
14307,0.9998293965294945
14308,0.20685530554351525
14309,0.007893785001526552
14310,0.0742877553475841
14311,0.014260420626367794
14312,0.014515194441549722
14313,0.0019175698428016334
14314,0.9989867434241528
14315,0.7639816441073962
14316,0.48711135320925597
14317,0.999126420245033
14318,0.5109006970023873
14319,0.2875995510880533
14320,0.00031993621898451633
14321,0.9995807610676285
14322,0.4752603289048123
14323,0.9993592653552299
14324,0.10195700445961234
14325,0.005745333588544149
14326,0.717266324301441
14327,0.9551029005579884
14328,0.044278697219653294
14329,0.1562869723647868
14330,0.008501548827163039
14331,0.004695573534480227
14332,0.8561805438453638
14333,0.25490212236423937
14334,0.009807097118952196
14335,0.11558959466119517
14336,0.027750269609336204
14337,0.3293314277360968
14338,0.9994865791348221
14339,0.0032861649802533107
14340,0.09416794445108394
14341,0.9429087088141059
14342,0.8395548545435266
14343,0.903016271685305
14344,0.008193229487183208
14345,0.019756830710896674
14346,0.10366483879518565
14347,0.9998100500626295
14348,0.0003100935803675596
14349,0.6464276614355122
14350,0.0011303835669392458
14351,0.8919870017627088
14352,0.711179652958717
14353,0.04132562122950406
14354,0.8986216384473987
14355,0.7858900167524249
14356,0.11874286244323827
14357,0.11288443687277014
14358,0.9995121157573202
14359,0.8956249268946764
14360,0.013192089027854523
14361,0.7693634858945413
14362,0.027788990634360106
14363,0.86360238168413
14364,0.29650354745628077
14365,0.27675009926177685
14366,0.007776365673326701
14367,0.015878027253499894
14368,0.00549533226965738
14369,0.0003481558213949041
14370,0.12502371066681425
14371,0.4981820267979272
14372,0.0007057237163363956
14373,0.9994657175692135
14374,0.28432385548810357
14375,0.005365100687244449
14376,0.8995264880835441
14377,0.14649091249016583
14378,0.9996076323529581
14379,0.8878993814547657
14380,0.024567111578007714
14381,0.016266155872876494
14382,0.3383687504290442
14383,0.08266653655651231
14384,0.00035188790946020734
14385,0.00043902596462610805
14386,0.650124982554084
14387,0.002170845917809561
14388,0.47069180292154433
14389,0.0017496643525458913
14390,0.19114397245234985
14391,0.9993592653552299
14392,0.006554411702054477
14393,0.1794320933108553
14394,0.8299365863217079
14395,0.1106437056486683
14396,0.572683046609368
14397,0.7621312934427709
14398,0.006783504134024537
14399,0.774523726945112
14400,0.843483071100918
14401,0.0954707304542061
14402,0.544588439584403
14403,0.0007806482949591241
14404,0.004015989239330625
14405,0.00037421821505091875
14406,0.9995522735235086
14407,0.9995003371323486
14408,0.6614732950667738
14409,0.0120490424255197
14410,0.0002706199761749511
14411,0.7338759203542872
14412,0.00017419412278654332
14413,0.07714162636955273
14414,0.008275171698505997
14415,0.14378693100324316
14416,0.0003021405391462502
14417,0.8532371744730018
14418,0.049545336388123466
14419,0.16364982408738804
14420,0.2698876745939633
14421,0.0003811267104274573
14422,0.9900141003452252
14423,0.7443965396279214
14424,0.06809689648533344
14425,0.0029028131198728566
14426,0.7008878769795877
14427,0.2418700118679903
14428,0.018824287736763437
14429,0.34587986249151276
14430,0.5312542694289544
14431,0.049254551967269626
14432,0.030043121517314697
14433,0.029325743279720918
14434,0.004113264275859825
14435,0.9995349456135908
14436,0.00633636057130552
14437,0.295205309811607
14438,0.06204857107740048
14439,0.9998886082684143
14440,0.046296998762302866
14441,0.3200919706206298
14442,0.9993902270942545
14443,0.0019038730103429111
14444,0.7740696152798684
14445,0.7671886784596215
14446,0.5914817609570704
14447,0.7157184555691297
14448,0.018991360377820458
14449,9.566033797299071e-05
14450,0.13215913564727996
14451,0.8753084448583703
14452,0.3036797133231721
14453,0.01601555389971161
14454,0.0015352806789733263
14455,0.5527068090590748
14456,0.011076656061488332
14457,0.1946709402573031
14458,0.17182483989672545
14459,0.8090518486684144
14460,0.9996813204424406
14461,0.048369627886169324
14462,0.6384764209790444
14463,0.01827073660790582
14464,0.49534483713938104
14465,0.9860527462604377
14466,0.0006823006637089506
14467,0.06927522022503341
14468,0.16484794053313184
14469,0.7150126748565931
14470,0.015450423168456141
14471,0.00020663592108373675
14472,0.46079764458596606
14473,0.11853290621215704
14474,0.5558323592891146
14475,0.0006116307610891443
14476,0.9146886703653261
14477,0.08173002344296137
14478,0.672088314997171
14479,0.8838719967732097
14480,0.0034624096817906097
14481,0.00358792167151076
14482,0.19812212222407463
14483,0.37659617198282147
14484,0.9991694385894853
14485,0.7916820084282989
14486,0.3474406235591063
14487,0.004224168282880364
14488,0.9996076323529581
14489,0.18141206733128015
14490,0.7989132871356002
14491,0.040861805665511605
14492,0.6500777557136002
14493,0.000196865253047512
14494,0.9996036211221293
14495,0.8812626962032412
14496,0.2510836960177866
14497,0.6116924234932277
14498,0.8822336110257526
14499,0.21623736451506206
14500,0.00015213081276032562
14501,0.00032341901524552834
14502,0.03961627350707582
14503,0.000414621728495362
14504,0.11615372770660343
14505,0.26292574604194313
14506,0.02556406298637767
14507,0.0850419010796671
14508,0.9877896739542305
14509,0.2994269564300276
14510,0.08409611019895398
14511,0.8365056002354735
14512,0.006860643955987629
14513,0.9055445856577689
14514,0.024240909659908775
14515,0.9995146591863655
14516,0.6390877178929695
14517,0.9996963688290634
14518,0.018016503168399596
14519,0.02304127438284157
14520,0.999439608394079
14521,0.9999174135158221
14522,0.4253966712030682
14523,0.15291019367815606
14524,0.05877117635298159
14525,0.003995912141335885
14526,0.02685779109747075
14527,0.7518516731368807
14528,0.9999365398327469
14529,0.005799459066868888
14530,0.009126613982148075
14531,0.12692253874600448
14532,0.5964812500812356
14533,0.009495217156691025
14534,0.019472113259512164
14535,0.9996559828071766
14536,0.9999011698500528
14537,0.00968996676686196
14538,0.000240880360616727
14539,0.9648025727893329
14540,0.01791154336733936
14541,0.7747769593385974
14542,0.8489219393846298
14543,0.8904365465771849
14544,0.7193609436644356
14545,0.9995235636184652
14546,0.09206056210860852
14547,0.7436713495982374
14548,0.003924151072520692
14549,0.8948139517535793
14550,0.7564896394321994
14551,0.0002916722132596118
14552,0.018962946162720973
14553,0.01826643893592177
14554,0.1186218795934504
14555,0.15881117157745223
14556,0.02357549146806792
14557,0.3109902324006736
14558,0.0005472606717618223
14559,0.2787078582648333
14560,0.5043840414564446
14561,0.21260204943766947
14562,0.0010819846582326743
14563,0.003947239315905151
14564,0.905970160064485
14565,0.5399268146764646
14566,0.20797401786145095
14567,0.00087455105975067
14568,0.014049906877723225
14569,0.203719085827242
14570,0.76424572967516
14571,0.5101421333052029
14572,0.0771845640596209
14573,0.003015221033043382
14574,0.0016065918786719563
14575,0.9982588431080188
14576,0.26337617499166094
14577,0.8807422001539172
14578,0.9994049153915541
14579,0.033882773289445174
14580,0.0005903003915434019
14581,0.999820429920271
14582,0.9965307799022797
14583,0.2186387472730835
14584,0.1896880826490646
14585,0.42368478851375685
14586,0.9993692796144571
14587,0.6030593299302441
14588,0.7505385884857191
14589,0.08993189733403058
14590,0.8439441191679483
14591,0.0024070405062170262
14592,0.01120494765737851
14593,0.9986514783417707
14594,0.9996659992957596
14595,0.041431164965592696
14596,0.012012904050578642
14597,0.9991369678500007
14598,0.09184614412923749
14599,0.0023077270988083893
14600,0.10379875628678664
14601,0.3570378619638615
14602,0.9998100500626295
14603,0.0428102120063992
14604,0.5505581117557478
14605,0.9993402859038925
14606,0.0025726698418611525
14607,0.034454068300041156
14608,0.9998722744962142
14609,0.010387390619830182
14610,0.4510190114140565
14611,0.01250939284602853
14612,0.08534746560943224
14613,0.0007021416630072979
14614,0.00923331733304672
14615,0.9551029005579884
14616,0.17775785451976933
14617,0.13929615955974903
14618,0.000284255175820234
14619,0.8005960705686013
14620,0.4468763480245123
14621,0.9532374733349582
14622,0.6686986060591295
14623,0.9996036211221293
14624,0.11385741770496807
14625,0.34690314263756794
14626,0.8046866387495828
14627,0.15091764638080912
14628,0.11227843496532951
14629,0.8302760933597234
14630,0.0007712402534518784
14631,0.00708806873981356
14632,0.9999093049896255
14633,0.2338780985238284
14634,0.40416116948460623
14635,0.001128434790996299
14636,0.0337401997169626
14637,0.04507875438199182
14638,0.018771034823348104
14639,0.7015875256132362
14640,0.010201508604216992
14641,0.9994604115714957
14642,0.0012166061247631096
14643,0.9991694385894853
14644,0.9995742603582953
14645,0.08543720190491945
14646,0.9999093049896255
14647,0.0058073152658002745
14648,0.010892092662167679
14649,0.9994865791348221
14650,0.5533730040240794
14651,0.11104389957505434
14652,0.7136411843835443
14653,0.41348722307662605
14654,0.03878557326249986
14655,0.9994657175692135
14656,0.9995342720711905
14657,0.6338800816078709
14658,0.9993755087520922
14659,0.32538326883327184
14660,0.8901354026855509
14661,0.7482450303895506
14662,0.26602848817018665
14663,0.6968792565091998
14664,0.4966324854860961
14665,0.0037036891920975406
14666,0.9998403042141668
14667,0.7364872113066012
14668,0.05972528657435647
14669,0.08023000669910417
14670,0.99926312994237
14671,0.03948512200825263
14672,0.009501869565719454
14673,0.05872222579514722
14674,0.17479166805124932
14675,0.04066825299907053
14676,0.9996300165999751
14677,0.2581160052977543
14678,0.09196370356644246
14679,0.16652198821211173
14680,0.588814117900143
14681,0.20925162201232672
14682,0.07129998923679041
14683,0.5221386332757277
14684,0.9999081682517679
14685,0.20014609379854464
14686,0.00046882347195680387
14687,0.0016104442338721377
14688,0.8446196802224128
14689,0.004776929498265459
14690,0.7997514169726234
14691,0.38562080302686796
14692,0.9992897899047007
14693,0.4531360679891901
14694,0.011908679954263311
14695,0.34698800872088686
14696,0.7051126344961197
14697,0.7836131522465908
14698,0.8374279956536534
14699,5.464217218993377e-05
14700,0.03690958672703569
14701,0.9995745275076193
14702,0.018133503203823047
14703,0.051752262736930406
14704,0.9999157565221076
14705,0.7263734297186437
14706,0.999575635962523
14707,0.0332213526103282
14708,0.7198771881767135
14709,0.2703587504596712
14710,0.4612193517613085
14711,0.10206669165086127
14712,0.9994012047050778
14713,0.3065857402856039
14714,0.40094873069901454
14715,0.7100291558252695
14716,0.9998403042141668
14717,0.001323945241572526
14718,0.1933404744192141
14719,0.0004116689563396251
14720,0.9991728674969554
14721,0.010859670578365172
14722,0.00042182820653591024
14723,0.8877545873774071
14724,0.8128886578601581
14725,0.5779574049887941
14726,0.07351382063768924
14727,0.041024412190952715
14728,0.0012434266696071336
14729,0.9998664268623432
14730,0.04222198433558958
14731,0.6004314236036684
14732,0.9996827555063189
14733,0.652513651870074
14734,0.983360388720358
14735,0.7288077939174029
14736,0.875110337769924
14737,0.03575735171470322
14738,0.6852871279730892
14739,0.5493986157480274
14740,0.23317339699280157
14741,0.9998565951601337
14742,0.6378725227025341
14743,0.5648912329391782
14744,0.2671563277342198
14745,0.035379022302075014
14746,0.004200576534103478
14747,0.445191545571146
14748,0.9997716813807652
14749,0.9998773496131936
14750,0.002117387878374473
14751,0.011407328470192962
14752,0.9986514783417707
14753,0.9996888885956283
14754,0.014952622361341556
14755,0.8012300945465205
14756,0.13962416872520855
14757,0.03172559609458266
14758,0.030802685398973392
14759,0.023466040873529853
14760,0.4696067986128676
14761,0.01120849592942903
14762,0.03542441233850175
14763,0.9993925727943141
14764,0.10973385316543854
14765,0.9146070285279894
14766,0.00792322738851167
14767,0.08671271096939111
14768,0.733054340966434
14769,0.0780535189764644
14770,0.0723128812066385
14771,0.6801875018232934
14772,0.7945723133849515
14773,0.00240653858809409
14774,0.29646242583842475
14775,0.0019692265613446614
14776,0.9991539098851329
14777,0.00020819802168227402
14778,0.004579637852423951
14779,0.715462924193186
14780,0.9993195351241432
14781,0.13824434081942805
14782,0.003218889978791521
14783,0.7848256628434463
14784,0.10135289940975563
14785,0.9992346687025695
14786,0.6435572679961417
14787,0.008805759494116277
14788,0.7727833612213214
14789,0.059333978735610346
14790,0.875084111716204
14791,0.04250656562467597
14792,0.6006407819502626
14793,0.014116233695759426
14794,0.020787679966481825
14795,0.9996475947094319
14796,0.9356552301563655
14797,0.6772612580116348
14798,0.10950306959008353
14799,0.971891560474314
14800,0.09525611285952494
14801,0.9996042116827388
14802,0.017441922235664476
14803,0.0004330055467675071
14804,0.003357333166323669
14805,0.015703168548767167
14806,0.9996351704568036
14807,0.3969593163081134
14808,0.0021226699626018895
14809,0.05628345581960448
14810,0.0003513789143414032
14811,0.7980661073399775
14812,0.6810122179649333
14813,0.001932011655404159
14814,0.9996475947094319
14815,0.8020364012193933
14816,0.3584293346962662
14817,0.0003936972235823078
14818,0.0008962007960510854
14819,0.0001879255974941988
14820,0.3154969648642951
14821,0.9298219923011861
14822,0.001172950349219876
14823,0.12180386245573534
14824,0.04705367909905258
14825,0.006334323820324778
14826,0.9993924521833858
14827,0.887426664734323
14828,0.010054662285377996
14829,0.8212020932632152
14830,0.010882431947618064
14831,0.8851058526180107
14832,0.9976540148522259
14833,0.005435129281663051
14834,0.9996779460568025
14835,0.014313161600693207
14836,0.5781978536594006
14837,0.18420671439974215
14838,0.008352260749559508
14839,0.2782738796299827
14840,0.9995474586881855
14841,0.35051859655999434
14842,0.9715541659670266
14843,0.15053297091307724
14844,0.055531317358901
14845,0.3700936338324068
14846,0.002076630258513704
14847,0.8112317553399787
14848,0.01795055042742794
14849,0.9991762504247657
14850,0.9977901587636486
14851,0.031456859009857466
14852,0.22738292703413968
14853,0.9470572662938042
14854,0.6365529215260289
14855,0.0012536813217324686
14856,0.0034614086717544745
14857,0.9995039824865958
14858,0.06618421879883041
14859,0.9998673316572503
14860,0.7140295148549273
14861,0.08442876584649406
14862,0.5452703047979929
14863,0.0005102938550774129
14864,0.9288928159381981
14865,0.9994476703877357
14866,0.0035551637186521626
14867,0.9994049153915541
14868,0.09109031103237156
14869,0.746270335448447
14870,0.14458407464294715
14871,0.03415982764973495
14872,0.8041321952621676
14873,0.8895546959415056
14874,0.0017492654311399107
14875,0.006043321424812041
14876,0.3892148858642912
14877,0.4004640495559696
14878,0.01486503208552826
14879,0.9994307142201256
14880,0.4835314245061011
14881,0.9995473861879124
14882,0.41180412496695235
14883,0.9994189534819642
14884,0.037068530060345724
14885,0.016251169378802773
14886,0.0015407692892755553
14887,0.3156905398832018
14888,0.7359053932056284
14889,0.27109658905938516
14890,0.019373890205124786
14891,0.005201522907967912
14892,0.005853505214259542
14893,0.9992897899047007
14894,0.6540343248443531
14895,0.9969221242893258
14896,0.02762595540500124
14897,0.9995324294668777
14898,0.6107543909677624
14899,0.21851923569358786
14900,0.14072617139344784
14901,0.08136832938608068
14902,0.022308553061452754
14903,0.1313506702897926
14904,0.8630926455048511
14905,0.17404448219531451
14906,0.023044487184996278
14907,0.9990367231799616
14908,0.024124257771347846
14909,0.7878136207643649
14910,0.9996107328422593
14911,0.0003044532609553443
14912,0.1873803425774523
14913,0.005801269475435705
14914,0.8366640838245274
14915,0.04319579552692503
14916,0.020469441913282562
14917,0.038990364554395904
14918,0.0929136943840311
14919,0.08251202361030761
14920,0.09501591370300282
14921,0.99962738283142
14922,0.07926480532722913
14923,0.00014824510166321685
14924,0.006851964609850103
14925,0.00920674637588226
14926,0.0077395869882782515
14927,0.07337855880982778
14928,0.7733018664114143
14929,0.9993490581793648
14930,0.9998419801513606
14931,0.023532939760774314
14932,0.008312214103532719
14933,0.8294168909387029
14934,0.47380296357866414
14935,0.9993946551473271
14936,0.9430900384717656
14937,0.9994062499357632
14938,0.9999303861052631
14939,0.6291603846031317
14940,0.7088741689391955
14941,0.5598100099087906
14942,0.5698225157157949
14943,0.4826072431125478
14944,0.0019029293586692178
14945,0.016727518676941548
14946,0.2875595027592461
14947,0.007878967790965717
14948,0.6968737359483929
14949,0.00012024902720696846
14950,0.34961256495433907
14951,0.6905602669055751
14952,0.8715421929712616
14953,0.004292010709737105
14954,0.2941034783405525
14955,0.9997973281153908
14956,0.9969233595397233
14957,0.2945416727089247
14958,0.27645956201107613
14959,0.16559083822469364
14960,0.9996559828071766
14961,0.6185134534149157
14962,0.8948616706979655
14963,0.1186218795934504
14964,0.00029711378318392554
14965,0.00013452397837855265
14966,0.6936390059639193
14967,0.00015837717299884728
14968,0.07413971232095867
14969,0.01857896413388151
14970,0.1613008411705625
14971,0.9173478139413175
14972,0.0003959461807823996
14973,0.026054816191373315
14974,0.05972936377921512
14975,0.2953202793794672
14976,0.001795504038652013
14977,0.04848331960381534
14978,0.37112251502979676
14979,0.0014110225154863678
14980,0.2088383062289619
14981,0.007755403106045587
14982,0.30151225045833085
14983,0.39924544492653
14984,0.6187130205551341
14985,0.5814090028789204
14986,0.8387220461686437
14987,0.2717781645124426
14988,0.4118570513988248
14989,0.03732575990377796
14990,0.0043593742673320255
14991,0.0632963511105591
14992,0.00017380618766279672
14993,0.0001532730159876733
14994,0.00698283097256795
14995,0.00023241850305933054
14996,0.05914816630668252
14997,0.05720316690040681
14998,0.03281603030260568
14999,0.5343757723750457
15000,0.5719523411056194
15001,0.0026775079641959223
15002,0.4589485435232575
15003,0.6086224657440317
15004,0.9994512121083754
15005,0.7964921814946131
15006,0.4901692640363488
15007,0.0417181644373475
15008,0.0022652415588574237
15009,0.04330745193766457
15010,0.4240347807395271
15011,0.5850867102858707
15012,0.052003717353507894
15013,0.0049127653958244534
15014,0.03935682120412437
15015,0.9998525308776547
15016,0.9996586581850594
15017,0.11717613764723143
15018,0.09348181471549481
15019,0.032145370983163564
15020,0.008779269756536855
15021,0.5175822297459669
15022,0.5908207236077622
15023,0.9158126038884522
15024,0.01884134179372902
15025,0.46622020947581055
15026,0.7934580842842751
15027,0.9998172324730592
15028,0.5552702370107925
15029,0.9986642764982245
15030,0.05862681193884075
15031,0.1488658160230691
15032,0.008445905963655348
15033,0.015447475670538316
15034,0.014997604423914521
15035,0.07675690193608133
15036,0.13097262706807886
15037,0.0021487442396007296
15038,0.0026541076816021508
15039,0.02932609466164268
15040,0.0004013174159725138
15041,0.22203752479176503
15042,0.01160115371779271
15043,0.3423456005104604
15044,0.5255200866454058
15045,0.7085536760442915
15046,0.21741966427560028
15047,0.10128848486139029
15048,7.545911972743037e-05
15049,0.2684830214886665
15050,0.778088433500642
15051,0.7570819857043082
15052,0.9999093049896255
15053,0.9370962116804381
15054,0.7109895861196449
15055,0.335808895375397
15056,0.6739766893510026
15057,0.07030611598701764
15058,0.8618149337506033
15059,0.7537741637162485
15060,0.9997087251686776
15061,0.04758381464726274
15062,0.9994802091117279
15063,0.6895422844348476
15064,0.9051131628494465
15065,0.9996036211221293
15066,0.3479088733060019
15067,0.13477732116456473
15068,0.8001457536287899
15069,0.03462356904974886
15070,0.9990692969893158
15071,0.9841788431970017
15072,0.9994604115714957
15073,0.011547239364522024
15074,0.7519087912245078
15075,0.19016452662011768
15076,0.018210605153498836
15077,0.0009802522887760274
15078,0.5480863564895168
15079,0.008734514471944978
15080,0.9366270294254853
15081,0.7883941719980421
15082,0.11942868433961001
15083,0.7849333341450582
15084,0.007742379522553023
15085,0.003767524255687772
15086,0.3673312873050179
15087,0.9981578352334958
15088,0.20697432579879743
15089,0.08772804913780381
15090,0.9700195691775825
15091,0.08420221468535691
15092,0.06952245727821084
15093,0.0009456802671261164
15094,0.32374958410849697
15095,0.9354471251989039
15096,0.17662802033640365
15097,0.037586477716852154
15098,0.00014576368251210955
15099,0.056216420511255964
15100,0.44881341187389584
15101,0.19719368625709374
15102,0.8349385293650775
15103,0.9379462989018112
15104,0.0020226470591101853
15105,0.37412541049735853
15106,0.09783687789071834
15107,0.03898125211952897
15108,0.5587389983548373
15109,0.3220029671211106
15110,0.035214420225973354
15111,0.8980937801074957
15112,0.2436727461271046
15113,0.9996556357684614
15114,0.911022300155187
15115,6.76068768731552e-05
15116,0.007650001655620802
15117,0.19574086865861606
15118,0.007082764394748167
15119,0.22430447628554262
15120,0.27368860467640954
15121,0.9686638138104487
15122,0.019296194480782975
15123,0.7481121622561708
15124,0.08931650985050116
15125,0.24764476549181028
15126,0.0005353408439701278
15127,0.2081035458387769
15128,0.27516094364412946
15129,0.00040610961146309976
15130,0.3797827692322258
15131,0.19049138173182337
15132,0.34407050693167335
15133,0.001027946822807517
15134,0.6399670870712318
15135,0.00337577698399059
15136,0.0015778132242755122
15137,0.9997574915255434
15138,0.017860358803899946
15139,0.422078599447211
15140,0.010088702668402071
15141,0.011963700473417146
15142,0.9996861427976791
15143,0.015123328691003921
15144,0.12025086342043953
15145,0.13991881713413723
15146,0.0033614916862181304
15147,0.005754314119604052
15148,0.06385932729468825
15149,0.8366535075326234
15150,0.9997462419875793
15151,0.18055649939440774
15152,0.024305049921789716
15153,0.07452389711995423
15154,0.5762091705118202
15155,0.467412437943621
15156,0.33637005992633273
15157,0.5707553313520649
15158,0.03948059763334934
15159,0.05420339816018121
15160,0.626939382627165
15161,0.00960411234793249
15162,0.9994254941114246
15163,0.8024773487209332
15164,0.9998486503609191
15165,0.00018635933416689628
15166,0.5405628913467722
15167,0.014578160522992248
15168,0.5134276478545091
15169,0.0063860093317803755
15170,0.002927521880374772
15171,0.07014632673463031
15172,0.15742367385001108
15173,0.0001193429268166548
15174,0.013918447457794707
15175,0.9991653614104213
15176,0.00039211160724574387
15177,0.08323429165573919
15178,0.9993705283096895
15179,0.35183851294764723
15180,0.06392323861029778
15181,0.00011835068366792241
15182,0.050218306524679145
15183,0.29500898717986146
15184,0.999739619861943
15185,0.010606149804982055
15186,0.003456294570847106
15187,0.02602212050536576
15188,0.9985307457099508
15189,0.15256118580737374
15190,0.76472260552027
15191,0.9994865791348221
15192,0.5602725004616738
15193,0.165098064098048
15194,0.0011641183820326514
15195,0.34086468171954176
15196,0.0004069024335472928
15197,0.003350787709952794
15198,0.0028018111516888364
15199,0.23105422295931533
15200,0.00013530213500172701
15201,0.18704434941168824
15202,0.9996416105750527
15203,0.016681344370473535
15204,0.29208609508622047
15205,0.0001264005177514464
15206,0.06720260939019745
15207,0.024952219493836917
15208,0.10077198340431455
15209,0.6904400669681379
15210,0.6011977464660806
15211,0.01312473438367839
15212,0.7516668796205102
15213,0.6467218807104851
15214,0.9970922753453422
15215,0.4863708583710774
15216,0.2733030678316103
15217,0.21198999680818692
15218,0.14983459982121478
15219,0.10822453474330633
15220,0.8744195872130253
15221,0.6350467407219328
15222,0.9994675392009161
15223,0.8984586691750295
15224,0.6759247969504609
15225,0.3420126971022233
15226,0.371939927111221
15227,0.7908616332318438
15228,0.5427157517509829
15229,0.9994802091117279
15230,0.00013016986913872482
15231,0.7929799827665903
15232,0.9991797638546729
15233,0.00013987252677293753
15234,0.9996559828071766
15235,0.013623366237425959
15236,0.05965962865307082
15237,0.005587558025360772
15238,0.11186611613495147
15239,0.3878569350845011
15240,0.5782566083384263
15241,0.999406182150112
15242,0.4577282861278876
15243,0.014544298258496659
15244,0.6810757464049652
15245,0.759657225098985
15246,0.16799853001650625
15247,0.6999451653267195
15248,0.8482813981024049
15249,0.7430677823377835
15250,0.01897675421047783
15251,0.9995812858226524
15252,0.9990147177385754
15253,0.9976209958946936
15254,0.6303163254768281
15255,0.9994865791348221
15256,0.9998403042141668
15257,0.010135472960456455
15258,0.07403584936400782
15259,0.9715541659670266
15260,0.1120737137609916
15261,0.9996107328422593
15262,0.11347692082742564
15263,0.05957949156781239
15264,0.8761721649455576
15265,0.04117802132798141
15266,0.09676921946316533
15267,0.28084200871303444
15268,0.18879794266419736
15269,0.2105301457441222
15270,0.023611217591949847
15271,0.7334978154486035
15272,0.003366034008967393
15273,0.7271010342012907
15274,0.013097244232738715
15275,0.0029042528127339166
15276,0.999876241958767
15277,0.9945946004095498
15278,0.22471373031662956
15279,0.3277576300230135
15280,0.06326391719487626
15281,0.11743655037545102
15282,0.9993402859038925
15283,0.00013731834637836145
15284,0.9996351704568036
15285,0.739324865011817
15286,0.9860140153863441
15287,0.06638839628987508
15288,3.98707842942131e-05
15289,0.007507782302517708
15290,0.24473791981284104
15291,0.7937337845081518
15292,0.8670332314727626
15293,0.9990658966008625
15294,0.7549133912437933
15295,0.37439218813913555
15296,0.175463469623574
15297,0.00021883582604755335
15298,0.8846812531759508
15299,0.014533909843491682
15300,0.9995771710574514
15301,0.7964812528306043
15302,0.5224403629899576
15303,0.0002241597961843417
15304,0.1174062937502306
15305,0.697675917083728
15306,0.016442554142148607
15307,0.24949150881122947
15308,0.9999269423118418
15309,0.16328096377757356
15310,0.01271523561360753
15311,0.033470264755638954
15312,0.7556304588264038
15313,0.31265663442738534
15314,0.019731413530747866
15315,0.3556974788478547
15316,0.008756704179750831
15317,0.05413641891217594
15318,0.5688146870886301
15319,0.005733156655014959
15320,0.007175113396918784
15321,0.05280154237460008
15322,0.015345620141787154
15323,0.007315974494482712
15324,0.2879691871300591
15325,0.7501565902729657
15326,0.16270044847246296
15327,0.003074394517327815
15328,0.23409715104048964
15329,0.9997481215919799
15330,0.5214909905968105
15331,0.03093655659412684
15332,0.030998777371287832
15333,0.4431478210564085
15334,0.8195567800662558
15335,0.23006002785404578
15336,0.8142156880821885
15337,0.3232466299465837
15338,0.8568120825927904
15339,0.6097791513007774
15340,0.005713122760662525
15341,0.25455206817019455
15342,0.2319199035217073
15343,0.9332610628121842
15344,0.5227642932048623
15345,0.009099906806585324
15346,0.05137728329411967
15347,0.011260147180181
15348,0.49342703950792033
15349,0.0068106977675366585
15350,0.9993644350320543
15351,0.2633698967805026
15352,0.19583858722148242
15353,0.01804973346214053
15354,0.10036752341610616
15355,0.2280212565867284
15356,0.10617926073764376
15357,0.6567221991062465
15358,0.11767650058706113
15359,0.01426600126344398
15360,0.7335810833870037
15361,0.20524151591879455
15362,0.7251906689865739
15363,0.636240870246762
15364,0.08473616777681962
15365,0.03406225507222202
15366,0.22904982596284137
15367,0.00025864543666442825
15368,0.06267733235067562
15369,0.0005179635111696713
15370,0.017071040058920912
15371,0.03511407174413124
15372,0.4127768609409317
15373,0.6132705587990048
15374,0.10179245145360277
15375,0.4932659281453953
15376,0.710570640008624
15377,0.006496008559486484
15378,0.19849867482632072
15379,0.7990116576017124
15380,0.3388913550470695
15381,0.026562025615704754
15382,0.9349034584970319
15383,0.020679919131567907
15384,0.007570849060868031
15385,0.2585522197437937
15386,0.6871057318264636
15387,0.03912558030073658
15388,0.1252870686968384
15389,0.005523598493085262
15390,0.014495490352762748
15391,0.2634761408116467
15392,0.4605780537887182
15393,0.0011638200274627223
15394,0.7275618036825906
15395,0.00021175563681902093
15396,0.06263796809429048
15397,0.3687620279004731
15398,0.019285003029336268
15399,0.8370188331304174
15400,0.8536868605631706
15401,0.12096417406120027
15402,0.01621968686495047
15403,0.024130884722256003
15404,0.3276366458368556
15405,0.4086015743515021
15406,0.6731019109166364
15407,0.5138924747203708
15408,0.022072595468376047
15409,0.7917063061347693
15410,0.05465066968803021
15411,0.9995467308688301
15412,0.08453534617017738
15413,0.22248044880095705
15414,0.7295098940991466
15415,0.026389075971542945
15416,0.6001018283300427
15417,0.6418941202312083
15418,0.34547143208622005
15419,0.31203485982792356
15420,0.017590776845011296
15421,0.6731098096215606
15422,0.8109572961515956
15423,0.7093187035404888
15424,0.9998522140310743
15425,0.9597655869089131
15426,0.8551096404283545
15427,0.10607518971878607
15428,0.859155443849639
15429,0.999645724696108
15430,0.8154594285834343
15431,0.001932011655404159
15432,0.050909820080627693
15433,0.03592986829373467
15434,0.7385412850271315
15435,0.5920478796465668
15436,0.4222064131449046
15437,0.6291889260484703
15438,0.11343081029168044
15439,0.22547883066928248
15440,0.023016141264167882
15441,0.8607210557069234
15442,0.009058222182711302
15443,0.3600881053867272
15444,0.1847749475374714
15445,0.0011372294326987722
15446,0.8444484135487946
15447,0.6432383314308262
15448,0.047855187684523466
15449,0.006856766806038551
15450,0.6727149134642236
15451,0.00303565507497276
15452,0.8806385325707319
15453,0.28004515926896373
15454,0.7367895705529542
15455,0.22615077090958277
15456,0.9344315130917379
15457,0.17235303416685532
15458,0.011138622124964455
15459,0.004176825958677635
15460,0.16254004260645294
15461,0.04507875438199182
15462,0.006109625747900035
15463,0.0073110258201969204
15464,0.9143587834561028
15465,0.9940468286360369
15466,0.24725934892419743
15467,0.017913014076035825
15468,0.10622072366046405
15469,0.28838507539013275
15470,0.9996533546657872
15471,0.17984438033271205
15472,0.6355426771678108
15473,0.4658988972107929
15474,0.20846084600840506
15475,0.5409222828903623
15476,0.007493774365892304
15477,0.04475470699018245
15478,0.000338835933119246
15479,0.5639008251765573
15480,0.8307256257076688
15481,0.9987069156361893
15482,0.09669079818245388
15483,0.7959672445678299
15484,0.002881081415090264
15485,0.997919235397229
15486,0.9520237212715259
15487,0.00807859812763908
15488,0.9595616295256243
15489,0.005052584271479891
15490,0.8521051586764709
15491,0.1757055105011675
15492,0.0004511190169467422
15493,0.7552995513013888
15494,0.05739027967888246
15495,0.2228356258522941
15496,0.9992568739925147
15497,0.4534340396993402
15498,0.002868289734422362
15499,0.9977872606539895
15500,0.0003748220973188785
15501,0.00033647011206163445
15502,0.7226152098752632
15503,0.0001886579155558348
15504,0.8575327139177307
15505,0.7701108841773445
15506,0.021398110877945267
15507,0.8980501010197229
15508,0.032634678412792294
15509,0.12248760792886644
15510,0.018934818251537235
15511,0.2456433865302919
15512,0.7995840830326905
15513,0.006679723537292938
15514,0.9994325987438174
15515,0.03584980078773382
15516,0.8938345149937448
15517,0.055838754174897094
15518,0.9990692969893158
15519,0.18092626628827257
15520,0.04085224124337279
15521,0.03695989462423048
15522,0.0052482672548986
15523,0.23691230226310928
15524,0.999715078560679
15525,0.9996398359998141
15526,0.02194315021615084
15527,0.1634344819493377
15528,0.7440891716804267
15529,0.013719993453596983
15530,0.005754728566881123
15531,0.00011358073522569572
15532,0.048372023603882035
15533,0.9041210736834268
15534,0.009560364500340644
15535,0.33327248125743386
15536,0.7367250073905851
15537,0.5924345068463236
15538,0.13000136493661285
15539,0.457954854241842
15540,0.15394715062824837
15541,0.2983082590371337
15542,0.16574783348530914
15543,0.00040464583618041763
15544,0.0003051313968667385
15545,0.002030367480086302
15546,0.17782407085740334
15547,0.7103689891791432
15548,0.001580494771148276
15549,0.0001656279303913602
15550,0.2441059625106812
15551,7.964256395397038e-05
15552,0.10350498829516147
15553,0.008973135856524287
15554,0.4172583115433783
15555,0.036512310364352416
15556,0.9996670776689073
15557,0.2223907111063079
15558,0.8156203142761325
15559,0.008763646053398903
15560,0.09320403424572747
15561,0.9993924521833858
15562,0.9997462419875793
15563,0.00018951678263683206
15564,0.0007137272255418002
15565,0.3182054551474322
15566,0.1958142470377959
15567,0.036198666132657605
15568,0.640710961379271
15569,0.9997574915255434
15570,0.06808377195590182
15571,0.7543033128779734
15572,0.000616325298720484
15573,0.12910572127152506
15574,0.8464096379222004
15575,0.0992292998019635
15576,0.15786028960185094
15577,0.0002733759542690982
15578,0.9995771710574514
15579,0.2797533818129531
15580,0.9998612980982259
15581,0.5229377652885376
15582,0.7002977144855896
15583,0.9017191980536089
15584,0.9989694629545196
15585,0.004405217114810661
15586,0.00236274195051205
15587,6.335996455724929e-05
15588,0.0001532776646994896
15589,0.11438651557979078
15590,0.01318250223448948
15591,0.2548405491297725
15592,0.5651860699066713
15593,0.38382464775926456
15594,0.892864756086356
15595,0.014660986882915252
15596,0.8027659885431022
15597,0.26793258305841255
15598,0.06873344003280644
15599,0.04837057762013441
15600,0.010495622031200845
15601,0.017545034418833903
15602,0.9998669559953394
15603,0.0879552745102782
15604,0.0004183233230510397
15605,0.13658883297313582
15606,0.028496133770004546
15607,0.8331251386627307
15608,0.0002416133550614704
15609,0.9289985394566206
15610,0.0059092754130437375
15611,0.0034292361447415005
15612,0.657650522271146
15613,0.9989867434241528
15614,0.8346514367056311
15615,0.1752157060519512
15616,0.9989082843193955
15617,0.7239163427023056
15618,0.027209111155144818
15619,0.7832590935221582
15620,0.2607484252483978
15621,0.7369103456159881
15622,0.6647072905526981
15623,0.5070587689443898
15624,0.020041119130330316
15625,0.0038240496750402016
15626,0.0022698176412555325
15627,0.10199794023259441
15628,0.9991694385894853
15629,0.9993913108295184
15630,0.09182975015305792
15631,0.008006887128287328
15632,0.010797873913017834
15633,0.007011109846842661
15634,0.0002848828221204331
15635,0.7266819622417546
15636,0.14619754526317452
15637,0.0028413701046651396
15638,0.24865292492560193
15639,0.01447178129214345
15640,0.5686780175228879
15641,0.0033560078451129066
15642,0.9998403042141668
15643,0.18784317875525325
15644,0.9967527889464838
15645,0.0003131390499856559
15646,0.031202177537153295
15647,0.0016881090996577618
15648,0.002398455188972596
15649,0.06337087317706434
15650,0.1401747015742784
15651,0.01653460995651645
15652,0.0069164287310819845
15653,0.45326976010115794
15654,0.3162512019301016
15655,0.02531315144032732
15656,0.4030018729310307
15657,0.9997928812844427
15658,0.7414740098671609
15659,0.4388159619078355
15660,0.18216672369167752
15661,0.519980396143275
15662,0.7285129593504024
15663,0.808828827147062
15664,0.9996042116827388
15665,0.0035337287833987017
15666,0.007347716541212958
15667,0.9993855810356401
15668,0.04345272845007788
15669,0.010913491164771265
15670,0.01964360142278305
15671,0.006372650597207084
15672,0.5834423083720733
15673,0.027568758643503413
15674,0.40051966603264944
15675,0.6093298812635132
15676,0.009325594560540447
15677,0.11700836780772599
15678,0.6977500898124768
15679,0.4223463306587287
15680,0.0005309772197508118
15681,0.9998253844759325
15682,0.00040894983623329184
15683,0.8468174516959208
15684,0.8769343457698973
15685,0.0008486352760651383
15686,0.001586401885123338
15687,0.018169262246153596
15688,0.9995798581150174
15689,0.6012162686841319
15690,0.006029680804192319
15691,0.7673647185155246
15692,0.0001424504030097496
15693,0.7688331920828638
15694,0.004049320004081217
15695,0.330584960374862
15696,0.8492937597831524
15697,0.3444354924768712
15698,0.999295163882588
15699,0.24429367568321655
15700,0.9997302390757247
15701,0.8464096379222004
15702,0.5344762428437594
15703,0.06660259993031767
15704,0.005006719271764856
15705,0.008660369079943202
15706,0.9159412789378136
15707,0.6835575058759518
15708,0.91837059120707
15709,0.08104789672280244
15710,0.4559822512037526
15711,0.16353935862031524
15712,0.04677202147956446
15713,0.7877336201791716
15714,0.5259792457192745
15715,0.12914941056767673
15716,0.5540958484519409
15717,0.026100430368772937
15718,0.08289918168238197
15719,0.9999303861052631
15720,0.3872486221735545
15721,0.2973335928750062
15722,0.9991994194555294
15723,0.7088501128638628
15724,0.9997266067552326
15725,0.08100807317100893
15726,0.6941174924271323
15727,0.25099999908670245
15728,0.0017671826137800925
15729,0.15308523562512374
15730,0.39069344128275835
15731,0.01619808386217499
15732,0.6195661275174665
15733,0.5939720238163386
15734,0.0004653088305881379
15735,0.8601559106638417
15736,0.0038504745358251707
15737,0.9998933299698423
15738,0.7978508500866487
15739,0.0055154384009282135
15740,0.0021226699626018895
15741,0.9999093049896255
15742,0.023261398117211864
15743,0.9995085541433762
15744,0.012284676647818994
15745,0.9994430364148694
15746,0.9996036211221293
15747,0.012548018064968304
15748,0.0057397184897371775
15749,0.00029605188855654055
15750,0.19348943735314483
15751,0.027702581345971224
15752,0.0051733177275935
15753,0.7728941711013471
15754,0.6866603291881338
15755,0.9996042116827388
15756,0.9375399208363112
15757,0.027866719127400894
15758,0.19292009420050127
15759,0.42359438792603793
15760,0.0011563549557904271
15761,0.8089776071033771
15762,0.6408208285295597
15763,0.906786775441204
15764,0.5986166228402713
15765,0.0047974994433918955
15766,0.49406269210055714
15767,0.9993813163267867
15768,0.3546975760956243
15769,0.0002035197781259835
15770,0.16626299110308648
15771,0.017263197855678314
15772,0.9992188046935274
15773,0.021143360721818476
15774,0.9996384574270007
15775,0.003574498249996078
15776,0.05025713603438938
15777,0.7049070037480369
15778,0.0003257810012177259
15779,0.3558681250493471
15780,0.43725538618763343
15781,0.012964017186336694
15782,0.8911425909238108
15783,0.06465088564814654
15784,0.016473527657499265
15785,0.03750189931792769
15786,0.6727608076290764
15787,0.824391448706225
15788,0.071692973436355
15789,0.9994206542487735
15790,0.7562263917749918
15791,0.032738211520291445
15792,0.6901495964218284
15793,0.8217367525784374
15794,0.030512379414681524
15795,0.9996714344854416
15796,0.0205199598911059
15797,0.9994294878192037
15798,0.9655703257487713
15799,0.015016627048730085
15800,0.310788954094348
15801,0.5339654879802318
15802,0.14179593042830396
15803,0.8785108746833
15804,0.03187476062280096
15805,0.351363009824884
15806,0.0016587708280190424
15807,0.0004481207049955684
15808,0.9997807009416932
15809,0.8429707154778769
15810,0.08536733851824072
15811,0.9043574641315079
15812,0.8297619534006518
15813,0.2626180523570639
15814,0.5080771348220378
15815,0.35008499323172737
15816,0.004052977700149398
15817,0.9994012047050778
15818,0.0012434266696071336
15819,0.020559183175292282
15820,0.193271513643597
15821,0.5520548006829991
15822,0.0018472845361236945
15823,0.0002717121680784014
15824,0.38067725376926065
15825,0.9993905958345298
15826,0.5893021807316989
15827,0.9997973281153908
15828,0.7680365990659637
15829,0.0026302843784164883
15830,0.00014766477101652508
15831,0.0002963580120473682
15832,0.004113053826802515
15833,0.1873803425774523
15834,0.016780874528181826
15835,0.2669778688278181
15836,0.006030772977246167
15837,0.40637196874532117
15838,0.24486000399964866
15839,0.9983692607629507
15840,0.00023159630371786725
15841,0.999845894647249
15842,0.02965061484851826
15843,0.0003791863271102954
15844,0.7443177663452455
15845,0.7632444831705884
15846,0.10516596531174256
15847,0.004082775875235382
15848,0.04746370846461309
15849,0.4268079602117244
15850,0.9993402859038925
15851,0.8042722663001906
15852,0.007445690381676701
15853,0.0006854226874887914
15854,0.07264942914768303
15855,0.010858065102655717
15856,0.6928068113134263
15857,0.00452099357186311
15858,0.009750143420783489
15859,0.7579796446777598
15860,0.4274474150709059
15861,0.002310656658940554
15862,0.6266379944010141
15863,0.8536264390205107
15864,0.008299505923718349
15865,0.0012952107451710574
15866,0.999796313899291
15867,0.0780245588016512
15868,0.29343770387622353
15869,0.7058525466140501
15870,0.0006671537450661654
15871,0.8945352546182814
15872,0.004090868833419053
15873,0.008865963560730609
15874,0.11554917320168245
15875,0.00876508330794742
15876,0.09813175217564868
15877,0.48207470472229197
15878,0.010131806640259176
15879,0.10680652320600202
15880,0.15031017651283635
15881,0.267771930931132
15882,0.05595741093437037
15883,0.08938381082071134
15884,0.06247341825067826
15885,0.2774151308883759
15886,0.0016890540374080113
15887,0.003227899596195505
15888,0.09998838647559596
15889,0.006816277665357591
15890,0.0032322675301692545
15891,0.47281947468310925
15892,0.3918340697449815
15893,0.0036220784987270626
15894,0.9996788645836499
15895,0.2201986551271809
15896,0.17481797460832468
15897,0.9994154954226879
15898,0.07596061352714224
15899,0.9994849175106321
15900,0.40775592526183607
15901,0.0023455124451742457
15902,0.9966294348151808
15903,0.7620085564715916
15904,0.002592441494088226
15905,0.006797284928916232
15906,0.9995747918455368
15907,0.004752569729457767
15908,0.1575346463556979
15909,0.3075681999422014
15910,0.010043022561673512
15911,0.9995812858226524
15912,0.994389513920356
15913,0.43761238620762466
15914,0.9994430364148694
15915,0.1873803425774523
15916,0.16882886048180376
15917,0.00544944424147705
15918,0.24535753719618267
15919,0.41435991038745507
15920,0.05428608491925042
15921,0.9715541659670266
15922,0.17602704126842825
15923,0.6175907574024732
15924,0.005570551132716732
15925,0.8798343907088083
15926,0.0005189632486729026
15927,0.6631730631610142
15928,0.13797455313048265
15929,0.3281334006106849
15930,0.906884675174733
15931,0.24754099581211897
15932,0.1941303198234091
15933,0.06353562346793087
15934,0.018591752048656107
15935,0.0607893333030903
15936,0.566712795110239
15937,0.8112979928828192
15938,0.0068425687402312065
15939,0.1267847761064803
15940,0.0010431622281672607
15941,0.01202167498964538
15942,0.00013426676952580174
15943,0.00042139622431733667
15944,0.9996353760196381
15945,0.00966570368793348
15946,0.9996612245125357
15947,0.9991859740947898
15948,0.09496319730742424
15949,0.015222874965112007
15950,0.2581160052977543
15951,0.039071219780048565
15952,0.00886395848933675
15953,0.6828390817163191
15954,0.9996384574270007
15955,0.33060187193880014
15956,0.020707504961023124
15957,0.39098078749346277
15958,0.006375791441937273
15959,0.04507875438199182
15960,0.7514138836867806
15961,0.35662884502097064
15962,0.38995395723569864
15963,0.0010231637412462433
15964,0.5919299761745256
15965,0.1546925814641657
15966,0.38020549286235616
15967,0.0011642066660704576
15968,0.6399055521953794
15969,0.9766131530202093
15970,0.9995116042479565
15971,0.009185329292951969
15972,0.9993922570533871
15973,0.1643035857073208
15974,0.42901712800621566
15975,0.2102319116222332
15976,0.0007867595512985968
15977,0.9995425391193108
15978,0.493745113452157
15979,0.8000041025297217
15980,0.22039937267115203
15981,0.02480263706924393
15982,0.47454926639084094
15983,0.7967046293349568
15984,0.9996066326360069
15985,0.9372561429279329
15986,0.0019548924972959173
15987,0.6628789545072357
15988,0.8452874650539074
15989,0.18411690068484313
15990,0.04633170148376925
15991,0.7224423213546147
15992,0.9953442003352169
15993,0.19686042088893257
15994,0.30084316641456577
15995,0.0002706769600319603
15996,0.06114689524779119
15997,0.9990558428759767
15998,0.9998590404161949
15999,0.4847984835018655
16000,0.27658630142364105
16001,0.21325273329158426
16002,0.1999907764783958
16003,0.21215227863765995
16004,0.00743572008950809
16005,0.17864263359653373
16006,0.03917955702299569
16007,0.9984512080596378
16008,0.0149587148065745
16009,0.003988061828544789
16010,0.006640087188593191
16011,0.13990472725536263
16012,0.0004931649448992416
16013,0.4430194420913892
16014,0.9997973281153908
16015,0.052088298801401554
16016,0.2878556745261552
16017,0.05052738360325491
16018,0.008765943369860097
16019,0.0033233222525778545
16020,0.8826717371233218
16021,0.380040715959794
16022,0.03464361671213108
16023,0.0059362376749057385
16024,0.696781264357327
16025,0.05386930238111977
16026,0.0003477805079424022
16027,0.9996196310730281
16028,0.9990558428759767
16029,0.1842692263920623
16030,0.19048345782175907
16031,0.00032460060008857424
16032,0.965088943241666
16033,0.013295739801346688
16034,0.5594776336734244
16035,0.9995798581150174
16036,0.06852563246775124
16037,0.9996042116827388
16038,0.0021226699626018895
16039,0.4448549965594064
16040,0.06143487312495708
16041,0.7550230247146399
16042,0.13404474064837504
16043,0.034220574679277
16044,0.5109006970023873
16045,0.3519941784654833
16046,0.9995235636184652
16047,0.004550750930870699
16048,0.7669359774834319
16049,0.5189832849371595
16050,0.9995361350633379
16051,0.9246924267518908
16052,0.6902363252807183
16053,0.9998664268623432
16054,0.04543410092151398
16055,0.8558651546661157
16056,0.38030839379135434
16057,0.06585689077324328
16058,0.8441314188663793
16059,0.3806957042965351
16060,0.7911458305533685
16061,0.026553303027262942
16062,0.4096688254369924
16063,0.01889940619070607
16064,0.1284591656379358
16065,0.8472521680286276
16066,0.15173986204049292
16067,0.020270277303017382
16068,0.053133743475764675
16069,0.4757828451144689
16070,0.005060800662582043
16071,0.028765111920801684
16072,0.9993548948506998
16073,0.9998294003341738
16074,0.999630161427519
16075,0.7504985819330592
16076,0.42505379805243554
16077,0.013788412303984357
16078,0.8452213951240061
16079,0.7424735184760317
16080,0.9997718608303992
16081,0.03308975693907123
16082,0.8034077064989037
16083,0.002865862117582291
16084,0.7385781242439102
16085,0.030108772749901886
16086,0.0005712127973667069
16087,0.0003959318404760268
16088,0.06102330280224019
16089,0.7636505591108572
16090,0.14047128791503166
16091,0.00352576717831634
16092,0.7104120626573394
16093,0.9951223449695373
16094,0.9993743977342137
16095,0.119828596644146
16096,0.10560804751130526
16097,0.004632391793677444
16098,0.9995146591863655
16099,0.07945230464085064
16100,0.875943613842002
16101,0.037956487490159646
16102,0.3626964145189377
16103,0.27740573136666763
16104,0.0003023538042471178
16105,0.6914094392807819
16106,0.12695114096157656
16107,0.8390913128450951
16108,0.10547878087917842
16109,0.5447736299819919
16110,0.9973944987011196
16111,0.4934908381140396
16112,0.010676023174259832
16113,0.4773901882365809
16114,0.9983692607629507
16115,0.00039746645388408653
16116,0.9606386597831352
16117,0.02917327432673851
16118,0.00024579423017327917
16119,0.0030897483160572275
16120,0.006991582544691109
16121,0.0008735254124043711
16122,0.0014433193227329293
16123,0.2536390190515468
16124,0.9655703872593158
16125,0.10743573194042927
16126,0.0002910055502262791
16127,0.5595496918187438
16128,0.0003173201996753547
16129,0.006051899299325151
16130,0.3177813617820444
16131,0.004268351993868208
16132,0.20410974679850946
16133,0.21930554108690253
16134,0.10667637283538843
16135,0.07013722972727235
16136,0.2704972664018025
16137,0.0006262615025378257
16138,0.030931158202441855
16139,0.0018675232936403452
16140,0.8415975405208004
16141,0.005565672897651167
16142,0.009225551850806517
16143,0.08169471589568389
16144,0.00036145053156373344
16145,0.999646993358797
16146,0.008266090350035256
16147,0.2143394120308531
16148,0.9409863397355086
16149,0.06765239166137496
16150,0.446293608383455
16151,0.7226504699419334
16152,0.42356950579742675
16153,0.21757677209400603
16154,0.001580494771148276
16155,0.07442111286917512
16156,0.45392139638914614
16157,0.00015569506561232497
16158,0.6365529215260289
16159,0.9031150182078315
16160,0.8206484426469356
16161,0.5701322476051416
16162,0.9998180183431119
16163,0.00015915664450719198
16164,0.00027688151986915996
16165,0.0032786836924210156
16166,0.9993231908712138
16167,0.0013312345239903727
16168,0.017690282311972713
16169,0.21298342518252641
16170,0.5313426622190238
16171,0.00018755976169767578
16172,0.9967095726869075
16173,0.34622907998063546
16174,0.12156217743287077
16175,0.20633469132160356
16176,0.004907158792839134
16177,0.0026183983592804948
16178,0.03614353953184818
16179,0.3763933439512494
16180,0.2953501325794365
16181,0.0012430025059587536
16182,0.30584597729902674
16183,0.6984098755320227
16184,0.19285631611397633
16185,0.17019443956880914
16186,0.006707019070935154
16187,0.04540458149082425
16188,0.004314626682567463
16189,0.27447904674541945
16190,0.3962904826945108
16191,0.00018116065417172258
16192,0.5247493126492361
16193,0.0065493500851271065
16194,0.0026114293811947496
16195,0.0982922578991183
16196,0.030196346558946596
16197,0.7548383744622073
16198,0.9994440737460357
16199,0.24258677890976824
16200,0.6510684148864307
16201,0.7784578963489509
16202,0.008130451901920908
16203,0.4384762103943883
16204,0.8299978692040129
16205,0.3159962550823307
16206,0.059773062260789246
16207,0.2454461982737904
16208,0.12663265197048365
16209,0.011879034857432483
16210,0.7514361223033778
16211,0.7466900337610358
16212,0.22293774751873624
16213,0.02912900629677704
16214,0.025649335799240666
16215,0.6651049149225944
16216,0.005444306975416152
16217,0.8369104703001867
16218,8.330595136535523e-05
16219,0.004865812403999757
16220,0.10050160627825078
16221,0.0027297542355674926
16222,0.39845809682385974
16223,0.005455099995909686
16224,0.08671271096939111
16225,0.04950663633795821
16226,0.006997858628640109
16227,0.3546730820641474
16228,0.5936801992683626
16229,0.16414689561981716
16230,0.12804463303839322
16231,0.9977409470153725
16232,0.2949090544266311
16233,0.6838054254436038
16234,0.6816683229540652
16235,0.5026606661297146
16236,0.9996603700853516
16237,0.9994325987438174
16238,0.9991586256145341
16239,0.9998787213275496
16240,0.9999174135158221
16241,0.35600593641971345
16242,0.00030275746133282965
16243,0.10433822014008301
16244,0.007205917429854044
16245,0.04945978191349298
16246,0.009227209467094856
16247,0.0671551625446031
16248,0.6697426327290542
16249,0.03745127242506504
16250,0.7510435699312443
16251,0.2452931334564161
16252,0.21592953916878238
16253,0.0003521670191064602
16254,0.04348026406011198
16255,0.0018122079125588782
16256,0.005847222246505862
16257,0.6380190067017852
16258,0.20119956807713224
16259,0.025969553898504794
16260,0.00017522830254778474
16261,0.1281524439616463
16262,0.004609301642984943
16263,0.022230980367108442
16264,0.06620329085353982
16265,0.04805763395441956
16266,0.09036310246359695
16267,0.23362986432585736
16268,0.8112163242023863
16269,0.007360870195402679
16270,0.18762170779231965
16271,0.9995524386204888
16272,0.15128987159687263
16273,0.7125433213097144
16274,0.009975046235512538
16275,0.22647177113739772
16276,0.6900537874172412
16277,0.027419798820291743
16278,0.02323169495039072
16279,0.2953696897118078
16280,0.2778329208690758
16281,0.24171042114792093
16282,0.0044219552990882195
16283,0.022690242295254882
16284,0.3897010198164155
16285,0.6140822322828733
16286,0.17962700626635736
16287,0.21521186128200745
16288,0.19896670382183917
16289,0.0004011253207570038
16290,0.2547680269217492
16291,0.13448246635807276
16292,0.99803549181265
16293,0.06070693981849188
16294,0.8116228525818672
16295,0.12223069844489445
16296,0.8829727876431385
16297,0.5266777116766954
16298,0.1894734160418982
16299,0.9994440737460357
16300,0.13838756202289457
16301,0.9075074093491968
16302,0.0473036641427239
16303,0.7081670489717423
16304,0.6428383949959005
16305,0.00012111183903979198
16306,0.9993644350320543
16307,0.9980693658152715
16308,0.060620181281590524
16309,0.2251881443813752
16310,0.00955897936135311
16311,0.8262715616222696
16312,0.1847827623245843
16313,0.08027953841785439
16314,0.9995324294668777
16315,0.0009117560493547905
16316,0.0003933699188102934
16317,0.9992322940150287
16318,0.8775660834209883
16319,0.0009983578926532923
16320,0.0021036034646406626
16321,0.9996645045132432
16322,0.7534379731067558
16323,0.9241622529384248
16324,0.8368612209529935
16325,0.03366584752482047
16326,0.7655156411782401
16327,0.009345334278160774
16328,0.9995011317427036
16329,0.29785420009932595
16330,0.8929049052326007
16331,0.9981211883832052
16332,0.07621388450105386
16333,0.9633687006727129
16334,0.013832614600689755
16335,0.647782666274759
16336,0.0046044701658452675
16337,0.9993900675133923
16338,0.00028549634405998996
16339,0.0003232050628375723
16340,0.7585819409406481
16341,0.9990476460167951
16342,0.02674460239560645
16343,0.1587316542210851
16344,0.027044750824193546
16345,0.5367433970093121
16346,0.000387908938433589
16347,0.5088963051100277
16348,0.027267734317445554
16349,0.05272186465719908
16350,0.05237666542363027
16351,0.004217402383834766
16352,0.02170865161979138
16353,0.9410523669556576
16354,0.11975068066543391
16355,0.13306323097542996
16356,0.11098802750920508
16357,0.5731413094192491
16358,0.7464185579800497
16359,0.5510176355299105
16360,0.3002966863381262
16361,0.01916632318009801
16362,0.03733354724385184
16363,0.0056244684791063836
16364,0.21911070759944246
16365,0.011719540311333128
16366,0.331506307726356
16367,0.0008901915653704015
16368,0.1382350703913235
16369,0.9996374206055896
16370,0.9986637485459895
16371,0.41496926484258184
16372,0.9994348347441976
16373,0.6457013666705836
16374,0.013915586960283298
16375,0.019796211929809397
16376,0.028226701534842084
16377,0.3999647697165769
16378,0.469916304459061
16379,0.9997266067552326
16380,0.9959000232026326
16381,0.7273708355945279
16382,0.25246649353135664
16383,0.0003121847353667696
16384,0.29041689128754655
16385,0.018143741547600567
16386,0.9991859740947898
16387,0.9980082177089993
16388,0.9995324294668777
16389,0.6858334829488754
16390,0.2737969935468157
16391,0.9996714344854416
16392,0.0005729427630344877
16393,0.0051624350157558965
16394,0.2103426191548563
16395,0.33415176243673617
16396,0.09488931380736905
16397,0.0046646087673830085
16398,0.43932325749287005
16399,0.09906177636233496
16400,0.00433998995549917
16401,0.17736445965939707
16402,0.10656544410177271
16403,0.7319594923689977
16404,0.021093746267383817
16405,0.8592260399766968
16406,0.4642431817416853
16407,0.46527500971601354
16408,0.10962285735554812
16409,0.5740006889342272
16410,0.013127172143476144
16411,0.1231535400582509
16412,0.012103436877793939
16413,0.007132274383895413
16414,0.18047953693231683
16415,0.0896026856305538
16416,0.9974505746296463
16417,0.2314638777487768
16418,0.9996670776689073
16419,0.7855207158445906
16420,0.01696143954814911
16421,0.2529881765149042
16422,0.6348956870071618
16423,0.04611791501620022
16424,0.00515186698809148
16425,0.017103768611149824
16426,0.35027943080250984
16427,0.15163814580636234
16428,0.01829515777097894
16429,0.14620187278006738
16430,0.0021786047972958238
16431,0.0001648714621052225
16432,0.6241363816135616
16433,0.03012054782036708
16434,0.06567067095019213
16435,0.0004097262915668197
16436,0.544588439584403
16437,0.20498300110800033
16438,0.6309848402058964
16439,0.1992049163998839
16440,0.2510937045364462
16441,0.908182218567092
16442,0.24051566395685683
16443,0.4399554557791571
16444,0.0011178352309817586
16445,0.659611565899668
16446,0.9103907738218944
16447,0.27206670433726476
16448,0.0034502945047035463
16449,0.5375412332245567
16450,0.0025656610542477572
16451,0.10618541989103072
16452,0.9996747927915519
16453,0.9451843169906201
16454,0.011357476636771512
16455,0.004244092961233334
16456,0.9050309775295842
16457,0.9364100793966236
16458,0.9993692796144571
16459,0.4664159733840376
16460,0.004465617179402404
16461,0.00040002904534949726
16462,0.00036672514956193774
16463,0.8232771566061159
16464,0.059508062220173005
16465,0.7637254266312736
16466,0.4900149861788914
16467,0.18927889095170702
16468,0.5490754412486588
16469,0.003254625474849295
16470,0.05284010744737309
16471,0.28227073856332646
16472,0.0020687973043533327
16473,0.0016044581886781358
16474,0.8136968903082613
16475,0.7150126748565931
16476,0.013161418339814771
16477,0.005842103011661685
16478,0.021063328267705347
16479,0.059234056600231365
16480,0.11377620507382823
16481,0.0035839412083701993
16482,0.8503654030105084
16483,0.1181628178812535
16484,0.5893021807316989
16485,0.19018862584781182
16486,0.12828014235530888
16487,0.029557707761059312
16488,0.3295178307581105
16489,0.9998403042141668
16490,0.052216274336338346
16491,0.2105292928536568
16492,0.36903275288184445
16493,0.9993548948506998
16494,0.005886283990460816
16495,0.569224694293331
16496,0.009622625301353186
16497,0.6814893809393313
16498,0.8626992088794347
16499,0.9994789353534381
16500,0.9212646857436967
16501,0.00018339432774523048
16502,0.08189212868428548
16503,0.034879475423191975
16504,0.9448945410281705
16505,0.3629247696373758
16506,0.999295163882588
16507,0.010766206699132875
16508,0.07707631620597494
16509,0.9980864340622484
16510,0.1672841497236295
16511,0.00040651465020298744
16512,0.0015293581072037205
16513,0.7741538621564931
16514,0.5902773775179387
16515,0.9999352383912561
16516,0.03636216566165489
16517,0.8084114954291695
16518,0.0004701085069977673
16519,0.01161747880119393
16520,0.2905642935379631
16521,0.00423256567560904
16522,0.05155624811893706
16523,0.0017515750805941802
16524,0.9974505746296463
16525,0.0001369887557904109
16526,0.012871067835573137
16527,0.6922918431020901
16528,0.06239925159076234
16529,0.004487976411444357
16530,0.053795129271266
16531,0.016703405135161737
16532,0.08004523824597412
16533,0.0003154920367756957
16534,0.31051754812788374
16535,0.003672548666066753
16536,0.17296982281191967
16537,0.8056465936977772
16538,0.0018472845361236945
16539,0.11321176783875227
16540,0.01684697666123367
16541,0.007744886914533899
16542,0.4477674703184388
16543,0.9996427814006416
16544,0.05259780862432605
16545,0.7036510327807789
16546,0.26173677379211324
16547,0.007231669968965403
16548,0.5892524736243184
16549,0.047501336945923914
16550,0.0012952107451710574
16551,0.04507875438199182
16552,0.00037331497929681093
16553,0.14414711144003872
16554,0.13836428473649787
16555,0.08717011756313948
16556,0.04550383824467979
16557,0.9996507589277797
16558,0.0001257785995825362
16559,0.6433323268431542
16560,0.004273460792857812
16561,0.22103563683006136
16562,0.7772041255480912
16563,0.8444110115686018
16564,0.9965307799022797
16565,0.006334323820324778
16566,0.44729652438051276
16567,0.9407240970363068
16568,0.7401859189064659
16569,0.0020017773665418105
16570,0.691121845884275
16571,0.024327413300296075
16572,0.05823362657982057
16573,0.07332961682763374
16574,0.21427133621151784
16575,0.03307072205074316
16576,0.061578811386371606
16577,0.714438069501503
16578,0.015716685915853127
16579,0.8177982827590684
16580,0.0023439367347386567
16581,0.018458556046826297
16582,0.0021951706920911537
16583,0.05711393203732135
16584,0.0013170685760887982
16585,0.34558863734345224
16586,0.002617008743868638
16587,0.9997718608303992
16588,0.006677556638014722
16589,0.999872647694275
16590,0.603327010162825
16591,0.9992302355772215
16592,0.01870615173630149
16593,0.0024412867489120166
16594,0.016869307676346056
16595,0.001580494771148276
16596,0.00010270725151162811
16597,0.019258160410973356
16598,0.9995812858226524
16599,0.9461362805463307
16600,0.009254830952760222
16601,0.0005593689134972503
16602,0.0018168170399049278
16603,0.4545625903824853
16604,0.09250282195526581
16605,0.6617602158197654
16606,0.410333586562354
16607,0.8934230082285433
16608,0.46955773406501344
16609,0.9995235636184652
16610,0.00034296710676965964
16611,0.0001571965398478228
16612,0.613625918149738
16613,0.1460310040100188
16614,0.005803290616268992
16615,0.03240949566611682
16616,0.6598332100268887
16617,0.165388647856367
16618,0.09195423038787473
16619,0.002835001234628444
16620,0.26449629514099016
16621,0.9989694629545196
16622,0.5769792716264414
16623,0.024643068188089895
16624,0.0500383491942659
16625,0.9995573263675883
16626,0.21814088512913996
16627,0.001282728429620411
16628,0.21209106685425455
16629,0.03295879006270858
16630,0.03873727449838558
16631,0.0030545879406380858
16632,0.13974490626351155
16633,0.025392212486120617
16634,0.0031106752505022
16635,0.8669298677085419
16636,0.01842678212414055
16637,0.8596251598172229
16638,0.005939822642083631
16639,0.8386062391492592
16640,0.8425950691864319
16641,0.006682566148506422
16642,0.8517328502183934
16643,0.4088142883944112
16644,0.39629061003109434
16645,0.6420602196382775
16646,0.7906466905480956
16647,0.06537340535530461
16648,0.6682273404152783
16649,0.0033197465153539025
16650,0.08626969092881877
16651,0.00022580202863315497
16652,0.6446463792525207
16653,0.18686542016670893
16654,0.7744461055158076
16655,0.0999734042107621
16656,0.0022280834507060958
16657,0.014109496560203877
16658,0.8260331038867693
16659,0.01050329453792791
16660,0.8351618211079331
16661,0.10542746942367089
16662,0.1351349159446023
16663,0.025780760318123805
16664,0.5818031160488786
16665,0.17962700626635736
16666,0.019191441998989887
16667,0.013648534562686518
16668,0.0327475635519928
16669,0.0002124943090826718
16670,0.9052783342577532
16671,0.7507257672508274
16672,0.006091210904722691
16673,0.17235417226832472
16674,0.08140496778398715
16675,0.1086447156434756
16676,0.2121418141709751
16677,0.7813826332373228
16678,0.005745333588544149
16679,0.9995166592689971
16680,0.9994664005489409
16681,0.5239541439704681
16682,0.9993687323916886
16683,0.23497989469575659
16684,0.20734331133300876
16685,0.6976398997080541
16686,0.09666883052516746
16687,0.0638466567716061
16688,0.31672319877061694
16689,0.7962223094798087
16690,0.01128833669837317
16691,0.4012648238531958
16692,0.00032396081341590644
16693,0.6803721600371929
16694,0.002529002241023564
16695,0.10016971755729544
16696,0.004280502696440668
16697,0.9640973828446688
16698,0.1870311485868908
16699,0.11271392900734914
16700,0.49468924182458995
16701,0.0003947342545416696
16702,0.04401728668165949
16703,0.08025294513838259
16704,0.9996683278083242
16705,0.35551486112464703
16706,0.7029480613493364
16707,0.09951998851102624
16708,0.3399674664883749
16709,0.00599589926191889
16710,0.9994789353534381
16711,0.6734715592646368
16712,0.05070860174158284
16713,0.27695943697451575
16714,0.1777138097539578
16715,0.01606571331638298
16716,0.9994657175692135
16717,0.799961818125839
16718,0.912060533248985
16719,0.6512222704978968
16720,0.717451487976668
16721,0.7921866223259519
16722,0.7538373211552274
16723,0.18787866758818333
16724,0.006181445499971842
16725,0.4768559230193994
16726,0.9996416105750527
16727,0.00017606775016045678
16728,0.4796054037479174
16729,0.0005545960946325195
16730,0.0054553214718180655
16731,0.0003503552194736233
16732,0.20462437532498642
16733,0.9686638138104487
16734,0.00040199784808153324
16735,0.005892461949223006
16736,0.2696404391701717
16737,0.03657065858549187
16738,0.999630161427519
16739,0.12367384892000317
16740,0.0015206600057900848
16741,0.6580891113727452
16742,0.9998773496131936
16743,0.3880078998097095
16744,0.2499594262353442
16745,0.9995151641304447
16746,0.4028361771737709
16747,0.9988213293552111
16748,0.2784970927221572
16749,0.45242206990523676
16750,0.9241622529384248
16751,0.09838282185622257
16752,0.40833000762155164
16753,0.08055810437375209
16754,0.3897324323159197
16755,0.008286018001432527
16756,0.783403173893103
16757,0.8365056002354735
16758,0.2882326446262611
16759,0.6022805971045903
16760,0.05207171660476841
16761,0.009262909011300256
16762,0.966771395960877
16763,0.4595140565691586
16764,0.0024980741811233362
16765,0.0033893438219615114
16766,0.0007538832499716822
16767,0.0740355822535646
16768,0.28376655406434603
16769,0.9996556357684614
16770,0.7532048566878212
16771,0.9998217083659067
16772,0.014164755395097858
16773,0.7309279251753704
16774,0.16629080271890437
16775,0.7313147420089186
16776,0.024538615567438575
16777,0.038018959768851605
16778,0.08819860038190477
16779,0.8370188331304174
16780,0.00493223906162217
16781,0.09964977787483544
16782,0.5032858444834613
16783,0.8244483451645166
16784,0.06269554942670713
16785,0.8370188331304174
16786,0.5849179646287161
16787,0.09869699602586747
16788,0.08912672720859886
16789,0.06344020701705287
16790,0.9999623405895408
16791,0.005548203982259552
16792,0.11336197718200229
16793,0.006431385265795045
16794,0.12955044577787478
16795,0.9996501135545404
16796,0.999630161427519
16797,0.21663527715313058
16798,0.00264401064043077
16799,0.9996312812910155
16800,0.8977097435719906
16801,0.20495003946288978
16802,0.534438290433031
16803,0.9994436473128939
16804,0.9993922570533871
16805,0.03494640418419954
16806,0.012148539989357455
16807,0.1009487442131907
16808,0.040765571064877035
16809,0.3831460154305518
16810,0.5267081767390873
16811,0.0008055703423745131
16812,0.7740489315036926
16813,0.2962402406429834
16814,0.06601826116679825
16815,0.9995807610676285
16816,0.36437085017837173
16817,0.0008398183495299681
16818,0.001452975351108442
16819,0.8298274870489591
16820,0.004444427653603458
16821,0.31818775162793905
16822,0.030766639260223026
16823,0.004043008494768701
16824,0.05363091581138194
16825,0.7220993644470988
16826,0.0001462629181037816
16827,0.8370188331304174
16828,0.9997991619205762
16829,0.7684053562223446
16830,0.09834797086199103
16831,0.04908469817656203
16832,0.10333807118466307
16833,0.05697448763980005
16834,0.9996645045132432
16835,0.18943231012006476
16836,0.75486791186597
16837,0.9312893085972395
16838,0.001128434790996299
16839,0.8828062658748602
16840,0.07990861379582408
16841,0.1144214412734059
16842,0.0065212989709317595
16843,0.0030068289419599593
16844,0.7306299951614298
16845,0.1616986250223013
16846,0.45931493329848117
16847,0.035347660158853
16848,0.9993697196827608
16849,0.9993402859038925
16850,0.9995722604696023
16851,0.9778455517922312
16852,0.0022073753605527393
16853,0.9993755087520922
16854,0.006824186045148213
16855,0.10778919976021362
16856,0.16442868669797295
16857,0.274693893746429
16858,0.038373571723945225
16859,0.00017655118061296338
16860,0.005888868532296632
16861,0.0041348882106344255
16862,0.003520477934682356
16863,0.49804150274990167
16864,0.002140404823741983
16865,0.10636911261282399
16866,0.23326853761998703
16867,0.554634139953364
16868,0.3489339081236074
16869,0.6879045809005504
16870,0.034398468213860084
16871,0.9998723382447499
16872,0.008148481205307031
16873,0.0011638200274627223
16874,0.6772763573764686
16875,9.113126016801608e-05
16876,0.9917456236308597
16877,0.9993490581793648
16878,0.2072018223978159
16879,0.15277794685144178
16880,0.20946350995313812
16881,0.00027772139769677594
16882,0.003123571400593325
16883,0.29915577454559494
16884,0.01868843008538701
16885,0.9998253844759325
16886,0.03898125211952897
16887,0.012489577781570676
16888,0.5708394519996424
16889,0.22937525792438365
16890,0.011450154944768148
16891,0.815983890113301
16892,0.15636704178116825
16893,0.3470094773905713
16894,0.9966294348151808
16895,0.6176906216438475
16896,0.9824790093082851
16897,0.781023882862629
16898,0.6887764469255488
16899,0.885690446446461
16900,0.6344213058135989
16901,0.6297887991626956
16902,0.0040894699376613835
16903,0.0013859195719855264
16904,0.020074611060267446
16905,0.16809393404761147
16906,0.9916862569392952
16907,0.72723655841508
16908,0.9996559828071766
16909,0.7713524600688012
16910,0.13494235027744916
16911,0.11711909101315528
16912,6.92444317028455e-05
16913,0.8711398657324563
16914,0.9994705662006848
16915,0.3949312264590745
16916,0.003894525021525962
16917,0.06896606022982783
16918,0.22705798626676488
16919,0.828967955755708
16920,0.12113403903815836
16921,0.5423307309349501
16922,0.0003443867656039257
16923,0.011639346082035497
16924,0.7838471507461122
16925,0.895406198912283
16926,0.021285051007147296
16927,0.679840014254549
16928,0.1327576430223782
16929,0.13379519549628946
16930,0.09788307039921511
16931,0.0005854214463371658
16932,0.8075736937806747
16933,0.00042158801324452974
16934,0.03693651064168191
16935,0.9990741039577086
16936,0.01544034406009418
16937,0.3311950917062789
16938,0.0015954482038249647
16939,0.1060194080445175
16940,0.36606919744323085
16941,0.44587759648280506
16942,0.9998773496131936
16943,0.11605251690761077
16944,0.6740512481975561
16945,0.01128745318829717
16946,0.999439608394079
16947,0.19123509133883754
16948,0.9993787046968168
16949,0.025274620678339698
16950,0.008924932864585384
16951,0.0015841593027826528
16952,0.9132206079453832
16953,0.9849366293249491
16954,0.02541017034526344
16955,0.7582511638943072
16956,0.09232907425509267
16957,0.010428713682722773
16958,0.23963307513061113
16959,0.002850606186077542
16960,0.999501290860801
16961,0.7212309157854031
16962,0.051289099337019764
16963,0.6562646782352957
16964,0.011153228468815805
16965,0.00817219548097565
16966,0.016999758237863077
16967,0.05320941391155839
16968,0.14148166869520426
16969,0.0035221598484632384
16970,0.704267219851991
16971,0.11694590176367585
16972,0.0033197465153539025
16973,0.9996089784973967
16974,0.009712535280252545
16975,0.1585590101458774
16976,0.015884079312013532
16977,0.9993855810356401
16978,0.0009485055641857925
16979,0.001425111130061886
16980,0.9993998727576863
16981,0.9994166944540397
16982,0.44154226950860104
16983,0.9997973281153908
16984,0.6847907694900502
16985,0.15147199615574172
16986,0.00013894173683767173
16987,0.9980082177089993
16988,0.7509641066971275
16989,0.2577249228107886
16990,0.042035551564027246
16991,0.00927320166534079
16992,0.7182524781848426
16993,0.5369632508176506
16994,0.18510154609938026
16995,0.05652874870925004
16996,0.4532180648309863
16997,0.07224725956810814
16998,0.9622860022875533
16999,0.9996507589277797
17000,0.00034619163858812507
17001,0.00013828027290653365
17002,0.7063777376573362
17003,0.7728429396176483
17004,0.22326290561846784
17005,0.9069819212858217
17006,0.05815164509099262
17007,0.9998100500626295
17008,0.027735335113517487
17009,0.10168951818501783
17010,0.37433532412658366
17011,0.35961893825680297
17012,0.0003580008956996194
17013,0.5770805088651525
17014,0.17962700626635736
17015,0.07364923690435941
17016,0.7787465421620413
17017,0.06337195344566314
17018,0.010955277961130733
17019,0.05693507899540872
17020,0.0533392250145644
17021,0.001452608555600556
17022,0.7808156087273845
17023,0.03963262251199903
17024,0.9991797638546729
17025,0.1374824533330983
17026,0.9994476703877357
17027,0.002148348037636722
17028,0.004609301642984943
17029,0.010749111904164601
17030,0.0006237650434320976
17031,0.2968017946755118
17032,0.11629961120309837
17033,0.011744313608370773
17034,0.0018270210062588852
17035,0.01283165222659794
17036,0.5774265728296857
17037,0.0012363208482849926
17038,0.9998384429378424
17039,0.6309280511170279
17040,0.4887444732149805
17041,0.29851977339818825
17042,0.011357999451733457
17043,0.7396038311976355
17044,0.08683928956887228
17045,0.01899196026577692
17046,0.016048134232210617
17047,0.0019599883198547115
17048,0.026291393739204662
17049,0.9998615789307517
17050,0.008119959679918336
17051,0.0022486586165296743
17052,0.8361797223135203
17053,0.0946913700141763
17054,0.0023032484085297273
17055,0.13542579632073812
17056,0.8137190937245472
17057,0.9994015883706447
17058,0.16400241991877246
17059,0.17324075965906166
17060,0.6101906569003428
17061,0.9990692969893158
17062,0.3256704554172709
17063,0.7237599326700945
17064,0.2927702566757322
17065,0.11438017644010147
17066,0.1086535390999101
17067,0.6556083398485547
17068,0.011482611542294067
17069,0.511845787507526
17070,0.03080482180928846
17071,0.7610146083717555
17072,0.07658751870969295
17073,0.9997973281153908
17074,0.9644651064751388
17075,0.016051202666491196
17076,0.0075780843062768066
17077,0.0006711497638931042
17078,0.5039521214738665
17079,0.5364243075801121
17080,0.786377933319753
17081,0.10459717210478978
17082,0.9551029005579884
17083,0.003383401112152628
17084,0.0037043269711048614
17085,0.0388206094325314
17086,0.9989633743815182
17087,0.0025194511429902215
17088,0.38835211867991515
17089,0.0653000734121943
17090,0.9996827555063189
17091,0.9996829177184119
17092,0.0010732335409760168
17093,0.9998180183431119
17094,0.609806322656775
17095,0.018912521520680688
17096,0.9991353142869654
17097,0.5043840414564446
17098,0.7714375865099631
17099,0.024424114893127395
17100,0.017794026887922497
17101,0.37192390862188424
17102,0.04806911798043041
17103,0.6162207895896612
17104,0.026488809377036363
17105,0.4669604160736911
17106,0.00042442230210564295
17107,0.5270127095859967
17108,0.0001914925628063527
17109,0.4005338616909281
17110,0.24929721241795225
17111,0.2601298519989759
17112,0.9994895398754695
17113,0.00038771083266222626
17114,0.8538087390661142
17115,0.09192785810260912
17116,0.9860527462604377
17117,0.3755796158035958
17118,0.10232218485101381
17119,0.1748791227551274
17120,0.01961228241303164
17121,0.13537992616596706
17122,0.9996427814006416
17123,0.04893145498391685
17124,0.3526225555800771
17125,0.6750123163693017
17126,0.9958129181197595
17127,0.7985696885602559
17128,0.1099608323985288
17129,0.7667722775289972
17130,0.2989601625491386
17131,0.0003891820869415322
17132,0.6285363432474532
17133,0.0035386330929517247
17134,0.30475219230785455
17135,0.9997718608303992
17136,0.3238676556666341
17137,0.9993651405052827
17138,0.6573513623524843
17139,0.6121860132084835
17140,0.14525019665983713
17141,0.23201491609317912
17142,0.8895998717001148
17143,0.0180373307524458
17144,0.2505868763360507
17145,0.24518568447418787
17146,0.5932111083689721
17147,0.0009501500874580589
17148,0.00019789480319925076
17149,0.31036877498117066
17150,0.06818337372301471
17151,0.8846284518250114
17152,0.015646676890407434
17153,0.9995166592689971
17154,0.9997097736263099
17155,0.9998328228016372
17156,0.014685377326344997
17157,0.9996683278083242
17158,0.8852878225735048
17159,0.9996511468409958
17160,0.32055965832339695
17161,0.0009882356995993791
17162,0.2572614761384837
17163,0.01903589729402478
17164,0.6430607340111619
17165,0.13194422986103485
17166,0.6960363490885887
17167,0.9996732551030839
17168,0.1241421205787216
17169,0.9999093049896255
17170,0.026009119860388966
17171,0.35449725033662055
17172,0.9996659992957596
17173,0.01756959436963237
17174,0.2059859482956593
17175,0.999041834812727
17176,0.9994101206118264
17177,0.2177266556506344
17178,0.9980082177089993
17179,0.24919313625494927
17180,0.0010670526357325282
17181,0.9241622529384248
17182,0.8860599289419221
17183,0.8908143386181062
17184,0.001540673226564406
17185,0.48599504891375706
17186,0.019957020099950654
17187,7.334643589900726e-05
17188,0.008259671031476479
17189,0.3251242190357481
17190,0.21931446683362818
17191,0.20604867536842364
17192,0.9998673316572503
17193,0.06477379028416407
17194,0.13918211638063635
17195,0.6093445828126246
17196,0.012938349140016292
17197,0.01906290964007758
17198,0.7497741042722029
17199,0.014824700944983027
17200,0.12886599781601915
17201,0.0008085497227858037
17202,0.9586231815894762
17203,0.035340704061717416
17204,0.727529835004568
17205,0.02272896521372636
17206,0.00842738561108941
17207,0.21073126636461678
17208,0.999406182150112
17209,0.9072410787458278
17210,0.010057823489966308
17211,0.021797445288348045
17212,0.03750189931792769
17213,0.03949426565698649
17214,0.3980656220037771
17215,0.6604231630847477
17216,0.011522152898593745
17217,0.21971366829064964
17218,0.1155376642111927
17219,0.65238751027148
17220,0.0018351114176880035
17221,0.8330637878981837
17222,0.7512495383972574
17223,0.001344453465304774
17224,0.17365941598896492
17225,0.026881179295633842
17226,0.008266090350035256
17227,0.10236351515601033
17228,0.07501748718178983
17229,0.00041124438683621894
17230,0.006752478014066689
17231,0.8199078051665202
17232,0.06479849741632468
17233,0.10114081193419883
17234,0.13613087938795806
17235,0.11967601479978632
17236,0.010320139902645678
17237,0.06981674925965695
17238,0.00700827903203337
17239,0.9995524386204888
17240,0.0013484832861471777
17241,0.30057721359527645
17242,0.9996312812910155
17243,0.9101088758032331
17244,0.005787934476773581
17245,0.013041222150821027
17246,0.06492769116322615
17247,0.5112306167171909
17248,0.025752374603858506
17249,0.998302401075527
17250,0.007906502225746835
17251,0.6011977464660806
17252,0.012394674239293007
17253,0.8819169353174793
17254,0.05404611105818065
17255,0.40346642796071
17256,0.06278049306378183
17257,0.00029063980225100443
17258,0.019809351949803312
17259,0.9995487012796617
17260,0.6540325149625298
17261,0.9995343620303914
17262,0.2832262454110917
17263,0.1693024970447605
17264,0.005661142556193218
17265,0.021690312363136708
17266,0.9749302338509747
17267,0.8365056002354735
17268,0.12046872406700328
17269,0.9998892186520933
17270,0.0020687973043533327
17271,0.22256563848352237
17272,0.00010247531100873241
17273,0.0006129153731731596
17274,0.0017845568940605392
17275,0.5048012261404363
17276,0.9989694629545196
17277,0.9231074066797859
17278,0.3552559387713975
17279,0.8219525835490366
17280,0.9967404984437261
17281,0.035046757239663315
17282,0.999703315495614
17283,0.12767253267272663
17284,0.01905990431401464
17285,0.01839489454637369
17286,0.008096510761979517
17287,0.9994865791348221
17288,0.0039509804745085425
17289,0.9994626515189348
17290,0.9094377231312564
17291,0.003641585888994042
17292,0.9044615952409352
17293,0.17957707112968085
17294,0.0026183983592804948
17295,0.9998880115702502
17296,0.0026009011652124684
17297,0.044739290812849455
17298,0.34577247454794674
17299,0.9997097736263099
17300,0.3945298500219025
17301,0.9994078916627177
17302,0.9988079001647004
17303,0.013360308070566543
17304,0.004602298670951866
17305,0.913229457498591
17306,0.1936145142976034
17307,0.047804615480403684
17308,0.010413225464522455
17309,0.39965750844638226
17310,0.9992897899047007
17311,0.2838116125783846
17312,0.2935474754098545
17313,0.1096595957009981
17314,0.016027413812837683
17315,0.0008304618866065491
17316,0.9996497955147784
17317,0.13375581199513298
17318,0.9994012047050778
17319,0.15364033404462057
17320,0.9979598860111967
17321,0.8957410853852135
17322,0.5600454931036324
17323,0.00020094895315797356
17324,0.007947344219060251
17325,0.29818955586295764
17326,0.002868289734422362
17327,0.00952218081781145
17328,0.32878832102853484
17329,0.024845940876393465
17330,0.41842801960168946
17331,0.3383669664052176
17332,0.18065960125309663
17333,0.005306689447932193
17334,0.00040173606486627845
17335,0.004901816763160406
17336,0.012725842313420803
17337,0.9997928812844427
17338,0.007334800809525327
17339,0.8526127129466405
17340,0.008494848299766013
17341,0.1318339942679989
17342,0.444215509489411
17343,0.000490388771555497
17344,0.0006052638833864721
17345,0.45125745263088957
17346,0.9991818771040045
17347,0.10479297852419019
17348,0.5066604170290967
17349,0.002773422238161403
17350,0.0001415368841258003
17351,0.2912129099888115
17352,0.6105562586424543
17353,0.00817651380037352
17354,0.1065979540553994
17355,0.9997898641128934
17356,0.000612323788535903
17357,0.9997343968228192
17358,0.00043539079614110965
17359,0.8514957435890921
17360,0.5711488967858227
17361,0.01500714772749311
17362,0.99962738283142
17363,0.9958462883146866
17364,0.6329143054757489
17365,0.004082775875235382
17366,0.10101891453338356
17367,0.1815255950829147
17368,0.9999692509615249
17369,0.8159964839973103
17370,0.22956140246731582
17371,0.13209485744272464
17372,0.00022032815276625247
17373,0.9996076323529581
17374,0.1186218795934504
17375,0.9996378682945314
17376,0.8299365863217079
17377,0.286988811070494
17378,0.9995384575193411
17379,0.998783952316723
17380,0.9994572711592885
17381,0.9998673316572503
17382,0.14838575668010542
17383,0.23331195458207718
17384,0.6178638278955749
17385,0.011510133604741726
17386,0.9058004555614302
17387,0.0010008061069842296
17388,0.7027139544491515
17389,0.0001155943667885823
17390,0.01761192867731804
17391,0.008474068053313211
17392,0.9006835606187075
17393,0.010223883891460223
17394,0.9994154954226879
17395,0.1054086245275113
17396,0.00019577267743762456
17397,0.43716359116728126
17398,0.023142307452711584
17399,0.25062873617744286
17400,0.006305866180961649
17401,0.17125524098613865
17402,0.4462901873493524
17403,0.06768527795422856
17404,0.501409472202044
17405,0.9995962333845071
17406,0.045371599031963646
17407,0.6966109088664972
17408,0.001610612104553106
17409,0.48540271372380256
17410,0.0005303085160347129
17411,0.4992057632852014
17412,0.040331352472887085
17413,0.004863068514832415
17414,0.022696399595219727
17415,0.732881985831401
17416,0.004028770863731459
17417,0.00019758085403694242
17418,0.9996683278083242
17419,0.472649228700794
17420,0.9980082177089993
17421,0.14542379549643036
17422,0.00023510065693338643
17423,0.716394022890027
17424,0.39733009770748023
17425,0.07141076831229365
17426,0.004331256627622038
17427,0.000554167096125814
17428,0.5814617725804364
17429,0.07791627340813775
17430,0.00012195958410184936
17431,0.03696693839377454
17432,0.040507647986549225
17433,0.01054052170219703
17434,0.19687909382214291
17435,0.5234330326761295
17436,0.015892350886016676
17437,0.49312905003479157
17438,0.19349334611128213
17439,0.999796313899291
17440,0.9997355508117156
17441,0.0024002003573912554
17442,0.021437532853188924
17443,0.5503594043287247
17444,0.14931168464825662
17445,0.016027413812837683
17446,0.005986410569777302
17447,0.00012556339610321948
17448,0.005472664979679684
17449,0.04312498367877916
17450,0.05708088408272626
17451,0.0033494533106286856
17452,0.010750991265291903
17453,0.9995573263675883
17454,0.0030121260386875926
17455,0.47526652812639264
17456,0.024759615431343498
17457,0.18233793028581752
17458,0.008190637126380752
17459,0.11162628560669619
17460,0.7683925755400381
17461,0.03352566567776349
17462,0.24715684383579264
17463,0.800028764910569
17464,0.3217880110997897
17465,0.013512786910142838
17466,0.9994675392009161
17467,0.2835511997826243
17468,0.00027109086408201274
17469,0.01615046654157996
17470,0.004502716573397224
17471,0.09354042119465483
17472,0.06414305745599155
17473,0.005314884592089481
17474,0.10641203220889417
17475,0.4801465885603229
17476,0.13861485524451345
17477,0.9999074780170334
17478,0.006871969399433418
17479,0.0015352806789733263
17480,0.04544706178859652
17481,0.007489976562274453
17482,0.05108490486464356
17483,0.9998664268623432
17484,0.34011845377251404
17485,0.059781800844411724
17486,0.7514361367859141
17487,0.008543292338167356
17488,0.16007361985677784
17489,0.4245173914397464
17490,0.617285194370795
17491,0.00042127054407603754
17492,0.9995324294668777
17493,0.7317853224573806
17494,0.612999678788057
17495,0.9998100500626295
17496,0.03134241371356371
17497,0.02787104349534062
17498,0.9860527462604377
17499,0.008512784715016137
17500,0.9996586581850594
17501,0.9996107328422593
17502,0.042583244924452694
17503,0.016047186843383656
17504,0.020426339994235664
17505,0.05532503574650605
17506,0.008326610476754523
17507,0.007693168777357495
17508,0.022360468206833746
17509,0.2669778688278181
17510,0.18476245650488896
17511,0.012222112576617823
17512,0.9996138807140779
17513,0.1294514612055434
17514,0.2637170684202159
17515,0.9991772665517877
17516,0.737007074969904
17517,0.04305702133397166
17518,0.0013312345239903727
17519,0.10717037866930264
17520,0.9204371334688703
17521,0.037969704481104975
17522,0.617435391575667
17523,0.14677232038277274
17524,0.9992568739925147
17525,0.003448769532825335
17526,0.6972683409699744
17527,0.04695351114554086
17528,0.0448767755770739
17529,0.015522823196917319
17530,0.9293424685502627
17531,0.00044298585948715773
17532,0.16688895912544477
17533,0.13656249014603997
17534,0.06114689524779119
17535,0.0004239419142988068
17536,0.0007927098909338145
17537,0.2459928356689089
17538,0.016357327633497776
17539,0.26180630496915824
17540,0.6759209682450205
17541,0.9994307142201256
17542,0.0002103008472162871
17543,0.9167145169045732
17544,0.007988429313466616
17545,0.00029827432935104894
17546,0.29416304895074824
17547,0.8524412855640507
17548,0.10482133806282037
17549,0.06359648944639684
17550,0.00025738808542395756
17551,0.5939720238163386
17552,0.004730323872176401
17553,0.5612239156952777
17554,0.27861478104925896
17555,0.009707156078035234
17556,0.008319279613446456
17557,0.6048907742406968
17558,0.0003026054316384227
17559,0.0007470050254291635
17560,0.0029215272308784697
17561,0.001747154507637315
17562,0.039952466548638293
17563,0.002989245354201422
17564,0.3663627579278849
17565,0.0025963357885135444
17566,0.004285796115695263
17567,0.8151026553370122
17568,0.3950441861243836
17569,0.008397988906822359
17570,0.8155697598681019
17571,0.10062073054139338
17572,0.024231815859243826
17573,0.30355355751532453
17574,0.980146318808135
17575,0.8187072774135105
17576,0.6539318073150373
17577,0.01748040868980272
17578,0.9995965542323445
17579,0.41323951434947637
17580,0.7221183454577784
17581,0.06742891542682251
17582,0.0003353128252845018
17583,0.0526420746656436
17584,0.9999661062650328
17585,0.7588328564218109
17586,0.049025661074939275
17587,0.9193088825339591
17588,0.5585316158619844
17589,0.9995829363491657
17590,0.013378780709893671
17591,0.00017776424030614658
17592,0.37278689526303843
17593,0.9998680905848241
17594,0.4010090958200576
17595,0.45738921279137307
17596,0.0016233211857534882
17597,0.9989860728974727
17598,0.00973123146053028
17599,0.0007288674340391988
17600,0.7195913829378036
17601,0.6702005813475397
17602,0.0028405323763181457
17603,0.9998080998309002
17604,0.8835158764757132
17605,0.02567855221273259
17606,0.9988210787055116
17607,0.7503559886096374
17608,0.048374781644222375
17609,0.8260613735144612
17610,0.8370188331304174
17611,0.7387715706865077
17612,0.007204197495259021
17613,0.0064147206705730195
17614,0.38101088701481783
17615,0.05844147513392482
17616,0.9997973281153908
17617,0.9994644848094774
17618,0.10074850325116867
17619,0.00197035352046395
17620,0.0004746681222324284
17621,0.010198184361359202
17622,0.0009414098114585757
17623,0.025808728184045632
17624,0.003926085803275171
17625,0.00024032410193075072
17626,0.4195402068425575
17627,0.9996042116827388
17628,0.010932561057686533
17629,0.0014480299459408933
17630,0.04685576658010675
17631,0.8941890578937548
17632,0.5675090562275108
17633,0.3293051854132728
17634,0.07759345386936303
17635,0.007457960827696093
17636,0.8062680482231276
17637,0.25322631767332254
17638,0.0043262047505669985
17639,0.18743455455792396
17640,0.2379945238908834
17641,0.025565933795655405
17642,0.00020958544880733736
17643,0.36247403865950073
17644,0.0010077161867535543
17645,0.6362338472257981
17646,0.019503177443848333
17647,0.9686638138104487
17648,0.009343586278758016
17649,0.01753466778555715
17650,0.4176106287475133
17651,0.19432103363608763
17652,0.13817703069237575
17653,0.0005022827998856016
17654,0.0001728474085291973
17655,0.007372768272005914
17656,0.030423437847758007
17657,0.03743598327233979
17658,0.6610389263966575
17659,0.025116489358575828
17660,0.5268077008196937
17661,0.01179151546862757
17662,0.012024179450630123
17663,0.00034231518803812635
17664,0.05079725667131923
17665,0.010797873913017834
17666,0.9244706425177652
17667,0.07965902356322249
17668,0.008391953768629737
17669,0.0018472845361236945
17670,0.09887391151906945
17671,0.9993900675133923
17672,0.9996374206055896
17673,0.12129572380749777
17674,0.522166219349369
17675,0.2544343491089111
17676,0.00015833964773117427
17677,0.9996066326360069
17678,0.0036218538399513107
17679,0.024058180843383105
17680,0.7109070939806665
17681,0.009794732447735571
17682,0.012860559467250789
17683,0.06463271137139959
17684,0.0779806393611752
17685,0.001932011655404159
17686,0.9997807009416932
17687,0.00033076491882615735
17688,0.05604513303474199
17689,0.008140387995568085
17690,0.13414747668805924
17691,0.7712785898801316
17692,0.014114082359433946
17693,0.1575677134977742
17694,0.2762684321802147
17695,0.048077295108424005
17696,0.08641443852150044
17697,0.31491745353587486
17698,0.9994430364148694
17699,0.007081837125584456
17700,0.0002262579989981584
17701,0.6619386992937946
17702,0.9840904520211564
17703,0.006153247425583007
17704,0.2428311459649548
17705,0.00248527269708501
17706,0.07933788585092416
17707,0.0004276014801027578
17708,0.010193990536017494
17709,0.032908123538186305
17710,0.08226177624006817
17711,0.24110117303439185
17712,0.0029555178701490127
17713,0.005783092281408193
17714,0.14361785055805976
17715,0.2692344833089191
17716,0.9946920618138407
17717,0.9998618626343602
17718,0.010381294193536467
17719,0.0003438126189625661
17720,0.9998867297293593
17721,0.07519427113094349
17722,0.9994012047050778
17723,0.9995003371323486
17724,0.5086250554185853
17725,0.01753888464560407
17726,0.036351808223667764
17727,0.017395354629651822
17728,0.9994163755167708
17729,0.0638684470183557
17730,0.36460447818838837
17731,0.01070680797004462
17732,0.5282719903805659
17733,0.9998555101419732
17734,0.003872940661462704
17735,0.030099619088863775
17736,0.37214880383216925
17737,0.9997078993336249
17738,0.014534549682262766
17739,0.08651492719591732
17740,0.5688867024339854
17741,0.04817813840665328
17742,0.8190308266118772
17743,0.9990317988581846
17744,0.012416139793463543
17745,0.005155228280580012
17746,0.683899439499854
17747,0.9996581492692851
17748,0.6592342418424673
17749,0.0815670862159254
17750,0.2329669560935635
17751,0.9994684641663681
17752,0.20267101576169108
17753,0.9997272944390846
17754,0.2629661999094986
17755,0.03130670846527307
17756,0.1524137853232862
17757,0.9995146591863655
17758,0.1517738154050078
17759,0.1202614543030352
17760,0.999820429920271
17761,0.856385865736598
17762,0.26487785595331914
17763,0.9999723870891901
17764,0.0042098326689308935
17765,0.9991481759215926
17766,0.007784870974690062
17767,0.14359615922322874
17768,0.1224637816466451
17769,0.15001979107459126
17770,0.004953155353391007
17771,0.65855414506033
17772,0.0012952107451710574
17773,0.5563856715686374
17774,0.5868840409554723
17775,0.2107021742300131
17776,0.00011018379547903004
17777,0.5465129813258739
17778,0.15031017651283635
17779,0.086951897131994
17780,0.0008214865520599512
17781,0.4559607406163913
17782,0.27321897291876057
17783,0.03455070176296407
17784,0.015034030926523386
17785,0.9997292720013966
17786,0.05193861971771554
17787,0.12600433929234633
17788,0.9998565951601337
17789,0.9993195351241432
17790,0.0022084846242669317
17791,0.998902940152468
17792,0.027185203621864537
17793,0.32360680249260154
17794,0.6162260381386593
17795,0.001892220006435873
17796,0.19973407967224033
17797,0.9997973281153908
17798,0.15016245494083258
17799,0.32139674163972987
17800,0.7980997013821531
17801,0.15772120183745977
17802,0.7846477650774888
17803,0.07135917388234791
17804,0.006388924829984958
17805,0.18192630391781683
17806,0.019359339597409056
17807,0.9994802389889055
17808,0.16741328183411155
17809,0.597537367452572
17810,0.005877099162080055
17811,0.8760142309900367
17812,0.9997241897868159
17813,0.8304476470829872
17814,0.10106642734495304
17815,0.49324504820571774
17816,0.051634713161921746
17817,0.5642581784374769
17818,0.009227209467094856
17819,0.15361850873982882
17820,0.01807626202786811
17821,0.8293458806236499
17822,0.2131825724082423
17823,0.004378212116625731
17824,0.030423437847758007
17825,0.006988920547787602
17826,0.016735951217247195
17827,0.033236282315692055
17828,0.5369748812781344
17829,0.004695573534480227
17830,0.0003326331175920514
17831,0.0025105879777882764
17832,0.9996827555063189
17833,0.11611402728322012
17834,0.2428002578728978
17835,0.36495777581106725
17836,0.4194063582533367
17837,0.2592760149540769
17838,0.32579010606994163
17839,0.7094568509134083
17840,0.052768682207381255
17841,0.05989150609944701
17842,0.6821445767907987
17843,0.021162150372991562
17844,0.9994572711592885
17845,0.004979651822746873
17846,0.023972682227629962
17847,0.9640973828446688
17848,0.1818806086701208
17849,0.531953206487327
17850,0.9480082276756412
17851,0.0002489222459981387
17852,0.30529543740521725
17853,0.2200367473820662
17854,0.5566690778995254
17855,0.014625069532033647
17856,0.0008868079976520407
17857,0.6195458083137386
17858,0.08410359455635966
17859,0.0007722912584726437
17860,0.9995846037655974
17861,0.9993965725538472
17862,0.022520627947744978
17863,0.0043814159420511815
17864,0.8782180168481846
17865,0.0032808405446652948
17866,0.00020812223906474883
17867,0.6854940174974142
17868,0.00341569840771443
17869,0.27525056818563765
17870,0.6415941233811633
17871,0.04892785649139342
17872,0.02608208704790554
17873,0.2447323695067794
17874,0.217099121181769
17875,0.010012874583859167
17876,0.9993640721545841
17877,0.8501065203493067
17878,0.9996232769201447
17879,0.9994895398754695
17880,0.06124681985700602
17881,0.004555261083889683
17882,0.9992518355812018
17883,0.0002093742214546014
17884,0.004533566169622031
17885,0.9996076323529581
17886,0.32747043570105233
17887,0.0037073233597651827
17888,0.09512485051493212
17889,0.21531189646377846
17890,0.5744599521634367
17891,0.00034907333907850376
17892,0.9996970743405839
17893,0.02051001182766005
17894,0.0380302633384801
17895,0.9996243956008317
17896,0.004586953397696367
17897,0.00015401701380728238
17898,0.604014503720861
17899,0.5268382897677294
17900,0.15127264035018395
17901,0.8304109155553085
17902,0.9994763756426599
17903,0.9999535310851411
17904,0.004598025473659671
17905,0.0536235871586872
17906,0.03727430558535714
17907,0.00037882173237406796
17908,0.14978726010911478
17909,0.12502371066681425
17910,0.04559923161291837
17911,0.14387925577733612
17912,0.36250241699114455
17913,0.005587558025360772
17914,0.13315725298468004
17915,0.04834873823489078
17916,0.07227595897377762
17917,0.6387676360202931
17918,0.5419545138207682
17919,0.0004841951621174491
17920,0.013601860905298746
17921,0.9996571222315374
17922,0.47749970170184197
17923,0.4590295556813911
17924,0.746798238163586
17925,0.10537740276911864
17926,0.6731702726006041
17927,0.07791688597455915
17928,0.6039887388076809
17929,0.3086194271159913
17930,0.05144175677603137
17931,0.6830448793273246
17932,0.29833044518096136
17933,0.16271923669211488
17934,0.028226470118316138
17935,0.999820429920271
17936,0.029286458346436495
17937,0.015124081782108226
17938,0.15893079040430397
17939,0.08879415590667054
17940,0.2735553108951723
17941,0.018618352069009178
17942,0.0013357388537763588
17943,0.024856333997054305
17944,0.755461397541879
17945,0.866710828528853
17946,0.003610005698009768
17947,0.014252192692062474
17948,0.022499016081787757
17949,0.0002444920664123436
17950,0.5210631688830626
17951,0.34634931066915214
17952,0.9996827555063189
17953,0.10232594567128653
17954,0.6520334282876245
17955,0.9241622529384248
17956,0.00131499229828696
17957,0.08551680935292709
17958,0.9999392466417717
17959,0.2098428322204011
17960,0.8417019010479541
17961,0.007101243960689153
17962,0.9998485534381465
17963,0.5444639172972894
17964,0.6510368206064381
17965,0.16500123648711934
17966,0.31931314779451864
17967,0.020681510804795012
17968,0.1873803425774523
17969,0.001932011655404159
17970,0.5998590800598343
17971,0.2357893660526527
17972,0.009693289327461215
17973,0.41564549737828405
17974,0.2402185437283284
17975,0.20217644587147662
17976,0.7583036327660084
17977,0.0002881732724209238
17978,0.9997606246617057
17979,0.7541361683636782
17980,0.3504104288248847
17981,0.5239617201147115
17982,0.012805016389414411
17983,0.40016054910111143
17984,0.2031944269923682
17985,0.04263741473384562
17986,0.34694300122281685
17987,0.010253557899433125
17988,0.17747900892739776
17989,0.11735655288996749
17990,0.15321549897690054
17991,0.20081876796156553
17992,0.8792147300304689
17993,0.6699055472197554
17994,0.020085781716900022
17995,0.5907317435180169
17996,0.5358124760432601
17997,0.212616413409969
17998,0.7552877605260119
17999,0.9996036211221293
18000,0.07657802004019888
18001,0.325320093758377
18002,0.5210290559977406
18003,0.004143666085865175
18004,0.13493262863260191
18005,0.0004899513134746136
18006,0.8019273033969394
18007,0.10046892103110262
18008,0.07731273183965279
18009,0.014861827411254327
18010,0.0004231762401386116
18011,0.03391731405885256
18012,0.11154061040094973
18013,0.26217845363424647
18014,0.9996042116827388
18015,0.9998100500626295
18016,0.6340937184739845
18017,0.37326364016085956
18018,0.3461683976258281
18019,0.001848590096462045
18020,0.3290748880131547
18021,0.999876241958767
18022,0.14420929132727042
18023,0.9194979505153634
18024,0.0004369806983805514
18025,0.007091890348016115
18026,0.6636484331309667
18027,0.999041834812727
18028,0.2577249228107886
18029,0.34159943485728395
18030,0.0558674434313172
18031,0.00016228701356835464
18032,0.4502777352030745
18033,0.0790028521535415
18034,0.03932590724340083
18035,0.00013897164603997696
18036,0.9995884928327212
18037,0.9996484142293458
18038,0.3594397358293939
18039,0.008517366347653937
18040,0.07549411910546117
18041,0.8646990139484072
18042,0.5802560379893462
18043,0.9993925727943141
18044,0.9997898641128934
18045,0.40173321881595764
18046,0.14110529780760722
18047,0.01683554819238341
18048,0.934116410664911
18049,0.7732782887439048
18050,0.24669207595187864
18051,0.12204889491785288
18052,0.9992518355812018
18053,0.2869186136094777
18054,0.26683298813683426
18055,0.8556735064983823
18056,0.2516364302897528
18057,0.08872715342147579
18058,0.07670541552417795
18059,0.01989854385642127
18060,0.5385940213438998
18061,0.1473393186475658
18062,0.04713278832708645
18063,0.0003436222791799526
18064,0.6908502472720944
18065,0.7761241398825847
18066,0.19305168104177178
18067,0.9992302355772215
18068,0.6253438642153866
18069,0.15943331038590453
18070,0.9986735555408683
18071,0.00017648886797571293
18072,0.5940889202972338
18073,0.9996714344854416
18074,0.00691425207003296
18075,0.8647992214497221
18076,0.9993755087520922
18077,0.3592940343089872
18078,0.9995633568606831
18079,0.012103030278152077
18080,0.9989791469929162
18081,0.3348876334530993
18082,0.007778263865974805
18083,0.0560943066933987
18084,0.08674475034474233
18085,0.28316419563580864
18086,0.6177462040818819
18087,0.9364920456925653
18088,0.9994675392009161
18089,0.15225633999569477
18090,0.07036327286265494
18091,0.036920552369537556
18092,0.8569260555344672
18093,0.6001417481717719
18094,0.40137524069068603
18095,0.9045431483532653
18096,0.025399424832240065
18097,0.19865597248644487
18098,0.19290895127490032
18099,0.9994684641663681
18100,0.022987823118827293
18101,0.22848067685431123
18102,0.544588439584403
18103,0.21109955608951955
18104,0.002228532070244338
18105,0.004227758812944746
18106,0.06210721930471089
18107,0.05774769651548778
18108,0.06860780882968932
18109,0.15991956801111668
18110,0.8656673920211154
18111,0.6907303417579731
18112,0.0023244519896853722
18113,0.14290458123446725
18114,0.9995450380320894
18115,0.5677286327367284
18116,0.9551029005579884
18117,0.2543855940376951
18118,0.1523966536712124
18119,0.7974734773037861
18120,0.5397587074716338
18121,0.004606065766648487
18122,0.9998473433077998
18123,0.817542405135621
18124,0.12445930373537709
18125,0.7552995513013888
18126,0.9466913497297055
18127,0.2908784370080122
18128,0.14768917878627086
18129,0.5761447780060769
18130,0.8947803367079868
18131,0.9770566193931647
18132,0.004949636053624884
18133,0.8334295177207938
18134,0.015155763730013197
18135,0.010101628465882424
18136,0.003063306311712441
18137,0.19860288868529405
18138,0.007619042692768203
18139,7.382562445069335e-05
18140,0.007690681710102525
18141,0.6658343146199374
18142,0.15738610766700645
18143,0.5937771654849474
18144,0.00013472755762717573
18145,0.11537039410465144
18146,0.7780948542944387
18147,0.4837332512985025
18148,0.002857329070104364
18149,0.07943336967580375
18150,0.0969883117415988
18151,0.07145577580777386
18152,0.9995976807773833
18153,0.9994865791348221
18154,0.3699287850385627
18155,0.6675754144116873
18156,0.8675309357490799
18157,0.11585706539676528
18158,0.710522075057982
18159,0.2611318351460326
18160,0.21177127303356058
18161,0.9860140153863441
18162,0.18483785567909736
18163,0.21800436928485709
18164,0.014647530168039644
18165,0.2487386120349465
18166,0.6311692094339123
18167,0.9998673316572503
18168,0.34725963682234917
18169,0.004303660541488962
18170,0.10897356172290766
18171,0.003100583330525773
18172,0.9994572711592885
18173,0.00019471711532539814
18174,0.6295624092812857
18175,0.694357415650193
18176,0.0014684137322918203
18177,0.9841793526487834
18178,0.9996036211221293
18179,0.1506419926370452
18180,0.01820565933836544
18181,0.028141500891699523
18182,0.25991245970011057
18183,0.7191386206640971
18184,0.0034609365812257858
18185,0.999357442431962
18186,0.7848925322331641
18187,0.9513806884026762
18188,0.004255856429491259
18189,0.12258490782150772
18190,0.094145774448005
18191,0.18985381362719708
18192,0.0028395838678831275
18193,0.8839915621318012
18194,0.0015206600057900848
18195,0.32139674163972987
18196,0.8160720168112846
18197,0.00042810844550097163
18198,0.0013162948085173626
18199,0.06429299848174304
18200,0.024960184503295686
18201,0.006175078521293961
18202,0.4656236517546679
18203,0.7326171099147541
18204,0.7246207723185607
18205,0.009527956030304168
18206,0.9988062019717949
18207,0.0023844964077099516
18208,0.00019648442074882597
18209,0.09493530671072509
18210,0.36759979865402503
18211,0.7915275882207434
18212,0.6954736283742432
18213,0.7003780274780613
18214,0.0021743278094844792
18215,0.03849497638372589
18216,0.0016911431558869522
18217,0.012997933264956095
18218,0.28350879082984143
18219,0.8324556462700569
18220,0.8052988259856987
18221,0.06669481695303399
18222,0.0021226699626018895
18223,0.4854875849505878
18224,0.9996827555063189
18225,0.019364129687783848
18226,0.9994644848094774
18227,0.40291623401520227
18228,0.11964595944828393
18229,0.24212841302361174
18230,0.00011737841269709399
18231,0.1513678864856713
18232,0.9994962191562686
18233,0.13949648819664567
18234,0.9991694385894853
18235,0.3034107065530227
18236,0.16749440638722482
18237,0.9996374206055896
18238,0.04720239871305641
18239,0.02998734390478545
18240,0.9995909770986874
18241,0.221039820362826
18242,0.02532963554569796
18243,0.9565686364730169
18244,0.7327196925409707
18245,0.9997311325715398
18246,0.026100232803590594
18247,0.12795308181345788
18248,0.6240436462508174
18249,0.33299156555493364
18250,0.4669052670450199
18251,0.14710189920818717
18252,0.07158578653787658
18253,0.8251289319415638
18254,0.09420931225204486
18255,0.03923056750002881
18256,0.2472551878931895
18257,0.5152943944500419
18258,0.0067968237800474845
18259,0.07981201757012962
18260,0.9979849439756235
18261,0.5264084106425146
18262,0.0003577162786942219
18263,0.9998723382447499
18264,0.9994307142201256
18265,0.062211656468207206
18266,0.08333759469357639
18267,8.173737876751546e-05
18268,0.01957025319569768
18269,0.12362881375719828
18270,0.000311464706427056
18271,0.1073459890638881
18272,0.006857350222208378
18273,0.19614344077774024
18274,0.24015011785950172
18275,0.0032794909987596452
18276,0.8129589622055756
18277,0.10483257537327556
18278,0.33018526909162066
18279,0.2764108537109918
18280,0.886603702838863
18281,0.00019737373429948594
18282,0.9915677846137599
18283,0.01054052170219703
18284,0.013173927172361054
18285,0.34641426644494044
18286,0.3890526115556884
18287,0.9998993680851265
18288,0.010827485482792762
18289,0.014519575745383272
18290,0.005912061162472558
18291,0.039567305499505795
18292,0.004852307443506373
18293,0.008340882489028423
18294,0.5016631145327739
18295,0.0021765948625228635
18296,0.28826642522454593
18297,0.8154496767993962
18298,0.8753084448583703
18299,0.517325725815907
18300,0.10240383973085326
18301,0.9499347656037578
18302,0.40424476652015423
18303,0.23322076394957578
18304,0.025930296303216558
18305,0.00029553847751272573
18306,0.08127593937454188
18307,0.999606005786808
18308,0.8636950521722898
18309,0.40352497941100873
18310,0.9991994194555294
18311,0.016011595049953413
18312,0.9994675392009161
18313,0.0368866945566727
18314,0.011833897298461491
18315,0.006761721481747779
18316,0.041674204858711456
18317,0.3758518347498083
18318,0.2698922197988088
18319,0.08986426799165578
18320,0.9299776297674193
18321,0.20319854747898683
18322,0.9995146591863655
18323,0.6692968146543533
18324,0.16295777412094536
18325,0.999615915396709
18326,0.005054469641058504
18327,0.06566790138630044
18328,0.17565239156842333
18329,0.00027951489198032106
18330,0.6791067869034301
18331,0.8183798373794907
18332,0.5242689065420433
18333,0.9967404984437261
18334,0.9950527027613074
18335,0.006048516811947996
18336,0.005754728566881123
18337,0.9551029005579884
18338,0.9995294438640827
18339,0.10483257537327556
18340,0.7356613974473869
18341,0.2010544258429577
18342,0.0451297396561547
18343,0.2503545283946146
18344,0.8534709819733366
18345,0.25403531936337487
18346,0.549194254641645
18347,0.9995085541433762
18348,0.0076533433345358625
18349,0.08716898560436263
18350,0.8987843040617733
18351,0.0047475746568991836
18352,0.009315114415059703
18353,0.5577660350841027
18354,0.8464096379222004
18355,0.9995345221727368
18356,0.7217422351515481
18357,0.024234167901659682
18358,0.9726270855201337
18359,0.01718611862762834
18360,0.02977018065244115
18361,0.01165268626904109
18362,0.8978160188333602
18363,0.9993925727943141
18364,0.7929961723288279
18365,0.46750486848689293
18366,0.9583911492312277
18367,0.2982373909414026
18368,0.4926733297641614
18369,0.9998787213275496
18370,0.8262885644409425
18371,0.10651296498610202
18372,0.658453956856338
18373,0.011931725864091615
18374,0.8315556510404589
18375,0.9983375210109884
18376,0.013093103832223953
18377,0.12147333173961944
18378,0.01023306757418458
18379,0.7649748143770609
18380,0.7367978591159761
18381,0.6337485352757624
18382,0.014982952407669076
18383,0.16026894730508623
18384,0.6849779344614241
18385,0.47526255584997035
18386,0.15633858428180747
18387,0.2336492153437649
18388,0.0007333489783344554
18389,0.9227984005160594
18390,0.9716992484610225
18391,0.2974542874841789
18392,0.1407230358603192
18393,0.0070011160566569005
18394,0.2902630233324455
18395,0.014415607189964342
18396,0.7106654819473655
18397,0.8980501010197229
18398,0.9997973281153908
18399,0.6809241911432606
18400,0.006033311682911279
18401,0.003273394832518789
18402,0.17010634061099367
18403,0.007993875377761483
18404,0.8211350344916656
18405,0.004139879969878695
18406,0.18515704818713208
18407,0.6128281249099986
18408,0.007142612249309289
18409,0.9997592497536615
18410,0.006421752817291012
18411,0.12064233654112973
18412,0.12873598457275695
18413,0.8208068382850965
18414,0.0071578571854990815
18415,0.00291349358517376
18416,0.003454636522367006
18417,0.7748717557325746
18418,0.9992265175417662
18419,0.018304250343657007
18420,0.20599793416710352
18421,0.9993816785534524
18422,0.8768665292691142
18423,0.9997266067552326
18424,0.9543226867478819
18425,0.9998403042141668
18426,0.059157183662316405
18427,0.00028008758487870904
18428,0.3225389586670318
18429,0.365970809122667
18430,0.005002326228370522
18431,0.005640658333555054
18432,0.9085855872251998
18433,0.28029073327675164
18434,0.9989784103305633
18435,0.1614792138668434
18436,0.003575635580434395
18437,0.00428066825662429
18438,0.05363865334976881
18439,0.0016704682424328974
18440,0.5744713270262936
18441,0.021730868818076395
18442,0.03841512749596892
18443,0.0013300287696502077
18444,0.9995467308688301
18445,0.08625574124201354
18446,0.6737897016590387
18447,0.9994572711592885
18448,0.25865914489660247
18449,0.04967251142355609
18450,0.08404172867752431
18451,0.9994854666531104
18452,0.16298492941901416
18453,0.04658914952724205
18454,0.005839866078086377
18455,0.9989835121744597
18456,0.015420624150359637
18457,0.18918059492471406
18458,0.5893336010992531
18459,0.9993402859038925
18460,0.11588637128244915
18461,0.001546239155421719
18462,0.9981759575767345
18463,0.14095533472644725
18464,0.4698896741110281
18465,0.5576563152086057
18466,0.9996384574270007
18467,0.44282118389681474
18468,0.38575520849474143
18469,0.09748445814050868
18470,0.6968792565091998
18471,0.07851992205695431
18472,0.10103184781257032
18473,0.00015568902622730178
18474,0.07209114295198282
18475,0.10642185708946947
18476,0.003116966261199001
18477,0.00022791643502067998
18478,0.0032251939622376293
18479,0.9995122682052562
18480,0.003912953344774384
18481,0.9994675392009161
18482,0.0013170685760887982
18483,0.00013494462856262715
18484,0.9996559828071766
18485,0.6365529215260289
18486,0.9995965542323445
18487,0.9998664268623432
18488,0.002989245354201422
18489,0.004251383573794828
18490,0.031035025274856413
18491,0.08172648388402273
18492,0.335709762990333
18493,0.260971215486428
18494,0.677858631881295
18495,0.12148661318706264
18496,0.6542946892674997
18497,0.9981211883832052
18498,0.03389508041427249
18499,0.0189714357395539
18500,0.7669502444873374
18501,0.0002818436103725253
18502,0.6001064773259265
18503,0.19643679997216584
18504,0.000417358667136226
18505,0.00287911858348962
18506,0.9998831462333383
18507,0.999646993358797
18508,0.554634139953364
18509,0.35266609745206373
18510,0.005318344694095173
18511,0.00012008491869007307
18512,0.305138560726139
18513,0.0027461123746244046
18514,0.622254019285484
18515,0.004480926443397635
18516,0.3348876334530993
18517,0.7775237648157988
18518,0.0019582276385527887
18519,0.8959258652156047
18520,0.005155126299564243
18521,0.005065221662621755
18522,0.02751214837386837
18523,0.9154627625702279
18524,0.1644972731553341
18525,0.7647195166411896
18526,0.9941034083949196
18527,0.0015874762303644953
18528,0.09822946420539241
18529,0.8348497139477237
18530,0.049978718615310856
18531,0.13228226095500462
18532,0.9987277820196453
18533,0.9978292916447713
18534,0.25287273078964084
18535,0.5805796270856614
18536,0.039289734180586865
18537,0.8351134525140332
18538,0.08018145669788815
18539,0.4518836190615047
18540,0.4047642534268868
18541,0.0697970618773827
18542,0.027355201608271214
18543,0.001019307737612059
18544,0.11495731450004514
18545,0.004559782143263876
18546,0.9991100041714615
18547,0.999406182150112
18548,0.5582058469104174
18549,0.9953442003352169
18550,0.7562782860941679
18551,0.001132912653654126
18552,0.0023823484013451982
18553,0.4708737686213852
18554,0.0008897852051248212
18555,0.17162776755002568
18556,0.2492386955533738
18557,0.24563349726044986
18558,0.002708551381887694
18559,0.6748390173889788
18560,0.001033440912988824
18561,0.30599152169683824
18562,0.9960903699621843
18563,0.9994129686243325
18564,0.9998403042141668
18565,0.7529699200890986
18566,0.7019414545607153
18567,0.3427679665315128
18568,0.10024413378835374
18569,0.06148164329926621
18570,0.8370188331304174
18571,0.048245571679153935
18572,0.01464966425049634
18573,0.9361701970461576
18574,0.06687421556851106
18575,0.014742779957002515
18576,0.3291502767945715
18577,0.9999164111276294
18578,0.014917759590045513
18579,0.9998125132220067
18580,0.9996827555063189
18581,0.01020811866298635
18582,0.22971958592988564
18583,0.9998585312244436
18584,0.11382012617909984
18585,0.9999093049896255
18586,0.9994078916627177
18587,0.022946035247679682
18588,0.0368866945566727
18589,0.38280494251945685
18590,0.0012393930692799645
18591,0.01822458898040812
18592,0.5939885987978963
18593,0.016059542995452706
18594,0.9635625705701074
18595,0.006907132930236438
18596,0.0017607019076002703
18597,0.0045172341588725585
18598,0.00034978637239753337
18599,0.5747802577150526
18600,0.6020677462939606
18601,0.9998722744962142
18602,0.0029999932910307237
18603,0.0023799002619033648
18604,0.8261479821989726
18605,0.08228439737530852
18606,0.8390300667467366
18607,0.5008049185287653
18608,0.006943837030016021
18609,0.030917246707189174
18610,0.005031301455569324
18611,0.9993787046968168
18612,0.9994663739126342
18613,0.8705939394296829
18614,0.5112306167171909
18615,0.1410974046832622
18616,0.00024471142259413367
18617,0.2171857445067399
18618,0.0076953473973703935
18619,0.9986514783417707
18620,0.027019532019281915
18621,0.2015852126312636
18622,0.21911858372605456
18623,0.3330609335582407
18624,0.40130668351552923
18625,0.00560026558470344
18626,0.005552337832413168
18627,0.4318882108591178
18628,0.02696028842070658
18629,0.0015352806789733263
18630,0.12690940462893335
18631,0.03328523866768825
18632,0.003145156293095014
18633,0.5633837967963032
18634,0.9529383786805107
18635,0.0005035167837086639
18636,0.003856171520564129
18637,0.2511434866399906
18638,0.0006819723841417783
18639,0.01812773468694489
18640,0.00010003314890701292
18641,0.9895300715672838
18642,0.0031821665529519418
18643,0.041145712985085396
18644,0.32578716652213624
18645,0.29132762346986013
18646,0.08509955931185342
18647,0.0055330904165348405
18648,0.0021766565404475417
18649,0.8599195199880925
18650,0.005110658539936537
18651,0.587564446517737
18652,0.4415413432378054
18653,0.012971152804435825
18654,0.9993925727943141
18655,0.00020136124349729443
18656,0.003136107028492858
18657,0.4144424020290645
18658,0.49819699035384535
18659,0.044637711923302736
18660,0.8878993814547657
18661,0.00038816490216781244
18662,0.012508729587254032
18663,0.26825804750955595
18664,0.9995745275076193
18665,0.0011848143447800367
18666,0.008867752770188208
18667,0.3039193944773729
18668,0.4729663622015441
18669,0.004405176888037601
18670,0.00670006839488186
18671,0.007958447965045325
18672,0.04754706166246794
18673,0.13967155252229116
18674,0.026395613749820416
18675,0.9998909168911959
18676,0.6432161203181718
18677,0.03742040953693661
18678,0.3405215684521442
18679,0.7999818591530576
18680,0.4038775968573568
18681,0.9994154954226879
18682,0.9996374206055896
18683,0.002279367072580858
18684,0.9767702859096611
18685,0.999406182150112
18686,0.07018370564512667
18687,0.4526220497133932
18688,0.6371376186344405
18689,0.9994512121083754
18690,0.8649685143990442
18691,0.013173927172361054
18692,0.6014500274188409
18693,0.5152151233748429
18694,0.07436802539149076
18695,0.10498908297430593
18696,0.0011614366349613821
18697,0.11951113877774132
18698,0.08955278696566425
18699,0.10985575903853355
18700,0.25665694950612605
18701,0.010438754500729024
18702,0.028497642249969597
18703,0.06542264023658857
18704,0.00024379511145170975
18705,0.46739569591176267
18706,0.07273729134473231
18707,0.0003024302567811592
18708,0.01666959388241674
18709,0.00023935846166905363
18710,0.00469373429100954
18711,0.0002561764897343499
18712,0.004868130584383963
18713,0.30082963057326806
18714,0.9998626501846146
18715,0.009628537574811765
18716,0.0004047748722878851
18717,0.42028933861369544
18718,0.08509955931185342
18719,0.24258823274198457
18720,0.19709981147901237
18721,0.6479915834927819
18722,0.7471915696639052
18723,0.29858554822497796
18724,0.46117283628198924
18725,0.08779006041395077
18726,0.0015244528626146107
18727,0.23658547566754007
18728,0.9996106458333636
18729,0.008619002016766054
18730,0.0010503692886593527
18731,0.34401655152291655
18732,0.002330697030993998
18733,0.588814117900143
18734,0.006760925849491729
18735,0.003057864816611227
18736,0.9687865785633553
18737,0.00017671454959513415
18738,0.43571672835376507
18739,0.6436804691318169
18740,0.1280318584478888
18741,0.8833899280785317
18742,0.10642650526801407
18743,0.09370467567070657
18744,0.26117641120706964
18745,0.9994325987438174
18746,0.7232785471243801
18747,0.9995294438640827
18748,0.048129989703537115
18749,0.2522084730957509
18750,0.48740102560657594
18751,0.016027413812837683
18752,0.5303038589445653
18753,0.004539809712619975
18754,0.3383877671693269
18755,0.6117175675305867
18756,0.026551005539476244
18757,0.0301300265163667
18758,0.45221587361029336
18759,0.9532374733349582
18760,0.7753469060085657
18761,0.021777043376990064
18762,0.033363963675535534
18763,0.8370188331304174
18764,0.2762580269700668
18765,0.1527072144470953
18766,0.019305805316613217
18767,0.0034523961294624854
18768,0.0012952107451710574
18769,0.7674825810989191
18770,0.011742419966136465
18771,0.016975681291595216
18772,0.997201842995942
18773,0.9998485534381465
18774,0.8237114067942798
18775,0.8174891407470983
18776,0.4757431403430588
18777,0.11879516747192782
18778,0.0025264258571059822
18779,0.34683846794190887
18780,0.9092118061130695
18781,0.03386123959119158
18782,0.3029307721727231
18783,0.0028413701046651396
18784,0.7806683851625752
18785,0.9989563631298375
18786,0.0344733761691099
18787,0.6436077194648705
18788,0.9217472489373046
18789,0.4272586130588916
18790,0.00011289239056179119
18791,0.99797174902821
18792,0.14470052775417053
18793,0.025865032907248495
18794,0.06269419960377634
18795,0.7957494906338426
18796,0.9984649331773507
18797,0.03822132241812494
18798,0.7449356930221364
18799,0.6681925566508127
18800,0.0010247300300546467
18801,0.6012904590401886
18802,0.00011366743711320924
18803,0.01882171279380696
18804,0.9995488909514693
18805,0.031202601367865502
18806,0.9994789353534381
18807,0.48261048853489896
18808,0.9997097736263099
18809,0.033673242946727376
18810,0.148427777693105
18811,0.9998612980982259
18812,0.11391791109928275
18813,0.004331303325564242
18814,0.05516633221855814
18815,0.17939914474963214
18816,0.7551075708541034
18817,0.032513370873495734
18818,0.7455131845597734
18819,0.01565302042859234
18820,0.0024881033063009618
18821,0.3140847333514952
18822,0.9996725894862467
18823,0.06468775474039966
18824,0.9999661062650328
18825,0.009227209467094856
18826,0.0006422618120394561
18827,0.10473371254451215
18828,0.24462264974468934
18829,0.4818899486027141
18830,0.23204761575312735
18831,0.38088715111059845
18832,0.03595882458868681
18833,0.00025168519976697626
18834,0.04223084481471851
18835,0.3028977628474531
18836,0.2200182092055518
18837,0.14768917878627086
18838,0.09818404386184632
18839,0.9943247339744649
18840,0.35777389373872154
18841,0.010568958311122974
18842,0.9991519829067048
18843,0.002076630258513704
18844,0.005871729580320163
18845,0.31047980126426117
18846,0.03278632347511391
18847,0.03640647642256771
18848,0.0003630976911800629
18849,0.8367641038452245
18850,0.36373224626427575
18851,0.8058241870590457
18852,0.856177446318908
18853,0.22085150882687044
18854,0.9995011317427036
18855,0.3653805257855425
18856,0.9989835121744597
18857,0.013310716716752775
18858,0.7171896039246136
18859,0.08572658916681239
18860,0.001773331236121972
18861,0.8312288721242931
18862,0.30921058239374344
18863,0.9997593342906634
18864,0.00046745789536917166
18865,0.0012434266696071336
18866,0.05652308128944934
18867,0.08671271096939111
18868,0.43130852314861556
18869,0.001400502480938281
18870,0.19184989215872164
18871,0.8193924362049204
18872,0.857257616733832
18873,0.21257745088296365
18874,0.1011394150702051
18875,0.04507875438199182
18876,0.000596864513229137
18877,0.9994464361554954
18878,0.9998653327860721
18879,0.004648901677782323
18880,0.10152076264750527
18881,0.0003033569861218063
18882,0.0004443487521830733
18883,0.001854076629083016
18884,0.2836111448218634
18885,0.6359101216635562
18886,0.8426188936484437
18887,0.7339071618298479
18888,0.7913432903813077
18889,0.05088357584891606
18890,0.009782002292765353
18891,0.01876638731803089
18892,0.43914066209606656
18893,0.9998618626343602
18894,0.0015481949177616357
18895,0.879729155834043
18896,0.6603735461430162
18897,0.262711882380043
18898,0.9992083056589159
18899,0.9986309627161208
18900,0.006860643955987629
18901,0.026611503952118466
18902,0.4798602277682014
18903,0.9302018212174465
18904,0.004533029400409777
18905,0.7177745864737597
18906,0.038417519852108416
18907,0.8846964741486214
18908,0.6765265483096568
18909,0.002345850638911179
18910,0.9990476460167951
18911,0.008166161490872872
18912,0.45518227296875313
18913,0.7048547822077295
18914,0.8196527796081289
18915,0.9997574404956105
18916,0.537761809241801
18917,0.9953442003352169
18918,0.7711179954977442
18919,0.1934840266437274
18920,0.685219188104349
18921,0.1936373888863397
18922,0.2763347508566525
18923,0.009783826261977538
18924,0.9950517750070818
18925,0.4717332618850655
18926,0.477924092012581
18927,0.5482377356060503
18928,0.9088059174548843
18929,0.15144532821008871
18930,0.0021786739877117157
18931,0.0018348621627983946
18932,0.08602522236581868
18933,0.710327688838868
18934,0.9997410266488168
18935,0.700370434488417
18936,0.045580160113843464
18937,0.9546246314329213
18938,0.999733466471797
18939,0.003037244010547143
18940,0.7919269118143624
18941,0.0021226699626018895
18942,0.0024645800867258275
18943,0.9996053907706668
18944,0.8140714331837227
18945,0.5503594043287247
18946,0.1718697172312845
18947,0.8028658258654876
18948,0.13434975024706727
18949,0.9997156459270342
18950,0.00858188681054729
18951,0.005770191497783844
18952,0.9399367663968095
18953,0.0872837613034511
18954,0.004424496278909754
18955,0.09271075229626488
18956,0.005255710074073058
18957,0.286666579353396
18958,0.9994525124632404
18959,0.2866812404399861
18960,0.8215468273368745
18961,0.7064945722966871
18962,0.0016104442338721377
18963,0.1460233503458165
18964,0.006241075522256164
18965,0.8127415204700276
18966,0.9996138807140779
18967,0.0010008061069842296
18968,0.010585283841549534
18969,0.22623873943384665
18970,0.5057864637363343
18971,0.20846575980265844
18972,0.09732358895873677
18973,0.00035967621377240035
18974,0.22493651929743372
18975,0.6660242059437343
18976,0.7879469438305453
18977,0.016939542482063936
18978,0.0034266077746303828
18979,0.8498041008755769
18980,0.7685258170477476
18981,0.3362157399426659
18982,0.433480482046256
18983,0.0002669540362606446
18984,0.6358593960470548
18985,0.05167289302452263
18986,0.00028600431619843773
18987,0.5807430743607332
18988,0.9767702859096611
18989,0.5005715377592141
18990,0.6489712024487332
18991,0.007013908447184012
18992,0.4518457957950657
18993,0.06963169578162183
18994,0.00019382232070399587
18995,0.9994604115714957
18996,0.05430595551458004
18997,0.009330893658226884
18998,0.00010988721409878174
18999,0.036423435940413466
19000,0.01559602704835173
19001,0.905432509516192
19002,0.11575937341323042
19003,0.02278217352084736
19004,0.9243555780285376
19005,0.9998403042141668
19006,0.20258954536540572
19007,0.9992568739925147
19008,0.0011054616668642425
19009,0.000666712473241413
19010,0.5623710648768272
19011,0.997905169112663
19012,0.7012055141431832
19013,0.0011436832303406434
19014,0.029562920859181073
19015,0.9993946551473271
19016,0.00019342948321738606
19017,0.10034387243083501
19018,0.9994657175692135
19019,0.24557387236226866
19020,0.5048499360547684
19021,0.05783315815163515
19022,0.0666676901775325
19023,0.18895618217508803
19024,0.07841986248038771
19025,0.0016896794813938505
19026,0.0003903944890996088
19027,0.5232237920195104
19028,0.016577830891256615
19029,0.11651015021846298
19030,0.08366510533021794
19031,0.544588439584403
19032,0.04488384007571467
19033,0.004080641865309953
19034,0.2148628668063202
19035,0.3714802048178242
19036,0.9995361350633379
19037,0.3340624842459751
19038,0.9990571373534574
19039,0.8760487632003908
19040,0.3866131602347612
19041,0.0018630247446700077
19042,0.007030553607677394
19043,0.0757350899934722
19044,0.32315031786868315
19045,0.9996779460568025
19046,0.9991464362422817
19047,0.4157130709342032
19048,0.6365529215260289
19049,0.898736052255749
19050,0.00010933450560643688
19051,0.999501290860801
19052,0.39922029355266214
19053,0.7138998617894132
19054,0.00045319306813466133
19055,0.12491358853589096
19056,0.5538062957349457
19057,0.002265026787770384
19058,0.03355474695206631
19059,0.004955807824424657
19060,0.12022608290617398
19061,0.9991694385894853
19062,0.42112427585431544
19063,0.9994460574021595
19064,0.6175747129847229
19065,0.0017247665563399756
19066,0.01193817637855921
19067,0.012143749880909313
19068,0.7353903784117136
19069,0.21759760490023958
19070,0.9993902270942545
19071,0.2797926261486931
19072,0.0016040104704777406
19073,0.060096836355374696
19074,0.9991481759215926
19075,0.7816018476362068
19076,0.0003807634946840693
19077,0.4596533981869724
19078,0.6918294932929742
19079,0.7022069219261502
19080,0.33542292424388326
19081,0.00025069074775239703
19082,0.09030633269578538
19083,0.8847688084310334
19084,0.011127205928654401
19085,0.29907034908714025
19086,0.3688360628976002
19087,0.0284479699345195
19088,0.003251834616672025
19089,0.9994166944540397
19090,0.24820963409432584
19091,7.110936333993202e-05
19092,0.7673669460525596
19093,0.014278007351822792
19094,0.06474058729586984
19095,0.4486764488953051
19096,0.544588439584403
19097,0.5502197707576851
19098,0.10808176162988188
19099,0.9615852146123866
19100,0.999710637012887
19101,0.470135125145537
19102,0.9988815403119792
19103,0.017667636245321097
19104,0.023678902723293323
19105,0.008081174865927878
19106,0.5589560941965254
19107,0.047212464328439244
19108,0.7422161855286229
19109,0.001932011655404159
19110,0.1406118983842984
19111,0.04348982928800053
19112,0.8395548545435266
19113,0.00048464344523611196
19114,0.3606707878880617
19115,0.9998631933262161
19116,0.00031660204783987787
19117,0.06517492746561905
19118,0.2138604822342431
19119,0.005053681041420053
19120,0.001452975351108442
19121,0.0074155827708743335
19122,0.00041857623566834436
19123,0.9990293169526175
19124,0.05277581894201188
19125,0.00012484524728577563
19126,0.5921345374650139
19127,0.00013484036416817733
19128,0.8260021803990499
19129,0.036070585261558076
19130,0.0012267805274854945
19131,0.8671700913509018
19132,0.015885201577892246
19133,0.0008391081630308488
19134,0.06921137823774905
19135,0.005311870397644662
19136,0.7169090066660686
19137,0.36806219673626744
19138,0.31895185915714225
19139,0.9999392466417717
19140,0.019852535405914033
19141,0.0017951576382026651
19142,0.004492915349556612
19143,0.8512233607101003
19144,0.07153080815695567
19145,0.35573318107344354
19146,0.7026455172594236
19147,0.9595616295256243
19148,0.18673900824514314
19149,0.00022905790468191387
19150,0.002264930358925321
19151,0.8535241451479307
19152,0.002357903130087122
19153,0.11987939879575114
19154,0.0003228736396136743
19155,0.15906792038301648
19156,0.23420796479278355
19157,0.003856171520564129
19158,0.00020760380880464183
19159,0.817250213933257
19160,0.38660663379065824
19161,0.7775319209353897
19162,0.0058027284452464925
19163,0.3945136829024752
19164,0.011658186440391531
19165,0.010278575528631144
19166,0.8551485090594363
19167,0.30736872556262174
19168,0.0784545934108053
19169,0.12491049723181154
19170,0.770181762075274
19171,0.7957360801359258
19172,0.0026183983592804948
19173,0.04345673212306138
19174,0.42031263443241706
19175,0.002773610332599357
19176,0.020087585164157387
19177,0.2626210180432826
19178,0.7918007204768952
19179,0.2242225857610469
19180,7.81307047550238e-05
19181,0.4377556180909789
19182,0.274198093956344
19183,0.5348263039537473
19184,0.5635151090401709
19185,0.9068949313054464
19186,0.0002160011212731362
19187,0.3433904929650728
19188,0.9999081697591163
19189,0.3611182576400197
19190,0.004714660136971865
19191,0.040570563197543354
19192,0.19244126487338814
19193,0.9056648334931777
19194,0.030782594178889178
19195,0.19332838776258612
19196,0.4214392149653144
19197,0.9995122682052562
19198,0.1761763627128301
19199,0.014217054562343876
19200,0.9954741944765363
19201,0.031842370825163634
19202,0.7451493897935915
19203,0.009872422414072116
19204,0.03488833619766463
19205,0.9997282482681975
19206,0.7959955363198604
19207,0.0012850932478910304
19208,0.8616879219152553
19209,0.010567282991343222
19210,0.1571381293942274
19211,0.43347081392368536
19212,0.2064493840401837
19213,0.20757461365773683
19214,0.0027640518612233244
19215,0.7040009239687791
19216,0.24443941186787937
19217,0.1450204385090904
19218,0.6355047440878683
19219,0.999630161427519
19220,7.611103292068982e-05
19221,0.9994336613154754
19222,0.12402516478640097
19223,0.9994189534819642
19224,4.9717761786236155e-05
19225,0.4030252902569619
19226,0.8433672442600473
19227,0.001795504038652013
19228,0.001765041618445763
19229,0.8655625102461799
19230,0.32347001734755465
19231,0.020925880369034505
19232,0.03750189931792769
19233,0.9996559828071766
19234,0.20691634969036252
19235,0.003136107028492858
19236,0.006790075154662861
19237,0.27310021417008074
19238,0.8579333729493256
19239,0.8595468801093564
19240,0.015321007237086955
19241,0.01659451813409969
19242,0.9267108225014633
19243,0.09456592511906475
19244,0.001619703148374403
19245,0.008868026593587458
19246,0.5122910636649775
19247,0.00014168831761960206
19248,0.014156307125602978
19249,0.9998100500626295
19250,0.20975215108779427
19251,0.01293549004754508
19252,0.05430992487184228
19253,0.9994802091117279
19254,0.9995267084446613
19255,0.13037353730040646
19256,0.1957957083391259
19257,0.6007502896683992
19258,0.9996827555063189
19259,0.0003168595636244754
19260,0.2789648345627125
19261,0.044336195763200775
19262,0.8434679967497084
19263,0.06630734646472117
19264,0.0033874507999646507
19265,0.4207659424349178
19266,0.08863270772622389
19267,0.999630161427519
19268,0.6188987040472599
19269,0.30117280494392057
19270,0.7308236668972227
19271,0.004252967292708638
19272,0.6203023752047488
19273,0.9999723870891901
19274,3.609313258431759e-05
19275,0.006179759960916276
19276,0.00026324227494830367
19277,0.24555054364785284
19278,0.00719456498974037
19279,0.358510096916924
19280,0.01658332872826222
19281,0.9995116042479565
19282,0.043632664039797014
19283,0.015185580786162778
19284,0.9992518355812018
19285,0.00038657030288623116
19286,0.9998642224075712
19287,0.5233147535824649
19288,0.025593187380577784
19289,0.9992934609248831
19290,0.9990367231799616
19291,0.9994644848094774
19292,0.9998791615478748
19293,0.9999093049896255
19294,0.5510051053679863
19295,0.8343914681432482
19296,0.7015478428197158
19297,0.00020531174301517658
19298,0.31519883486928835
19299,0.7893810175028613
19300,0.7881097202458782
19301,0.27236142439617955
19302,0.6547476015512812
19303,0.9980200130912805
19304,0.006924262693602904
19305,0.0028413701046651396
19306,0.004465617179402404
19307,0.35679081598450957
19308,0.116415227784094
19309,0.17142895262192903
19310,0.274693893746429
19311,0.7865145234920791
19312,0.8254115536691772
19313,0.9704351328544676
19314,0.0035921873886419495
19315,0.9997343968228192
19316,0.0066096376117097035
19317,0.11303479931931591
19318,0.9997973281153908
19319,0.9998880115702502
19320,0.4954837244247237
19321,0.4478061098588804
19322,0.3255878191248137
19323,0.11624861416233824
19324,0.9999692509615249
19325,0.3517222200637962
19326,0.7732917857471159
19327,0.07262165249536112
19328,0.0100672776620081
19329,0.804016135712778
19330,0.7898530974431175
19331,0.025257451710243094
19332,0.6748013595467924
19333,0.9995722604696023
19334,0.013235329741454957
19335,0.9995775956379315
19336,0.00254144119262691
19337,0.0073952718880325
19338,0.9998680905848241
19339,0.004156552118350674
19340,0.9993741920674309
19341,0.9502749115729694
19342,0.0007849682888824772
19343,0.8380003386238993
19344,0.0028301626345741578
19345,0.5051743541882702
19346,0.31220405089998127
19347,0.012735730509379385
19348,0.5819852415847233
19349,0.783403173893103
19350,0.12536076607119
19351,0.011623478172158924
19352,0.343435185518241
19353,0.9998950502642967
19354,0.5557361353912924
19355,0.46838811215640375
19356,0.07867866619834701
19357,0.00038222568156162765
19358,4.574497594907655e-05
19359,0.00032769974764301367
19360,0.008280374539532384
19361,0.9993965725538472
19362,0.522722774661843
19363,0.07352234860720264
19364,0.9999535310851411
19365,0.9994604115714957
19366,0.005774033156728587
19367,0.02154510975109581
19368,0.6845180094970419
19369,0.8174733830999578
19370,0.0046794836350371296
19371,0.1292622864467557
19372,0.9995487012796617
19373,0.011481827380367796
19374,0.007164544617396131
19375,0.3177201712374105
19376,0.8355294398193112
19377,0.49768963210095585
19378,0.1978320640844863
19379,0.36279805511831464
19380,0.8128825694477186
19381,0.24814464764600133
19382,0.11831724498403635
19383,0.015442257730021527
19384,0.014522639657148449
19385,0.9994644848094774
19386,0.6704365778287882
19387,0.9957638211979667
19388,0.11644489956270213
19389,0.0005296552781384375
19390,0.0022337672630515894
19391,0.9904832740272356
19392,0.9998758228363259
19393,0.004113264275859825
19394,0.2447336979105493
19395,0.5920478796465668
19396,0.9998773496131936
19397,0.008189053526172023
19398,0.5494704630384845
19399,0.016720833512571618
19400,0.9973944987011196
19401,0.7474442880799537
19402,0.15907899875269405
19403,0.02845625504935216
19404,0.9995324294668777
19405,0.6871414905892468
19406,0.21747851992744538
19407,0.08615955876511643
19408,0.06878212040722943
19409,0.49173411411521195
19410,0.20341604632896473
19411,0.005794724345704583
19412,0.9995324294668777
19413,0.6619783664194254
19414,0.38459389663903104
19415,0.005675212502650937
19416,0.39344992760474773
19417,0.6654862014881483
19418,0.1918629511441659
19419,0.00037505933815732334
19420,0.4183456922871798
19421,0.9997420114778351
19422,0.002161495387425063
19423,0.09318021711974421
19424,0.0011638200274627223
19425,0.00033097309502306773
19426,0.4990129624415266
19427,0.003473451120719808
19428,0.1934892328314152
19429,0.9990999805663558
19430,0.07443781398300135
19431,0.7091195375873064
19432,0.8931002986580466
19433,0.46219643993012255
19434,0.8398822630215602
19435,0.5071841459546791
19436,0.07447423788903847
19437,0.007813751799941862
19438,0.9368861244682352
19439,0.00014494966305422737
19440,0.9996714344854416
19441,0.0049154186986849775
19442,5.03583838762839e-05
19443,0.014260420626367794
19444,0.30679437334247633
19445,0.999357442431962
19446,0.827830237617019
19447,0.5259657924088008
19448,0.21888343784868008
19449,0.8501923032566914
19450,0.0659606232053977
19451,0.7070446268139777
19452,0.5779574049887941
19453,0.9012328248355166
19454,0.0525747389928787
19455,0.00666231966186586
19456,0.999501290860801
19457,0.17483405327049326
19458,0.9749302338509747
19459,0.0022881991726459473
19460,0.8428407860659923
19461,0.15471165460664515
19462,0.18856456024647977
19463,0.12940725062989336
19464,0.09849811088172997
19465,0.05386868649641021
19466,0.14094555777464726
19467,0.5446726402534705
19468,0.9994049153915541
19469,0.3970085653163338
19470,0.018400122979844866
19471,0.9994663739126342
19472,0.17744263085964457
19473,0.8007822881960976
19474,0.16578254529012768
19475,0.9993653030443082
19476,0.03231732439390678
19477,0.09407367167510527
19478,0.05778947110137677
19479,0.9995812858226524
19480,0.4214392149653144
19481,0.7354757070150402
19482,0.309105595148069
19483,0.1824436217993925
19484,0.5184865740191356
19485,0.9411964958384682
19486,0.18151238882458406
19487,0.18809722157692654
19488,0.0015808703339308494
19489,0.9060393942486891
19490,0.009455522886735816
19491,0.9575193938692109
19492,0.9989694629545196
19493,0.7921866223259519
19494,0.07107102662544384
19495,0.635817830989692
19496,0.00016611235287542083
19497,0.48095687978606766
19498,0.0002909524224010376
19499,0.13584310064169056
19500,0.3628407750522418
19501,0.444898336933621
19502,0.19707483215187213
19503,0.0033097100817651706
19504,0.43244228774773685
19505,0.6365529215260289
19506,0.01919908597764116
19507,0.29939051375219394
19508,0.9996065550490834
19509,0.20360755383255474
19510,0.46271912110482616
19511,0.9995633568606831
19512,0.060025855155776936
19513,0.003589650441877026
19514,0.9148646993069113
19515,0.0039414430870497955
19516,0.9994675392009161
19517,0.5719378055248664
19518,0.7609325597417653
19519,0.20739658194621188
19520,0.4799647865571785
19521,0.006308470535947906
19522,0.34984355697389746
19523,0.9989791469929162
19524,0.3742592544909209
19525,0.012661464789312921
19526,0.9998459503235576
19527,0.012017779316332052
19528,0.999575635962523
19529,0.0021786739877117157
19530,0.6342065675920605
19531,0.8568992321972037
19532,0.9998831462333383
19533,0.31602559190553425
19534,0.9043574641315079
19535,0.28493522446174846
19536,0.7561962681511004
19537,0.00392697863744509
19538,0.018414233474120512
19539,0.002755043247385665
19540,0.0009003629105154282
19541,0.0004681644491303442
19542,0.012975752817403569
19543,0.1005694858637494
19544,0.17076896044919704
19545,0.29452926455974404
19546,0.28725619108638506
19547,0.1067527869945438
19548,0.41044049033443514
19549,0.6229427631701999
19550,0.2703060849565922
19551,0.15698812048751837
19552,0.6583024649005601
19553,0.1149486150892426
19554,0.00034602744686963244
19555,0.012021966165222022
19556,0.8805013836814622
19557,0.3097744405109527
19558,0.00017305148062008965
19559,0.0002452578178241825
19560,0.8804393774322099
19561,0.647288063611297
19562,0.9994626515189348
19563,0.012667379426350258
19564,0.11892174453144791
19565,0.00017161592137078586
19566,0.9994015883706447
19567,0.9996065550490834
19568,0.10650604582472063
19569,0.23461772666387015
19570,0.9089621881306601
19571,0.13333694834847729
19572,0.5488328653992167
19573,0.19181931987545098
19574,0.9995198273864295
19575,0.0003273142989843039
19576,0.03784069271081703
19577,0.702486453103592
19578,0.00017133296886910542
19579,0.01292347667135413
19580,0.8118468219746664
19581,0.08903769310551035
19582,0.020825006357053068
19583,0.00028582197042362304
19584,0.017936680846397917
19585,0.004128740114089644
19586,0.10486455118679398
19587,0.3046276645442657
19588,0.6967408933897765
19589,0.4292460932036435
19590,0.4281560018393276
19591,0.0014158622961246913
19592,0.00031161073298871604
19593,0.7118748021228533
19594,0.736999117310234
19595,0.06559989587769437
19596,0.8946886388562638
19597,0.0174458958775612
19598,0.266073487240118
19599,0.0006455356816970352
19600,0.04484508361987546
19601,0.026463647069145356
19602,0.999501290860801
19603,0.006907132930236438
19604,0.8877545873774071
19605,0.001312777694046366
19606,0.07262301452030492
19607,0.13083279788597937
19608,0.22421336603772665
19609,0.014454564422782529
19610,0.6113546995398661
19611,0.35772421187648856
19612,0.2503428455767633
19613,0.9999392466417717
19614,0.3255853743375002
19615,0.1780174286572685
19616,0.0002642486154263729
19617,0.00904855875977929
19618,0.004811430138901283
19619,0.0015182478473841636
19620,0.00027929956241157434
19621,0.010533575930899068
19622,0.792087877790257
19623,0.11512955261646318
19624,0.6751532775219306
19625,0.7001611563246295
19626,0.9995091234008231
19627,0.7672517115110693
19628,0.3762305823137081
19629,0.02951614110622479
19630,0.252958705692331
19631,0.20574182251063516
19632,0.3985057545783489
19633,0.026027071157576916
19634,0.3882637372726788
19635,0.033637701300929156
19636,0.16270581795475988
19637,0.9479761745591624
19638,0.002344428836629074
19639,0.9996559828071766
19640,0.9951223449695373
19641,0.013703028491115874
19642,0.04416255796545451
19643,0.010413225464522455
19644,0.43090651160673427
19645,0.03030920275685271
19646,0.10039076811088275
19647,0.9993640721545841
19648,0.9994572711592885
19649,0.005320853008550992
19650,0.07542177664548651
19651,0.9999269423118418
19652,0.025623982245041522
19653,0.999710637012887
19654,0.7032483037577557
19655,0.13265901384968481
19656,0.9284738277473804
19657,0.2712437357458365
19658,0.0013305025447927004
19659,0.9384170959310614
19660,0.12936057085212924
19661,0.16663482051317263
19662,0.28106765181023063
19663,0.6448118260333223
19664,0.30469863463671604
19665,0.004316330958800053
19666,8.378840120352699e-05
19667,0.0024070405062170262
19668,0.731045365544869
19669,0.8917173737286352
19670,0.06850808026959114
19671,0.038514937232558846
19672,0.0028632150654310786
19673,0.5202225655907997
19674,0.7073994259145329
19675,0.002602002060580084
19676,0.002904044183819
19677,0.010822857504184083
19678,0.26218587183275577
19679,0.2830266280597671
19680,0.08316493191216277
19681,0.15397244398470272
19682,0.04074633305384468
19683,0.9996683278083242
19684,0.013140637714320287
19685,0.9988226469720417
19686,0.008286018001432527
19687,0.0017386517027344996
19688,0.012340818741669618
19689,0.2816631217354123
19690,0.08920420476809682
19691,0.0037488794685129824
19692,0.0008631555069682201
19693,0.0008594726754387538
19694,0.23606097430841227
19695,0.20730431742842048
19696,0.06596313386996115
19697,0.3586655184204248
19698,0.3149946177280024
19699,0.3935670733955904
19700,0.9989694629545196
19701,0.27258653718628373
19702,0.7015875256132362
19703,0.07043419877128305
19704,0.753010339619144
19705,0.0010571224083418779
19706,0.01940371240121195
19707,0.9172310073064252
19708,0.15622162042075513
19709,0.34854098283870216
19710,0.9998403042141668
19711,0.11729045184676877
19712,0.40352497941100873
19713,0.00014291847801103344
19714,0.004270814767622989
19715,0.0819583119403766
19716,0.9994966650946421
19717,0.819747758805454
19718,0.3451837820957224
19719,0.9993946551473271
19720,0.76833885198327
19721,0.3142509504834515
19722,0.09121339582638975
19723,0.9606079701253074
19724,0.37790892012162125
19725,0.651576372845274
19726,0.3126771271276467
19727,0.42266070507524983
19728,0.7889576488818117
19729,0.2669778688278181
19730,0.002529789765959789
19731,0.8370188331304174
19732,0.007496419029138425
19733,0.7265360989531533
19734,0.9491204437644628
19735,0.0012636286402492362
19736,0.5902244247862727
19737,0.27981268478532334
19738,0.016257146515428866
19739,0.00024201143583070652
19740,0.0002591191437257219
19741,0.002240399256307014
19742,0.00030557522458433603
19743,0.3286674656741951
19744,0.09836088107302339
19745,0.6647870790090529
19746,0.09183894223486572
19747,0.9992518355812018
19748,0.9997420114778351
19749,0.3062458463985181
19750,0.7138930316108003
19751,0.3568702629926528
19752,0.9998307631118593
19753,0.8524397449968419
19754,0.1270656667630421
19755,0.6846926749378915
19756,0.6306619059542675
19757,0.652087774764662
19758,0.04983617586915534
19759,0.14012155787972244
19760,0.0046963572527792515
19761,0.999876241958767
19762,0.11520170603986246
19763,0.0418791761989429
19764,0.8015155075346537
19765,0.001426180149282342
19766,0.00022284620385881951
19767,0.999796313899291
19768,0.917483359774348
19769,0.0015007917381995388
19770,0.9586231815894762
19771,0.012993460612779367
19772,0.9980082177089993
19773,0.36312461558417847
19774,0.7446471498717899
19775,0.06127127412862855
19776,0.052292574671125816
19777,0.07301250250065804
19778,0.3135241413976482
19779,4.334656877644142e-05
19780,0.008326610476754523
19781,0.03879429115583674
19782,0.10228898617331404
19783,0.16466747881340313
19784,0.08414937547864355
19785,0.9993965725538472
19786,0.940057703753
19787,0.6822023621613893
19788,0.9996933371234682
19789,0.10266586626606862
19790,0.2280352208877163
19791,0.8601128480069223
19792,0.02133622469658702
19793,0.016359630791994973
19794,0.0240568049502538
19795,0.3257853215255475
19796,0.999001150458474
19797,0.2797831452331185
19798,0.4079245654502515
19799,0.8395548545435266
19800,0.007055423849795258
19801,0.0025841499871904275
19802,0.04388824143157876
19803,0.6561225914687713
19804,0.8857758901002732
19805,0.005195594929854438
19806,0.6178527348931266
19807,0.004482987330904794
19808,0.0004891187658169324
19809,0.07988698250933969
19810,0.8228147671701287
19811,0.7353772441541994
19812,0.9989867434241528
19813,0.009398718761763392
19814,0.9975873049509423
19815,0.013715147366142103
19816,0.005799459066868888
19817,0.7847185567090119
19818,0.3880905052424828
19819,0.3428992905519679
19820,0.018875879231344872
19821,0.9997240468712165
19822,0.21190974314658703
19823,0.039500743529616494
19824,0.999845894647249
19825,0.25391016855966037
19826,0.12430979535602903
19827,0.3463634092387756
19828,0.26879133590363546
19829,0.7261730329909972
19830,0.4377556180909789
19831,0.22031027357053798
19832,0.9994444910151634
19833,0.0368866945566727
19834,0.9997973281153908
19835,0.003342048044264131
19836,0.006531870792169514
19837,0.9996427814006416
19838,0.999377342816918
19839,0.0002905682621404418
19840,8.551108263451353e-05
19841,0.06825656935801654
19842,0.3529354221465968
19843,0.001089395987835819
19844,0.04851337165344799
19845,0.1018413512525085
19846,0.9998626501846146
19847,0.11675970750222481
19848,0.00042658803919613857
19849,0.00034755785817603855
19850,0.0002021409531951472
19851,0.1519998367370598
19852,0.0052832068542113435
19853,0.0003671081616862708
19854,0.20339800376284434
19855,0.6636039090175561
19856,0.9994675392009161
19857,0.9994325987438174
19858,0.031398522384558356
19859,0.000746383374270577
19860,0.001567382075686207
19861,0.9993697196827608
19862,0.6071294826533657
19863,0.011740823743632675
19864,0.9999276517781958
19865,0.6386038226181713
19866,0.999775949599641
19867,0.8515901431209324
19868,0.9595348510046398
19869,0.052838984869159396
19870,0.006880239905625993
19871,0.0001257102341053584
19872,0.9994154954226879
19873,0.09476867702904448
19874,0.19868507576252364
19875,0.77169900206662
19876,0.9536857783374475
19877,0.9993946551473271
19878,0.45364761033196754
19879,0.23840575827406527
19880,0.6713051840917815
19881,0.9998403042141668
19882,0.010438845030651438
19883,0.0008237804368372406
19884,0.06279234082198275
19885,0.9997240468712165
19886,0.03344778656108585
19887,0.9996114086760756
19888,0.8034487897007379
19889,0.0021523412982667467
19890,0.3946244684710185
19891,0.9997302390757247
19892,0.28879687588585556
19893,0.9993618282613574
19894,0.004752569729457767
19895,0.002116296389868463
19896,0.2311604285512425
19897,0.21440734249481957
19898,0.47875230098497057
19899,0.0052832068542113435
19900,0.0158200821975643
19901,0.27089123353248706
19902,0.0002731177656814921
19903,0.3774159520723565
19904,0.9981798052213237
19905,0.010444434234800924
19906,0.8803293634917178
19907,0.13865462384476088
19908,0.01830894954337524
19909,0.9953442003352169
19910,0.019203256288205347
19911,0.1628698865663558
19912,0.0019094841266537527
19913,0.9989791469929162
19914,0.9996645045132432
19915,0.43173557326853984
19916,0.9995742603582953
19917,0.7639222680063279
19918,0.0005064174461003946
19919,0.3954439929323925
19920,0.7998867055861377
19921,0.7490369514285994
19922,0.5164577043650473
19923,0.004258244837230795
19924,0.43477466816064736
19925,0.08616068678957622
19926,0.03789838866013332
19927,0.0009130582262026717
19928,0.019002788852508595
19929,0.019846480594885113
19930,0.9236988721216806
19931,0.008706688221094088
19932,0.0029440668729506054
19933,0.7840754510741458
19934,0.8106220687034851
19935,0.06735401429038061
19936,0.12362025680668833
19937,0.9467456271122315
19938,0.3163899687250991
19939,0.8112163242023863
19940,0.036423435940413466
19941,0.46438456717833265
19942,0.4531934659511355
19943,0.99926312994237
19944,0.006154388673094377
19945,0.40422319571008386
19946,0.00020047340757759684
19947,0.9997097736263099
19948,0.24861159519048598
19949,0.152701670154664
19950,0.9982154673593121
19951,0.9997973281153908
19952,0.263527539253833
19953,0.21420508127733834
19954,0.7583948688837481
19955,0.03558477501187639
19956,0.7842070635978812
19957,0.00014453111002646782
19958,0.11137535695845405
19959,0.08195497285630382
19960,0.4201725970645384
19961,0.17942703379351324
19962,0.0025400524969375277
19963,0.9992568739925147
19964,0.18092722393224908
19965,0.13409799822808505
19966,0.03665069821951252
19967,0.0014745657783031794
19968,0.24573818440944994
19969,0.22965612972990213
19970,0.00436473425055618
19971,0.6494426221813057
19972,0.7542289464509808
19973,0.0018472845361236945
19974,0.8801126662535326
19975,0.9995297155861302
19976,0.02341479389630979
19977,0.02718333906129522
19978,0.10111915642517308
19979,0.18348178143358088
19980,0.9995747918455368
19981,0.06525428661403236
19982,0.012790455224628485
19983,0.1442346085948941
19984,0.9998933299698423
19985,0.8233061644439711
19986,0.9996882301296011
19987,0.15524528332591445
19988,0.0012393930692799645
19989,0.9995324294668777
19990,0.9998335680172166
19991,0.9333187190495525
19992,0.9875018861405891
19993,0.0003794241126786201
19994,0.10650653594527335
19995,0.3686134877884668
19996,0.00035450143779873304
19997,0.04079011944972564
19998,0.002767801135292121
19999,0.08456460001989231
20000,0.346453981001734
20001,0.07274835566461711
20002,0.01728775939740833
20003,0.004993038917941071
20004,0.8758722127479809
20005,0.00421660785737865
20006,0.012856602740420659
20007,0.2525905043544628
20008,0.9767702859096611
20009,0.00019572910695475607
20010,0.007575330568882758
20011,0.06835479180481659
20012,0.8792147300304689
20013,0.002681466246345497
20014,0.01355618092842838
20015,0.7605688859411186
20016,0.04709525710660638
20017,0.07229309111342727
20018,0.0015244528626146107
20019,0.051240257734350696
20020,0.2274765959980145
20021,0.4173637328412917
20022,0.06983766136615442
20023,0.3357009730131436
20024,0.016552646277495104
20025,0.2375887395485722
20026,0.2875995510880533
20027,0.0371051603332325
20028,0.7495021380922857
20029,0.00015556948304730174
20030,0.003227837276429726
20031,0.7828977569657526
20032,0.9011986859812324
20033,0.5579173235420332
20034,0.7022828947170209
20035,0.0010173384680945362
20036,0.012015170239302996
20037,0.9585030870146563
20038,0.06989449429565707
20039,0.007340406213614971
20040,0.0002798417059688758
20041,0.003949445480634052
20042,0.0003327331501578017
20043,0.010387065201543722
20044,0.03155247427553044
20045,0.9993985271119473
20046,0.9991694385894853
20047,0.014065230033981184
20048,0.999860147201219
20049,0.8401321361410603
20050,0.9982032590767632
20051,0.9011540453587953
20052,0.9995473861879124
20053,0.9995012340096324
20054,0.8287380950032913
20055,0.0036754015533595617
20056,0.21211139700457865
20057,0.24215429946221112
20058,0.11542471306533898
20059,0.016415167605979095
20060,0.10251521831660436
20061,0.018094428486079613
20062,0.06115498767947655
20063,0.00036411681320531916
20064,0.04281834191171374
20065,0.9990571373534574
20066,0.919522657568808
20067,0.24880134920464958
20068,0.0008301716160508408
20069,0.999439608394079
20070,0.16590493814217133
20071,0.00046691544241897953
20072,0.023028621408929327
20073,0.944986520829733
20074,0.9991962168956795
20075,0.07438318104870448
20076,0.001165319776158342
20077,0.8697065802128786
20078,0.8627455709494624
20079,0.30640522958082855
20080,0.0042068597136735286
20081,0.40092169170374076
20082,0.01416796540488245
20083,0.0003077954838410063
20084,0.031424695320022664
20085,0.8099256058951887
20086,0.01379823014422981
20087,0.6970085968403888
20088,0.9995175368218949
20089,0.035786524059333795
20090,0.002866131438133238
20091,0.9990558428759767
20092,0.9037615725266198
20093,0.9999401381062397
20094,0.2123746991506984
20095,0.005054469641058504
20096,0.005407840727263512
20097,0.8059047596403913
20098,0.9996374206055896
20099,0.3117831503910429
20100,0.012927946892491089
20101,0.4582692503827546
20102,0.15015549319051735
20103,0.99926312994237
20104,0.45662185445400516
20105,0.702311815598199
20106,0.01957986563457337
20107,0.7622341304153439
20108,0.7576933801036143
20109,0.0016152844249849216
20110,0.9995071701578532
20111,0.9999310352381258
20112,0.9997718608303992
20113,0.055011722848038375
20114,0.9996114086760756
20115,0.2663203360717957
20116,0.9452573425039936
20117,0.03492578365552949
20118,0.3780691590174701
20119,0.06453293992543709
20120,0.41070592657998695
20121,0.0016998318425873664
20122,0.39742142128252544
20123,0.4862001990554769
20124,0.5799001221327033
20125,0.40583057167518627
20126,0.12060186547708682
20127,0.776576363586461
20128,0.0003279108008022032
20129,0.0010998945471828365
20130,0.36877646552034027
20131,0.8086694336751664
20132,0.016621342440986734
20133,0.17872730491958969
20134,0.0009123761866656558
20135,0.5122486796217935
20136,0.16469593852465592
20137,0.6577313531052784
20138,0.9994525808375195
20139,0.9995885427873724
20140,0.015708190139960082
20141,0.0007412604534987289
20142,0.09964977787483544
20143,0.2658586001952748
20144,0.8792147300304689
20145,0.5484270973048387
20146,0.3155304667571503
20147,0.00016391917034992546
20148,0.6229136276148822
20149,0.43825221745550835
20150,0.0259871001820331
20151,0.2565655652069019
20152,0.06874906710385129
20153,0.47458970510332016
20154,0.3769576463769735
20155,0.0057986251701953205
20156,0.01946172125467828
20157,0.07519427113094349
20158,0.9997973281153908
20159,0.9996300165999751
20160,0.00040173606486627845
20161,0.999439608394079
20162,0.7068727586490832
20163,0.23977556672582395
20164,0.9000643319109025
20165,0.09814327294984755
20166,0.5801583971250562
20167,0.9997311325715398
20168,0.9998218482123312
20169,0.8848860762703403
20170,0.23862569820874496
20171,0.0027922238184496045
20172,0.007232088049730833
20173,0.4683763097605902
20174,0.006603856244749121
20175,0.04899076786982594
20176,0.2931009084500984
20177,0.002813903000773242
20178,0.9953442003352169
20179,0.9994012047050778
20180,0.04138159651316046
20181,0.3177201712374105
20182,0.4803396544064621
20183,0.00817631966715966
20184,0.9991694385894853
20185,0.16972915299228467
20186,0.021469416784481343
20187,0.11345234510880882
20188,0.03029111646482493
20189,0.00024995906808925137
20190,0.0033828642929092947
20191,0.005498961033866645
20192,0.8768640448651294
20193,0.7494683485568523
20194,0.11429629607103022
20195,0.09873761980166271
20196,0.011925400494324478
20197,0.033202655228038946
20198,0.008971190552757684
20199,0.7867716748022376
20200,0.8000041025297217
20201,0.1414454136734952
20202,0.03685396154662584
20203,0.5342902375071126
20204,0.03989878963903161
20205,0.6147512897160874
20206,0.2123081918430989
20207,0.40928232302701906
20208,0.006159734917280311
20209,0.17962700626635736
20210,0.4526220497133932
20211,0.4889384634093722
20212,0.011621203021073915
20213,0.02001443520670277
20214,0.008830161348804171
20215,0.10948222849951385
20216,0.030196412934962207
20217,0.9750522590595152
20218,0.1921479251913975
20219,0.0003856374897380681
20220,0.013037043632057767
20221,0.001580494771148276
20222,0.013872996474879327
20223,0.6887025963816042
20224,0.048199153274337186
20225,0.5493488446266106
20226,0.01941897249417228
20227,0.06194614500850973
20228,0.0010941298185306394
20229,0.19599216490635898
20230,0.05544884610580604
20231,0.17574196837281753
20232,0.9990741039577086
20233,0.5617322359730964
20234,0.9995146650598147
20235,0.0004601816603077423
20236,0.7078819461442617
20237,0.9994588320523284
20238,0.032765962075356855
20239,0.15050018114426167
20240,0.009872762579297029
20241,0.0002397405105176053
20242,0.014921309657209106
20243,0.9996559828071766
20244,0.2581160052977543
20245,0.9997938879477025
20246,0.006554411702054477
20247,0.956964467681444
20248,0.11586002288805798
20249,0.8294147779581518
20250,0.161589630101979
20251,0.001944872088574677
20252,0.005989865611073612
20253,0.8558207059797697
20254,0.08936570251917146
20255,0.008580763530288837
20256,0.38666608983593714
20257,0.629974606555422
20258,0.0014503790137727196
20259,0.999159523880099
20260,0.00522945079516114
20261,0.036737217513727854
20262,0.9995745275076193
20263,0.11530405136444265
20264,0.2162171022744621
20265,0.9995121157573202
20266,0.9454622519586798
20267,0.004870707951755139
20268,0.024686801729188895
20269,0.86360238168413
20270,0.9996507589277797
20271,0.11509968328211397
20272,0.9998612980982259
20273,0.9994476703877357
20274,0.6545303446100595
20275,0.30238790287389206
20276,0.8066214458386443
20277,0.7802152993260463
20278,0.9995551641601041
20279,0.9159412789378136
20280,0.0025602191193063867
20281,0.0032783025172782782
20282,0.15251128399300465
20283,0.4656923880539439
20284,0.009687395436173791
20285,0.1475720942090327
20286,0.7743464244224977
20287,0.03525512506418344
20288,0.0003207974834456525
20289,0.0683290785331657
20290,0.00018315296430084432
20291,0.007276914285705822
20292,0.05266662808149036
20293,0.3563139313371583
20294,0.07999177448155928
20295,0.006082034731895355
20296,0.9993592653552299
20297,0.9935653977181395
20298,0.8596982235814385
20299,0.007333443833537499
20300,0.0590152030666578
20301,0.8100430651424753
20302,0.200129670062062
20303,0.16081794500674498
20304,0.19558631513166655
20305,0.6651911290974847
20306,0.4362390826608641
20307,0.5060966761315816
20308,0.40130668351552923
20309,0.0012574989796545093
20310,0.7735400118992372
20311,0.9129720895431734
20312,0.9997156459270342
20313,0.6542984117047618
20314,0.03646749513615265
20315,0.6923858245065289
20316,0.014942094527821515
20317,0.9999661062650328
20318,0.4349784743386135
20319,0.9997973281153908
20320,0.0021827108776137256
20321,0.646239966582994
20322,0.46409180020770374
20323,0.21501572445888484
20324,0.012276974005555935
20325,0.3705159840730036
20326,0.8293809494106935
20327,0.015530989988539478
20328,0.0035543201413731425
20329,0.8586421524200519
20330,0.046256501687439215
20331,0.48207470472229197
20332,0.9904485603269851
20333,0.6864987328621643
20334,0.20572586793124906
20335,0.28791797661803786
20336,0.7820720631898647
20337,0.4161550513373436
20338,0.37142551626161585
20339,0.9993902270942545
20340,0.028289812078680508
20341,0.05720862017187196
20342,0.2144474823438938
20343,0.6599865520639128
20344,0.05309161519458753
20345,0.7927233091921329
20346,0.004789529717508434
20347,0.33700635496852144
20348,0.028970099223425614
20349,0.6696665731142778
20350,0.691455562803176
20351,0.17401674670845027
20352,0.8361475273732709
20353,0.45163071144869693
20354,0.9997157789957004
20355,0.11590627596340419
20356,0.020427658183484246
20357,0.09189274731138632
20358,0.002728665639441624
20359,0.05120675592719484
20360,0.0413907821011229
20361,0.05275471034047453
20362,0.3579934740368007
20363,0.05892250287320807
20364,0.016761903250340708
20365,0.3798254079596847
20366,0.22233278470682544
20367,0.9990741039577086
20368,0.23166014797761883
20369,0.6725716055176775
20370,0.7671924443161857
20371,0.0026100668495533884
20372,0.008080382729257055
20373,0.06877877227274236
20374,0.08877779546817625
20375,0.9994895398754695
20376,0.0005983094936516611
20377,0.991411428917794
20378,0.12104607550840006
20379,0.469366441585965
20380,0.02285747371046593
20381,0.17049320673667198
20382,0.12826950176272023
20383,0.04869546386302267
20384,0.043143482116479975
20385,0.6823885658535409
20386,0.9999303861052631
20387,0.30405284331528676
20388,0.08256536893108132
20389,0.4820692588997047
20390,0.9013532631142426
20391,0.005858114597873148
20392,0.9513523036408775
20393,0.27083715992432955
20394,0.11655240911339751
20395,0.018276670660684707
20396,0.9782171641316273
20397,0.9997088001240203
20398,0.9991290453878034
20399,0.9991772665517877
20400,0.008083926702167243
20401,0.18927934799908858
20402,0.2732399920838896
20403,0.42165255897640297
20404,0.999439608394079
20405,0.18205322378631716
20406,0.22138402646089206
20407,0.004108773473518077
20408,0.8830712232274417
20409,0.0018063206574208208
20410,0.9994307142201256
20411,0.9551029005579884
20412,0.9997542609426419
20413,0.0017758830076965424
20414,0.9996612001129483
20415,0.0003224262446054987
20416,0.02815290742878368
20417,0.9765541284467979
20418,0.338619703854724
20419,0.04613100341598374
20420,0.2938544701989491
20421,0.6113967540390863
20422,0.04754829924921977
20423,0.19534707985496688
20424,0.9595616295256243
20425,0.027210471540835987
20426,0.0067694560534138255
20427,0.9993965725538472
20428,0.22937881677656582
20429,0.0663617315231638
20430,0.9995235636184652
20431,0.5559171133518711
20432,0.24826217308260826
20433,0.001932011655404159
20434,0.1247549040559877
20435,0.022293159624517982
20436,0.00036269422070573114
20437,0.9995189942445121
20438,0.058694782444562194
20439,0.11425159391339686
20440,0.6144400665869482
20441,0.07842660089966437
20442,0.9986120300746584
20443,0.9994675392009161
20444,0.8458571812579031
20445,0.13192005975133528
20446,0.024632747366626545
20447,0.9993755087520922
20448,0.25617876829259717
20449,0.9063249662408507
20450,0.043184339086911584
20451,0.27393289568558316
20452,0.058847650623509544
20453,0.05739763558691107
20454,0.9996300165999751
20455,0.17845608330574642
20456,0.2850241415632645
20457,0.42430379246295696
20458,0.29452380720382776
20459,0.859047616857978
20460,0.06772400396947248
20461,0.1859333738518703
20462,0.8109395198361553
20463,0.8348412497395639
20464,0.10761502648325041
20465,0.7171396732145319
20466,0.01652927281414204
20467,0.9773297852461801
20468,0.13592261650528226
20469,0.5709013213787332
20470,0.00022190821785477991
20471,0.001087716950400452
20472,0.9998217083659067
20473,0.8127143452490045
20474,0.13279345212716265
20475,0.9043574641315079
20476,0.6264219865597697
20477,0.09568000720408674
20478,0.001463078530527391
20479,0.9544677246976809
20480,0.1954014258018547
20481,0.9991797638546729
20482,0.0003573258620980199
20483,0.6691031778995317
20484,0.4643771971792525
20485,0.179633645872472
20486,0.122518241565649
20487,0.00014694500871023105
20488,0.9995651299002112
20489,0.12381047534102291
20490,0.9998704317422271
20491,0.050706151159062504
20492,0.16773202662359146
20493,0.06449433006210045
20494,0.20856323892330536
20495,0.003860483493724461
20496,0.0003631012321575717
20497,0.003474425947311124
20498,0.08035895875619785
20499,0.00012988348328307503
20500,0.4443771584695407
20501,0.051232463265572736
20502,0.0007712402534518784
20503,0.999611830541882
20504,0.010824143020325812
20505,0.04090686984891992
20506,0.0003122591593206947
20507,0.6228376368223179
20508,0.5941641951576362
20509,0.34237804643595526
20510,0.7299663901055654
20511,8.005321407588323e-05
20512,0.012148539989357455
20513,0.2789746372084388
20514,0.01289789856809986
20515,0.06261074437667874
20516,0.9997272944390846
20517,0.04211719365418939
20518,0.0014770014341940216
20519,0.8941890578937548
20520,0.02481753391678954
20521,0.4955202344366035
20522,0.0004562690622485349
20523,0.15938748763865548
20524,0.49162544353244164
20525,0.8981270120360798
20526,0.010318161231442965
20527,0.10680279144000998
20528,0.0002285933556927471
20529,0.9417054386083529
20530,0.9917456236308597
20531,0.8020955831765137
20532,0.1702636918229862
20533,0.08515115165578635
20534,0.7310270758705687
20535,0.2799918919902801
20536,0.0039679147424430804
20537,0.8521786275427042
20538,0.016178442565096422
20539,0.09296259102043583
20540,0.10856854771524192
20541,0.047139582294930156
20542,0.2926692056420702
20543,0.0005513431949903675
20544,0.9988815403119792
20545,0.9993755087520922
20546,0.7826506110097959
20547,0.9991694385894853
20548,0.007821036285611295
20549,0.829329702346881
20550,0.7633907016166264
20551,0.24302161593455024
20552,0.723614070827327
20553,0.0012393930692799645
20554,0.6334146783750011
20555,0.9986887760436759
20556,0.00028455000656040397
20557,0.00025317578602694006
20558,0.9994789353534381
20559,0.15327370426651188
20560,0.002109274020236158
20561,0.062384188966530134
20562,0.0006320463000679629
20563,0.19980316349217034
20564,0.36934765259300634
20565,0.9995012340096324
20566,0.7349152337046739
20567,0.17883338559913506
20568,0.9996559828071766
20569,0.41543803634053783
20570,0.009534424862480516
20571,0.18427251514834664
20572,6.219022592560892e-05
20573,0.07929993981553986
20574,0.02218152062551107
20575,0.5554028829640576
20576,0.7667167741526895
20577,0.9992988363478995
20578,0.08963835772149463
20579,0.9998366986693964
20580,0.10105355152371401
20581,0.8451519082573505
20582,0.0021226699626018895
20583,0.4478061098588804
20584,0.00045939504598013244
20585,0.9814706237863475
20586,0.006259205020426811
20587,0.9994572711592885
20588,0.006279180387586693
20589,0.042965936077193366
20590,0.004723549853062323
20591,0.24820656419475173
20592,0.2581160052977543
20593,0.5867306458622248
20594,0.29930496789732586
20595,0.5770057658750675
20596,0.007710224706237508
20597,0.9991694385894853
20598,0.397123014127413
20599,0.8573283627301408
20600,0.8249620385435387
20601,0.6919773455855148
20602,0.0025726698418611525
20603,0.2533945572823744
20604,0.544588439584403
20605,0.34568286536389636
20606,0.010878554129023466
20607,0.9987277820196453
20608,0.9996243956008317
20609,0.7595517905781866
20610,0.7541666720469421
20611,0.21070610793754216
20612,0.5428776906255576
20613,0.5714667198236871
20614,0.01725627068919293
20615,0.13374900142977109
20616,0.0028699529479803473
20617,0.9994325987438174
20618,0.3572395446285528
20619,0.8786290006541998
20620,0.0010008061069842296
20621,0.07236585275366204
20622,0.703601045937145
20623,0.9980864340622484
20624,0.004837519818400415
20625,0.9997282482681975
20626,0.3243645909435826
20627,0.7015495843448059
20628,0.0800207753234666
20629,0.0005033212698816833
20630,0.8052988259856987
20631,0.6310504221583841
20632,0.005541750359731246
20633,0.5157382272264114
20634,0.0003363220572718229
20635,0.9996725894862467
20636,0.00033265613797555776
20637,0.2491792635459461
20638,0.05262227216419788
20639,0.04586632328451037
20640,0.6487112673561893
20641,0.11203292202794207
20642,0.00806530400241283
20643,0.001670570289674792
20644,0.8312337111301698
20645,0.7054364123951465
20646,0.32053497446518925
20647,0.005831395381725673
20648,0.9991797638546729
20649,0.10374412055940374
20650,0.0003100787774423582
20651,0.9993618282613574
20652,0.09747541994194464
20653,0.10291001775629896
20654,0.0018594322214402113
20655,0.0311748786956075
20656,0.7846016511057586
20657,0.0065777156381804725
20658,0.001932011655404159
20659,0.7125578301798774
20660,0.08444866375946068
20661,0.0009527476315463142
20662,0.8424047504030604
20663,8.777231206125013e-05
20664,0.9996378682945314
20665,0.10530448356053349
20666,0.9998555101419732
20667,0.012711487561693779
20668,0.6738527504645099
20669,0.0077283230595648275
20670,0.34306240896432993
20671,0.9998820318341058
20672,0.9996353760196381
20673,0.01444121950631518
20674,0.626401432841405
20675,0.27610151395617094
20676,0.09934944492713627
20677,0.008899939175959265
20678,0.002306911366659635
20679,0.0010495456770064147
20680,0.9998787213275496
20681,0.5428685939908475
20682,0.89057372047197
20683,0.3045671295450468
20684,0.49344091625267844
20685,0.5006780557081661
20686,0.9997462419875793
20687,0.6735031395109925
20688,0.021886602124208735
20689,0.1269526810782856
20690,0.0008060035927069597
20691,0.18858297172776572
20692,0.004752569729457767
20693,0.9043574641315079
20694,0.486055305411065
20695,0.001572529704825042
20696,0.9979441815915591
20697,0.014446364558953362
20698,0.9779214228731896
20699,0.6705163361150912
20700,0.7727048174074013
20701,0.004502716573397224
20702,0.6310677959644865
20703,0.0031457806215640064
20704,0.3545153356861333
20705,8.197674622708893e-05
20706,0.122168524618763
20707,0.9999310352381258
20708,0.2028995242653721
20709,0.8222791933813642
20710,0.06521757657293727
20711,0.0002703423173215579
20712,0.21834017821130103
20713,0.3087596233941575
20714,0.9997118580342054
20715,0.11842215747197564
20716,0.9992469729744117
20717,0.9995361350633379
20718,0.0041885913008274794
20719,0.6997114074042831
20720,0.05958712686378362
20721,0.03485416202314021
20722,0.6116438681079608
20723,0.8272192146908897
20724,0.0001909005679857943
20725,0.1239041615099065
20726,0.0002869813395996859
20727,0.028420820837101964
20728,0.25712096633743986
20729,0.8705939394296829
20730,0.940057703753
20731,0.8565228730926159
20732,0.19954046455661237
20733,0.31897598138894556
20734,0.2279178346090303
20735,0.19976270983017055
20736,0.902664448576285
20737,0.9067503731481275
20738,0.0028413701046651396
20739,0.5657296734410185
20740,0.9999408153734185
20741,0.002217245102224113
20742,0.8245691239513728
20743,0.003894310763664865
20744,0.37945631810290487
20745,0.3781654401036678
20746,0.0002622190119852052
20747,0.0019817447380881623
20748,0.0004866995311284112
20749,0.5834636852029679
20750,0.9998722810458123
20751,0.005430183801705036
20752,0.0013788127690337448
20753,0.88492887994514
20754,0.27199176108343814
20755,0.9767702859096611
20756,0.027986405333416144
20757,0.2789043958440158
20758,0.7450062709094183
20759,0.9999661062650328
20760,0.8202320206217928
20761,0.5211621812182107
20762,0.16438362159518088
20763,0.999733466471797
20764,0.013973138291338755
20765,0.1477665183023574
20766,0.6595818472822109
20767,0.9997200370754277
20768,0.0006162529317624145
20769,0.2808481698348433
20770,0.04322647035544607
20771,0.4831812974933308
20772,0.11319571569936447
20773,0.9917456236308597
20774,0.5521132974139326
20775,0.9994404187745917
20776,0.0297136794044162
20777,0.23193478360228414
20778,0.14927095131183613
20779,0.5174795757260908
20780,0.6407897175220988
20781,0.7435423571351418
20782,0.9995425391193108
20783,0.8872640798815168
20784,0.06114689524779119
20785,0.5531552718300303
20786,0.00028880497937773373
20787,0.9994028758040133
20788,0.9993618282613574
20789,0.6564210241312335
20790,0.5889584525466943
20791,0.12379291976895064
20792,0.07107586555357542
20793,0.007193612969036867
20794,0.9989835121744597
20795,0.0015739384797570806
20796,0.1498198225797011
20797,0.0015385764770995958
20798,0.39517255122437345
20799,0.021999950877936287
20800,0.0020033090631157483
20801,0.9998618626343602
20802,0.09805259534491764
20803,0.6907485335478427
20804,0.0758311723577822
20805,0.9991859740947898
20806,0.9991436726464487
20807,0.27206670433726476
20808,0.5668744598507014
20809,0.02151358940350584
20810,0.017628442542497333
20811,0.003009245789904855
20812,0.9993755087520922
20813,0.005341251649404795
20814,0.30503756378773994
20815,0.9974697136449574
20816,0.017630589546987565
20817,0.034208705279248935
20818,0.201365527385863
20819,0.006279898457162648
20820,0.9993787046968168
20821,0.022547168848302365
20822,0.9994189534819642
20823,0.9995798401025434
20824,0.39819175897894743
20825,0.07296958837603508
20826,0.9603157494537359
20827,0.2914835540083675
20828,0.7958218767050294
20829,0.012006599632076943
20830,0.28196771144061805
20831,0.0003420704692980998
20832,0.031188293920858007
20833,0.18167814065844307
20834,0.7342434177527644
20835,0.4314252692001051
20836,0.010387065201543722
20837,0.9996484142293458
20838,0.14865463321391303
20839,0.1490805480253696
20840,0.009005032836447735
20841,0.9996089784973967
20842,0.9997156459270342
20843,0.9996612245125357
20844,0.16442832214385084
20845,0.45566654017553593
20846,0.003749759490066612
20847,0.050219619931510154
20848,0.29758714294263916
20849,0.7479083178067029
20850,0.009915492394283658
20851,0.010665266630540102
20852,0.9997282482681975
20853,0.22323361255722532
20854,0.9405845566332367
20855,0.013065108139997407
20856,0.08484578986217134
20857,0.008274839685228205
20858,0.1478826283225369
20859,0.6905875928969613
20860,0.48864714107215357
20861,0.04921050680139243
20862,0.1365518978076192
20863,0.9247611886718593
20864,0.2046603408143525
20865,0.0843249883988665
20866,0.8577484732328992
20867,0.89164919258577
20868,0.964873668265315
20869,0.483599968020312
20870,0.9986514783417707
20871,0.871583811421065
20872,0.7364154346009978
20873,0.2189365065084052
20874,0.7596687502062615
20875,0.1513356867581113
20876,0.02760332540636832
20877,0.017770956475000876
20878,0.31482377122147076
20879,0.7341991975495717
20880,0.13420155256838992
20881,0.22759247110719416
20882,0.04851235303374979
20883,0.01748040868980272
20884,0.004357622382129832
20885,0.7981872694774008
20886,0.014062466582333044
20887,0.00024098555855338994
20888,0.3152894874668975
20889,0.0023342850583617865
20890,0.03063798526921124
20891,0.25523518121192
20892,0.10676553902232674
20893,0.9996346301003036
20894,0.6132654055548821
20895,0.008181936442329505
20896,0.026517980186228002
20897,0.016022887419077814
20898,0.8571608602563646
20899,0.0021560390012448074
20900,0.0074300049939898
20901,0.0004192503089759702
20902,0.0014684137322918203
20903,0.00862338479273675
20904,0.8528103503601316
20905,0.002263326976667572
20906,0.2461457156344703
20907,0.3183079983178463
20908,0.9997292720013966
20909,0.005449042311991562
20910,0.02319010741873912
20911,0.9997156459270342
20912,0.9998125132220067
20913,0.6528160637373969
20914,0.8520136129643756
20915,0.5376801881376936
20916,0.25768262187570545
20917,0.9958605466770274
20918,0.00016040852209885906
20919,0.9995624270282827
20920,0.5410910306095222
20921,0.09741669472231665
20922,0.05813073787791711
20923,0.4377556180909789
20924,0.025322928277026945
20925,0.005706108760156634
20926,0.00030230483222920345
20927,0.26470440287211217
20928,0.9994692090074154
20929,0.017941099312737883
20930,0.01940371240121195
20931,0.036855299196854215
20932,0.7303086901425044
20933,0.5376509063393616
20934,0.06721537295948396
20935,0.172520570973273
20936,0.727714650743526
20937,0.9995146650598147
20938,0.14686517580929476
20939,0.9995812858226524
20940,0.00032363161261835514
20941,0.9994325987438174
20942,0.6967276534693764
20943,0.5866234257339227
20944,0.0737371020999256
20945,0.037928335618796404
20946,0.04104360472721494
20947,0.9971943174189567
20948,0.03879429115583674
20949,0.005785514107176736
20950,0.5382407587314535
20951,0.28744414420479636
20952,0.16235914399475493
20953,0.01072018970067747
20954,0.3495123309682745
20955,0.1664679403307595
20956,0.9998880115702502
20957,0.0004313504848278759
20958,0.016477814896788467
20959,0.6039382763265944
20960,0.5548242146200688
20961,0.5567030458928167
20962,0.0036905333342744004
20963,0.29428725175176507
20964,0.983360388720358
20965,0.5584236082718368
20966,0.8934215992235973
20967,0.2597639343100143
20968,0.4832504733203213
20969,0.4885263190590542
20970,0.04793740814823886
20971,0.3101444071323856
20972,0.10540270845268407
20973,0.9994789353534381
20974,0.17463853564671858
20975,0.0025806066771835914
20976,0.9996076323529581
20977,0.0009241889963030466
20978,0.997824999522441
20979,0.9646361392058483
20980,0.013656651307069709
20981,0.39589216192373144
20982,0.1848316075485716
20983,0.04221241046755512
20984,0.03271318719628846
20985,0.019873294906600055
20986,0.09347995423480339
20987,0.8974989084040426
20988,0.9993592653552299
20989,0.7004793152426325
20990,0.019702767527705778
20991,0.0021345953068992764
20992,0.06316916838999002
20993,0.00018301290855123872
20994,0.22531883473640638
20995,0.06238353378342737
20996,0.999666508742602
20997,0.9996827555063189
20998,0.8873928649318261
20999,0.002071885354745726
21000,0.5110655237031516
21001,0.0015739384797570806
21002,0.16582223567939242
21003,0.6258627628850763
21004,0.9994444910151634
21005,0.4762087292042204
21006,0.8502259228285619
21007,0.9995771710574514
21008,0.7410711336756678
21009,0.10994920117894734
21010,0.03588254457213421
21011,0.9991962168956795
21012,0.016671002003952926
21013,0.48193236577359977
21014,0.3289005430716604
21015,0.001580494771148276
21016,0.9917456236308597
21017,0.5971047557236724
21018,0.13630041327570164
21019,0.00019947672449828125
21020,0.6479166867896229
21021,0.01020206244922491
21022,0.20169256336941438
21023,0.0001804668459114989
21024,0.06095886678628235
21025,0.7032502727714316
21026,0.9994101206118264
21027,0.10620075518851999
21028,0.12831400460967776
21029,0.8370188331304174
21030,0.6547240177895032
21031,0.06365627643445974
21032,0.20572497603818285
21033,0.171418589042319
21034,0.9379841695285877
21035,0.2345839258122967
21036,0.997824999522441
21037,0.5761323092908621
21038,0.9994166944540397
21039,0.4301077950170152
21040,4.203512731425958e-05
21041,0.6353935157601334
21042,0.9991653614104213
21043,0.17856932338333
21044,0.1434005648909649
21045,0.006486288454244902
21046,0.6251055146543624
21047,0.00010675996678327758
21048,0.7352447036816281
21049,0.13267714675394218
21050,0.3545014059935337
21051,0.0007513490380903474
21052,0.0373652759491154
21053,0.9998820318341058
21054,0.09219105197935912
21055,0.9990227853323861
21056,0.7652966643326309
21057,0.010712476724975698
21058,0.9994101206118264
21059,0.9990741039577086
21060,0.0014395446559649539
21061,0.5923600004623171
21062,7.778576385176111e-05
21063,0.010722462262772292
21064,0.25801097224162434
21065,0.028029533859563152
21066,0.2076802434553923
21067,0.7661183616568947
21068,0.5730504296892146
21069,0.8298274870489591
21070,0.04806911798043041
21071,0.23181200850073022
21072,0.8151699205119135
21073,0.9994464361554954
21074,0.9994404187745917
21075,0.9993946551473271
21076,0.00032290761510919664
21077,0.999159523880099
21078,0.0003361739020410865
21079,0.9989623536061095
21080,0.1990084336904403
21081,0.9986309627161208
21082,0.16417401742280485
21083,0.002743832069211275
21084,0.0013963219084182966
21085,0.9994301153618701
21086,0.005294211816731492
21087,0.03666834848918934
21088,0.3714317227405643
21089,0.3889603638542782
21090,0.9940468286360369
21091,0.05589382123765882
21092,0.3275524175776505
21093,0.06393011303744732
21094,0.05812653111266415
21095,0.8464096379222004
21096,0.0002181704207306065
21097,0.5481176313820687
21098,0.1741041265775685
21099,0.0007412604534987289
21100,0.9988765901701095
21101,0.4495448683425138
21102,0.0043318395407602114
21103,0.11791216676040638
21104,0.8572753100503928
21105,0.07413550496798277
21106,0.09147848428192848
21107,0.08551727327580327
21108,0.6345013956393137
21109,0.1074292954223211
21110,0.0046918833214484625
21111,0.832200125194982
21112,0.0016065918786719563
21113,0.22727783683052794
21114,0.002234725308372292
21115,0.10933997909537858
21116,0.000393337921991272
21117,0.004002290066801879
21118,0.6003738922224338
21119,0.6548369503525023
21120,0.013546279922234897
21121,0.001216909927471806
21122,0.01393562261141903
21123,0.4507751050813109
21124,0.04208946445024549
21125,0.6698463719896941
21126,0.8258866431825497
21127,0.028227463520944858
21128,0.8841297072872565
21129,0.5300925536100672
21130,0.33621453557525155
21131,0.9995885427873724
21132,0.11577662249819563
21133,0.9922409782750737
21134,0.46324359969302104
21135,0.008198211919968845
21136,0.0736200855733301
21137,0.9995235636184652
21138,0.002755043247385665
21139,0.004745062640674838
21140,0.0011563549557904271
21141,0.5472314537159085
21142,0.0066099761494083295
21143,0.0007784816195750729
21144,0.46481252365083536
21145,0.0001526109602255033
21146,0.001255050719719148
21147,0.0032250963165463453
21148,0.9993893043710196
21149,0.29905147329113463
21150,0.9013476014000318
21151,0.8327411954596392
21152,0.9998515250920467
21153,0.9993845371374421
21154,0.002979862792574722
21155,0.9996987430202705
21156,0.43549947980642656
21157,0.00665239753626654
21158,0.005407840727263512
21159,0.011076656061488332
21160,0.14845158025413796
21161,0.9997954891422282
21162,0.006304179071127469
21163,0.7741538621564931
21164,0.0515925581729481
21165,0.009712799516136003
21166,0.14036047247084646
21167,0.23299386444730075
21168,0.30003491699500195
21169,0.9969523955216912
21170,0.02176342020554823
21171,0.05041102626351379
21172,0.5749953449951192
21173,0.07749299924720796
21174,0.08908635359123857
21175,0.01827301629464075
21176,0.07636673443103267
21177,0.0026567035261245817
21178,0.02554822578584803
21179,0.08817940896505345
21180,0.07316433497146622
21181,0.28169393735486536
21182,0.0335984679347086
21183,0.999928653168066
21184,0.05854946372118277
21185,0.37227667443052453
21186,0.03588903545137233
21187,0.04683441092594663
21188,0.16881948454657617
21189,0.007341714703386714
21190,0.0034798922187540596
21191,0.017170122896364073
21192,0.8774494449404486
21193,0.0009273811513647845
21194,0.9992469729744117
21195,0.18922881437512917
21196,0.8407877203988241
21197,0.5000467298643556
21198,0.9998722810458123
21199,0.01646044814074063
21200,0.003834812196110191
21201,0.0003991603349573578
21202,0.07146438628645967
21203,0.08649545963628827
21204,0.07473969318327126
21205,0.002989245354201422
21206,0.824670314370769
21207,0.0830842410783826
21208,0.00647385944925543
21209,0.7822356893705744
21210,0.720806556679938
21211,0.9980082177089993
21212,0.09798958613323756
21213,0.06229988596209812
21214,0.5349383717082099
21215,0.24947992102278688
21216,0.6687362836527286
21217,0.02569213628295013
21218,0.9998775516105993
21219,0.10283214949474642
21220,0.2520460058641998
21221,0.024130884722256003
21222,0.9123891524467885
21223,0.19167319134698566
21224,0.02274036945822219
21225,8.296312169351842e-05
21226,0.02556059294709355
21227,0.23890555700418556
21228,0.3024651271815609
21229,0.006955458709193886
21230,0.011257555677435267
21231,0.09813132401211337
21232,0.011178336456452642
21233,0.00042959553072830577
21234,0.050122892699288484
21235,0.015176868610934634
21236,0.0003636656640244408
21237,0.6811532356462221
21238,0.33385949195081505
21239,0.0026433458741405447
21240,0.2297781325291554
21241,0.059087424695446825
21242,0.037911782803847494
21243,0.9996659992957596
21244,0.626206338606847
21245,0.9997420114778351
21246,0.4674644004672724
21247,0.411331292182309
21248,0.35984884570541986
21249,0.00021727197073637103
21250,0.49663096797718664
21251,0.8877545873774071
21252,0.0016124933197691955
21253,0.7771560207712594
21254,0.025104498302221293
21255,0.2449317713587779
21256,0.7199861376388147
21257,0.00015926035184367178
21258,0.007336908888091863
21259,0.0026775079641959223
21260,0.0011089844817482677
21261,0.2596016586716703
21262,0.47632819584195635
21263,0.5252872269295052
21264,0.00554284537100626
21265,0.00024067527558235176
21266,0.5264692042281014
21267,0.9995522735235086
21268,0.07873254228635926
21269,0.001323945241572526
21270,0.005127494668360607
21271,0.16848424764737174
21272,0.565322282489211
21273,0.42680130494643514
21274,0.0248823121283033
21275,0.18040561536652466
21276,0.6846672782742524
21277,0.13756891429581675
21278,0.3298674959272443
21279,0.8916122998908897
21280,0.9927466368014384
21281,0.4075157125824082
21282,0.9999178633454556
21283,0.0036154958979772436
21284,0.04456097597928472
21285,0.1409920550131695
21286,0.2969186415081651
21287,0.698979365779173
21288,0.9992107052886467
21289,0.9998392708859609
21290,0.9998485534381465
21291,0.23199769896833775
21292,0.00016747058163250168
21293,0.022714795526357686
21294,0.10655487838877384
21295,0.057061824213673666
21296,0.6537704864068807
21297,0.011374284703746605
21298,6.586593643542743e-05
21299,0.003991631372903296
21300,0.015091900091828845
21301,0.0553294589417293
21302,0.0003115267142376282
21303,0.01072630020075361
21304,0.09748445814050868
21305,0.0028413701046651396
21306,0.35368411285774987
21307,0.17507037899385733
21308,0.6883464511255887
21309,0.4737667490869137
21310,0.020128750893714093
21311,0.9993653030443082
21312,0.6096344525739512
21313,0.02274036945822219
21314,0.02911147249335207
21315,0.002159859353133994
21316,0.006773173536609922
21317,0.008044117448008247
21318,0.1945725883483438
21319,0.0047078525863185625
21320,0.0049731104168558495
21321,0.28792046536365556
21322,0.05759621579312883
21323,0.9992469729744117
21324,0.14006542616306367
21325,0.2291343469201536
21326,0.9980210232106138
21327,0.8172667331646482
21328,0.0023704209619595253
21329,0.9991962168956795
21330,0.9994644339016382
21331,0.13534617316101388
21332,0.3522860927794398
21333,0.010551083227725052
21334,0.2725758269684058
21335,0.035347660158853
21336,0.13606098387181226
21337,0.05032294550948103
21338,0.9078873040539387
21339,0.008626983073079792
21340,0.03012054782036708
21341,0.21493285207954918
21342,0.40194088473788536
21343,0.586724687265468
21344,0.02674460239560645
21345,0.6428383949959005
21346,0.9988062019717949
21347,0.9998425195083814
21348,0.8312827549709991
21349,0.0004791624218631161
21350,0.3495639674098141
21351,0.5847656346996788
21352,0.49340252076670515
21353,0.28990201244344643
21354,0.14407514255803258
21355,0.9993470371559119
21356,0.014164769488037696
21357,0.731935014223794
21358,0.9998403042141668
21359,0.16834134452020572
21360,0.011877897258545388
21361,0.9997954891422282
21362,0.23995142014302562
21363,0.0019368407747095018
21364,0.29329394290232397
21365,0.003220367674974639
21366,0.13121259626340134
21367,0.016258406695604504
21368,0.9998590404161949
21369,0.7810523699483602
21370,0.7634898742447704
21371,8.174350455999018e-05
21372,0.0017768700009141189
21373,0.9994763756426599
21374,0.8849556791453146
21375,0.29878442726745613
21376,0.9211031154454536
21377,0.9980693658152715
21378,0.9995506199595076
21379,0.7310038293216292
21380,0.0096111311342716
21381,0.5754250466109132
21382,0.5646186748101587
21383,0.9383316470309273
21384,0.00035559637343456725
21385,0.045076232308713084
21386,0.999663355347956
21387,0.004012694179984253
21388,0.9994049153915541
21389,0.11288443687277014
21390,0.3590310376975786
21391,0.001452975351108442
21392,0.3154840886315359
21393,0.005311870397644662
21394,0.6388053124088431
21395,0.1105417097399
21396,0.42156872713722654
21397,0.5046211005000056
21398,0.08497798686901718
21399,0.034494902914023545
21400,0.8792147300304689
21401,0.00040574484313927155
21402,0.2328146409827069
21403,0.0003005984864230743
21404,0.05796342380378637
21405,0.15271130720661
21406,0.9917456236308597
21407,0.1821177766600299
21408,0.021598024269658747
21409,0.0035439559313713443
21410,0.027559572353041538
21411,0.9985307457099508
21412,0.8129377746991708
21413,0.052307749887643785
21414,0.6696155858388665
21415,0.6490774472563737
21416,0.6032522173821376
21417,0.09135511822036467
21418,0.36829586583045276
21419,0.06526023412606909
21420,0.00029715633413952846
21421,0.08717812514358149
21422,0.0336415495452076
21423,0.0003118039392508404
21424,0.004882125936268895
21425,0.23213994453951858
21426,0.4416942149283178
21427,0.24295472226792583
21428,0.2837375839585038
21429,0.000825484698791172
21430,0.9999093049896255
21431,0.999542288677003
21432,0.9996888427909272
21433,0.15396762643812487
21434,0.9994644848094774
21435,0.04636984095915623
21436,0.01179151546862757
21437,0.6427470979518254
21438,0.0035337287833987017
21439,0.7194758637592381
21440,0.9977409470153725
21441,0.03145983732585678
21442,0.0003528678807515952
21443,0.6766612630922275
21444,0.0764426413645065
21445,0.5910046230217827
21446,0.00014877723695647625
21447,0.5753898671839112
21448,0.8964054401807817
21449,0.6251357667594251
21450,0.9999687009779872
21451,0.597754617919826
21452,0.27764199156929215
21453,0.01298830440344415
21454,0.09516467232901017
21455,0.00471821152857874
21456,0.00011370814451865456
21457,0.08783896059158443
21458,0.0002642837087239891
21459,0.01623854983448511
21460,0.11585308644992023
21461,0.1970961209795353
21462,0.45866240770858124
21463,0.012364891488184857
21464,3.891128258160676e-05
21465,0.544588439584403
21466,0.00014875034723404174
21467,0.0797417490554002
21468,0.0002665816687030716
21469,0.12324337001508263
21470,0.04957140329952932
21471,0.001019025636788125
21472,0.40705043664865304
21473,0.9998485534381465
21474,0.09658441571590373
21475,0.9997088001240203
21476,0.00026646121468620274
21477,0.7858695751326387
21478,0.0006334141292733048
21479,0.07451071746227769
21480,0.09542426702751541
21481,0.0810958271621663
21482,0.17992111248802511
21483,0.004498503781621339
21484,0.7801585995199127
21485,0.05623266058965957
21486,0.44729652438051276
21487,0.06765263611328262
21488,0.0013805677823432875
21489,0.03106432262967491
21490,0.03079077485739242
21491,0.4355647709441004
21492,0.9986514783417707
21493,0.8945093558819922
21494,0.9994542939190878
21495,0.046659854122748506
21496,0.9998459503235576
21497,0.02356970802439832
21498,0.3348876334530993
21499,0.590424488794161
21500,0.19393276894779832
21501,0.19240916058324203
21502,1.614848465338025e-05
21503,0.255330395987406
21504,0.05595822575438128
21505,0.6489628887442949
21506,0.0273386333468129
21507,0.06698479481118998
21508,0.0004733297952491993
21509,0.9995685967564789
21510,0.011746007232439952
21511,0.6679617844036941
21512,0.0008727764186548299
21513,0.1165392592107139
21514,0.008426127064271075
21515,0.37761771523806736
21516,0.6725251940817644
21517,0.8058241870590457
21518,0.07637323735517858
21519,0.9995122682052562
21520,0.0004053133705524628
21521,0.9595616295256243
21522,0.0031106860102416505
21523,0.08765278249174754
21524,0.6592043736353856
21525,0.0012418189829412252
21526,0.0004050631903694151
21527,0.39052404701772775
21528,0.0002678803208823696
21529,0.011987997110442829
21530,0.011875142007031157
21531,0.021373269274014114
21532,0.532651813642859
21533,0.09735633699653178
21534,0.008859030653387676
21535,0.01048454636675774
21536,0.3251137002706548
21537,0.9998080998309002
21538,0.0029390262269382217
21539,0.3432463384855154
21540,0.658796038081357
21541,0.005581154238297496
21542,0.1759098403370881
21543,0.005455656189285075
21544,0.93763497714935
21545,0.0011896647031612848
21546,0.0007753791523163669
21547,0.31286086844038635
21548,0.4493748771524034
21549,0.031011731356861146
21550,0.009589996686458794
21551,0.0001802546417641665
21552,0.10019225770654658
21553,0.9991962168956795
21554,0.5565195404765058
21555,0.0002705086162186657
21556,0.999662296998525
21557,0.472649228700794
21558,0.010797873913017834
21559,0.002909394496226288
21560,0.03476136024355527
21561,0.9583911492312277
21562,0.023767062468436014
21563,0.6793582667423148
21564,0.004464725744279393
21565,0.627907246605561
21566,0.001932011655404159
21567,0.7923215513987357
21568,0.0027850393410760047
21569,0.3264686776456868
21570,0.3846800323155203
21571,0.6132156865871725
21572,0.360870841173728
21573,0.23261185336897608
21574,0.004559782143263876
21575,0.0022931772283723666
21576,0.7853735443482922
21577,0.9946144522047907
21578,0.9997362878451241
21579,0.0244319015460519
21580,0.021431799412789183
21581,0.18145607510870057
21582,0.9953442003352169
21583,0.008828901252170932
21584,0.07950352101160607
21585,0.3447980638763606
21586,0.001898421634136103
21587,0.32784618811493155
21588,0.0018472845361236945
21589,0.9996497955147784
21590,0.036371692561254276
21591,0.15213737741782654
21592,0.10458408821258751
21593,0.999618349803085
21594,0.15683203954082947
21595,0.21427511779578148
21596,0.17443156023475864
21597,0.9997973281153908
21598,0.005710382067371291
21599,0.0599191777463205
21600,0.4790660789843428
21601,0.22722143580424425
21602,0.0014364192388270603
21603,0.4752742874053715
21604,0.7315030149772184
21605,0.8288762319872099
21606,0.9088037348909852
21607,0.0031635326638032777
21608,0.10024892945103701
21609,0.9992568739925147
21610,0.00019704237031561972
21611,0.999439608394079
21612,0.5350415019129366
21613,0.00040173606486627845
21614,0.9997718608303992
21615,0.02706972852694896
21616,0.02281517709546688
21617,0.9996346301003036
21618,0.7350337118880318
21619,0.029968483742723803
21620,0.18455444896399434
21621,0.9994854666531104
21622,0.31842267734050644
21623,0.9994348347441976
21624,0.011770174458760949
21625,0.027899121859719933
21626,0.9993900675133923
21627,0.0008865261323782725
21628,0.0008926438390137959
21629,0.021225605715373335
21630,0.0667209127536439
21631,0.009455522886735816
21632,0.19334494327497853
21633,0.9993743977342137
21634,0.11625123102336501
21635,0.999501290860801
21636,0.8665116974419121
21637,0.7514009128288369
21638,0.00016879448721357382
21639,0.2663203360717957
21640,0.9596220245947151
21641,0.23084562857448646
21642,0.00150425271327736
21643,0.999872647694275
21644,0.002639134300390158
21645,0.07929850461724657
21646,0.5457196138331675
21647,0.0006057594766660797
21648,0.01675701219881958
21649,0.008736909967671725
21650,0.0012952107451710574
21651,0.0006644315125363413
21652,0.9996854115255226
21653,0.594658400425019
21654,0.9997420114778351
21655,0.0038010163329054492
21656,0.00739629372462211
21657,0.9998950502642967
21658,0.9999226683110549
21659,0.000305941364417618
21660,0.2373407067893436
21661,0.2799918919902801
21662,0.9993644350320543
21663,0.010299952607996004
21664,0.617006776136166
21665,0.27686338175487124
21666,0.00029742730732354244
21667,0.9986642764982245
21668,0.010111359116801414
21669,0.004397895186939164
21670,0.7306438752206778
21671,0.9994436473128939
21672,0.0009409985355916779
21673,0.0020398538606251023
21674,0.016266973368233965
21675,0.05018953970162589
21676,0.010186965713229086
21677,0.9993755087520922
21678,0.21474580737486082
21679,0.999655097776241
21680,0.004543085874685529
21681,0.5536623585767217
21682,0.7074953762340594
21683,0.9427589061589357
21684,0.006538622137118693
21685,0.13054146902997865
21686,0.03273235058300813
21687,0.29836878717840143
21688,0.006421448825076842
21689,0.08233809605356528
21690,0.2001659280264426
21691,0.6132959998273079
21692,0.011843608877572324
21693,0.002725965307824709
21694,0.6297741430661334
21695,0.016518707852765078
21696,0.019803670513276396
21697,0.16578082740789502
21698,0.0009545008336437375
21699,0.7140563038201113
21700,0.006816363081685381
21701,0.0004942922353779515
21702,0.024900741958860072
21703,0.05457058801753823
21704,0.04885213659811646
21705,0.9996617449573088
21706,0.8081583975103428
21707,0.7104760231398679
21708,0.04922644320415782
21709,0.20424758474223847
21710,0.0003686532529625137
21711,0.8850271218748146
21712,0.007780301115872426
21713,0.9997470810732246
21714,0.9993687323916886
21715,0.019906983388153186
21716,0.18282087554934912
21717,0.1367832472387071
21718,0.5354094758167336
21719,0.9997898641128934
21720,0.9996970743405839
21721,0.17788544704730075
21722,0.027479648941755513
21723,0.06569691389771096
21724,0.9092118061130695
21725,0.016975617222148725
21726,0.8719980486711894
21727,0.9996351704568036
21728,0.9990367231799616
21729,0.5267081767390873
21730,0.9993380993588648
21731,0.4932659281453953
21732,0.0005778542115966777
21733,0.264398663811804
21734,0.43964485962959343
21735,0.07459889530680734
21736,0.0037742108818976366
21737,0.10822097632179335
21738,0.9991962168956795
21739,0.13313946324991233
21740,0.3021877426066063
21741,0.4093948687110303
21742,0.5225005605878917
21743,0.00027867920340616967
21744,0.3031823100241219
21745,0.18254165952761767
21746,0.38873132006218597
21747,0.0053333010540623825
21748,0.7740971621686029
21749,0.40936172379277985
21750,0.11414057686599566
21751,0.9947625074792417
21752,0.010096566198406149
21753,0.0009279516117659256
21754,0.631894407071873
21755,0.22998210392895008
21756,0.002075400118478221
21757,0.47177268517175913
21758,0.04910123083139171
21759,0.056098477122182
21760,0.010779723334524227
21761,0.596276027217073
21762,0.6869972261258428
21763,0.03542775992321238
21764,0.003617070174260636
21765,0.008811526052237362
21766,0.9997542609426419
21767,0.9994789353534381
21768,0.23847208446023038
21769,0.07377363796560657
21770,0.8153196603074742
21771,0.0046959020137804005
21772,0.8793712456372045
21773,0.047745255440606885
21774,0.0005756624731062791
21775,0.0059557899603021195
21776,0.00019306325169951208
21777,0.037936820620325266
21778,0.7646975581579604
21779,0.4518457957950657
21780,0.0022828549291511522
21781,0.004479806466296514
21782,0.02282228094365292
21783,0.7422868440053987
21784,0.3672032993624016
21785,8.367097379374302e-05
21786,0.7753469060085657
21787,0.49210830250810944
21788,0.0009492945306043057
21789,0.14079642379116328
21790,0.2878674730222821
21791,0.8137063852898286
21792,0.05704342604481381
21793,0.2603456668211457
21794,0.9996077875480384
21795,0.08667974257987182
21796,0.07914565733641393
21797,0.014052032691901332
21798,0.9986514783417707
21799,0.025716273682985194
21800,5.1283063102961485e-05
21801,0.011926609233368817
21802,0.00014864560529473692
21803,0.9987455820478505
21804,0.48472592095920675
21805,0.07786829673090696
21806,0.06066136876358845
21807,0.003206168594590884
21808,0.04754829924921977
21809,0.018441163089348737
21810,0.12940737439527852
21811,0.00425468840787623
21812,0.02266323558377248
21813,0.8374187180335078
21814,0.9993692796144571
21815,0.007583918955902402
21816,0.0900381847927105
21817,0.8833655938767744
21818,0.031294615841864416
21819,0.4692942984159094
21820,8.111853663152805e-05
21821,0.33504387530881713
21822,0.00028500255095085863
21823,0.029195865973218247
21824,0.01193817637855921
21825,0.9994307142201256
21826,0.12210734774390686
21827,0.544588439584403
21828,0.3197808017697952
21829,0.8464096379222004
21830,0.2418157443277754
21831,0.012633242827725414
21832,0.030132614728789524
21833,0.5541173938632599
21834,0.2516709146881066
21835,0.2546866546027298
21836,0.6810122179649333
21837,0.5796844863466647
21838,0.04079226477608753
21839,0.002897510209381706
21840,0.00013674772466895405
21841,0.8828062658748602
21842,0.0012952107451710574
21843,0.16857258161881958
21844,0.26660803319267035
21845,0.6555473588776116
21846,0.041387016158277834
21847,0.02020751342756574
21848,0.05285098090710266
21849,0.9433473030719965
21850,0.16861554820226582
21851,0.010576078825466337
21852,0.3624479385041144
21853,0.07978801006983458
21854,0.02338567719074112
21855,0.9995467308688301
21856,0.3698367867660852
21857,0.44551781637647603
21858,0.01692796715222068
21859,0.3306415878243045
21860,0.000165319147576353
21861,0.02155963889904539
21862,0.006353642785797574
21863,0.017382517009773498
21864,0.24454402079170842
21865,0.24642358995633873
21866,0.9993922570533871
21867,0.9992288161683796
21868,0.9988226469720417
21869,0.9990692969893158
21870,0.7820432711157471
21871,0.9997938879477025
21872,0.7158572136240352
21873,0.7593406804200914
21874,0.03779278547802563
21875,0.09401998011352768
21876,0.006664595765260398
21877,0.5390078157911918
21878,0.010397684992922403
21879,0.7210410877732657
21880,0.20954068708323048
21881,0.31113784418245977
21882,0.07501523401882496
21883,0.7942322644235253
21884,0.6649900068304622
21885,0.06269419960377634
21886,0.7835657187035633
21887,0.005753276666515603
21888,0.1222026052943882
21889,0.40376056368814073
21890,0.523967010040499
21891,0.9991962168956795
21892,0.010477297928113038
21893,0.012858720498511703
21894,0.3106358387897222
21895,0.9995012340096324
21896,0.6659524358458351
21897,0.2205386807584747
21898,0.9023609305061855
21899,0.013173927172361054
21900,0.9298219923011861
21901,0.3087596233941575
21902,0.007132222921915082
21903,0.9986527996402734
21904,0.7661902615027151
21905,0.2873915524409663
21906,0.007080728111543886
21907,0.9103963630378396
21908,0.01588363010973919
21909,0.5947995208265007
21910,0.3163142180810706
21911,0.07410235671506904
21912,0.8672192478555248
21913,0.25247328187345175
21914,0.2997225051824862
21915,0.15171936821617862
21916,0.10300840700859641
21917,0.9099608276248985
21918,0.16576759553383397
21919,0.015298628199398548
21920,0.9996559828071766
21921,0.001932011655404159
21922,0.03971342676477551
21923,0.9992518355812018
21924,0.2888224455597109
21925,0.018500211990466357
21926,0.0018923240369950946
21927,0.029565322861417383
21928,0.08671271096939111
21929,0.9333187190495525
21930,0.006279591416183372
21931,0.792497551609724
21932,0.444215509489411
21933,0.016706772686098933
21934,0.7580892214907363
21935,0.9950040854311272
21936,0.0953769810489004
21937,0.12791844924929094
21938,0.2798656164419415
21939,0.004762571825501778
21940,0.003290526004572954
21941,0.02005838566700353
21942,0.000815082598017391
21943,0.04310100620153449
21944,0.19248438135061663
21945,0.00050794726918009
21946,0.9998758228363259
21947,0.01734238075127938
21948,0.030068523080548682
21949,0.9970332874534485
21950,0.9991539098851329
21951,0.9993587101503324
21952,0.999273543231074
21953,0.009479512694740051
21954,0.9997200370754277
21955,0.03357583345005031
21956,0.9997372040350673
21957,0.06700832618531927
21958,0.00017986609786182055
21959,0.00040484545327558935
21960,0.17976688075172295
21961,0.009088844019652589
21962,0.7942322644235253
21963,0.27996295366518215
21964,0.9986514783417707
21965,0.7557245763987713
21966,0.00471294454890402
21967,0.08695613246540618
21968,0.5406325440002159
21969,0.07600674219664647
21970,0.021425410223193702
21971,0.34757548681732137
21972,0.003139287076350123
21973,0.00036855538249172304
21974,0.9461362805463307
21975,0.3275762533500577
21976,0.12831400460967776
21977,0.8595673446547728
21978,0.5541567988341489
21979,0.874264061129749
21980,0.02532963554569796
21981,0.32867967183005115
21982,0.770862959980703
21983,0.6641321976438777
21984,0.25400118807384336
21985,0.17227316050939892
21986,0.1467627212618796
21987,0.817216605719982
21988,0.2875995510880533
21989,0.0004590994807118498
21990,0.5230688032961871
21991,0.8934215992235973
21992,0.9981807871096826
21993,0.4780540450113973
21994,0.9995976733969801
21995,0.03411406189306166
21996,0.5373775827952936
21997,0.028521119480978473
21998,0.005419531241365521
21999,6.631904706583428e-05
22000,0.38232873892445035
22001,0.0013225866590621303
22002,0.022187085128039
22003,0.019759059803357848
22004,0.7946699444925115
22005,0.11098802750920508
22006,6.66783478867853e-05
22007,0.00036146757826083264
22008,0.10559401754937028
22009,0.8077973070644534
22010,0.815122988274953
22011,0.45797957926875127
22012,0.31755107532697935
22013,0.05486576590776733
22014,0.9994789353534381
22015,0.809699994216044
22016,0.0002927453893037794
22017,0.99926312994237
22018,0.1853191546155251
22019,0.04173110543278499
22020,0.02220307120356137
22021,0.06490658651923983
22022,0.08437131950980795
22023,0.9996888885956283
22024,0.00027667167379153643
22025,0.3830692789604252
22026,0.7705604032001302
22027,0.00015159934685618953
22028,0.2139548640200763
22029,0.02384520593271226
22030,0.99803549181265
22031,0.9996196310730281
22032,0.005072862119110098
22033,0.4190305363623082
22034,0.0003334127797343651
22035,0.6198556814480795
22036,0.14609123943606317
22037,0.07997215155018489
22038,0.8448010845198943
22039,0.592119777602012
22040,0.999536836726719
22041,0.014894336556724253
22042,0.9995024380328671
22043,0.04058554222783931
22044,0.0005415623569010945
22045,0.00636236958871061
22046,0.9995012340096324
22047,0.009774165723148962
22048,0.9994657175692135
22049,0.019104309093139434
22050,0.003773181352630118
22051,0.3112760665611886
22052,0.8926606880231186
22053,0.45901309943515706
22054,0.931656864921037
22055,0.6538348042745135
22056,0.01345880108095651
22057,0.23234527772819175
22058,0.00033101626642770716
22059,0.7640915541855091
22060,0.33934956846498054
22061,0.0005758357349114186
22062,0.9603381624974574
22063,0.999577562713824
22064,0.04507875438199182
22065,0.025981699073609834
22066,0.9988226469720417
22067,0.03283479663561874
22068,0.02125784370483115
22069,0.6614362823740294
22070,0.005062069934244611
22071,0.004026069264669596
22072,0.47120813091512537
22073,0.0003928619162990042
22074,0.031929802669905735
22075,0.00047033381786298125
22076,0.00033717766440981983
22077,0.8889309338349384
22078,0.009883796110597382
22079,0.16729260309783245
22080,0.7625691156990918
22081,0.005824129509971884
22082,0.9997718608303992
22083,0.024332153533928584
22084,0.9998218482123312
22085,0.052345306973890476
22086,0.00100543369961719
22087,0.6591971955041817
22088,0.7867216802335263
22089,0.9192016442283982
22090,0.1587136928027411
22091,0.07088863248607838
22092,0.9993592653552299
22093,0.6712787535355204
22094,0.06091461757392588
22095,0.00037496053147091705
22096,0.014656544795332028
22097,0.31549617382936673
22098,0.10446245701197579
22099,0.0014351383836262422
22100,0.0007285818652257409
22101,0.9991539098851329
22102,0.6127139756591166
22103,0.01164088134895858
22104,0.08284423872405355
22105,0.007984328303721153
22106,0.02427750380590448
22107,0.5107286370880253
22108,0.8966597436303033
22109,0.1710219851656955
22110,0.3934223979413528
22111,0.9997272944390846
22112,0.7526795127463882
22113,6.858518275830213e-05
22114,0.9749302338509747
22115,0.017941099312737883
22116,0.9974852966895053
22117,0.6081781301268264
22118,0.2523869007074266
22119,0.3702249101509181
22120,0.00013169253951034475
22121,0.8370188331304174
22122,0.010975996549015071
22123,0.009922367126838133
22124,0.3391076505460508
22125,0.6870253221600263
22126,0.010053562176377323
22127,0.9441955227981201
22128,0.007576251730339949
22129,0.8283472126089794
22130,0.02727455573362439
22131,0.0009939072691419874
22132,0.42348983573406673
22133,0.00017240461516409907
22134,0.00706996284643411
22135,0.6554269420106025
22136,0.9885786943791951
22137,0.1905712767213174
22138,0.4344239028640285
22139,0.00034772079586782985
22140,0.9378308052554843
22141,0.7867294164474417
22142,0.5277484235570252
22143,0.08671271096939111
22144,0.33114942612137477
22145,0.9995166592689971
22146,0.788183919169241
22147,0.12728473584784825
22148,0.0014891127640196827
22149,0.30071438970527925
22150,0.5016172332533442
22151,0.00031371355850343694
22152,0.01442683969243062
22153,0.05997607319787258
22154,0.05251596855423561
22155,0.06505656293685276
22156,0.13660834168107686
22157,0.03690748660206677
22158,0.533937497227275
22159,0.00042064768756629113
22160,0.46284079769047415
22161,0.544588439584403
22162,0.032325404933893714
22163,0.013890019683302815
22164,0.11804422115573719
22165,0.28117675134230335
22166,0.6640233548537517
22167,0.00012818302988770372
22168,0.7207691456924231
22169,0.0003855677367433785
22170,0.03550074825229468
22171,0.8943138519783103
22172,0.008557620817177928
22173,0.4344557971873008
22174,0.01614536132218805
22175,0.927224313741279
22176,0.1285340402560871
22177,0.6510768240666841
22178,0.3673484094240665
22179,0.9997310489340865
22180,0.5770113871359782
22181,0.0014684137322918203
22182,0.018610768194183225
22183,0.0030083205836365593
22184,0.11865798628340297
22185,0.012390741068869325
22186,0.5972963660604113
22187,0.21503090743109077
22188,0.040640612473978016
22189,0.04910501371318499
22190,0.08619120348606235
22191,0.9991539098851329
22192,0.22723064788853473
22193,0.6990625403916466
22194,0.0036286718817957427
22195,0.09249815304918847
22196,0.5860630801000624
22197,0.9991962168956795
22198,0.00038233076736157186
22199,0.6903743419063108
22200,0.9212345148626385
22201,0.9998626501846146
22202,0.5131602544706652
22203,0.9997492585667325
22204,0.9595616295256243
22205,0.006740477174152082
22206,0.9995294438640827
22207,0.00027544691265649816
22208,0.00020535773228174352
22209,7.46938642037724e-05
22210,0.13226923196077361
22211,0.8305779199826406
22212,0.009126613982148075
22213,0.21225253175070877
22214,0.9994166944540397
22215,0.20647171780066628
22216,0.9982154673593121
22217,0.014885809908815235
22218,0.0682390017917564
22219,0.007492424991815625
22220,0.9551029005579884
22221,0.02636383912854924
22222,0.38611640702552963
22223,0.38581125918874465
22224,0.2284363925825146
22225,0.0013532841179832414
22226,0.0007098219514411632
22227,0.8158411456366969
22228,0.0023404905387578202
22229,0.828173371296159
22230,0.7838494910761968
22231,0.02402105714935898
22232,0.9996507589277797
22233,0.0002090374631559828
22234,0.1615830999359735
22235,0.11319571569936447
22236,0.0008491196684468054
22237,0.00838527547369261
22238,0.11445407813500624
22239,0.008988336226843013
22240,0.2616221350171149
22241,0.039275993385512735
22242,0.539714673691738
22243,0.14209528465598564
22244,0.053483047124906424
22245,0.23853522333145993
22246,0.999001150458474
22247,0.0009518848726525787
22248,0.26483013820840745
22249,0.8550116375868261
22250,0.012184658485546944
22251,0.4141034813613347
22252,0.8304708924394407
22253,0.9996087154953991
22254,0.1497849373974993
22255,0.7495053586511834
22256,0.6179352428660954
22257,0.2927470368624981
22258,0.9994604115714957
22259,0.008593722954767843
22260,0.12777765250644837
22261,0.004986978334330975
22262,0.20634864819423807
22263,0.8061615552251319
22264,0.026348974269438694
22265,0.8208070920329444
22266,0.021408611714168115
22267,0.7787848496571109
22268,0.005178220700010183
22269,0.8230255095944349
22270,0.23610922460953748
22271,0.0005288520266664743
22272,0.004577456102898211
22273,0.13885965196509711
22274,0.01183640400254098
22275,0.7363956201742545
22276,0.9981211883832052
22277,0.23833660404871274
22278,0.9997898641128934
22279,0.4932659281453953
22280,0.015566565164583848
22281,0.19796485341528255
22282,0.0002571759559482284
22283,0.7477886246857235
22284,0.005625965398005403
22285,0.9992469729744117
22286,0.0004617409057225222
22287,0.10603262531140374
22288,0.2547590767235058
22289,0.6226679103917517
22290,0.8490308773956642
22291,0.016323865255932702
22292,0.9996076323529581
22293,0.13086446665862772
22294,0.35085332117245815
22295,0.8081084307379431
22296,6.62127513334898e-05
22297,0.10709506092039216
22298,0.003475315184601781
22299,0.9071553004517894
22300,0.32934105922614587
22301,0.04714286663292538
22302,0.9990290168414406
22303,0.7402719638251236
22304,0.6280094628817267
22305,0.7797625860360712
22306,0.33629152538205853
22307,0.31364662829866075
22308,0.003749286507863074
22309,0.002860505361490372
22310,0.026063423452300487
22311,0.4467452559275623
22312,0.12432160172495384
22313,0.9996586581850594
22314,0.9043574641315079
22315,0.05361685688476871
22316,0.5830041071096707
22317,0.06744171486253286
22318,0.004289498678414319
22319,0.03570403970082354
22320,0.0011679805265604327
22321,0.17586536230971017
22322,0.6550747283719556
22323,0.00029905642202327556
22324,0.8220281025998618
22325,0.9994154954226879
22326,0.6749850294661874
22327,0.6292396778704488
22328,0.21033304967669725
22329,0.001120689153080891
22330,0.03346582115475202
22331,0.00040716409661902247
22332,0.012024179450630123
22333,0.054389605777259646
22334,0.0060364622668852555
22335,0.9003424170726062
22336,0.00010731047427410916
22337,0.047113766693605195
22338,0.4769072264642576
22339,0.9996732551030839
22340,8.084104382394318e-05
22341,0.007332612534594592
22342,0.3181852110372165
22343,0.008690506011765653
22344,0.9999226683110549
22345,0.11797575288803147
22346,0.7994115717868825
22347,0.9723655854232938
22348,0.9992934609248831
22349,0.9985273067204016
22350,0.7130038440264728
22351,0.45562642241656554
22352,0.00025213599867291917
22353,0.387816343470778
22354,0.7279728315556687
22355,0.015675186716690454
22356,0.08645760185493252
22357,0.19510422416319842
22358,0.8705939394296829
22359,0.008540816054388577
22360,0.9998459503235576
22361,0.032800171970245796
22362,0.11425334625958362
22363,0.0010011365011458181
22364,0.4530512522737568
22365,0.09721731907725106
22366,0.888313337856411
22367,0.11942760122243884
22368,0.20906965852499473
22369,0.47510818192906124
22370,0.29122253429451134
22371,0.07851597130197213
22372,0.12928973454116616
22373,0.9993755087520922
22374,0.4659209610762284
22375,0.9996066326360069
22376,0.19344366472437308
22377,0.0045134943150492626
22378,0.9470288021252862
22379,0.013065371599251419
22380,0.016751840001185153
22381,0.00010569778123622906
22382,0.7037320250575809
22383,0.07856243284770344
22384,0.17522072081491744
22385,0.9998994357435946
22386,0.2710208969228712
22387,0.05443122541790328
22388,0.8105340023883449
22389,0.5242689065420433
22390,0.9993587101503324
22391,0.17305646583819773
22392,0.013519589990160324
22393,0.09904100897659089
22394,0.004785115742291521
22395,0.1477665183023574
22396,0.0073599918332028945
22397,0.39624050424266605
22398,0.02599069371815198
22399,0.9994430364148694
22400,0.7500386328570157
22401,0.9350275528202815
22402,0.8286910255878125
22403,0.22698659432884885
22404,0.056556552697423323
22405,0.9995267084446613
22406,0.035894329884780196
22407,0.020971429507486705
22408,0.9995812858226524
22409,0.012653757280394464
22410,0.028786365088714665
22411,0.017941099312737883
22412,0.0004384021276620517
22413,0.0003830475551105943
22414,0.7923834172644573
22415,0.9971471884720711
22416,0.9993687323916886
22417,0.004285734671087539
22418,0.7042593526750138
22419,0.3597199657479842
22420,0.008497192656239686
22421,0.9996196310730281
22422,0.2754850578851016
22423,0.0756574351714496
22424,0.8094593053320263
22425,0.003517598529482485
22426,0.0010384929337188137
22427,0.9994572711592885
22428,0.7271740331235131
22429,0.9996064106916975
22430,0.00045032624969068314
22431,0.0035543201413731425
22432,0.9996107328422593
22433,0.31534145788562634
22434,0.006220701374551696
22435,0.9995902950037853
22436,0.001829196164314095
22437,0.3193843875930796
22438,0.9997200370754277
22439,0.9998253844759325
22440,0.9953442003352169
22441,0.001262929493030258
22442,0.9418318444589586
22443,0.15351154846401358
22444,0.9993701379664514
22445,0.14539385098299587
22446,0.4283633847604025
22447,0.3852664488862338
22448,0.3703670734804537
22449,0.8965773805846096
22450,0.9999535310851411
22451,0.05466471656632701
22452,0.002580457504864056
22453,0.02076373698816865
22454,0.9997802738009056
22455,0.016319102712869436
22456,0.9997973281153908
22457,0.0009290694806515529
22458,0.9999226683110549
22459,0.010614105729534848
22460,0.999126420245033
22461,0.00015343399395964895
22462,0.005547250738905419
22463,0.01032835453134167
22464,0.7275451480127739
22465,0.544588439584403
22466,0.999406182150112
22467,0.9993816785534524
22468,0.00022067610805722417
22469,0.8081944297802163
22470,0.6179420923375275
22471,0.9998886082684143
22472,0.08526179098186604
22473,0.26552770278973215
22474,0.04534028695816344
22475,0.01841425096012648
22476,0.4498210387867656
22477,0.6116924234932277
22478,0.25838017963951165
22479,7.603318057047868e-05
22480,0.2700625451454657
22481,0.3432561585426057
22482,0.931953450815161
22483,0.04028542513630927
22484,0.9998006276795515
22485,0.008286018001432527
22486,0.08331802218970467
22487,0.003177225766033312
22488,0.14425083905458067
22489,0.0015366333189202933
22490,0.7866563826924371
22491,0.9997118580342054
22492,0.12949470850935413
22493,0.16148906224472456
22494,0.5476944778469625
22495,0.597702440134404
22496,0.44448578541982225
22497,0.8799962083610819
22498,0.014629395461235973
22499,0.06141842225057691
22500,0.9603157494537359
22501,0.3124320565798133
22502,0.3108431507375776
22503,0.8000715874132218
22504,0.011393313752487502
22505,0.00010914593054446897
22506,0.020638808860787408
22507,0.045830223614131964
22508,0.1936139217189675
22509,0.0014452762648243245
22510,0.00013998783641186249
22511,0.002363047458396357
22512,0.3972265356872576
22513,0.029848200582790058
22514,0.6892751576307207
22515,0.9995116042479565
22516,0.03179279086288579
22517,0.8486432119616715
22518,0.9958965584600464
22519,0.09914793244393041
22520,0.12852264413621076
22521,0.003963110923190867
22522,0.0003607392548099172
22523,0.004068474695939105
22524,0.00013410391264359983
22525,0.004634301113872963
22526,0.45987072498557113
22527,0.01588363010973919
22528,0.7995872213998406
22529,0.6369351307789798
22530,0.6752327744272207
22531,0.9300866495619253
22532,0.004069891697233045
22533,0.003651046637323958
22534,0.9995952278969131
22535,0.3130542408735991
22536,0.12836227504642134
22537,0.02636175546494096
22538,0.007543963211608004
22539,0.0004000952930123074
22540,0.46421307796019873
22541,0.780593702925142
22542,0.4190952607422857
22543,0.6707781039101846
22544,0.6256490300994942
22545,0.7567943548441757
22546,0.0007976667138730038
22547,0.009711319858922374
22548,0.7872020339496382
22549,0.8981270120360798
22550,0.8272192146908897
22551,0.2727360944017884
22552,0.2896164560836815
22553,0.5706271026917419
22554,0.7915611986541071
22555,0.006341755458759696
22556,0.07174091399641096
22557,0.05040602342107087
22558,0.056721973159779754
22559,0.9991034815134181
22560,0.1120554993774052
22561,0.007111777841786222
22562,0.35341269046942325
22563,0.9278273873697654
22564,0.0074809787265129055
22565,0.999295163882588
22566,0.7816710184350613
22567,0.00028369417696389045
22568,0.012801467459066782
22569,0.9999723870891901
22570,0.9998293965294945
22571,0.0014295131051966913
22572,0.07808246539643456
22573,0.0036644092678030904
22574,0.4206953016881403
22575,0.17446034400207341
22576,0.19134013371313405
22577,0.1260124896685984
22578,0.24087887178176584
22579,0.0013312345239903727
22580,0.9238688609338467
22581,0.3616034725803969
22582,0.17186532431903606
22583,0.9995146591863655
22584,0.5400314245287398
22585,0.19456612219170355
22586,0.0013170685760887982
22587,2.0291660547441617e-05
22588,0.7747552198903861
22589,0.2586934254648106
22590,0.9996813204424406
22591,0.9991653614104213
22592,0.024621608604232802
22593,0.18311385266835145
22594,0.00019585132523588687
22595,0.0008594740801592631
22596,0.997201842995942
22597,0.004920405022984985
22598,0.021895618700448146
22599,0.01100041078272506
22600,0.39622233108976246
22601,0.0018530875632568205
22602,0.5601604481345845
22603,0.15667540135331107
22604,0.02716699033808551
22605,0.036286272293897914
22606,0.005585459256278426
22607,0.19505593945739672
22608,0.00926197939812335
22609,0.005093522398489383
22610,0.048982328757409765
22611,0.2669778688278181
22612,0.3753673274008297
22613,0.04766267856318535
22614,0.00023978050560373137
22615,0.9997481215919799
22616,8.419913657573118e-05
22617,0.08201751472323009
22618,0.9996586581850594
22619,0.8663725029620113
22620,0.005765853892056712
22621,0.016266973368233965
22622,0.04538511844278358
22623,0.209921699213073
22624,0.1841967605102143
22625,0.050298277941263354
22626,0.05163790588848893
22627,0.11577603087118829
22628,0.8734975276219069
22629,0.7153612184158101
22630,0.9999352383912561
22631,0.0709792152566561
22632,0.7176317077119098
22633,7.360463747338092e-05
22634,0.19672904761053855
22635,0.0001794998135961277
22636,0.9995419696879979
22637,0.28938293272081245
22638,0.006800014665881164
22639,0.06338912584331584
22640,0.006991582544691109
22641,0.12036530480830421
22642,0.005309321101222976
22643,0.037391380088463044
22644,0.002900635423115185
22645,0.004579633086059731
22646,0.6699461380034663
22647,0.5424745950993483
22648,0.00015581181184501925
22649,0.09299082942321268
22650,0.9982154673593121
22651,0.40163431380682485
22652,0.0184394264473922
22653,0.9998425195083814
22654,0.00047605890016659086
22655,0.016549987806543924
22656,0.9989694629545196
22657,0.2412519069707779
22658,0.6034806973164252
22659,0.0040729913316641326
22660,0.3162942846669585
22661,0.3608667918248815
22662,0.9995198273864295
22663,0.21062636248778716
22664,0.9988815403119792
22665,0.9457356797435456
22666,0.0004800519694181414
22667,0.4250875102272456
22668,0.0019916220584681277
22669,0.008257012171887358
22670,0.9461362805463307
22671,0.10346289644484323
22672,0.03252633366769438
22673,0.8483045982475292
22674,0.03266720777341778
22675,0.3157944626591117
22676,0.3644565323818628
22677,0.024810659037316038
22678,0.16404987681067348
22679,0.8453472655517452
22680,0.8509212749626166
22681,0.0017865302643364086
22682,0.09610535632285702
22683,0.4046091774418662
22684,0.44606883507228745
22685,0.9991864837073782
22686,0.1761491962203854
22687,0.0014495654903913353
22688,0.9992082050200068
22689,0.0006214520723283628
22690,0.1462359811031128
22691,0.006520472881053512
22692,0.01443798813312577
22693,0.9996583905499574
22694,0.0036040097486037385
22695,0.024407156002837258
22696,0.9942212706946905
22697,0.6087910831673421
22698,0.006961247154208386
22699,0.0005478412222952627
22700,0.016206556447143475
22701,0.8408266633681376
22702,0.9996586581850594
22703,0.9990476460167951
22704,0.7721751833044102
22705,0.9992568739925147
22706,0.8679030000175706
22707,0.7681079721942299
22708,0.9981211883832052
22709,0.00020116716981020852
22710,0.9620664006159418
22711,0.010135845596306165
22712,0.003798684504206235
22713,0.002345850638911179
22714,0.0022076496924967586
22715,0.28934764350737363
22716,0.26465374108152906
22717,0.9397281454836359
22718,0.0194575259765747
22719,0.0014164713575767834
22720,0.23381489999615823
22721,0.00014343044304903575
22722,0.9996029640948446
22723,0.6629869034554401
22724,0.000806300882877912
22725,0.9998971364992412
22726,0.9994664005489409
22727,0.3533273045784707
22728,0.005972963601263293
22729,0.00040173606486627845
22730,0.011313731656968494
22731,0.11343081029168044
22732,0.9997881029566714
22733,0.7607078898684686
22734,0.5667769410777138
22735,0.012239461471391183
22736,0.013428519754723069
22737,0.6926606343806764
22738,0.0012722927078717965
22739,0.028292654875622453
22740,0.7607078898684686
22741,0.7469898029943104
22742,0.7625039742414094
22743,0.004472936373445419
22744,0.09231483542791083
22745,0.002726004377960845
22746,0.9998971364992412
22747,0.5814349335076952
22748,0.8753773900822319
22749,0.0008699485766841143
22750,0.9993548948506998
22751,0.10101891453338356
22752,0.5376009927344434
22753,0.28036903984064293
22754,0.3075324732819057
22755,0.7656088925634079
22756,0.0005407722940917152
22757,0.00043680398504598465
22758,0.0037724894651578454
22759,0.28640534945009627
22760,0.006628530263973967
22761,0.9981578352334958
22762,0.09572694894682823
22763,0.0016218229640316882
22764,0.00786749335520042
22765,0.629112198952922
22766,3.4750844231902245e-05
22767,0.9994325987438174
22768,0.010928587078260147
22769,0.6107995514731176
22770,0.29275752984354647
22771,0.49812817493911443
22772,0.9458183728391548
22773,0.0010153670804728067
22774,0.019494013434718384
22775,0.9986698150546932
22776,0.38576401124047477
22777,0.06789437321367997
22778,0.9171695209196785
22779,0.9994525124632404
22780,0.01406651818166402
22781,0.08192042897717398
22782,0.1075045722159785
22783,0.6438588039027455
22784,0.8727138961030372
22785,0.0616920054127519
22786,0.25722480624167593
22787,0.9834395907547038
22788,0.9991772665517877
22789,0.0017221564805313372
22790,0.06421949041420744
22791,0.9987890431065297
22792,0.7257522965654039
22793,0.5188136218083181
22794,0.996648378944312
22795,5.654214649396998e-05
22796,0.2500337032285405
22797,0.4104266971145358
22798,0.1129695129287541
22799,0.7128045767564347
22800,0.6114635334164945
22801,0.04722673127547043
22802,0.999820429920271
22803,0.0022637262895369094
22804,0.30139282260827155
22805,0.018356819670371952
22806,0.663871265544118
22807,0.0015648749541191161
22808,0.0012332131913662056
22809,0.7296061062089491
22810,0.2338780985238284
22811,0.37884383966586205
22812,0.05612032552283612
22813,0.055375059604078174
22814,0.13384917218910383
22815,0.5320580441844064
22816,0.8750958068873891
22817,0.0014136823823185823
22818,0.004236553415897776
22819,0.21682920540700254
22820,0.08802021295738685
22821,0.00016500179370093718
22822,0.1047908489945916
22823,0.00017561055204593607
22824,0.9990741039577086
22825,0.08301578538874729
22826,0.002989245354201422
22827,0.23660406268753292
22828,0.7925368218462986
22829,0.019573255050792313
22830,0.00041485360223945017
22831,0.651866976387452
22832,0.6694959770513882
22833,0.056267801175269354
22834,0.007295907527990653
22835,0.9996571222315374
22836,0.7734094231235172
22837,0.9990720863941103
22838,0.5168700490505532
22839,0.881732806216754
22840,0.10677058252953821
22841,0.0116763758812695
22842,0.5667950517094559
22843,0.001707696400930266
22844,0.8069986687861828
22845,0.6428383949959005
22846,0.025846331420799114
22847,0.12493527714178108
22848,0.9135187846095741
22849,0.038512636862854936
22850,0.01769186308368425
22851,0.9999092516783051
22852,0.9998585312244436
22853,0.29439281265467787
22854,0.1797207240537955
22855,0.0992918411793935
22856,0.2965651394216688
22857,0.330584960374862
22858,0.9964274247468681
22859,0.006451828282012645
22860,0.014112209410544889
22861,0.7344499761001876
22862,0.011837152493283216
22863,0.4016620900354321
22864,0.007129378510924823
22865,0.8188196945332235
22866,0.999876241958767
22867,0.10680422049924285
22868,0.7550667981478606
22869,0.8570350884810618
22870,0.07783114616961212
22871,0.47192619302877314
22872,0.028261221948924213
22873,0.1752786506727826
22874,0.853765919337565
22875,0.008593722954767843
22876,0.0015777441065632125
22877,0.0028159066300153146
22878,0.9986514783417707
22879,0.9986393662076352
22880,0.16759863299825564
22881,0.2049497939771723
22882,0.9996300165999751
22883,0.9991905365868267
22884,0.8254619436519108
22885,0.010029228115320213
22886,0.8529762873499045
22887,0.17137873518257965
22888,0.032541362605556345
22889,0.048837486959275665
22890,0.41791111005191967
22891,0.5013641602460629
22892,0.0017059601008437718
22893,0.0021226699626018895
22894,0.011459743268307518
22895,0.17119479388999553
22896,0.999067318502143
22897,0.7022371532870294
22898,0.05619478334725016
22899,0.20618101036467773
22900,0.46427954789746945
22901,0.13342927319253478
22902,0.29422898797596386
22903,0.3348876334530993
22904,0.00843421070303888
22905,0.0004099995187043843
22906,0.23903322968345517
22907,0.7341743554861297
22908,0.13511774204655128
22909,0.1063676946131711
22910,0.6670638809989624
22911,0.9984512080596378
22912,0.6448576258862396
22913,0.07496423347971655
22914,0.010092444935239246
22915,0.019348495489930076
22916,0.9997718608303992
22917,0.04388820094743444
22918,0.02653094223286257
22919,0.0018114733287897785
22920,0.33204354774675643
22921,0.006412038511065656
22922,0.000335900137430823
22923,0.11942052772178167
22924,0.7925391363705251
22925,0.2612774011572047
22926,0.12509033318547516
22927,0.9179436495225051
22928,0.1186218795934504
22929,0.9998403042141668
22930,0.0010243370168062788
22931,0.056162694279353095
22932,0.008004865510730387
22933,0.7266422910661182
22934,0.6519733590393718
22935,0.4997609760225395
22936,0.9994542939190878
22937,0.21600471648472327
22938,0.7552995513013888
22939,0.07266936617292465
22940,0.7088501128638628
22941,0.0420164531197578
22942,0.9995745275076193
22943,0.009401289745615514
22944,0.7647036059383877
22945,0.19347733374997514
22946,0.39976026756343463
22947,0.9996077997247858
22948,0.9967600419064346
22949,0.00011984281278628848
22950,0.8275368188340501
22951,0.7898387453854425
22952,0.0902530670233151
22953,0.00017059662112531366
22954,0.999882899862167
22955,0.011238583769231184
22956,0.9998006276795515
22957,0.024615251696847446
22958,0.0009787866068874135
22959,0.000331697561130386
22960,0.008663229871844038
22961,0.9991694385894853
22962,0.10846561657241752
22963,0.9999535310851411
22964,0.001932011655404159
22965,0.27012181243179983
22966,0.013189919249592709
22967,0.600927355785371
22968,0.0021278920174919494
22969,0.2087327218975894
22970,0.001139211393260654
22971,0.3658651169668236
22972,0.0003146213407708118
22973,0.7869844887758338
22974,0.07372905588562399
22975,0.7187904573493122
22976,0.49774145008902027
22977,0.851229969394771
22978,0.00018645194783990554
22979,0.045355932812895315
22980,0.9997266067552326
22981,0.07436176815392016
22982,0.005058721335112199
22983,0.0035615312348192
22984,0.9595616295256243
22985,0.006991582544691109
22986,0.3098303639393595
22987,0.999078194977044
22988,0.0019477715040084232
22989,0.01926820328564729
22990,0.007949272051944359
22991,0.4779721318986399
22992,0.031514131456071584
22993,0.7917182880667856
22994,0.015565098171905364
22995,0.730306352087046
22996,0.9088059174548843
22997,0.09648765157220705
22998,0.019634606241221767
22999,0.43844391997315485
23000,0.021401817021777257
23001,0.01141228048982523
23002,0.1597135832622752
23003,0.9998218482123312
23004,0.0016124933197691955
23005,0.0002485746567581994
23006,0.9057855640745642
23007,0.6598948424767676
23008,0.1516842016199426
23009,0.023596250394616675
23010,0.7538134977278156
23011,0.0008512890549106862
23012,0.5645617412034446
23013,0.24868736303080974
23014,0.0014684137322918203
23015,0.019781781101247856
23016,0.015298628199398548
23017,0.35905237004079055
23018,0.0022697452431460516
23019,0.054254914392790655
23020,0.006313499043233635
23021,0.0025012818272639715
23022,0.03989290079517025
23023,0.03826766600544344
23024,0.7307322194916853
23025,0.9994325987438174
23026,0.015751499423237027
23027,0.9992635268927297
23028,0.006425403504330811
23029,0.8763976064579445
23030,0.004697676057668478
23031,0.001992550849924241
23032,0.9991464362422817
23033,0.550722722544363
23034,0.17359526102788456
23035,0.010092216928767963
23036,0.00042569926246808246
23037,0.00560026558470344
23038,0.00026101983881087056
23039,8.707550038904373e-05
23040,0.44482319817179017
23041,0.8241709815096009
23042,0.0006565164486926557
23043,0.024334568783854656
23044,0.04637241400083936
23045,0.5157740434681403
23046,0.8705939394296829
23047,0.418246638664767
23048,0.021794904283604827
23049,0.4370764780593186
23050,0.7915139680503839
23051,0.01033194698703331
23052,0.30115796227166697
23053,0.090920003822704
23054,0.03554964321266053
23055,0.9061539379299495
23056,0.9997542609426419
23057,0.0451297396561547
23058,0.9993592653552299
23059,0.9994763756426599
23060,0.05861480250388482
23061,0.9998791615478748
23062,0.6140714137933218
23063,0.24846861244700005
23064,0.3075681999422014
23065,0.25944806038233065
23066,0.5786324282941496
23067,0.09101609807669188
23068,0.5806553250700942
23069,0.12548628984036933
23070,0.9749302338509747
23071,0.8299365863217079
23072,0.2483945436192997
23073,0.002158557769739871
23074,0.9988765901701095
23075,0.9998631933262161
23076,0.009746575757420712
23077,0.0004448938745627867
23078,0.3164134038776758
23079,0.2161443120745244
23080,0.009066500474045239
23081,0.0032861649802533107
23082,0.006712281023815071
23083,0.23112951387327546
23084,0.1760946916248239
23085,0.08047624277239086
23086,0.8409121395567091
23087,0.009422894627668573
23088,0.6844761822171034
23089,0.6335816875835331
23090,0.19692328340622436
23091,0.3087596233941575
23092,0.24072254774165955
23093,0.0006359551148041075
23094,0.538755448763582
23095,0.9088037348909852
23096,0.9995822981783189
23097,0.7171781874362562
23098,0.001178755657724724
23099,0.9998217083659067
23100,0.6314724415380611
23101,0.5459965828465765
23102,0.781922195182635
23103,0.004485791359246016
23104,0.012793389575160548
23105,0.20942497335456384
23106,0.013838640260756815
23107,0.9983692607629507
23108,0.48698942356002267
23109,0.26857839605050404
23110,0.012058937175658075
23111,0.0077546946837646295
23112,0.07492985753993635
23113,0.04036072729861942
23114,0.03408836683303159
23115,0.39658495357123297
23116,0.129663564633231
23117,0.2787342566425501
23118,0.4775452770091744
23119,0.9999303861052631
23120,0.007411980629430728
23121,0.1699770846154245
23122,0.009702561261709694
23123,0.0013620609654364615
23124,0.4254283292171308
23125,0.9996475947094319
23126,0.012774537604694929
23127,0.4021209255636757
23128,0.7892497784317126
23129,0.2890110897923606
23130,0.024961650679929732
23131,0.25273011447132887
23132,0.009377553112339385
23133,0.9998517909186448
23134,0.05053202831380354
23135,0.024451344779411525
23136,0.011197270479298022
23137,0.004576118827201281
23138,0.00020111762803346367
23139,0.2741644017165339
23140,0.22165139257862132
23141,0.9997718608303992
23142,0.9461362805463307
23143,0.9997097736263099
23144,0.9991034815134181
23145,0.23971967692486215
23146,0.8306144778917512
23147,0.11778813841540063
23148,0.003343179512708003
23149,0.7135876143026695
23150,0.6334767270930051
23151,0.41806199000960576
23152,0.9999303861052631
23153,0.21682920540700254
23154,0.6797661737493749
23155,0.0006647577130660979
23156,0.9998419801513606
23157,0.18917827861083364
23158,0.36249805732197765
23159,0.38713674204416054
23160,0.30792780602395586
23161,0.23473061620323127
23162,0.3601367447179751
23163,0.999126420245033
23164,0.6047720881908778
23165,0.0003184842111390091
23166,0.005815414878382622
23167,0.16326819960371683
23168,0.0021103092095753084
23169,0.4672302231263529
23170,0.4980707192247697
23171,0.27287489995049397
23172,0.05260203040364232
23173,0.002495558646065213
23174,0.3856105065681065
23175,0.6968032628495454
23176,0.9998473433077998
23177,0.016720833512571618
23178,0.9996374206055896
23179,0.004555261083889683
23180,0.46483392835227744
23181,0.012309055226581598
23182,0.2565946649463112
23183,0.00999309130439131
23184,0.4885140910185945
23185,0.9995624270282827
23186,0.9002825286026304
23187,0.9997606246617057
23188,0.4288134878158906
23189,0.3447656143987626
23190,0.2454863771966177
23191,0.32264765450933963
23192,0.03988828835969839
23193,0.6752771705550397
23194,0.25853350961434607
23195,0.22614681576287785
23196,0.9997457973536976
23197,0.6844196618243875
23198,0.005407840727263512
23199,0.9994849667167324
23200,0.26171661122772266
23201,0.7491346253824972
23202,0.030134379307579853
23203,0.33100346239474726
23204,0.500254445583751
23205,0.0006510880065945452
23206,0.999619137301776
23207,0.94148365120312
23208,0.1930133113044008
23209,0.19677501953662416
23210,0.007866658432902105
23211,0.362949447381276
23212,0.1768879292450677
23213,0.004970934178888679
23214,0.004252967292708638
23215,0.9995012340096324
23216,0.3527836847409075
23217,0.029853831292013064
23218,0.0005937537742240293
23219,0.9994766648736836
23220,0.001711069585225348
23221,0.940057703753
23222,0.00017761965042436238
23223,0.7525517986705895
23224,0.007772577509407324
23225,0.08399226781978379
23226,0.9985889755646586
23227,0.00033819821922319624
23228,0.28354732409113426
23229,0.9997938879477025
23230,0.1908673844495579
23231,0.03345761850471914
23232,0.07387217573969469
23233,0.3086215097183326
23234,0.9987455820478505
23235,0.3152306262675229
23236,0.018392989452991237
23237,0.9047920632337257
23238,0.09656754112632372
23239,0.02597217300980738
23240,0.9999081697591163
23241,0.0032794909987596452
23242,0.006208062508816111
23243,0.10299890796657198
23244,0.9999310352381258
23245,0.00026274340852005547
23246,0.011202755021414774
23247,0.007217177482822526
23248,0.8348412497395639
23249,0.29830192138527273
23250,0.1715764538551632
23251,0.0015853793382677361
23252,0.000262260541612473
23253,0.8455116308009062
23254,0.007965634454746934
23255,0.5934334626040009
23256,0.9994604115714957
23257,0.9986514783417707
23258,0.9992967103827686
23259,0.3355983016160542
23260,0.0035543201413731425
23261,0.005529015943797065
23262,0.9992965129290546
23263,0.34667447529320444
23264,0.40583057167518627
23265,0.2800988900981859
23266,0.30041600269735724
23267,0.09261680425671304
23268,0.5467733681870548
23269,0.298396732952467
23270,0.4311449037014495
23271,0.040907497419303315
23272,0.8829092669561784
23273,0.8722160046256165
23274,0.11155635394229715
23275,0.01010084979702789
23276,0.06042559239711281
23277,0.02195693421807507
23278,0.7018680815950454
23279,0.00011174312911612429
23280,0.5307082489465997
23281,0.679380370826083
23282,0.15869768912525123
23283,0.0011059908330727961
23284,9.154390849092118e-05
23285,0.1787186848793614
23286,0.16728516385908573
23287,0.020271601036341375
23288,0.9994659116863353
23289,0.004081749863155412
23290,0.9995003841791367
23291,0.8453176954945296
23292,0.2936913419467271
23293,0.05628345581960448
23294,0.998953203522838
23295,0.5866874615556844
23296,0.00929287392569934
23297,0.1631677595154697
23298,0.9996029640948446
23299,0.0341502660971981
23300,0.017897902525384982
23301,0.9998006276795515
23302,0.6234715351832162
23303,0.001979284877840829
23304,0.11023172460559437
23305,0.941720806777079
23306,0.0003518044487784828
23307,0.027381534104829117
23308,0.20725683069306078
23309,0.002559432784227977
23310,0.29552813291531976
23311,0.00012695308898025515
23312,0.0073695914150757325
23313,0.43753716509311297
23314,0.2875810472794744
23315,0.12326627528600005
23316,0.39429083274344867
23317,0.0027552765582452205
23318,0.0003829203685115653
23319,0.06945496713628727
23320,0.04193924371100312
23321,0.6956418101834174
23322,0.8194139831708982
23323,0.9375756904484941
23324,0.22723064788853473
23325,0.0002092190032795406
23326,0.12314062171096504
23327,0.1494679475237425
23328,0.3905219456604379
23329,0.016778992782770685
23330,0.03392133740721895
23331,0.4032643998378724
23332,0.0028786963137867817
23333,0.983360388720358
23334,0.43422951248408337
23335,0.10559106235565605
23336,0.00017334681729829488
23337,0.04962082952286019
23338,0.6888808151125642
23339,0.9991728674969554
23340,0.4227706044724927
23341,0.015200180807073718
23342,0.16096969723124205
23343,0.6909099148249549
23344,0.04170821656316134
23345,0.011851897161818928
23346,0.36747015154041845
23347,0.0002514110300849259
23348,0.9995425391193108
23349,0.3648643702199576
23350,0.9812117401263123
23351,0.7552995513013888
23352,0.9996556357684614
23353,0.32495688653173727
23354,0.012426334712714097
23355,0.7353713724104678
23356,0.014846855206684847
23357,0.9996987430202705
23358,0.006441715599028587
23359,0.9995506199595076
23360,0.9998080998309002
23361,0.12038142322103287
23362,0.0016245534811037178
23363,0.8990488310214821
23364,0.15779152386901885
23365,0.9996384574270007
23366,0.7770253794147933
23367,0.04075607929973378
23368,0.04433675181336527
23369,0.6974190900059672
23370,0.9005168208797855
23371,0.11486439268005351
23372,9.75880772434371e-05
23373,0.05628345581960448
23374,0.03351885626230644
23375,0.09551396747757826
23376,0.9998673316572503
23377,0.9994166944540397
23378,0.08276443844602029
23379,0.03020298552675631
23380,0.1534702892027058
23381,0.7717171156061398
23382,0.00033136358165482125
23383,0.03625108219784507
23384,0.9992543060125728
23385,0.10111915642517308
23386,0.08582319546401844
23387,0.013719993453596983
23388,0.001239028448309036
23389,0.1701027299399757
23390,0.001523086819742808
23391,0.9995166592689971
23392,0.17438914082968535
23393,0.0036154958979772436
23394,0.11271936482866586
23395,0.9118627505786511
23396,0.18121890687129658
23397,0.9999623405895408
23398,3.120337907680732e-05
23399,0.7352072301405987
23400,0.9994012047050778
23401,0.013504241817909532
23402,0.00907849806565816
23403,0.0016898473776412468
23404,0.0006237555780898979
23405,0.7578189935184674
23406,0.384949127924453
23407,0.00019632903143121768
23408,0.9986637485459895
23409,0.008236632091055265
23410,0.043253403328128555
23411,0.13164213886575069
23412,0.4063313055942824
23413,0.5758419381906397
23414,0.03771573615224349
23415,0.28429387975260995
23416,0.013478067022219728
23417,0.27591173305616357
23418,0.8069318818651572
23419,0.01588363010973919
23420,0.3981387445015891
23421,0.003550920638665766
23422,0.42082511066641926
23423,0.055219645619459475
23424,0.9995522735235086
23425,0.03162783833959344
23426,0.31843622349552364
23427,0.020462993666569285
23428,0.99926312994237
23429,0.01898910710658441
23430,0.40748266812539635
23431,0.004555261083889683
23432,0.9997718608303992
23433,0.3608460833509397
23434,0.776764236064696
23435,0.7036707655920315
23436,0.9999269423118418
23437,0.10332374837883833
23438,0.03374162417157215
23439,0.0005716624836018532
23440,0.0036524907687746793
23441,0.07996811220311836
23442,0.04653427738708801
23443,0.8234773042845932
23444,0.8360725197666213
23445,0.15635646190709032
23446,0.054478735495896734
23447,0.999775949599641
23448,0.02688804184001213
23449,0.9993900675133923
23450,0.6947405191656871
23451,0.7725673099118215
23452,0.9984467863322221
23453,0.0004142455746246901
23454,0.059480248624643364
23455,0.00051418587483683
23456,0.020910981131371045
23457,0.0005733068310350876
23458,0.9995798581150174
23459,0.0058027284452464925
23460,0.24569951470919765
23461,0.8090547142621585
23462,0.7498830255450416
23463,0.7962309017568898
23464,0.0031777456963231914
23465,0.008502743801410232
23466,0.9998483142957685
23467,0.3656194940722117
23468,0.002157577470778178
23469,0.9996725894862467
23470,0.10159782932884945
23471,0.1612875233875919
23472,0.02292774417685461
23473,0.27702355087837965
23474,0.006991582544691109
23475,0.9023609305061855
23476,0.00036926787290828374
23477,0.9989694629545196
23478,0.9998673316572503
23479,0.00017697933236973778
23480,0.019734591423457105
23481,0.29176524149020555
23482,0.11621227301511822
23483,0.6834478186678234
23484,0.9558075788231101
23485,0.5471912088573125
23486,0.9997282482681975
23487,0.9999081697591163
23488,0.4194327548144878
23489,0.01143033267653089
23490,0.25153136401751447
23491,0.017574310003973945
23492,0.767753573016329
23493,0.052005768563417404
23494,0.23742178781199377
23495,0.016628920587394878
23496,0.34169282453776734
23497,0.44728671443515106
23498,0.038918767199566384
23499,0.6717876957788769
23500,0.1280461904267341
23501,0.021557905299307043
23502,0.9994078916627177
23503,0.13663931594260617
23504,0.6085773545819142
23505,0.11745528506681162
23506,0.17859550310307293
23507,0.5631475587917792
23508,0.005527709211463617
23509,0.06835830257175686
23510,0.00397749977762484
23511,0.04725474182265189
23512,0.003979661224134994
23513,0.7917969789866341
23514,0.9998642224075712
23515,0.03130482578802118
23516,5.246575669768096e-05
23517,0.32252752298821163
23518,0.4669692033243343
23519,0.022972410428002684
23520,0.007953762428886329
23521,0.3165927794803896
23522,0.9994294878192037
23523,0.15289257550250895
23524,0.1006872372902107
23525,0.04176991503389849
23526,0.00041196774775621253
23527,0.9986642764982245
23528,0.6010946176296681
23529,0.01667801047637518
23530,0.015789874890905848
23531,0.18133516039660544
23532,0.3542302416221877
23533,0.7052620408753524
23534,0.29318257402115894
23535,0.5489454544477542
23536,0.025985125817355383
23537,0.9986735555408683
23538,0.0451297396561547
23539,0.2872149396168
23540,0.9996087154953991
23541,0.002492235851473975
23542,0.01074200769829541
23543,0.5194871765477387
23544,0.007369424386420885
23545,0.9958666768784964
23546,0.7869580687946351
23547,0.18375160719802985
23548,0.06593698281479163
23549,0.003809100020662997
23550,0.054149092476849965
23551,0.9993380993588648
23552,0.01778558264719716
23553,0.0136432406134023
23554,0.0073889292954214284
23555,0.9996919279097618
23556,0.0010738713445088552
23557,0.04281247339684191
23558,0.9996505738204087
23559,0.9995875846431916
23560,0.0005308440275883437
23561,0.002725058600498858
23562,0.00036710443394018835
23563,0.013064648164277598
23564,0.08862782085337353
23565,0.02173180371761078
23566,0.4154812985822817
23567,0.8161306117177213
23568,0.07527387300058352
23569,0.2492538776078019
23570,0.000276469290973792
23571,0.7774701117865919
23572,0.01812519463473832
23573,0.19220235483585416
23574,0.002555416764450055
23575,0.014755454199589315
23576,0.8589517357746931
23577,0.9993946551473271
23578,0.1660002785476796
23579,0.9997938879477025
23580,0.17941755009456595
23581,0.4724855117380442
23582,0.06215067799122627
23583,0.029364325332314926
23584,0.009807426882721898
23585,0.46136241389981886
23586,0.5311959110905095
23587,0.41669789530436435
23588,0.8464096379222004
23589,0.13115702537651047
23590,0.004983196351438508
23591,0.11748259110435351
23592,0.006606128407440598
23593,0.01443448083107708
23594,0.0009141941925282479
23595,0.27483734575722313
23596,0.7371719917390488
23597,0.6447072812383281
23598,0.13898065363039683
23599,0.13532218218671077
23600,0.0015435837764783565
23601,0.09622318368825968
23602,0.11360725438133462
23603,0.3093624442314674
23604,0.999775949599641
23605,0.04001195279336096
23606,0.22740757058152142
23607,0.9997200370754277
23608,0.2025614654749167
23609,0.9989784103305633
23610,0.08936960929749738
23611,0.02722187512021414
23612,0.22573159654855426
23613,0.4302622480178749
23614,0.9224782641505347
23615,0.4790660789843428
23616,0.00035789697570097234
23617,0.5785798269134272
23618,0.014700117616697947
23619,0.000539675957223206
23620,0.25623416046655006
23621,0.024540691476814855
23622,0.846386122140193
23623,0.8744288506661568
23624,0.6325388577370412
23625,0.0016703132899518914
23626,0.8650171849485075
23627,0.00038653411939157335
23628,0.015392540040769776
23629,0.9982859006379003
23630,0.01724354964534322
23631,0.4052002043133031
23632,0.09765039609331733
23633,0.098894230532781
23634,0.8502314219490555
23635,0.25159310038441357
23636,0.9185066251389934
23637,0.07575960105566537
23638,0.010303680658486095
23639,0.10515220657642062
23640,0.009723058690381578
23641,0.7930712738944558
23642,0.6636039090175561
23643,0.9362860639651462
23644,0.3594126268505045
23645,0.007681667173103398
23646,0.8439300571854089
23647,0.9969353860299444
23648,0.9998100500626295
23649,0.023125890531970346
23650,0.9998403042141668
23651,0.9994476703877357
23652,0.9996714344854416
23653,0.20136047841218158
23654,0.005723004452136409
23655,0.08454621998720187
23656,0.3068738897561931
23657,0.9995151641304447
23658,0.9687865785633553
23659,0.9994163733146131
23660,0.3021877873446342
23661,0.00010248186016019638
23662,0.031145385857249137
23663,0.010844313679931815
23664,0.0311748786956075
23665,0.06068075906423785
23666,0.008602762892126723
23667,0.0022388876305273054
23668,0.016529562175361067
23669,0.7305077281508289
23670,0.20369105896841574
23671,0.9998653327860721
23672,0.00199982584037361
23673,0.5654514814618768
23674,0.2691253376331706
23675,0.024698419161058728
23676,0.007345203748306243
23677,0.728067184186616
23678,0.09458552345822743
23679,0.21682792144389726
23680,0.013535796237276656
23681,0.008979816619727007
23682,0.582428212615465
23683,0.0005299842669071337
23684,0.29262781845384256
23685,0.07527024417742312
23686,0.024705584085582554
23687,0.20290740596203571
23688,0.8190144346126826
23689,0.8755256992986776
23690,0.046995434978547426
23691,0.9988765901701095
23692,0.03308975693907123
23693,0.0010008061069842296
23694,0.25055350873655674
23695,0.7753469060085657
23696,0.42228241279790885
23697,0.3374518466542385
23698,0.9999093049896255
23699,0.14104299719597957
23700,0.003251834616672025
23701,0.8837741937150445
23702,0.3441138378102725
23703,0.9998615789307517
23704,0.9988226469720417
23705,0.009107761584107565
23706,0.38568679737665884
23707,0.00032519274447863827
23708,0.02230506512435236
23709,0.999501290860801
23710,0.9993231908712138
23711,0.9996351704568036
23712,0.9202800345841977
23713,0.3927137744162827
23714,0.051667925614637206
23715,0.35361339596654817
23716,0.9996690996700295
23717,0.0034493578094024974
23718,0.574589100656464
23719,0.620495329430276
23720,0.21156680581854911
23721,0.3945136829024752
23722,0.023582420380534493
23723,0.7747769593385974
23724,0.9633687006727129
23725,0.9997362878451241
23726,0.9982588431080188
23727,0.00617870395558935
23728,0.478308718922114
23729,0.05844147513392482
23730,0.9998993680851265
23731,0.1806110710860935
23732,0.9380434057649815
23733,0.9989694629545196
23734,0.22346566141751564
23735,0.012239461471391183
23736,0.9128842844434822
23737,0.8073067300730348
23738,0.9993741920674309
23739,0.04287274279518298
23740,0.9993548948506998
23741,0.056227401011069496
23742,0.2781621199242861
23743,0.13637668987302495
23744,0.2648699803842454
23745,0.9396399075138686
23746,0.02757187726702901
23747,0.8945352546182814
23748,0.06521692754007573
23749,0.08328054104936133
23750,0.6684795158277838
23751,0.610255551282585
23752,0.0004477336085211538
23753,0.10373411267708778
23754,0.00029302176649731904
23755,0.9044615952409352
23756,0.3856119474075458
23757,0.8572848759737749
23758,0.03730368942275269
23759,0.13315725298468004
23760,0.007860053338640954
23761,0.0010243370168062788
23762,0.7170303248013
23763,0.6581410576581903
23764,0.9595616295256243
23765,0.6456756001811466
23766,0.47426446553953916
23767,0.7325110429351047
23768,0.9993644350320543
23769,0.007078352753098497
23770,0.00017532717764969527
23771,0.6877524465787259
23772,0.0919365493013078
23773,0.15350027791675555
23774,0.5639578491957081
23775,0.2494863403349256
23776,0.9997973281153908
23777,0.04580042310684524
23778,0.9988011787972646
23779,0.0030375243163495345
23780,0.924439323818725
23781,0.2998244774094886
23782,0.7363455913826755
23783,0.2463788581275015
23784,0.7538913557677386
23785,0.31034852531439633
23786,0.04329032480708054
23787,0.0021226699626018895
23788,0.9995169493902697
23789,0.12882372935694228
23790,0.00016098618519480042
23791,0.4863265488966549
23792,0.08573130618576384
23793,0.003856171520564129
23794,0.021134232872800886
23795,0.007350507864780334
23796,0.4270327876503421
23797,0.8464096379222004
23798,0.6406732914891545
23799,0.03750979361473534
23800,0.2732626001700864
23801,0.2929921175517456
23802,0.9997240468712165
23803,0.9994404187745917
23804,0.015577460680921825
23805,0.005782746238889966
23806,0.0003467864513892078
23807,0.11577311338007877
23808,0.0011819473431411039
23809,0.288280087856712
23810,0.01568074728395074
23811,0.010006265785935137
23812,0.8997083587566516
23813,0.28995204824982024
23814,0.010608735357795608
23815,0.0002544897454740283
23816,0.32010400853702076
23817,0.0003842540638892593
23818,0.3913024319023789
23819,0.9994436568304363
23820,0.1232906599871375
23821,0.14593219391034806
23822,0.1698115302420745
23823,0.9306260911982895
23824,0.0030936938417703824
23825,0.00018643415977059557
23826,0.7195999615886656
23827,0.00027982545259916706
23828,0.03791920747590474
23829,0.34228868512892724
23830,0.02128611770114202
23831,0.912967051064628
23832,0.3532829003064914
23833,0.8036187630203112
23834,0.048788685738352426
23835,0.0016703132899518914
23836,0.0073952718880325
23837,0.0034664765751006724
23838,0.0007712402534518784
23839,0.8705939394296829
23840,0.016191012856304008
23841,0.6321908114402514
23842,0.8187123084098514
23843,0.00028080715367200134
23844,0.00022271732020975773
23845,0.0007589368266800854
23846,0.036423435940413466
23847,0.11907308616785006
23848,0.7483684813216405
23849,0.3830725905915068
23850,0.8833935356867081
23851,0.9957638211979667
23852,0.006720142418836145
23853,0.8001167019151283
23854,0.028644754324947185
23855,0.1314794364554032
23856,0.9995771710574514
23857,0.9551029005579884
23858,0.9997188247102556
23859,0.10218875969987662
23860,0.6102353345083554
23861,0.9994657175692135
23862,0.46678388679396915
23863,0.4997732114483491
23864,0.025791757277289575
23865,0.9994659116863353
23866,0.8131081548883466
23867,0.9995166592689971
23868,0.9971009652434208
23869,0.37853783981260575
23870,0.023719373400695735
23871,0.15099312336065362
23872,0.008666619123491308
23873,0.8796746067894157
23874,0.6297077269004031
23875,0.6707890301944381
23876,0.05061601708818342
23877,0.23411248471770363
