id,score
0,1.0
1,0.03
2,0.265
3,0.023333333333333334
4,0.53
5,0.075
6,0.16731894104443124
7,0.30333333333333334
8,0.013333333333333334
9,0.18090034965034968
10,0.056666666666666664
11,0.9966666666666667
12,0.99
13,0.043333333333333335
14,0.13
15,0.9966666666666667
16,0.14
17,0.96
18,0.9933333333333333
19,0.21666666666666667
20,0.06333333333333334
21,0.0175
22,0.02666666666666667
23,0.4033333333333333
24,0.08666666666666667
25,0.04666666666666667
26,0.37333333333333335
27,0.19333333333333333
28,0.9933333333333333
29,0.04666666666666667
30,0.05333333333333334
31,0.2733333333333333
32,0.9933333333333333
33,0.16333333333333333
34,1.0
35,0.18333333333333332
36,0.05333333333333334
37,0.8266666666666667
38,0.05333333333333334
39,0.020476190476190474
40,1.0
41,0.9966666666666667
42,0.04
43,0.41333333333333333
44,0.09083333333333334
45,0.07666666666666666
46,0.9966666666666667
47,0.6566666666666666
48,0.86
49,0.15666666666666668
50,0.04
51,0.9966666666666667
52,0.013333333333333334
53,0.24416666666666667
54,0.07333333333333333
55,0.09333333333333334
56,0.14333333333333334
57,0.01
58,0.03
59,0.02666666666666667
60,0.7146666666666668
61,0.22333333333333333
62,0.34
63,0.25333333333333335
64,0.016666666666666666
65,0.27666666666666667
66,0.02142857142857143
67,0.2866666666666667
68,0.02
69,0.25
70,0.4033333333333333
71,0.008888888888888889
72,0.32
73,0.07
74,0.19666666666666666
75,0.25
76,0.30333333333333334
77,0.16
78,0.07
79,0.11
80,0.06
81,0.2210296485744056
82,0.04
83,0.1
84,0.08666666666666667
85,1.0
86,0.085
87,0.2775438596491228
88,0.9643866503866504
89,0.985
90,0.18333333333333332
91,0.19333333333333333
92,0.11333333333333333
93,0.38
94,0.11666666666666667
95,0.08
96,0.023333333333333334
97,0.21333333333333335
98,0.25147392459374546
99,0.1375
100,0.013333333333333334
101,0.20666666666666667
102,0.9966666666666667
103,0.10333333333333333
104,1.0
105,0.67
106,0.44666666666666666
107,0.19
108,0.22333333333333333
109,0.9533333333333334
110,0.3
111,0.9052038513792899
112,0.07333333333333333
113,0.10333333333333333
114,0.16
115,0.22666666666666666
116,0.07
117,0.6233333333333333
118,0.6
119,0.246
120,0.05333333333333334
121,0.10666666666666667
122,0.8
123,0.03916666666666667
124,0.11
125,1.0
126,0.07
127,0.30333333333333334
128,0.016666666666666666
129,1.0
130,0.02
131,0.049125874125874124
132,0.19666666666666666
133,0.9866666666666667
134,0.10666666666666667
135,0.15666666666666668
136,0.22
137,0.19
138,0.08666666666666667
139,0.5733333333333334
140,0.11666666666666667
141,0.24777777777777782
142,0.05333333333333334
143,0.03333333333333333
144,0.023333333333333334
145,0.01
146,0.06
147,0.99
148,0.09666666666666666
149,0.023487179487179488
150,0.1
151,1.0
152,0.1711111111111111
153,0.13666666666666666
154,0.5149954952454953
155,0.10333333333333333
156,0.034304232804232795
157,0.9966666666666667
158,0.05333333333333334
159,0.33666666666666667
160,0.9102338416848222
161,0.21666666666666667
162,0.07666666666666666
163,0.05333333333333334
164,0.04
165,0.23
166,0.021333333333333336
167,0.73
168,0.17
169,0.02
170,0.07666666666666666
171,0.007777777777777777
172,0.28
173,0.3498463203463204
174,0.3433333333333333
175,0.06444444444444446
176,0.05333333333333334
177,0.3333333333333333
178,0.35333333333333333
179,0.37
180,0.13
181,0.98
182,0.2866666666666667
183,0.04
184,0.32666666666666666
185,0.14666666666666667
186,0.14333333333333334
187,0.18333333333333332
188,0.32
189,0.1
190,0.22666666666666666
191,1.0
192,0.2733333333333333
193,0.11666666666666667
194,0.9966666666666667
195,0.34
196,0.17
197,0.008888888888888889
198,0.31996031746031733
199,0.26944444444444443
200,0.023333333333333334
201,0.22333333333333333
202,0.03333333333333333
203,0.09666666666666666
204,0.31333333333333335
205,0.19
206,0.5033333333333333
207,0.9966666666666667
208,0.14730095313183564
209,0.04666666666666667
210,0.7133333333333334
211,0.03666666666666667
212,0.05266666666666667
213,0.32
214,0.13666666666666666
215,0.9866666666666667
216,0.06
217,0.06666666666666667
218,0.056666666666666664
219,0.056666666666666664
220,0.02
221,0.9333333333333333
222,0.12666666666666668
223,0.023333333333333334
224,0.04
225,0.04666666666666667
226,0.5033333333333333
227,0.09327435064935065
228,0.09233333333333334
229,1.0
230,0.01
231,0.02
232,0.2966666666666667
233,0.39879629629629626
234,0.15055555555555558
235,1.0
236,0.7033333333333334
237,0.09
238,0.04
239,0.03666666666666667
240,0.22333333333333333
241,0.013333333333333334
242,0.07
243,0.07666666666666666
244,0.99
245,0.32666666666666666
246,0.02962962962962963
247,0.01
248,0.11104609279609276
249,0.3933333333333333
250,0.13333333333333333
251,0.04666666666666667
252,0.9833333333333333
253,0.9966666666666667
254,0.05333333333333334
255,0.016666666666666666
256,0.9431666666666666
257,0.3927777777777778
258,0.17333333333333334
259,0.4666666666666667
260,0.09
261,0.03
262,0.17666666666666667
263,0.1523015873015873
264,0.14333333333333334
265,0.006666666666666667
266,0.03333333333333333
267,0.15666666666666668
268,0.03333333333333333
269,0.13777777777777775
270,0.18236020818992954
271,0.10333333333333333
272,0.02
273,0.7
274,0.9966666666666667
275,0.41333333333333333
276,0.13777777777777778
277,0.44
278,0.83
279,0.8830952380952382
280,0.0175
281,0.09
282,0.3
283,0.2633333333333333
284,0.1761111111111111
285,0.016666666666666666
286,0.8066666666666666
287,0.24333333333333335
288,0.23333333333333334
289,0.0033333333333333335
290,0.14
291,0.03666666666666667
292,0.5933333333333334
293,0.4666666666666667
294,0.02
295,0.4166666666666667
296,0.7233333333333334
297,0.9966666666666667
298,0.013333333333333334
299,0.05
300,0.05
301,0.023333333333333334
302,0.03333333333333333
303,0.013333333333333334
304,0.18333333333333332
305,0.24333333333333335
306,0.27
307,0.9294265734265733
308,0.0
309,0.03333333333333333
310,0.9966666666666667
311,0.9966666666666667
312,0.9966666666666667
313,0.07666666666666666
314,0.20666666666666667
315,0.09666666666666666
316,0.26666666666666666
317,0.6266666666666667
318,0.19333333333333333
319,0.07
320,0.04
321,0.31333333333333335
322,0.043333333333333335
323,0.07
324,0.99
325,0.5184086808000276
326,0.89
327,0.046818181818181814
328,0.07333333333333333
329,0.03
330,0.03333333333333333
331,0.02
332,0.12
333,0.22666666666666666
334,0.14333333333333334
335,0.023333333333333334
336,0.08666666666666667
337,0.17666666666666667
338,0.03333333333333333
339,0.012222222222222221
340,0.23333333333333334
341,0.2866666666666667
342,0.19666666666666666
343,0.07666666666666666
344,0.005
345,0.37666666666666665
346,0.8096456336920733
347,0.08333333333333333
348,1.0
349,0.9866666666666667
350,0.07
351,0.13333333333333333
352,1.0
353,0.01
354,0.11
355,0.2
356,0.16923877741911808
357,0.18666666666666668
358,0.9933333333333333
359,0.18
360,0.12633333333333333
361,0.15866666666666668
362,0.09333333333333334
363,0.43333333333333335
364,0.47
365,0.0365
366,0.4766666666666667
367,0.11
368,0.023333333333333334
369,0.9966666666666667
370,0.28555555555555556
371,0.12666666666666668
372,0.5583333333333333
373,0.22
374,0.5488888888888889
375,0.20333333333333334
376,0.05
377,0.7533333333333333
378,0.2
379,0.5481481481481482
380,0.03
381,0.36
382,0.8366666666666667
383,0.12333333333333334
384,0.12666666666666668
385,1.0
386,0.013333333333333334
387,0.01
388,0.74
389,0.925
390,0.03333333333333333
391,0.23333333333333334
392,0.08
393,0.05
394,0.36111111111111116
395,0.39666666666666667
396,0.04
397,0.006666666666666667
398,0.08666666666666667
399,0.8793141025641025
400,0.11666666666666667
401,0.9966666666666667
402,0.0
403,0.02666666666666667
404,0.03333333333333333
405,0.21
406,0.18
407,0.9975757575757576
408,0.08333333333333333
409,0.06666666666666667
410,0.7766666666666666
411,0.22
412,0.9866666666666667
413,0.7866666666666666
414,0.14333333333333334
415,0.17666666666666667
416,0.013333333333333334
417,0.39666666666666667
418,0.01
419,0.26
420,0.06333333333333334
421,0.21
422,0.9766666666666667
423,0.5066666666666667
424,0.11333333333333333
425,0.8768292682926829
426,0.013333333333333334
427,0.5066666666666667
428,0.13
429,0.85
430,0.64
431,0.29
432,0.016666666666666666
433,0.5133333333333333
434,0.3333333333333333
435,0.19166666666666668
436,0.26666666666666666
437,0.09066666666666666
438,0.23083333333333333
439,0.08666666666666667
440,0.33666666666666667
441,0.09144444444444445
442,0.26
443,0.9966666666666667
444,0.7566666666666667
445,0.5355555555555557
446,0.03666666666666667
447,0.06666666666666667
448,0.9833333333333333
449,0.14666666666666667
450,0.4166666666666667
451,0.2833333333333333
452,0.6516666666666666
453,0.9966666666666667
454,0.08666666666666667
455,0.13333333333333333
456,0.9439629629629629
457,0.33
458,0.2633333333333333
459,0.01
460,0.34081196581196577
461,0.03666666666666667
462,0.8622222222222221
463,0.22
464,0.04666666666666667
465,0.22
466,0.023333333333333334
467,0.3408333333333333
468,1.0
469,0.24666666666666667
470,0.10444444444444445
471,0.1879469296135963
472,0.08
473,0.19666666666666666
474,0.27
475,0.15111111111111108
476,0.1798910757402659
477,0.013333333333333334
478,0.9566666666666667
479,0.12333333333333334
480,0.023333333333333334
481,0.8158830818877261
482,0.467419978169978
483,0.2033165747168195
484,0.013333333333333334
485,0.03333333333333333
486,1.0
487,0.13333333333333333
488,0.05333333333333334
489,0.16
490,0.20666666666666667
491,0.38666666666666666
492,0.69
493,0.07433333333333333
494,0.43888888888888894
495,0.14666666666666667
496,0.4
497,0.19322529441884279
498,0.352
499,0.16666666666666666
500,0.23333333333333334
501,0.104
502,0.06333333333333334
503,0.9966666666666667
504,0.01
505,0.4
506,0.59
507,0.6708129420263568
508,0.20083333333333334
509,0.049166666666666664
510,0.03
511,0.01
512,0.32
513,0.325
514,0.14333333333333334
515,0.07666666666666666
516,0.18833333333333332
517,0.23333333333333334
518,0.7494238591457123
519,0.09888888888888889
520,0.36
521,0.10666666666666667
522,0.11333333333333333
523,0.1
524,0.17666666666666667
525,0.04
526,0.26
527,0.02
528,0.06666666666666667
529,1.0
530,0.22
531,0.5066666666666667
532,0.36333333333333334
533,0.02
534,0.54
535,0.03
536,0.06666666666666667
537,0.8675
538,0.49
539,0.12666666666666668
540,0.24666666666666667
541,0.5433333333333333
542,0.06666666666666667
543,0.04666666666666667
544,0.25333333333333335
545,0.2
546,0.22666666666666666
547,0.08
548,0.6566666666666666
549,0.19166666666666668
550,0.22
551,0.9504871794871796
552,1.0
553,0.26666666666666666
554,0.9610000000000001
555,0.006666666666666667
556,0.041666666666666664
557,0.05333333333333334
558,0.4866666666666667
559,0.9743333333333334
560,0.19666666666666666
561,0.14333333333333334
562,0.9833333333333333
563,0.5966666666666667
564,0.06
565,0.10270123602647543
566,0.45666666666666667
567,0.06
568,0.08
569,0.06777777777777777
570,0.81
571,0.33
572,0.14333333333333334
573,0.16333333333333333
574,0.18333333333333332
575,0.9966666666666667
576,0.10666666666666667
577,0.07666666666666666
578,0.38
579,1.0
580,0.10666666666666667
581,0.0006666666666666668
582,0.02777777777777778
583,0.12666666666666668
584,0.023
585,0.39666666666666667
586,0.4081944444444444
587,1.0
588,0.13666666666666666
589,0.3933333333333333
590,0.9933333333333333
591,0.2961111111111111
592,1.0
593,0.01
594,0.8666666666666667
595,0.04
596,0.006666666666666667
597,0.15333333333333332
598,0.023333333333333334
599,0.21333333333333335
600,0.19285714285714287
601,0.7566666666666667
602,0.21
603,0.9933333333333333
604,0.22033333333333333
605,0.08
606,0.24666666666666667
607,0.14333333333333334
608,0.03666666666666667
609,0.02666666666666667
610,0.03666666666666667
611,0.2727777777777778
612,0.19
613,0.04666666666666667
614,0.09
615,0.32666666666666666
616,0.17333333333333334
617,0.3333333333333333
618,0.08
619,0.0353121693121693
620,0.24
621,0.21
622,0.3
623,0.08666666666666667
624,0.02666666666666667
625,0.058809523809523805
626,0.09
627,0.6708129420263568
628,0.9733333333333334
629,0.05
630,0.981
631,0.09333333333333334
632,0.98
633,0.06981349206349205
634,0.36666666666666664
635,0.15333333333333332
636,0.1
637,0.06666666666666667
638,0.0033333333333333335
639,0.10666666666666667
640,0.9933333333333333
641,0.05333333333333334
642,0.03333333333333333
643,1.0
644,0.5366666666666666
645,0.3248486590038314
646,0.15333333333333332
647,0.38
648,0.13152030604223588
649,0.11333333333333333
650,0.12
651,0.05
652,0.9933333333333333
653,0.023333333333333334
654,0.19
655,1.0
656,0.3433333333333333
657,0.0033333333333333335
658,0.02
659,0.29
660,0.25666666666666665
661,0.04666666666666667
662,0.99
663,0.11666666666666667
664,0.08666666666666667
665,0.99
666,0.11666666666666667
667,0.05323412698412699
668,0.0033333333333333335
669,0.9866666666666667
670,0.10847619047619048
671,0.49666666666666665
672,0.37666666666666665
673,1.0
674,0.9933333333333333
675,0.29266787178802045
676,0.035
677,0.49333333333333335
678,0.10666666666666667
679,0.02
680,0.9966666666666667
681,0.245
682,0.99
683,0.9933333333333333
684,0.04666666666666667
685,0.9966666666666667
686,0.006666666666666667
687,0.1987179487179487
688,0.99
689,0.32
690,0.03
691,0.9966666666666667
692,0.043333333333333335
693,0.27666666666666667
694,0.99
695,0.39541808311198606
696,0.15825713175713194
697,0.9866666666666667
698,0.27
699,0.16891666666666666
700,0.9966666666666667
701,0.7466666666666667
702,0.206
703,0.10666666666666667
704,0.09888888888888889
705,0.24
706,0.01
707,0.99
708,0.006666666666666667
709,0.06911111111111111
710,0.9966666666666667
711,0.08666666666666667
712,0.1
713,0.5066666666666667
714,0.42258201058201067
715,0.18
716,0.27781084656084665
717,0.9966666666666667
718,0.011666666666666667
719,0.9866666666666667
720,0.6533333333333333
721,0.18333333333333332
722,0.6633333333333333
723,0.89
724,0.9334313725490195
725,0.96
726,0.2
727,0.32666666666666666
728,0.02
729,0.06
730,0.016666666666666666
731,0.15
732,1.0
733,0.7366666666666667
734,0.25729166666666664
735,0.12
736,0.37
737,0.07
738,0.9966666666666667
739,0.21
740,0.17
741,0.10333333333333333
742,0.16990196078431372
743,0.06
744,0.04666666666666667
745,0.41
746,0.013333333333333334
747,0.54875
748,0.012380952380952381
749,0.245
750,0.023333333333333334
751,0.11753805608449565
752,0.7508333333333334
753,0.13
754,0.92
755,0.2633333333333333
756,0.013333333333333334
757,0.016666666666666666
758,0.15
759,0.7533333333333333
760,0.18
761,0.07666666666666666
762,0.02
763,0.08333333333333333
764,0.18666666666666668
765,0.03333333333333333
766,0.25
767,0.16333333333333333
768,0.0
769,0.9966666666666667
770,0.05333333333333334
771,0.05240885040885042
772,0.9505555555555554
773,0.35
774,0.44046296296296295
775,0.49333333333333335
776,0.21666666666666667
777,0.11666666666666667
778,0.023333333333333334
779,0.9227599067599067
780,0.14333333333333334
781,0.043333333333333335
782,0.08333333333333333
783,0.20666666666666667
784,0.09833333333333333
785,1.0
786,0.20666666666666667
787,0.4266666666666667
788,0.02
789,0.012981481481481481
790,0.34
791,0.13666666666666666
792,0.06666666666666667
793,0.01
794,0.023333333333333334
795,0.20833333333333334
796,0.9766666666666667
797,0.37
798,0.26666666666666666
799,0.043333333333333335
800,0.9966666666666667
801,0.08666666666666667
802,0.05333333333333334
803,0.006666666666666667
804,0.10666666666666667
805,0.36
806,0.02666666666666667
807,0.15333333333333332
808,0.03
809,0.11
810,0.9866666666666667
811,0.9966666666666667
812,0.23666666666666666
813,0.23333333333333334
814,0.89
815,0.3466666666666667
816,0.043333333333333335
817,0.21333333333333335
818,0.7537415697048049
819,0.043333333333333335
820,0.0
821,0.4666666666666667
822,0.02
823,0.12333333333333334
824,0.6508333333333334
825,0.4419444444444445
826,0.48333333333333334
827,0.07
828,1.0
829,0.016666666666666666
830,0.20666666666666667
831,0.04
832,0.3566666666666667
833,0.2544444444444444
834,0.041666666666666664
835,0.10666666666666667
836,0.02
837,0.0011111111111111111
838,0.9911111111111113
839,0.06333333333333334
840,0.6533333333333333
841,0.09666666666666666
842,0.12888307493540055
843,0.10777777777777776
844,0.9966666666666667
845,0.16
846,0.016666666666666666
847,0.06666666666666667
848,0.26
849,0.20666666666666667
850,0.03
851,0.0
852,0.2733333333333333
853,0.66
854,0.9966666666666667
855,0.13666666666666666
856,0.18333333333333332
857,0.23666666666666666
858,1.0
859,0.44
860,0.02666666666666667
861,0.04
862,0.9733333333333334
863,0.10333333333333333
864,0.23666666666666666
865,0.43666666666666665
866,0.056666666666666664
867,0.9966666666666667
868,0.15
869,0.9966666666666667
870,0.08666666666666667
871,0.9866666666666667
872,0.04
873,0.15666666666666668
874,0.12666666666666668
875,0.006666666666666667
876,0.93
877,0.01
878,0.12666666666666668
879,0.08666666666666667
880,0.0
881,0.016666666666666666
882,0.12333333333333334
883,0.02
884,0.15333333333333332
885,0.03
886,0.01
887,0.14
888,0.11666666666666667
889,0.6216666666666667
890,0.4066666666666667
891,0.15
892,0.36666666666666664
893,0.43333333333333335
894,0.2555555555555556
895,0.008333333333333333
896,0.18
897,0.16
898,0.16333333333333333
899,0.013333333333333334
900,0.6966666666666667
901,0.23333333333333334
902,0.13611111111111113
903,1.0
904,0.09333333333333334
905,0.08166666666666667
906,0.16333333333333333
907,0.16
908,0.04726190476190476
909,0.36333333333333334
910,0.02666666666666667
911,0.013333333333333334
912,0.49
913,0.14666666666666667
914,0.1
915,0.99
916,0.22
917,0.15
918,0.1
919,0.040625
920,0.54
921,0.36
922,0.04
923,0.37666666666666665
924,0.3516666666666667
925,0.521
926,0.0033333333333333335
927,0.48
928,0.31
929,0.27174603174603174
930,0.01
931,0.11666666666666667
932,0.0911111111111111
933,0.03333333333333333
934,0.0033333333333333335
935,0.43333333333333335
936,0.08333333333333333
937,0.27
938,1.0
939,0.4425
940,1.0
941,0.04666666666666667
942,0.08
943,0.4866666666666667
944,0.22666666666666666
945,0.22666666666666666
946,0.07
947,0.1
948,0.1496296296296296
949,0.36666666666666664
950,0.3566666666666667
951,0.11333333333333333
952,0.9866666666666667
953,0.27
954,0.05
955,0.145
956,0.24333333333333335
957,0.20333333333333334
958,0.06666666666666667
959,0.05333333333333334
960,0.6666666666666666
961,0.12
962,0.023333333333333334
963,0.40166666666666667
964,0.21527777777777782
965,0.22333333333333333
966,0.018518518518518517
967,0.32
968,0.07666666666666666
969,0.9933333333333333
970,0.26666666666666666
971,0.23666666666666666
972,0.16
973,0.056666666666666664
974,0.05333333333333334
975,0.02666666666666667
976,0.82
977,0.9866666666666667
978,1.0
979,0.5716666666666667
980,0.985
981,0.24666666666666667
982,0.12555555555555556
983,0.5272222222222221
984,0.26
985,0.01
986,0.9844444444444443
987,0.44666666666666666
988,0.33666666666666667
989,0.02666666666666667
990,0.99
991,0.4
992,0.19
993,0.02
994,0.013333333333333334
995,0.9966666666666667
996,0.8621852198455141
997,0.006666666666666667
998,0.9545555555555556
999,0.15333333333333332
1000,0.9966666666666667
1001,0.5966666666666667
1002,0.5933333333333334
1003,0.05
1004,0.2633333333333333
1005,0.03333333333333333
1006,0.05333333333333334
1007,0.104
1008,0.015
1009,0.04666666666666667
1010,0.16152777777777777
1011,0.0
1012,0.22666666666666666
1013,0.05
1014,0.34
1015,0.36
1016,0.03166666666666667
1017,0.6633333333333333
1018,0.6966666666666667
1019,0.02666666666666667
1020,0.09
1021,0.13224999999999998
1022,0.13
1023,0.31
1024,0.15
1025,0.5466666666666666
1026,0.5233333333333333
1027,0.338
1028,0.07333333333333333
1029,0.23166666666666666
1030,0.89
1031,0.10333333333333333
1032,0.16555555555555554
1033,0.13333333333333333
1034,1.0
1035,0.7633333333333333
1036,0.81
1037,0.02666666666666667
1038,0.10242063492063491
1039,0.11
1040,0.3
1041,0.03333333333333333
1042,0.023333333333333334
1043,0.9340314315314316
1044,0.10333333333333333
1045,0.16666666666666666
1046,0.8866666666666667
1047,0.0033333333333333335
1048,0.26666666666666666
1049,0.013333333333333334
1050,0.27
1051,0.44666666666666666
1052,0.05037223778400249
1053,0.050666666666666665
1054,0.18666666666666668
1055,0.25666666666666665
1056,0.21666666666666667
1057,0.5166666666666667
1058,0.9933333333333333
1059,0.07333333333333333
1060,0.17490053793176374
1061,0.9933333333333333
1062,0.03777777777777778
1063,0.043333333333333335
1064,0.0125
1065,0.9964999999999999
1066,1.0
1067,0.043333333333333335
1068,0.12333333333333334
1069,0.8105560158025475
1070,0.03666666666666667
1071,0.44666666666666666
1072,0.9427094017094017
1073,0.9966666666666667
1074,0.10333333333333333
1075,0.40166666666666667
1076,0.02
1077,0.2966666666666667
1078,0.6999328449328449
1079,0.008888888888888889
1080,0.3144444444444444
1081,0.08384615384615385
1082,0.17333333333333334
1083,0.15666666666666668
1084,0.18166666666666667
1085,0.16666666666666666
1086,0.05
1087,0.06666666666666667
1088,0.14333333333333334
1089,0.15
1090,0.18333333333333332
1091,0.013333333333333334
1092,1.0
1093,0.02
1094,0.06666666666666667
1095,0.6066666666666667
1096,0.3233333333333333
1097,0.3933333333333333
1098,1.0
1099,0.14333333333333334
1100,0.10333333333333333
1101,0.11585185185185184
1102,0.36333333333333334
1103,0.006666666666666667
1104,0.01
1105,0.105
1106,0.15
1107,0.4509743797081258
1108,1.0
1109,0.21733333333333335
1110,0.05333333333333334
1111,0.49
1112,0.03133333333333333
1113,0.14666666666666667
1114,0.07666666666666666
1115,0.2162962962962963
1116,0.013333333333333334
1117,0.28
1118,0.759744503862151
1119,0.2833333333333333
1120,0.0044444444444444444
1121,0.05333333333333334
1122,0.02
1123,0.1442857142857143
1124,0.05333333333333334
1125,0.043333333333333335
1126,0.16
1127,0.3433333333333333
1128,0.31
1129,0.37
1130,0.9966666666666667
1131,0.2
1132,0.31666666666666665
1133,1.0
1134,0.28
1135,0.016666666666666666
1136,0.8598251748251747
1137,1.0
1138,0.18666666666666668
1139,0.10333333333333333
1140,0.17490053793176374
1141,0.17
1142,0.15388888888888888
1143,0.14333333333333334
1144,0.20666666666666667
1145,0.06666666666666667
1146,0.5866666666666667
1147,0.22
1148,0.9222222222222223
1149,0.23333333333333334
1150,0.08166666666666667
1151,0.07333333333333333
1152,0.19
1153,0.03333333333333333
1154,0.7088504273504274
1155,0.18666666666666668
1156,0.02
1157,0.6566666666666666
1158,0.1
1159,0.44333333333333336
1160,0.09666666666666666
1161,0.020925925925925924
1162,0.2733333333333333
1163,0.0
1164,0.0945
1165,0.20333333333333334
1166,0.3933333333333333
1167,0.06666666666666667
1168,0.9110949235949238
1169,0.04666666666666667
1170,0.47074074074074074
1171,0.1425
1172,0.98
1173,0.11
1174,0.15333333333333332
1175,0.2733333333333333
1176,0.09
1177,0.15333333333333332
1178,0.9133333333333333
1179,0.5366666666666666
1180,0.043333333333333335
1181,0.9966666666666667
1182,0.53
1183,0.06
1184,1.0
1185,0.9833333333333333
1186,0.19666666666666666
1187,0.04933333333333333
1188,0.0033333333333333335
1189,1.0
1190,0.056666666666666664
1191,0.12333333333333334
1192,0.006666666666666667
1193,0.056666666666666664
1194,0.02666666666666667
1195,0.10666666666666667
1196,0.08666666666666667
1197,0.056666666666666664
1198,0.1822222222222222
1199,0.37666666666666665
1200,0.26666666666666666
1201,0.7822390572390574
1202,0.06666666666666667
1203,0.023333333333333334
1204,0.9833333333333333
1205,0.96
1206,0.9833333333333333
1207,0.2
1208,0.18
1209,0.023333333333333334
1210,0.2611111111111111
1211,0.11333333333333333
1212,0.38333333333333336
1213,0.01
1214,0.09333333333333334
1215,0.07104377104377105
1216,0.4266666666666667
1217,0.15
1218,0.12333333333333334
1219,0.013333333333333334
1220,0.07666666666666666
1221,0.04
1222,0.12
1223,0.16833333333333333
1224,0.36
1225,1.0
1226,0.02
1227,0.01
1228,0.9966666666666667
1229,0.03
1230,0.91
1231,0.029242424242424243
1232,0.32
1233,0.41333333333333333
1234,0.19333333333333333
1235,0.23666666666666666
1236,0.12888888888888891
1237,0.9866666666666667
1238,0.9866666666666667
1239,0.4017777777777778
1240,0.33666666666666667
1241,0.023333333333333334
1242,0.31
1243,0.0033333333333333335
1244,0.99
1245,0.11333333333333333
1246,1.0
1247,0.9866666666666667
1248,0.24666666666666667
1249,0.03333333333333333
1250,0.04
1251,0.043333333333333335
1252,0.08
1253,0.19333333333333333
1254,0.04666666666666667
1255,0.8096456336920733
1256,0.9733333333333334
1257,0.13333333333333333
1258,0.07333333333333333
1259,0.01
1260,0.53
1261,0.13
1262,0.0033333333333333335
1263,0.02666666666666667
1264,0.09666666666666666
1265,0.9966666666666667
1266,0.14666666666666667
1267,0.5833333333333334
1268,0.17666666666666667
1269,0.013333333333333334
1270,0.10333333333333333
1271,0.07
1272,0.9633333333333334
1273,0.19
1274,0.06666666666666667
1275,0.5173862199478902
1276,0.016666666666666666
1277,0.09
1278,0.22333333333333333
1279,0.07666666666666666
1280,0.42353174603174604
1281,0.033274676468926116
1282,0.2
1283,0.19
1284,0.34
1285,0.12666666666666668
1286,0.19666666666666666
1287,0.056666666666666664
1288,0.03222222222222223
1289,0.07
1290,1.0
1291,0.310484126984127
1292,0.015177304964539007
1293,0.19
1294,0.15333333333333332
1295,0.37666666666666665
1296,0.06
1297,0.08666666666666667
1298,0.0
1299,0.9966666666666667
1300,0.14666666666666667
1301,0.06666666666666667
1302,0.03333333333333333
1303,0.6433333333333333
1304,0.3006666666666667
1305,0.02
1306,0.3
1307,0.9933333333333333
1308,0.06666666666666667
1309,0.28
1310,0.14555555555555558
1311,0.2557142857142857
1312,0.23666666666666666
1313,0.71
1314,0.49
1315,0.4266666666666667
1316,0.15666666666666668
1317,0.2911111111111111
1318,0.14
1319,0.14722222222222223
1320,0.01
1321,0.16833333333333333
1322,0.31666666666666665
1323,0.14416666666666667
1324,0.006666666666666667
1325,0.16108277321806733
1326,0.21
1327,0.21614906988436397
1328,0.32666666666666666
1329,0.02
1330,0.33
1331,0.5519999999999999
1332,0.015333333333333332
1333,0.02
1334,0.13333333333333333
1335,1.0
1336,1.0
1337,0.09333333333333334
1338,0.9833333333333333
1339,0.24
1340,0.10666666666666667
1341,0.25333333333333335
1342,0.15583333333333332
1343,0.18
1344,0.13
1345,0.02
1346,0.7717433862433862
1347,0.016666666666666666
1348,0.41
1349,0.43
1350,0.9966666666666667
1351,0.3933333333333333
1352,0.39666666666666667
1353,0.7133333333333334
1354,0.5673333333333332
1355,0.09884615384615385
1356,0.20666666666666667
1357,0.38333333333333336
1358,0.23666666666666666
1359,0.04666666666666667
1360,0.013333333333333334
1361,1.0
1362,0.10333333333333333
1363,0.043333333333333335
1364,0.13
1365,0.01
1366,0.14984615384615382
1367,0.03133333333333333
1368,0.38666666666666666
1369,0.1
1370,0.31666666666666665
1371,0.01
1372,0.13333333333333333
1373,0.38666666666666666
1374,0.9866666666666667
1375,0.07666666666666666
1376,0.12
1377,1.0
1378,0.016666666666666666
1379,0.58
1380,0.2061904761904762
1381,0.2342105263157895
1382,0.09555555555555556
1383,0.25666666666666665
1384,1.0
1385,0.19666666666666666
1386,0.06
1387,0.2822222222222222
1388,0.9966666666666667
1389,0.83
1390,1.0
1391,0.03333333333333333
1392,0.26666666666666666
1393,0.36666666666666664
1394,0.17666666666666667
1395,0.14666666666666667
1396,0.01112962962962963
1397,0.25
1398,0.19111111111111112
1399,0.03666666666666667
1400,0.16666666666666666
1401,0.1
1402,0.17333333333333334
1403,0.4633333333333333
1404,0.016666666666666666
1405,0.4477777777777777
1406,0.043333333333333335
1407,0.05333333333333334
1408,0.06666666666666667
1409,0.1
1410,0.013333333333333334
1411,0.23666666666666666
1412,0.9494265734265733
1413,0.32
1414,0.01125
1415,0.335
1416,0.5266666666666666
1417,0.38333333333333336
1418,0.9866666666666667
1419,0.2966666666666667
1420,0.99
1421,0.015
1422,0.36333333333333334
1423,0.043333333333333335
1424,0.07333333333333333
1425,0.7266666666666667
1426,0.08666666666666667
1427,0.06666666666666667
1428,0.2633333333333333
1429,0.25
1430,0.9966666666666667
1431,0.63
1432,0.05
1433,0.006666666666666667
1434,1.0
1435,0.7410314814814816
1436,0.21761111111111112
1437,0.02666666666666667
1438,0.9966666666666667
1439,0.013333333333333334
1440,0.21
1441,0.8213442073674041
1442,0.18
1443,0.043478260869565216
1444,0.06333333333333334
1445,0.93
1446,0.17333333333333334
1447,0.42333333333333334
1448,0.17727272727272728
1449,0.39666666666666667
1450,0.8158830818877261
1451,0.04
1452,0.04674679487179487
1453,0.22333333333333333
1454,0.04
1455,0.2043333333333333
1456,0.11333333333333333
1457,0.9911111111111113
1458,1.0
1459,0.10833333333333334
1460,0.03333333333333333
1461,0.33
1462,0.9966666666666667
1463,0.20666666666666667
1464,0.013333333333333334
1465,0.7066666666666667
1466,0.15097435897435899
1467,0.14333333333333334
1468,0.24666666666666667
1469,0.3227777777777778
1470,0.32
1471,0.1
1472,0.06
1473,0.38402777777777775
1474,0.5400000000000001
1475,0.02
1476,0.01
1477,0.91
1478,0.41690692640692634
1479,0.12
1480,0.43333333333333335
1481,0.28185185185185185
1482,0.28583333333333333
1483,0.14
1484,0.14333333333333334
1485,0.04
1486,0.01
1487,0.05
1488,0.013333333333333334
1489,0.985
1490,0.03833333333333333
1491,0.19333333333333333
1492,0.1
1493,0.22666666666666666
1494,0.42
1495,0.4166666666666667
1496,0.3433333333333333
1497,0.18333333333333332
1498,0.013333333333333334
1499,0.33
1500,0.9966666666666667
1501,0.016666666666666666
1502,0.07
1503,0.29
1504,0.09666666666666666
1505,0.016666666666666666
1506,0.11333333333333333
1507,0.07666666666666666
1508,0.10666666666666667
1509,0.18416572959490926
1510,0.41333333333333333
1511,0.2966666666666667
1512,0.04
1513,0.06
1514,0.3233333333333333
1515,0.21833333333333332
1516,0.6051525971542171
1517,0.021666666666666667
1518,0.21
1519,0.105
1520,0.07
1521,0.11333333333333333
1522,0.13599999999999998
1523,0.16533333333333333
1524,0.09666666666666666
1525,0.44
1526,0.1
1527,0.9966666666666667
1528,0.25666666666666665
1529,1.0
1530,0.31
1531,0.04
1532,0.5158333333333334
1533,0.10333333333333333
1534,0.9966666666666667
1535,0.33
1536,0.22333333333333333
1537,0.07
1538,0.2
1539,0.04666666666666667
1540,0.03
1541,0.29333333333333333
1542,1.0
1543,0.09
1544,0.8401752136752136
1545,0.08666666666666667
1546,0.01
1547,0.25
1548,0.36333333333333334
1549,0.2866666666666667
1550,0.1522222222222222
1551,0.12
1552,0.02666666666666667
1553,0.013333333333333334
1554,0.023333333333333334
1555,0.7833333333333333
1556,0.12333333333333334
1557,1.0
1558,0.43333333333333335
1559,0.39666666666666667
1560,0.39
1561,0.01
1562,0.13666666666666666
1563,0.08666666666666667
1564,0.04666666666666667
1565,0.18
1566,0.0
1567,0.19333333333333333
1568,0.6733333333333333
1569,1.0
1570,0.04666666666666667
1571,0.02666666666666667
1572,0.4683333333333333
1573,0.8733333333333333
1574,0.03666666666666667
1575,0.9966666666666667
1576,0.31333333333333335
1577,0.029743589743589746
1578,0.14333333333333334
1579,0.8580593408306801
1580,0.05333333333333334
1581,0.19333333333333333
1582,0.03666666666666667
1583,0.38333333333333336
1584,0.9966666666666667
1585,0.0033333333333333335
1586,0.09666666666666666
1587,0.16
1588,0.51
1589,0.54
1590,0.05333333333333334
1591,0.31666666666666665
1592,0.14666666666666667
1593,0.12333333333333334
1594,0.061111111111111116
1595,0.99
1596,0.24333333333333335
1597,0.61
1598,1.0
1599,0.32
1600,1.0
1601,0.5909523809523809
1602,0.3433333333333333
1603,0.013333333333333334
1604,0.13444444444444445
1605,0.05333333333333334
1606,0.013333333333333334
1607,0.043333333333333335
1608,0.06666666666666667
1609,1.0
1610,0.08666666666666667
1611,0.5899444444444445
1612,0.38666666666666666
1613,0.18148148148148147
1614,0.1963888888888889
1615,0.07666666666666666
1616,0.9966666666666667
1617,0.06888888888888887
1618,0.041111111111111105
1619,0.9235555555555556
1620,0.016666666666666666
1621,0.016666666666666666
1622,0.37666666666666665
1623,0.27
1624,0.03333333333333333
1625,0.365
1626,0.088334455667789
1627,0.08333333333333333
1628,0.92
1629,0.31666666666666665
1630,0.38666666666666666
1631,0.07
1632,0.9683333333333334
1633,1.0
1634,0.013333333333333334
1635,0.05
1636,0.13333333333333333
1637,0.48333333333333334
1638,0.11666666666666667
1639,0.5766666666666667
1640,0.5466666666666666
1641,0.013333333333333334
1642,1.0
1643,0.016666666666666666
1644,0.31
1645,0.4166666666666667
1646,0.05333333333333334
1647,0.017777777777777778
1648,0.3333333333333333
1649,0.07333333333333333
1650,0.16
1651,0.14388888888888887
1652,0.03666666666666667
1653,0.18
1654,0.10333333333333333
1655,0.8066666666666666
1656,0.07666666666666666
1657,0.3
1658,0.06
1659,0.08333333333333333
1660,0.07333333333333333
1661,0.2755555555555555
1662,0.07
1663,0.05
1664,0.235
1665,0.628
1666,0.07333333333333333
1667,0.5566666666666666
1668,0.28
1669,0.006666666666666667
1670,0.0033333333333333335
1671,0.46458333333333335
1672,0.036309523809523805
1673,0.31666666666666665
1674,0.21
1675,0.07
1676,0.10333333333333333
1677,0.16333333333333333
1678,0.13324786324786325
1679,0.29333333333333333
1680,0.32
1681,0.09666666666666666
1682,0.007
1683,0.5987222222222222
1684,0.19333333333333333
1685,0.20833333333333334
1686,0.27
1687,0.24
1688,0.9034949494949494
1689,0.49
1690,0.09333333333333334
1691,0.2722222222222222
1692,0.1336111111111111
1693,0.19333333333333333
1694,0.2966666666666667
1695,0.9866666666666667
1696,0.9266666666666666
1697,0.30666666666666664
1698,0.99
1699,0.9034949494949494
1700,0.6166666666666667
1701,0.0
1702,0.04
1703,0.03333333333333333
1704,0.08111111111111112
1705,0.05333333333333334
1706,1.0
1707,0.15333333333333332
1708,0.006666666666666667
1709,0.99
1710,0.08733333333333333
1711,0.9966666666666667
1712,0.18090034965034968
1713,0.006666666666666667
1714,0.07333333333333333
1715,0.23
1716,0.20777777777777778
1717,0.7133333333333334
1718,0.8201074909495961
1719,0.44666666666666666
1720,0.9441666666666667
1721,0.6233333333333333
1722,0.03
1723,0.6033333333333334
1724,0.043333333333333335
1725,0.03038363171355499
1726,0.5433333333333333
1727,0.08
1728,0.16666666666666666
1729,0.49
1730,0.4
1731,0.14666666666666667
1732,0.26666666666666666
1733,0.016666666666666666
1734,0.3933333333333333
1735,0.6755555555555556
1736,0.99
1737,0.5066666666666667
1738,0.9844444444444443
1739,0.10333333333333333
1740,0.20444444444444446
1741,0.27666666666666667
1742,0.14666666666666667
1743,0.25333333333333335
1744,0.04666666666666667
1745,0.04733333333333333
1746,0.08222222222222221
1747,0.2733333333333333
1748,0.04
1749,0.14666666666666667
1750,0.016666666666666666
1751,0.03888888888888889
1752,0.023333333333333334
1753,0.05
1754,0.05
1755,0.07666666666666666
1756,0.7
1757,0.12
1758,0.04
1759,0.3566666666666667
1760,0.01
1761,0.14333333333333334
1762,0.9933333333333333
1763,0.17666666666666667
1764,0.12
1765,0.19
1766,0.16333333333333333
1767,0.056666666666666664
1768,0.33
1769,0.7005092785211915
1770,0.21666666666666667
1771,0.31333333333333335
1772,0.006666666666666667
1773,0.35
1774,0.06666666666666667
1775,0.043333333333333335
1776,0.07087301587301588
1777,0.24
1778,0.9966666666666667
1779,0.15333333333333332
1780,0.06333333333333334
1781,0.2973809523809524
1782,0.03333333333333333
1783,0.7566666666666667
1784,0.09333333333333334
1785,0.02666666666666667
1786,1.0
1787,1.0
1788,0.46
1789,0.5866666666666667
1790,0.3616666666666667
1791,0.18866666666666668
1792,0.26
1793,0.14166666666666666
1794,0.6766666666666666
1795,0.08833333333333333
1796,0.25604040505825554
1797,0.1
1798,0.9833333333333333
1799,0.25777777777777783
1800,0.013333333333333334
1801,0.9966666666666667
1802,0.03666666666666667
1803,0.07
1804,0.09
1805,0.18
1806,0.10666666666666667
1807,0.32
1808,0.20333333333333334
1809,0.02666666666666667
1810,0.9533333333333334
1811,0.25604040505825554
1812,0.05
1813,0.6739999999999999
1814,0.22666666666666666
1815,0.07333333333333333
1816,0.26
1817,0.013333333333333334
1818,0.04
1819,0.1
1820,0.9884848484848483
1821,0.023333333333333334
1822,0.013333333333333334
1823,0.6766666666666666
1824,0.07666666666666666
1825,1.0
1826,0.04666666666666667
1827,0.016666666666666666
1828,0.31
1829,0.25272222222222224
1830,0.1188888888888889
1831,0.74
1832,0.22
1833,0.03
1834,0.9966666666666667
1835,0.32666666666666666
1836,0.01
1837,0.8358479532163744
1838,0.28
1839,0.02666666666666667
1840,0.06666666666666667
1841,0.13
1842,0.06333333333333334
1843,0.18333333333333332
1844,0.006666666666666667
1845,0.5054501631944498
1846,0.07333333333333333
1847,0.20333333333333334
1848,0.043333333333333335
1849,0.25
1850,0.7415213675213675
1851,0.006666666666666667
1852,0.023333333333333334
1853,0.13666666666666666
1854,0.03333333333333333
1855,0.013333333333333334
1856,0.14
1857,0.118
1858,0.33666666666666667
1859,0.32
1860,0.4666666666666667
1861,0.5291666666666667
1862,0.028055555555555552
1863,0.3393333333333333
1864,1.0
1865,0.03666666666666667
1866,0.11
1867,0.9610000000000001
1868,0.043333333333333335
1869,0.9975757575757576
1870,0.185
1871,0.13
1872,0.03
1873,1.0
1874,0.10666666666666667
1875,0.25666666666666665
1876,0.02
1877,1.0
1878,0.08666666666666667
1879,0.07166666666666667
1880,0.33
1881,0.03133333333333333
1882,0.07604761904761904
1883,0.22333333333333333
1884,0.56
1885,0.9833333333333333
1886,0.006666666666666667
1887,0.043333333333333335
1888,0.34
1889,0.2833333333333333
1890,0.6556481481481482
1891,1.0
1892,0.013333333333333334
1893,0.1107936507936508
1894,0.013333333333333334
1895,0.7066666666666667
1896,0.12666666666666668
1897,0.1
1898,0.043333333333333335
1899,1.0
1900,0.03
1901,0.7747888589398023
1902,0.2833333333333333
1903,0.6933333333333334
1904,0.08
1905,0.19
1906,0.4766666666666667
1907,0.32666666666666666
1908,0.99
1909,0.7608207612800635
1910,0.7494238591457123
1911,0.004595238095238095
1912,0.11
1913,0.07
1914,0.41
1915,0.03518518518518519
1916,1.0
1917,0.2733333333333334
1918,0.17
1919,0.7811322751322751
1920,1.0
1921,0.006666666666666667
1922,0.9743333333333334
1923,0.7233333333333334
1924,0.05333333333333334
1925,0.26
1926,0.9566666666666667
1927,0.05
1928,0.1
1929,0.3119259259259259
1930,0.9966666666666667
1931,0.6861111111111111
1932,1.0
1933,0.42333333333333334
1934,0.33
1935,0.016666666666666666
1936,0.18
1937,0.023333333333333334
1938,0.6466666666666666
1939,0.12666666666666668
1940,0.2966666666666667
1941,0.06
1942,0.7733333333333333
1943,0.9833333333333333
1944,0.1338095238095238
1945,0.050055555555555555
1946,0.025
1947,0.10333333333333333
1948,0.93659324009324
1949,0.9446666666666665
1950,0.21666666666666667
1951,0.9945833333333334
1952,0.5766666666666667
1953,0.24666666666666667
1954,0.13666666666666666
1955,0.3197698412698412
1956,0.19666666666666666
1957,0.22333333333333333
1958,0.15666666666666668
1959,0.24333333333333335
1960,0.05333333333333334
1961,0.24
1962,0.023333333333333334
1963,0.34222222222222226
1964,0.06564935064935065
1965,0.08
1966,0.01
1967,0.016666666666666666
1968,0.13027777777777777
1969,0.8213442073674041
1970,1.0
1971,0.38666666666666666
1972,0.38666666666666666
1973,0.08666666666666667
1974,0.01
1975,0.565891690009337
1976,0.0
1977,0.057999999999999996
1978,0.16666666666666666
1979,0.045
1980,0.125
1981,0.24666666666666667
1982,0.595
1983,0.023333333333333334
1984,0.15666666666666668
1985,0.065
1986,0.05
1987,0.31333333333333335
1988,0.028474205907798786
1989,0.12
1990,0.24555555555555553
1991,0.10832132682132677
1992,0.05
1993,0.8884444444444444
1994,0.9933333333333333
1995,0.11666666666666667
1996,0.10166666666666667
1997,1.0
1998,0.016666666666666666
1999,0.7410314814814816
2000,0.2966666666666667
2001,0.14
2002,0.0033333333333333335
2003,0.02666666666666667
2004,0.03666666666666667
2005,0.05
2006,0.34
2007,0.08333333333333333
2008,0.51
2009,0.06666666666666667
2010,0.5466666666666666
2011,0.016666666666666666
2012,0.9911111111111113
2013,0.43227457948353465
2014,0.06333333333333334
2015,0.12565718896698844
2016,0.03
2017,0.02666666666666667
2018,0.24666666666666667
2019,0.025
2020,0.06
2021,0.15278166278166277
2022,0.23666666666666666
2023,0.13666666666666666
2024,0.9966666666666667
2025,0.6366666666666667
2026,0.9833333333333333
2027,0.19666666666666666
2028,0.5566666666666666
2029,0.19333333333333333
2030,0.045
2031,0.0033333333333333335
2032,0.1
2033,0.17
2034,0.14
2035,0.1
2036,0.4033333333333333
2037,0.7066666666666667
2038,0.10166666666666667
2039,0.05333333333333334
2040,0.19
2041,0.9966666666666667
2042,0.2
2043,1.0
2044,0.9966666666666667
2045,0.23714285714285713
2046,0.01825
2047,0.02
2048,0.03
2049,0.4633333333333333
2050,0.4944444444444444
2051,0.02
2052,0.02
2053,0.04666666666666667
2054,0.09833333333333333
2055,0.08627777777777779
2056,0.1
2057,0.14333333333333334
2058,0.20666666666666667
2059,0.19
2060,0.03
2061,0.05333333333333334
2062,0.26
2063,0.06867521367521368
2064,0.37333333333333335
2065,0.06666666666666667
2066,0.77
2067,0.16
2068,0.916
2069,0.023333333333333334
2070,0.8264420818832585
2071,0.27971014492753626
2072,0.5333333333333333
2073,0.3433333333333333
2074,0.16
2075,0.10555555555555556
2076,0.9966666666666667
2077,0.43666666666666665
2078,0.14333333333333334
2079,0.53
2080,0.6401920629054776
2081,0.2305555555555555
2082,1.0
2083,0.6283333333333333
2084,0.9340314315314316
2085,0.045
2086,0.4176923076923077
2087,0.09908163245348602
2088,0.6708129420263568
2089,0.01
2090,0.43227457948353465
2091,0.07
2092,0.37
2093,0.5066666666666667
2094,1.0
2095,0.016666666666666666
2096,0.9876666666666667
2097,0.9166666666666666
2098,0.30666666666666664
2099,1.0
2100,0.07666666666666666
2101,0.18333333333333332
2102,0.056666666666666664
2103,0.03
2104,0.3711111111111111
2105,0.12
2106,0.36
2107,1.0
2108,0.019444444444444445
2109,0.08
2110,0.8884444444444444
2111,0.2922222222222222
2112,0.08
2113,0.050666666666666665
2114,0.3333333333333333
2115,0.03666666666666667
2116,0.3233333333333333
2117,0.2825
2118,1.0
2119,0.014282407407407409
2120,0.24666666666666667
2121,0.21
2122,0.05333333333333334
2123,0.14333333333333334
2124,0.06666666666666667
2125,0.2833333333333333
2126,0.926
2127,0.7410314814814816
2128,0.24333333333333335
2129,0.9966666666666667
2130,0.41333333333333333
2131,1.0
2132,0.19
2133,1.0
2134,0.016666666666666666
2135,0.19
2136,0.37
2137,0.056666666666666664
2138,0.06666666666666667
2139,0.021666666666666667
2140,0.06666666666666667
2141,0.056666666666666664
2142,0.9966666666666667
2143,0.9966666666666667
2144,0.9743333333333334
2145,0.06
2146,0.6066666666666667
2147,0.9966666666666667
2148,0.235
2149,0.16333333333333333
2150,0.02
2151,0.0
2152,0.061111111111111116
2153,0.10666666666666667
2154,0.24333333333333335
2155,0.056666666666666664
2156,0.12
2157,0.06
2158,0.2633333333333333
2159,0.05333333333333334
2160,0.11
2161,0.14777777777777776
2162,0.2866666666666667
2163,0.7542273739905319
2164,0.03333333333333333
2165,0.11666666666666667
2166,0.06333333333333334
2167,0.02666666666666667
2168,0.9106666666666666
2169,0.17490053793176374
2170,0.0033333333333333335
2171,0.16666666666666666
2172,0.5054501631944498
2173,1.0
2174,0.9966666666666667
2175,0.11333333333333333
2176,0.13933333333333334
2177,0.9966666666666667
2178,0.03166666666666667
2179,0.05
2180,0.0
2181,0.03666666666666667
2182,0.13
2183,0.12333333333333334
2184,0.10555555555555556
2185,0.8471296296296296
2186,0.9866666666666667
2187,0.43666666666666665
2188,0.04666666666666667
2189,0.9966666666666667
2190,0.05333333333333334
2191,0.08
2192,0.15
2193,0.04666666666666667
2194,0.17
2195,0.35
2196,0.26666666666666666
2197,0.2
2198,0.18564102564102564
2199,0.6566666666666666
2200,0.056666666666666664
2201,0.0033333333333333335
2202,0.03333333333333333
2203,0.32666666666666666
2204,0.94
2205,0.16
2206,0.38333333333333336
2207,0.6966666666666667
2208,0.13333333333333333
2209,0.9966666666666667
2210,0.5766666666666667
2211,0.04666666666666667
2212,0.05
2213,0.9833333333333333
2214,0.8366666666666667
2215,0.18277777777777776
2216,0.27
2217,0.023333333333333334
2218,0.02666666666666667
2219,0.3549282745886667
2220,0.05
2221,0.07333333333333333
2222,0.3611111111111111
2223,0.056666666666666664
2224,0.006666666666666667
2225,0.4266666666666667
2226,0.7533333333333333
2227,0.21777777777777782
2228,0.43333333333333335
2229,0.09
2230,0.8966666666666666
2231,0.26
2232,0.09666666666666666
2233,0.33666666666666667
2234,0.19333333333333333
2235,0.8401752136752136
2236,0.08666666666666667
2237,0.03666666666666667
2238,0.11666666666666667
2239,0.04666666666666667
2240,0.03666666666666667
2241,0.15666666666666668
2242,0.01
2243,0.10488888888888888
2244,0.6253093434343433
2245,0.048888888888888885
2246,0.8213785885167464
2247,0.7572642688187311
2248,0.9966666666666667
2249,0.3739234082910554
2250,0.759057239057239
2251,0.9966666666666667
2252,0.10333333333333333
2253,0.9733333333333334
2254,0.11333333333333333
2255,0.13666666666666666
2256,0.21
2257,0.44
2258,0.8665873015873016
2259,0.03962962962962963
2260,0.08333333333333333
2261,0.10666666666666667
2262,0.043333333333333335
2263,0.9966666666666667
2264,0.20333333333333334
2265,0.2038736383442266
2266,0.16
2267,0.7999266525273948
2268,0.12
2269,0.43333333333333335
2270,0.09666666666666666
2271,0.7333333333333333
2272,0.49
2273,0.14
2274,0.19333333333333333
2275,0.06055555555555556
2276,0.06
2277,0.96
2278,0.9933333333333333
2279,0.07666666666666666
2280,0.5466666666666666
2281,0.0
2282,0.02
2283,0.09333333333333334
2284,0.901092352092352
2285,0.39199999999999996
2286,0.8740110075110075
2287,0.19666666666666666
2288,0.02
2289,0.8829497308247308
2290,0.14666666666666667
2291,0.165
2292,1.0
2293,0.4666666666666667
2294,0.13333333333333333
2295,0.9366666666666666
2296,0.04
2297,0.02
2298,0.05777777777777779
2299,0.11333333333333333
2300,1.0
2301,0.44
2302,0.9366666666666666
2303,0.23
2304,0.4368013730584158
2305,0.19
2306,0.37666666666666665
2307,0.25666666666666665
2308,0.04666666666666667
2309,0.013333333333333334
2310,0.0966931216931217
2311,1.0
2312,0.9428205128205127
2313,0.9866666666666667
2314,0.013333333333333334
2315,0.16
2316,1.0
2317,0.20722712418300654
2318,0.9911111111111113
2319,0.14333333333333334
2320,0.2733333333333333
2321,0.14730095313183564
2322,0.01
2323,0.02
2324,0.49408399805083736
2325,0.35
2326,0.18333333333333332
2327,0.3333333333333333
2328,0.9504871794871796
2329,0.9866666666666667
2330,1.0
2331,0.05
2332,0.04714285714285714
2333,0.46
2334,0.7209935897435897
2335,0.24666666666666667
2336,0.21
2337,0.9227599067599067
2338,0.38
2339,1.0
2340,0.056666666666666664
2341,0.006666666666666667
2342,0.23
2343,0.16
2344,0.9866666666666667
2345,0.4377777777777777
2346,0.013333333333333334
2347,1.0
2348,1.0
2349,1.0
2350,0.22027777777777782
2351,0.0
2352,0.006666666666666667
2353,0.9833333333333333
2354,0.9966666666666667
2355,0.006666666666666667
2356,0.27
2357,0.32666666666666666
2358,0.05
2359,0.225
2360,0.24333333333333335
2361,0.08664444444444444
2362,0.9966666666666667
2363,0.006666666666666667
2364,0.11
2365,0.42333333333333334
2366,0.24
2367,0.2634090909090909
2368,0.05
2369,0.02666666666666667
2370,0.7566666666666667
2371,0.016666666666666666
2372,0.4766666666666667
2373,0.13416666666666666
2374,0.09
2375,1.0
2376,0.9866666666666667
2377,0.29333333333333333
2378,0.01
2379,0.29
2380,0.016666666666666666
2381,1.0
2382,0.15166666666666667
2383,0.006666666666666667
2384,0.14333333333333334
2385,0.9533333333333334
2386,0.14
2387,0.07333333333333333
2388,0.11666666666666667
2389,0.2633333333333333
2390,0.17333333333333334
2391,0.095
2392,0.9933333333333333
2393,0.19333333333333333
2394,0.10333333333333333
2395,0.22666666666666666
2396,0.9966666666666667
2397,0.28
2398,0.7066666666666667
2399,0.39
2400,0.029242424242424243
2401,0.17666666666666667
2402,0.013333333333333334
2403,0.3
2404,0.9966666666666667
2405,0.9966666666666667
2406,0.39
2407,0.13283333333333333
2408,0.22333333333333333
2409,0.29
2410,0.02666666666666667
2411,0.30333333333333334
2412,0.32666666666666666
2413,0.04
2414,0.16083333333333333
2415,1.0
2416,0.01
2417,0.14666666666666667
2418,0.8122530088437571
2419,0.03
2420,1.0
2421,0.13
2422,0.016666666666666666
2423,0.023333333333333334
2424,0.016666666666666666
2425,0.006666666666666667
2426,0.02666666666666667
2427,0.006666666666666667
2428,0.02666666666666667
2429,0.06333333333333334
2430,0.17
2431,0.24333333333333335
2432,0.9833333333333333
2433,0.09333333333333334
2434,0.44166666666666665
2435,0.13333333333333333
2436,0.7088504273504274
2437,0.9057171717171718
2438,0.056666666666666664
2439,0.04666666666666667
2440,0.049125874125874124
2441,0.23333333333333334
2442,0.4033333333333333
2443,0.0353121693121693
2444,0.7936934470758
2445,0.05333333333333334
2446,0.5725
2447,0.37333333333333335
2448,0.11666666666666667
2449,0.10333333333333333
2450,0.01
2451,0.02
2452,0.16333333333333333
2453,0.023333333333333334
2454,0.11
2455,0.09333333333333334
2456,0.19333333333333333
2457,0.19666666666666666
2458,0.02222222222222222
2459,0.96
2460,0.24
2461,0.26
2462,0.05333333333333334
2463,0.04
2464,0.5348148148148149
2465,0.20666666666666667
2466,0.907799043062201
2467,0.37333333333333335
2468,0.10333333333333333
2469,0.13333333333333333
2470,0.18666666666666668
2471,0.8733333333333333
2472,0.9966666666666667
2473,0.15333333333333332
2474,0.02
2475,0.8672034067768503
2476,0.16333333333333333
2477,0.07
2478,0.06333333333333334
2479,0.013333333333333334
2480,0.5090916305916307
2481,0.10333333333333333
2482,0.5054501631944498
2483,0.04666666666666667
2484,0.03333333333333333
2485,0.27666666666666667
2486,0.02666666666666667
2487,0.05333333333333334
2488,0.13
2489,0.03
2490,0.16666666666666666
2491,0.19666666666666666
2492,0.04110493827160494
2493,0.7640050747344842
2494,0.05
2495,0.11
2496,0.13333333333333333
2497,0.6033333333333334
2498,0.3333333333333333
2499,0.0033333333333333335
2500,0.005
2501,0.12666666666666668
2502,0.4266666666666667
2503,0.5333333333333333
2504,0.2
2505,0.023333333333333334
2506,0.99
2507,0.4266666666666667
2508,0.9966666666666667
2509,0.02666666666666667
2510,0.42
2511,0.1
2512,0.17490053793176374
2513,0.37
2514,0.9966666666666667
2515,0.06333333333333334
2516,0.10166666666666667
2517,0.016875
2518,0.15666666666666668
2519,0.023333333333333334
2520,0.028666666666666667
2521,0.023333333333333334
2522,0.26666666666666666
2523,0.59
2524,0.21
2525,0.18
2526,0.26
2527,0.9933333333333333
2528,0.9287583222877341
2529,0.5866666666666667
2530,0.05
2531,0.31666666666666665
2532,0.07666666666666666
2533,0.17066665446163612
2534,0.21666666666666667
2535,0.16333333333333333
2536,0.012619047619047618
2537,0.4866666666666667
2538,1.0
2539,0.49666666666666665
2540,1.0
2541,0.03666666666666667
2542,0.05333333333333334
2543,0.9633333333333334
2544,0.24
2545,0.055
2546,1.0
2547,0.25333333333333335
2548,0.45
2549,0.13632996632996633
2550,0.10666666666666667
2551,0.09666666666666666
2552,0.11333333333333333
2553,0.09083333333333334
2554,0.15333333333333332
2555,0.75
2556,0.02
2557,0.35333333333333333
2558,0.056666666666666664
2559,0.20666666666666667
2560,0.12333333333333334
2561,0.13333333333333333
2562,0.09333333333333334
2563,0.28555555555555556
2564,0.04
2565,0.0896969696969697
2566,0.0362962962962963
2567,0.1102962962962963
2568,0.02
2569,0.20333333333333334
2570,0.01805050505050505
2571,0.22
2572,0.2311111111111111
2573,0.023333333333333334
2574,0.19333333333333333
2575,0.02666666666666667
2576,0.05333333333333334
2577,0.20222222222222222
2578,0.7133333333333334
2579,0.326
2580,0.054444444444444455
2581,0.3233333333333333
2582,0.8921929824561403
2583,0.01
2584,0.13
2585,0.28188888888888886
2586,0.9966666666666667
2587,0.75
2588,0.2633333333333333
2589,0.03333333333333333
2590,0.44666666666666666
2591,0.99
2592,0.21333333333333335
2593,0.16666666666666666
2594,0.05
2595,0.06333333333333334
2596,0.016666666666666666
2597,0.10666666666666667
2598,0.25333333333333335
2599,0.02
2600,0.05037223778400249
2601,0.03666666666666667
2602,1.0
2603,0.0
2604,0.15
2605,0.1
2606,0.8884444444444444
2607,0.9833333333333333
2608,0.43666666666666665
2609,0.0033333333333333335
2610,0.51
2611,0.4766666666666667
2612,0.99
2613,0.12
2614,0.06666666666666667
2615,0.019259259259259257
2616,0.9966666666666667
2617,0.14666666666666667
2618,0.07333333333333333
2619,0.13666666666666666
2620,0.31666666666666665
2621,0.03333333333333333
2622,0.43333333333333335
2623,0.9566666666666667
2624,0.9966666666666667
2625,0.3566666666666667
2626,0.10111111111111112
2627,0.9833333333333333
2628,0.10333333333333333
2629,0.39
2630,0.7784085835884741
2631,0.29333333333333333
2632,0.3466666666666667
2633,0.16833333333333333
2634,0.10222222222222223
2635,0.023333333333333334
2636,0.49333333333333335
2637,0.03333333333333333
2638,0.59
2639,0.18
2640,0.9966666666666667
2641,0.5737918871252204
2642,0.30333333333333334
2643,0.3
2644,0.02666666666666667
2645,0.56
2646,0.2866666666666667
2647,0.26
2648,0.6598459478642404
2649,0.0033333333333333335
2650,0.29333333333333333
2651,0.176
2652,0.01175925925925926
2653,0.05333333333333334
2654,0.6566666666666666
2655,0.18
2656,0.6866666666666666
2657,0.02666666666666667
2658,0.22666666666666666
2659,0.03
2660,0.04
2661,0.61
2662,0.24
2663,0.9911111111111113
2664,0.18666666666666668
2665,0.21888888888888886
2666,0.1
2667,0.16666666666666666
2668,1.0
2669,0.15666666666666668
2670,0.9966666666666667
2671,0.006666666666666667
2672,0.99
2673,0.08066666666666666
2674,0.01
2675,0.043333333333333335
2676,0.14
2677,0.04
2678,0.97
2679,0.47
2680,0.9433333333333334
2681,0.2744444444444445
2682,0.042222222222222223
2683,0.35
2684,0.88468969420093
2685,0.37666666666666665
2686,0.04
2687,0.16
2688,0.2966666666666667
2689,0.07
2690,0.07666666666666666
2691,0.03
2692,0.17666666666666667
2693,0.013333333333333334
2694,0.8606060606060606
2695,0.43333333333333335
2696,0.006666666666666667
2697,0.19333333333333333
2698,0.08333333333333333
2699,0.20666666666666667
2700,0.7590776942355888
2701,0.2866666666666667
2702,1.0
2703,0.66
2704,0.3933333333333333
2705,0.03
2706,0.9966666666666667
2707,0.3345555555555556
2708,0.11666666666666667
2709,0.004222222222222222
2710,0.056666666666666664
2711,0.08333333333333333
2712,0.21
2713,0.9911111111111113
2714,0.78
2715,0.05333333333333334
2716,0.023333333333333334
2717,0.10333333333333333
2718,0.02
2719,0.2
2720,0.013333333333333334
2721,0.25
2722,0.07666666666666666
2723,0.02666666666666667
2724,0.16430555555555557
2725,0.20666666666666667
2726,0.9966666666666667
2727,0.5033333333333333
2728,0.38666666666666666
2729,0.06333333333333334
2730,0.9340314315314316
2731,0.11333333333333333
2732,0.5050411399602575
2733,0.11333333333333333
2734,0.21666666666666667
2735,0.03666666666666667
2736,0.9833333333333333
2737,0.050666666666666665
2738,0.04666666666666667
2739,0.29444444444444445
2740,0.5529515190691661
2741,0.44
2742,0.19666666666666666
2743,0.02666666666666667
2744,1.0
2745,0.12
2746,0.13
2747,0.1042848254364414
2748,0.901092352092352
2749,0.04666666666666667
2750,0.07
2751,0.9966666666666667
2752,0.013333333333333334
2753,0.07666666666666666
2754,0.9975757575757576
2755,1.0
2756,0.99
2757,0.19111111111111112
2758,0.23866666666666664
2759,1.0
2760,0.0
2761,0.19
2762,0.13666666666666666
2763,0.02
2764,0.8033333333333333
2765,0.5361756306024599
2766,0.29
2767,0.08
2768,0.43129802401447714
2769,0.08666666666666667
2770,0.9833333333333333
2771,0.4266666666666667
2772,0.03666666666666667
2773,0.03333333333333333
2774,0.4766666666666667
2775,0.2833333333333333
2776,0.9439629629629629
2777,0.20333333333333334
2778,0.11074521911983211
2779,0.3333333333333333
2780,0.023333333333333334
2781,0.1
2782,0.17443350019530687
2783,0.29333333333333333
2784,0.12166666666666667
2785,0.9168108928108929
2786,0.02666666666666667
2787,0.06
2788,0.16333333333333333
2789,0.10333333333333333
2790,0.016666666666666666
2791,0.5985555555555555
2792,0.7
2793,0.11777777777777776
2794,0.483888888888889
2795,1.0
2796,0.02666666666666667
2797,0.6766666666666666
2798,0.016666666666666666
2799,0.45666666666666667
2800,0.07333333333333333
2801,0.19350877192982457
2802,0.14400000000000002
2803,0.03333333333333333
2804,0.4033333333333333
2805,0.5266666666666666
2806,0.39666666666666667
2807,0.0564537037037037
2808,0.24666666666666667
2809,0.10666666666666667
2810,1.0
2811,0.20833333333333334
2812,0.29
2813,0.02648148148148148
2814,0.5077777777777778
2815,0.08
2816,0.03333333333333333
2817,0.043333333333333335
2818,0.2788888888888889
2819,0.2866666666666667
2820,0.05
2821,0.07185897435897436
2822,0.006666666666666667
2823,0.06
2824,0.013333333333333334
2825,0.36666666666666664
2826,0.5233333333333333
2827,0.07333333333333333
2828,0.08666666666666667
2829,0.19
2830,0.5133333333333333
2831,0.07388888888888888
2832,0.2966666666666667
2833,0.043333333333333335
2834,0.49
2835,0.07333333333333333
2836,0.08666666666666667
2837,0.017865961199294532
2838,0.9964999999999999
2839,0.11333333333333333
2840,0.98
2841,0.12666666666666668
2842,0.03333333333333333
2843,0.19666666666666666
2844,0.02666666666666667
2845,0.023333333333333334
2846,0.17666666666666667
2847,0.02
2848,0.02
2849,1.0
2850,0.013333333333333334
2851,0.9433333333333334
2852,0.12333333333333334
2853,0.0625
2854,0.03666666666666667
2855,0.013333333333333334
2856,0.598
2857,0.30333333333333334
2858,0.19
2859,0.016666666666666666
2860,1.0
2861,0.0
2862,0.16666666666666666
2863,0.9057171717171718
2864,0.12333333333333334
2865,0.03666666666666667
2866,1.0
2867,0.69
2868,0.28576525625790333
2869,0.095
2870,0.9933333333333333
2871,1.0
2872,0.07666666666666666
2873,0.36333333333333334
2874,0.034666666666666665
2875,0.016666666666666666
2876,1.0
2877,0.08333333333333333
2878,0.24333333333333335
2879,0.09277777777777778
2880,0.05
2881,0.12083333333333333
2882,0.23166666666666666
2883,0.99
2884,0.01
2885,0.11666666666666667
2886,0.013611111111111114
2887,0.02
2888,0.06666666666666667
2889,0.4633333333333333
2890,0.07444444444444444
2891,0.07333333333333333
2892,0.18
2893,0.016666666666666666
2894,0.023333333333333334
2895,0.11
2896,0.016666666666666666
2897,0.2633333333333333
2898,0.418
2899,1.0
2900,1.0
2901,0.7066666666666667
2902,0.02
2903,0.03333333333333333
2904,0.21666666666666667
2905,0.03
2906,0.075
2907,0.023333333333333334
2908,0.07333333333333333
2909,0.36666666666666664
2910,0.37333333333333335
2911,1.0
2912,0.2833333333333333
2913,0.03
2914,0.5844444444444444
2915,0.043333333333333335
2916,0.08333333333333333
2917,1.0
2918,0.01
2919,0.26666666666666666
2920,0.04
2921,0.8358479532163744
2922,0.38666666666666666
2923,0.0033333333333333335
2924,0.07
2925,0.05
2926,0.11
2927,0.023333333333333334
2928,0.24333333333333335
2929,0.27444444444444444
2930,0.01
2931,0.016666666666666666
2932,0.04
2933,0.22333333333333333
2934,0.04821428571428571
2935,0.10483618233618235
2936,0.24666666666666667
2937,0.11333333333333333
2938,0.17
2939,0.013333333333333334
2940,0.31
2941,0.043333333333333335
2942,0.9866666666666667
2943,0.9633333333333334
2944,0.22575757575757574
2945,0.6133333333333333
2946,0.23
2947,0.43
2948,0.99
2949,0.02666666666666667
2950,0.07333333333333333
2951,0.9866666666666667
2952,0.18333333333333332
2953,0.02666666666666667
2954,1.0
2955,0.17490053793176374
2956,0.09333333333333334
2957,0.08333333333333333
2958,0.10412698412698412
2959,0.08666666666666667
2960,0.16666666666666666
2961,0.53
2962,0.22666666666666666
2963,0.18333333333333332
2964,0.101
2965,0.44666666666666666
2966,0.2816666666666667
2967,0.050666666666666665
2968,0.013333333333333334
2969,0.023333333333333334
2970,0.2796296296296296
2971,0.09666666666666666
2972,0.057777777777777775
2973,0.030212962962962966
2974,0.05333333333333334
2975,0.0
2976,0.03333333333333333
2977,0.05888888888888888
2978,0.9933333333333333
2979,0.32
2980,0.9966666666666667
2981,0.06333333333333334
2982,0.043333333333333335
2983,0.14333333333333334
2984,0.7266666666666667
2985,0.37666666666666665
2986,0.99
2987,0.8768292682926829
2988,0.19666666666666666
2989,0.9966666666666667
2990,0.02666666666666667
2991,0.052307692307692305
2992,0.7895833333333333
2993,0.68
2994,0.9933333333333333
2995,0.13
2996,0.6233333333333333
2997,0.25
2998,0.05384615384615384
2999,0.24666666666666667
3000,0.02666666666666667
3001,0.9966666666666667
3002,0.9494265734265733
3003,0.19988663706578527
3004,0.03
3005,0.25333333333333335
3006,0.02
3007,0.16333333333333333
3008,0.17777777777777776
3009,0.38333333333333336
3010,0.14666666666666667
3011,0.17443350019530687
3012,0.5966666666666667
3013,0.04666666666666667
3014,0.9421666666666666
3015,0.14666666666666667
3016,0.0
3017,0.13333333333333333
3018,0.04
3019,0.9266666666666666
3020,0.013333333333333334
3021,0.9933333333333333
3022,0.14
3023,0.44333333333333336
3024,0.8989520202020203
3025,0.011666666666666667
3026,0.016536796536796537
3027,0.75
3028,1.0
3029,0.09333333333333334
3030,0.05
3031,0.006666666666666667
3032,0.09333333333333334
3033,0.11
3034,1.0
3035,0.20666666666666667
3036,0.3333333333333333
3037,0.013333333333333334
3038,0.07666666666666666
3039,0.21666666666666667
3040,0.907799043062201
3041,0.19
3042,0.016666666666666666
3043,0.16666666666666666
3044,0.03333333333333333
3045,0.7066666666666667
3046,0.014166666666666666
3047,0.02
3048,0.03333333333333333
3049,0.13333333333333333
3050,0.05
3051,0.6466666666666666
3052,0.012531552458381728
3053,0.016666666666666666
3054,0.44
3055,0.6870833333333334
3056,0.05888888888888889
3057,0.3333333333333333
3058,0.49333333333333335
3059,0.02
3060,0.9866666666666667
3061,0.6983333333333334
3062,1.0
3063,0.11666666666666667
3064,0.14
3065,0.6233333333333333
3066,0.24333333333333335
3067,1.0
3068,0.02666666666666667
3069,0.02666666666666667
3070,0.29333333333333333
3071,0.8533333333333334
3072,0.04047619047619047
3073,0.006666666666666667
3074,0.5361756306024599
3075,0.009743589743589744
3076,0.043809523809523805
3077,0.09333333333333334
3078,0.023333333333333334
3079,0.09
3080,0.03666666666666667
3081,0.18333333333333332
3082,0.06
3083,0.08666666666666667
3084,1.0
3085,0.9866666666666667
3086,0.0937037037037037
3087,0.32666666666666666
3088,0.04
3089,0.016666666666666666
3090,0.006666666666666667
3091,0.09333333333333334
3092,1.0
3093,0.29333333333333333
3094,0.12333333333333334
3095,0.22666666666666666
3096,0.32
3097,0.13
3098,0.20666666666666667
3099,0.8158830818877261
3100,0.15666666666666668
3101,0.25
3102,0.2
3103,0.06666666666666667
3104,0.04
3105,0.18
3106,0.64
3107,0.38887432327510063
3108,0.0635
3109,0.4742326768869843
3110,0.2733333333333333
3111,0.9918181818181817
3112,0.01
3113,0.79
3114,0.023333333333333334
3115,0.006666666666666667
3116,0.9866666666666667
3117,1.0
3118,0.07
3119,0.2633333333333333
3120,0.3076190476190476
3121,0.19333333333333333
3122,0.23
3123,0.22666666666666666
3124,0.99
3125,0.13833333333333334
3126,0.9966666666666667
3127,0.05
3128,0.02666666666666667
3129,0.38316666666666666
3130,0.8947222222222223
3131,0.64
3132,0.11333333333333333
3133,0.9966666666666667
3134,0.3233333333333333
3135,0.0
3136,0.3233333333333333
3137,0.9866666666666667
3138,0.25666666666666665
3139,0.4633333333333333
3140,0.03
3141,0.028474205907798786
3142,1.0
3143,0.13
3144,0.7022222222222223
3145,0.14333333333333334
3146,0.09666666666666666
3147,0.08063492063492063
3148,0.12333333333333334
3149,0.27
3150,0.3233333333333333
3151,0.33166666666666667
3152,0.49333333333333335
3153,0.38666666666666666
3154,0.3308333333333333
3155,0.09666666666666666
3156,0.013333333333333334
3157,0.30666666666666664
3158,0.41333333333333333
3159,0.9033333333333333
3160,0.06333333333333334
3161,0.8637029914529913
3162,0.07666666666666666
3163,0.010666666666666668
3164,0.44555555555555554
3165,0.05574074074074074
3166,0.01
3167,1.0
3168,0.25
3169,0.99
3170,0.15333333333333332
3171,0.16833333333333333
3172,0.06333333333333334
3173,0.15111111111111108
3174,0.9833333333333333
3175,0.013333333333333334
3176,0.4033333333333333
3177,0.9683333333333334
3178,0.27
3179,0.013333333333333334
3180,0.10333333333333333
3181,0.6266666666666667
3182,0.0033333333333333335
3183,0.3466666666666667
3184,0.08916666666666667
3185,0.23
3186,0.006666666666666667
3187,0.13
3188,0.25333333333333335
3189,0.18666666666666668
3190,0.05333333333333334
3191,0.03333333333333333
3192,0.0
3193,0.25333333333333335
3194,0.9966666666666667
3195,0.37
3196,0.04666666666666667
3197,0.0
3198,0.23
3199,0.6369444444444444
3200,0.24888888888888885
3201,0.22333333333333333
3202,0.9866666666666667
3203,0.23333333333333334
3204,0.9933333333333333
3205,0.03
3206,0.9933333333333333
3207,0.9733333333333334
3208,0.47
3209,0.09333333333333334
3210,0.030350877192982455
3211,0.7741915781247176
3212,0.47
3213,0.9446666666666665
3214,0.056666666666666664
3215,0.9966666666666667
3216,0.023333333333333334
3217,0.049321511821511815
3218,0.02666666666666667
3219,0.01
3220,0.12666666666666668
3221,0.07666666666666666
3222,1.0
3223,0.08666666666666667
3224,0.03666666666666667
3225,0.023333333333333334
3226,0.11666666666666667
3227,0.013333333333333334
3228,0.9933333333333333
3229,0.15666666666666668
3230,0.12
3231,0.08333333333333333
3232,0.11666666666666667
3233,0.13777777777777778
3234,0.043333333333333335
3235,0.5069052625884022
3236,0.43333333333333335
3237,0.08
3238,0.054444444444444455
3239,0.17333333333333334
3240,0.08333333333333333
3241,0.12333333333333334
3242,0.10666666666666667
3243,0.8733333333333333
3244,0.14666666666666667
3245,0.9833333333333333
3246,0.09908163245348602
3247,0.10666666666666667
3248,0.13
3249,0.3
3250,0.62
3251,0.02666666666666667
3252,0.03
3253,0.17333333333333334
3254,0.08
3255,0.27666666666666667
3256,1.0
3257,0.39666666666666667
3258,0.7641666666666667
3259,0.22333333333333333
3260,0.7866666666666666
3261,0.17
3262,0.11666666666666667
3263,0.013333333333333334
3264,0.9966666666666667
3265,0.09
3266,0.7117929292929294
3267,0.9933333333333333
3268,0.013333333333333334
3269,0.14333333333333334
3270,0.2633333333333333
3271,0.01
3272,0.14
3273,0.22358212560386476
3274,0.2927777777777778
3275,0.15333333333333332
3276,0.006666666666666667
3277,0.26666666666666666
3278,0.03333333333333333
3279,0.9334313725490195
3280,0.5533333333333333
3281,0.5033333333333333
3282,0.9966666666666667
3283,0.13777777777777778
3284,0.36333333333333334
3285,0.35333333333333333
3286,0.45
3287,0.04666666666666667
3288,0.04
3289,0.013333333333333334
3290,0.034384008148714035
3291,0.04666666666666667
3292,0.013333333333333334
3293,0.08
3294,0.02
3295,0.14666666666666667
3296,0.018888888888888886
3297,0.046
3298,0.9733333333333334
3299,0.18333333333333332
3300,0.06333333333333334
3301,0.19166666666666668
3302,0.4066666666666667
3303,0.25
3304,1.0
3305,0.24
3306,0.006666666666666667
3307,0.9966666666666667
3308,0.016666666666666666
3309,0.8201074909495961
3310,0.17333333333333334
3311,0.013333333333333334
3312,0.6776388888888889
3313,0.22
3314,0.013333333333333334
3315,0.01
3316,0.020533333333333334
3317,0.21333333333333335
3318,0.43666666666666665
3319,0.10733333333333334
3320,0.006666666666666667
3321,0.6166666666666667
3322,0.34311111111111114
3323,0.38333333333333336
3324,0.03
3325,0.41904761904761906
3326,0.006666666666666667
3327,0.05333333333333334
3328,0.8292910517920501
3329,0.7066666666666667
3330,0.08333333333333333
3331,0.06333333333333334
3332,0.06095238095238095
3333,0.712
3334,0.735
3335,0.02666666666666667
3336,0.9366666666666666
3337,0.42
3338,0.03613425925925926
3339,0.006666666666666667
3340,0.02
3341,0.02666666666666667
3342,0.48333333333333334
3343,0.011666666666666667
3344,0.41833333333333333
3345,0.06333333333333334
3346,0.01
3347,1.0
3348,0.30533333333333335
3349,0.02347826086956522
3350,0.3105833333333333
3351,0.4666666666666667
3352,0.11333333333333333
3353,0.013333333333333334
3354,0.006666666666666667
3355,0.07023015873015873
3356,0.14
3357,0.22333333333333333
3358,0.2833333333333333
3359,0.013333333333333334
3360,1.0
3361,0.2675
3362,0.006666666666666667
3363,0.17
3364,0.7666666666666667
3365,0.3
3366,0.03
3367,0.12666666666666668
3368,0.03666666666666667
3369,0.02
3370,0.02666666666666667
3371,0.5033333333333333
3372,0.63
3373,0.01
3374,0.043333333333333335
3375,0.6066666666666667
3376,0.013333333333333334
3377,0.14666666666666667
3378,0.79
3379,0.5566666666666666
3380,0.19333333333333333
3381,0.27666666666666667
3382,0.050833333333333335
3383,0.18
3384,0.24
3385,0.02666666666666667
3386,0.77
3387,0.06333333333333334
3388,0.0875
3389,0.04777777777777777
3390,0.10666666666666667
3391,0.18333333333333332
3392,0.02
3393,0.2761111111111111
3394,1.0
3395,0.23
3396,0.47
3397,0.39166666666666666
3398,0.20333333333333334
3399,0.22666666666666666
3400,0.4633333333333333
3401,0.08333333333333333
3402,0.11666666666666667
3403,0.82
3404,0.35
3405,0.14666666666666667
3406,1.0
3407,0.16333333333333333
3408,0.5966666666666667
3409,0.06333333333333334
3410,0.0033333333333333335
3411,0.09030303030303032
3412,0.14333333333333334
3413,0.36
3414,0.04
3415,0.9844444444444443
3416,0.03666666666666667
3417,0.07333333333333333
3418,0.26
3419,0.245
3420,0.36
3421,0.2
3422,0.12166666666666667
3423,0.13555555555555557
3424,0.22
3425,0.07788888888888888
3426,0.17
3427,0.016666666666666666
3428,0.36666666666666664
3429,0.12666666666666668
3430,0.37
3431,0.13666666666666666
3432,0.18333333333333332
3433,0.9166666666666666
3434,0.08666666666666667
3435,0.057777777777777775
3436,0.03866666666666667
3437,0.14666666666666667
3438,0.3933333333333333
3439,0.20666666666666667
3440,0.29333333333333333
3441,0.013333333333333334
3442,0.11666666666666667
3443,0.2111111111111111
3444,0.20666666666666667
3445,0.07333333333333333
3446,0.9966666666666667
3447,0.06
3448,0.9833333333333333
3449,0.1
3450,0.2791666666666667
3451,0.11
3452,0.1
3453,0.7852882447665056
3454,0.19333333333333333
3455,0.22
3456,0.011944444444444445
3457,0.8415818713450292
3458,0.23
3459,0.9966666666666667
3460,0.32666666666666666
3461,0.13283333333333333
3462,0.006666666666666667
3463,0.03333333333333333
3464,0.2966666666666667
3465,0.24333333333333335
3466,0.010952380952380951
3467,0.04294117647058824
3468,0.06944444444444445
3469,0.7575505807925714
3470,0.31
3471,0.05
3472,0.25666666666666665
3473,0.16666666666666666
3474,1.0
3475,0.07666666666666666
3476,0.31666666666666665
3477,0.22333333333333333
3478,0.63
3479,0.08333333333333333
3480,0.6614814814814816
3481,0.23666666666666666
3482,0.15666666666666668
3483,1.0
3484,0.43
3485,0.9766666666666667
3486,0.9966666666666667
3487,0.7633730158730158
3488,0.05
3489,0.22833333333333333
3490,0.11333333333333333
3491,1.0
3492,0.02
3493,0.02
3494,0.18666666666666668
3495,0.08
3496,0.016666666666666666
3497,0.24235036119711045
3498,0.07333333333333333
3499,0.056666666666666664
3500,0.37305820105820103
3501,0.10388888888888888
3502,0.0
3503,0.13333333333333333
3504,0.013333333333333334
3505,0.27777777777777773
3506,0.03222222222222223
3507,0.62
3508,0.19
3509,0.3466666666666667
3510,0.73
3511,0.98
3512,0.2966666666666667
3513,0.41333333333333333
3514,0.1225
3515,0.023333333333333334
3516,0.17333333333333334
3517,0.6708129420263568
3518,1.0
3519,0.3496666666666667
3520,0.07
3521,0.99
3522,0.08333333333333333
3523,0.2633333333333333
3524,0.14333333333333334
3525,0.3433333333333333
3526,0.31333333333333335
3527,0.13666666666666666
3528,0.17333333333333334
3529,0.03
3530,0.6425735867446396
3531,0.22333333333333333
3532,0.25555555555555554
3533,0.18466666666666667
3534,0.4533333333333333
3535,0.22333333333333333
3536,0.2966666666666667
3537,0.18
3538,0.03666666666666667
3539,0.2633333333333333
3540,0.06
3541,0.16666666666666666
3542,0.43333333333333335
3543,1.0
3544,0.20430231805231805
3545,0.22666666666666666
3546,0.05333333333333334
3547,0.36457671957671955
3548,0.20142857142857143
3549,0.9766666666666667
3550,0.005
3551,0.3466666666666667
3552,0.025964912280701757
3553,0.25
3554,0.49666666666666665
3555,0.3566666666666667
3556,0.5333333333333333
3557,0.9966666666666667
3558,0.05333333333333334
3559,0.25333333333333335
3560,0.19570726495726498
3561,0.12666666666666668
3562,0.9866666666666667
3563,0.13777777777777775
3564,0.3466666666666667
3565,0.31666666666666665
3566,0.06
3567,0.20666666666666667
3568,0.9866666666666667
3569,0.03666666666666667
3570,0.043333333333333335
3571,0.15666666666666668
3572,0.08333333333333333
3573,0.06046296296296296
3574,0.4033333333333333
3575,0.0033333333333333335
3576,1.0
3577,0.11714285714285713
3578,0.043333333333333335
3579,0.044444444444444446
3580,0.16666666666666666
3581,0.05333333333333334
3582,0.9876666666666667
3583,0.023333333333333334
3584,0.035833333333333335
3585,0.69
3586,0.08666666666666667
3587,0.4577777777777778
3588,0.024444444444444442
3589,0.32666666666666666
3590,0.33666666666666667
3591,0.08666666666666667
3592,0.43
3593,0.3233333333333333
3594,0.15666666666666668
3595,0.7766666666666666
3596,0.6561111111111111
3597,0.38333333333333336
3598,0.05
3599,0.11470023733589625
3600,0.16333333333333333
3601,0.03
3602,0.0638888888888889
3603,0.047619047619047616
3604,0.17666666666666667
3605,0.03
3606,0.006666666666666667
3607,0.9033333333333333
3608,0.99
3609,0.34
3610,0.6816666666666666
3611,0.030666666666666665
3612,0.45
3613,0.01
3614,0.37666666666666665
3615,0.051666666666666666
3616,0.006666666666666667
3617,0.22
3618,0.3477777777777778
3619,0.02
3620,0.31
3621,0.20333333333333334
3622,0.18333333333333332
3623,0.17333333333333334
3624,0.15666666666666668
3625,0.006666666666666667
3626,0.7766666666666666
3627,0.32
3628,0.16
3629,0.02666666666666667
3630,0.09666666666666666
3631,0.14333333333333334
3632,0.13632996632996633
3633,0.056666666666666664
3634,0.09666666666666666
3635,0.015
3636,0.3566666666666667
3637,0.99
3638,0.74
3639,0.27
3640,0.19333333333333333
3641,0.8672034067768503
3642,0.013333333333333334
3643,0.25666666666666665
3644,0.01
3645,0.38
3646,0.036309523809523805
3647,0.07333333333333333
3648,0.006666666666666667
3649,0.01606060606060606
3650,0.02
3651,0.18
3652,0.13666666666666666
3653,0.33
3654,0.09
3655,0.09
3656,0.028534621578099835
3657,0.11333333333333333
3658,0.023333333333333334
3659,0.11
3660,0.10666666666666667
3661,0.25333333333333335
3662,0.6166666666666667
3663,0.21
3664,0.005
3665,0.12
3666,0.40780752239962764
3667,0.16534188034188035
3668,0.15333333333333332
3669,0.06333333333333334
3670,0.04305555555555556
3671,0.21
3672,1.0
3673,0.19666666666666666
3674,0.04
3675,0.09
3676,0.2833333333333333
3677,0.0
3678,0.7133333333333334
3679,0.08
3680,0.8461463623902983
3681,0.9966666666666667
3682,0.05
3683,0.4666666666666667
3684,0.01
3685,0.25666666666666665
3686,0.41
3687,0.425
3688,0.2833333333333333
3689,1.0
3690,0.10666666666666667
3691,0.21333333333333335
3692,0.19
3693,0.10333333333333333
3694,0.11666666666666667
3695,0.25
3696,0.08666666666666667
3697,0.07
3698,0.06
3699,0.9833333333333333
3700,0.4751269841269842
3701,0.04666666666666667
3702,0.11333333333333333
3703,0.11333333333333333
3704,0.07333333333333333
3705,0.11666666666666667
3706,0.17
3707,0.6933333333333334
3708,0.9366666666666666
3709,0.37666666666666665
3710,0.16
3711,0.023333333333333334
3712,0.81
3713,0.07333333333333333
3714,0.08666666666666667
3715,0.05944444444444445
3716,0.08333333333333333
3717,0.0033333333333333335
3718,0.03333333333333333
3719,0.04666666666666667
3720,0.22
3721,0.0811111111111111
3722,0.06333333333333334
3723,0.021500000000000002
3724,0.01777777777777778
3725,0.37333333333333335
3726,0.12666666666666668
3727,0.9866666666666667
3728,0.42333333333333334
3729,0.016666666666666666
3730,0.13
3731,0.5533333333333333
3732,0.5633333333333334
3733,0.33
3734,0.04
3735,0.30174074074074075
3736,0.18
3737,0.056666666666666664
3738,0.013333333333333334
3739,0.006666666666666667
3740,0.013333333333333334
3741,0.3575757575757576
3742,0.14333333333333334
3743,0.008888888888888889
3744,0.21
3745,0.3892137770083932
3746,0.36333333333333334
3747,0.07333333333333333
3748,0.9966666666666667
3749,0.14666666666666667
3750,0.08333333333333333
3751,0.28
3752,0.01
3753,0.97
3754,0.04652173913043479
3755,0.18666666666666668
3756,0.3433333333333333
3757,0.043333333333333335
3758,0.10333333333333333
3759,0.5333333333333333
3760,0.07
3761,0.47
3762,0.11666666666666667
3763,0.03666666666666667
3764,0.43333333333333335
3765,0.20380344655344657
3766,0.11333333333333333
3767,0.20666666666666667
3768,0.11666666666666667
3769,0.043333333333333335
3770,0.03333333333333333
3771,0.21666666666666667
3772,0.24
3773,0.07809523809523809
3774,0.0
3775,0.4166666666666667
3776,0.17333333333333334
3777,0.22666666666666666
3778,0.06
3779,0.056666666666666664
3780,1.0
3781,0.013333333333333334
3782,0.03333333333333333
3783,0.08
3784,0.08323232323232323
3785,0.9566666666666667
3786,0.15296296296296294
3787,0.17
3788,0.19333333333333333
3789,0.11166666666666666
3790,0.7733333333333333
3791,0.09030303030303032
3792,0.22333333333333333
3793,0.04666666666666667
3794,0.9966666666666667
3795,0.9833333333333333
3796,0.04666666666666667
3797,0.9866666666666667
3798,1.0
3799,0.45666666666666667
3800,0.48
3801,0.06
3802,0.0
3803,0.14833333333333334
3804,0.6179421286201471
3805,0.02
3806,0.49333333333333335
3807,0.20333333333333334
3808,0.9966666666666667
3809,0.095
3810,0.12
3811,0.08
3812,1.0
3813,0.03
3814,0.9866666666666667
3815,0.07333333333333333
3816,0.03
3817,0.9566666666666667
3818,0.4742326768869843
3819,0.023333333333333334
3820,0.17
3821,0.24666666666666667
3822,0.0033333333333333335
3823,0.09500000000000001
3824,0.01
3825,0.61
3826,0.11
3827,0.28
3828,0.25666666666666665
3829,0.006666666666666667
3830,0.96
3831,0.19333333333333333
3832,1.0
3833,1.0
3834,0.08
3835,0.16333333333333333
3836,0.03333333333333333
3837,1.0
3838,0.31666666666666665
3839,0.023333333333333334
3840,0.9966666666666667
3841,0.9866666666666667
3842,0.9966666666666667
3843,0.43333333333333335
3844,0.9966666666666667
3845,0.6366666666666667
3846,0.6466666666666666
3847,0.0033333333333333335
3848,0.041666666666666664
3849,0.09666666666666666
3850,0.07666666666666666
3851,0.05037223778400249
3852,1.0
3853,0.07333333333333333
3854,0.9966666666666667
3855,0.2833333333333333
3856,0.058333333333333334
3857,0.0033333333333333335
3858,0.0911111111111111
3859,0.08333333333333333
3860,0.37866666666666665
3861,0.4
3862,0.8573006535947713
3863,0.12666666666666668
3864,0.03333333333333333
3865,0.3
3866,0.24666666666666667
3867,0.9966666666666667
3868,0.043333333333333335
3869,0.013333333333333334
3870,0.38666666666666666
3871,0.24333333333333335
3872,0.22333333333333333
3873,0.042222222222222223
3874,0.08666666666666667
3875,0.01
3876,0.02666666666666667
3877,0.03333333333333333
3878,0.030666666666666665
3879,0.33266666666666667
3880,0.03
3881,0.023333333333333334
3882,0.13296103705662532
3883,0.023666666666666666
3884,0.47
3885,0.03
3886,0.07916666666666666
3887,0.54
3888,0.24166666666666667
3889,0.15
3890,0.11
3891,0.9317989417989417
3892,0.17
3893,0.36
3894,0.07666666666666666
3895,0.15666666666666668
3896,0.0033333333333333335
3897,0.32666666666666666
3898,0.04674679487179487
3899,0.08666666666666667
3900,0.08666666666666667
3901,0.15
3902,0.041666666666666664
3903,0.835
3904,1.0
3905,0.32842857142857146
3906,0.01922222222222222
3907,0.04666666666666667
3908,0.2805555555555555
3909,0.26666666666666666
3910,0.3433333333333333
3911,0.04
3912,0.01
3913,0.02
3914,0.8574031986531986
3915,0.013030303030303031
3916,0.04666666666666667
3917,0.006666666666666667
3918,0.5766666666666667
3919,0.07333333333333333
3920,0.99
3921,0.48
3922,0.33666666666666667
3923,0.20333333333333334
3924,0.45
3925,0.05333333333333334
3926,0.8528529502490502
3927,0.0033333333333333335
3928,0.08666666666666667
3929,0.304
3930,0.3670833333333333
3931,0.47
3932,0.38333333333333336
3933,0.72
3934,0.08
3935,0.006666666666666667
3936,0.07
3937,0.08333333333333333
3938,0.03
3939,0.41
3940,0.9966666666666667
3941,0.72
3942,0.29333333333333333
3943,0.16333333333333333
3944,0.07
3945,0.99
3946,0.2
3947,0.10666666666666667
3948,0.023333333333333334
3949,0.23333333333333334
3950,0.03333333333333333
3951,0.6666666666666666
3952,0.5277777777777778
3953,0.0033333333333333335
3954,0.8574031986531986
3955,0.03
3956,0.06
3957,0.016666666666666666
3958,0.12
3959,0.016666666666666666
3960,0.013333333333333334
3961,0.16166666666666665
3962,1.0
3963,0.39541808311198606
3964,0.09333333333333334
3965,0.04666666666666667
3966,1.0
3967,0.12
3968,0.05
3969,0.10666666666666667
3970,0.2633333333333333
3971,0.08333333333333333
3972,0.7633333333333333
3973,0.08
3974,0.006666666666666667
3975,0.016666666666666666
3976,0.920902356902357
3977,0.07
3978,0.043333333333333335
3979,0.20733333333333334
3980,0.043333333333333335
3981,0.03666666666666667
3982,0.4
3983,0.15
3984,0.95
3985,0.14
3986,0.99
3987,0.21333333333333335
3988,0.18666666666666668
3989,0.12666666666666668
3990,0.5325
3991,0.08333333333333333
3992,0.5533333333333333
3993,0.9733333333333335
3994,0.20666666666666667
3995,0.07833333333333334
3996,0.023333333333333334
3997,0.20666666666666667
3998,0.04
3999,0.26
4000,0.013333333333333334
4001,0.0535
4002,0.15666666666666668
4003,0.16333333333333333
4004,0.43666666666666665
4005,0.08666666666666667
4006,0.27666666666666667
4007,0.16666666666666666
4008,0.22333333333333333
4009,0.18
4010,0.2977777777777778
4011,0.6066666666666667
4012,0.20666666666666667
4013,0.38
4014,0.11333333333333333
4015,0.3937962962962963
4016,0.9964999999999999
4017,0.03666666666666667
4018,0.02
4019,0.77
4020,0.4266666666666667
4021,0.29
4022,0.05
4023,0.9866666666666667
4024,0.006666666666666667
4025,0.5766666666666667
4026,0.07333333333333333
4027,0.36333333333333334
4028,0.4533333333333333
4029,0.42
4030,0.23781746031746034
4031,0.0
4032,0.043333333333333335
4033,0.14
4034,0.14
4035,0.23666666666666666
4036,0.08333333333333333
4037,0.16
4038,0.18666666666666668
4039,0.9833333333333333
4040,0.9533333333333334
4041,1.0
4042,0.12666666666666668
4043,0.4
4044,0.27
4045,0.09333333333333334
4046,0.03333333333333333
4047,0.20666666666666667
4048,0.36333333333333334
4049,0.041666666666666664
4050,0.035
4051,0.20122222222222222
4052,0.13666666666666666
4053,0.9966666666666667
4054,0.08420839978734715
4055,0.06666666666666667
4056,0.9966666666666667
4057,0.17666666666666667
4058,0.18148148148148147
4059,0.4509743797081258
4060,0.79
4061,0.9933333333333333
4062,0.22333333333333333
4063,0.06666666666666667
4064,0.0
4065,0.02666666666666667
4066,0.23666666666666666
4067,0.11666666666666667
4068,0.20333333333333334
4069,0.09666666666666666
4070,0.46
4071,0.42333333333333334
4072,0.4533333333333333
4073,0.0011111111111111111
4074,0.5533333333333333
4075,0.04
4076,0.01
4077,0.043333333333333335
4078,0.14
4079,0.03
4080,0.9966666666666667
4081,0.901092352092352
4082,0.12333333333333334
4083,0.43
4084,0.9471538461538462
4085,0.06333333333333334
4086,0.2787037037037038
4087,0.19666666666666666
4088,1.0
4089,0.02666666666666667
4090,0.7666666666666667
4091,0.09327435064935065
4092,0.03666666666666667
4093,0.38666666666666666
4094,0.13
4095,0.15962962962962962
4096,0.21666666666666667
4097,0.03333333333333333
4098,0.13952380952380952
4099,0.9046666666666666
4100,0.09666666666666666
4101,0.35
4102,0.57
4103,0.2866666666666667
4104,0.23
4105,0.2252777777777778
4106,0.4866666666666667
4107,0.06666666666666667
4108,0.13694444444444445
4109,0.10222222222222223
4110,0.245
4111,0.22
4112,0.09666666666666666
4113,0.016666666666666666
4114,0.07133333333333333
4115,0.9427094017094017
4116,0.02666666666666667
4117,0.08666666666666667
4118,0.006666666666666667
4119,0.06
4120,0.04
4121,0.09666666666666666
4122,0.06666666666666667
4123,0.9866666666666667
4124,0.08
4125,0.2771264367816092
4126,0.35333333333333333
4127,0.17333333333333334
4128,0.22333333333333333
4129,0.2966666666666667
4130,0.23
4131,0.03333333333333333
4132,0.37
4133,0.10666666666666667
4134,0.9533333333333334
4135,0.02666666666666667
4136,0.04666666666666667
4137,0.16666666666666666
4138,0.03333333333333333
4139,0.05333333333333334
4140,0.17152777777777778
4141,0.39
4142,0.043333333333333335
4143,0.36
4144,0.02980392156862745
4145,0.9198518518518517
4146,0.04
4147,0.36666666666666664
4148,1.0
4149,0.05333333333333334
4150,0.04
4151,0.03666666666666667
4152,0.41
4153,0.6976190476190476
4154,0.2833333333333333
4155,0.016666666666666666
4156,0.10974603174603174
4157,0.9336666666666668
4158,0.74
4159,0.04
4160,0.08333333333333333
4161,0.9439629629629629
4162,0.04666666666666667
4163,0.3892137770083932
4164,0.48833333333333334
4165,0.4166666666666667
4166,0.9766666666666667
4167,0.24666666666666667
4168,0.06867521367521368
4169,0.05
4170,0.6064030740501326
4171,0.31
4172,0.43666666666666665
4173,0.24333333333333335
4174,0.3333333333333333
4175,0.03333333333333333
4176,0.18595238095238098
4177,0.013333333333333334
4178,0.2802564102564103
4179,0.38
4180,0.013333333333333334
4181,0.02666666666666667
4182,0.08333333333333333
4183,1.0
4184,0.9733333333333334
4185,0.06666666666666667
4186,0.39
4187,0.88468969420093
4188,0.22833333333333333
4189,0.33666666666666667
4190,0.0033333333333333335
4191,0.056666666666666664
4192,0.3575
4193,0.016666666666666666
4194,0.03833333333333333
4195,0.013333333333333334
4196,0.4396296296296296
4197,0.11
4198,0.19
4199,0.11
4200,0.68
4201,0.21666666666666667
4202,0.22666666666666666
4203,0.020444444444444442
4204,0.02666666666666667
4205,0.25333333333333335
4206,0.725
4207,0.43166666666666664
4208,0.34
4209,0.06333333333333334
4210,1.0
4211,0.01
4212,0.33
4213,0.12055555555555557
4214,0.75
4215,0.08777777777777777
4216,0.024166666666666666
4217,0.09333333333333334
4218,0.21333333333333335
4219,0.17666666666666667
4220,1.0
4221,0.09666666666666666
4222,0.9783333333333334
4223,0.36
4224,0.15666666666666668
4225,0.8937610722610722
4226,0.07666666666666666
4227,0.8066666666666666
4228,0.1
4229,0.24
4230,0.03333333333333333
4231,0.0758974358974359
4232,0.43666666666666665
4233,0.74
4234,0.9098653198653198
4235,0.01
4236,0.17
4237,0.5833333333333334
4238,1.0
4239,0.7733333333333333
4240,0.023333333333333334
4241,0.23
4242,0.06666666666666667
4243,0.20583333333333334
4244,0.21614906988436397
4245,0.02
4246,1.0
4247,0.03666666666666667
4248,0.22
4249,0.06666666666666667
4250,0.13
4251,0.13382913806254768
4252,0.27666666666666667
4253,0.23
4254,0.013333333333333334
4255,0.3555022338772339
4256,0.15666666666666668
4257,1.0
4258,0.29333333333333333
4259,0.14666666666666667
4260,0.6133333333333333
4261,0.2966666666666667
4262,0.9966666666666667
4263,0.9866666666666667
4264,0.35777777777777775
4265,0.41802438180727647
4266,0.01
4267,0.05
4268,0.09666666666666666
4269,0.32666666666666666
4270,0.12333333333333334
4271,0.20666666666666667
4272,0.2
4273,0.9966666666666667
4274,0.06666666666666667
4275,0.09333333333333334
4276,0.25604040505825554
4277,0.66
4278,1.0
4279,0.1
4280,0.02
4281,0.016666666666666666
4282,0.11722222222222224
4283,0.09666666666666666
4284,0.02
4285,0.5366666666666666
4286,0.9866666666666667
4287,0.01
4288,0.016666666666666666
4289,0.24666666666666667
4290,0.5934159993753018
4291,0.9966666666666667
4292,0.11666666666666667
4293,0.023333333333333334
4294,0.056666666666666664
4295,0.12
4296,0.1475699357831711
4297,0.014188034188034188
4298,0.9266666666666666
4299,0.79
4300,0.18
4301,0.9966666666666667
4302,0.71
4303,0.25333333333333335
4304,0.07333333333333333
4305,0.32
4306,1.0
4307,0.14
4308,0.3433333333333333
4309,0.1925
4310,0.10577777777777778
4311,0.17
4312,0.4066666666666667
4313,0.0033333333333333335
4314,0.9052038513792899
4315,0.07333333333333333
4316,0.19
4317,1.0
4318,0.49149999999999994
4319,0.09066666666666666
4320,0.13333333333333333
4321,0.12333333333333334
4322,0.12616161616161614
4323,0.16108277321806733
4324,0.14666666666666667
4325,0.14027777777777775
4326,0.07854761904761905
4327,0.008333333333333333
4328,0.0033333333333333335
4329,0.25
4330,0.14833333333333334
4331,0.08333333333333333
4332,0.2
4333,0.0033333333333333335
4334,0.11
4335,0.0033333333333333335
4336,0.0033333333333333335
4337,0.6566666666666666
4338,0.07333333333333333
4339,0.08594444444444442
4340,0.9218367889420523
4341,0.9945833333333334
4342,1.0
4343,0.09
4344,0.29333333333333333
4345,0.013333333333333334
4346,0.4
4347,1.0
4348,0.41
4349,0.6755595238095238
4350,0.36666666666666664
4351,0.69
4352,0.31
4353,0.08333333333333333
4354,0.0
4355,0.8433053221288515
4356,0.12395140312391362
4357,0.20666666666666667
4358,0.9966666666666667
4359,0.043333333333333335
4360,0.04
4361,0.02
4362,0.05
4363,0.24666666666666667
4364,0.12333333333333334
4365,0.65
4366,0.6566666666666666
4367,0.86
4368,0.056666666666666664
4369,0.08666666666666667
4370,0.006666666666666667
4371,0.38
4372,0.225
4373,0.03333333333333333
4374,0.22666666666666666
4375,0.30666666666666664
4376,0.23791666666666667
4377,0.01888888888888889
4378,0.2174644984644985
4379,0.08
4380,0.5933333333333334
4381,0.21333333333333335
4382,0.01
4383,0.15333333333333332
4384,0.09733333333333333
4385,1.0
4386,0.2791666666666667
4387,0.09666666666666666
4388,0.14
4389,0.49333333333333335
4390,0.62
4391,0.7715291005291005
4392,0.30333333333333334
4393,0.59
4394,0.10666666666666667
4395,0.03333333333333333
4396,0.25
4397,0.25333333333333335
4398,0.07333333333333333
4399,0.2633333333333333
4400,0.03
4401,1.0
4402,0.6333333333333333
4403,0.22666666666666666
4404,0.18
4405,0.13866666666666666
4406,0.38733333333333336
4407,0.21
4408,0.10666666666666667
4409,0.37
4410,0.30333333333333334
4411,0.023333333333333334
4412,0.11333333333333333
4413,0.17333333333333334
4414,0.056666666666666664
4415,0.16666666666666666
4416,0.5566666666666666
4417,0.11333333333333333
4418,0.01825
4419,0.92
4420,0.29
4421,0.38666666666666666
4422,0.98
4423,0.6708129420263568
4424,0.48333333333333334
4425,0.05
4426,0.2633333333333333
4427,0.7494238591457123
4428,0.35
4429,0.09166666666666666
4430,0.021666666666666667
4431,0.043333333333333335
4432,0.38333333333333336
4433,0.48
4434,0.06
4435,0.23
4436,0.91
4437,0.12
4438,0.22333333333333333
4439,0.17
4440,0.24666666666666667
4441,0.45
4442,0.2733333333333333
4443,0.13333333333333333
4444,0.19988663706578527
4445,0.9966666666666667
4446,0.55
4447,0.56
4448,0.05333333333333334
4449,0.09
4450,0.08333333333333333
4451,0.016666666666666666
4452,0.15466666666666667
4453,0.95
4454,0.2966666666666667
4455,0.86
4456,0.02
4457,0.9633333333333334
4458,0.9743333333333334
4459,0.8466666666666667
4460,0.016666666666666666
4461,0.19
4462,0.625611585061713
4463,0.05
4464,0.03333333333333333
4465,0.02
4466,0.0636111111111111
4467,0.2633333333333333
4468,0.9366666666666666
4469,0.06833333333333333
4470,0.15318819776714515
4471,0.22666666666666666
4472,0.37666666666666665
4473,0.05
4474,0.2966666666666667
4475,0.06666666666666667
4476,0.9933333333333333
4477,0.22
4478,0.18
4479,0.08
4480,0.7410314814814816
4481,0.08
4482,0.38666666666666666
4483,0.16333333333333333
4484,0.4266666666666667
4485,0.016666666666666666
4486,0.18333333333333332
4487,0.03666666666666667
4488,0.3933333333333333
4489,0.21666666666666667
4490,0.9933333333333333
4491,0.03486772486772487
4492,0.06
4493,0.33666666666666667
4494,0.17333333333333334
4495,0.3566666666666667
4496,0.33666666666666667
4497,0.09333333333333334
4498,0.18
4499,0.07
4500,0.04
4501,0.07666666666666666
4502,0.03666666666666667
4503,0.9294265734265733
4504,0.1
4505,0.39033333333333337
4506,0.04666666666666667
4507,0.07
4508,0.43666666666666665
4509,0.2833333333333333
4510,0.08777777777777777
4511,0.13
4512,0.17666666666666667
4513,0.013333333333333334
4514,0.29333333333333333
4515,0.35
4516,0.43
4517,0.04
4518,0.5833333333333334
4519,0.18
4520,0.22333333333333333
4521,0.07
4522,0.03
4523,0.04
4524,0.9334313725490195
4525,0.4633333333333333
4526,0.5433333333333333
4527,0.9966666666666667
4528,0.93659324009324
4529,0.3333333333333333
4530,0.13333333333333333
4531,0.13333333333333333
4532,0.9866666666666667
4533,0.37333333333333335
4534,0.16
4535,0.016666666666666666
4536,0.07100000000000001
4537,1.0
4538,1.0
4539,0.03
4540,0.01
4541,0.3466666666666667
4542,0.346
4543,0.17666666666666667
4544,0.043333333333333335
4545,0.2777777777777778
4546,0.013333333333333334
4547,0.6044444444444443
4548,0.21666666666666667
4549,0.22
4550,0.02930555555555556
4551,0.14
4552,0.23
4553,0.62
4554,0.26
4555,0.18666666666666668
4556,0.99
4557,0.04
4558,0.24055555555555552
4559,0.21333333333333335
4560,0.44444444444444436
4561,0.16333333333333333
4562,0.07333333333333333
4563,0.5186865079365078
4564,0.12666666666666668
4565,0.04
4566,0.05333333333333334
4567,0.15333333333333332
4568,0.25666666666666665
4569,0.19
4570,0.36333333333333334
4571,0.016666666666666666
4572,0.013333333333333334
4573,0.02
4574,0.52
4575,0.38
4576,0.07
4577,0.09333333333333334
4578,1.0
4579,0.17666666666666667
4580,0.9866666666666667
4581,1.0
4582,0.056666666666666664
4583,0.06333333333333334
4584,0.05918518518518519
4585,0.28400000000000003
4586,0.09666666666666666
4587,0.08
4588,0.2966666666666667
4589,0.16666666666666666
4590,0.3227777777777778
4591,0.13666666666666666
4592,0.02
4593,0.013333333333333334
4594,0.05333333333333334
4595,0.05
4596,0.99
4597,0.18466666666666667
4598,0.06666666666666667
4599,0.22666666666666666
4600,0.9966666666666667
4601,0.9833333333333333
4602,0.01
4603,0.04
4604,0.2
4605,0.006666666666666667
4606,0.39506230502670125
4607,0.03666666666666667
4608,0.17400000000000002
4609,0.31166666666666665
4610,0.26
4611,0.10699186991869918
4612,0.9427094017094017
4613,0.47333333333333333
4614,0.21
4615,0.47333333333333333
4616,0.25333333333333335
4617,0.37666666666666665
4618,0.18333333333333332
4619,0.9966666666666667
4620,0.39506230502670125
4621,0.9966666666666667
4622,0.025
4623,1.0
4624,0.04
4625,0.5495714285714286
4626,0.523306530214425
4627,0.013333333333333334
4628,0.46
4629,0.21333333333333335
4630,0.7088504273504274
4631,0.33666666666666667
4632,0.20483164983164984
4633,0.05
4634,0.05
4635,0.20333333333333334
4636,0.9395000000000001
4637,0.056666666666666664
4638,0.7291354931300583
4639,0.08666666666666667
4640,0.016666666666666666
4641,0.4909523809523809
4642,0.0033333333333333335
4643,0.02
4644,0.24666666666666667
4645,0.83
4646,0.06666666666666667
4647,0.08333333333333333
4648,0.19333333333333333
4649,0.13333333333333333
4650,0.04666666666666667
4651,0.9966666666666667
4652,0.006666666666666667
4653,0.5054501631944498
4654,0.07
4655,0.03
4656,0.37333333333333335
4657,0.4022222222222222
4658,0.44
4659,0.05
4660,0.31
4661,0.99
4662,0.9918181818181817
4663,0.056666666666666664
4664,0.15333333333333332
4665,0.36333333333333334
4666,0.9106666666666666
4667,0.014238095238095237
4668,0.34
4669,0.39133333333333337
4670,0.89
4671,0.9277990430622011
4672,0.09666666666666666
4673,1.0
4674,0.18333333333333332
4675,0.016666666666666666
4676,0.17333333333333334
4677,0.10333333333333333
4678,0.9866666666666667
4679,0.07
4680,1.0
4681,0.08080065359477123
4682,0.21333333333333335
4683,0.17666666666666667
4684,1.0
4685,0.42
4686,0.43
4687,1.0
4688,0.05416666666666667
4689,0.41333333333333333
4690,0.04342592592592593
4691,0.1
4692,0.013333333333333334
4693,0.12333333333333334
4694,0.013333333333333334
4695,0.07666666666666666
4696,0.056666666666666664
4697,0.03666666666666667
4698,0.9966666666666667
4699,0.016666666666666666
4700,0.12916666666666668
4701,1.0
4702,0.12666666666666668
4703,0.0353121693121693
4704,0.02
4705,0.013333333333333334
4706,0.07
4707,0.23
4708,0.9966666666666667
4709,0.13
4710,0.006666666666666667
4711,0.07666666666666666
4712,0.02666666666666667
4713,0.9218367889420523
4714,0.15333333333333332
4715,0.010888888888888889
4716,0.9933333333333333
4717,0.8222227032227033
4718,0.14
4719,0.9566666666666667
4720,0.22666666666666666
4721,0.31666666666666665
4722,0.013333333333333334
4723,0.48102467940417615
4724,0.9933333333333333
4725,0.09333333333333334
4726,0.12333333333333334
4727,0.28
4728,0.043333333333333335
4729,0.43333333333333335
4730,0.4766666666666667
4731,0.02
4732,0.17333333333333334
4733,0.8659523809523811
4734,0.38
4735,0.4066666666666667
4736,1.0
4737,0.49996023391812855
4738,0.9494265734265733
4739,0.16333333333333333
4740,0.30666666666666664
4741,0.013333333333333334
4742,0.6244444444444445
4743,0.02
4744,0.7472642688187311
4745,0.5372222222222222
4746,0.10029411764705883
4747,0.04666666666666667
4748,0.14
4749,0.13333333333333333
4750,1.0
4751,0.30333333333333334
4752,0.06666666666666667
4753,0.056666666666666664
4754,0.15666666666666668
4755,0.006666666666666667
4756,0.05333333333333334
4757,0.8233333333333334
4758,0.13
4759,0.27666666666666667
4760,0.15666666666666668
4761,0.07333333333333333
4762,0.023333333333333334
4763,0.11666666666666667
4764,0.9966666666666667
4765,0.03
4766,0.9566666666666667
4767,0.27666666666666667
4768,0.023333333333333334
4769,0.27
4770,0.031247937591590846
4771,1.0
4772,0.19666666666666666
4773,0.47
4774,0.07
4775,1.0
4776,0.01
4777,0.09916666666666667
4778,0.43333333333333335
4779,0.15666666666666668
4780,0.9866666666666667
4781,0.31333333333333335
4782,0.08333333333333333
4783,0.1
4784,0.21
4785,0.2733333333333333
4786,0.31
4787,0.0033333333333333335
4788,0.3471666666666667
4789,0.52
4790,1.0
4791,0.38333333333333336
4792,0.023333333333333334
4793,0.06666666666666667
4794,0.32166666666666666
4795,0.02
4796,0.895
4797,0.9933333333333333
4798,0.12333333333333334
4799,0.016666666666666666
4800,0.9439629629629629
4801,0.06444444444444444
4802,0.05
4803,0.45666666666666667
4804,0.2
4805,1.0
4806,0.5933333333333334
4807,0.043478260869565216
4808,0.9098653198653198
4809,0.14233333333333334
4810,0.0033333333333333335
4811,0.05
4812,0.35398892644822877
4813,0.9966666666666667
4814,0.4088888888888889
4815,0.06921445845824538
4816,0.7433333333333333
4817,1.0
4818,0.15722222222222224
4819,0.023333333333333334
4820,0.43666666666666665
4821,0.29
4822,0.9933333333333333
4823,0.09666666666666666
4824,0.07
4825,0.9866666666666667
4826,0.4973333333333333
4827,0.43
4828,1.0
4829,0.16333333333333333
4830,0.013333333333333334
4831,0.19333333333333333
4832,0.99
4833,0.08833333333333333
4834,0.21666666666666667
4835,0.49333333333333335
4836,0.006666666666666667
4837,0.6494117647058824
4838,0.9966666666666667
4839,0.03
4840,0.013333333333333334
4841,0.013333333333333334
4842,0.1639369889369889
4843,0.13333333333333333
4844,0.023333333333333334
4845,0.008333333333333333
4846,0.0
4847,0.5497890122085698
4848,0.06333333333333334
4849,0.03666666666666667
4850,1.0
4851,0.26
4852,0.39666666666666667
4853,0.08666666666666667
4854,0.006666666666666667
4855,0.19333333333333333
4856,0.26
4857,0.9876666666666667
4858,0.6766666666666666
4859,0.11333333333333333
4860,0.21666666666666667
4861,0.3466666666666667
4862,0.26666666666666666
4863,0.12
4864,0.38666666666666666
4865,0.10333333333333333
4866,0.21666666666666667
4867,0.18333333333333332
4868,0.3466666666666667
4869,1.0
4870,0.20333333333333334
4871,0.17666666666666667
4872,1.0
4873,0.016666666666666666
4874,0.5333333333333333
4875,0.17666666666666667
4876,0.03333333333333333
4877,1.0
4878,0.2633333333333333
4879,0.07333333333333333
4880,0.07
4881,0.013333333333333334
4882,0.13666666666666666
4883,0.215
4884,0.006666666666666667
4885,0.11
4886,0.12666666666666668
4887,0.35333333333333333
4888,0.4033333333333333
4889,0.32
4890,0.9866666666666667
4891,0.08
4892,0.9966666666666667
4893,0.08666666666666667
4894,0.019444444444444445
4895,0.07166666666666667
4896,0.20666666666666667
4897,0.04666666666666667
4898,0.013333333333333334
4899,0.44666666666666666
4900,0.3233333333333333
4901,0.12
4902,0.19
4903,0.9966666666666667
4904,0.02
4905,0.023333333333333334
4906,0.10333333333333333
4907,0.05333333333333334
4908,0.9966666666666667
4909,0.5166666666666667
4910,0.03666666666666667
4911,0.22666666666666666
4912,0.5533333333333333
4913,0.4704545454545454
4914,0.06666666666666667
4915,0.18666666666666668
4916,0.26666666666666666
4917,0.08666666666666667
4918,0.22666666666666666
4919,0.19666666666666666
4920,0.056666666666666664
4921,0.4633333333333333
4922,0.08
4923,0.2
4924,0.06666666666666667
4925,0.23833333333333334
4926,0.09317460317460316
4927,0.15333333333333332
4928,0.25604040505825554
4929,0.08
4930,0.14666666666666667
4931,1.0
4932,0.22666666666666666
4933,0.013333333333333334
4934,0.25333333333333335
4935,0.39666666666666667
4936,0.13333333333333333
4937,1.0
4938,0.002333333333333333
4939,0.02
4940,0.07
4941,0.09333333333333334
4942,0.016666666666666666
4943,0.05630574712643679
4944,0.26566666666666666
4945,0.19333333333333333
4946,0.8341666666666666
4947,0.8320833333333333
4948,0.06333333333333334
4949,0.11
4950,0.26666666666666666
4951,0.2007864357864358
4952,0.3566666666666667
4953,0.9933333333333333
4954,0.32
4955,0.006666666666666667
4956,0.18
4957,0.13333333333333333
4958,0.04666666666666667
4959,0.20666666666666667
4960,0.22333333333333333
4961,0.013333333333333334
4962,0.21666666666666667
4963,1.0
4964,0.99
4965,0.19666666666666666
4966,0.14666666666666667
4967,0.04
4968,0.18666666666666668
4969,0.04385620915032679
4970,0.88
4971,0.16333333333333333
4972,0.035
4973,0.83
4974,0.16
4975,0.17333333333333334
4976,0.28
4977,0.11666666666666667
4978,0.10333333333333333
4979,0.03666666666666667
4980,0.07200000000000001
4981,0.39
4982,0.013333333333333334
4983,0.13666666666666666
4984,0.02666666666666667
4985,0.04741176470588235
4986,0.01
4987,0.48111111111111104
4988,0.03
4989,1.0
4990,0.9866666666666667
4991,0.23666666666666666
4992,0.12666666666666668
4993,0.02
4994,0.03333333333333333
4995,0.12666666666666668
4996,0.9966666666666667
4997,0.07
4998,0.13
4999,0.03666666666666667
5000,0.6530714596755652
5001,0.38333333333333336
5002,0.97
5003,0.0033333333333333335
5004,0.0975
5005,0.3908333333333333
5006,0.3855555555555556
5007,1.0
5008,0.1817105672105672
5009,0.3744444444444444
5010,0.16333333333333333
5011,0.20333333333333334
5012,0.48333333333333334
5013,0.07333333333333333
5014,0.5011111111111111
5015,0.72
5016,0.9866666666666667
5017,0.19238095238095237
5018,0.4666666666666667
5019,0.39666666666666667
5020,0.09333333333333334
5021,0.3433333333333333
5022,0.03
5023,0.5633333333333334
5024,0.14666666666666667
5025,0.08833333333333333
5026,0.08577777777777777
5027,0.023333333333333334
5028,0.9933333333333333
5029,0.41
5030,0.2733333333333333
5031,0.03333333333333333
5032,0.219
5033,0.16
5034,0.20666666666666667
5035,0.29
5036,0.7488899804289831
5037,0.7181333333333333
5038,1.0
5039,1.0
5040,0.29
5041,0.030144927536231887
5042,0.52
5043,0.043333333333333335
5044,0.39
5045,0.3122222222222222
5046,0.37666666666666665
5047,0.10666666666666667
5048,0.11
5049,0.16666666666666666
5050,1.0
5051,0.9933333333333333
5052,0.13333333333333333
5053,0.37333333333333335
5054,0.016666666666666666
5055,0.03
5056,0.1388888888888889
5057,0.3333333333333333
5058,1.0
5059,0.14333333333333334
5060,0.04
5061,0.6907407407407408
5062,0.4066666666666667
5063,0.10666666666666667
5064,0.06333333333333334
5065,0.05333333333333334
5066,0.2833333333333333
5067,0.09
5068,1.0
5069,0.36666666666666664
5070,0.04666666666666667
5071,0.006666666666666667
5072,0.6833333333333333
5073,0.12042063492063491
5074,0.16
5075,0.25
5076,0.6633333333333333
5077,0.019166666666666665
5078,0.016666666666666666
5079,0.08333333333333333
5080,0.7566666666666667
5081,0.9966666666666667
5082,1.0
5083,0.22666666666666666
5084,0.20333333333333334
5085,0.3933333333333333
5086,0.14666666666666667
5087,0.901092352092352
5088,0.029242424242424243
5089,0.11666666666666667
5090,0.043333333333333335
5091,0.33
5092,0.30666666666666664
5093,0.5133333333333333
5094,0.26666666666666666
5095,0.09
5096,0.38666666666666666
5097,0.07333333333333333
5098,0.37
5099,0.07666666666666666
5100,0.4533333333333333
5101,0.11333333333333333
5102,0.15
5103,0.5508333333333333
5104,0.09
5105,0.12
5106,0.023333333333333334
5107,0.23
5108,0.0033333333333333335
5109,0.8401752136752136
5110,0.14
5111,0.0033333333333333335
5112,0.38
5113,0.22666666666666666
5114,0.17555555555555555
5115,0.6733333333333333
5116,0.01
5117,0.39
5118,0.25666666666666665
5119,0.25
5120,0.17166666666666666
5121,0.9966666666666667
5122,0.13
5123,0.4266666666666667
5124,0.21614906988436397
5125,0.22611111111111115
5126,0.7783333333333332
5127,0.043333333333333335
5128,0.10666666666666667
5129,0.9933333333333333
5130,0.05333333333333334
5131,0.20666666666666667
5132,0.023333333333333334
5133,0.06333333333333334
5134,0.03333333333333333
5135,0.19666666666666666
5136,0.9933333333333333
5137,0.03
5138,0.7088504273504274
5139,0.11666666666666667
5140,0.008666666666666666
5141,0.05
5142,0.043333333333333335
5143,0.07333333333333333
5144,0.8662638287638288
5145,0.13666666666666666
5146,0.3
5147,0.23333333333333334
5148,0.14666666666666667
5149,0.28222222222222226
5150,0.13
5151,0.27666666666666667
5152,0.02
5153,0.22777777777777777
5154,0.2
5155,0.3566666666666667
5156,0.01
5157,0.03666666666666667
5158,0.9966666666666667
5159,0.38666666666666666
5160,0.023333333333333334
5161,0.4816666666666667
5162,0.13333333333333333
5163,0.08111111111111112
5164,0.9057171717171718
5165,0.14666666666666667
5166,0.5533333333333333
5167,0.3433333333333333
5168,0.44666666666666655
5169,0.03666666666666667
5170,0.09833333333333333
5171,0.10333333333333333
5172,0.02672490155482483
5173,0.02666666666666667
5174,0.32
5175,0.18
5176,0.0033333333333333335
5177,0.16476693766937672
5178,0.9766666666666667
5179,0.030138888888888892
5180,0.06333333333333334
5181,0.07
5182,0.01
5183,0.08333333333333333
5184,0.02666666666666667
5185,0.6266666666666667
5186,1.0
5187,0.12565718896698844
5188,0.6533333333333333
5189,0.095
5190,0.11
5191,1.0
5192,0.3333333333333333
5193,0.9966666666666667
5194,0.46
5195,0.43111111111111117
5196,0.44
5197,0.19333333333333333
5198,0.19666666666666666
5199,0.9966666666666667
5200,0.15
5201,0.03
5202,0.11
5203,0.41623343199142415
5204,0.006666666666666667
5205,0.5166666666666667
5206,0.03333333333333333
5207,0.2733333333333333
5208,0.12
5209,0.14
5210,1.0
5211,0.03666666666666667
5212,0.02666666666666667
5213,0.38666666666666666
5214,0.328
5215,0.013333333333333334
5216,0.99
5217,0.006666666666666667
5218,0.98
5219,0.9966666666666667
5220,0.35777777777777775
5221,0.2633333333333333
5222,0.12
5223,0.6978373712057923
5224,0.13333333333333333
5225,0.14
5226,0.9309080549080548
5227,0.13666666666666666
5228,0.2
5229,0.028131313131313132
5230,0.6633333333333333
5231,0.27666666666666667
5232,0.060476190476190475
5233,0.01
5234,0.10333333333333333
5235,0.03
5236,0.03333333333333333
5237,0.03
5238,0.2733333333333333
5239,0.15333333333333332
5240,0.02666666666666667
5241,0.28
5242,0.3377777777777778
5243,0.08111111111111112
5244,0.0
5245,0.19
5246,0.3
5247,0.09333333333333334
5248,0.9933333333333333
5249,0.19666666666666666
5250,0.49333333333333335
5251,0.7117929292929294
5252,0.25166666666666665
5253,0.015
5254,0.03
5255,0.7233333333333334
5256,0.07
5257,0.07666666666666666
5258,0.06
5259,0.03
5260,0.17333333333333334
5261,0.03333333333333333
5262,0.060833333333333336
5263,0.9833333333333333
5264,0.03
5265,0.17
5266,0.39666666666666667
5267,0.9334080549080549
5268,0.03
5269,0.08333333333333333
5270,0.16333333333333333
5271,0.2833333333333333
5272,0.03
5273,1.0
5274,1.0
5275,0.10333333333333333
5276,0.19333333333333333
5277,0.22444444444444442
5278,1.0
5279,0.23666666666666666
5280,0.9766666666666667
5281,0.22666666666666666
5282,0.14666666666666667
5283,0.09666666666666666
5284,0.028474205907798786
5285,0.11666666666666667
5286,0.043333333333333335
5287,0.8633333333333333
5288,0.611024975024975
5289,0.18651515151515152
5290,0.18333333333333332
5291,0.18
5292,0.5333333333333333
5293,0.006666666666666667
5294,0.21871645870556
5295,0.9966666666666667
5296,0.14333333333333334
5297,0.245
5298,0.01
5299,1.0
5300,0.18228070175438596
5301,0.17
5302,0.06
5303,0.06
5304,0.9866666666666667
5305,0.6643293650793651
5306,0.20666666666666667
5307,0.33
5308,0.92
5309,0.11333333333333333
5310,0.5283571428571429
5311,0.08
5312,0.44666666666666666
5313,0.02666666666666667
5314,0.5233333333333333
5315,0.013333333333333334
5316,0.43333333333333335
5317,0.12
5318,0.27
5319,0.38
5320,1.0
5321,0.07166666666666667
5322,0.3466666666666667
5323,0.043333333333333335
5324,0.4974603174603174
5325,0.95
5326,0.38166666666666665
5327,1.0
5328,0.1358333333333333
5329,0.17
5330,0.08333333333333333
5331,0.99
5332,0.05095238095238095
5333,0.15333333333333332
5334,0.68
5335,0.14222222222222222
5336,0.026111111111111113
5337,0.985
5338,0.97
5339,0.05444444444444444
5340,0.43
5341,0.06
5342,0.06333333333333334
5343,0.13666666666666666
5344,0.016666666666666666
5345,0.13333333333333333
5346,0.5966666666666667
5347,0.36666666666666664
5348,0.84
5349,1.0
5350,0.4033333333333333
5351,0.07666666666666666
5352,0.07
5353,0.006666666666666667
5354,0.5233333333333333
5355,0.06
5356,0.043333333333333335
5357,0.18
5358,0.013333333333333334
5359,0.18
5360,0.005692307692307693
5361,1.0
5362,0.006666666666666667
5363,0.9833333333333333
5364,0.37
5365,0.09666666666666666
5366,0.08555555555555557
5367,0.1202857142857143
5368,0.93
5369,0.006666666666666667
5370,1.0
5371,0.22693910256410257
5372,0.2733333333333333
5373,0.9933333333333333
5374,0.05333333333333334
5375,0.13666666666666666
5376,0.9933333333333333
5377,0.2866666666666667
5378,0.21666666666666667
5379,0.03666666666666667
5380,0.9876666666666667
5381,0.32
5382,0.09666666666666666
5383,0.05230158730158731
5384,0.12333333333333334
5385,0.32
5386,0.44333333333333336
5387,0.04733333333333333
5388,0.96
5389,0.15
5390,0.21
5391,0.48333333333333334
5392,0.04666666666666667
5393,0.14
5394,0.99
5395,0.3505555555555555
5396,0.2
5397,1.0
5398,0.7766666666666666
5399,0.03333333333333333
5400,0.06
5401,0.18333333333333332
5402,0.36333333333333334
5403,0.7333333333333333
5404,0.09333333333333334
5405,0.016666666666666666
5406,0.3433333333333333
5407,0.09833333333333333
5408,0.28
5409,0.06
5410,0.43
5411,0.006666666666666667
5412,0.06333333333333334
5413,0.46
5414,0.04
5415,0.6633333333333333
5416,0.38666666666666666
5417,0.011944444444444445
5418,0.043333333333333335
5419,0.9933333333333333
5420,0.32
5421,0.05583333333333333
5422,0.27
5423,0.15
5424,0.43666666666666665
5425,0.5933333333333334
5426,0.10666666666666667
5427,0.9446666666666665
5428,0.10333333333333333
5429,0.22633333333333336
5430,0.0888235294117647
5431,0.27666666666666667
5432,0.024166666666666666
5433,0.8923928774134818
5434,0.15333333333333332
5435,0.9844444444444443
5436,0.07
5437,0.26666666666666666
5438,0.09666666666666666
5439,0.12666666666666668
5440,0.056666666666666664
5441,0.14333333333333334
5442,0.25666666666666665
5443,0.19333333333333333
5444,0.5054501631944498
5445,0.48541793114006754
5446,0.45666666666666667
5447,0.07
5448,0.19333333333333333
5449,0.048753968253968244
5450,0.8458161337573099
5451,0.155
5452,0.26666666666666666
5453,0.016666666666666666
5454,0.14844444444444443
5455,0.44333333333333336
5456,0.38666666666666666
5457,0.45666666666666667
5458,0.24
5459,0.021784037558685448
5460,0.2833333333333333
5461,0.29
5462,1.0
5463,0.07666666666666666
5464,0.049555555555555554
5465,0.4255555555555556
5466,0.17944444444444443
5467,0.17
5468,0.6266666666666667
5469,0.22333333333333333
5470,0.16
5471,0.23666666666666666
5472,1.0
5473,0.30793650793650795
5474,0.01977777777777778
5475,0.7543093434343435
5476,0.29333333333333333
5477,0.9733333333333334
5478,0.47046380471380456
5479,0.9966666666666667
5480,0.02
5481,0.3466666666666667
5482,0.9866666666666667
5483,0.043333333333333335
5484,0.0033333333333333335
5485,0.29333333333333333
5486,0.09333333333333334
5487,0.9933333333333333
5488,0.6233333333333333
5489,1.0
5490,0.2833333333333333
5491,0.99
5492,0.3
5493,0.03333333333333333
5494,0.5733333333333334
5495,0.18333333333333332
5496,0.043333333333333335
5497,0.05333333333333334
5498,0.10666666666666667
5499,0.33666666666666667
5500,0.5176190476190476
5501,0.09
5502,0.39666666666666667
5503,0.9933333333333333
5504,0.4633333333333333
5505,0.02
5506,0.5702222222222222
5507,0.016666666666666666
5508,0.043333333333333335
5509,0.19333333333333333
5510,0.48
5511,0.24333333333333335
5512,0.41333333333333333
5513,0.15666666666666668
5514,0.016666666666666666
5515,0.1075
5516,0.29333333333333333
5517,0.3725
5518,0.1
5519,0.24333333333333335
5520,0.64
5521,0.30333333333333334
5522,0.17
5523,0.07
5524,0.023333333333333334
5525,0.013333333333333334
5526,0.02666666666666667
5527,0.07
5528,0.9866666666666667
5529,0.23
5530,0.043333333333333335
5531,0.36333333333333334
5532,0.9866666666666667
5533,0.04
5534,0.27166666666666667
5535,0.18333333333333332
5536,0.14333333333333334
5537,0.14333333333333334
5538,0.3333333333333333
5539,0.32
5540,0.22666666666666666
5541,0.6401920629054776
5542,0.013333333333333334
5543,0.4
5544,0.12666666666666668
5545,0.05
5546,0.3382170542635659
5547,0.02666666666666667
5548,0.9966666666666667
5549,1.0
5550,0.4766666666666667
5551,0.10666666666666667
5552,0.14333333333333334
5553,0.06666666666666667
5554,0.39066666666666666
5555,0.24333333333333335
5556,0.69
5557,0.9366666666666666
5558,0.99
5559,0.013333333333333334
5560,0.4866666666666667
5561,0.16555555555555554
5562,0.14333333333333334
5563,0.98
5564,0.19
5565,0.09666666666666666
5566,0.23333333333333334
5567,0.07866666666666668
5568,0.8766666666666667
5569,0.15
5570,0.016666666666666666
5571,0.02
5572,0.06
5573,0.9334080549080549
5574,0.14
5575,0.002666666666666667
5576,0.12333333333333334
5577,0.06
5578,0.09965853658536586
5579,0.14
5580,0.023333333333333334
5581,0.29
5582,0.18666666666666668
5583,0.29333333333333333
5584,0.3233333333333333
5585,0.4766666666666667
5586,0.12666666666666668
5587,0.13333333333333333
5588,0.9966666666666667
5589,0.4822222222222223
5590,0.065
5591,0.02666666666666667
5592,0.006666666666666667
5593,0.99
5594,0.12666666666666668
5595,1.0
5596,0.0636111111111111
5597,0.023333333333333334
5598,0.17443350019530687
5599,0.96
5600,0.18333333333333332
5601,0.22666666666666666
5602,0.03
5603,0.3333333333333333
5604,0.12011308769203505
5605,0.05333333333333334
5606,0.16333333333333333
5607,0.012142857142857143
5608,0.013333333333333334
5609,0.12666666666666668
5610,0.15
5611,0.03222222222222222
5612,0.012547425474254742
5613,0.043333333333333335
5614,0.13
5615,0.022222222222222223
5616,0.5066666666666667
5617,0.27
5618,0.3094444444444444
5619,0.0033333333333333335
5620,0.98
5621,0.759984126984127
5622,0.33
5623,0.42333333333333334
5624,0.02666666666666667
5625,0.56
5626,0.004222222222222222
5627,0.3933333333333333
5628,0.2175555555555555
5629,0.026111111111111113
5630,0.37
5631,0.49333333333333335
5632,0.10333333333333333
5633,0.12333333333333334
5634,0.013333333333333334
5635,0.04867965367965368
5636,0.78
5637,0.18
5638,0.27666666666666667
5639,0.3566666666666667
5640,0.7833333333333333
5641,1.0
5642,0.0
5643,0.67
5644,0.29333333333333333
5645,0.2866666666666667
5646,0.3
5647,0.48333333333333334
5648,0.013333333333333334
5649,0.41400000000000003
5650,0.45
5651,0.01
5652,0.06333333333333334
5653,0.09333333333333334
5654,0.37666666666666665
5655,0.2866666666666667
5656,1.0
5657,0.043333333333333335
5658,0.11
5659,0.05
5660,0.17666666666666667
5661,0.02
5662,1.0
5663,0.20333333333333334
5664,0.18
5665,0.08666666666666667
5666,0.08523809523809524
5667,0.09666666666666666
5668,0.10666666666666667
5669,0.49111111111111105
5670,0.44666666666666666
5671,0.6742304579951639
5672,0.023333333333333334
5673,0.013333333333333334
5674,0.01
5675,0.9966666666666667
5676,0.4066666666666667
5677,0.24666666666666667
5678,0.14333333333333334
5679,0.08664444444444444
5680,0.5054501631944498
5681,0.07333333333333333
5682,0.22
5683,0.33666666666666667
5684,0.20333333333333334
5685,1.0
5686,0.4033333333333333
5687,0.043478260869565216
5688,0.03
5689,0.885579365079365
5690,0.04666666666666667
5691,0.18333333333333332
5692,0.06666666666666667
5693,0.03333333333333333
5694,0.3961111111111111
5695,0.37579365079365085
5696,0.05
5697,0.9866666666666667
5698,0.22333333333333333
5699,0.8735925925925926
5700,0.006666666666666667
5701,0.37666666666666665
5702,0.03666666666666667
5703,0.17
5704,0.07180952380952381
5705,0.5238055555555556
5706,0.15622222222222223
5707,1.0
5708,0.24833333333333332
5709,0.05333333333333334
5710,0.28
5711,0.36666666666666664
5712,0.3566666666666667
5713,0.06
5714,0.08577777777777777
5715,0.8662638287638288
5716,0.2833333333333333
5717,0.8166666666666667
5718,0.06
5719,0.30111111111111116
5720,0.9866666666666667
5721,0.9393760683760684
5722,1.0
5723,0.32666666666666666
5724,0.12666666666666668
5725,0.30666666666666664
5726,0.06
5727,0.24666666666666667
5728,0.10350000000000001
5729,0.7572642688187311
5730,0.7977777777777778
5731,0.3566666666666667
5732,0.24141666666666667
5733,0.3
5734,0.24333333333333335
5735,0.09333333333333334
5736,0.11066666666666668
5737,0.16777777777777778
5738,0.01
5739,1.0
5740,0.13666666666666666
5741,0.23666666666666666
5742,0.03666666666666667
5743,0.05
5744,0.99
5745,0.17333333333333334
5746,0.4846666666666667
5747,0.1
5748,0.9366666666666666
5749,0.08666666666666667
5750,0.17
5751,1.0
5752,0.0033333333333333335
5753,0.32
5754,0.15
5755,0.04066666666666666
5756,0.054045584045584044
5757,0.08333333333333333
5758,0.03333333333333333
5759,0.013333333333333334
5760,0.20111111111111113
5761,0.3233333333333333
5762,0.1042848254364414
5763,0.22666666666666666
5764,0.07333333333333333
5765,0.18
5766,0.14
5767,1.0
5768,0.030144927536231887
5769,0.02
5770,0.11
5771,0.033157407407407406
5772,0.24
5773,0.04666666666666667
5774,0.99
5775,0.2
5776,0.9966666666666667
5777,0.12666666666666668
5778,0.049555555555555554
5779,0.36666666666666664
5780,0.9933333333333333
5781,0.29333333333333333
5782,0.35333333333333333
5783,0.25277777777777777
5784,0.09666666666666666
5785,0.17
5786,0.14666666666666667
5787,0.3333333333333333
5788,0.06333333333333334
5789,0.030833333333333334
5790,0.023333333333333334
5791,0.51
5792,0.03
5793,0.023333333333333334
5794,0.0
5795,0.3283333333333333
5796,0.8313888888888888
5797,0.31666666666666665
5798,0.06333333333333334
5799,0.24
5800,0.9966666666666667
5801,0.02
5802,0.21214285714285713
5803,0.0033333333333333335
5804,0.24
5805,0.11666666666666667
5806,0.016666666666666666
5807,1.0
5808,0.39666666666666667
5809,1.0
5810,0.05
5811,0.29444444444444445
5812,0.3022222222222222
5813,0.06742424242424243
5814,0.7033333333333334
5815,0.9966666666666667
5816,0.3466666666666667
5817,0.09
5818,0.11333333333333333
5819,0.3310545778602263
5820,0.20666666666666667
5821,0.9833333333333333
5822,0.10166666666666667
5823,0.3933333333333333
5824,1.0
5825,0.27666666666666667
5826,0.9040764411027571
5827,0.9633333333333334
5828,0.6433333333333333
5829,0.49
5830,0.15666666666666668
5831,0.013333333333333334
5832,0.08894444444444445
5833,0.07366666666666667
5834,0.7784085835884741
5835,0.2733333333333333
5836,0.5433333333333333
5837,0.065
5838,0.345
5839,0.9309080549080548
5840,0.013333333333333334
5841,0.2633333333333333
5842,0.013333333333333334
5843,1.0
5844,0.6166666666666667
5845,1.0
5846,0.9433892958892959
5847,0.89
5848,0.11333333333333333
5849,0.8461076603135428
5850,0.22333333333333333
5851,0.13333333333333333
5852,0.033157407407407406
5853,0.9966666666666667
5854,0.07666666666666666
5855,0.49666666666666665
5856,0.02
5857,0.18
5858,0.35
5859,0.9633333333333334
5860,0.49666666666666665
5861,0.04
5862,0.09666666666666666
5863,0.11955555555555554
5864,0.0033333333333333335
5865,0.17
5866,0.04666666666666667
5867,0.18333333333333332
5868,0.29333333333333333
5869,0.12333333333333334
5870,0.475
5871,0.03333333333333333
5872,0.07722222222222222
5873,0.013333333333333334
5874,1.0
5875,0.05
5876,0.03
5877,0.09
5878,1.0
5879,0.30583333333333335
5880,0.4
5881,0.4471296296296296
5882,0.04
5883,0.63
5884,0.99
5885,0.08577777777777777
5886,0.7537415697048049
5887,0.9966666666666667
5888,0.06
5889,0.0033333333333333335
5890,0.15666666666666668
5891,0.6
5892,0.43666666666666665
5893,0.5033333333333333
5894,0.12666666666666668
5895,0.14
5896,0.08666666666666667
5897,0.9966666666666667
5898,0.99
5899,0.06333333333333334
5900,0.08355306730306732
5901,1.0
5902,0.07833333333333334
5903,0.22693910256410257
5904,1.0
5905,0.9566666666666667
5906,0.13
5907,0.13
5908,0.03333333333333333
5909,0.043333333333333335
5910,0.15
5911,0.8433333333333334
5912,0.21
5913,0.07333333333333333
5914,0.019333333333333334
5915,0.5333333333333333
5916,0.03
5917,0.03333333333333333
5918,0.02666666666666667
5919,0.22
5920,0.49333333333333335
5921,0.16666666666666666
5922,0.05
5923,0.11333333333333333
5924,0.13
5925,0.3233333333333333
5926,0.13
5927,0.045672926447574334
5928,0.9966666666666667
5929,0.19
5930,0.08497222222222223
5931,0.02
5932,0.573984126984127
5933,0.02666666666666667
5934,0.09666666666666666
5935,0.9586666666666668
5936,0.03666666666666667
5937,1.0
5938,0.28
5939,0.023333333333333334
5940,0.1
5941,0.27
5942,0.2538095238095238
5943,0.15166666666666667
5944,0.03333333333333333
5945,0.14333333333333334
5946,0.04
5947,0.04666666666666667
5948,0.17
5949,0.8933333333333333
5950,0.01
5951,0.08
5952,1.0
5953,0.4853535353535353
5954,0.9918181818181817
5955,0.2866666666666667
5956,0.02
5957,0.08416074732555966
5958,0.09333333333333334
5959,0.12
5960,0.36333333333333334
5961,0.4533333333333333
5962,0.2511111111111111
5963,0.006666666666666667
5964,0.056666666666666664
5965,0.9643333333333334
5966,0.26
5967,0.99
5968,0.08
5969,0.30333333333333334
5970,0.11666666666666667
5971,0.13
5972,0.02
5973,0.99
5974,0.9966666666666667
5975,0.07801587301587302
5976,0.26
5977,0.10666666666666667
5978,0.24
5979,0.44333333333333336
5980,0.11555555555555555
5981,0.2
5982,0.6016666666666667
5983,0.03666666666666667
5984,0.14333333333333334
5985,0.02676470588235294
5986,0.04
5987,0.35
5988,0.36333333333333334
5989,0.9395000000000001
5990,0.12
5991,0.12
5992,0.30666666666666664
5993,0.14666666666666667
5994,0.058972222222222224
5995,0.13666666666666666
5996,0.38
5997,1.0
5998,0.05333333333333334
5999,0.10333333333333333
6000,0.16333333333333333
6001,0.19416666666666665
6002,0.12380952380952381
6003,0.6833333333333333
6004,0.02666666666666667
6005,0.03595238095238095
6006,0.41
6007,0.22
6008,0.49
6009,0.14666666666666667
6010,0.05
6011,0.3466666666666667
6012,0.11
6013,0.4697037037037037
6014,0.06
6015,0.20333333333333334
6016,0.006666666666666667
6017,0.26845975232198144
6018,0.34
6019,0.18666666666666668
6020,0.33666666666666667
6021,0.98
6022,0.9966666666666667
6023,0.3233333333333333
6024,0.006025641025641026
6025,0.21333333333333335
6026,1.0
6027,0.13
6028,0.11666666666666667
6029,0.09666666666666666
6030,0.1
6031,0.06
6032,0.03333333333333333
6033,0.03507177033492823
6034,0.06666666666666667
6035,0.11666666666666667
6036,0.11333333333333333
6037,0.6716666666666665
6038,0.25
6039,0.0033333333333333335
6040,0.13333333333333333
6041,0.8222227032227033
6042,0.05
6043,0.06321428571428572
6044,1.0
6045,0.8189182299182299
6046,0.47
6047,0.02666666666666667
6048,0.16666666666666666
6049,0.3433333333333333
6050,0.20955555555555558
6051,0.038148148148148146
6052,0.3549282745886667
6053,0.23
6054,0.9966666666666667
6055,0.02
6056,0.17
6057,0.11
6058,0.10333333333333333
6059,0.08666666666666667
6060,0.08333333333333333
6061,0.3433333333333333
6062,0.07
6063,0.16333333333333333
6064,0.01
6065,0.23666666666666666
6066,0.2633333333333333
6067,0.9966666666666667
6068,0.7566666666666667
6069,0.07666666666666666
6070,0.01
6071,0.31333333333333335
6072,0.07
6073,0.24739926739926743
6074,0.19988663706578527
6075,0.07
6076,0.9866666666666667
6077,0.023333333333333334
6078,0.7537415697048049
6079,0.33
6080,0.14666666666666667
6081,0.011666666666666667
6082,0.13666666666666666
6083,0.08333333333333333
6084,0.03444444444444444
6085,0.13666666666666666
6086,0.16166666666666665
6087,0.22333333333333333
6088,0.1837037037037037
6089,0.016666666666666666
6090,0.14166666666666666
6091,0.7433333333333333
6092,0.0033333333333333335
6093,0.013333333333333334
6094,0.06
6095,0.023333333333333334
6096,0.38333333333333336
6097,0.4666666666666667
6098,0.45
6099,0.06
6100,0.49666666666666665
6101,0.1855549333642747
6102,0.2733333333333333
6103,0.09666666666666666
6104,0.26666666666666666
6105,0.013333333333333334
6106,0.15666666666666668
6107,0.02
6108,0.3433333333333333
6109,0.05333333333333334
6110,0.19333333333333333
6111,0.17
6112,0.07333333333333333
6113,0.09666666666666666
6114,0.164
6115,0.07333333333333333
6116,0.21489929514929515
6117,0.03333333333333333
6118,0.6233333333333333
6119,1.0
6120,0.013333333333333334
6121,0.007380952380952381
6122,0.24333333333333335
6123,0.17265756547374192
6124,0.02
6125,0.06666666666666667
6126,0.49666666666666665
6127,0.9227599067599067
6128,0.03
6129,0.3183333333333333
6130,0.09
6131,1.0
6132,0.006666666666666667
6133,0.15666666666666668
6134,0.05
6135,0.013333333333333334
6136,0.4666666666666667
6137,0.17
6138,0.11666666666666667
6139,0.43
6140,0.59
6141,0.9966666666666667
6142,1.0
6143,0.16666666666666666
6144,0.06333333333333334
6145,0.34
6146,0.2833333333333333
6147,0.2966666666666667
6148,0.9966666666666667
6149,0.006666666666666667
6150,0.36666666666666664
6151,0.25333333333333335
6152,0.24333333333333335
6153,0.02
6154,0.08333333333333333
6155,1.0
6156,0.22801614199640524
6157,0.08
6158,0.0
6159,0.9504871794871796
6160,1.0
6161,0.21
6162,0.86
6163,0.9933333333333333
6164,0.2922222222222222
6165,0.9966666666666667
6166,0.9933333333333333
6167,0.08666666666666667
6168,0.19233333333333336
6169,0.33666666666666667
6170,0.03360119047619047
6171,0.01
6172,0.32
6173,0.07
6174,0.006666666666666667
6175,0.07
6176,0.09244444444444444
6177,0.17
6178,0.035812590187590185
6179,0.2733333333333333
6180,0.17490053793176374
6181,0.01884057971014493
6182,0.03666666666666667
6183,0.03
6184,0.02
6185,0.45
6186,0.06333333333333334
6187,0.9077064504696083
6188,0.02666666666666667
6189,0.07222222222222223
6190,1.0
6191,0.09
6192,0.07
6193,0.11666666666666667
6194,0.1
6195,0.8320833333333333
6196,0.05
6197,0.08333333333333333
6198,0.04666666666666667
6199,0.98
6200,0.98
6201,0.3
6202,1.0
6203,0.11666666666666667
6204,0.14
6205,0.04
6206,0.36333333333333334
6207,0.32
6208,0.34875
6209,0.22
6210,0.3333333333333333
6211,0.25666666666666665
6212,0.12
6213,0.12333333333333334
6214,0.8766666666666667
6215,0.02
6216,0.9336666666666668
6217,0.05
6218,0.21
6219,0.31333333333333335
6220,1.0
6221,0.10316666666666667
6222,0.9966666666666667
6223,0.043333333333333335
6224,0.07544444444444444
6225,0.016666666666666666
6226,0.8768292682926829
6227,0.0
6228,0.03333333333333333
6229,0.095
6230,0.8066666666666666
6231,0.09
6232,0.6064030740501326
6233,0.016666666666666666
6234,0.058333333333333334
6235,0.7033333333333334
6236,0.9866666666666667
6237,0.6266666666666667
6238,0.9866666666666667
6239,0.03722222222222222
6240,0.9246813725490195
6241,0.02
6242,0.42
6243,0.12666666666666668
6244,0.15333333333333332
6245,0.4766666666666667
6246,0.31
6247,0.021666666666666667
6248,0.07
6249,0.03333333333333333
6250,0.37333333333333335
6251,0.20666666666666667
6252,0.02666666666666667
6253,0.3466666666666667
6254,0.11333333333333333
6255,0.24933333333333332
6256,1.0
6257,0.31666666666666665
6258,0.16666666666666666
6259,0.0033333333333333335
6260,0.18333333333333332
6261,0.20383333333333334
6262,0.16
6263,1.0
6264,0.9966666666666667
6265,0.04
6266,0.38333333333333336
6267,0.5184086808000276
6268,0.09111111111111111
6269,1.0
6270,0.86
6271,0.04
6272,0.08
6273,0.6266666666666667
6274,0.9966666666666667
6275,0.1
6276,0.13666666666666666
6277,0.21333333333333335
6278,0.045
6279,0.06333333333333334
6280,0.9933333333333333
6281,0.07333333333333333
6282,0.8857777777777777
6283,0.533888888888889
6284,0.49
6285,0.11
6286,0.5233333333333333
6287,0.9966666666666667
6288,0.006666666666666667
6289,0.3406666666666667
6290,0.36
6291,0.18
6292,0.5433333333333333
6293,0.8016666666666666
6294,0.14
6295,0.4607592592592593
6296,0.09
6297,0.37333333333333335
6298,0.9439629629629629
6299,0.5
6300,0.12666666666666668
6301,0.06
6302,0.20666666666666667
6303,0.22
6304,0.0717755991285403
6305,0.04666666666666667
6306,0.20333333333333334
6307,0.31666666666666665
6308,0.9933333333333333
6309,0.30333333333333334
6310,0.18666666666666668
6311,0.20333333333333334
6312,0.28
6313,0.9966666666666667
6314,0.26666666666666666
6315,0.25666666666666665
6316,0.06
6317,0.8884444444444444
6318,0.09333333333333334
6319,0.3094603174603175
6320,0.04
6321,0.9866666666666667
6322,0.04674679487179487
6323,0.920902356902357
6324,0.10833333333333334
6325,1.0
6326,0.0
6327,0.13
6328,0.06666666666666667
6329,0.10666666666666667
6330,0.22
6331,0.023333333333333334
6332,0.32
6333,0.043333333333333335
6334,0.10333333333333333
6335,0.19333333333333333
6336,0.28
6337,0.05333333333333334
6338,1.0
6339,0.41623343199142415
6340,0.06
6341,0.49
6342,1.0
6343,0.03688888888888889
6344,0.07866666666666668
6345,0.6866666666666666
6346,0.15333333333333332
6347,0.9966666666666667
6348,0.5366666666666666
6349,0.32941176470588235
6350,0.9933333333333333
6351,0.01606060606060606
6352,0.0425
6353,0.06
6354,0.4166666666666667
6355,0.2761111111111111
6356,0.07333333333333333
6357,0.43666666666666665
6358,0.19333333333333333
6359,0.04666666666666667
6360,0.0033333333333333335
6361,0.02666666666666667
6362,0.1372041847041847
6363,0.2
6364,0.02666666666666667
6365,0.023333333333333334
6366,0.15208333333333332
6367,0.12333333333333334
6368,0.15333333333333332
6369,0.15
6370,0.1
6371,0.23333333333333334
6372,0.06555555555555555
6373,0.13
6374,0.03333333333333333
6375,0.22666666666666666
6376,0.22333333333333333
6377,0.65
6378,0.07784116809116809
6379,0.16833333333333333
6380,0.99
6381,0.06148148148148148
6382,1.0
6383,0.86
6384,1.0
6385,0.18
6386,0.37666666666666665
6387,0.02
6388,0.12333333333333334
6389,0.38666666666666666
6390,0.20333333333333334
6391,0.33944444444444444
6392,0.0
6393,1.0
6394,0.02666666666666667
6395,0.3233333333333333
6396,0.3933333333333333
6397,0.16
6398,0.023333333333333334
6399,0.13
6400,0.5633333333333334
6401,0.19333333333333333
6402,0.5366666666666666
6403,0.07666666666666666
6404,0.38988888888888884
6405,0.18666666666666668
6406,0.03333333333333333
6407,0.19333333333333333
6408,0.023333333333333334
6409,0.10666666666666667
6410,0.23666666666666666
6411,0.6244444444444445
6412,0.013333333333333334
6413,0.37
6414,0.023333333333333334
6415,0.82
6416,0.06
6417,0.06
6418,0.08333333333333333
6419,0.3233333333333333
6420,0.08333333333333333
6421,0.15333333333333332
6422,0.25666666666666665
6423,0.14333333333333334
6424,0.9966666666666667
6425,0.48
6426,0.11
6427,0.043333333333333335
6428,0.6933333333333334
6429,0.013333333333333334
6430,0.19666666666666666
6431,0.12333333333333334
6432,0.31333333333333335
6433,0.9566666666666667
6434,0.9766666666666667
6435,0.031111111111111114
6436,1.0
6437,0.07
6438,0.24666666666666667
6439,0.15
6440,0.03666666666666667
6441,0.16
6442,0.28488095238095235
6443,0.06
6444,0.19333333333333333
6445,0.016666666666666666
6446,1.0
6447,0.07833333333333334
6448,0.71
6449,0.013333333333333334
6450,0.9394871794871794
6451,0.13430555555555557
6452,0.18476190476190477
6453,0.9966666666666667
6454,0.39666666666666667
6455,0.06
6456,0.07666666666666666
6457,0.12
6458,0.18666666666666668
6459,0.47046380471380456
6460,0.22666666666666666
6461,0.8768292682926829
6462,0.27
6463,0.21
6464,0.20666666666666667
6465,0.44333333333333336
6466,0.03666666666666667
6467,0.17666666666666667
6468,0.03666666666666667
6469,0.99
6470,1.0
6471,1.0
6472,0.07666666666666666
6473,0.22666666666666666
6474,0.18
6475,0.013333333333333334
6476,0.7233333333333334
6477,0.14
6478,0.03666666666666667
6479,0.9633333333333334
6480,0.14
6481,0.10166666666666667
6482,0.4533333333333333
6483,0.006666666666666667
6484,0.2227362282826681
6485,0.29333333333333333
6486,0.24
6487,0.05888888888888888
6488,0.07111111111111111
6489,0.3933333333333333
6490,0.7077316821465428
6491,0.6533333333333333
6492,0.9966666666666667
6493,0.1577777777777778
6494,0.17443350019530687
6495,0.7567857142857143
6496,0.29
6497,0.02
6498,0.6866666666666666
6499,0.04666666666666667
6500,0.20666666666666667
6501,0.1
6502,0.39
6503,0.03333333333333333
6504,0.24
6505,0.8866666666666667
6506,0.10333333333333333
6507,0.0125
6508,0.023333333333333334
6509,0.09
6510,0.043333333333333335
6511,0.07333333333333333
6512,0.25604040505825554
6513,0.6396666666666667
6514,0.13
6515,0.16
6516,0.33
6517,0.14166666666666666
6518,0.33
6519,0.03507177033492823
6520,1.0
6521,0.006666666666666667
6522,0.21333333333333335
6523,0.4974603174603174
6524,0.027222222222222228
6525,0.32666666666666666
6526,0.38
6527,0.9966666666666667
6528,0.4633333333333333
6529,0.07666666666666666
6530,0.96
6531,0.9966666666666667
6532,0.7666666666666667
6533,0.8633333333333333
6534,0.10666666666666667
6535,0.0033333333333333335
6536,0.5690925925925926
6537,0.2991666666666667
6538,0.2866666666666667
6539,0.0044444444444444444
6540,0.5058333333333334
6541,0.6133333333333333
6542,0.6433333333333333
6543,0.777775974025974
6544,0.11
6545,0.6966666666666667
6546,0.44333333333333336
6547,0.09333333333333334
6548,0.2622222222222222
6549,0.2816666666666667
6550,0.08666666666666667
6551,0.0
6552,0.023333333333333334
6553,0.16
6554,1.0
6555,0.0033333333333333335
6556,0.11666666666666667
6557,0.9966666666666667
6558,0.07333333333333333
6559,0.8133333333333334
6560,0.03333333333333333
6561,0.85
6562,0.24572222222222218
6563,0.11818518518518518
6564,0.17
6565,0.08333333333333333
6566,0.020138990638990637
6567,0.12777777777777777
6568,0.10666666666666667
6569,0.24666666666666667
6570,0.12
6571,0.9933333333333333
6572,0.9966666666666667
6573,0.09
6574,0.01
6575,0.89
6576,0.23
6577,0.32666666666666666
6578,0.3466666666666667
6579,0.11
6580,0.03333333333333333
6581,0.128
6582,0.9710000000000001
6583,0.05
6584,0.3466666666666667
6585,0.245
6586,0.07666666666666666
6587,0.0
6588,0.02
6589,0.10333333333333333
6590,0.06
6591,0.6708129420263568
6592,0.14333333333333334
6593,0.03333333333333333
6594,0.03
6595,0.9289974937343358
6596,0.9966666666666667
6597,0.02666666666666667
6598,0.11333333333333333
6599,0.11333333333333333
6600,0.11833333333333333
6601,0.10666666666666667
6602,0.20166666666666666
6603,0.37
6604,0.2033165747168195
6605,0.02666666666666667
6606,0.15
6607,0.24
6608,0.07325490196078431
6609,0.03666666666666667
6610,0.03333333333333333
6611,0.27599999999999997
6612,0.1311111111111111
6613,0.09666666666666666
6614,0.06333333333333334
6615,0.45
6616,0.03333333333333333
6617,0.056666666666666664
6618,0.03
6619,0.08333333333333333
6620,0.11
6621,0.043333333333333335
6622,0.25666666666666665
6623,0.36333333333333334
6624,0.8584999999999998
6625,0.1277777777777778
6626,0.8766666666666667
6627,0.08
6628,0.15666666666666668
6629,0.056666666666666664
6630,0.04777777777777777
6631,1.0
6632,0.23
6633,0.9966666666666667
6634,0.37
6635,0.6333333333333333
6636,0.11
6637,0.12138888888888891
6638,0.1
6639,0.013333333333333334
6640,0.03
6641,0.08611111111111112
6642,0.25333333333333335
6643,0.27
6644,0.11666666666666667
6645,0.026111111111111113
6646,0.9421666666666666
6647,0.674012521901322
6648,0.20333333333333334
6649,0.07666666666666666
6650,0.925
6651,0.14666666666666667
6652,0.7693236714975846
6653,0.16666666666666666
6654,1.0
6655,0.013333333333333334
6656,0.29
6657,0.013333333333333334
6658,0.07333333333333333
6659,0.24
6660,0.04
6661,0.9966666666666667
6662,0.99
6663,0.9
6664,0.9168108928108929
6665,0.1
6666,0.26
6667,0.31
6668,0.18666666666666668
6669,0.08
6670,0.04655555555555556
6671,0.04
6672,0.13152030604223588
6673,0.99
6674,0.013333333333333334
6675,0.07333333333333333
6676,0.9966666666666667
6677,0.9866666666666667
6678,0.08
6679,0.23
6680,0.03166666666666667
6681,0.9966666666666667
6682,0.25
6683,0.05
6684,0.45622222222222225
6685,0.013333333333333334
6686,0.01
6687,0.010904761904761907
6688,0.15303030303030302
6689,0.09333333333333334
6690,0.24
6691,0.21
6692,0.03
6693,0.20777777777777778
6694,0.016666666666666666
6695,0.12277777777777779
6696,0.02347826086956522
6697,0.01
6698,0.9966666666666667
6699,0.9533333333333334
6700,0.5466666666666666
6701,0.06666666666666667
6702,0.09
6703,0.07333333333333333
6704,0.9933333333333333
6705,0.18
6706,0.352
6707,0.050833333333333335
6708,0.20666666666666667
6709,0.03
6710,1.0
6711,0.03666666666666667
6712,0.13333333333333333
6713,0.05
6714,0.0
6715,0.99
6716,0.05
6717,0.15333333333333332
6718,0.19
6719,0.86
6720,0.03
6721,0.9933333333333333
6722,1.0
6723,0.5033333333333333
6724,0.19333333333333333
6725,0.05630574712643679
6726,0.17666666666666667
6727,0.02666666666666667
6728,0.21871645870556
6729,0.06666666666666667
6730,0.023333333333333334
6731,0.37
6732,0.02
6733,0.4472222222222223
6734,0.5566666666666666
6735,0.99
6736,0.13
6737,0.06666666666666667
6738,0.17333333333333334
6739,0.023333333333333334
6740,0.6466666666666666
6741,0.28
6742,0.31
6743,0.4
6744,1.0
6745,0.14333333333333334
6746,0.14995726495726494
6747,0.19555555555555554
6748,0.10525641025641025
6749,0.06666666666666667
6750,0.404
6751,0.07666666666666666
6752,0.2905555555555555
6753,0.5211111111111111
6754,0.16666666666666666
6755,0.21333333333333335
6756,0.49666666666666665
6757,0.08333333333333333
6758,0.20380344655344657
6759,0.36333333333333334
6760,0.9866666666666667
6761,0.06
6762,0.5283333333333333
6763,0.14730095313183564
6764,0.05
6765,0.039818181818181815
6766,0.12
6767,0.03666666666666667
6768,0.06
6769,0.9733333333333334
6770,0.41
6771,0.28
6772,0.006666666666666667
6773,0.2
6774,1.0
6775,0.06833333333333333
6776,0.52
6777,0.07166666666666667
6778,0.27
6779,0.09
6780,0.33
6781,0.05
6782,0.09
6783,0.09666666666666666
6784,0.15666666666666668
6785,0.22333333333333333
6786,0.0
6787,0.33
6788,0.30333333333333334
6789,0.0033333333333333335
6790,0.045
6791,0.26666666666666666
6792,0.17
6793,0.17333333333333334
6794,0.9766666666666667
6795,0.04666666666666667
6796,0.006111111111111111
6797,0.013333333333333334
6798,0.08
6799,0.4149206349206349
6800,0.15
6801,0.14
6802,0.11
6803,0.0262037037037037
6804,0.016666666666666666
6805,0.9766666666666667
6806,0.51
6807,0.03333333333333333
6808,1.0
6809,0.12333333333333334
6810,0.02666666666666667
6811,0.11666666666666667
6812,0.15333333333333332
6813,0.13666666666666666
6814,0.06
6815,0.38666666666666666
6816,0.105
6817,0.21
6818,0.08333333333333333
6819,0.023333333333333334
6820,0.20333333333333334
6821,0.016666666666666666
6822,0.3333333333333333
6823,0.9733333333333334
6824,0.36
6825,0.98
6826,0.32666666666666666
6827,0.35
6828,1.0
6829,0.6708129420263568
6830,0.16666666666666666
6831,0.08816666666666667
6832,0.0
6833,1.0
6834,0.16182916942591863
6835,0.75
6836,0.30666666666666664
6837,0.9933333333333333
6838,0.04
6839,0.06333333333333334
6840,0.14666666666666667
6841,1.0
6842,0.36333333333333334
6843,0.13166666666666665
6844,0.36
6845,0.11208333333333333
6846,0.056666666666666664
6847,0.08333333333333333
6848,0.6833333333333333
6849,0.06333333333333334
6850,0.43166666666666664
6851,0.03
6852,0.03666666666666667
6853,0.0
6854,0.69
6855,0.20833333333333334
6856,0.06
6857,0.20666666666666667
6858,0.9034949494949494
6859,0.03333333333333333
6860,0.9833333333333333
6861,0.041666666666666664
6862,0.03333333333333333
6863,0.38333333333333336
6864,0.4033333333333333
6865,0.24666666666666667
6866,0.9106875363178911
6867,0.26416666666666666
6868,0.0033333333333333335
6869,0.13203703703703704
6870,0.13
6871,0.006666666666666667
6872,0.6166666666666667
6873,0.9933333333333333
6874,0.8984948730511166
6875,0.5066666666666667
6876,0.14666666666666667
6877,0.18666666666666668
6878,0.9294265734265733
6879,0.2966666666666667
6880,0.08
6881,0.04666666666666667
6882,0.99
6883,0.37755614800372866
6884,0.14
6885,0.13666666666666666
6886,0.41333333333333333
6887,0.26666666666666666
6888,0.21666666666666667
6889,0.035
6890,0.1
6891,0.06333333333333334
6892,0.375
6893,0.1
6894,0.12313764580792447
6895,0.30333333333333334
6896,0.15666666666666668
6897,0.9933333333333333
6898,1.0
6899,0.28
6900,0.01
6901,0.08466666666666667
6902,0.007619047619047619
6903,0.38333333333333336
6904,0.056666666666666664
6905,0.5173862199478902
6906,0.012222222222222221
6907,0.17333333333333334
6908,0.3233333333333333
6909,0.3466666666666667
6910,0.30333333333333334
6911,0.26166666666666666
6912,0.16333333333333333
6913,0.02666666666666667
6914,0.18090034965034968
6915,0.6141414141414142
6916,0.8533333333333334
6917,0.5433333333333333
6918,0.07
6919,1.0
6920,0.5933333333333334
6921,0.3433333333333333
6922,0.023333333333333334
6923,0.1998625730994152
6924,0.5066666666666667
6925,0.036904761904761905
6926,0.09
6927,0.14
6928,0.06
6929,0.056666666666666664
6930,0.7333333333333333
6931,0.08
6932,0.09666666666666666
6933,0.9566666666666667
6934,0.02666666666666667
6935,0.03666666666666667
6936,0.013333333333333334
6937,0.056666666666666664
6938,0.16666666666666666
6939,0.38
6940,0.21666666666666667
6941,0.18333333333333332
6942,0.28
6943,0.06
6944,0.14
6945,0.09
6946,0.02
6947,0.38333333333333336
6948,0.4633333333333333
6949,0.18666666666666668
6950,0.8515840783312049
6951,0.20666666666666667
6952,0.68
6953,0.27
6954,0.185
6955,0.3566666666666667
6956,0.11333333333333333
6957,0.17916666666666667
6958,0.15333333333333332
6959,0.04666666666666667
6960,0.03833333333333333
6961,0.02666666666666667
6962,0.36333333333333334
6963,0.043333333333333335
6964,0.21333333333333335
6965,0.25333333333333335
6966,0.013333333333333334
6967,0.9966666666666667
6968,0.016666666666666666
6969,0.02
6970,0.05
6971,0.056666666666666664
6972,0.693888888888889
6973,0.19333333333333333
6974,0.314
6975,0.2833333333333333
6976,0.48
6977,0.9966666666666667
6978,0.05
6979,0.42333333333333334
6980,0.15666666666666668
6981,0.06666666666666667
6982,0.04
6983,0.18866666666666668
6984,0.022
6985,0.16
6986,0.013333333333333334
6987,0.05333333333333334
6988,0.02666666666666667
6989,0.06583333333333333
6990,1.0
6991,0.9833333333333333
6992,0.99
6993,0.21333333333333335
6994,0.25333333333333335
6995,0.03666666666666667
6996,0.52
6997,0.29
6998,0.07142857142857142
6999,0.02666666666666667
7000,0.35297348484848484
7001,0.010833333333333334
7002,0.08333333333333333
7003,1.0
7004,0.15
7005,0.056666666666666664
7006,0.9933333333333333
7007,0.023333333333333334
7008,0.4666666666666667
7009,0.7566666666666667
7010,0.31
7011,0.03
7012,0.38333333333333336
7013,0.018000000000000002
7014,0.0
7015,0.1629239766081871
7016,0.9966666666666667
7017,0.006666666666666667
7018,0.2966666666666667
7019,0.12333333333333334
7020,1.0
7021,0.03333333333333333
7022,0.2866666666666667
7023,0.02
7024,0.23255555555555554
7025,0.7633333333333333
7026,0.05333333333333334
7027,0.31333333333333335
7028,0.37666666666666665
7029,0.1
7030,0.9966666666666667
7031,0.29333333333333333
7032,0.9298484848484848
7033,0.9733333333333334
7034,0.8425
7035,0.7066666666666667
7036,0.07666666666666666
7037,0.9733333333333334
7038,0.7045391995435465
7039,0.07333333333333333
7040,0.9733333333333334
7041,0.2733333333333333
7042,0.32
7043,0.08
7044,0.14
7045,0.30333333333333334
7046,0.9710000000000001
7047,0.03
7048,0.09333333333333334
7049,0.13333333333333333
7050,0.9566666666666667
7051,0.11
7052,0.05
7053,0.82
7054,0.0037719298245614034
7055,1.0
7056,0.19444444444444442
7057,0.96
7058,0.74
7059,0.9966666666666667
7060,0.051111111111111114
7061,0.9566666666666667
7062,0.0033333333333333335
7063,0.0
7064,0.013333333333333334
7065,0.6
7066,0.19777777777777777
7067,0.7041666666666667
7068,0.19333333333333333
7069,0.2306666666666667
7070,0.06333333333333334
7071,0.02666666666666667
7072,0.03333333333333333
7073,0.3566666666666667
7074,0.24666666666666667
7075,0.41444444444444445
7076,0.6533333333333333
7077,0.14333333333333334
7078,0.7045391995435465
7079,0.013611111111111114
7080,0.15666666666666668
7081,0.06333333333333334
7082,0.25
7083,0.10666666666666667
7084,0.03222222222222222
7085,0.016666666666666666
7086,0.021666666666666667
7087,0.15333333333333332
7088,0.05
7089,0.9933333333333333
7090,0.3466666666666667
7091,0.22
7092,1.0
7093,0.2833333333333333
7094,0.99
7095,0.5313333333333333
7096,0.38333333333333336
7097,0.18666666666666668
7098,0.48333333333333334
7099,0.9933333333333333
7100,0.08
7101,0.5333333333333333
7102,0.055555555555555546
7103,0.8521243145743145
7104,0.3522222222222222
7105,0.21666666666666667
7106,0.18055555555555555
7107,0.6533333333333333
7108,0.42333333333333334
7109,0.17
7110,0.22
7111,0.10333333333333333
7112,0.30333333333333334
7113,0.29
7114,0.20666666666666667
7115,0.8201074909495961
7116,0.08256410256410257
7117,0.17333333333333334
7118,0.0
7119,0.013333333333333334
7120,0.03333333333333333
7121,0.36
7122,0.13
7123,0.07
7124,0.0033333333333333335
7125,0.40444444444444444
7126,0.10400000000000001
7127,0.25333333333333335
7128,0.24
7129,0.04666666666666667
7130,0.43066666666666664
7131,0.4766666666666667
7132,1.0
7133,1.0
7134,0.3933333333333333
7135,0.023333333333333334
7136,0.15666666666666668
7137,0.016666666666666666
7138,0.2866666666666667
7139,0.11
7140,0.10166666666666667
7141,0.013333333333333334
7142,0.2988888888888889
7143,0.07
7144,0.86
7145,0.043333333333333335
7146,0.37333333333333335
7147,0.1
7148,0.4
7149,0.09333333333333334
7150,0.005833333333333334
7151,0.9110949235949238
7152,0.15333333333333332
7153,0.09666666666666666
7154,0.08666666666666667
7155,0.14333333333333334
7156,0.9966666666666667
7157,0.16333333333333333
7158,0.5433333333333333
7159,0.03
7160,0.39
7161,0.11666666666666667
7162,1.0
7163,0.07333333333333333
7164,0.013333333333333334
7165,0.03
7166,1.0
7167,0.14
7168,0.45
7169,0.39286700336700336
7170,0.023333333333333334
7171,0.17
7172,0.18
7173,0.0
7174,0.26
7175,0.02666666666666667
7176,0.35
7177,0.10789153439153437
7178,0.27708333333333335
7179,0.36866666666666664
7180,0.37666666666666665
7181,0.03333333333333333
7182,0.02
7183,0.043333333333333335
7184,0.16666666666666666
7185,0.09333333333333334
7186,0.17
7187,1.0
7188,0.18
7189,0.11333333333333333
7190,0.09333333333333334
7191,0.33
7192,0.24333333333333335
7193,0.44
7194,0.27666666666666667
7195,1.0
7196,0.04
7197,0.20333333333333334
7198,0.23
7199,0.04666666666666667
7200,0.83
7201,0.88
7202,0.27888888888888885
7203,0.043333333333333335
7204,0.5066666666666667
7205,0.04
7206,0.9933333333333333
7207,0.24333333333333335
7208,0.49
7209,0.15
7210,0.01
7211,0.08333333333333333
7212,0.23666666666666666
7213,0.4633333333333333
7214,0.10468253968253968
7215,0.02666666666666667
7216,0.5977777777777779
7217,0.9866666666666667
7218,0.013333333333333334
7219,0.08
7220,0.023333333333333334
7221,0.13666666666666666
7222,0.03333333333333333
7223,0.006666666666666667
7224,0.06666666666666667
7225,0.05333333333333334
7226,1.0
7227,0.043333333333333335
7228,0.22666666666666666
7229,0.21333333333333335
7230,0.199
7231,0.9866666666666667
7232,0.006666666666666667
7233,0.17944444444444443
7234,0.02666666666666667
7235,0.04
7236,0.3
7237,0.006666666666666667
7238,0.03
7239,0.06230392156862745
7240,0.013333333333333334
7241,0.29333333333333333
7242,1.0
7243,0.26666666666666666
7244,0.04666666666666667
7245,0.09666666666666666
7246,0.16108277321806733
7247,0.19733333333333333
7248,0.016666666666666666
7249,0.16805555555555554
7250,0.07333333333333333
7251,0.17333333333333334
7252,0.18
7253,0.13333333333333333
7254,0.14166666666666666
7255,1.0
7256,0.9566666666666667
7257,0.15
7258,0.02
7259,0.08
7260,0.9966666666666667
7261,0.06291666666666666
7262,0.03333333333333333
7263,0.3466666666666667
7264,0.4066666666666667
7265,0.21666666666666667
7266,0.01
7267,0.20546265172735764
7268,0.15666666666666668
7269,0.02
7270,0.2633333333333333
7271,0.11
7272,0.013333333333333334
7273,0.043333333333333335
7274,0.043333333333333335
7275,0.14333333333333334
7276,0.34833333333333333
7277,0.03333333333333333
7278,0.9966666666666667
7279,0.10333333333333333
7280,0.1688888888888889
7281,1.0
7282,0.5333333333333333
7283,0.09333333333333334
7284,0.023333333333333334
7285,0.14333333333333334
7286,0.06
7287,0.023333333333333334
7288,0.013333333333333334
7289,0.2866666666666667
7290,0.03666666666666667
7291,0.9933333333333333
7292,0.016666666666666666
7293,0.22333333333333333
7294,0.17333333333333334
7295,1.0
7296,0.02666666666666667
7297,0.02
7298,0.03333333333333333
7299,0.9522222222222223
7300,0.43
7301,0.9933333333333333
7302,0.21
7303,0.023333333333333334
7304,0.09785962185962187
7305,0.9933333333333333
7306,0.98
7307,1.0
7308,0.24
7309,0.20111111111111113
7310,0.98
7311,0.26393678160919537
7312,0.1575
7313,0.9966666666666667
7314,0.96
7315,0.11
7316,0.22
7317,0.5633333333333334
7318,0.21666666666666667
7319,0.9966666666666667
7320,0.48
7321,0.18634283309283306
7322,0.77
7323,0.11
7324,0.13333333333333333
7325,0.19333333333333333
7326,0.04666666666666667
7327,0.017333333333333333
7328,0.03
7329,0.09
7330,0.02
7331,0.11333333333333333
7332,0.2545
7333,0.15333333333333332
7334,0.13666666666666666
7335,0.056666666666666664
7336,0.49333333333333335
7337,0.0
7338,0.09666666666666666
7339,0.018333333333333333
7340,0.6401920629054776
7341,0.051666666666666666
7342,1.0
7343,0.21
7344,0.26666666666666666
7345,0.2
7346,0.17833333333333334
7347,0.28333333333333327
7348,0.8358479532163744
7349,0.06333333333333334
7350,0.023333333333333334
7351,0.016666666666666666
7352,0.01
7353,0.42
7354,0.02
7355,0.02666666666666667
7356,0.11444444444444445
7357,0.99
7358,0.21
7359,0.01
7360,0.9833333333333333
7361,0.9
7362,0.17166666666666666
7363,0.034979056341392326
7364,0.5054501631944498
7365,0.7966666666666666
7366,0.26666666666666666
7367,0.22
7368,0.9933333333333333
7369,0.013333333333333334
7370,0.08666666666666667
7371,0.12
7372,0.8973333333333333
7373,0.325
7374,0.04
7375,0.29486223036223036
7376,0.02666666666666667
7377,0.07666666666666666
7378,0.053636363636363635
7379,0.42
7380,0.15
7381,0.22666666666666666
7382,0.02666666666666667
7383,0.016666666666666666
7384,0.006666666666666667
7385,0.9966666666666667
7386,0.016666666666666666
7387,0.17
7388,0.08666666666666667
7389,0.3233333333333333
7390,0.9866666666666667
7391,0.9966666666666667
7392,0.7766666666666666
7393,0.08
7394,0.33
7395,0.08666666666666667
7396,0.35
7397,0.18
7398,0.04
7399,0.056666666666666664
7400,0.4866666666666667
7401,0.08666666666666667
7402,0.9966666666666667
7403,0.03666666666666667
7404,0.9439629629629629
7405,0.04
7406,0.03833333333333333
7407,0.21666666666666667
7408,0.25
7409,0.03263157894736843
7410,0.39
7411,0.21333333333333335
7412,0.245
7413,0.03666666666666667
7414,0.05
7415,0.05333333333333334
7416,0.12
7417,0.59
7418,0.12333333333333334
7419,0.04
7420,0.1
7421,0.27
7422,0.378474201375145
7423,0.17883333333333332
7424,0.9106666666666666
7425,0.9945833333333334
7426,0.07333333333333333
7427,0.24
7428,0.8528529502490502
7429,0.056666666666666664
7430,0.15
7431,0.9884848484848483
7432,0.38333333333333336
7433,0.33
7434,0.04
7435,0.3466666666666667
7436,0.06333333333333334
7437,0.02
7438,0.27
7439,0.7666666666666667
7440,0.0037719298245614034
7441,0.16305555555555554
7442,0.023333333333333334
7443,0.18333333333333332
7444,0.03
7445,0.46
7446,0.07083333333333332
7447,0.04
7448,0.08666666666666667
7449,0.22333333333333333
7450,0.48
7451,0.2
7452,0.99
7453,0.925
7454,0.02
7455,0.0033333333333333335
7456,0.34
7457,0.03333333333333333
7458,0.20159203980099502
7459,0.98
7460,1.0
7461,0.42670881433381436
7462,0.2966666666666667
7463,1.0
7464,0.1
7465,0.9933333333333333
7466,0.13333333333333333
7467,0.18333333333333332
7468,0.20333333333333334
7469,0.33
7470,0.09333333333333334
7471,1.0
7472,0.38566666666666666
7473,0.02
7474,0.6733333333333333
7475,0.056666666666666664
7476,0.056666666666666664
7477,0.9573333333333333
7478,0.03
7479,0.07
7480,0.07
7481,0.8044444444444444
7482,0.7066666666666667
7483,0.03333333333333333
7484,0.06666666666666667
7485,0.07
7486,0.13666666666666666
7487,0.85
7488,0.6733333333333333
7489,0.17333333333333334
7490,0.14
7491,0.6396666666666667
7492,0.24066666666666667
7493,0.5075
7494,0.08166666666666667
7495,0.02
7496,0.03733333333333333
7497,0.23333333333333334
7498,0.24
7499,0.02666666666666667
7500,0.006666666666666667
7501,0.9655555555555554
7502,0.006666666666666667
7503,0.14666666666666667
7504,0.5466666666666666
7505,0.9866666666666667
7506,0.36333333333333334
7507,0.64
7508,0.0
7509,0.2866666666666667
7510,0.013333333333333334
7511,0.18666666666666668
7512,0.05949494949494949
7513,0.2733333333333333
7514,0.2
7515,0.07666666666666666
7516,1.0
7517,0.26666666666666666
7518,0.9911111111111113
7519,0.013333333333333334
7520,0.09
7521,0.10988457801069733
7522,1.0
7523,0.3433333333333333
7524,0.04666666666666667
7525,0.4622222222222223
7526,0.04
7527,0.15333333333333332
7528,0.02672490155482483
7529,0.24333333333333335
7530,0.17333333333333334
7531,1.0
7532,0.13375420875420874
7533,0.006666666666666667
7534,0.12333333333333334
7535,0.9933333333333333
7536,0.07666666666666666
7537,0.44333333333333336
7538,0.3938888888888889
7539,0.07333333333333333
7540,0.03
7541,0.6633333333333333
7542,0.27
7543,0.09666666666666666
7544,0.35333333333333333
7545,0.24666666666666667
7546,0.41
7547,0.15333333333333332
7548,0.23333333333333334
7549,0.9966666666666667
7550,0.12916666666666668
7551,0.26708333333333334
7552,0.08222222222222221
7553,0.14333333333333334
7554,0.05
7555,0.24
7556,0.12333333333333334
7557,0.15102803024861847
7558,0.14
7559,0.901092352092352
7560,0.016666666666666666
7561,0.02666666666666667
7562,1.0
7563,0.09305555555555556
7564,0.30666666666666664
7565,0.008333333333333333
7566,0.056666666666666664
7567,0.013333333333333334
7568,0.28
7569,0.98
7570,0.043333333333333335
7571,0.03
7572,0.49166666666666664
7573,0.18
7574,0.9866666666666667
7575,0.8552423039493474
7576,0.09333333333333334
7577,0.03
7578,0.6933333333333334
7579,0.20244444444444443
7580,0.9566666666666667
7581,0.03222222222222222
7582,0.5
7583,0.35333333333333333
7584,0.04533333333333333
7585,0.12338888888888888
7586,0.023333333333333334
7587,0.14666666666666667
7588,0.27666666666666667
7589,0.16666666666666666
7590,0.19
7591,0.6066666666666667
7592,0.3233333333333333
7593,0.28
7594,0.9966666666666667
7595,0.24625925925925926
7596,0.13166666666666665
7597,0.013333333333333334
7598,0.7575505807925714
7599,0.2833333333333333
7600,0.1
7601,0.4633333333333333
7602,0.12
7603,0.025555555555555557
7604,0.03333333333333333
7605,1.0
7606,0.18
7607,0.03
7608,0.9866666666666667
7609,0.59
7610,0.03666666666666667
7611,0.37666666666666665
7612,0.03
7613,0.282
7614,0.008428571428571428
7615,0.23644444444444446
7616,0.58
7617,0.023333333333333334
7618,1.0
7619,0.96
7620,0.03333333333333333
7621,0.2633333333333333
7622,0.4
7623,0.04
7624,1.0
7625,0.39
7626,0.485
7627,0.349468253968254
7628,0.08666666666666667
7629,0.4
7630,0.16333333333333333
7631,0.06
7632,0.05
7633,0.4533333333333333
7634,0.7999266525273948
7635,0.03
7636,0.26
7637,0.04666666666666667
7638,0.060833333333333336
7639,0.23666666666666666
7640,0.07
7641,0.18333333333333332
7642,0.023333333333333334
7643,0.5
7644,0.10333333333333333
7645,0.24333333333333335
7646,0.023333333333333334
7647,0.9034949494949494
7648,0.21925925925925924
7649,0.7019542483660131
7650,0.006666666666666667
7651,0.04
7652,0.42
7653,0.07
7654,0.305
7655,0.12
7656,0.06333333333333334
7657,0.03
7658,0.016666666666666666
7659,0.09666666666666666
7660,0.9533333333333334
7661,0.095
7662,0.06
7663,0.24333333333333335
7664,0.4166666666666667
7665,0.16861111111111113
7666,0.2833333333333333
7667,1.0
7668,0.9610000000000001
7669,0.36
7670,0.17
7671,0.14277777777777775
7672,0.09416666666666666
7673,0.01
7674,0.01
7675,0.2966666666666667
7676,0.4266666666666667
7677,0.07
7678,0.023333333333333334
7679,0.19066666666666668
7680,0.9844444444444443
7681,0.19
7682,0.20159203980099502
7683,0.03666666666666667
7684,0.07333333333333333
7685,0.99
7686,0.04666666666666667
7687,0.14722222222222223
7688,0.9933333333333333
7689,0.23416666666666666
7690,0.09333333333333334
7691,0.41333333333333333
7692,0.23888888888888885
7693,0.11
7694,0.02666666666666667
7695,0.9733333333333334
7696,1.0
7697,0.66
7698,0.058333333333333334
7699,0.46
7700,0.27666666666666667
7701,0.25666666666666665
7702,0.4033333333333333
7703,0.08666666666666667
7704,0.28
7705,0.05333333333333334
7706,0.21333333333333335
7707,0.21614906988436397
7708,0.08666666666666667
7709,0.17666666666666667
7710,0.51
7711,0.74
7712,0.07666666666666666
7713,0.05324074074074074
7714,0.9833333333333333
7715,0.13555555555555554
7716,0.38
7717,0.4666666666666667
7718,1.0
7719,0.3
7720,0.9743333333333334
7721,0.12
7722,0.22
7723,0.21333333333333335
7724,0.6633333333333333
7725,0.15
7726,0.9966666666666667
7727,0.08
7728,0.03666666666666667
7729,0.18
7730,0.006666666666666667
7731,1.0
7732,0.056666666666666664
7733,0.09
7734,0.01
7735,0.61
7736,0.10266666666666666
7737,0.07
7738,0.9533333333333334
7739,0.32666666666666666
7740,0.53
7741,0.3
7742,0.05333333333333334
7743,0.22666666666666666
7744,0.17
7745,0.23333333333333334
7746,0.09333333333333334
7747,0.19666666666666666
7748,0.9966666666666667
7749,1.0
7750,0.9743333333333334
7751,0.9933333333333333
7752,0.13333333333333333
7753,0.13388888888888892
7754,0.57
7755,0.07
7756,0.04
7757,0.9633333333333334
7758,0.4007063492063492
7759,0.11777777777777779
7760,0.03
7761,0.17666666666666667
7762,0.9603100775193798
7763,0.29486223036223036
7764,0.42333333333333334
7765,0.12666666666666668
7766,0.13333333333333333
7767,0.1712089947089947
7768,0.006666666666666667
7769,0.043333333333333335
7770,0.09
7771,0.30666666666666664
7772,0.30666666666666664
7773,0.9633333333333334
7774,0.6636483890549205
7775,0.15333333333333332
7776,0.013333333333333334
7777,1.0
7778,0.21777777777777782
7779,0.6137194120272867
7780,0.07055555555555557
7781,0.10666666666666667
7782,0.013333333333333334
7783,0.7811322751322751
7784,0.9733333333333334
7785,0.61
7786,0.24666666666666667
7787,0.8458161337573099
7788,0.9884848484848483
7789,0.33666666666666667
7790,0.2833333333333333
7791,0.016666666666666666
7792,0.27
7793,0.12
7794,0.38
7795,0.09666666666666666
7796,0.31333333333333335
7797,0.13419708994708995
7798,0.01
7799,0.07666666666666666
7800,0.0262037037037037
7801,0.02666666666666667
7802,0.19333333333333333
7803,0.79
7804,0.04666666666666667
7805,0.19988663706578527
7806,0.16
7807,0.395
7808,0.19988663706578527
7809,0.8840196078431372
7810,0.5133333333333333
7811,0.01
7812,0.7433333333333333
7813,0.13333333333333333
7814,0.2966666666666667
7815,0.013333333333333334
7816,0.11666666666666667
7817,0.03
7818,0.41777777777777775
7819,0.36666666666666664
7820,0.013333333333333334
7821,0.30666666666666664
7822,0.17490053793176374
7823,0.13777777777777775
7824,0.27393095447225885
7825,0.9833333333333333
7826,0.8662899048213452
7827,0.03333333333333333
7828,0.09166666666666666
7829,0.0033333333333333335
7830,0.03
7831,0.7733333333333333
7832,0.6844444444444445
7833,0.10944444444444443
7834,0.03666666666666667
7835,0.03333333333333333
7836,0.8361111111111111
7837,0.11666666666666667
7838,0.3
7839,0.27666666666666667
7840,0.21984920634920632
7841,0.12666666666666668
7842,0.09666666666666666
7843,0.04
7844,0.14
7845,0.013333333333333334
7846,0.025666666666666667
7847,0.5054501631944498
7848,0.2733333333333333
7849,0.12
7850,0.11333333333333333
7851,0.9933333333333333
7852,0.013333333333333334
7853,1.0
7854,0.013333333333333334
7855,0.8333333333333334
7856,0.006666666666666667
7857,0.5238055555555556
7858,0.7494238591457123
7859,0.09
7860,0.20833333333333334
7861,0.6
7862,0.05
7863,0.21333333333333335
7864,0.009743589743589744
7865,0.8433333333333334
7866,0.9933333333333333
7867,0.04666666666666667
7868,0.10333333333333333
7869,0.29333333333333333
7870,0.043333333333333335
7871,0.023333333333333334
7872,0.9107017543859649
7873,0.04
7874,0.20333333333333334
7875,0.15
7876,0.08333333333333333
7877,0.10555555555555556
7878,0.08333333333333333
7879,0.16666666666666666
7880,0.03333333333333333
7881,0.14666666666666667
7882,0.07666666666666666
7883,0.16666666666666666
7884,0.06444444444444446
7885,0.02
7886,1.0
7887,0.006666666666666667
7888,1.0
7889,0.22
7890,0.27666666666666667
7891,0.99
7892,0.07666666666666666
7893,0.09633333333333333
7894,0.05388888888888888
7895,0.14333333333333334
7896,0.37333333333333335
7897,0.07
7898,0.24450000000000002
7899,1.0
7900,0.03
7901,1.0
7902,0.20333333333333334
7903,0.5966666666666667
7904,0.04388888888888889
7905,0.013333333333333334
7906,0.9222222222222223
7907,0.023333333333333334
7908,1.0
7909,0.15333333333333332
7910,1.0
7911,0.23333333333333334
7912,0.47
7913,0.016666666666666666
7914,0.0033333333333333335
7915,0.013333333333333334
7916,0.12
7917,0.10666666666666667
7918,0.96
7919,0.02666666666666667
7920,0.6883333333333334
7921,0.13
7922,1.0
7923,0.03666666666666667
7924,0.15666666666666668
7925,0.04759157509157509
7926,0.15623508771929825
7927,0.9866666666666667
7928,0.1
7929,0.004166666666666667
7930,0.26666666666666666
7931,0.1681666666666667
7932,0.7410314814814816
7933,0.006666666666666667
7934,0.36666666666666664
7935,0.9833333333333333
7936,0.4166666666666667
7937,0.016666666666666666
7938,0.36333333333333334
7939,0.3
7940,0.04666666666666667
7941,0.05333333333333334
7942,0.032375
7943,0.21
7944,0.35333333333333333
7945,0.08666666666666667
7946,0.9966666666666667
7947,0.6979324651526664
7948,0.3233333333333333
7949,0.03333333333333333
7950,0.12666666666666668
7951,0.09666666666666666
7952,0.49666666666666665
7953,0.25666666666666665
7954,0.08
7955,0.08666666666666667
7956,0.2522222222222222
7957,0.23
7958,0.054444444444444455
7959,0.46
7960,0.016666666666666666
7961,0.043333333333333335
7962,0.4033333333333333
7963,1.0
7964,0.29333333333333333
7965,0.08333333333333333
7966,0.87
7967,0.9933333333333333
7968,0.25666666666666665
7969,0.013333333333333334
7970,0.07666666666666666
7971,0.759744503862151
7972,0.30666666666666664
7973,0.32666666666666666
7974,0.023333333333333334
7975,0.26
7976,0.05
7977,0.14
7978,0.96
7979,0.34777777777777774
7980,0.04666666666666667
7981,0.11666666666666667
7982,0.03777777777777777
7983,0.03263157894736843
7984,0.49333333333333335
7985,0.37333333333333335
7986,0.31333333333333335
7987,0.19333333333333333
7988,0.03
7989,0.04666666666666667
7990,0.007238095238095239
7991,0.17
7992,0.37833333333333335
7993,0.11
7994,0.533486132297355
7995,0.02380952380952381
7996,0.47333333333333333
7997,0.99
7998,0.11333333333333333
7999,0.03666666666666667
8000,0.03
8001,0.17
8002,0.02
8003,0.05
8004,0.13
8005,0.096
8006,0.21333333333333335
8007,0.03
8008,0.21
8009,0.0
8010,1.0
8011,1.0
8012,0.4033333333333333
8013,0.6755595238095238
8014,0.10333333333333333
8015,0.04
8016,0.9933333333333333
8017,0.016666666666666666
8018,0.29555555555555557
8019,0.0033333333333333335
8020,0.02
8021,0.01
8022,0.043333333333333335
8023,0.2966666666666667
8024,0.12333333333333334
8025,0.9833333333333333
8026,0.07666666666666666
8027,0.9933333333333333
8028,0.14
8029,0.02666666666666667
8030,0.39
8031,0.25
8032,1.0
8033,0.07333333333333333
8034,0.02666666666666667
8035,0.16947863247863248
8036,0.04
8037,0.30333333333333334
8038,0.14
8039,0.016666666666666666
8040,0.03666666666666667
8041,0.19666666666666666
8042,0.23333333333333334
8043,0.013333333333333334
8044,0.02666666666666667
8045,0.007
8046,1.0
8047,0.48333333333333334
8048,0.01423076923076923
8049,0.20333333333333334
8050,0.013333333333333334
8051,0.01
8052,0.1675
8053,0.023333333333333334
8054,0.2854626572631688
8055,0.11666666666666667
8056,0.17333333333333334
8057,0.9966666666666667
8058,0.9336666666666668
8059,0.08
8060,0.51
8061,0.31666666666666665
8062,0.389908938793311
8063,0.8933333333333333
8064,0.006666666666666667
8065,0.6966666666666667
8066,0.13666666666666666
8067,0.9594871794871793
8068,0.1
8069,0.06
8070,0.2833333333333333
8071,0.02666666666666667
8072,0.01825
8073,0.07604761904761904
8074,0.11666666666666667
8075,0.032962962962962965
8076,0.075
8077,0.2
8078,0.15
8079,1.0
8080,0.7633333333333333
8081,0.06
8082,0.8529166666666668
8083,0.050666666666666665
8084,0.99
8085,0.04
8086,0.20333333333333334
8087,0.05348575091918744
8088,0.14333333333333334
8089,1.0
8090,0.13152030604223588
8091,0.35
8092,0.04
8093,0.14
8094,0.01
8095,0.13632996632996633
8096,0.22313632311372042
8097,0.7733333333333333
8098,0.8401752136752136
8099,0.4666666666666667
8100,0.02
8101,0.6891111111111111
8102,0.016666666666666666
8103,0.9218367889420523
8104,0.15666666666666668
8105,1.0
8106,0.12333333333333334
8107,0.01
8108,0.2
8109,0.9494265734265733
8110,0.016666666666666666
8111,0.4666666666666667
8112,1.0
8113,0.31666666666666665
8114,0.06666666666666667
8115,1.0
8116,0.11333333333333333
8117,0.01
8118,0.26
8119,0.42333333333333334
8120,0.33666666666666667
8121,0.22313632311372042
8122,0.9966666666666667
8123,1.0
8124,0.05333333333333334
8125,0.05333333333333334
8126,0.9198518518518517
8127,0.03333333333333333
8128,0.006666666666666667
8129,0.06
8130,0.35333333333333333
8131,0.14666666666666667
8132,0.20189393939393938
8133,0.30666666666666664
8134,0.33
8135,0.1432063492063492
8136,0.09333333333333334
8137,0.043333333333333335
8138,0.52
8139,0.3566666666666667
8140,0.9966666666666667
8141,0.4066666666666667
8142,0.013333333333333334
8143,0.15
8144,0.016666666666666666
8145,0.09333333333333334
8146,0.056666666666666664
8147,0.013333333333333334
8148,0.15666666666666668
8149,0.6466666666666666
8150,0.12666666666666668
8151,0.016666666666666666
8152,0.03333333333333333
8153,0.9733333333333334
8154,0.20666666666666667
8155,0.20333333333333334
8156,0.013333333333333334
8157,0.16333333333333333
8158,0.9966666666666667
8159,0.7533333333333333
8160,0.63
8161,0.9494265734265733
8162,0.06333333333333334
8163,0.01
8164,0.11833333333333333
8165,0.4033333333333333
8166,0.02
8167,0.12
8168,0.043333333333333335
8169,0.1
8170,0.9866666666666667
8171,0.2733333333333333
8172,0.29814814814814816
8173,0.9876666666666667
8174,0.014444444444444444
8175,0.10333333333333333
8176,0.21
8177,0.09666666666666666
8178,0.19666666666666666
8179,0.056666666666666664
8180,0.4310555555555555
8181,0.08333333333333333
8182,0.1
8183,0.8635353535353535
8184,0.2527777777777778
8185,0.24666666666666667
8186,0.08
8187,0.1
8188,0.17
8189,0.25666666666666665
8190,0.17
8191,0.26
8192,0.10666666666666667
8193,0.02
8194,0.007564102564102564
8195,1.0
8196,0.43
8197,0.16333333333333333
8198,0.06
8199,0.09444444444444446
8200,0.013333333333333334
8201,0.30333333333333334
8202,0.02
8203,0.4166666666666667
8204,0.13666666666666666
8205,0.018958333333333334
8206,0.7066666666666667
8207,0.10333333333333333
8208,0.2733333333333333
8209,0.9057171717171718
8210,0.14666666666666667
8211,0.08
8212,0.9866666666666667
8213,0.6133333333333333
8214,0.9327969437969438
8215,0.03
8216,0.31333333333333335
8217,0.4166666666666667
8218,0.4766666666666667
8219,0.01
8220,0.05
8221,0.27
8222,0.2633333333333333
8223,0.77
8224,0.05388888888888888
8225,0.056666666666666664
8226,0.6133333333333333
8227,0.3333333333333333
8228,0.24333333333333335
8229,0.25
8230,0.12919444444444445
8231,0.11
8232,0.9866666666666667
8233,0.02
8234,0.03
8235,0.056666666666666664
8236,0.9866666666666667
8237,0.44333333333333336
8238,0.19
8239,0.033157407407407406
8240,0.013333333333333334
8241,0.19322529441884279
8242,0.17333333333333334
8243,0.006666666666666667
8244,0.24333333333333335
8245,1.0
8246,0.035
8247,0.0
8248,0.10055555555555555
8249,0.14
8250,0.9966666666666667
8251,0.62
8252,0.01
8253,0.09941782617383717
8254,0.9393760683760684
8255,0.03
8256,0.9933333333333333
8257,1.0
8258,0.04
8259,0.61
8260,0.043333333333333335
8261,0.17333333333333334
8262,0.14333333333333334
8263,0.016666666666666666
8264,0.6155808823529412
8265,0.37
8266,0.03575
8267,0.5811111111111111
8268,0.5054501631944498
8269,0.08555555555555557
8270,0.25333333333333335
8271,0.15666666666666668
8272,0.01
8273,0.175
8274,0.9833333333333333
8275,0.09666666666666666
8276,0.02375
8277,0.17307407407407405
8278,0.39666666666666667
8279,0.18417063492063493
8280,0.533486132297355
8281,0.99
8282,1.0
8283,0.2806100250770214
8284,0.08577777777777777
8285,0.34
8286,0.9966666666666667
8287,0.25833333333333336
8288,0.9966666666666667
8289,0.5333333333333333
8290,0.9933333333333333
8291,0.26666666666666666
8292,0.19
8293,0.016666666666666666
8294,0.023333333333333334
8295,0.3233333333333333
8296,0.10681635031635033
8297,1.0
8298,0.6018181818181819
8299,0.29333333333333333
8300,0.03333333333333333
8301,0.51
8302,0.05333333333333334
8303,0.8713863636363635
8304,0.03333333333333333
8305,0.06666666666666667
8306,0.9212727272727272
8307,0.056666666666666664
8308,1.0
8309,0.08666666666666667
8310,0.2122222222222222
8311,0.09
8312,0.016666666666666666
8313,0.03
8314,0.01
8315,0.12565718896698844
8316,0.87
8317,0.86
8318,0.38666666666666666
8319,0.11166666666666666
8320,0.21666666666666667
8321,0.15333333333333332
8322,1.0
8323,0.25
8324,0.15666666666666668
8325,0.99
8326,0.07666666666666666
8327,0.2633333333333333
8328,0.10666666666666667
8329,0.22666666666666666
8330,0.14333333333333334
8331,0.14900000000000002
8332,0.8740110075110075
8333,0.04
8334,0.856739384818255
8335,0.12666666666666668
8336,0.06
8337,0.13933333333333334
8338,0.023333333333333334
8339,1.0
8340,0.2633333333333333
8341,0.02
8342,0.02
8343,0.22666666666666666
8344,0.2866666666666667
8345,0.99
8346,0.43377607532069634
8347,0.03333333333333333
8348,0.22
8349,1.0
8350,0.043333333333333335
8351,0.2866666666666667
8352,0.08
8353,0.016666666666666666
8354,0.24333333333333335
8355,0.9566666666666667
8356,0.05
8357,0.13333333333333333
8358,0.04
8359,0.17490053793176374
8360,0.05333333333333334
8361,0.31333333333333335
8362,0.025555555555555554
8363,0.6233333333333333
8364,0.9334080549080549
8365,0.052222222222222225
8366,0.29333333333333333
8367,1.0
8368,0.27
8369,0.02
8370,0.9227599067599067
8371,0.043333333333333335
8372,0.07666666666666666
8373,0.24666666666666667
8374,0.12666666666666668
8375,0.9966666666666667
8376,0.9966666666666667
8377,0.9975757575757576
8378,0.21
8379,0.9669767441860464
8380,0.86
8381,0.20666666666666667
8382,0.4666666666666667
8383,0.023333333333333334
8384,0.043333333333333335
8385,0.9710000000000001
8386,0.02
8387,0.79
8388,0.05
8389,1.0
8390,0.7733333333333333
8391,0.18333333333333332
8392,0.18
8393,0.8866666666666667
8394,0.06
8395,0.03333333333333333
8396,0.18666666666666668
8397,0.2866666666666667
8398,0.016666666666666666
8399,0.7533333333333333
8400,0.2
8401,0.27666666666666667
8402,0.05333333333333334
8403,0.08666666666666667
8404,1.0
8405,0.3933333333333333
8406,0.29
8407,0.011944444444444445
8408,1.0
8409,0.02
8410,0.46
8411,0.9966666666666667
8412,0.18
8413,0.6666666666666666
8414,0.25666666666666665
8415,1.0
8416,0.02
8417,0.4633333333333333
8418,0.2966666666666667
8419,0.35
8420,0.05333333333333334
8421,0.04
8422,0.006666666666666667
8423,0.016666666666666666
8424,0.10444444444444444
8425,0.3580445665445665
8426,0.5054501631944498
8427,0.043333333333333335
8428,0.07
8429,0.13666666666666666
8430,0.21
8431,0.09666666666666666
8432,0.3433333333333333
8433,0.9966666666666667
8434,0.6032301587301585
8435,1.0
8436,0.20666666666666667
8437,0.5566666666666666
8438,0.17666666666666667
8439,1.0
8440,1.0
8441,0.21
8442,0.02
8443,0.24
8444,0.043333333333333335
8445,0.0033333333333333335
8446,0.05333333333333334
8447,0.3233333333333333
8448,0.08
8449,0.06416666666666666
8450,0.5278333333333333
8451,0.01
8452,0.3233333333333333
8453,0.7911111111111111
8454,0.09666666666666666
8455,0.03
8456,0.9098653198653198
8457,1.0
8458,0.13333333333333333
8459,0.31666666666666665
8460,1.0
8461,0.03166666666666667
8462,0.25187878787878787
8463,0.23
8464,0.07666666666666666
8465,0.02
8466,0.05444444444444444
8467,0.08
8468,0.821336593961594
8469,0.09333333333333334
8470,0.04674418604651163
8471,0.2660766629558649
8472,0.1
8473,0.18505050505050505
8474,0.07
8475,1.0
8476,0.33
8477,0.2711111111111111
8478,0.12333333333333334
8479,0.9966666666666667
8480,0.08333333333333333
8481,0.13666666666666666
8482,0.3466666666666667
8483,0.23333333333333334
8484,0.1
8485,0.18666666666666668
8486,0.20666666666666667
8487,0.03
8488,0.16333333333333333
8489,0.13333333333333333
8490,0.19666666666666666
8491,0.049166666666666664
8492,0.02666666666666667
8493,0.36666666666666664
8494,0.9866666666666667
8495,0.9833333333333333
8496,0.11
8497,0.73
8498,0.2841666666666667
8499,1.0
8500,0.035
8501,1.0
8502,0.02
8503,0.11
8504,0.9866666666666667
8505,0.8433333333333334
8506,0.013333333333333334
8507,0.06666666666666667
8508,0.06
8509,0.01884057971014493
8510,0.98
8511,0.0033333333333333335
8512,0.21333333333333335
8513,0.21
8514,0.07844017094017094
8515,0.04
8516,0.9464102564102563
8517,0.08333333333333333
8518,0.6708129420263568
8519,0.02666666666666667
8520,0.03333333333333333
8521,0.4666666666666667
8522,0.10666666666666667
8523,0.7327777777777779
8524,0.9933333333333333
8525,0.2
8526,0.36333333333333334
8527,0.043333333333333335
8528,0.03666666666666667
8529,0.10333333333333333
8530,0.006666666666666667
8531,0.13333333333333333
8532,0.17666666666666667
8533,0.12395140312391362
8534,0.13
8535,0.42
8536,0.08666666666666667
8537,0.2966666666666667
8538,0.08216666666666667
8539,0.04
8540,0.07
8541,0.742544306184012
8542,0.02
8543,0.9933333333333333
8544,0.3933333333333333
8545,0.043333333333333335
8546,0.023333333333333334
8547,0.9866666666666667
8548,0.22
8549,0.27666666666666667
8550,0.023333333333333334
8551,0.14730095313183564
8552,0.8201074909495961
8553,0.22
8554,1.0
8555,0.27666666666666667
8556,0.23333333333333334
8557,0.3333333333333333
8558,0.07666666666666666
8559,0.04
8560,0.2841666666666667
8561,0.9966666666666667
8562,0.9966666666666667
8563,0.201729242979243
8564,0.18
8565,0.013333333333333334
8566,0.15
8567,0.61
8568,0.9966666666666667
8569,0.12944444444444442
8570,0.09249999999999999
8571,0.24
8572,0.34
8573,0.08222222222222222
8574,0.07666666666666666
8575,0.48333333333333334
8576,0.5361756306024599
8577,1.0
8578,0.06666666666666667
8579,0.9057171717171718
8580,0.10333333333333333
8581,0.03333333333333333
8582,0.385
8583,0.09
8584,0.30333333333333334
8585,0.045316448554767005
8586,0.03
8587,0.183
8588,0.04518518518518518
8589,1.0
8590,0.99
8591,0.99
8592,0.08666666666666667
8593,0.3466666666666667
8594,0.006666666666666667
8595,0.13333333333333333
8596,0.25666666666666665
8597,0.05
8598,1.0
8599,0.37333333333333335
8600,0.18333333333333332
8601,0.885579365079365
8602,1.0
8603,0.9733333333333334
8604,0.016666666666666666
8605,0.9679166666666666
8606,0.016666666666666666
8607,0.06
8608,0.016666666666666666
8609,0.08333333333333333
8610,0.41623343199142415
8611,0.043333333333333335
8612,0.11333333333333333
8613,0.7233333333333334
8614,0.11333333333333333
8615,0.06333333333333334
8616,0.926
8617,0.18
8618,0.2866666666666667
8619,0.7237
8620,0.013333333333333334
8621,0.15333333333333332
8622,0.35
8623,0.32
8624,0.9933333333333333
8625,0.04
8626,0.020714285714285716
8627,0.056666666666666664
8628,0.006666666666666667
8629,0.9287583222877341
8630,0.15876020478760206
8631,0.23
8632,0.08333333333333333
8633,0.9876666666666667
8634,0.5766666666666667
8635,0.13333333333333333
8636,0.05
8637,0.9933333333333333
8638,0.05101851851851852
8639,0.12142156862745096
8640,0.36277777777777775
8641,0.12
8642,0.10333333333333333
8643,0.016666666666666666
8644,0.9866666666666667
8645,0.19
8646,0.29
8647,0.13166666666666665
8648,0.9833333333333333
8649,0.03666666666666667
8650,0.10666666666666667
8651,0.06333333333333334
8652,0.30333333333333334
8653,0.5533333333333333
8654,0.39
8655,0.22666666666666666
8656,0.043333333333333335
8657,0.17333333333333334
8658,0.07333333333333333
8659,0.0
8660,0.9566666666666667
8661,0.48361111111111116
8662,0.17666666666666667
8663,0.022444444444444444
8664,0.028131313131313132
8665,0.08333333333333333
8666,0.01
8667,0.06333333333333334
8668,0.21333333333333335
8669,0.0375058275058275
8670,0.12833333333333333
8671,1.0
8672,0.0175
8673,0.06666666666666667
8674,0.0
8675,0.08333333333333333
8676,0.3166982091982092
8677,0.08666666666666667
8678,0.15333333333333332
8679,0.016666666666666666
8680,0.20833333333333334
8681,1.0
8682,0.32
8683,0.3848844211344215
8684,0.11
8685,1.0
8686,0.15666666666666668
8687,0.43
8688,0.820873015873016
8689,0.11583333333333333
8690,0.16333333333333333
8691,0.03
8692,0.15
8693,0.006666666666666667
8694,0.03333333333333333
8695,0.07166666666666667
8696,0.24666666666666667
8697,0.043333333333333335
8698,0.15333333333333332
8699,0.08888888888888889
8700,0.07266666666666667
8701,1.0
8702,0.5195867542419267
8703,0.05
8704,0.31
8705,0.023333333333333334
8706,0.35
8707,0.02666666666666667
8708,0.01
8709,0.9517094017094017
8710,0.013333333333333334
8711,0.9866666666666667
8712,0.22801614199640524
8713,0.11
8714,0.02
8715,0.2
8716,0.03666666666666667
8717,0.9099807692307691
8718,0.72
8719,0.13333333333333333
8720,0.11333333333333333
8721,0.4633333333333333
8722,0.9966666666666667
8723,0.01873015873015873
8724,0.9833333333333333
8725,0.38666666666666666
8726,0.29
8727,0.05384615384615384
8728,0.01
8729,0.2966666666666667
8730,0.92
8731,0.13166666666666665
8732,0.78
8733,0.19333333333333333
8734,0.09333333333333334
8735,0.9966666666666667
8736,0.51
8737,0.14333333333333334
8738,0.4
8739,0.05
8740,0.04
8741,0.006666666666666667
8742,0.06833333333333333
8743,0.23
8744,0.9743333333333334
8745,0.9933333333333333
8746,0.06666666666666667
8747,1.0
8748,0.13
8749,0.19666666666666666
8750,0.15
8751,1.0
8752,0.06
8753,0.04666666666666667
8754,1.0
8755,0.215
8756,0.63
8757,0.22333333333333333
8758,0.07666666666666666
8759,0.831111111111111
8760,0.18666666666666668
8761,0.13833333333333334
8762,0.19333333333333333
8763,0.42
8764,0.02666666666666667
8765,0.05333333333333334
8766,0.03666666666666667
8767,0.30777777777777776
8768,0.36
8769,0.03
8770,0.02666666666666667
8771,0.025964912280701757
8772,0.24
8773,0.23333333333333334
8774,0.38
8775,0.016666666666666666
8776,0.018787878787878787
8777,0.10866666666666668
8778,0.24333333333333335
8779,1.0
8780,0.01
8781,0.2966666666666667
8782,0.20333333333333334
8783,1.0
8784,0.9966666666666667
8785,0.01
8786,0.16
8787,0.6544778776208815
8788,0.5933333333333334
8789,0.62
8790,0.16333333333333333
8791,0.38666666666666666
8792,0.028888888888888888
8793,0.013333333333333334
8794,0.01
8795,0.056666666666666664
8796,0.9966666666666667
8797,0.08
8798,0.10666666666666667
8799,0.11027777777777777
8800,0.9504871794871796
8801,0.07555555555555554
8802,0.20666666666666667
8803,0.23
8804,0.2888888888888889
8805,0.41
8806,0.25666666666666665
8807,0.06638888888888889
8808,0.36333333333333334
8809,0.15166666666666667
8810,0.8158830818877261
8811,0.42333333333333334
8812,0.13140350877192983
8813,0.24333333333333335
8814,0.11
8815,0.09
8816,0.9106666666666666
8817,0.07333333333333333
8818,0.020833333333333332
8819,0.25333333333333335
8820,0.023333333333333334
8821,0.12583333333333332
8822,0.013333333333333334
8823,0.37
8824,0.21
8825,0.05777777777777779
8826,0.98
8827,1.0
8828,0.043333333333333335
8829,0.17
8830,0.0425
8831,0.03
8832,0.1577777777777778
8833,0.15
8834,0.9933333333333333
8835,0.10333333333333333
8836,0.028333333333333332
8837,0.02666666666666667
8838,0.20666666666666667
8839,0.03611111111111111
8840,1.0
8841,0.26
8842,0.9294265734265733
8843,0.12333333333333334
8844,0.05333333333333334
8845,1.0
8846,0.586376811594203
8847,0.02980392156862745
8848,0.2733333333333333
8849,0.22
8850,0.08666666666666667
8851,0.19481265303324136
8852,0.17623316283034954
8853,0.05
8854,0.38333333333333336
8855,0.04666666666666667
8856,0.023333333333333334
8857,0.06333333333333334
8858,0.76
8859,0.02666666666666667
8860,0.47
8861,0.09666666666666666
8862,0.92
8863,0.17333333333333334
8864,0.009743589743589744
8865,0.12011308769203505
8866,1.0
8867,0.04
8868,0.14333333333333334
8869,0.23333333333333334
8870,0.36
8871,0.20122222222222222
8872,0.9933333333333333
8873,0.3375
8874,0.2226190476190476
8875,0.9033333333333333
8876,0.18333333333333332
8877,0.8477777777777779
8878,0.06
8879,0.9966666666666667
8880,0.26
8881,0.29333333333333333
8882,0.22666666666666666
8883,0.04666666666666667
8884,0.8996978294037118
8885,0.45666666666666667
8886,0.8621852198455141
8887,0.7966666666666666
8888,0.01
8889,0.06333333333333334
8890,0.22666666666666666
8891,0.45
8892,0.15278166278166277
8893,0.9966666666666667
8894,0.17333333333333334
8895,0.01
8896,1.0
8897,0.11333333333333333
8898,0.07055555555555557
8899,1.0
8900,0.05333333333333334
8901,0.03333333333333333
8902,0.9933333333333333
8903,0.16916666666666666
8904,0.24333333333333335
8905,0.12
8906,0.16
8907,0.06666666666666667
8908,0.4266666666666667
8909,0.061944444444444455
8910,0.016666666666666666
8911,0.07
8912,0.9964999999999999
8913,0.1042848254364414
8914,0.99
8915,0.014444444444444447
8916,0.701888888888889
8917,0.03666666666666667
8918,0.85
8919,0.3566666666666667
8920,0.5966666666666667
8921,0.10666666666666667
8922,0.10333333333333333
8923,0.01
8924,0.3102777777777778
8925,0.6144444444444445
8926,0.03
8927,0.16666666666666666
8928,0.9733333333333335
8929,0.11666666666666667
8930,0.016666666666666666
8931,0.2633333333333333
8932,0.9876666666666667
8933,0.15333333333333332
8934,0.03
8935,0.04
8936,0.20666666666666667
8937,0.013333333333333334
8938,0.25333333333333335
8939,0.9517094017094017
8940,0.9336666666666668
8941,0.02666666666666667
8942,0.08333333333333333
8943,0.2733333333333333
8944,0.21666666666666667
8945,0.9077064504696083
8946,0.06
8947,0.01
8948,0.7566666666666667
8949,0.11
8950,0.09
8951,0.6333333333333333
8952,0.9966666666666667
8953,0.8921929824561403
8954,1.0
8955,0.24666666666666667
8956,1.0
8957,0.49333333333333335
8958,1.0
8959,0.10666666666666667
8960,0.29583333333333334
8961,0.12
8962,0.005
8963,0.016666666666666666
8964,0.11666666666666667
8965,0.15333333333333332
8966,0.15066666666666667
8967,0.9866666666666667
8968,0.5866666666666667
8969,0.03666666666666667
8970,0.9505555555555554
8971,1.0
8972,0.9966666666666667
8973,0.02666666666666667
8974,0.21
8975,0.09333333333333334
8976,0.15
8977,0.05333333333333334
8978,0.34
8979,0.7466666666666667
8980,0.002
8981,0.22333333333333333
8982,0.8574031986531986
8983,0.5054501631944498
8984,0.5338888888888889
8985,0.15
8986,0.8452777777777778
8987,0.06611111111111112
8988,0.3333333333333333
8989,0.07
8990,0.9494444444444444
8991,0.7433333333333333
8992,0.016666666666666666
8993,0.24
8994,1.0
8995,0.9743333333333334
8996,0.9218367889420523
8997,0.3233333333333333
8998,0.06666666666666667
8999,0.5555555555555555
9000,0.65
9001,0.18666666666666668
9002,0.043333333333333335
9003,0.018296296296296297
9004,0.09333333333333334
9005,0.16666666666666666
9006,0.11666666666666667
9007,0.36
9008,0.95
9009,0.4837970085470085
9010,0.013333333333333334
9011,0.49666666666666665
9012,0.06166666666666667
9013,0.27666666666666667
9014,0.9334313725490195
9015,1.0
9016,0.9421666666666666
9017,0.19166666666666668
9018,0.12
9019,0.21
9020,0.095
9021,0.0475
9022,0.5066666666666667
9023,0.21
9024,0.4713333333333333
9025,0.049833333333333334
9026,0.68
9027,0.9287583222877341
9028,0.06867521367521368
9029,0.4533333333333333
9030,0.95
9031,0.6066666666666667
9032,0.02
9033,0.043333333333333335
9034,0.21416666666666667
9035,0.23333333333333334
9036,0.07333333333333333
9037,0.08666666666666667
9038,0.14
9039,0.08
9040,0.2833333333333333
9041,0.13
9042,1.0
9043,0.10333333333333333
9044,0.04666666666666667
9045,0.12333333333333334
9046,0.1
9047,0.23144444444444445
9048,0.09
9049,0.10333333333333333
9050,1.0
9051,1.0
9052,0.03666666666666667
9053,0.7633730158730158
9054,1.0
9055,0.41444444444444445
9056,0.05
9057,0.36333333333333334
9058,0.06666666666666667
9059,0.004242424242424242
9060,0.03666666666666667
9061,0.016666666666666666
9062,0.5766666666666667
9063,0.004222222222222222
9064,0.17666666666666667
9065,0.29
9066,0.043333333333333335
9067,0.18666666666666668
9068,0.1575
9069,0.05
9070,0.22666666666666666
9071,0.07666666666666666
9072,0.03
9073,0.05
9074,0.43616666666666665
9075,0.14666666666666667
9076,0.07333333333333333
9077,0.33666666666666667
9078,0.03666666666666667
9079,1.0
9080,0.15333333333333332
9081,0.07569444444444445
9082,0.38222222222222224
9083,0.016666666666666666
9084,0.02
9085,0.09965853658536586
9086,0.9471538461538462
9087,0.99
9088,0.14
9089,0.056666666666666664
9090,0.54
9091,0.16333333333333333
9092,0.3333333333333333
9093,0.06666666666666667
9094,1.0
9095,0.14
9096,0.69
9097,0.11666666666666667
9098,0.9933333333333333
9099,0.29
9100,0.21
9101,0.9372962962962962
9102,0.051666666666666666
9103,0.05158536585365854
9104,0.24
9105,0.043333333333333335
9106,0.9966666666666667
9107,0.03
9108,0.013111111111111112
9109,0.013333333333333334
9110,1.0
9111,0.6965714285714286
9112,0.26
9113,0.013333333333333334
9114,0.9566666666666667
9115,0.9966666666666667
9116,0.04666666666666667
9117,1.0
9118,0.14730095313183564
9119,0.043333333333333335
9120,1.0
9121,0.10333333333333333
9122,0.16666666666666666
9123,0.15472222222222223
9124,0.08111111111111112
9125,0.31
9126,0.08333333333333333
9127,0.9372962962962962
9128,0.02666666666666667
9129,0.35333333333333333
9130,0.02666666666666667
9131,0.2833333333333333
9132,1.0
9133,0.017333333333333333
9134,0.35333333333333333
9135,0.9933333333333333
9136,0.22824074074074077
9137,0.061111111111111116
9138,0.365
9139,0.0
9140,0.886923076923077
9141,0.48333333333333334
9142,0.9966666666666667
9143,0.15409119121619122
9144,0.08
9145,0.74
9146,0.06666666666666667
9147,0.39666666666666667
9148,0.03
9149,0.02
9150,0.16666666666666666
9151,0.21871645870556
9152,0.013333333333333334
9153,0.1
9154,0.04
9155,0.9945833333333334
9156,0.06048079600711179
9157,0.88052495543672
9158,0.2633333333333333
9159,0.343
9160,0.05333333333333334
9161,0.01641025641025641
9162,0.37
9163,0.2882847473565605
9164,0.0425
9165,0.10333333333333333
9166,0.5866666666666667
9167,0.9966666666666667
9168,0.22666666666666666
9169,0.378474201375145
9170,0.21333333333333335
9171,0.02666666666666667
9172,0.01
9173,0.09908163245348602
9174,0.29
9175,0.07
9176,0.12
9177,0.14686274509803923
9178,0.02666666666666667
9179,0.5833333333333334
9180,0.013333333333333334
9181,0.9783333333333334
9182,0.26666666666666666
9183,0.12166666666666667
9184,0.0033333333333333335
9185,0.9218367889420523
9186,0.12
9187,0.03833333333333333
9188,0.32
9189,0.0262037037037037
9190,0.12
9191,0.17666666666666667
9192,0.13333333333333333
9193,0.15666666666666668
9194,0.6530714596755652
9195,0.04
9196,0.72
9197,0.24666666666666667
9198,0.0033333333333333335
9199,0.028666666666666667
9200,0.006666666666666667
9201,0.165
9202,0.025
9203,0.3933333333333333
9204,0.21666666666666667
9205,1.0
9206,0.05333333333333334
9207,0.05
9208,0.10333333333333333
9209,0.5190259987733548
9210,0.18
9211,0.04416666666666667
9212,0.26666666666666666
9213,0.006666666666666667
9214,0.43
9215,0.7537415697048049
9216,0.07833333333333334
9217,0.23
9218,0.39666666666666667
9219,0.043333333333333335
9220,0.13
9221,0.049523809523809526
9222,0.24
9223,0.9966666666666667
9224,0.5505555555555556
9225,0.02666666666666667
9226,0.05333333333333334
9227,0.16
9228,0.05333333333333334
9229,0.08333333333333333
9230,0.16
9231,0.09666666666666666
9232,0.17666666666666667
9233,0.006666666666666667
9234,0.38887432327510063
9235,0.3933333333333333
9236,0.0458974358974359
9237,0.06
9238,0.9958823529411764
9239,1.0
9240,0.31666666666666665
9241,0.46
9242,0.9933333333333333
9243,0.0033333333333333335
9244,0.14166666666666666
9245,0.6733333333333333
9246,0.07583085759556349
9247,0.02666666666666667
9248,0.6733333333333333
9249,0.13
9250,0.31333333333333335
9251,0.15666666666666668
9252,1.0
9253,0.9933333333333333
9254,0.10127594627594627
9255,0.09
9256,0.10666666666666667
9257,0.38666666666666666
9258,0.13666666666666666
9259,0.29
9260,0.39875730889935357
9261,1.0
9262,0.19333333333333333
9263,0.17666666666666667
9264,0.4066666666666667
9265,0.08666666666666667
9266,0.02
9267,0.10333333333333333
9268,0.02
9269,0.44222582096266305
9270,0.014166666666666666
9271,1.0
9272,0.9918181818181817
9273,0.13333333333333333
9274,0.01825
9275,0.9933333333333333
9276,0.0
9277,0.012222222222222221
9278,0.15333333333333332
9279,0.9866666666666667
9280,0.18333333333333332
9281,0.25666666666666665
9282,1.0
9283,0.9866666666666667
9284,0.11
9285,0.0
9286,0.06
9287,0.38666666666666666
9288,0.43
9289,0.02666666666666667
9290,0.3858333333333333
9291,0.31333333333333335
9292,0.0033333333333333335
9293,0.21333333333333335
9294,0.16
9295,0.01
9296,0.19333333333333333
9297,0.9395000000000001
9298,0.06333333333333334
9299,0.03688888888888889
9300,0.04666666666666667
9301,0.10333333333333333
9302,0.01
9303,0.6666666666666666
9304,0.36666666666666664
9305,0.043333333333333335
9306,0.11333333333333333
9307,0.18
9308,0.26108974358974363
9309,0.19666666666666666
9310,0.5217460317460318
9311,0.06666666666666667
9312,0.05
9313,0.2452222222222222
9314,0.05
9315,0.12666666666666668
9316,0.9945833333333334
9317,0.17666666666666667
9318,0.04555555555555555
9319,0.06333333333333334
9320,0.12636363636363634
9321,0.02666666666666667
9322,0.07
9323,0.043333333333333335
9324,0.36999999999999994
9325,0.27555555555555555
9326,0.12
9327,0.06
9328,0.08666666666666667
9329,0.25
9330,0.38333333333333336
9331,0.02666666666666667
9332,0.05
9333,1.0
9334,0.65
9335,0.15
9336,0.06583333333333333
9337,0.08333333333333333
9338,0.17333333333333334
9339,0.03333333333333333
9340,0.06333333333333334
9341,0.04666666666666667
9342,0.99
9343,0.04
9344,1.0
9345,0.09
9346,0.02
9347,0.013333333333333334
9348,0.2887592592592592
9349,0.05333333333333334
9350,0.06
9351,0.01
9352,0.12
9353,0.8666666666666667
9354,0.03333333333333333
9355,0.37
9356,0.61
9357,0.9545555555555556
9358,0.22733333333333333
9359,0.06
9360,0.05
9361,1.0
9362,0.006666666666666667
9363,0.4033333333333333
9364,0.02
9365,0.006666666666666667
9366,0.02
9367,0.38666666666666666
9368,0.9394871794871794
9369,0.013333333333333334
9370,0.12
9371,0.8830952380952382
9372,0.29
9373,0.21666666666666667
9374,0.24666666666666667
9375,0.4483333333333333
9376,0.19666666666666666
9377,0.31
9378,0.016666666666666666
9379,0.06666666666666667
9380,0.050666666666666665
9381,0.02666666666666667
9382,0.24333333333333335
9383,0.21
9384,0.03
9385,0.10666666666666667
9386,0.15666666666666668
9387,0.8552423039493474
9388,0.02
9389,0.20333333333333334
9390,0.048888888888888885
9391,0.27
9392,0.12666666666666668
9393,0.5633333333333334
9394,0.013333333333333334
9395,0.23
9396,0.20583333333333334
9397,0.0044444444444444444
9398,0.0
9399,0.02
9400,0.08333333333333333
9401,0.30333333333333334
9402,0.16333333333333333
9403,0.96
9404,0.1922222222222222
9405,0.10666666666666667
9406,0.11
9407,0.7291354931300583
9408,0.32
9409,0.12333333333333334
9410,0.26
9411,0.056666666666666664
9412,0.06
9413,0.09666666666666666
9414,0.11
9415,0.24666666666666667
9416,0.14
9417,0.2733333333333333
9418,0.0175
9419,0.308
9420,0.02666666666666667
9421,0.19666666666666666
9422,0.03405555555555556
9423,0.14
9424,0.8433333333333334
9425,0.7033333333333334
9426,0.0
9427,0.24
9428,0.9966666666666667
9429,0.02666666666666667
9430,0.13
9431,0.22801614199640524
9432,0.057222222222222216
9433,0.9843333333333334
9434,0.10666666666666667
9435,0.01
9436,0.10394444444444444
9437,0.02
9438,0.17333333333333334
9439,0.38333333333333336
9440,0.04
9441,0.04
9442,0.06
9443,0.11555555555555555
9444,0.9733333333333334
9445,0.08
9446,0.08
9447,0.06
9448,0.99
9449,0.3933333333333333
9450,0.4356746031746031
9451,0.20666666666666667
9452,0.9866666666666667
9453,0.45666666666666667
9454,0.013333333333333334
9455,0.0375
9456,0.07666666666666666
9457,0.019393939393939394
9458,0.8458161337573099
9459,0.7771252204585538
9460,0.0475
9461,0.11666666666666667
9462,0.15
9463,0.18333333333333332
9464,0.7693236714975846
9465,1.0
9466,0.44
9467,0.8733333333333333
9468,0.13047619047619047
9469,0.25333333333333335
9470,0.02666666666666667
9471,0.022962962962962963
9472,0.48333333333333334
9473,0.9933333333333333
9474,0.07020959595959596
9475,0.10333333333333333
9476,0.27294444444444443
9477,0.02
9478,0.5866666666666667
9479,1.0
9480,0.33
9481,0.0175
9482,0.056666666666666664
9483,0.2
9484,0.08
9485,0.10333333333333333
9486,0.08666666666666667
9487,0.08333333333333333
9488,0.07333333333333333
9489,0.0175
9490,0.24697875816993464
9491,0.04
9492,0.14730095313183564
9493,0.26
9494,0.07166666666666667
9495,0.11333333333333333
9496,0.14200000000000002
9497,0.46
9498,0.19666666666666666
9499,0.5066666666666667
9500,0.11150000000000002
9501,0.18555555555555556
9502,0.03
9503,0.26
9504,0.2
9505,0.06666666666666667
9506,0.36396396090946853
9507,0.02666666666666667
9508,0.35
9509,0.25666666666666665
9510,0.115
9511,0.06
9512,1.0
9513,1.0
9514,0.44
9515,0.7566666666666667
9516,0.07666666666666666
9517,0.06333333333333334
9518,0.01
9519,0.5333333333333333
9520,0.02666666666666667
9521,0.14333333333333334
9522,0.6708129420263568
9523,0.07666666666666666
9524,1.0
9525,0.05333333333333334
9526,0.5266666666666666
9527,0.23
9528,0.907799043062201
9529,0.5933333333333334
9530,0.48
9531,1.0
9532,0.9366666666666666
9533,0.9966666666666667
9534,0.5333333333333333
9535,0.0033333333333333335
9536,0.013783783783783784
9537,0.9876666666666667
9538,0.43333333333333335
9539,0.10427777777777777
9540,0.32666666666666666
9541,0.023333333333333334
9542,0.11
9543,0.8866666666666667
9544,1.0
9545,0.2966666666666667
9546,0.10222222222222223
9547,0.29333333333333333
9548,0.16666666666666666
9549,0.8233333333333334
9550,0.12133140742699566
9551,0.09
9552,0.05
9553,0.09833333333333333
9554,0.33
9555,0.99
9556,0.27
9557,0.31333333333333335
9558,0.9566666666666667
9559,0.13333333333333333
9560,0.11666666666666667
9561,0.06899999999999999
9562,0.21333333333333335
9563,0.22333333333333333
9564,0.20666666666666667
9565,0.03
9566,0.023333333333333334
9567,0.4666666666666667
9568,0.2966666666666667
9569,0.22666666666666666
9570,0.33666666666666667
9571,0.32
9572,0.8672034067768503
9573,0.18666666666666668
9574,0.04833333333333333
9575,0.4471296296296296
9576,0.7275
9577,0.39666666666666667
9578,0.08333333333333333
9579,0.3378333333333333
9580,1.0
9581,0.5106666666666666
9582,0.9966666666666667
9583,0.006666666666666667
9584,0.02
9585,0.19
9586,0.24
9587,0.6883333333333334
9588,0.16333333333333333
9589,1.0
9590,0.19833333333333333
9591,1.0
9592,0.45666666666666667
9593,1.0
9594,0.005555555555555555
9595,0.7717433862433862
9596,0.18
9597,0.15
9598,0.03222222222222222
9599,0.065
9600,0.11
9601,0.05972222222222221
9602,0.8941666666666667
9603,0.08
9604,0.04
9605,0.016666666666666666
9606,0.16333333333333333
9607,0.09908163245348602
9608,0.07666666666666666
9609,0.2
9610,0.02666666666666667
9611,0.07666666666666666
9612,0.8762957130825713
9613,0.09666666666666666
9614,0.18
9615,0.04
9616,0.36
9617,0.33
9618,0.011282051282051281
9619,0.02
9620,0.011666666666666667
9621,0.0033333333333333335
9622,0.12
9623,0.03
9624,0.45666666666666667
9625,0.31
9626,1.0
9627,0.33666666666666667
9628,0.3233333333333333
9629,0.99
9630,0.016666666666666666
9631,0.06333333333333334
9632,0.03222222222222222
9633,0.0
9634,0.22333333333333333
9635,0.02666666666666667
9636,0.07833333333333334
9637,0.20833333333333334
9638,0.4476825396825397
9639,0.11333333333333333
9640,0.2733333333333333
9641,0.11666666666666667
9642,0.18
9643,0.4
9644,0.04
9645,0.013333333333333334
9646,0.16
9647,0.9833333333333333
9648,0.28
9649,0.9933333333333333
9650,0.29
9651,0.17333333333333334
9652,0.71
9653,0.14666666666666667
9654,0.9966666666666667
9655,0.26
9656,0.05
9657,0.15333333333333332
9658,0.0033333333333333335
9659,0.23
9660,1.0
9661,0.25333333333333335
9662,0.5166666666666667
9663,0.56
9664,0.6714285714285714
9665,1.0
9666,0.20666666666666667
9667,0.9966666666666667
9668,0.21666666666666667
9669,0.3111111111111111
9670,0.13666666666666666
9671,0.14730095313183564
9672,0.6716666666666666
9673,0.7433333333333333
9674,1.0
9675,0.06666666666666667
9676,0.016666666666666666
9677,1.0
9678,0.13
9679,0.32666666666666666
9680,0.8621852198455141
9681,0.06333333333333334
9682,1.0
9683,0.05
9684,0.6433333333333333
9685,0.27666666666666667
9686,0.37333333333333335
9687,0.02666666666666667
9688,0.2966666666666667
9689,0.6636483890549205
9690,0.3244444444444444
9691,0.08666666666666667
9692,0.22333333333333333
9693,0.175
9694,0.15
9695,0.07666666666666666
9696,0.03333333333333333
9697,0.9966666666666667
9698,0.02944444444444444
9699,0.6425735867446396
9700,0.9144444444444446
9701,0.09333333333333334
9702,0.03
9703,0.25
9704,0.02666666666666667
9705,0.38416666666666666
9706,0.15
9707,0.03666666666666667
9708,0.67
9709,0.835
9710,0.15
9711,0.016666666666666666
9712,0.9966666666666667
9713,0.885579365079365
9714,0.13
9715,0.14333333333333334
9716,0.8713863636363635
9717,0.13508333333333333
9718,0.013333333333333334
9719,0.016666666666666666
9720,0.03666666666666667
9721,0.65
9722,1.0
9723,0.35333333333333333
9724,0.15333333333333332
9725,0.10632323232323232
9726,0.12666666666666668
9727,0.8966666666666666
9728,0.006666666666666667
9729,0.061111111111111116
9730,0.2866666666666667
9731,0.004222222222222222
9732,0.13333333333333333
9733,0.5054501631944498
9734,0.006666666666666667
9735,0.10666666666666667
9736,0.033157407407407406
9737,0.25
9738,0.02
9739,0.12666666666666668
9740,0.06666666666666667
9741,0.9191504791504792
9742,0.9966666666666667
9743,0.16
9744,0.2
9745,0.9166666666666666
9746,0.38333333333333336
9747,0.39666666666666667
9748,0.09917292644757433
9749,0.05333333333333334
9750,0.3333333333333333
9751,1.0
9752,0.14666666666666667
9753,0.1674074074074074
9754,0.21333333333333335
9755,0.4581926406926406
9756,0.2633333333333333
9757,0.06333333333333334
9758,0.27666666666666667
9759,0.15
9760,0.03
9761,0.03
9762,0.27393095447225885
9763,0.2733333333333333
9764,0.09333333333333334
9765,0.1288888888888889
9766,0.54
9767,0.013333333333333334
9768,0.3933333333333333
9769,0.12333333333333334
9770,0.19666666666666666
9771,0.9866666666666667
9772,0.10888888888888891
9773,0.9966666666666667
9774,0.03
9775,0.3933333333333333
9776,0.06666666666666667
9777,0.056666666666666664
9778,1.0
9779,0.09
9780,0.10666666666666667
9781,0.01
9782,0.06277777777777778
9783,0.1094507042253521
9784,0.1855549333642747
9785,0.11333333333333333
9786,0.15666666666666668
9787,0.23
9788,0.18333333333333332
9789,0.3
9790,0.30333333333333334
9791,0.4266666666666667
9792,0.9633333333333334
9793,0.11666666666666667
9794,0.3333333333333333
9795,0.27666666666666667
9796,0.12666666666666668
9797,0.07666666666666666
9798,0.16666666666666666
9799,0.11666666666666667
9800,1.0
9801,0.5166666666666667
9802,0.05
9803,0.16333333333333333
9804,0.36666666666666664
9805,0.2175
9806,0.08
9807,0.18
9808,0.1547037518037518
9809,0.15333333333333332
9810,0.06666666666666667
9811,0.22333333333333333
9812,0.30666666666666664
9813,0.03
9814,0.720438596491228
9815,0.01825
9816,0.16066666666666668
9817,0.05
9818,0.013333333333333334
9819,0.18666666666666668
9820,0.21666666666666667
9821,0.25666666666666665
9822,0.035812590187590185
9823,0.2833333333333333
9824,0.13
9825,0.02
9826,0.30666666666666664
9827,0.18
9828,0.20666666666666667
9829,0.02666666666666667
9830,0.006666666666666667
9831,0.3333333333333333
9832,0.9966666666666667
9833,0.03666666666666667
9834,0.013333333333333334
9835,0.13333333333333333
9836,0.733281746031746
9837,0.006666666666666667
9838,1.0
9839,0.023333333333333334
9840,0.03666666666666667
9841,0.024047619047619047
9842,0.18333333333333332
9843,0.05
9844,1.0
9845,1.0
9846,0.023333333333333334
9847,0.02
9848,0.03
9849,0.26708333333333334
9850,0.21871645870556
9851,0.5982602394111828
9852,0.17
9853,0.06166666666666667
9854,0.4166666666666667
9855,0.09666666666666666
9856,0.09965853658536586
9857,0.17
9858,0.45
9859,0.5336573914706445
9860,0.05333333333333334
9861,0.44418708160031695
9862,0.03
9863,0.37333333333333335
9864,0.14777777777777776
9865,0.169
9866,0.9866666666666667
9867,0.25333333333333335
9868,0.09
9869,0.02
9870,0.01
9871,0.13333333333333333
9872,0.43666666666666665
9873,0.2966666666666667
9874,0.15333333333333332
9875,0.30833333333333335
9876,0.3892137770083932
9877,0.04777777777777778
9878,0.04
9879,0.013333333333333334
9880,0.3333333333333333
9881,0.17333333333333334
9882,0.6233333333333333
9883,0.9766666666666667
9884,0.62
9885,0.04666666666666667
9886,0.06333333333333334
9887,0.21333333333333335
9888,0.9933333333333333
9889,0.03666666666666667
9890,0.11666666666666667
9891,0.23666666666666666
9892,0.7933333333333333
9893,0.010833333333333334
9894,0.19
9895,1.0
9896,0.8840196078431372
9897,0.5166666666666667
9898,0.99
9899,0.7366666666666667
9900,0.20666666666666667
9901,0.17066665446163612
9902,0.05333333333333334
9903,0.5533333333333333
9904,0.41333333333333333
9905,0.96
9906,0.013655913978494623
9907,0.17
9908,0.08644444444444446
9909,0.07333333333333333
9910,0.006666666666666667
9911,0.2523076923076923
9912,0.03
9913,0.06333333333333334
9914,0.09666666666666666
9915,0.0
9916,0.06666666666666667
9917,0.02666666666666667
9918,0.5633333333333334
9919,0.05855555555555557
9920,0.5066666666666667
9921,0.35333333333333333
9922,0.28
9923,0.37
9924,0.44333333333333336
9925,0.041722222222222216
9926,0.2633333333333333
9927,0.09666666666666666
9928,0.35333333333333333
9929,0.016666666666666666
9930,0.13
9931,0.03333333333333333
9932,0.24666666666666667
9933,0.08666666666666667
9934,0.9733333333333334
9935,1.0
9936,0.27
9937,0.07
9938,1.0
9939,0.03333333333333333
9940,1.0
9941,0.01289838694098329
9942,0.6033333333333334
9943,0.38
9944,0.38333333333333336
9945,0.115
9946,0.36
9947,0.42
9948,0.06666666666666667
9949,0.2866666666666667
9950,0.17
9951,0.03333333333333333
9952,0.06
9953,0.05
9954,1.0
9955,0.012063492063492063
9956,0.5066666666666667
9957,0.043333333333333335
9958,0.04666666666666667
9959,0.35333333333333333
9960,0.35
9961,0.6066666666666667
9962,0.26666666666666666
9963,0.13666666666666666
9964,1.0
9965,0.023333333333333334
9966,0.3566666666666667
9967,0.45
9968,0.11
9969,0.39
9970,0.10333333333333333
9971,0.02666666666666667
9972,0.39506230502670125
9973,0.13632996632996633
9974,0.09666666666666666
9975,0.0033333333333333335
9976,0.6708129420263568
9977,0.75
9978,0.30333333333333334
9979,0.08333333333333333
9980,0.1
9981,0.9233333333333333
9982,0.9866666666666667
9983,0.9227599067599067
9984,0.18666666666666668
9985,0.17333333333333334
9986,0.63
9987,0.41
9988,0.03666666666666667
9989,0.013333333333333334
9990,0.5766666666666667
9991,0.23666666666666666
9992,0.37666666666666665
9993,0.016666666666666666
9994,0.13333333333333333
9995,0.5233333333333333
9996,0.06
9997,0.6177777777777778
9998,1.0
9999,0.6066666666666667
10000,0.06
10001,1.0
10002,0.9372962962962962
10003,0.07333333333333333
10004,0.34
10005,0.9966666666666667
10006,0.04666666666666667
10007,0.22888888888888886
10008,0.21
10009,0.13833333333333334
10010,0.05
10011,0.006666666666666667
10012,0.9966666666666667
10013,0.11666666666666667
10014,0.7088888888888889
10015,0.99
10016,0.04666666666666667
10017,0.24555555555555558
10018,0.445
10019,0.0033333333333333335
10020,0.06583333333333333
10021,0.19666666666666666
10022,0.08333333333333333
10023,0.20666666666666667
10024,0.44666666666666666
10025,0.12333333333333334
10026,0.08577777777777777
10027,0.07
10028,0.03
10029,0.22
10030,0.016666666666666666
10031,0.01825
10032,0.01
10033,0.02
10034,0.016666666666666666
10035,0.32666666666666666
10036,0.08
10037,0.07666666666666666
10038,0.0325
10039,0.025396825396825397
10040,0.3
10041,0.02
10042,0.24
10043,0.05
10044,0.05
10045,0.016666666666666666
10046,0.5135087719298246
10047,0.06
10048,0.07666666666666666
10049,0.34
10050,0.04666666666666667
10051,0.10333333333333333
10052,0.02666666666666667
10053,0.7233333333333334
10054,0.22666666666666666
10055,0.41
10056,0.043333333333333335
10057,0.9933333333333333
10058,0.99
10059,0.71
10060,0.006666666666666667
10061,0.006666666666666667
10062,0.13333333333333333
10063,0.2833333333333333
10064,0.02
10065,0.13666666666666666
10066,0.055555555555555546
10067,0.16
10068,0.5333333333333333
10069,0.4808363636363636
10070,0.16666666666666666
10071,0.06333333333333334
10072,0.5054501631944498
10073,0.043333333333333335
10074,0.4033333333333333
10075,0.06333333333333334
10076,0.23
10077,0.06
10078,0.02218323586744639
10079,0.07666666666666666
10080,0.09
10081,1.0
10082,0.3466666666666667
10083,0.02666666666666667
10084,0.05333333333333334
10085,0.9866666666666667
10086,0.9966666666666667
10087,0.08666666666666667
10088,0.022424242424242426
10089,0.006666666666666667
10090,0.002666666666666667
10091,0.37666666666666665
10092,0.49333333333333335
10093,0.06333333333333334
10094,0.006666666666666667
10095,0.3433333333333333
10096,0.7291354931300583
10097,0.17
10098,1.0
10099,0.21333333333333335
10100,0.0
10101,0.06333333333333334
10102,0.14333333333333334
10103,0.24666666666666667
10104,0.005880758807588076
10105,0.17
10106,0.10666666666666667
10107,0.37333333333333335
10108,0.44
10109,0.07
10110,0.44
10111,0.02
10112,1.0
10113,0.7866666666666666
10114,0.13666666666666666
10115,0.043333333333333335
10116,0.03666666666666667
10117,0.03
10118,0.07666666666666666
10119,0.4633333333333333
10120,0.9679166666666666
10121,0.06946138072453863
10122,0.09
10123,0.03
10124,0.7045391995435465
10125,0.5933333333333334
10126,0.04655555555555556
10127,0.08
10128,0.19
10129,0.08
10130,0.19
10131,0.04077777777777778
10132,1.0
10133,0.034444444444444444
10134,0.17666666666666667
10135,0.6233333333333333
10136,0.08
10137,0.9866666666666667
10138,0.013333333333333334
10139,0.20333333333333334
10140,0.31333333333333335
10141,0.15
10142,1.0
10143,0.26
10144,0.49
10145,0.19333333333333333
10146,0.08
10147,1.0
10148,0.016666666666666666
10149,0.12333333333333334
10150,0.05
10151,0.06666666666666667
10152,0.03
10153,0.23333333333333334
10154,0.36666666666666664
10155,0.9533333333333334
10156,0.056666666666666664
10157,0.016666666666666666
10158,0.8921929824561403
10159,0.42
10160,0.23133333333333336
10161,0.3333333333333333
10162,1.0
10163,0.02
10164,0.043333333333333335
10165,0.015
10166,0.043333333333333335
10167,0.006666666666666667
10168,0.24333333333333335
10169,0.47333333333333333
10170,0.7733333333333333
10171,0.9966666666666667
10172,0.016666666666666666
10173,0.39
10174,0.38333333333333336
10175,0.10166666666666667
10176,1.0
10177,0.27
10178,1.0
10179,0.06333333333333334
10180,1.0
10181,0.2
10182,0.9866666666666667
10183,0.25
10184,0.03833333333333333
10185,0.02
10186,0.023333333333333334
10187,0.9766666666666667
10188,0.9966666666666667
10189,0.15
10190,0.043333333333333335
10191,0.12911111111111112
10192,0.41
10193,0.17083333333333334
10194,0.22666666666666666
10195,0.9966666666666667
10196,0.12666666666666668
10197,0.11336604450551548
10198,0.11
10199,0.4066666666666667
10200,0.04666666666666667
10201,0.37833333333333335
10202,0.06
10203,0.41802438180727647
10204,1.0
10205,0.0
10206,0.2733333333333333
10207,0.03333333333333333
10208,0.03333333333333333
10209,0.005238095238095238
10210,0.2375
10211,0.03666666666666667
10212,0.11666666666666667
10213,1.0
10214,0.4147222222222222
10215,0.09333333333333334
10216,0.15296296296296294
10217,0.20333333333333334
10218,0.07333333333333333
10219,0.056666666666666664
10220,0.19666666666666666
10221,0.3
10222,0.02666666666666667
10223,0.24833333333333332
10224,0.926720379838027
10225,0.15
10226,0.28
10227,0.23777777777777775
10228,0.22666666666666666
10229,0.24
10230,0.28137443574943577
10231,0.04
10232,0.0625
10233,0.0353121693121693
10234,0.30666666666666664
10235,0.24055555555555552
10236,0.9327969437969438
10237,0.22333333333333333
10238,0.96
10239,0.2518043328207487
10240,0.20333333333333334
10241,0.031111111111111114
10242,0.13
10243,0.02347826086956522
10244,0.0
10245,0.016666666666666666
10246,0.19333333333333333
10247,0.26666666666666666
10248,0.5766666666666667
10249,0.6396666666666667
10250,0.006666666666666667
10251,0.43
10252,0.043333333333333335
10253,0.21333333333333335
10254,0.17205555555555554
10255,0.016666666666666666
10256,0.015333333333333332
10257,0.22666666666666666
10258,0.18666666666666668
10259,0.15666666666666668
10260,0.04
10261,0.14
10262,0.9955555555555554
10263,0.15533333333333335
10264,0.36
10265,0.03333333333333333
10266,0.06333333333333334
10267,0.41333333333333333
10268,0.08333333333333333
10269,0.013333333333333334
10270,0.01
10271,0.023333333333333334
10272,0.21333333333333335
10273,0.3566666666666667
10274,0.33
10275,0.041888888888888885
10276,0.155
10277,0.01
10278,0.06
10279,0.016666666666666666
10280,0.5351111111111111
10281,0.16666666666666666
10282,0.12
10283,1.0
10284,0.14333333333333334
10285,0.5858333333333333
10286,0.8053333333333333
10287,0.5133333333333333
10288,0.013333333333333334
10289,0.3983333333333333
10290,0.49333333333333335
10291,0.13666666666666666
10292,0.03666666666666667
10293,0.0
10294,0.02
10295,0.14333333333333334
10296,0.016666666666666666
10297,0.6033333333333334
10298,0.17666666666666667
10299,0.17
10300,0.27666666666666667
10301,0.155
10302,0.3466666666666667
10303,0.16
10304,0.023333333333333334
10305,1.0
10306,0.06666666666666667
10307,0.023333333333333334
10308,0.9317989417989417
10309,0.0011111111111111111
10310,0.08
10311,0.0
10312,0.09
10313,0.07527777777777778
10314,0.12333333333333334
10315,0.13
10316,0.08385507246376811
10317,0.03
10318,0.7233333333333334
10319,0.03
10320,0.06148148148148148
10321,0.6530714596755652
10322,1.0
10323,0.09
10324,0.21333333333333335
10325,0.09666666666666666
10326,0.9743333333333334
10327,0.08666666666666667
10328,0.32888888888888884
10329,0.12
10330,0.12333333333333334
10331,0.8166666666666667
10332,0.04
10333,0.0575
10334,0.09
10335,0.9280767066766691
10336,0.045
10337,0.08146727549467277
10338,0.07
10339,0.04
10340,0.12333333333333334
10341,0.15
10342,0.23333333333333334
10343,0.8321243145743145
10344,0.99
10345,0.006666666666666667
10346,0.7066666666666667
10347,0.08
10348,0.18555555555555556
10349,0.9334080549080549
10350,0.9866666666666667
10351,0.9966666666666667
10352,0.01
10353,0.6333333333333333
10354,0.08333333333333333
10355,0.08333333333333333
10356,0.9102338416848222
10357,0.8621852198455141
10358,0.06666666666666667
10359,0.06
10360,0.3892137770083932
10361,0.23666666666666666
10362,0.9866666666666667
10363,0.88
10364,0.0033333333333333335
10365,0.9227599067599067
10366,0.1288888888888889
10367,0.16483092907675626
10368,0.2377777777777778
10369,0.07
10370,0.06333333333333334
10371,0.11666666666666667
10372,0.23666666666666666
10373,0.9966666666666667
10374,0.9866666666666667
10375,0.41
10376,0.245
10377,0.27
10378,0.06666666666666667
10379,0.10333333333333333
10380,0.05333333333333334
10381,0.7088504273504274
10382,0.35333333333333333
10383,0.005555555555555555
10384,0.35333333333333333
10385,0.15333333333333332
10386,0.41
10387,0.06
10388,0.2833333333333333
10389,0.06666666666666667
10390,0.03
10391,0.37666666666666665
10392,0.9866666666666667
10393,0.023333333333333334
10394,0.02
10395,0.1
10396,0.648888888888889
10397,0.0175
10398,0.95
10399,0.08666666666666667
10400,0.17
10401,0.8566666666666667
10402,0.21
10403,0.7537415697048049
10404,0.043333333333333335
10405,0.016666666666666666
10406,0.18444444444444444
10407,0.6
10408,0.05
10409,0.17490053793176374
10410,0.04666666666666667
10411,0.9933333333333333
10412,0.043333333333333335
10413,0.18416572959490926
10414,0.09
10415,0.005
10416,0.9933333333333333
10417,0.2322222222222222
10418,0.9866666666666667
10419,0.9122222222222223
10420,0.02666666666666667
10421,0.47333333333333333
10422,0.0033333333333333335
10423,0.13533333333333333
10424,0.02666666666666667
10425,0.07333333333333333
10426,0.02666666666666667
10427,0.06333333333333334
10428,0.17
10429,0.5033333333333333
10430,1.0
10431,0.42277777777777775
10432,0.32666666666666666
10433,0.14555555555555558
10434,0.13666666666666666
10435,1.0
10436,0.9833333333333333
10437,0.7957142857142857
10438,0.4043991802204777
10439,0.9833333333333333
10440,0.06666666666666667
10441,0.44666666666666666
10442,0.013333333333333334
10443,0.07
10444,0.27
10445,0.17
10446,0.17
10447,0.03
10448,0.06333333333333334
10449,0.02666666666666667
10450,0.07
10451,0.06666666666666667
10452,0.061555555555555565
10453,0.10666666666666667
10454,0.02666666666666667
10455,0.14
10456,0.013333333333333334
10457,0.04533333333333333
10458,0.9866666666666667
10459,0.9933333333333333
10460,0.1
10461,0.99
10462,0.12333333333333334
10463,0.9966666666666667
10464,0.9643333333333334
10465,0.013333333333333334
10466,0.25333333333333335
10467,0.033333333333333326
10468,0.95
10469,0.03180753924113212
10470,0.15333333333333332
10471,0.1288888888888889
10472,0.16333333333333333
10473,0.9966666666666667
10474,0.23333333333333334
10475,0.03333333333333333
10476,0.01
10477,0.04
10478,0.06
10479,0.16333333333333333
10480,0.049166666666666664
10481,0.06666666666666667
10482,1.0
10483,1.0
10484,0.21
10485,0.048
10486,0.15
10487,0.18333333333333332
10488,0.19
10489,0.9966666666666667
10490,0.5433333333333333
10491,0.08333333333333333
10492,0.41333333333333333
10493,0.13152030604223588
10494,0.5966666666666667
10495,0.9566666666666667
10496,0.17
10497,0.05416666666666667
10498,0.39666666666666667
10499,0.9166666666666666
10500,0.10666666666666667
10501,0.02
10502,0.04
10503,1.0
10504,0.36333333333333334
10505,0.026111111111111113
10506,0.0033333333333333335
10507,0.15666666666666668
10508,0.19666666666666666
10509,0.34
10510,0.9833333333333333
10511,0.8859975490196079
10512,0.07666666666666666
10513,0.21666666666666667
10514,0.17333333333333334
10515,0.13333333333333333
10516,0.013333333333333334
10517,0.09333333333333334
10518,0.11
10519,0.03613425925925926
10520,0.24666666666666667
10521,0.1
10522,0.31333333333333335
10523,0.05
10524,0.15
10525,1.0
10526,0.5149954952454953
10527,0.0
10528,0.9966666666666667
10529,0.03666666666666667
10530,0.9966666666666667
10531,0.2733333333333333
10532,0.5054501631944498
10533,0.19666666666666666
10534,0.30666666666666664
10535,0.18666666666666668
10536,0.5066666666666667
10537,0.06666666666666667
10538,0.11
10539,0.99
10540,0.36
10541,0.27666666666666667
10542,0.008333333333333333
10543,0.9866666666666667
10544,0.3566666666666667
10545,0.4166666666666667
10546,0.3333333333333333
10547,0.05333333333333334
10548,0.36333333333333334
10549,0.24333333333333335
10550,0.30333333333333334
10551,0.4766666666666667
10552,0.9966666666666667
10553,0.16
10554,0.84
10555,0.18583333333333332
10556,0.051666666666666666
10557,0.0033333333333333335
10558,0.20851307189542484
10559,0.6065943207077341
10560,1.0
10561,0.11666666666666667
10562,0.15
10563,0.42
10564,0.13166666666666665
10565,0.11333333333333333
10566,0.6133333333333333
10567,0.013333333333333334
10568,0.84
10569,0.06
10570,0.11222222222222224
10571,0.04
10572,0.40222222222222226
10573,0.9966666666666667
10574,0.9966666666666667
10575,0.1
10576,1.0
10577,0.6766666666666666
10578,0.4
10579,1.0
10580,0.02
10581,0.14
10582,0.06333333333333334
10583,0.9966666666666667
10584,0.99
10585,0.37333333333333335
10586,0.12333333333333334
10587,1.0
10588,0.29833333333333334
10589,0.07
10590,0.09666666666666666
10591,0.24333333333333335
10592,0.9933333333333333
10593,0.06666666666666667
10594,0.3333333333333333
10595,1.0
10596,0.6216666666666667
10597,0.07
10598,0.27
10599,0.22
10600,0.004222222222222222
10601,0.11333333333333333
10602,0.39666666666666667
10603,0.9966666666666667
10604,0.04666666666666667
10605,0.11666666666666667
10606,0.10632323232323232
10607,0.030144927536231887
10608,0.17
10609,0.03666666666666667
10610,0.96
10611,0.9844444444444443
10612,0.32666666666666666
10613,0.0033333333333333335
10614,0.4166666666666667
10615,0.2633333333333333
10616,0.9833333333333333
10617,0.9933333333333333
10618,0.016666666666666666
10619,0.05
10620,0.07
10621,0.11222222222222221
10622,0.16558730158730162
10623,0.03
10624,0.16666666666666666
10625,0.12
10626,0.016666666666666666
10627,0.28
10628,0.013333333333333334
10629,0.15977777777777777
10630,0.08988359788359788
10631,0.13666666666666666
10632,0.31333333333333335
10633,0.04666666666666667
10634,0.01
10635,0.10333333333333333
10636,0.0
10637,0.18333333333333332
10638,0.25333333333333335
10639,0.12666666666666668
10640,0.06954100529100529
10641,0.056666666666666664
10642,1.0
10643,0.03666666666666667
10644,0.06333333333333334
10645,0.9933333333333333
10646,0.02
10647,0.03166666666666667
10648,0.09
10649,0.05
10650,0.49666666666666665
10651,0.99
10652,0.7233333333333334
10653,0.4533333333333333
10654,0.99
10655,0.07333333333333333
10656,0.99
10657,0.18
10658,0.11
10659,0.041666666666666664
10660,0.07666666666666666
10661,0.15666666666666668
10662,0.17666666666666667
10663,0.03
10664,0.26666666666666666
10665,0.016666666666666666
10666,0.9933333333333333
10667,0.2733333333333333
10668,0.04
10669,0.09666666666666666
10670,0.21
10671,0.22333333333333333
10672,0.07666666666666666
10673,0.043333333333333335
10674,0.9471538461538462
10675,0.025964912280701757
10676,0.36
10677,0.63
10678,0.1
10679,0.15333333333333332
10680,0.04666666666666667
10681,0.19666666666666666
10682,0.11
10683,0.05
10684,0.5366666666666666
10685,0.06
10686,0.388
10687,0.9933333333333333
10688,0.2966666666666667
10689,0.02666666666666667
10690,0.09277380952380952
10691,0.07666666666666666
10692,0.36333333333333334
10693,0.07111111111111111
10694,0.03
10695,0.05416666666666667
10696,0.8735925925925926
10697,0.03833333333333333
10698,0.47333333333333333
10699,0.17666666666666667
10700,0.018333333333333333
10701,0.73
10702,0.0
10703,0.04
10704,0.05333333333333334
10705,0.31666666666666665
10706,1.0
10707,0.21333333333333335
10708,0.02
10709,0.5733333333333334
10710,0.10666666666666667
10711,1.0
10712,0.25333333333333335
10713,0.05
10714,0.5666666666666667
10715,0.9966666666666667
10716,0.38333333333333336
10717,0.9966666666666667
10718,0.31
10719,0.5033333333333333
10720,0.29333333333333333
10721,0.9966666666666667
10722,0.08
10723,0.02
10724,0.0262037037037037
10725,0.98
10726,0.016666666666666666
10727,0.03
10728,0.8921929824561403
10729,1.0
10730,0.08333333333333333
10731,0.6066666666666667
10732,0.21333333333333335
10733,0.08
10734,0.0033333333333333335
10735,0.04666666666666667
10736,0.09777777777777777
10737,0.11
10738,0.08333333333333333
10739,0.02666666666666667
10740,0.10666666666666667
10741,0.14666666666666667
10742,0.9876666666666667
10743,0.13333333333333333
10744,0.17
10745,0.0033333333333333335
10746,0.9866666666666667
10747,0.981
10748,0.6333333333333333
10749,0.21666666666666667
10750,0.12
10751,0.22666666666666666
10752,0.03333333333333333
10753,0.23666666666666666
10754,1.0
10755,0.08333333333333333
10756,0.03
10757,0.18666666666666668
10758,0.4533333333333333
10759,0.03
10760,0.69
10761,0.04666666666666667
10762,0.5
10763,0.10333333333333333
10764,0.1
10765,0.4066666666666667
10766,0.11
10767,0.07
10768,0.9933333333333333
10769,0.06777777777777778
10770,0.6133333333333333
10771,0.22666666666666666
10772,0.37666666666666665
10773,0.14333333333333334
10774,0.09972222222222221
10775,0.04476190476190476
10776,0.01
10777,0.44666666666666666
10778,0.3333333333333333
10779,0.16333333333333333
10780,0.155
10781,0.24333333333333335
10782,0.35
10783,0.9133333333333333
10784,1.0
10785,0.15333333333333332
10786,0.13
10787,0.9966666666666667
10788,0.6514859954859952
10789,0.20666666666666667
10790,0.4469444444444445
10791,0.02666666666666667
10792,0.013333333333333334
10793,0.3991746031746031
10794,0.95
10795,0.02666666666666667
10796,0.01
10797,0.07333333333333333
10798,0.41333333333333333
10799,0.03
10800,0.49
10801,0.27666666666666667
10802,0.3
10803,0.1
10804,0.04666666666666667
10805,1.0
10806,0.08
10807,0.04666666666666667
10808,0.18333333333333332
10809,0.7822390572390574
10810,0.07333333333333333
10811,0.14260860670419492
10812,0.09333333333333334
10813,0.22
10814,0.02666666666666667
10815,0.04666666666666667
10816,0.9833333333333333
10817,0.03333333333333333
10818,0.29
10819,0.31
10820,0.07666666666666666
10821,0.22
10822,0.8768292682926829
10823,0.23666666666666666
10824,0.01
10825,0.004166666666666667
10826,0.9866666666666667
10827,0.04
10828,0.18
10829,0.21666666666666667
10830,0.15666666666666668
10831,1.0
10832,0.023333333333333334
10833,0.09
10834,0.5283571428571429
10835,0.11
10836,0.15333333333333332
10837,0.10333333333333333
10838,0.22333333333333333
10839,0.4766666666666667
10840,0.54
10841,0.14
10842,0.41333333333333333
10843,0.0037719298245614034
10844,0.09
10845,0.9594871794871793
10846,0.056666666666666664
10847,0.08666666666666667
10848,0.04
10849,0.056666666666666664
10850,0.05333333333333334
10851,0.01
10852,0.043333333333333335
10853,0.3825
10854,0.95
10855,0.09333333333333334
10856,0.5166666666666667
10857,0.27666666666666667
10858,0.9843333333333334
10859,0.23333333333333334
10860,0.07666666666666666
10861,0.0033333333333333335
10862,0.07333333333333333
10863,0.29333333333333333
10864,0.2966666666666667
10865,0.5944444444444443
10866,0.04
10867,0.9966666666666667
10868,0.11
10869,0.3233333333333333
10870,0.39
10871,1.0
10872,0.9966666666666667
10873,0.43377607532069634
10874,0.04
10875,0.05333333333333334
10876,0.7633333333333333
10877,0.48333333333333334
10878,0.030144927536231887
10879,0.8966666666666666
10880,1.0
10881,0.016666666666666666
10882,0.11
10883,0.0011111111111111111
10884,0.6766666666666666
10885,0.04
10886,0.11666666666666667
10887,0.07
10888,0.17
10889,0.56
10890,0.07
10891,0.41
10892,0.17666666666666667
10893,0.9966666666666667
10894,0.16333333333333333
10895,0.016666666666666666
10896,0.04342592592592593
10897,0.9866666666666667
10898,0.20333333333333334
10899,0.12385714285714286
10900,0.1
10901,0.415
10902,0.16666666666666666
10903,0.63
10904,0.07666666666666666
10905,0.13
10906,0.30333333333333334
10907,0.45666666666666667
10908,0.3933333333333333
10909,0.16
10910,0.37
10911,0.3233333333333333
10912,0.3
10913,0.99
10914,0.05333333333333334
10915,0.17333333333333334
10916,0.16666666666666666
10917,0.0381998556998557
10918,0.3233333333333333
10919,0.3410185185185185
10920,0.25
10921,0.6166666666666667
10922,0.10157040998217469
10923,0.19
10924,0.22731818181818184
10925,0.15166666666666667
10926,0.17666666666666667
10927,0.4533333333333333
10928,0.15333333333333332
10929,0.0033333333333333335
10930,0.16666666666666666
10931,0.17
10932,0.013333333333333334
10933,0.10408333333333332
10934,0.09611111111111112
10935,0.23003968253968254
10936,0.5366666666666666
10937,0.99
10938,0.2633333333333333
10939,0.08
10940,0.13541666666666666
10941,0.04
10942,0.13
10943,0.9945833333333334
10944,0.3233333333333333
10945,0.09
10946,0.25333333333333335
10947,0.06666666666666667
10948,0.3055555555555555
10949,0.4
10950,1.0
10951,0.043333333333333335
10952,0.043333333333333335
10953,0.023333333333333334
10954,0.17333333333333334
10955,0.01
10956,0.9933333333333333
10957,0.17333333333333334
10958,0.0033333333333333335
10959,0.3566666666666667
10960,1.0
10961,0.025555555555555554
10962,0.013333333333333334
10963,0.6396666666666667
10964,0.043333333333333335
10965,0.19666666666666666
10966,0.1
10967,0.16666666666666666
10968,0.42
10969,0.07180952380952381
10970,0.22666666666666666
10971,0.27
10972,0.10666666666666667
10973,0.44333333333333336
10974,0.1
10975,0.03
10976,0.9743333333333334
10977,0.16666666666666666
10978,0.02
10979,0.24333333333333335
10980,0.9866666666666667
10981,0.4666666666666667
10982,0.06666666666666667
10983,0.06666666666666667
10984,0.9504871794871796
10985,0.2833333333333333
10986,0.04
10987,0.023333333333333334
10988,0.016666666666666666
10989,0.16666666666666666
10990,0.2017105672105672
10991,0.05
10992,0.9966666666666667
10993,0.04
10994,0.08666666666666667
10995,0.98
10996,0.06666666666666667
10997,0.9933333333333333
10998,0.25666666666666665
10999,0.14
11000,0.6166666666666667
11001,0.5811111111111111
11002,0.006666666666666667
11003,0.056666666666666664
11004,0.10666666666666667
11005,0.06
11006,1.0
11007,0.9966666666666667
11008,0.0788888888888889
11009,0.2833333333333333
11010,0.13333333333333333
11011,0.46
11012,0.6966666666666667
11013,0.47849673202614385
11014,0.43333333333333335
11015,0.22333333333333333
11016,0.14666666666666667
11017,1.0
11018,0.24
11019,0.49166666666666664
11020,0.07
11021,0.624
11022,0.9610000000000001
11023,0.1
11024,0.15
11025,0.07
11026,0.10333333333333333
11027,0.35333333333333333
11028,0.01
11029,0.013333333333333334
11030,0.27
11031,0.9933333333333333
11032,0.09
11033,0.0033333333333333335
11034,1.0
11035,0.5533333333333333
11036,0.0033333333333333335
11037,0.6566666666666666
11038,0.023333333333333334
11039,0.2
11040,0.016666666666666666
11041,0.01
11042,0.2633333333333333
11043,0.33666666666666667
11044,0.16333333333333333
11045,1.0
11046,0.016666666666666666
11047,0.5633333333333334
11048,0.9953333333333334
11049,0.8713863636363635
11050,0.08
11051,0.18666666666666668
11052,0.44333333333333336
11053,0.16416666666666666
11054,0.2036878306878307
11055,0.29
11056,0.008888888888888889
11057,0.155
11058,0.8121212121212121
11059,0.07666666666666666
11060,0.8574031986531986
11061,0.13333333333333333
11062,0.8693055555555557
11063,0.7533333333333333
11064,0.08333333333333333
11065,0.5700292397660819
11066,0.3016666666666667
11067,0.36396396090946853
11068,0.8817777777777777
11069,0.06333333333333334
11070,0.02
11071,0.09666666666666666
11072,0.9966666666666667
11073,0.2966666666666667
11074,0.21333333333333335
11075,0.11
11076,0.04
11077,0.06
11078,0.05
11079,0.9833333333333333
11080,0.16333333333333333
11081,0.09333333333333334
11082,0.04
11083,0.11666666666666667
11084,0.21666666666666667
11085,0.19333333333333333
11086,0.15
11087,0.02666666666666667
11088,0.06333333333333334
11089,0.06
11090,0.02
11091,0.27393095447225885
11092,0.006666666666666667
11093,0.19333333333333333
11094,0.23416666666666666
11095,0.043333333333333335
11096,0.47
11097,0.13666666666666666
11098,0.29333333333333333
11099,0.42
11100,0.11033333333333334
11101,0.01
11102,0.0033333333333333335
11103,0.03666666666666667
11104,0.01
11105,0.33622222222222226
11106,0.11
11107,0.07
11108,0.30333333333333334
11109,0.03
11110,0.06
11111,0.920902356902357
11112,0.02
11113,0.0033333333333333335
11114,0.035333333333333335
11115,0.18
11116,0.04
11117,0.99
11118,0.12666666666666668
11119,0.08333333333333333
11120,0.9975757575757576
11121,0.18166666666666667
11122,0.6766666666666666
11123,0.025416666666666667
11124,0.5166666666666667
11125,0.38333333333333336
11126,0.3466666666666667
11127,0.24681481481481485
11128,0.06333333333333334
11129,0.4533333333333333
11130,0.0033333333333333335
11131,0.18333333333333332
11132,0.9966666666666667
11133,0.9966666666666667
11134,0.48
11135,0.19666666666666666
11136,0.03333333333333333
11137,0.6153333333333333
11138,0.4033333333333333
11139,0.56
11140,0.14551515151515151
11141,0.36
11142,0.01
11143,0.36666666666666664
11144,1.0
11145,0.6185671550671551
11146,0.10333333333333333
11147,0.2866666666666667
11148,0.07
11149,0.07833333333333334
11150,0.16666666666666666
11151,1.0
11152,1.0
11153,0.19988663706578527
11154,1.0
11155,0.22666666666666666
11156,1.0
11157,0.07
11158,0.05
11159,0.9966666666666667
11160,0.9833333333333333
11161,0.1669607843137255
11162,0.11
11163,0.18
11164,0.07
11165,0.14333333333333334
11166,0.19333333333333333
11167,0.24235036119711045
11168,0.013333333333333334
11169,0.2733333333333333
11170,0.3
11171,0.30686274509803924
11172,0.9933333333333333
11173,0.9733333333333334
11174,0.02666666666666667
11175,0.15666666666666668
11176,0.11
11177,0.09333333333333334
11178,0.013333333333333334
11179,0.7533333333333333
11180,0.43366666666666664
11181,0.5566666666666666
11182,0.07666666666666666
11183,0.22
11184,0.3
11185,0.12
11186,0.023333333333333334
11187,0.3466666666666667
11188,0.06666666666666667
11189,0.03755555555555555
11190,0.37666666666666665
11191,0.9533333333333334
11192,0.23333333333333334
11193,0.18
11194,0.12333333333333334
11195,0.9966666666666667
11196,0.2
11197,0.19333333333333333
11198,0.22
11199,1.0
11200,0.38666666666666666
11201,0.28833333333333333
11202,0.13666666666666666
11203,0.06666666666666667
11204,0.4033333333333333
11205,0.38333333333333336
11206,0.3466666666666667
11207,0.016666666666666666
11208,0.13933333333333334
11209,0.016666666666666666
11210,0.08
11211,0.32666666666666666
11212,0.2866666666666667
11213,0.57
11214,1.0
11215,0.4066666666666667
11216,0.05333333333333334
11217,0.06333333333333334
11218,0.007777777777777777
11219,0.98
11220,0.3333333333333333
11221,0.02
11222,0.03666666666666667
11223,0.24666666666666667
11224,0.16
11225,0.6073968253968254
11226,1.0
11227,0.13666666666666666
11228,0.21333333333333335
11229,0.006666666666666667
11230,0.29111111111111115
11231,0.21333333333333335
11232,0.03333333333333333
11233,0.12
11234,0.16
11235,0.04
11236,0.23
11237,0.07
11238,0.22333333333333333
11239,0.02
11240,0.01
11241,0.08
11242,0.9933333333333333
11243,0.6573333333333333
11244,0.15278166278166277
11245,0.043333333333333335
11246,0.005333333333333334
11247,0.11
11248,0.013333333333333334
11249,0.09666666666666666
11250,0.38
11251,1.0
11252,0.013333333333333334
11253,0.11
11254,0.023333333333333334
11255,0.05
11256,0.25
11257,0.023333333333333334
11258,0.02
11259,0.016666666666666666
11260,0.37666666666666665
11261,0.14666666666666667
11262,0.08333333333333333
11263,0.17544444444444443
11264,0.16666666666666666
11265,0.3233333333333333
11266,0.1025
11267,0.47
11268,0.041111111111111105
11269,0.08333333333333333
11270,0.21666666666666667
11271,0.12
11272,0.016666666666666666
11273,0.18666666666666668
11274,0.3236111111111111
11275,0.886923076923077
11276,0.22666666666666666
11277,0.4066666666666667
11278,0.5719444444444445
11279,1.0
11280,0.38
11281,0.010476190476190476
11282,0.11533333333333334
11283,0.8166666666666667
11284,0.06333333333333334
11285,0.26
11286,0.22333333333333333
11287,0.12
11288,0.05
11289,0.3466666666666667
11290,0.8066666666666666
11291,0.6866666666666666
11292,0.03666666666666667
11293,0.5366666666666666
11294,0.13333333333333333
11295,0.17333333333333334
11296,0.02666666666666667
11297,0.25
11298,0.36666666666666664
11299,0.9933333333333333
11300,0.0033333333333333335
11301,0.38333333333333336
11302,0.06333333333333334
11303,0.23
11304,0.09666666666666666
11305,0.9191504791504792
11306,0.36
11307,0.06
11308,0.07
11309,0.06666666666666667
11310,0.5866666666666667
11311,0.056666666666666664
11312,0.9334080549080549
11313,0.29
11314,0.05333333333333334
11315,0.10666666666666667
11316,0.38222222222222224
11317,0.9191504791504792
11318,0.03666666666666667
11319,0.9966666666666667
11320,0.25
11321,0.016666666666666666
11322,0.05
11323,0.06333333333333334
11324,0.023333333333333334
11325,0.02666666666666667
11326,0.3233333333333333
11327,1.0
11328,0.016666666666666666
11329,0.09333333333333334
11330,0.36
11331,0.08
11332,0.73
11333,0.24
11334,1.0
11335,1.0
11336,0.013333333333333334
11337,0.09666666666666666
11338,0.81
11339,0.013333333333333334
11340,0.26777777777777784
11341,0.49828694051766265
11342,0.02666666666666667
11343,0.48
11344,0.016666666666666666
11345,0.43333333333333335
11346,0.09620289855072464
11347,0.02672490155482483
11348,0.2285277777777778
11349,0.27666666666666667
11350,0.21666666666666667
11351,0.016666666666666666
11352,0.3333333333333333
11353,0.05
11354,0.5533333333333333
11355,0.13333333333333333
11356,0.15333333333333332
11357,0.19988663706578527
11358,0.03666666666666667
11359,0.2435897435897436
11360,0.043333333333333335
11361,0.9566666666666667
11362,0.21777777777777782
11363,0.2633333333333333
11364,0.06266666666666666
11365,0.013333333333333334
11366,0.2966666666666667
11367,0.99
11368,0.2
11369,0.07333333333333333
11370,0.1042848254364414
11371,0.02
11372,0.09333333333333334
11373,0.5383880534670008
11374,0.12444444444444445
11375,0.9933333333333333
11376,0.35235970108147535
11377,0.05416666666666667
11378,0.056666666666666664
11379,0.07666666666666666
11380,0.24666666666666667
11381,0.2633333333333333
11382,0.20333333333333334
11383,0.18
11384,0.155
11385,0.04
11386,0.31777777777777777
11387,0.13666666666666666
11388,0.015
11389,0.5054501631944498
11390,0.05
11391,0.03333333333333333
11392,0.12333333333333334
11393,0.07666666666666666
11394,0.039411764705882354
11395,0.09333333333333334
11396,0.1425
11397,0.19333333333333333
11398,0.075
11399,0.9966666666666667
11400,0.43333333333333335
11401,0.05333333333333334
11402,0.06666666666666667
11403,0.012531552458381728
11404,0.99
11405,0.3333333333333333
11406,0.43666666666666665
11407,0.23333333333333334
11408,1.0
11409,0.9277990430622011
11410,0.41
11411,0.4066666666666667
11412,0.06333333333333334
11413,0.2727777777777778
11414,0.9933333333333333
11415,0.12
11416,0.37
11417,0.18333333333333332
11418,0.22666666666666666
11419,0.05888888888888888
11420,0.9722222222222221
11421,0.34
11422,0.08333333333333333
11423,0.18666666666666668
11424,0.01
11425,0.36
11426,0.6766666666666666
11427,0.45
11428,0.16333333333333333
11429,0.09666666666666666
11430,0.28937254901960785
11431,0.35
11432,0.49666666666666665
11433,0.99
11434,0.5533333333333333
11435,0.02666666666666667
11436,0.1475
11437,0.10944444444444443
11438,0.29333333333333333
11439,0.22333333333333333
11440,0.9366666666666666
11441,0.23333333333333334
11442,0.15111111111111108
11443,0.0825
11444,0.48111111111111104
11445,0.9966666666666667
11446,0.06
11447,0.14
11448,0.0011111111111111111
11449,0.04
11450,0.023333333333333334
11451,0.4378030303030303
11452,0.6733333333333333
11453,0.88
11454,0.9966666666666667
11455,0.03158730158730159
11456,0.15666666666666668
11457,0.08577777777777777
11458,0.11
11459,0.9933333333333333
11460,0.28
11461,0.22333333333333333
11462,0.5566666666666666
11463,0.20264379084967324
11464,0.9743333333333334
11465,0.05
11466,0.35333333333333333
11467,0.19320873085542284
11468,0.03333333333333333
11469,0.99
11470,0.5658333333333333
11471,0.16333333333333333
11472,0.06
11473,0.07333333333333333
11474,0.4137962962962963
11475,0.3233333333333333
11476,0.17333333333333334
11477,0.15666666666666668
11478,0.03333333333333333
11479,0.18
11480,0.41333333333333333
11481,0.0
11482,0.07666666666666666
11483,0.77
11484,0.2833333333333333
11485,0.056666666666666664
11486,0.14
11487,0.3566666666666667
11488,0.056666666666666664
11489,0.27
11490,0.23666666666666666
11491,0.32666666666666666
11492,0.03333333333333333
11493,0.13
11494,0.08666666666666667
11495,0.07
11496,0.24666666666666667
11497,0.18333333333333332
11498,0.4979985482353903
11499,0.008888888888888889
11500,0.6179421286201471
11501,0.30333333333333334
11502,0.10333333333333333
11503,0.1042848254364414
11504,0.02666666666666667
11505,0.36666666666666664
11506,0.13666666666666666
11507,0.05333333333333334
11508,0.8455555555555555
11509,0.9733333333333335
11510,0.0
11511,0.24
11512,0.9227599067599067
11513,0.06133333333333333
11514,0.23333333333333334
11515,0.2
11516,0.8283333333333334
11517,0.9966666666666667
11518,0.9966666666666667
11519,0.04666666666666667
11520,0.5111111111111112
11521,0.25
11522,0.044
11523,0.9933333333333333
11524,0.02
11525,0.04
11526,1.0
11527,0.15666666666666668
11528,0.08
11529,0.24333333333333335
11530,0.02
11531,0.9966666666666667
11532,0.10666666666666667
11533,0.9933333333333333
11534,0.12266666666666666
11535,0.14
11536,0.10666666666666667
11537,0.18666666666666668
11538,0.18
11539,0.09666666666666666
11540,0.36
11541,0.8233333333333334
11542,0.4
11543,0.07
11544,0.0033333333333333335
11545,0.01
11546,0.05
11547,0.06
11548,0.05
11549,0.11833333333333333
11550,1.0
11551,0.15166666666666667
11552,0.9222222222222223
11553,0.5616666666666666
11554,0.11
11555,0.38407407407407407
11556,0.08466666666666667
11557,0.17
11558,1.0
11559,0.9966666666666667
11560,0.043333333333333335
11561,0.3926804290480761
11562,0.9966666666666667
11563,0.5333333333333333
11564,0.24
11565,0.25666666666666665
11566,0.19333333333333333
11567,0.6866666666666666
11568,0.74
11569,0.9075213675213676
11570,0.14333333333333334
11571,0.14
11572,0.05333333333333334
11573,0.18666666666666668
11574,0.21
11575,0.013333333333333334
11576,0.03222222222222223
11577,0.02371696504688832
11578,0.0362962962962963
11579,0.43666666666666665
11580,0.04714285714285714
11581,0.13333333333333333
11582,0.06333333333333334
11583,0.9966666666666667
11584,0.06157407407407407
11585,0.2633333333333333
11586,0.18333333333333332
11587,0.26666666666666666
11588,0.06666666666666667
11589,0.22333333333333333
11590,0.03
11591,0.06
11592,0.27
11593,0.19666666666666666
11594,0.15977777777777777
11595,0.9966666666666667
11596,0.07833333333333334
11597,0.9866666666666667
11598,0.4866666666666667
11599,0.19666666666666666
11600,0.0813095238095238
11601,0.99
11602,0.21
11603,0.3
11604,0.09333333333333334
11605,0.09
11606,0.09333333333333334
11607,0.08894444444444445
11608,0.3255555555555556
11609,0.16666666666666666
11610,0.06666666666666667
11611,0.22333333333333333
11612,0.31
11613,0.39
11614,0.01
11615,0.99
11616,0.6333333333333333
11617,0.39
11618,0.02666666666666667
11619,0.11333333333333333
11620,0.3433333333333333
11621,0.13666666666666666
11622,0.02666666666666667
11623,0.043333333333333335
11624,0.11
11625,0.2511111111111111
11626,0.21
11627,0.23916666666666667
11628,0.023333333333333334
11629,0.01
11630,0.9866666666666667
11631,0.9966666666666667
11632,0.12
11633,1.0
11634,0.09666666666666666
11635,0.17333333333333334
11636,0.99
11637,0.1338888888888889
11638,0.05333333333333334
11639,0.8466666666666667
11640,0.96
11641,0.1
11642,0.9966666666666667
11643,0.10666666666666667
11644,0.21333333333333335
11645,0.20333333333333334
11646,0.04
11647,0.13
11648,0.19333333333333333
11649,0.9566666666666667
11650,0.9966666666666667
11651,0.5184086808000276
11652,0.013333333333333334
11653,0.09
11654,0.013333333333333334
11655,0.04666666666666667
11656,0.16333333333333333
11657,0.36333333333333334
11658,0.99
11659,0.5691601307189542
11660,0.08833333333333333
11661,0.13
11662,0.07333333333333333
11663,0.23
11664,0.006666666666666667
11665,0.9533333333333334
11666,0.2633333333333333
11667,0.20264379084967324
11668,0.49666666666666665
11669,1.0
11670,0.09666666666666666
11671,0.16
11672,0.052222222222222225
11673,0.13833333333333334
11674,0.5777777777777778
11675,0.285
11676,0.07333333333333333
11677,0.013333333333333334
11678,0.17666666666666667
11679,0.09444444444444444
11680,0.15333333333333332
11681,0.02
11682,0.9933333333333333
11683,0.03
11684,0.3433333333333333
11685,0.10333333333333333
11686,0.32
11687,0.2911111111111111
11688,0.9966666666666667
11689,0.06666666666666667
11690,0.016666666666666666
11691,0.99
11692,0.9783333333333334
11693,0.4766666666666667
11694,0.21
11695,0.023333333333333334
11696,0.18
11697,0.17982456140350878
11698,0.10333333333333333
11699,0.29
11700,0.9733333333333334
11701,0.36666666666666664
11702,1.0
11703,0.16333333333333333
11704,0.8996978294037118
11705,0.9966666666666667
11706,0.016666666666666666
11707,0.6396666666666667
11708,1.0
11709,1.0
11710,0.9133386243386242
11711,0.7233333333333334
11712,0.10666666666666667
11713,0.14333333333333334
11714,0.67
11715,0.25666666666666665
11716,0.043333333333333335
11717,0.1363888888888889
11718,0.9966666666666667
11719,0.07604761904761904
11720,0.11599999999999999
11721,0.42333333333333334
11722,0.013333333333333334
11723,0.03666666666666667
11724,0.17333333333333334
11725,0.9966666666666667
11726,0.1103030303030303
11727,0.99
11728,1.0
11729,0.013333333333333334
11730,0.17
11731,0.2633333333333333
11732,0.5866666666666667
11733,0.20002777777777778
11734,0.05
11735,0.49666666666666665
11736,0.043333333333333335
11737,0.20333333333333334
11738,0.22666666666666666
11739,0.9494265734265733
11740,0.99
11741,0.36333333333333334
11742,0.49666666666666665
11743,0.02666666666666667
11744,0.4666666666666667
11745,0.49333333333333335
11746,0.5054501631944498
11747,0.05
11748,0.0
11749,0.21333333333333335
11750,0.9566666666666667
11751,0.01
11752,0.18333333333333332
11753,0.08333333333333333
11754,0.78
11755,0.37666666666666665
11756,0.17
11757,0.43666666666666665
11758,0.4066666666666667
11759,0.17302302020379823
11760,0.13333333333333333
11761,0.22333333333333333
11762,0.07
11763,0.10666666666666667
11764,0.14666666666666667
11765,1.0
11766,0.09666666666666666
11767,0.05333333333333334
11768,0.22666666666666666
11769,0.01
11770,0.03666666666666667
11771,0.05
11772,0.07666666666666666
11773,0.2733333333333333
11774,0.29333333333333333
11775,0.10666666666666667
11776,0.26
11777,0.36666666666666664
11778,0.44333333333333336
11779,0.03
11780,0.2733333333333333
11781,0.31666666666666665
11782,0.016666666666666666
11783,0.016666666666666666
11784,0.5983333333333334
11785,0.2227777777777778
11786,0.7111111111111111
11787,0.3333333333333333
11788,0.82
11789,0.21666666666666667
11790,0.03
11791,0.08333333333333333
11792,0.9933333333333333
11793,0.09333333333333334
11794,0.9494265734265733
11795,0.05
11796,0.08
11797,0.030333333333333334
11798,0.056666666666666664
11799,0.13666666666666666
11800,0.07333333333333333
11801,0.04666666666666667
11802,0.25666666666666665
11803,0.12
11804,0.18333333333333332
11805,1.0
11806,0.08333333333333333
11807,0.33466666666666667
11808,0.7033333333333334
11809,0.8933333333333333
11810,0.20666666666666667
11811,0.21027777777777779
11812,0.9966666666666667
11813,0.925
11814,1.0
11815,0.03333333333333333
11816,0.173
11817,0.9241666666666667
11818,0.28777777777777774
11819,0.6233333333333333
11820,0.07
11821,0.03
11822,0.17
11823,0.024166666666666666
11824,0.10722222222222222
11825,0.21666666666666667
11826,0.023333333333333334
11827,0.016666666666666666
11828,0.18
11829,0.7
11830,0.27
11831,0.14333333333333334
11832,0.08666666666666667
11833,0.04
11834,0.205
11835,1.0
11836,0.08
11837,0.42916666666666664
11838,0.22666666666666666
11839,0.5466666666666666
11840,0.6633333333333333
11841,1.0
11842,0.27666666666666667
11843,0.6771428571428572
11844,0.9833333333333333
11845,0.03333333333333333
11846,1.0
11847,0.04666666666666667
11848,0.11333333333333333
11849,0.25555555555555554
11850,0.51
11851,1.0
11852,0.04666666666666667
11853,0.32929556972108115
11854,1.0
11855,0.6766666666666666
11856,0.28733333333333333
11857,0.04
11858,0.46929292929292926
11859,0.39666666666666667
11860,0.09
11861,0.19666666666666666
11862,0.9833333333333333
11863,0.23
11864,0.6283333333333333
11865,0.09
11866,0.24333333333333335
11867,0.055
11868,0.25333333333333335
11869,0.20666666666666667
11870,0.38333333333333336
11871,0.009562289562289562
11872,0.029259259259259263
11873,0.9743333333333334
11874,0.04666666666666667
11875,0.24666666666666667
11876,0.09666666666666666
11877,0.5573333333333333
11878,0.12333333333333334
11879,0.051666666666666666
11880,0.9191504791504792
11881,0.10333333333333333
11882,0.006666666666666667
11883,0.025
11884,0.07333333333333333
11885,0.0
11886,0.47333333333333333
11887,0.17666666666666667
11888,0.28055555555555556
11889,0.17333333333333334
11890,0.12666666666666668
11891,0.06333333333333334
11892,0.06
11893,1.0
11894,1.0
11895,0.9966666666666667
11896,0.99
11897,0.6472569444444445
11898,0.4033333333333333
11899,0.041
11900,0.9933333333333333
11901,0.2833333333333333
11902,0.016666666666666666
11903,0.0033333333333333335
11904,0.8714814814814815
11905,0.16666666666666666
11906,0.47333333333333333
11907,0.23
11908,0.2568650793650793
11909,0.916
11910,0.9933333333333333
11911,0.7466666666666667
11912,0.11666666666666667
11913,0.6233333333333333
11914,0.07666666666666666
11915,1.0
11916,0.02666666666666667
11917,0.3752958846708847
11918,0.08833333333333333
11919,0.9966666666666667
11920,0.016666666666666666
11921,0.48333333333333334
11922,0.2966666666666667
11923,0.32
11924,0.9966666666666667
11925,0.1
11926,0.38666666666666666
11927,0.016666666666666666
11928,0.20333333333333334
11929,0.19666666666666666
11930,0.035
11931,0.37
11932,0.13666666666666666
11933,0.014444444444444444
11934,0.9966666666666667
11935,0.09277777777777778
11936,0.05333333333333334
11937,0.08333333333333333
11938,0.06333333333333334
11939,0.03333333333333333
11940,0.12
11941,0.5066666666666667
11942,0.01904761904761905
11943,0.06148148148148148
11944,0.03424242424242425
11945,0.9844444444444443
11946,0.016666666666666666
11947,0.19
11948,0.9669767441860464
11949,0.08666666666666667
11950,0.3433333333333333
11951,0.05240885040885042
11952,0.14333333333333334
11953,0.5944444444444443
11954,0.3338888888888889
11955,0.9566666666666667
11956,0.20666666666666667
11957,0.22866666666666666
11958,0.24449999999999997
11959,0.14
11960,0.29266787178802045
11961,0.36333333333333334
11962,0.18333333333333332
11963,0.05
11964,0.20666666666666667
11965,0.44666666666666666
11966,0.9266666666666666
11967,0.0033333333333333335
11968,0.02
11969,0.22666666666666666
11970,0.18333333333333332
11971,0.05333333333333334
11972,0.30333333333333334
11973,0.12333333333333334
11974,0.3233333333333333
11975,0.5166666666666667
11976,0.13333333333333333
11977,0.013333333333333334
11978,0.07666666666666666
11979,0.10666666666666667
11980,0.016666666666666666
11981,0.023333333333333334
11982,0.013333333333333334
11983,0.05333333333333334
11984,0.01
11985,0.03333333333333333
11986,0.08666666666666667
11987,0.023333333333333334
11988,0.16
11989,0.056666666666666664
11990,0.016666666666666666
11991,0.38333333333333336
11992,0.13152030604223588
11993,1.0
11994,0.9766666666666667
11995,0.49
11996,0.373518543599903
11997,0.98
11998,0.9866666666666667
11999,0.11
12000,0.05
12001,0.37
12002,0.24777777777777776
12003,0.2677777777777778
12004,0.9366666666666666
12005,0.10090079365079364
12006,0.25666666666666665
12007,0.04666666666666667
12008,0.11666666666666667
12009,0.23333333333333334
12010,0.06666666666666667
12011,0.013333333333333334
12012,0.9933333333333333
12013,0.99
12014,0.21601851851851853
12015,0.07333333333333333
12016,0.06555555555555555
12017,0.06333333333333334
12018,0.11333333333333333
12019,0.19333333333333333
12020,0.9
12021,0.18111111111111108
12022,0.38333333333333336
12023,0.10333333333333333
12024,0.01
12025,0.04
12026,0.9933333333333333
12027,0.15666666666666668
12028,0.06666666666666667
12029,0.09333333333333334
12030,1.0
12031,0.03666666666666667
12032,0.9866666666666667
12033,0.1988888888888889
12034,0.87
12035,0.03
12036,0.08083333333333333
12037,0.1
12038,0.12365669126195442
12039,0.14333333333333334
12040,0.011666666666666667
12041,0.3566666666666667
12042,0.25333333333333335
12043,0.11666666666666667
12044,0.38
12045,1.0
12046,0.19333333333333333
12047,0.9833333333333333
12048,0.043333333333333335
12049,0.06
12050,0.12541053391053392
12051,0.09666666666666666
12052,0.38666666666666666
12053,0.24
12054,0.056666666666666664
12055,0.9766666666666667
12056,0.016666666666666666
12057,0.9966666666666667
12058,0.9966666666666667
12059,0.008
12060,0.3933333333333333
12061,0.9334313725490195
12062,0.3433333333333333
12063,0.9966666666666667
12064,0.11666666666666667
12065,0.9966666666666667
12066,0.9218367889420523
12067,0.03
12068,0.2174644984644985
12069,0.02666666666666667
12070,0.030277777777777775
12071,0.025555555555555554
12072,0.7533333333333333
12073,0.9933333333333333
12074,0.74
12075,0.15333333333333332
12076,0.21
12077,0.09333333333333334
12078,0.10666666666666667
12079,1.0
12080,0.36
12081,0.19333333333333333
12082,0.023333333333333334
12083,0.17
12084,0.03666666666666667
12085,0.38333333333333336
12086,0.02
12087,0.22122222222222224
12088,0.71
12089,1.0
12090,0.03833333333333333
12091,0.06666666666666667
12092,0.37666666666666665
12093,0.03
12094,0.21666666666666667
12095,1.0
12096,0.04
12097,0.075
12098,0.08333333333333333
12099,0.45666666666666667
12100,0.0
12101,0.12416666666666666
12102,0.007916666666666667
12103,0.48047619047619045
12104,1.0
12105,0.49
12106,0.8662638287638288
12107,0.07333333333333333
12108,0.11333333333333333
12109,0.02666666666666667
12110,0.9366666666666666
12111,0.08666666666666667
12112,0.0033333333333333335
12113,0.15666666666666668
12114,0.1
12115,0.24666666666666667
12116,0.13333333333333333
12117,0.23666666666666666
12118,0.08666666666666667
12119,0.25416666666666665
12120,0.37333333333333335
12121,0.38666666666666666
12122,0.23111111111111116
12123,0.11666666666666667
12124,0.99
12125,0.07333333333333333
12126,0.19
12127,0.96
12128,0.04666666666666667
12129,0.22
12130,0.01
12131,0.19544444444444445
12132,0.2633333333333333
12133,0.07555555555555554
12134,0.105
12135,0.45666666666666667
12136,1.0
12137,0.13
12138,0.44333333333333336
12139,0.05
12140,0.9052038513792899
12141,0.373518543599903
12142,0.13333333333333333
12143,0.1775871080139373
12144,0.085
12145,0.03666666666666667
12146,1.0
12147,0.9833333333333333
12148,0.6833333333333333
12149,0.38
12150,0.02666666666666667
12151,0.4765708088208086
12152,0.013333333333333334
12153,0.11666666666666667
12154,0.23
12155,0.0033333333333333335
12156,0.9833333333333333
12157,0.08
12158,0.013333333333333334
12159,0.12666666666666668
12160,0.21666666666666667
12161,0.67
12162,0.5883333333333334
12163,0.12
12164,0.9966666666666667
12165,0.9866666666666667
12166,0.10444444444444444
12167,0.043333333333333335
12168,0.023333333333333334
12169,0.9933333333333333
12170,0.016666666666666666
12171,0.09333333333333334
12172,0.23666666666666666
12173,0.17
12174,0.20546265172735764
12175,0.01
12176,0.12333333333333334
12177,0.11
12178,0.05
12179,0.006666666666666667
12180,0.5066666666666667
12181,0.99
12182,0.24590909090909094
12183,0.6
12184,0.14666666666666667
12185,0.52
12186,0.043333333333333335
12187,0.17333333333333334
12188,1.0
12189,0.17400000000000002
12190,0.95
12191,0.6933333333333334
12192,0.1487638888888889
12193,0.013333333333333334
12194,0.023333333333333334
12195,0.9933333333333333
12196,0.16805555555555554
12197,0.19
12198,0.4766666666666667
12199,0.043333333333333335
12200,0.048888888888888885
12201,0.3933333333333333
12202,0.05
12203,0.3333333333333333
12204,0.17
12205,0.024047619047619047
12206,0.1
12207,0.09666666666666666
12208,0.19
12209,0.2733333333333333
12210,0.0033333333333333335
12211,0.07
12212,0.21166666666666667
12213,0.0
12214,0.006666666666666667
12215,0.13611111111111113
12216,0.07
12217,0.06
12218,0.09666666666666666
12219,1.0
12220,0.08666666666666667
12221,0.49666666666666665
12222,0.13666666666666666
12223,0.9471538461538462
12224,0.03
12225,0.99
12226,0.23333333333333334
12227,0.08555555555555557
12228,0.08
12229,0.02666666666666667
12230,0.04
12231,0.17333333333333334
12232,0.30666666666666664
12233,0.17
12234,0.38333333333333336
12235,0.4328205128205128
12236,0.30333333333333334
12237,0.36333333333333334
12238,0.99
12239,0.07666666666666666
12240,0.03
12241,0.06166666666666667
12242,0.10666666666666667
12243,0.03333333333333333
12244,0.04445920745920746
12245,0.02666666666666667
12246,0.17666666666666667
12247,0.09
12248,0.36333333333333334
12249,0.09666666666666666
12250,1.0
12251,0.42333333333333334
12252,0.9933333333333333
12253,0.9966666666666667
12254,0.9966666666666667
12255,0.043333333333333335
12256,0.5533333333333333
12257,0.3888888888888889
12258,1.0
12259,0.48333333333333334
12260,0.09666666666666666
12261,0.89
12262,1.0
12263,0.0
12264,1.0
12265,1.0
12266,0.03333333333333333
12267,0.49333333333333335
12268,0.08666666666666667
12269,0.9314080549080548
12270,0.19333333333333333
12271,0.5683333333333334
12272,0.9088888888888887
12273,0.10333333333333333
12274,0.03333333333333333
12275,0.7077777777777778
12276,0.0033333333333333335
12277,0.18333333333333332
12278,0.06
12279,0.9833333333333333
12280,0.7766666666666666
12281,0.4666666666666667
12282,0.019444444444444445
12283,0.12333333333333334
12284,0.006666666666666667
12285,0.9833333333333333
12286,0.9340314315314316
12287,0.1428611111111111
12288,0.07333333333333333
12289,1.0
12290,0.043333333333333335
12291,0.14029545454545456
12292,0.9533333333333334
12293,0.07333333333333333
12294,0.056666666666666664
12295,0.08916666666666667
12296,0.03
12297,0.19
12298,0.023333333333333334
12299,0.15666666666666668
12300,0.3433333333333333
12301,0.07666666666666666
12302,0.0033333333333333335
12303,0.6533333333333333
12304,0.32
12305,0.02
12306,0.05
12307,0.23
12308,0.19333333333333333
12309,0.16333333333333333
12310,0.24
12311,0.18666666666666668
12312,0.02930555555555556
12313,0.3307847522847523
12314,0.0033333333333333335
12315,0.06
12316,0.6
12317,1.0
12318,0.21333333333333335
12319,0.16333333333333333
12320,0.9427094017094017
12321,0.4483333333333333
12322,0.14733333333333334
12323,0.4033333333333333
12324,0.09666666666666666
12325,0.850369658119658
12326,0.22502415458937197
12327,0.9833333333333333
12328,0.5244444444444445
12329,0.023333333333333334
12330,0.9976666666666667
12331,0.33
12332,0.16
12333,0.27
12334,0.21614906988436397
12335,0.187
12336,0.03333333333333333
12337,0.8222227032227033
12338,0.24
12339,0.16333333333333333
12340,0.23666666666666666
12341,0.0675
12342,0.3933333333333333
12343,0.13
12344,0.08333333333333333
12345,0.38887432327510063
12346,0.9966666666666667
12347,0.27393095447225885
12348,0.09666666666666666
12349,0.4039619883040936
12350,0.12666666666666668
12351,1.0
12352,0.15
12353,0.19
12354,0.9456400192400192
12355,0.6933333333333334
12356,0.062222222222222213
12357,1.0
12358,0.023333333333333334
12359,0.04666666666666667
12360,0.03333333333333333
12361,0.05
12362,0.4025
12363,0.18
12364,0.03184731934731935
12365,0.43227457948353465
12366,0.10222222222222221
12367,0.11
12368,0.5966666666666667
12369,0.023333333333333334
12370,1.0
12371,0.21252525252525253
12372,0.1
12373,0.07666666666666666
12374,0.19666666666666666
12375,0.21666666666666667
12376,0.06
12377,1.0
12378,0.14
12379,0.16666666666666666
12380,0.22
12381,0.21
12382,0.36666666666666664
12383,0.17333333333333334
12384,0.19666666666666666
12385,0.26
12386,0.07333333333333333
12387,0.11
12388,0.3744444444444444
12389,0.35444444444444445
12390,0.19
12391,0.20333333333333334
12392,0.20666666666666667
12393,0.9633333333333334
12394,0.9833333333333333
12395,0.06777777777777777
12396,0.31
12397,0.15666666666666668
12398,0.36333333333333334
12399,0.03833333333333333
12400,0.05
12401,0.13333333333333333
12402,0.043333333333333335
12403,0.03666666666666667
12404,0.016666666666666666
12405,0.03333333333333333
12406,0.21666666666666667
12407,0.11666666666666667
12408,0.14
12409,0.0979114355143767
12410,0.1
12411,0.03333333333333333
12412,0.016666666666666666
12413,0.9966666666666667
12414,0.17666666666666667
12415,0.11333333333333333
12416,0.9966666666666667
12417,0.06472222222222221
12418,0.03
12419,0.15
12420,1.0
12421,0.7717433862433862
12422,0.0033333333333333335
12423,0.023333333333333334
12424,0.9933333333333333
12425,0.9875757575757576
12426,0.07333333333333333
12427,0.03
12428,0.1347777777777778
12429,0.36666666666666664
12430,0.20666666666666667
12431,0.023333333333333334
12432,0.17
12433,0.08666666666666667
12434,0.6896666666666667
12435,0.09
12436,0.04666666666666667
12437,0.24833333333333332
12438,0.02
12439,0.04
12440,0.6866666666666666
12441,0.013333333333333334
12442,0.36333333333333334
12443,0.2966666666666667
12444,0.15666666666666668
12445,0.16
12446,0.03916666666666667
12447,0.43666666666666665
12448,0.25
12449,0.17388888888888887
12450,0.9866666666666667
12451,0.03333333333333333
12452,0.33644444444444443
12453,0.1
12454,0.06333333333333334
12455,0.08333333333333333
12456,0.45
12457,0.006666666666666667
12458,0.02666666666666667
12459,0.013333333333333334
12460,0.15
12461,0.22333333333333333
12462,0.7711093073593073
12463,0.41333333333333333
12464,0.09
12465,0.16555555555555554
12466,0.5933333333333334
12467,0.02666666666666667
12468,1.0
12469,0.058333333333333334
12470,0.06
12471,0.08666666666666667
12472,0.04
12473,0.9844444444444443
12474,0.06333333333333334
12475,0.15
12476,0.010952380952380951
12477,0.24666666666666667
12478,0.09666666666666666
12479,0.7566666666666667
12480,0.08080065359477123
12481,0.09333333333333334
12482,0.8606060606060606
12483,0.006666666666666667
12484,0.005
12485,0.21
12486,0.08
12487,0.66
12488,0.08333333333333333
12489,0.2833333333333333
12490,0.31666666666666665
12491,0.9866666666666667
12492,0.31333333333333335
12493,0.01
12494,0.9966666666666667
12495,0.27
12496,0.17
12497,0.6866666666666666
12498,0.23666666666666666
12499,0.25
12500,0.02666666666666667
12501,0.36
12502,0.9866666666666667
12503,0.04
12504,0.17
12505,0.02
12506,0.0033333333333333335
12507,0.33
12508,0.9594871794871793
12509,0.03
12510,0.3233333333333333
12511,0.10666666666666667
12512,0.9398245614035087
12513,0.9643333333333334
12514,0.29733333333333334
12515,0.9733333333333334
12516,0.715
12517,0.6458888888888888
12518,0.533486132297355
12519,0.25
12520,0.41802438180727647
12521,0.0
12522,0.03666666666666667
12523,0.31
12524,0.04666666666666667
12525,0.9633333333333334
12526,0.06
12527,0.32
12528,0.95
12529,0.18333333333333332
12530,0.023333333333333334
12531,0.11209523809523808
12532,0.12666666666666668
12533,1.0
12534,0.5843703703703704
12535,0.011666666666666667
12536,0.9966666666666667
12537,1.0
12538,0.10769230769230768
12539,0.9833333333333333
12540,0.03666666666666667
12541,0.06722222222222221
12542,0.075
12543,0.9833333333333333
12544,0.2966666666666667
12545,0.041666666666666664
12546,0.15
12547,0.16666666666666666
12548,0.0175
12549,0.9866666666666667
12550,0.18333333333333332
12551,0.48333333333333334
12552,0.008888888888888889
12553,0.11793650793650794
12554,0.13
12555,0.013333333333333334
12556,0.006666666666666667
12557,0.32
12558,0.9366666666666666
12559,0.15599867724867725
12560,0.04666666666666667
12561,0.20333333333333334
12562,0.016666666666666666
12563,0.9933333333333333
12564,0.3333333333333333
12565,0.03666666666666667
12566,0.013333333333333334
12567,0.21666666666666667
12568,0.37
12569,0.47
12570,0.2866666666666667
12571,0.06666666666666667
12572,0.2866666666666667
12573,0.43
12574,0.04
12575,0.9966666666666667
12576,0.03666666666666667
12577,0.033157407407407406
12578,0.30666666666666664
12579,0.0033333333333333335
12580,0.07666666666666666
12581,0.14
12582,0.32
12583,0.9421666666666666
12584,0.7333333333333333
12585,0.06333333333333334
12586,0.10666666666666667
12587,0.013333333333333334
12588,0.03333333333333333
12589,0.12
12590,0.36
12591,0.15
12592,0.8733333333333333
12593,0.9933333333333333
12594,0.16
12595,1.0
12596,0.07666666666666666
12597,0.35398892644822877
12598,0.9933333333333333
12599,0.06333333333333334
12600,0.22583333333333333
12601,0.8933333333333333
12602,0.6396666666666667
12603,0.564515873015873
12604,0.24
12605,0.26666666666666666
12606,0.03666666666666667
12607,0.023333333333333334
12608,0.056666666666666664
12609,0.028888888888888895
12610,1.0
12611,0.12333333333333334
12612,0.18925925925925924
12613,0.02666666666666667
12614,0.006666666666666667
12615,0.5166666666666667
12616,0.043333333333333335
12617,0.3466666666666667
12618,0.20333333333333334
12619,0.4666666666666667
12620,0.07333333333333333
12621,0.10666666666666667
12622,0.2833333333333333
12623,0.47333333333333333
12624,0.115
12625,0.17666666666666667
12626,0.23666666666666666
12627,0.9966666666666667
12628,0.215
12629,0.14333333333333334
12630,0.4166666666666667
12631,0.48333333333333334
12632,0.11666666666666667
12633,0.9966666666666667
12634,0.33666666666666667
12635,0.10333333333333333
12636,0.16666666666666666
12637,0.22
12638,0.13014492753623189
12639,0.29
12640,0.23333333333333334
12641,0.48
12642,0.12666666666666668
12643,0.13444444444444442
12644,0.21333333333333335
12645,0.0033333333333333335
12646,0.24
12647,0.9933333333333333
12648,0.16845023733589626
12649,0.19333333333333333
12650,0.34
12651,0.043333333333333335
12652,0.2833333333333333
12653,0.12333333333333334
12654,0.17666666666666667
12655,0.08
12656,0.2733333333333333
12657,0.05333333333333334
12658,0.11666666666666667
12659,0.1
12660,0.19
12661,0.056666666666666664
12662,0.24333333333333335
12663,0.19666666666666666
12664,0.15333333333333332
12665,0.07666666666666666
12666,1.0
12667,0.57
12668,0.016666666666666666
12669,0.14666666666666667
12670,0.25666666666666665
12671,0.3
12672,0.013333333333333334
12673,0.05
12674,0.043333333333333335
12675,0.09
12676,0.26
12677,0.15333333333333332
12678,1.0
12679,0.55
12680,0.0175
12681,0.10333333333333333
12682,0.10666666666666667
12683,0.9753333333333334
12684,0.43333333333333335
12685,1.0
12686,0.03333333333333333
12687,0.1
12688,0.1
12689,0.023333333333333334
12690,0.28
12691,0.016666666666666666
12692,0.78
12693,0.0
12694,0.9833333333333333
12695,0.25333333333333335
12696,0.44333333333333336
12697,0.07333333333333333
12698,0.08277777777777777
12699,0.01
12700,0.19
12701,1.0
12702,0.3466666666666667
12703,0.022
12704,0.02666666666666667
12705,0.13
12706,0.17333333333333334
12707,0.9833333333333333
12708,0.9966666666666667
12709,1.0
12710,0.9966666666666667
12711,0.9966666666666667
12712,0.06111111111111111
12713,0.4666666666666667
12714,0.10833333333333334
12715,0.3644444444444444
12716,0.45
12717,0.8166666666666667
12718,0.08611111111111111
12719,0.03333333333333333
12720,0.35
12721,1.0
12722,0.10666666666666667
12723,0.25
12724,0.0033333333333333335
12725,0.7288888888888889
12726,0.056666666666666664
12727,0.026060606060606062
12728,0.016666666666666666
12729,0.07666666666666666
12730,0.18666666666666668
12731,1.0
12732,0.22
12733,0.09827777777777777
12734,0.02
12735,0.2683333333333333
12736,0.06277777777777778
12737,0.29
12738,0.06111111111111111
12739,0.06502301338508235
12740,0.25333333333333335
12741,0.4266666666666667
12742,0.9833333333333333
12743,0.023333333333333334
12744,0.9966666666666667
12745,0.38
12746,0.9966666666666667
12747,0.016666666666666666
12748,0.27
12749,0.335
12750,0.21333333333333335
12751,0.9933333333333333
12752,0.043333333333333335
12753,0.13333333333333333
12754,0.008333333333333333
12755,0.7966666666666666
12756,1.0
12757,0.04
12758,0.47333333333333333
12759,0.005
12760,0.06333333333333334
12761,0.99
12762,0.05333333333333334
12763,0.06333333333333334
12764,0.01
12765,0.004166666666666667
12766,0.08666666666666667
12767,0.27
12768,0.0033333333333333335
12769,0.06
12770,0.9833333333333333
12771,0.4533333333333333
12772,0.016666666666666666
12773,0.12333333333333334
12774,0.11
12775,0.9966666666666667
12776,0.11666666666666667
12777,0.06
12778,0.07
12779,0.9233333333333333
12780,0.02666666666666667
12781,0.01
12782,0.3516666666666667
12783,0.9334313725490195
12784,0.11333333333333333
12785,0.15666666666666668
12786,0.03333333333333333
12787,0.66
12788,0.17
12789,0.7033333333333334
12790,0.04
12791,0.24333333333333335
12792,0.04666666666666667
12793,0.06867521367521368
12794,0.17333333333333334
12795,0.10333333333333333
12796,0.15666666666666668
12797,0.0033333333333333335
12798,0.45666666666666667
12799,0.01
12800,0.4266666666666667
12801,0.02
12802,0.04
12803,0.09
12804,0.6633333333333333
12805,1.0
12806,0.16333333333333333
12807,0.6755595238095238
12808,0.9866666666666667
12809,0.9633333333333334
12810,0.013333333333333334
12811,0.06666666666666667
12812,0.053425925925925925
12813,0.1
12814,0.5611111111111111
12815,0.12134920634920635
12816,1.0
12817,0.17666666666666667
12818,0.47
12819,0.03666666666666667
12820,0.09333333333333334
12821,0.44
12822,0.16722222222222224
12823,0.39666666666666667
12824,0.10666666666666667
12825,1.0
12826,0.07666666666666666
12827,0.29444444444444445
12828,0.11
12829,0.02666666666666667
12830,0.1261111111111111
12831,0.01
12832,0.3964102564102564
12833,0.25666666666666665
12834,0.28
12835,0.13333333333333333
12836,1.0
12837,1.0
12838,0.11
12839,0.45
12840,0.10333333333333333
12841,0.06666666666666667
12842,0.17333333333333334
12843,0.8713863636363635
12844,0.07333333333333333
12845,0.22
12846,0.9911111111111113
12847,0.06333333333333334
12848,0.31583333333333335
12849,0.17666666666666667
12850,0.38333333333333336
12851,0.02
12852,0.01
12853,0.49666666666666665
12854,0.21
12855,0.61
12856,0.0033333333333333335
12857,0.0033333333333333335
12858,0.15666666666666668
12859,0.023333333333333334
12860,0.18
12861,0.99
12862,0.2177863247863248
12863,0.63
12864,0.01
12865,0.16
12866,0.9393760683760684
12867,0.20833333333333334
12868,0.06
12869,0.07
12870,0.11333333333333333
12871,0.04
12872,0.12666666666666668
12873,0.09666666666666666
12874,0.31
12875,0.17555555555555555
12876,0.033777777777777775
12877,0.04
12878,1.0
12879,0.9844444444444443
12880,0.9822222222222221
12881,0.36
12882,0.20666666666666667
12883,0.18666666666666668
12884,0.7608207612800635
12885,0.4066666666666667
12886,0.9533333333333334
12887,0.07666666666666666
12888,0.0
12889,0.23333333333333334
12890,1.0
12891,0.19333333333333333
12892,0.21333333333333335
12893,0.006666666666666667
12894,0.03333333333333333
12895,0.056666666666666664
12896,0.21333333333333335
12897,1.0
12898,0.16333333333333333
12899,0.013333333333333334
12900,0.13333333333333333
12901,0.6666666666666666
12902,0.4026190476190476
12903,0.495
12904,0.07333333333333333
12905,0.03333333333333333
12906,0.006666666666666667
12907,0.023333333333333334
12908,0.9633333333333334
12909,0.03
12910,0.31
12911,0.02666666666666667
12912,0.10666666666666667
12913,0.38333333333333336
12914,0.31666666666666665
12915,0.01
12916,0.03133333333333333
12917,0.25
12918,0.9844444444444443
12919,0.09333333333333334
12920,0.09
12921,0.1488888888888889
12922,0.9966666666666667
12923,0.05158536585365854
12924,0.59
12925,0.14222222222222222
12926,0.21333333333333335
12927,0.39
12928,0.08333333333333333
12929,0.31666666666666665
12930,0.9966666666666667
12931,0.2675634920634921
12932,0.05333333333333334
12933,0.03904761904761905
12934,0.23333333333333334
12935,0.27666666666666667
12936,0.12666666666666668
12937,0.13666666666666666
12938,0.555
12939,0.2061111111111111
12940,0.92
12941,1.0
12942,0.08323076923076923
12943,0.03333333333333333
12944,0.15333333333333332
12945,0.027454545454545454
12946,0.013333333333333334
12947,1.0
12948,0.42
12949,0.9933333333333333
12950,0.03
12951,0.469
12952,1.0
12953,1.0
12954,0.05333333333333334
12955,0.17
12956,0.9743333333333334
12957,0.13666666666666666
12958,0.3541666666666667
12959,0.31666666666666665
12960,0.013333333333333334
12961,0.3422222222222222
12962,0.24666666666666667
12963,0.9966666666666667
12964,0.3466666666666667
12965,0.16666666666666666
12966,0.043333333333333335
12967,0.023333333333333334
12968,0.05333333333333334
12969,0.02
12970,0.20884920634920634
12971,0.7566666666666667
12972,0.9876666666666667
12973,0.13
12974,0.04666666666666667
12975,0.043333333333333335
12976,0.21777777777777782
12977,0.45888888888888896
12978,0.7233333333333334
12979,0.004615384615384615
12980,0.36
12981,0.7575505807925714
12982,0.04666666666666667
12983,0.02
12984,0.023333333333333334
12985,0.17633333333333334
12986,0.15833333333333333
12987,0.056666666666666664
12988,1.0
12989,0.9431666666666666
12990,0.12666666666666668
12991,0.5922549019607843
12992,0.5216666666666666
12993,0.01
12994,0.82
12995,0.006666666666666667
12996,0.013333333333333334
12997,1.0
12998,0.36
12999,0.04666666666666667
13000,0.2683333333333333
13001,0.03222222222222222
13002,0.24333333333333335
13003,0.013333333333333334
13004,0.08
13005,0.14333333333333334
13006,0.01
13007,0.16166666666666665
13008,0.9933333333333333
13009,0.9966666666666667
13010,0.023333333333333334
13011,0.15
13012,0.9191504791504792
13013,0.44333333333333336
13014,1.0
13015,0.054444444444444455
13016,0.016666666666666666
13017,0.02
13018,0.13666666666666666
13019,0.0
13020,0.1975
13021,0.07
13022,0.04
13023,0.07666666666666666
13024,0.30666666666666664
13025,0.05
13026,0.13632996632996633
13027,0.4766666666666667
13028,1.0
13029,0.14
13030,0.02
13031,0.18
13032,0.06333333333333334
13033,1.0
13034,0.3466666666666667
13035,0.3466666666666667
13036,0.39738888888888885
13037,0.26777777777777784
13038,0.27
13039,0.02
13040,0.15333333333333332
13041,0.3
13042,0.3233333333333333
13043,0.17
13044,0.018666666666666665
13045,0.4066666666666667
13046,0.12111111111111111
13047,0.17555555555555558
13048,0.07833333333333334
13049,0.05
13050,0.24
13051,0.42
13052,0.14
13053,0.21
13054,0.058333333333333334
13055,0.16
13056,0.034444444444444444
13057,0.9566666666666667
13058,1.0
13059,0.09785962185962187
13060,0.21666666666666667
13061,0.6366666666666667
13062,0.07666666666666666
13063,0.9566666666666667
13064,0.4766666666666667
13065,0.35
13066,0.9743333333333334
13067,0.9933333333333333
13068,0.9833333333333333
13069,0.024444444444444442
13070,0.15333333333333332
13071,0.03666666666666667
13072,0.12666666666666668
13073,0.023333333333333334
13074,0.5366666666666666
13075,0.11
13076,0.25333333333333335
13077,0.9933333333333333
13078,0.54
13079,0.0
13080,0.05
13081,0.09
13082,0.29
13083,0.05333333333333334
13084,0.006666666666666667
13085,0.08333333333333333
13086,0.0788888888888889
13087,0.99
13088,0.12
13089,0.32666666666666666
13090,0.7966666666666666
13091,0.99
13092,0.03133333333333333
13093,1.0
13094,0.056666666666666664
13095,1.0
13096,0.10333333333333333
13097,0.09
13098,0.07833333333333334
13099,0.01
13100,0.18
13101,0.37
13102,0.09333333333333334
13103,0.013333333333333334
13104,0.8433333333333334
13105,1.0
13106,0.7533333333333333
13107,0.18333333333333332
13108,0.21666666666666667
13109,0.12666666666666668
13110,0.013333333333333334
13111,0.51
13112,0.5366666666666666
13113,0.2866666666666667
13114,0.7999266525273948
13115,0.36111111111111116
13116,0.06333333333333334
13117,0.15474526270456504
13118,0.04566666666666666
13119,0.38887432327510063
13120,0.43666666666666665
13121,0.05333333333333334
13122,1.0
13123,0.06666666666666667
13124,0.39666666666666667
13125,0.9333333333333333
13126,0.3466666666666667
13127,0.34
13128,0.48541793114006754
13129,0.895
13130,0.07393939393939393
13131,0.32163293601616083
13132,0.48444444444444446
13133,0.2479444444444444
13134,0.3755555555555556
13135,0.98
13136,0.24666666666666667
13137,0.06
13138,0.285
13139,0.37
13140,0.31
13141,0.9966666666666667
13142,0.4066666666666667
13143,0.48333333333333334
13144,0.22666666666666666
13145,0.028333333333333332
13146,0.6033333333333334
13147,0.0033333333333333335
13148,0.5166666666666667
13149,0.07333333333333333
13150,0.11333333333333333
13151,0.6933333333333334
13152,0.0033333333333333335
13153,0.01111111111111111
13154,0.28
13155,0.16333333333333333
13156,0.36333333333333334
13157,0.019333333333333334
13158,0.9866666666666667
13159,0.11
13160,0.5361111111111111
13161,0.2
13162,0.03666666666666667
13163,0.04666666666666667
13164,0.17097222222222225
13165,0.11
13166,0.29
13167,0.019393939393939394
13168,0.17666666666666667
13169,0.056777777777777774
13170,1.0
13171,0.08666666666666667
13172,0.47333333333333333
13173,0.043333333333333335
13174,0.2
13175,0.24
13176,0.11
13177,0.5266666666666666
13178,0.3731572039072039
13179,0.44666666666666666
13180,0.01
13181,0.15333333333333332
13182,0.3383333333333333
13183,0.3227777777777778
13184,0.07987179487179487
13185,0.22
13186,0.05333333333333334
13187,0.03333333333333333
13188,0.023333333333333334
13189,0.4866666666666667
13190,0.7266666666666667
13191,0.01
13192,0.06333333333333334
13193,0.4
13194,0.25
13195,0.30333333333333334
13196,0.2733333333333333
13197,0.8580593408306801
13198,0.15666666666666668
13199,0.23
13200,0.44
13201,0.05333333333333334
13202,0.39
13203,0.31666666666666665
13204,0.47
13205,0.016666666666666666
13206,0.4633333333333333
13207,0.99
13208,0.06666666666666667
13209,1.0
13210,0.04666666666666667
13211,0.15333333333333332
13212,0.14333333333333334
13213,0.31333333333333335
13214,0.006025641025641026
13215,0.16
13216,0.2966666666666667
13217,0.01884057971014493
13218,0.9933333333333333
13219,0.9966666666666667
13220,0.16
13221,0.056666666666666664
13222,0.3
13223,0.21666666666666667
13224,0.1
13225,0.20333333333333334
13226,0.075
13227,0.16666666666666666
13228,0.08666666666666667
13229,0.7291354931300583
13230,1.0
13231,0.02666666666666667
13232,0.09666666666666666
13233,0.06666666666666667
13234,0.18416572959490926
13235,0.0
13236,0.2025
13237,0.9966666666666667
13238,0.20666666666666667
13239,0.2866666666666667
13240,0.029743589743589746
13241,0.99
13242,0.25
13243,0.98
13244,1.0
13245,0.35555555555555557
13246,0.20333333333333334
13247,0.16666666666666666
13248,0.08333333333333333
13249,0.13666666666666666
13250,0.3731572039072039
13251,0.07222222222222223
13252,0.7951481481481482
13253,0.44666666666666666
13254,0.06333333333333334
13255,0.9933333333333333
13256,0.17388888888888887
13257,0.41
13258,0.03333333333333333
13259,0.7128678678678678
13260,0.36
13261,0.21
13262,0.21666666666666667
13263,0.06666666666666667
13264,0.11666666666666667
13265,0.5833333333333334
13266,0.19333333333333333
13267,0.16333333333333333
13268,0.12666666666666668
13269,0.04666666666666667
13270,0.31333333333333335
13271,1.0
13272,0.20333333333333334
13273,0.056666666666666664
13274,0.23474603174603176
13275,0.5933333333333334
13276,0.11333333333333333
13277,0.30666666666666664
13278,0.016666666666666666
13279,0.07083333333333333
13280,0.03
13281,1.0
13282,0.013111111111111112
13283,0.023333333333333334
13284,0.1548809523809524
13285,0.07222222222222223
13286,0.056666666666666664
13287,0.08333333333333333
13288,0.38333333333333336
13289,0.008333333333333333
13290,0.275
13291,1.0
13292,0.048666666666666664
13293,0.03666666666666667
13294,0.9966666666666667
13295,0.05
13296,0.9966666666666667
13297,0.17666666666666667
13298,1.0
13299,0.3933333333333333
13300,0.3
13301,0.9333333333333333
13302,0.03666666666666667
13303,1.0
13304,0.22
13305,0.12666666666666668
13306,0.6514859954859952
13307,0.033157407407407406
13308,0.03
13309,0.02
13310,0.016666666666666666
13311,0.43333333333333335
13312,0.03666666666666667
13313,0.04
13314,0.16666666666666666
13315,1.0
13316,0.5666666666666667
13317,0.95
13318,0.10666666666666667
13319,0.07
13320,0.09333333333333334
13321,0.9533333333333334
13322,0.5433333333333333
13323,0.21666666666666667
13324,0.043333333333333335
13325,0.11333333333333333
13326,0.016666666666666666
13327,0.12
13328,0.9594871794871793
13329,1.0
13330,0.016666666666666666
13331,1.0
13332,0.06333333333333334
13333,0.10583333333333333
13334,0.06666666666666667
13335,0.9966666666666667
13336,0.016666666666666666
13337,0.17666666666666667
13338,0.33666666666666667
13339,0.15333333333333332
13340,0.06
13341,0.043333333333333335
13342,0.01
13343,0.0033333333333333335
13344,0.03333333333333333
13345,0.12666666666666668
13346,0.18
13347,0.3933333333333333
13348,0.0033333333333333335
13349,0.1288888888888889
13350,0.46
13351,0.46
13352,0.03666666666666667
13353,0.44666666666666666
13354,0.07
13355,1.0
13356,0.23666666666666666
13357,0.5865912698412697
13358,0.98
13359,0.28111111111111114
13360,0.11283333333333334
13361,0.13666666666666666
13362,0.09666666666666666
13363,0.23333333333333334
13364,0.05
13365,0.5566666666666666
13366,0.32666666666666666
13367,0.056666666666666664
13368,0.01577777777777778
13369,0.043333333333333335
13370,0.25666666666666665
13371,0.39666666666666667
13372,0.16305555555555554
13373,0.75
13374,0.14666666666666667
13375,0.3233333333333333
13376,0.06
13377,0.165
13378,0.15333333333333332
13379,0.03333333333333333
13380,0.38333333333333336
13381,0.19333333333333333
13382,0.15
13383,0.1069814814814815
13384,0.24
13385,0.016666666666666666
13386,0.017777777777777778
13387,0.9372962962962962
13388,0.09666666666666666
13389,0.0027272727272727275
13390,0.11666666666666667
13391,0.18666666666666668
13392,0.06
13393,0.11
13394,0.12666666666666668
13395,0.20166666666666666
13396,0.08333333333333333
13397,0.9966666666666667
13398,0.07
13399,0.12333333333333334
13400,0.05333333333333334
13401,0.06666666666666667
13402,0.016666666666666666
13403,0.02
13404,0.09
13405,0.19544444444444445
13406,0.12333333333333334
13407,0.18333333333333332
13408,0.2966666666666667
13409,0.5361756306024599
13410,0.16
13411,0.2475
13412,1.0
13413,0.043333333333333335
13414,0.3233333333333333
13415,1.0
13416,0.25
13417,0.03666666666666667
13418,0.16666666666666666
13419,0.01
13420,0.16
13421,0.043333333333333335
13422,0.41
13423,0.11333333333333333
13424,0.08333333333333333
13425,0.48
13426,0.22333333333333333
13427,0.3
13428,0.9866666666666667
13429,0.04
13430,0.9366666666666666
13431,0.13333333333333333
13432,0.08
13433,0.42
13434,0.352
13435,0.02666666666666667
13436,0.12791666666666668
13437,0.06
13438,1.0
13439,0.4666666666666667
13440,0.27
13441,0.9966666666666667
13442,0.06333333333333334
13443,0.27666666666666667
13444,0.2733333333333333
13445,0.24026984126984127
13446,0.9966666666666667
13447,0.38333333333333336
13448,0.38
13449,0.0033333333333333335
13450,0.006666666666666667
13451,0.903030303030303
13452,0.043333333333333335
13453,0.5766666666666667
13454,0.02
13455,0.44
13456,1.0
13457,0.43666666666666665
13458,0.981
13459,0.24333333333333335
13460,0.03380952380952381
13461,0.22666666666666666
13462,0.99
13463,0.20666666666666667
13464,0.05
13465,0.12573809523809523
13466,0.02666666666666667
13467,0.018333333333333333
13468,0.7088504273504274
13469,0.10333333333333333
13470,0.12666666666666668
13471,0.16
13472,0.07333333333333333
13473,0.04
13474,0.38666666666666666
13475,0.2527777777777778
13476,0.14333333333333334
13477,0.16666666666666666
13478,0.02
13479,0.9034949494949494
13480,0.075
13481,0.023333333333333334
13482,0.2633333333333333
13483,0.8672034067768503
13484,0.29333333333333333
13485,0.17333333333333334
13486,0.1
13487,0.12666666666666668
13488,0.3258333333333333
13489,0.11
13490,0.17443350019530687
13491,0.14246825396825397
13492,0.4033333333333333
13493,0.9966666666666667
13494,0.22
13495,0.10666666666666667
13496,0.33666666666666667
13497,0.19333333333333333
13498,0.10666666666666667
13499,0.03333333333333333
13500,0.03333333333333333
13501,0.03666666666666667
13502,0.05333333333333334
13503,0.1
13504,0.9945833333333334
13505,0.01
13506,0.9933333333333333
13507,0.03449735449735449
13508,0.9966666666666667
13509,0.03333333333333333
13510,0.42185185185185187
13511,0.006666666666666667
13512,0.14
13513,0.05
13514,0.6708129420263568
13515,0.23
13516,0.9966666666666667
13517,0.02666666666666667
13518,0.2733333333333333
13519,0.43666666666666665
13520,0.15
13521,0.031111111111111107
13522,0.5666666666666667
13523,0.14888888888888888
13524,0.17
13525,0.9966666666666667
13526,0.19
13527,0.3233333333333333
13528,0.9966666666666667
13529,0.06
13530,0.0033333333333333335
13531,0.09333333333333334
13532,0.12600641025641027
13533,0.49333333333333335
13534,0.24
13535,0.6766666666666666
13536,0.2761111111111111
13537,0.12666666666666668
13538,0.35
13539,0.11
13540,0.31333333333333335
13541,0.05
13542,0.13
13543,0.9966666666666667
13544,0.06
13545,0.06
13546,0.37333333333333335
13547,0.0033333333333333335
13548,1.0
13549,0.13
13550,0.37
13551,0.09666666666666666
13552,0.012222222222222221
13553,0.09666666666666666
13554,0.9966666666666667
13555,0.03
13556,0.11666666666666667
13557,0.13333333333333333
13558,0.20666666666666667
13559,0.7433333333333333
13560,0.1588888888888889
13561,0.23
13562,0.4866666666666667
13563,0.12666666666666668
13564,0.016666666666666666
13565,0.21333333333333335
13566,0.12333333333333334
13567,0.15666666666666668
13568,0.9933333333333333
13569,0.34
13570,0.23
13571,0.10333333333333333
13572,0.16376811594202897
13573,0.3566666666666667
13574,0.15474526270456504
13575,0.9566666666666667
13576,0.034166666666666665
13577,0.07
13578,1.0
13579,0.07333333333333333
13580,0.06685714285714285
13581,0.9966666666666667
13582,0.32163293601616083
13583,0.9866666666666667
13584,0.44
13585,0.023333333333333334
13586,0.32703703703703707
13587,0.3509878726937551
13588,0.9933333333333333
13589,0.34
13590,0.15333333333333332
13591,0.98
13592,0.29
13593,0.15333333333333332
13594,0.05
13595,0.13425925925925927
13596,0.02666666666666667
13597,0.01
13598,0.10333333333333333
13599,0.1461111111111111
13600,0.31333333333333335
13601,0.9366666666666666
13602,0.09
13603,0.2285771485771486
13604,0.4836446886446887
13605,0.84
13606,0.5333333333333333
13607,0.41333333333333333
13608,0.6064030740501326
13609,0.0033333333333333335
13610,0.4166666666666667
13611,0.02666666666666667
13612,0.17333333333333334
13613,0.32
13614,0.4666666666666667
13615,0.5433333333333333
13616,0.04
13617,1.0
13618,0.09333333333333334
13619,0.47
13620,0.22666666666666666
13621,0.9933333333333333
13622,0.5633333333333334
13623,0.15666666666666668
13624,0.18
13625,0.06333333333333334
13626,0.6933333333333334
13627,0.14
13628,0.9334313725490195
13629,0.08027777777777777
13630,1.0
13631,0.18666666666666668
13632,0.028181818181818176
13633,0.5433333333333333
13634,0.04
13635,0.6366666666666667
13636,1.0
13637,0.25333333333333335
13638,0.006666666666666667
13639,0.17333333333333334
13640,0.28
13641,0.10666666666666667
13642,0.18333333333333332
13643,0.1
13644,0.03666666666666667
13645,0.36333333333333334
13646,0.023333333333333334
13647,0.3933333333333333
13648,0.03988304093567252
13649,0.02
13650,0.21333333333333335
13651,0.10333333333333333
13652,0.9966666666666667
13653,0.04666666666666667
13654,0.02
13655,0.9966666666666667
13656,0.2633333333333333
13657,0.7166666666666667
13658,0.14
13659,0.02666666666666667
13660,0.06666666666666667
13661,0.03666666666666667
13662,0.03333333333333333
13663,0.5184086808000276
13664,0.07238095238095238
13665,0.15
13666,0.02666666666666667
13667,0.018333333333333333
13668,0.6066666666666667
13669,0.16252747252747254
13670,0.06
13671,0.292
13672,0.03333333333333333
13673,0.2866666666666667
13674,0.17490053793176374
13675,0.02666666666666667
13676,0.28
13677,0.4533333333333333
13678,0.7966666666666666
13679,0.09
13680,0.21
13681,0.8461076603135428
13682,0.5866666666666667
13683,1.0
13684,0.05
13685,0.11
13686,0.09
13687,0.1
13688,0.09333333333333334
13689,0.14333333333333334
13690,0.016666666666666666
13691,0.01
13692,0.02666666666666667
13693,0.29333333333333333
13694,0.9966666666666667
13695,0.007777777777777778
13696,0.13333333333333333
13697,0.1875
13698,0.006666666666666667
13699,0.01
13700,0.03
13701,0.31
13702,0.39666666666666667
13703,0.9933333333333333
13704,0.7866666666666666
13705,0.11916666666666667
13706,0.02
13707,0.30333333333333334
13708,0.43666666666666665
13709,0.004222222222222222
13710,0.013333333333333334
13711,0.9166666666666666
13712,0.9028166232010045
13713,0.016666666666666666
13714,0.0033333333333333335
13715,0.5333333333333333
13716,0.99
13717,0.05333333333333334
13718,0.27666666666666667
13719,0.4666666666666667
13720,0.188
13721,0.02
13722,0.22666666666666666
13723,0.025333333333333333
13724,0.06916666666666667
13725,0.01
13726,0.009333333333333332
13727,0.06
13728,0.98
13729,0.9191504791504792
13730,0.08666666666666667
13731,0.3566666666666667
13732,0.04
13733,0.1
13734,0.5133333333333333
13735,0.13952380952380955
13736,0.11666666666666667
13737,0.907799043062201
13738,0.09
13739,0.0548888888888889
13740,0.9966666666666667
13741,0.37744444444444447
13742,0.99
13743,0.06
13744,0.056666666666666664
13745,0.16333333333333333
13746,0.33111111111111113
13747,0.12
13748,0.20777777777777778
13749,0.14333333333333334
13750,0.24666666666666667
13751,0.02666666666666667
13752,0.07666666666666666
13753,0.48541793114006754
13754,0.5066666666666667
13755,0.37
13756,0.03
13757,0.3233333333333333
13758,0.09
13759,0.03
13760,0.9966666666666667
13761,0.5054501631944498
13762,0.18666666666666668
13763,0.033157407407407406
13764,0.5533333333333333
13765,0.21
13766,0.22
13767,0.4033333333333333
13768,0.49
13769,0.14333333333333334
13770,0.13833333333333334
13771,1.0
13772,1.0
13773,0.9966666666666667
13774,0.006666666666666667
13775,0.3
13776,0.16666666666666666
13777,0.7537415697048049
13778,1.0
13779,0.20666666666666667
13780,0.20666666666666667
13781,0.19333333333333333
13782,0.74
13783,0.023333333333333334
13784,0.11
13785,0.48
13786,0.9966666666666667
13787,0.013333333333333334
13788,0.10238095238095238
13789,0.10333333333333333
13790,0.32666666666666666
13791,0.013333333333333334
13792,0.25333333333333335
13793,0.07333333333333333
13794,0.11666666666666667
13795,0.12333333333333334
13796,0.903030303030303
13797,1.0
13798,0.81
13799,0.25333333333333335
13800,0.31333333333333335
13801,0.34
13802,0.24
13803,0.21614906988436397
13804,0.25666666666666665
13805,0.01
13806,0.013333333333333334
13807,0.9102338416848222
13808,0.36333333333333334
13809,0.056666666666666664
13810,0.11833333333333333
13811,0.5766666666666667
13812,1.0
13813,0.006666666666666667
13814,0.98
13815,0.15
13816,0.39
13817,0.11333333333333333
13818,0.08
13819,0.04666666666666667
13820,0.33666666666666667
13821,0.9866666666666667
13822,0.2
13823,0.0
13824,0.41
13825,0.09666666666666666
13826,0.13
13827,0.04
13828,0.926720379838027
13829,0.19444444444444445
13830,0.07
13831,0.26666666666666666
13832,0.11666666666666667
13833,0.2866666666666667
13834,0.5
13835,0.02
13836,0.09666666666666666
13837,0.08894444444444445
13838,0.09666666666666666
13839,0.08
13840,0.3883333333333333
13841,0.5966666666666667
13842,0.12333333333333334
13843,0.58
13844,0.20666666666666667
13845,0.22
13846,0.19
13847,0.1
13848,0.5054501631944498
13849,0.15
13850,0.17
13851,0.9966666666666667
13852,0.07666666666666666
13853,0.006666666666666667
13854,1.0
13855,0.013333333333333334
13856,0.026348484848484847
13857,0.07333333333333333
13858,0.26888888888888884
13859,0.3466666666666667
13860,0.06666666666666667
13861,0.22666666666666666
13862,0.06666666666666667
13863,0.125
13864,0.10343434343434345
13865,0.02
13866,0.12444444444444443
13867,0.9933333333333333
13868,0.98
13869,0.9633333333333334
13870,0.21363636363636365
13871,0.3509878726937551
13872,0.1508449247113041
13873,0.05333333333333334
13874,0.9966666666666667
13875,0.09333333333333334
13876,0.99
13877,0.07666666666666666
13878,0.9966666666666667
13879,0.09
13880,0.5290383597883598
13881,0.44666666666666666
13882,0.34
13883,0.18666666666666668
13884,0.8266666666666667
13885,0.12666666666666668
13886,0.12
13887,0.05516666666666667
13888,0.9766666666666667
13889,0.08666666666666667
13890,0.31866666666666665
13891,0.3233333333333333
13892,0.2966666666666667
13893,0.9966666666666667
13894,0.06
13895,0.5933333333333334
13896,0.16
13897,0.6289869281045751
13898,0.07333333333333333
13899,0.06
13900,0.5455555555555556
13901,0.04583333333333333
13902,0.02
13903,0.006666666666666667
13904,0.3396666666666667
13905,0.533486132297355
13906,0.19
13907,0.11
13908,0.2
13909,0.2925031265031265
13910,0.13333333333333333
13911,0.9966666666666667
13912,0.08296296296296296
13913,0.18333333333333332
13914,0.016666666666666666
13915,0.33
13916,0.18666666666666668
13917,0.4
13918,0.9933333333333333
13919,0.2733333333333333
13920,0.05333333333333334
13921,0.08666666666666667
13922,0.04666666666666667
13923,0.36
13924,0.2916666666666667
13925,0.03
13926,0.19666666666666666
13927,0.5158333333333334
13928,0.0
13929,0.3333333333333333
13930,0.7575505807925714
13931,0.77
13932,0.2833333333333333
13933,0.016666666666666666
13934,0.16
13935,0.016666666666666666
13936,0.18833333333333332
13937,0.025964912280701757
13938,0.9966666666666667
13939,0.17333333333333334
13940,0.06
13941,0.41333333333333333
13942,0.017777777777777778
13943,0.013333333333333334
13944,0.3566666666666667
13945,0.0
13946,0.47
13947,0.013333333333333334
13948,0.22833333333333333
13949,0.01
13950,0.07666666666666666
13951,0.14
13952,0.76
13953,0.16
13954,0.07333333333333333
13955,0.058333333333333334
13956,0.2
13957,0.16666666666666666
13958,1.0
13959,0.8672034067768503
13960,0.53
13961,0.19333333333333333
13962,0.96
13963,0.3892137770083932
13964,0.02666666666666667
13965,0.06333333333333334
13966,0.9679166666666666
13967,0.085
13968,0.043333333333333335
13969,0.013333333333333334
13970,0.30333333333333334
13971,0.125
13972,0.12
13973,0.05
13974,0.48333333333333334
13975,0.76
13976,0.4033333333333333
13977,0.15
13978,0.10666666666666667
13979,0.5433333333333333
13980,0.04666666666666667
13981,0.016666666666666666
13982,0.07666666666666666
13983,0.555
13984,0.4725
13985,0.19666666666666666
13986,0.3233333333333333
13987,0.12666666666666668
13988,0.006666666666666667
13989,0.04
13990,0.10333333333333333
13991,0.0
13992,0.821336593961594
13993,1.0
13994,0.2
13995,0.22
13996,0.67
13997,0.0033333333333333335
13998,0.02
13999,0.0033333333333333335
14000,0.3094444444444444
14001,0.7766666666666666
14002,0.9766666666666667
14003,0.023333333333333334
14004,0.0033333333333333335
14005,0.18333333333333332
14006,0.18333333333333332
14007,0.033999999999999996
14008,0.0033333333333333335
14009,0.16333333333333333
14010,0.05
14011,0.056666666666666664
14012,0.20333333333333334
14013,0.26
14014,0.25666666666666665
14015,0.15333333333333332
14016,0.043333333333333335
14017,0.07
14018,0.03333333333333333
14019,0.17
14020,0.05333333333333334
14021,0.79
14022,0.9334313725490195
14023,0.09333333333333334
14024,0.47333333333333333
14025,0.12833333333333333
14026,0.23333333333333334
14027,0.3416666666666667
14028,0.5308333333333334
14029,0.07614285714285714
14030,0.2833333333333333
14031,0.25333333333333335
14032,0.47
14033,0.02666666666666667
14034,0.02
14035,0.219
14036,0.49333333333333335
14037,0.2515122655122655
14038,0.21
14039,0.21
14040,0.09333333333333334
14041,0.23
14042,0.057222222222222216
14043,0.10666666666666667
14044,0.5733333333333334
14045,0.7233333333333334
14046,0.5069052625884022
14047,0.03666666666666667
14048,0.16333333333333333
14049,0.010484593837535014
14050,0.16833333333333333
14051,0.02
14052,0.09333333333333334
14053,0.38
14054,0.9933333333333333
14055,0.9966666666666667
14056,0.18666666666666668
14057,0.17333333333333334
14058,0.16
14059,0.9933333333333333
14060,0.22333333333333333
14061,0.9505555555555554
14062,0.029722222222222226
14063,0.24333333333333335
14064,0.14333333333333334
14065,0.04
14066,0.09333333333333334
14067,0.21333333333333335
14068,0.008888888888888889
14069,0.13
14070,0.6
14071,0.13666666666666666
14072,0.48
14073,0.04666666666666667
14074,1.0
14075,0.07333333333333333
14076,0.06333333333333334
14077,0.09666666666666666
14078,0.13
14079,0.24666666666666667
14080,0.09333333333333334
14081,0.08666666666666667
14082,0.01
14083,0.03333333333333333
14084,0.26666666666666666
14085,0.14730095313183564
14086,0.9309080549080548
14087,0.15222222222222223
14088,0.41333333333333333
14089,0.39666666666666667
14090,0.09222222222222222
14091,0.03333333333333333
14092,0.07666666666666666
14093,1.0
14094,0.9366666666666666
14095,0.41
14096,0.3975
14097,0.18225895700160405
14098,0.023333333333333334
14099,0.6746666666666666
14100,0.0
14101,0.06631623931623933
14102,0.1575
14103,0.4166666666666667
14104,0.03333333333333333
14105,0.26666666666666666
14106,0.17333333333333334
14107,0.05333333333333334
14108,0.12333333333333334
14109,0.056666666666666664
14110,0.3933333333333333
14111,0.01
14112,0.043333333333333335
14113,0.1042848254364414
14114,0.27
14115,0.03666666666666667
14116,0.18333333333333332
14117,0.01
14118,0.07
14119,0.5744444444444444
14120,0.1
14121,0.32666666666666666
14122,0.023125
14123,0.043333333333333335
14124,0.2
14125,0.19666666666666666
14126,0.74
14127,0.07666666666666666
14128,0.38666666666666666
14129,0.16
14130,0.17
14131,0.04666666666666667
14132,0.016666666666666666
14133,0.98
14134,0.126
14135,0.3095
14136,0.013333333333333334
14137,0.016666666666666666
14138,0.9333333333333333
14139,0.9517094017094017
14140,0.9844444444444443
14141,0.02666666666666667
14142,0.16333333333333333
14143,0.9966666666666667
14144,0.2833333333333333
14145,0.2966666666666667
14146,1.0
14147,0.11
14148,0.015
14149,0.18
14150,1.0
14151,0.9933333333333333
14152,0.3433333333333333
14153,0.7933333333333333
14154,0.08
14155,0.15666666666666668
14156,0.32
14157,0.033777777777777775
14158,0.98
14159,0.09
14160,1.0
14161,0.15666666666666668
14162,0.16740694762753586
14163,0.016666666666666666
14164,0.23666666666666666
14165,0.09
14166,0.20666666666666667
14167,1.0
14168,0.006666666666666667
14169,0.09333333333333334
14170,0.13086868686868688
14171,0.9966666666666667
14172,0.25333333333333335
14173,0.8574031986531986
14174,0.24333333333333335
14175,0.1
14176,0.2315873015873016
14177,0.01
14178,0.8062892156862744
14179,0.2966666666666667
14180,0.07333333333333333
14181,0.05
14182,0.25333333333333335
14183,0.19916666666666666
14184,0.11666666666666667
14185,0.37
14186,0.18626984126984125
14187,0.21666666666666667
14188,0.9876666666666667
14189,0.07666666666666666
14190,0.07333333333333333
14191,0.9933333333333333
14192,0.30666666666666664
14193,0.16666666666666666
14194,0.14666666666666667
14195,0.7483333333333333
14196,0.27
14197,0.13
14198,0.03666666666666667
14199,0.16108277321806733
14200,0.12444444444444443
14201,0.04666666666666667
14202,0.02
14203,0.24
14204,1.0
14205,0.5717061804705184
14206,0.2833333333333333
14207,0.22666666666666666
14208,0.12666666666666668
14209,0.27
14210,0.10666666666666667
14211,0.043333333333333335
14212,0.22666666666666666
14213,0.9743333333333334
14214,1.0
14215,0.24
14216,0.04666666666666667
14217,0.016666666666666666
14218,0.02666666666666667
14219,0.38
14220,0.9966666666666667
14221,0.9966666666666667
14222,0.56
14223,0.36
14224,0.21666666666666667
14225,0.36666666666666664
14226,0.17333333333333334
14227,0.02857142857142857
14228,0.35333333333333333
14229,0.0628611111111111
14230,0.03333333333333333
14231,0.11333333333333333
14232,0.008
14233,0.10333333333333333
14234,0.20333333333333334
14235,0.47333333333333333
14236,0.02
14237,0.14666666666666667
14238,0.23
14239,1.0
14240,0.6933333333333334
14241,0.8606060606060606
14242,0.29
14243,0.7233333333333334
14244,0.125
14245,0.06666666666666667
14246,0.9966666666666667
14247,0.27191406178362704
14248,0.04083333333333333
14249,0.31
14250,0.15
14251,0.02666666666666667
14252,0.25
14253,0.525
14254,0.02
14255,0.07309523809523809
14256,0.14
14257,0.17333333333333334
14258,0.31666666666666665
14259,0.011666666666666667
14260,0.3555022338772339
14261,0.01
14262,0.9966666666666667
14263,0.13666666666666666
14264,1.0
14265,0.6
14266,0.16
14267,0.06666666666666667
14268,0.06
14269,0.03333333333333333
14270,0.0
14271,0.31
14272,0.14666666666666667
14273,0.012666666666666666
14274,0.16666666666666666
14275,0.7374074074074074
14276,0.4675
14277,0.6833333333333333
14278,0.17358695652173914
14279,0.06333333333333334
14280,0.08666666666666667
14281,0.013333333333333334
14282,0.2
14283,1.0
14284,0.38333333333333336
14285,0.3825
14286,0.09333333333333334
14287,0.41
14288,0.20833333333333334
14289,0.22333333333333333
14290,0.1211111111111111
14291,0.13666666666666666
14292,0.055
14293,0.10666666666666667
14294,0.04666666666666667
14295,0.11666666666666667
14296,0.16333333333333333
14297,0.17333333333333334
14298,0.4113455988455988
14299,1.0
14300,0.03
14301,0.17333333333333334
14302,0.15333333333333332
14303,0.13
14304,0.19
14305,0.043333333333333335
14306,0.06333333333333334
14307,0.9866666666666667
14308,0.35
14309,0.06
14310,0.08836507936507937
14311,0.030144927536231887
14312,0.01
14313,0.043333333333333335
14314,1.0
14315,0.2833333333333333
14316,0.13
14317,0.9533333333333334
14318,0.2174644984644985
14319,0.5173862199478902
14320,0.02666666666666667
14321,1.0
14322,0.23
14323,1.0
14324,0.31
14325,0.006666666666666667
14326,0.19333333333333333
14327,0.7717433862433862
14328,0.016666666666666666
14329,0.25333333333333335
14330,0.013333333333333334
14331,0.02666666666666667
14332,0.6
14333,0.09666666666666666
14334,0.03
14335,0.06911111111111111
14336,0.14
14337,0.28833333333333333
14338,1.0
14339,0.0033333333333333335
14340,0.24
14341,0.8921929824561403
14342,0.820873015873016
14343,0.36333333333333334
14344,0.023333333333333334
14345,0.01
14346,0.11
14347,0.9966666666666667
14348,0.11833333333333333
14349,0.17666666666666667
14350,0.0
14351,0.7833333333333333
14352,0.4932671957671958
14353,0.041666666666666664
14354,0.6866666666666666
14355,0.5666666666666667
14356,0.23
14357,0.1334985949722792
14358,0.9586666666666668
14359,0.7183333333333334
14360,0.05333333333333334
14361,0.36761904761904757
14362,0.03666666666666667
14363,0.4766666666666667
14364,0.11333333333333333
14365,0.33
14366,0.025964912280701757
14367,0.04666666666666667
14368,0.042777777777777776
14369,0.04666666666666667
14370,0.07604761904761904
14371,0.41
14372,0.006666666666666667
14373,0.9766666666666667
14374,0.24333333333333335
14375,0.023333333333333334
14376,0.49
14377,0.12333333333333334
14378,1.0
14379,0.99
14380,0.023333333333333334
14381,0.03666666666666667
14382,0.3731572039072039
14383,0.08666666666666667
14384,0.0
14385,0.08333333333333333
14386,0.2733333333333333
14387,0.006666666666666667
14388,0.22
14389,0.02
14390,0.10333333333333333
14391,1.0
14392,0.043478260869565216
14393,0.24166666666666667
14394,0.7230640645586298
14395,0.06833333333333333
14396,0.2892592592592592
14397,0.3233333333333333
14398,0.08
14399,0.4033333333333333
14400,0.6966666666666667
14401,0.15666666666666668
14402,0.5054501631944498
14403,0.006666666666666667
14404,0.0
14405,0.02666666666666667
14406,0.9933333333333333
14407,1.0
14408,0.15
14409,0.05222222222222222
14410,0.06
14411,0.42
14412,0.12333333333333334
14413,0.29
14414,0.06333333333333334
14415,0.20666666666666667
14416,0.03666666666666667
14417,0.35
14418,0.06333333333333334
14419,0.13
14420,0.18
14421,0.05
14422,0.62
14423,0.16333333333333333
14424,0.3284968017057569
14425,0.03507177033492823
14426,0.2811111111111111
14427,0.31333333333333335
14428,0.04
14429,0.10694444444444443
14430,0.22666666666666666
14431,0.05
14432,0.11
14433,0.05
14434,0.033157407407407406
14435,0.9833333333333333
14436,0.01
14437,0.03666666666666667
14438,0.14333333333333334
14439,0.9566666666666667
14440,0.2425
14441,0.17133333333333334
14442,0.9966666666666667
14443,0.08666666666666667
14444,0.3566666666666667
14445,0.6866666666666666
14446,0.48
14447,0.38333333333333336
14448,0.05
14449,0.03
14450,0.22666666666666666
14451,0.5066666666666667
14452,0.17666666666666667
14453,0.08555555555555555
14454,0.0011111111111111111
14455,0.17666666666666667
14456,0.054045584045584044
14457,0.4666666666666667
14458,0.29
14459,0.27
14460,0.9966666666666667
14461,0.06388888888888888
14462,0.41333333333333333
14463,0.22666666666666666
14464,0.10004761904761904
14465,0.8884444444444444
14466,0.043333333333333335
14467,0.24333333333333335
14468,0.16
14469,0.20633333333333334
14470,0.10666666666666667
14471,0.0
14472,0.5955555555555555
14473,0.06333333333333334
14474,0.6514814814814816
14475,0.06
14476,0.8033333333333333
14477,0.17
14478,0.4
14479,0.33
14480,0.006666666666666667
14481,0.07666666666666666
14482,0.27397150997151
14483,0.31
14484,0.9966666666666667
14485,0.35
14486,0.18333333333333332
14487,0.07666666666666666
14488,1.0
14489,0.08
14490,0.28
14491,0.03333333333333333
14492,0.5858333333333333
14493,0.10333333333333333
14494,0.9966666666666667
14495,0.9075213675213676
14496,0.11666666666666667
14497,0.4266666666666667
14498,0.7866666666666666
14499,0.14870701903949984
14500,0.016666666666666666
14501,0.006666666666666667
14502,0.17333333333333334
14503,0.1
14504,0.2822222222222222
14505,0.16333333333333333
14506,0.07666666666666666
14507,0.05333333333333334
14508,0.68
14509,0.45666666666666667
14510,0.03666666666666667
14511,0.8466666666666667
14512,0.02666666666666667
14513,0.39
14514,0.16333333333333333
14515,0.9966666666666667
14516,0.53
14517,1.0
14518,0.056666666666666664
14519,0.07
14520,1.0
14521,1.0
14522,0.22333333333333333
14523,0.29
14524,0.06333333333333334
14525,0.03
14526,0.04833333333333333
14527,0.5940277777777778
14528,0.9933333333333333
14529,0.04666666666666667
14530,0.021666666666666667
14531,0.05333333333333334
14532,0.18
14533,0.04655555555555556
14534,0.11944444444444442
14535,0.9966666666666667
14536,0.9933333333333333
14537,0.06666666666666667
14538,0.0
14539,0.44888888888888895
14540,0.19333333333333333
14541,0.9467771589919816
14542,0.67
14543,0.8158830818877261
14544,0.5666666666666667
14545,0.98
14546,0.15
14547,0.24333333333333335
14548,0.013333333333333334
14549,0.8233333333333334
14550,0.36
14551,0.07
14552,0.016666666666666666
14553,0.09777777777777777
14554,0.08
14555,0.03
14556,0.05
14557,0.23666666666666666
14558,0.06333333333333334
14559,0.19333333333333333
14560,0.18416572959490926
14561,0.22666666666666666
14562,0.03
14563,0.02
14564,0.3
14565,0.09333333333333334
14566,0.03333333333333333
14567,0.023333333333333334
14568,0.05
14569,0.10333333333333333
14570,0.25
14571,0.45666666666666667
14572,0.16333333333333333
14573,0.14666666666666667
14574,0.016666666666666666
14575,0.8966666666666666
14576,0.10666666666666667
14577,0.7266666666666667
14578,0.9340314315314316
14579,0.08216666666666667
14580,0.03666666666666667
14581,0.9866666666666667
14582,0.9057171717171718
14583,0.26694444444444443
14584,0.12666666666666668
14585,0.4033333333333333
14586,0.98
14587,0.5033333333333333
14588,0.3233333333333333
14589,0.05333333333333334
14590,0.3475
14591,0.02371696504688832
14592,0.03
14593,0.9366666666666666
14594,1.0
14595,0.03
14596,0.03888888888888889
14597,1.0
14598,0.4846666666666667
14599,0.01
14600,0.12666666666666668
14601,0.13333333333333333
14602,0.9966666666666667
14603,0.03666666666666667
14604,0.459734668109668
14605,0.9766666666666667
14606,0.0175
14607,0.05
14608,0.9966666666666667
14609,0.10333333333333333
14610,0.30666666666666664
14611,0.02
14612,0.11
14613,0.016666666666666666
14614,0.08416666666666667
14615,0.7717433862433862
14616,0.041666666666666664
14617,0.24111111111111114
14618,0.09333333333333334
14619,0.4706666666666666
14620,0.18
14621,0.39199999999999996
14622,0.15
14623,0.9966666666666667
14624,0.105
14625,0.20666666666666667
14626,0.3233333333333333
14627,0.25666666666666665
14628,0.25333333333333335
14629,0.3433333333333333
14630,0.015333333333333332
14631,0.01
14632,1.0
14633,0.08
14634,0.16
14635,0.02666666666666667
14636,0.061111111111111116
14637,0.18090034965034968
14638,0.04666666666666667
14639,0.43333333333333335
14640,0.06894805194805194
14641,0.9945833333333334
14642,0.03613425925925926
14643,0.9966666666666667
14644,1.0
14645,0.16041575091575092
14646,1.0
14647,0.03
14648,0.19
14649,1.0
14650,0.2633333333333333
14651,0.13333333333333333
14652,0.24666666666666667
14653,0.11333333333333333
14654,0.08333333333333333
14655,0.9766666666666667
14656,1.0
14657,0.5033333333333333
14658,1.0
14659,0.19333333333333333
14660,0.49333333333333335
14661,0.3283333333333333
14662,0.19333333333333333
14663,0.24333333333333335
14664,0.41
14665,0.08313095238095239
14666,0.9933333333333333
14667,0.48333333333333334
14668,0.01875
14669,0.16333333333333333
14670,0.9733333333333334
14671,0.06666666666666667
14672,0.03333333333333333
14673,0.03666666666666667
14674,0.2633333333333333
14675,0.06888888888888889
14676,1.0
14677,0.245
14678,0.13166666666666665
14679,0.12333333333333334
14680,0.774962962962963
14681,0.21
14682,0.6333333333333333
14683,0.22666666666666666
14684,0.9610000000000001
14685,0.13
14686,0.03
14687,0.016666666666666666
14688,0.24666666666666667
14689,0.046233974358974354
14690,0.3933333333333333
14691,0.18
14692,0.98
14693,0.42
14694,0.15454545454545454
14695,0.6698095238095237
14696,0.33666666666666667
14697,0.43166666666666664
14698,0.48
14699,0.006666666666666667
14700,0.23666666666666666
14701,0.9966666666666667
14702,0.07666666666666666
14703,0.12
14704,0.9743333333333334
14705,0.2866666666666667
14706,0.9966666666666667
14707,0.12333333333333334
14708,0.34
14709,0.24001190476190482
14710,0.27
14711,0.12666666666666668
14712,0.9866666666666667
14713,0.5333333333333333
14714,0.36
14715,0.29612962962962963
14716,0.9933333333333333
14717,0.013333333333333334
14718,0.06666666666666667
14719,0.09
14720,1.0
14721,0.07666666666666666
14722,0.03
14723,0.9274155011655012
14724,0.5233333333333333
14725,0.34
14726,0.12555555555555556
14727,0.013333333333333334
14728,0.01
14729,1.0
14730,0.19333333333333333
14731,0.33666666666666667
14732,1.0
14733,0.42
14734,0.901092352092352
14735,0.44666666666666666
14736,0.3466666666666667
14737,0.095
14738,0.35333333333333333
14739,0.2866666666666667
14740,0.11666666666666667
14741,1.0
14742,0.63
14743,0.41802438180727647
14744,0.22333333333333333
14745,0.09
14746,0.013333333333333334
14747,0.25666666666666665
14748,1.0
14749,0.99
14750,0.05533333333333334
14751,0.07333333333333333
14752,0.9366666666666666
14753,0.97
14754,0.07
14755,0.3333333333333333
14756,0.08333333333333333
14757,0.14
14758,0.04666666666666667
14759,0.10333333333333333
14760,0.24333333333333335
14761,0.06
14762,0.12666666666666668
14763,1.0
14764,0.19333333333333333
14765,0.54
14766,0.03
14767,0.08577777777777777
14768,0.33
14769,0.21622222222222226
14770,0.11666666666666667
14771,0.56
14772,0.57
14773,0.03
14774,0.15333333333333332
14775,0.043333333333333335
14776,0.9504871794871796
14777,0.04
14778,0.10606060606060605
14779,0.5788888888888889
14780,0.99
14781,0.28
14782,0.07333333333333333
14783,0.23333333333333334
14784,0.11666666666666667
14785,0.9766666666666667
14786,0.4866666666666667
14787,0.056666666666666664
14788,0.37666666666666665
14789,0.17
14790,0.7
14791,0.07333333333333333
14792,0.8358479532163744
14793,0.1
14794,0.07
14795,1.0
14796,0.4066666666666667
14797,0.22505555555555556
14798,0.05
14799,0.923030303030303
14800,0.04
14801,0.9966666666666667
14802,0.05
14803,0.04
14804,0.06
14805,0.07
14806,0.9966666666666667
14807,0.2866666666666667
14808,0.02
14809,0.1489298041659623
14810,0.05
14811,0.19
14812,0.3333333333333333
14813,0.02666666666666667
14814,1.0
14815,0.24666666666666667
14816,0.28777777777777774
14817,0.07
14818,0.07666666666666666
14819,0.03333333333333333
14820,0.16666666666666666
14821,0.9037445234504059
14822,0.02
14823,0.09722222222222221
14824,0.05616666666666667
14825,0.01577777777777778
14826,1.0
14827,0.7783333333333333
14828,0.13333333333333333
14829,0.30666666666666664
14830,0.03666666666666667
14831,0.44
14832,0.8133333333333334
14833,0.02
14834,0.9866666666666667
14835,0.10333333333333333
14836,0.31
14837,0.16333333333333333
14838,0.06333333333333334
14839,0.11476190476190477
14840,0.9833333333333333
14841,0.14666666666666667
14842,0.8757762445243094
14843,0.12333333333333334
14844,0.016666666666666666
14845,0.20833333333333334
14846,0.02
14847,0.38
14848,0.18
14849,0.9966666666666667
14850,0.9733333333333334
14851,0.06333333333333334
14852,0.1
14853,0.5033333333333333
14854,0.41623343199142415
14855,0.01
14856,0.044444444444444446
14857,0.9933333333333333
14858,0.13666666666666666
14859,0.99
14860,0.24
14861,0.0864021164021164
14862,0.21666666666666667
14863,0.05333333333333334
14864,0.52
14865,1.0
14866,0.09
14867,0.9340314315314316
14868,0.13666666666666666
14869,0.4266666666666667
14870,0.056666666666666664
14871,0.06333333333333334
14872,0.3075
14873,0.7118181818181819
14874,0.05333333333333334
14875,0.11333333333333333
14876,0.19666666666666666
14877,0.32019607843137254
14878,0.10333333333333333
14879,0.9966666666666667
14880,0.26666666666666666
14881,1.0
14882,0.3
14883,0.9966666666666667
14884,0.04674418604651163
14885,0.04
14886,0.04
14887,0.09666666666666666
14888,0.23666666666666666
14889,0.19333333333333333
14890,0.07666666666666666
14891,0.006666666666666667
14892,0.05
14893,0.98
14894,0.6033333333333334
14895,0.8888888888888887
14896,0.023333333333333334
14897,0.9966666666666667
14898,0.18666666666666668
14899,0.1
14900,0.12333333333333334
14901,0.07333333333333333
14902,0.041111111111111105
14903,0.1
14904,0.5566666666666666
14905,0.12666666666666668
14906,0.04666666666666667
14907,0.9372962962962962
14908,0.03
14909,0.57
14910,0.99
14911,0.20666666666666667
14912,0.17490053793176374
14913,0.09
14914,0.25
14915,0.023333333333333334
14916,0.11333333333333333
14917,0.02
14918,0.22243386243386246
14919,0.16666666666666666
14920,0.2633333333333333
14921,0.9966666666666667
14922,0.09833333333333333
14923,0.03
14924,0.1
14925,0.03
14926,0.08
14927,0.17666666666666667
14928,0.48
14929,0.9933333333333333
14930,0.9966666666666667
14931,0.05
14932,0.05
14933,0.25
14934,0.29
14935,0.96
14936,0.25333333333333335
14937,0.9833333333333333
14938,0.9933333333333333
14939,0.23666666666666666
14940,0.33
14941,0.48333333333333334
14942,0.2305
14943,0.3466666666666667
14944,0.016666666666666666
14945,0.1
14946,0.155
14947,0.04
14948,0.5833333333333334
14949,0.016666666666666666
14950,0.2633333333333333
14951,0.49
14952,0.24
14953,0.03238095238095238
14954,0.19666666666666666
14955,1.0
14956,0.9050154181330652
14957,0.06
14958,0.11666666666666667
14959,0.16666666666666666
14960,0.9966666666666667
14961,0.19666666666666666
14962,0.8363456271640247
14963,0.08
14964,0.0
14965,0.0033333333333333335
14966,0.5155555555555555
14967,0.10666666666666667
14968,0.043333333333333335
14969,0.07333333333333333
14970,0.2633333333333333
14971,0.44
14972,0.006666666666666667
14973,0.013333333333333334
14974,0.12
14975,0.185
14976,0.0033333333333333335
14977,0.11333333333333333
14978,0.5966666666666667
14979,0.023333333333333334
14980,0.09666666666666666
14981,0.08333333333333333
14982,0.15333333333333332
14983,0.6309523809523809
14984,0.19333333333333333
14985,0.31666666666666665
14986,0.53
14987,0.19666666666666666
14988,0.20333333333333334
14989,0.056666666666666664
14990,0.12666666666666668
14991,0.13777777777777775
14992,0.01
14993,0.013333333333333334
14994,0.02857142857142857
14995,0.006666666666666667
14996,0.09333333333333334
14997,0.18833333333333332
14998,0.11666666666666667
14999,0.38666666666666666
15000,0.29333333333333333
15001,0.0
15002,0.13416666666666666
15003,0.5966666666666667
15004,0.97
15005,0.29333333333333333
15006,0.22333333333333333
15007,0.11666666666666667
15008,0.013333333333333334
15009,0.08666666666666667
15010,0.22666666666666666
15011,0.5533333333333333
15012,0.13
15013,0.12333333333333334
15014,0.14666666666666667
15015,0.9966666666666667
15016,0.9566666666666667
15017,0.035
15018,0.14
15019,0.07
15020,0.02666666666666667
15021,0.12
15022,0.25333333333333335
15023,0.6733333333333333
15024,0.04666666666666667
15025,0.25333333333333335
15026,0.38333333333333336
15027,0.9966666666666667
15028,0.24
15029,0.9077064504696083
15030,0.04666666666666667
15031,0.15
15032,0.06666666666666667
15033,0.028888888888888888
15034,0.11
15035,0.11666666666666667
15036,0.13888888888888887
15037,0.04
15038,0.08
15039,0.06166666666666667
15040,0.09
15041,0.23560317460317465
15042,0.016666666666666666
15043,0.33666666666666667
15044,0.06333333333333334
15045,0.2866666666666667
15046,0.35
15047,0.07666666666666666
15048,0.051111111111111114
15049,0.24
15050,0.21333333333333335
15051,0.38
15052,1.0
15053,0.52
15054,0.2966666666666667
15055,0.08333333333333333
15056,0.48333333333333334
15057,0.04
15058,0.4066666666666667
15059,0.32
15060,0.9866666666666667
15061,0.08666666666666667
15062,0.9966666666666667
15063,0.5966666666666667
15064,0.37333333333333335
15065,0.9966666666666667
15066,0.17333333333333334
15067,0.043333333333333335
15068,0.29333333333333333
15069,0.11166666666666666
15070,1.0
15071,0.7566666666666667
15072,0.9945833333333334
15073,0.056666666666666664
15074,0.6633333333333333
15075,0.5308333333333334
15076,0.028474205907798786
15077,0.006666666666666667
15078,0.30133333333333334
15079,0.06833333333333333
15080,0.8333333333333334
15081,0.32
15082,0.186
15083,0.3566666666666667
15084,0.013333333333333334
15085,0.03666666666666667
15086,0.16333333333333333
15087,0.920902356902357
15088,0.0955
15089,0.09333333333333334
15090,0.8833333333333333
15091,0.14148148148148149
15092,0.07333333333333333
15093,0.006666666666666667
15094,0.37333333333333335
15095,0.4866666666666667
15096,0.22833333333333333
15097,0.06666666666666667
15098,0.016666666666666666
15099,0.09
15100,0.42333333333333334
15101,0.35333333333333333
15102,0.39666666666666667
15103,0.5566666666666666
15104,0.07333333333333333
15105,0.3
15106,0.19333333333333333
15107,0.0636111111111111
15108,0.30333333333333334
15109,0.17333333333333334
15110,0.07333333333333333
15111,0.7333333333333333
15112,0.19
15113,1.0
15114,0.3555022338772339
15115,0.14333333333333334
15116,0.02
15117,0.19666666666666666
15118,0.03
15119,0.14666666666666667
15120,0.16
15121,0.8726948051948051
15122,0.15
15123,0.24
15124,0.12666666666666668
15125,0.14
15126,0.006666666666666667
15127,0.14
15128,0.338766572738778
15129,0.13666666666666666
15130,0.22333333333333333
15131,0.18666666666666668
15132,0.22666666666666666
15133,0.03
15134,0.5733333333333334
15135,0.03333333333333333
15136,0.02666666666666667
15137,0.9966666666666667
15138,0.03
15139,0.18
15140,0.17
15141,0.09166666666666666
15142,0.9866666666666667
15143,0.07
15144,0.11333333333333333
15145,0.32
15146,0.0
15147,0.06333333333333334
15148,0.04
15149,0.33944444444444444
15150,0.99
15151,0.21
15152,0.11
15153,0.13666666666666666
15154,0.26666666666666666
15155,0.07333333333333333
15156,0.22083333333333333
15157,0.306266354016354
15158,0.12
15159,0.05944444444444444
15160,0.32666666666666666
15161,0.04
15162,0.9471538461538462
15163,0.6866666666666666
15164,1.0
15165,0.016666666666666666
15166,0.2833333333333333
15167,0.07555555555555556
15168,0.27666666666666667
15169,0.03333333333333333
15170,0.03166666666666667
15171,0.060016339869281045
15172,0.15
15173,0.02666666666666667
15174,0.023333333333333334
15175,0.9421666666666666
15176,0.06472222222222221
15177,0.15
15178,0.9966666666666667
15179,0.2733333333333333
15180,0.11
15181,0.02
15182,0.18466666666666667
15183,0.39666666666666667
15184,0.9611111111111112
15185,0.02666666666666667
15186,0.02666666666666667
15187,0.11880952380952382
15188,1.0
15189,0.38666666666666666
15190,0.38333333333333336
15191,1.0
15192,0.12666666666666668
15193,0.12261904761904764
15194,0.0458974358974359
15195,0.16333333333333333
15196,0.07666666666666666
15197,0.023333333333333334
15198,0.03333333333333333
15199,0.18
15200,0.013333333333333334
15201,0.13333333333333333
15202,0.99
15203,0.10666666666666667
15204,0.22333333333333333
15205,0.0033333333333333335
15206,0.07333333333333333
15207,0.05
15208,0.21
15209,0.2866666666666667
15210,0.7608207612800635
15211,0.023333333333333334
15212,0.4033333333333333
15213,0.4266666666666667
15214,0.7933333333333333
15215,0.45
15216,0.18
15217,0.056666666666666664
15218,0.1875
15219,0.10333333333333333
15220,0.29
15221,0.6833333333333333
15222,0.9966666666666667
15223,0.37
15224,0.58925
15225,0.12
15226,0.22
15227,0.30333333333333334
15228,0.27666666666666667
15229,0.9966666666666667
15230,0.01
15231,0.31333333333333335
15232,0.9933333333333333
15233,0.03
15234,0.9966666666666667
15235,0.14333333333333334
15236,0.14333333333333334
15237,0.035833333333333335
15238,0.2842105263157895
15239,0.12
15240,0.6566666666666666
15241,0.99
15242,0.35
15243,0.20666666666666667
15244,0.6866666666666666
15245,0.6666666666666666
15246,0.16333333333333333
15247,0.49333333333333335
15248,0.3566666666666667
15249,0.42333333333333334
15250,0.11666666666666667
15251,0.9844444444444443
15252,0.96
15253,0.84
15254,0.5433333333333333
15255,1.0
15256,0.9933333333333333
15257,0.043333333333333335
15258,0.03666666666666667
15259,0.8757762445243094
15260,0.22
15261,0.99
15262,0.11221801346801347
15263,0.08666666666666667
15264,0.6338888888888888
15265,0.03
15266,0.08
15267,0.08666666666666667
15268,0.12666666666666668
15269,0.28178571428571425
15270,0.03666666666666667
15271,0.7066666666666667
15272,0.07
15273,0.23666666666666666
15274,0.14333333333333334
15275,0.05
15276,0.9933333333333333
15277,0.7133333333333334
15278,0.17888888888888888
15279,0.14666666666666667
15280,0.06
15281,0.21166666666666667
15282,0.9766666666666667
15283,0.013333333333333334
15284,0.9966666666666667
15285,0.6116666666666667
15286,0.9289974937343358
15287,0.12666666666666668
15288,0.01
15289,0.023333333333333334
15290,0.20333333333333334
15291,0.39666666666666667
15292,0.34
15293,0.9930952380952381
15294,0.23777777777777775
15295,0.395
15296,0.14
15297,0.043333333333333335
15298,0.39
15299,0.18666666666666668
15300,1.0
15301,0.69
15302,0.21666666666666667
15303,0.013333333333333334
15304,0.16666666666666666
15305,0.48
15306,0.05333333333333334
15307,0.1
15308,0.9766666666666667
15309,0.056666666666666664
15310,0.11
15311,0.08388888888888889
15312,0.32
15313,0.18666666666666668
15314,0.22333333333333333
15315,0.3307847522847523
15316,0.01
15317,0.12333333333333334
15318,0.24666666666666667
15319,0.025333333333333333
15320,0.043333333333333335
15321,0.12666666666666668
15322,0.03222222222222222
15323,0.09
15324,0.19666666666666666
15325,0.24333333333333335
15326,0.050555555555555555
15327,0.02
15328,0.27666666666666667
15329,1.0
15330,0.3333333333333333
15331,0.07
15332,0.016666666666666666
15333,0.25666666666666665
15334,0.85
15335,0.09333333333333334
15336,0.4166666666666667
15337,0.18666666666666668
15338,0.39
15339,0.3466666666666667
15340,0.013333333333333334
15341,0.19333333333333333
15342,0.08
15343,0.68
15344,0.36333333333333334
15345,0.06166666666666667
15346,0.12
15347,0.016666666666666666
15348,0.43333333333333335
15349,0.006666666666666667
15350,0.9052110852110853
15351,0.06
15352,0.3
15353,0.14
15354,0.06666666666666667
15355,0.17333333333333334
15356,0.18666666666666668
15357,0.30333333333333334
15358,0.21
15359,0.025117370892018778
15360,0.7033333333333334
15361,0.16666666666666666
15362,0.34
15363,0.3333333333333333
15364,0.21
15365,0.07666666666666666
15366,0.12333333333333334
15367,0.005740740740740741
15368,0.04759157509157509
15369,0.04
15370,0.1225
15371,0.18
15372,0.15
15373,0.4607407407407408
15374,0.2966666666666667
15375,0.5184086808000276
15376,0.2966666666666667
15377,0.06
15378,0.215
15379,0.8466666666666667
15380,0.10333333333333333
15381,0.22749837585730223
15382,0.7533333333333333
15383,0.08
15384,0.03333333333333333
15385,0.31666666666666665
15386,0.6533333333333333
15387,0.13666666666666666
15388,0.19666666666666666
15389,0.03
15390,0.15
15391,0.37333333333333335
15392,0.48333333333333334
15393,0.02
15394,0.2833333333333333
15395,0.04666666666666667
15396,0.16333333333333333
15397,0.1411111111111111
15398,0.06666666666666667
15399,0.7537415697048049
15400,0.27666666666666667
15401,0.26
15402,0.05
15403,0.023333333333333334
15404,0.24055555555555558
15405,0.17333333333333334
15406,0.5433333333333333
15407,0.07333333333333333
15408,0.09333333333333334
15409,0.32
15410,0.04
15411,1.0
15412,0.056666666666666664
15413,0.2609313780543664
15414,0.3333333333333333
15415,0.04777777777777777
15416,0.30666666666666664
15417,0.3333333333333333
15418,0.30666666666666664
15419,0.3933333333333333
15420,0.016666666666666666
15421,0.5
15422,0.24666666666666667
15423,0.7457085308482367
15424,0.99
15425,0.68
15426,0.3661111111111111
15427,0.18
15428,0.628095238095238
15429,0.99
15430,0.8201074909495961
15431,0.02666666666666667
15432,0.07166666666666667
15433,0.20444444444444446
15434,0.27666666666666667
15435,0.6179421286201471
15436,0.4033333333333333
15437,0.2633333333333333
15438,0.12047124926422444
15439,0.15361111111111111
15440,0.034761904761904765
15441,0.47333333333333333
15442,0.02666666666666667
15443,0.15814814814814815
15444,0.13152030604223588
15445,0.016666666666666666
15446,0.3233333333333333
15447,0.3466666666666667
15448,0.20666666666666667
15449,0.06333333333333334
15450,0.2633333333333333
15451,0.05
15452,0.39
15453,0.18
15454,0.22666666666666666
15455,0.17666666666666667
15456,0.33
15457,0.12222222222222223
15458,0.04
15459,0.016666666666666666
15460,0.18666666666666668
15461,0.18090034965034968
15462,0.013333333333333334
15463,0.023333333333333334
15464,0.42
15465,0.8433333333333334
15466,0.16
15467,0.006666666666666667
15468,0.16333333333333333
15469,0.5053333333333334
15470,0.9866666666666667
15471,0.08444444444444445
15472,0.5033333333333333
15473,0.23333333333333334
15474,0.27777777777777773
15475,0.35
15476,0.013333333333333334
15477,0.21333333333333335
15478,0.043333333333333335
15479,0.34
15480,0.31
15481,0.9106875363178911
15482,0.11333333333333333
15483,0.7763148148148148
15484,0.013333333333333334
15485,0.89
15486,0.45666666666666667
15487,0.12222222222222222
15488,0.6396666666666667
15489,0.02
15490,1.0
15491,0.21666666666666667
15492,0.08
15493,0.6425735867446396
15494,0.1922222222222222
15495,0.19055555555555556
15496,0.9334313725490195
15497,0.3333333333333333
15498,0.02
15499,0.7766666666666666
15500,0.016666666666666666
15501,0.006666666666666667
15502,0.63
15503,0.06666666666666667
15504,0.7291354931300583
15505,0.6533333333333333
15506,0.11666666666666667
15507,0.8606060606060606
15508,0.02666666666666667
15509,0.14
15510,0.07
15511,0.26455555555555554
15512,0.32
15513,0.012222222222222221
15514,0.99
15515,0.032323232323232316
15516,0.46
15517,0.07666666666666666
15518,1.0
15519,0.29333333333333333
15520,0.078
15521,0.15666666666666668
15522,0.006666666666666667
15523,0.08333333333333333
15524,0.9566666666666667
15525,1.0
15526,0.06666666666666667
15527,0.12166666666666667
15528,0.38666666666666666
15529,0.025555555555555554
15530,0.016666666666666666
15531,0.06
15532,0.06666666666666667
15533,0.38333333333333336
15534,0.006666666666666667
15535,0.17666666666666667
15536,0.6133333333333333
15537,0.24666666666666667
15538,0.23333333333333334
15539,0.3245
15540,0.04
15541,0.09060606060606059
15542,0.14
15543,0.03333333333333333
15544,0.10797516835016834
15545,0.01
15546,0.22166666666666668
15547,0.32566666666666666
15548,0.04674679487179487
15549,0.14333333333333334
15550,0.11333333333333333
15551,0.08333333333333333
15552,0.165
15553,0.03
15554,0.31
15555,0.12
15556,1.0
15557,0.10333333333333333
15558,0.4331060606060606
15559,0.08333333333333333
15560,0.27666666666666667
15561,1.0
15562,0.99
15563,0.01
15564,0.07
15565,0.29
15566,0.07333333333333333
15567,0.10166666666666667
15568,0.28
15569,0.9966666666666667
15570,0.0890909090909091
15571,0.2833333333333333
15572,0.015555555555555557
15573,0.13
15574,0.8621852198455141
15575,0.10333333333333333
15576,0.11333333333333333
15577,0.13333333333333333
15578,1.0
15579,0.12666666666666668
15580,1.0
15581,0.24333333333333335
15582,0.2866666666666667
15583,0.7433333333333333
15584,1.0
15585,0.016666666666666666
15586,0.02666666666666667
15587,0.016666666666666666
15588,0.03
15589,0.18333333333333332
15590,0.016666666666666666
15591,0.22824074074074077
15592,0.43333333333333335
15593,0.32
15594,0.76
15595,0.09
15596,0.35333333333333333
15597,0.13333333333333333
15598,0.24
15599,0.02666666666666667
15600,0.03333333333333333
15601,0.10666666666666667
15602,1.0
15603,0.02666666666666667
15604,0.09
15605,0.11333333333333333
15606,0.02666666666666667
15607,0.7133333333333334
15608,0.1
15609,0.52
15610,0.0
15611,0.013333333333333334
15612,0.3466666666666667
15613,1.0
15614,0.7077777777777778
15615,0.065
15616,0.8931538461538461
15617,0.42333333333333334
15618,0.07333333333333333
15619,0.8927979797979797
15620,0.28444444444444444
15621,0.23666666666666666
15622,0.3208888888888889
15623,0.49333333333333335
15624,0.16
15625,0.08333333333333333
15626,0.05333333333333334
15627,0.13
15628,0.9966666666666667
15629,1.0
15630,0.13333333333333333
15631,0.021464646464646464
15632,0.03333333333333333
15633,0.16333333333333333
15634,0.023333333333333334
15635,0.3466666666666667
15636,0.05333333333333334
15637,0.03
15638,0.16333333333333333
15639,0.25666666666666665
15640,0.56
15641,0.013333333333333334
15642,0.9933333333333333
15643,0.2918677715902947
15644,0.78
15645,0.16
15646,0.06
15647,0.0033333333333333335
15648,0.02316666666666667
15649,0.07
15650,0.06
15651,0.058571428571428566
15652,0.02666666666666667
15653,0.3061111111111111
15654,0.14666666666666667
15655,0.01
15656,0.13333333333333333
15657,0.9933333333333333
15658,0.5666666666666667
15659,0.2
15660,0.33666666666666667
15661,0.3433333333333333
15662,0.24333333333333335
15663,0.37
15664,0.9966666666666667
15665,0.0
15666,0.06666666666666667
15667,0.9966666666666667
15668,0.08080065359477123
15669,0.11666666666666667
15670,0.08333333333333333
15671,0.016666666666666666
15672,0.24666666666666667
15673,0.10666666666666667
15674,0.5033333333333333
15675,0.18
15676,0.03666666666666667
15677,0.14833333333333334
15678,0.39666666666666667
15679,0.16333333333333333
15680,0.14666666666666667
15681,0.9966666666666667
15682,0.11
15683,0.44333333333333336
15684,0.38333333333333336
15685,0.008888888888888889
15686,0.04666666666666667
15687,0.14
15688,1.0
15689,0.23
15690,0.02
15691,0.2966666666666667
15692,0.03333333333333333
15693,0.647049062049062
15694,0.016666666666666666
15695,0.13
15696,0.44
15697,0.48333333333333334
15698,0.9933333333333333
15699,0.08666666666666667
15700,0.9966666666666667
15701,0.8621852198455141
15702,0.10333333333333333
15703,0.043333333333333335
15704,0.08944444444444445
15705,0.19333333333333333
15706,0.8471314246182668
15707,0.35
15708,0.8179768504698706
15709,0.17333333333333334
15710,0.14666666666666667
15711,0.11333333333333333
15712,0.20666666666666667
15713,0.6831746031746031
15714,0.2
15715,0.105
15716,0.37
15717,0.0800595238095238
15718,0.14333333333333334
15719,0.9933333333333333
15720,0.22
15721,0.23333333333333334
15722,0.9966666666666667
15723,0.24333333333333335
15724,0.99
15725,0.13333333333333333
15726,0.44333333333333336
15727,0.19333333333333333
15728,0.04666666666666667
15729,0.09
15730,0.27
15731,0.19333333333333333
15732,0.24
15733,0.3094444444444444
15734,0.010904761904761907
15735,0.8858452380952381
15736,0.04
15737,0.9866666666666667
15738,0.3
15739,0.03333333333333333
15740,0.03
15741,1.0
15742,0.08
15743,0.9966666666666667
15744,0.09444444444444446
15745,1.0
15746,0.9966666666666667
15747,0.016666666666666666
15748,0.006666666666666667
15749,0.11333333333333333
15750,0.14
15751,0.08333333333333333
15752,0.02
15753,0.28944444444444445
15754,0.2381818181818182
15755,0.9966666666666667
15756,0.4033333333333333
15757,0.13
15758,0.17
15759,0.19324074074074074
15760,0.013333333333333334
15761,0.9205555555555556
15762,0.22666666666666666
15763,0.30666666666666664
15764,0.20666666666666667
15765,0.04777777777777777
15766,0.33
15767,1.0
15768,0.07
15769,0.05333333333333334
15770,0.10666666666666667
15771,0.09333333333333334
15772,0.885
15773,0.03
15774,1.0
15775,0.09
15776,0.08444444444444445
15777,0.5
15778,0.19666666666666666
15779,0.3433333333333333
15780,0.16666666666666666
15781,0.02666666666666667
15782,0.6566666666666666
15783,0.22
15784,0.043333333333333335
15785,0.21614906988436397
15786,0.43
15787,0.4666666666666667
15788,0.05
15789,0.9227599067599067
15790,0.35261111111111115
15791,0.09
15792,0.31
15793,0.4866666666666667
15794,0.06
15795,0.99
15796,0.13333333333333333
15797,0.9833333333333333
15798,0.7214285714285715
15799,0.07583085759556349
15800,0.21333333333333335
15801,0.24666666666666667
15802,0.15833333333333333
15803,0.27666666666666667
15804,0.03
15805,0.165
15806,0.07333333333333333
15807,0.07
15808,0.9966666666666667
15809,0.32666666666666666
15810,0.20333333333333334
15811,0.6708129420263568
15812,0.33
15813,0.19666666666666666
15814,0.3025
15815,0.20333333333333334
15816,0.04416666666666667
15817,0.9866666666666667
15818,0.01
15819,0.04666666666666667
15820,0.3433333333333333
15821,0.4666666666666667
15822,0.013333333333333334
15823,0.016666666666666666
15824,0.41333333333333333
15825,0.9866666666666667
15826,0.23
15827,1.0
15828,0.34
15829,0.02
15830,0.02
15831,0.03666666666666667
15832,0.006666666666666667
15833,0.17490053793176374
15834,0.16333333333333333
15835,0.35398892644822877
15836,0.06333333333333334
15837,0.16
15838,0.13
15839,0.9975757575757576
15840,0.09666666666666666
15841,0.9933333333333333
15842,0.06666666666666667
15843,0.01
15844,0.67
15845,0.35333333333333333
15846,0.2855952380952381
15847,0.015
15848,0.11
15849,0.17666666666666667
15850,0.9766666666666667
15851,0.7313824289405685
15852,0.02
15853,0.05
15854,0.19333333333333333
15855,0.06666666666666667
15856,0.21
15857,0.056666666666666664
15858,0.04
15859,0.23611111111111113
15860,0.09666666666666666
15861,0.02
15862,0.5233333333333333
15863,0.9633333333333334
15864,0.03666666666666667
15865,0.013333333333333334
15866,0.9966666666666667
15867,0.11333333333333333
15868,0.36666666666666664
15869,0.19666666666666666
15870,0.023333333333333334
15871,0.8425
15872,0.10333333333333333
15873,0.17222222222222222
15874,0.04616666666666667
15875,0.08691919191919191
15876,0.16333333333333333
15877,0.21333333333333335
15878,0.19333333333333333
15879,0.18333333333333332
15880,0.07055555555555557
15881,0.09
15882,0.22
15883,0.08333333333333333
15884,0.07333333333333333
15885,0.2551111111111111
15886,0.01
15887,0.03333333333333333
15888,0.2633333333333333
15889,0.09666666666666666
15890,0.023333333333333334
15891,0.17333333333333334
15892,0.4666666666666667
15893,0.044
15894,0.9833333333333333
15895,0.24333333333333335
15896,0.17333333333333334
15897,0.9966666666666667
15898,0.15
15899,1.0
15900,0.39666666666666667
15901,0.08666666666666667
15902,0.8866666666666667
15903,0.6216383645307934
15904,0.01
15905,0.013333333333333334
15906,0.99
15907,0.006666666666666667
15908,0.12833333333333333
15909,0.25604040505825554
15910,0.10666666666666667
15911,0.9844444444444443
15912,0.6666666666666666
15913,0.35
15914,1.0
15915,0.17490053793176374
15916,0.03666666666666667
15917,0.1114090909090909
15918,0.10083333333333333
15919,0.23333333333333334
15920,0.05
15921,0.8757762445243094
15922,0.19333333333333333
15923,0.31333333333333335
15924,0.03666666666666667
15925,0.3566666666666667
15926,0.09333333333333334
15927,0.3622222222222222
15928,0.16666666666666666
15929,0.33699999999999997
15930,0.31666666666666665
15931,0.18333333333333332
15932,0.29
15933,0.23
15934,0.06
15935,0.12333333333333334
15936,0.16
15937,0.5466666666666666
15938,0.18666666666666668
15939,0.13333333333333333
15940,0.016666666666666666
15941,0.007333333333333334
15942,0.04666666666666667
15943,0.06666666666666667
15944,0.9966666666666667
15945,0.02666666666666667
15946,0.9833333333333333
15947,1.0
15948,0.11
15949,0.07
15950,0.245
15951,0.04111111111111111
15952,0.02666666666666667
15953,0.33
15954,1.0
15955,0.38666666666666666
15956,0.02
15957,0.7733333333333333
15958,0.007222222222222222
15959,0.18090034965034968
15960,0.29962962962962963
15961,0.19333333333333333
15962,0.16
15963,0.013333333333333334
15964,0.18666666666666668
15965,0.18
15966,0.18
15967,0.006666666666666667
15968,0.1988888888888889
15969,0.7266666666666667
15970,0.9966666666666667
15971,0.02
15972,0.9966666666666667
15973,0.06666666666666667
15974,0.23666666666666666
15975,0.23955555555555558
15976,0.0033333333333333335
15977,1.0
15978,0.4
15979,0.7366666666666667
15980,0.29
15981,0.09666666666666666
15982,0.38
15983,0.5433333333333333
15984,1.0
15985,0.39944444444444444
15986,0.006666666666666667
15987,0.29
15988,0.6033333333333334
15989,0.21333333333333335
15990,0.1288888888888889
15991,0.41
15992,0.8222227032227033
15993,0.185
15994,0.0825
15995,0.12333333333333334
15996,0.1042848254364414
15997,0.9218367889420523
15998,0.9866666666666667
15999,0.11333333333333333
16000,0.12333333333333334
16001,0.3089033442191337
16002,0.10333333333333333
16003,0.22
16004,0.08
16005,0.11666666666666667
16006,0.043333333333333335
16007,0.9933333333333333
16008,0.07666666666666666
16009,0.02666666666666667
16010,0.016666666666666666
16011,0.19833333333333333
16012,0.05333333333333334
16013,0.27666666666666667
16014,1.0
16015,0.05
16016,0.2866666666666667
16017,0.06333333333333334
16018,0.04666666666666667
16019,0.021458333333333333
16020,0.8533333333333334
16021,0.48333333333333334
16022,0.06666666666666667
16023,0.006666666666666667
16024,0.63
16025,0.12333333333333334
16026,0.07666666666666666
16027,0.9933333333333333
16028,0.9218367889420523
16029,0.07666666666666666
16030,0.23444444444444448
16031,0.05333333333333334
16032,0.8033333333333333
16033,0.04
16034,0.6766666666666666
16035,1.0
16036,0.07
16037,0.9966666666666667
16038,0.02
16039,0.13333333333333333
16040,0.20333333333333334
16041,0.47333333333333333
16042,0.14666666666666667
16043,0.11
16044,0.2174644984644985
16045,0.18666666666666668
16046,0.98
16047,0.006666666666666667
16048,0.43666666666666665
16049,0.4866666666666667
16050,0.9933333333333333
16051,0.6066666666666667
16052,0.6966666666666667
16053,1.0
16054,0.056666666666666664
16055,0.35333333333333333
16056,0.2733333333333333
16057,0.006666666666666667
16058,0.3933333333333333
16059,0.46
16060,0.3333333333333333
16061,0.09666666666666666
16062,0.36666666666666664
16063,0.07
16064,0.02666666666666667
16065,0.335
16066,0.12133140742699566
16067,0.03668421052631579
16068,0.12333333333333334
16069,0.14666666666666667
16070,0.01
16071,0.02
16072,1.0
16073,0.9866666666666667
16074,0.9966666666666667
16075,0.85
16076,0.22066666666666668
16077,0.04
16078,0.6566666666666666
16079,0.4066666666666667
16080,1.0
16081,0.033274676468926116
16082,0.45666666666666667
16083,0.03
16084,0.9533333333333334
16085,0.11
16086,0.11666666666666667
16087,0.056666666666666664
16088,0.39666666666666667
16089,0.2833333333333333
16090,0.35
16091,0.02666666666666667
16092,0.2733333333333333
16093,0.89
16094,0.99
16095,0.25
16096,0.43666666666666665
16097,0.0033333333333333335
16098,0.9966666666666667
16099,0.18111111111111108
16100,0.49666666666666665
16101,0.028333333333333332
16102,0.1288811188811189
16103,0.17666666666666667
16104,0.02666666666666667
16105,0.34
16106,0.14
16107,0.37333333333333335
16108,0.09666666666666666
16109,0.40888888888888886
16110,0.9235555555555556
16111,0.2922222222222222
16112,0.02666666666666667
16113,0.235
16114,0.9975757575757576
16115,0.056666666666666664
16116,0.5133333333333333
16117,0.09333333333333334
16118,0.02666666666666667
16119,0.03666666666666667
16120,0.05630574712643679
16121,0.05333333333333334
16122,0.02
16123,0.04666666666666667
16124,0.52
16125,0.22583333333333333
16126,0.023333333333333334
16127,0.32
16128,0.16666666666666666
16129,0.013333333333333334
16130,0.27666666666666667
16131,0.02666666666666667
16132,0.16
16133,0.23333333333333334
16134,0.06666666666666667
16135,0.06
16136,0.43333333333333335
16137,0.043333333333333335
16138,0.056666666666666664
16139,0.05
16140,0.7033333333333334
16141,0.016666666666666666
16142,0.05
16143,0.05
16144,0.05
16145,1.0
16146,0.0542002442002442
16147,0.09666666666666666
16148,0.8452777777777778
16149,0.0033333333333333335
16150,0.17333333333333334
16151,0.4866666666666667
16152,0.22474735449735453
16153,0.03
16154,0.04674679487179487
16155,0.07333333333333333
16156,0.31756036556036554
16157,0.0033333333333333335
16158,0.41623343199142415
16159,0.7822390572390574
16160,0.4266666666666667
16161,0.35
16162,0.9866666666666667
16163,0.013333333333333334
16164,0.013333333333333334
16165,0.032375
16166,0.9833333333333333
16167,0.0037719298245614034
16168,0.114
16169,0.2966666666666667
16170,0.24333333333333335
16171,0.07666666666666666
16172,0.79
16173,0.18
16174,0.09333333333333334
16175,0.17222222222222222
16176,0.04666666666666667
16177,0.0
16178,0.08333333333333333
16179,0.25
16180,0.10166666666666667
16181,0.016666666666666666
16182,0.19
16183,0.5633333333333334
16184,0.12333333333333334
16185,0.25
16186,0.02666666666666667
16187,0.12
16188,0.08
16189,0.056666666666666664
16190,0.32
16191,0.07
16192,0.7575505807925714
16193,0.056666666666666664
16194,0.006666666666666667
16195,0.08666666666666667
16196,0.023333333333333334
16197,0.3566666666666667
16198,0.9733333333333335
16199,0.17
16200,0.5133333333333333
16201,0.26
16202,0.02666666666666667
16203,0.31666666666666665
16204,0.8733333333333333
16205,0.20666666666666667
16206,0.03333333333333333
16207,0.13
16208,0.19055555555555556
16209,0.15
16210,0.36666666666666664
16211,0.08333333333333333
16212,0.07
16213,0.013333333333333334
16214,0.13055555555555556
16215,0.30333333333333334
16216,0.03
16217,0.9770370370370369
16218,0.016666666666666666
16219,0.09333333333333334
16220,0.15666666666666668
16221,0.02
16222,0.53
16223,0.02
16224,0.08577777777777777
16225,0.07333333333333333
16226,0.13333333333333333
16227,0.20333333333333334
16228,0.19
16229,0.1
16230,0.22
16231,0.96
16232,0.04666666666666667
16233,0.43
16234,0.20450000000000002
16235,0.1973888888888889
16236,0.9866666666666667
16237,0.99
16238,1.0
16239,0.99
16240,1.0
16241,0.11666666666666667
16242,0.03666666666666667
16243,0.17833333333333334
16244,0.03333333333333333
16245,0.035
16246,0.04714285714285714
16247,0.03666666666666667
16248,0.17
16249,0.13666666666666666
16250,0.26
16251,0.05
16252,0.14
16253,0.0
16254,0.02
16255,0.01
16256,0.05
16257,0.3333333333333333
16258,0.13833333333333334
16259,0.12666666666666668
16260,0.09
16261,0.20333333333333334
16262,0.01112962962962963
16263,0.23333333333333334
16264,0.14333333333333334
16265,0.043333333333333335
16266,0.056666666666666664
16267,0.17
16268,0.4633333333333333
16269,0.036309523809523805
16270,0.13333333333333333
16271,0.99
16272,0.17666666666666667
16273,0.6514859954859952
16274,0.023333333333333334
16275,0.21583333333333332
16276,0.47
16277,0.02
16278,0.056666666666666664
16279,0.19
16280,0.38
16281,0.24
16282,0.07
16283,0.04666666666666667
16284,0.2
16285,0.3333333333333333
16286,0.17443350019530687
16287,0.5841666666666666
16288,0.085
16289,0.03
16290,0.08333333333333333
16291,0.21333333333333335
16292,0.9933333333333333
16293,0.06666666666666667
16294,0.38333333333333336
16295,0.016666666666666666
16296,0.7266666666666667
16297,0.2
16298,0.37666666666666665
16299,0.9733333333333335
16300,0.08733333333333333
16301,0.7866666666666666
16302,0.09666666666666666
16303,0.5366666666666666
16304,0.36396396090946853
16305,0.056666666666666664
16306,0.9052110852110853
16307,0.9215555555555557
16308,0.14816666666666667
16309,0.012916666666666667
16310,0.03
16311,0.6666666666666666
16312,0.15666666666666668
16313,0.1
16314,0.9966666666666667
16315,0.01
16316,0.10583333333333333
16317,0.9110949235949238
16318,0.41733333333333333
16319,0.029722222222222226
16320,0.016666666666666666
16321,0.9966666666666667
16322,0.42
16323,1.0
16324,0.8466666666666667
16325,0.06333333333333334
16326,0.35
16327,0.03007996632996633
16328,0.9933333333333333
16329,0.16
16330,0.3566666666666667
16331,0.9933333333333333
16332,0.07333333333333333
16333,0.8662899048213452
16334,0.006666666666666667
16335,0.28
16336,0.05333333333333334
16337,0.9427094017094017
16338,0.09
16339,0.023333333333333334
16340,0.5809431216931217
16341,0.9833333333333333
16342,0.1846827008361535
16343,0.07161111111111111
16344,0.02844444444444445
16345,0.31333333333333335
16346,0.07
16347,0.16
16348,0.016666666666666666
16349,0.056666666666666664
16350,0.08651471984805319
16351,0.02666666666666667
16352,0.0033333333333333335
16353,0.6846666666666666
16354,0.09666666666666666
16355,0.18333333333333332
16356,0.09908163245348602
16357,0.81
16358,0.24666666666666667
16359,0.2
16360,0.14666666666666667
16361,0.09333333333333334
16362,0.07517460317460317
16363,0.10333333333333333
16364,0.016666666666666666
16365,0.10777777777777776
16366,0.3233333333333333
16367,0.013333333333333334
16368,0.20666666666666667
16369,0.9966666666666667
16370,0.9431666666666666
16371,0.37333333333333335
16372,1.0
16373,0.45
16374,0.079
16375,0.03333333333333333
16376,0.013333333333333334
16377,0.39666666666666667
16378,0.2733333333333333
16379,0.99
16380,0.9573333333333333
16381,0.36
16382,0.3466666666666667
16383,0.10666666666666667
16384,0.11666666666666667
16385,0.06
16386,1.0
16387,0.89
16388,0.9966666666666667
16389,0.38
16390,0.09333333333333334
16391,0.99
16392,0.10333333333333333
16393,0.07333333333333333
16394,0.1188888888888889
16395,0.4
16396,0.1
16397,0.04
16398,0.5
16399,0.08333333333333333
16400,0.0
16401,0.09666666666666666
16402,0.043333333333333335
16403,0.27
16404,0.04666666666666667
16405,0.36333333333333334
16406,0.4033333333333333
16407,0.23166666666666666
16408,0.10632323232323232
16409,0.38
16410,0.0125
16411,0.18
16412,0.03333333333333333
16413,0.013333333333333334
16414,0.08
16415,0.19
16416,0.9033333333333333
16417,0.21388888888888885
16418,1.0
16419,0.6966666666666667
16420,0.013333333333333334
16421,0.14
16422,0.49333333333333335
16423,0.08333333333333333
16424,0.09
16425,0.01
16426,0.17
16427,0.09666666666666666
16428,0.15666666666666668
16429,0.13
16430,0.10395881895881895
16431,0.02666666666666667
16432,0.30083333333333334
16433,0.20159203980099502
16434,0.15333333333333332
16435,0.04666666666666667
16436,0.5054501631944498
16437,0.25333333333333335
16438,0.21
16439,0.07
16440,0.08333333333333333
16441,0.7833333333333333
16442,0.19333333333333333
16443,0.13
16444,0.028333333333333332
16445,0.5173333333333333
16446,0.36333333333333334
16447,0.13305555555555554
16448,0.051666666666666666
16449,0.18
16450,0.09
16451,0.36333333333333334
16452,1.0
16453,0.6366666666666667
16454,0.04
16455,0.03333333333333333
16456,0.49
16457,0.7233333333333334
16458,0.98
16459,0.6985185185185184
16460,0.031111111111111107
16461,0.01
16462,0.03333333333333333
16463,0.6766666666666666
16464,0.02666666666666667
16465,0.4
16466,0.27
16467,0.10333333333333333
16468,0.4033333333333333
16469,0.013333333333333334
16470,0.07333333333333333
16471,0.35
16472,0.0353121693121693
16473,0.013333333333333334
16474,0.5933333333333334
16475,0.20633333333333334
16476,0.06
16477,0.09
16478,0.043333333333333335
16479,0.07288888888888889
16480,0.08416666666666667
16481,0.0
16482,0.32
16483,0.11333333333333333
16484,0.23
16485,0.09222222222222222
16486,0.22
16487,0.21
16488,0.12
16489,0.9933333333333333
16490,0.06333333333333334
16491,0.13333333333333333
16492,0.25333333333333335
16493,1.0
16494,0.016666666666666666
16495,0.16333333333333333
16496,0.10666666666666667
16497,0.4633333333333333
16498,0.29
16499,0.9933333333333333
16500,1.0
16501,0.006666666666666667
16502,0.16
16503,0.03666666666666667
16504,0.7333333333333333
16505,0.12333333333333334
16506,0.9933333333333333
16507,0.16
16508,0.22666666666666666
16509,0.95
16510,0.07
16511,0.07666666666666666
16512,0.07
16513,0.7088504273504274
16514,0.2546666666666667
16515,0.9876666666666667
16516,0.043333333333333335
16517,0.36666666666666664
16518,0.06333333333333334
16519,0.03333333333333333
16520,0.17333333333333334
16521,0.12
16522,0.06333333333333334
16523,0.02
16524,0.9033333333333333
16525,0.006666666666666667
16526,0.06867521367521368
16527,0.37666666666666665
16528,0.02666666666666667
16529,0.03333333333333333
16530,0.07333333333333333
16531,0.13
16532,0.21166666666666667
16533,0.016666666666666666
16534,0.10166666666666667
16535,0.03666666666666667
16536,0.07
16537,0.45
16538,0.013333333333333334
16539,0.21666666666666667
16540,0.08111111111111112
16541,0.02666666666666667
16542,0.4625
16543,1.0
16544,0.12666666666666668
16545,0.37333333333333335
16546,0.16
16547,0.0
16548,0.39
16549,0.10666666666666667
16550,0.02
16551,0.18090034965034968
16552,0.023333333333333334
16553,0.05136111111111111
16554,0.1225
16555,0.03417133520074697
16556,0.06612558356676003
16557,0.9966666666666667
16558,0.05333333333333334
16559,0.19333333333333333
16560,0.05
16561,0.1
16562,0.777775974025974
16563,0.39
16564,0.9057171717171718
16565,0.01577777777777778
16566,0.5223333333333333
16567,0.7466666666666667
16568,0.4033333333333333
16569,0.08
16570,0.43400000000000005
16571,0.11666666666666667
16572,0.8
16573,0.10666666666666667
16574,0.24141666666666667
16575,0.07666666666666666
16576,0.08
16577,0.7
16578,0.05
16579,0.32666666666666666
16580,0.03333333333333333
16581,0.15333333333333332
16582,0.01
16583,0.013333333333333334
16584,0.021666666666666667
16585,0.17
16586,0.03666666666666667
16587,1.0
16588,0.05333333333333334
16589,0.9953333333333334
16590,0.21666666666666667
16591,0.9517094017094017
16592,0.07311507936507936
16593,0.03
16594,0.013333333333333334
16595,0.04674679487179487
16596,0.03
16597,0.07666666666666666
16598,0.9844444444444443
16599,0.7811322751322751
16600,0.095
16601,0.10666666666666667
16602,0.03
16603,0.2866666666666667
16604,0.06666666666666667
16605,0.4804444444444444
16606,0.21333333333333335
16607,0.48133333333333334
16608,0.42
16609,0.98
16610,0.03333333333333333
16611,0.013333333333333334
16612,0.31
16613,0.10922222222222222
16614,0.023333333333333334
16615,0.22450168350168354
16616,0.31666666666666665
16617,0.07333333333333333
16618,0.07333333333333333
16619,0.02666666666666667
16620,0.25666666666666665
16621,1.0
16622,0.5133333333333333
16623,0.06333333333333334
16624,0.03333333333333333
16625,1.0
16626,0.1577777777777778
16627,0.03333333333333333
16628,0.13666666666666666
16629,0.06
16630,0.09666666666666666
16631,0.01
16632,0.22666666666666666
16633,0.03333333333333333
16634,0.09333333333333334
16635,0.8166666666666667
16636,0.19
16637,0.33666666666666667
16638,0.05708333333333333
16639,0.39666666666666667
16640,0.6
16641,0.0033333333333333335
16642,0.44
16643,0.41333333333333333
16644,0.3
16645,0.48333333333333334
16646,0.3433333333333333
16647,0.08333333333333333
16648,0.25333333333333335
16649,0.016666666666666666
16650,0.16350877192982458
16651,0.06
16652,0.4633333333333333
16653,0.09333333333333334
16654,0.39
16655,0.12955555555555553
16656,0.02
16657,0.03
16658,0.40944444444444444
16659,0.016666666666666666
16660,0.5989292811975737
16661,0.22333333333333333
16662,0.13666666666666666
16663,0.12565718896698844
16664,0.23666666666666666
16665,0.17443350019530687
16666,0.17
16667,0.056666666666666664
16668,0.04
16669,0.05333333333333334
16670,0.3566666666666667
16671,0.43666666666666665
16672,0.016231720274316623
16673,0.10333333333333333
16674,0.016666666666666666
16675,0.39555555555555555
16676,0.17666666666666667
16677,0.62
16678,0.006666666666666667
16679,1.0
16680,1.0
16681,0.3233333333333333
16682,0.9966666666666667
16683,0.22
16684,0.12
16685,0.29333333333333333
16686,0.31666666666666665
16687,0.18333333333333332
16688,0.19799999999999998
16689,0.32
16690,0.006666666666666667
16691,0.5066666666666667
16692,0.04
16693,0.26666666666666666
16694,0.01
16695,0.14333333333333334
16696,0.02666666666666667
16697,0.9395000000000001
16698,0.20333333333333334
16699,0.09381410256410257
16700,0.25666666666666665
16701,0.056666666666666664
16702,0.164
16703,0.07514285714285715
16704,1.0
16705,0.41333333333333333
16706,0.3725
16707,0.03666666666666667
16708,0.22666666666666666
16709,0.016666666666666666
16710,0.9933333333333333
16711,0.44666666666666666
16712,0.07611111111111112
16713,0.39666666666666667
16714,0.13
16715,0.04
16716,0.9766666666666667
16717,0.2775
16718,0.6692307692307693
16719,0.3
16720,0.2966666666666667
16721,0.740995033289151
16722,0.30333333333333334
16723,0.17666666666666667
16724,0.016666666666666666
16725,0.5733333333333334
16726,0.99
16727,0.05
16728,0.41333333333333333
16729,0.03666666666666667
16730,0.03444444444444444
16731,0.05333333333333334
16732,0.09
16733,0.8726948051948051
16734,0.06
16735,0.03333333333333333
16736,0.36
16737,0.1
16738,0.9966666666666667
16739,0.12666666666666668
16740,0.016666666666666666
16741,0.742544306184012
16742,0.99
16743,0.285
16744,0.18666666666666668
16745,1.0
16746,0.09
16747,0.9066666666666666
16748,0.06666666666666667
16749,0.3233333333333333
16750,1.0
16751,0.06666666666666667
16752,0.14
16753,0.12
16754,0.12
16755,0.01
16756,0.30706060606060603
16757,0.8466666666666667
16758,0.2
16759,0.5166666666666667
16760,0.08
16761,0.03333333333333333
16762,1.0
16763,0.3
16764,0.07333333333333333
16765,0.0
16766,0.04
16767,0.22
16768,0.15
16769,1.0
16770,0.33666666666666667
16771,0.99
16772,0.08333333333333333
16773,0.43333333333333335
16774,0.5366666666666666
16775,0.3466666666666667
16776,0.01
16777,0.02
16778,0.18666666666666668
16779,0.7537415697048049
16780,0.01
16781,0.27393095447225885
16782,0.26666666666666666
16783,0.43
16784,0.1
16785,0.7537415697048049
16786,0.25666666666666665
16787,0.13666666666666666
16788,0.0
16789,0.07666666666666666
16790,0.99
16791,0.023333333333333334
16792,0.25
16793,0.03333333333333333
16794,0.14333333333333334
16795,1.0
16796,0.9966666666666667
16797,0.19666666666666666
16798,0.16
16799,0.99
16800,0.74
16801,0.27
16802,0.22
16803,0.96
16804,0.9966666666666667
16805,0.0923948948948949
16806,0.020999999999999998
16807,0.18595959595959594
16808,0.05333333333333334
16809,0.16355555555555554
16810,0.3331666666666667
16811,0.02666666666666667
16812,0.43666666666666665
16813,0.17666666666666667
16814,0.14
16815,1.0
16816,0.1
16817,0.013666666666666666
16818,0.008888888888888889
16819,1.0
16820,0.06
16821,0.17222222222222222
16822,0.04666666666666667
16823,0.020833333333333332
16824,0.11666666666666667
16825,0.42333333333333334
16826,0.05
16827,0.7537415697048049
16828,0.9866666666666667
16829,0.6633333333333333
16830,0.06
16831,0.15777777777777777
16832,0.18666666666666668
16833,0.11333333333333333
16834,0.9966666666666667
16835,0.19
16836,0.5633333333333334
16837,0.5166666666666667
16838,0.02666666666666667
16839,0.33
16840,0.05333333333333334
16841,0.11
16842,0.04
16843,0.0033333333333333335
16844,0.23
16845,0.09333333333333334
16846,0.24666666666666667
16847,0.16182916942591863
16848,1.0
16849,0.9766666666666667
16850,1.0
16851,0.58
16852,0.013333333333333334
16853,1.0
16854,0.023333333333333334
16855,0.11222222222222224
16856,0.04666666666666667
16857,0.17
16858,0.13666666666666666
16859,0.02666666666666667
16860,0.004583333333333333
16861,0.056666666666666664
16862,0.04
16863,0.44666666666666666
16864,0.023333333333333334
16865,0.07333333333333333
16866,0.15
16867,0.285
16868,0.2866666666666667
16869,0.7266666666666667
16870,0.06666666666666667
16871,0.9966666666666667
16872,0.09666666666666666
16873,0.02
16874,0.25333333333333335
16875,0.01
16876,0.86
16877,0.9933333333333333
16878,0.09333333333333334
16879,0.16211111111111112
16880,0.06333333333333334
16881,0.016666666666666666
16882,0.02666666666666667
16883,0.16333333333333333
16884,0.09
16885,0.9966666666666667
16886,0.0636111111111111
16887,0.12666666666666668
16888,0.21666666666666667
16889,0.22333333333333333
16890,0.1
16891,0.5795833333333333
16892,0.09
16893,0.5897239561372956
16894,0.8866666666666667
16895,0.1877777777777778
16896,0.5466666666666666
16897,0.6671428571428571
16898,0.29
16899,0.4033333333333333
16900,0.26222222222222225
16901,0.5133333333333333
16902,0.04666666666666667
16903,0.03333333333333333
16904,0.12
16905,0.35333333333333333
16906,0.9233333333333333
16907,0.5266666666666666
16908,0.9966666666666667
16909,0.6366666666666667
16910,0.11
16911,0.043333333333333335
16912,0.03333333333333333
16913,0.7572642688187311
16914,1.0
16915,0.23
16916,0.007142857142857143
16917,0.19
16918,0.13666666666666666
16919,0.3333333333333333
16920,0.21333333333333335
16921,0.4066666666666667
16922,0.25333333333333335
16923,0.05333333333333334
16924,0.2733333333333333
16925,0.68
16926,0.056666666666666664
16927,0.16111111111111112
16928,0.21666666666666667
16929,0.07
16930,0.02
16931,0.14
16932,0.3466666666666667
16933,0.006666666666666667
16934,0.12666666666666668
16935,0.95
16936,0.056666666666666664
16937,0.16666666666666666
16938,0.06333333333333334
16939,0.07
16940,0.12333333333333334
16941,0.24
16942,0.99
16943,0.06095238095238095
16944,0.18333333333333332
16945,0.013333333333333334
16946,1.0
16947,0.10166666666666667
16948,0.9966666666666667
16949,0.045
16950,0.23333333333333334
16951,0.06333333333333334
16952,0.76
16953,0.8817777777777777
16954,0.06
16955,0.4666666666666667
16956,0.16333333333333333
16957,0.07433333333333332
16958,0.18333333333333332
16959,0.023333333333333334
16960,0.96
16961,0.26
16962,0.10333333333333333
16963,0.6833333333333333
16964,0.014242424242424242
16965,0.013333333333333334
16966,0.07
16967,0.24188888888888888
16968,0.2733333333333333
16969,0.01
16970,0.44666666666666666
16971,0.09555555555555555
16972,0.016666666666666666
16973,0.9966666666666667
16974,0.06333333333333334
16975,0.27
16976,0.044444444444444446
16977,0.9966666666666667
16978,0.01
16979,0.02666666666666667
16980,0.9966666666666667
16981,0.926720379838027
16982,0.22333333333333333
16983,1.0
16984,0.3
16985,0.22833333333333333
16986,0.06
16987,0.89
16988,0.2633333333333333
16989,0.08833333333333333
16990,0.013333333333333334
16991,0.04
16992,0.7133333333333334
16993,0.23666666666666666
16994,0.36666666666666664
16995,0.034444444444444444
16996,0.16
16997,0.09333333333333334
16998,0.8733333333333333
16999,0.9966666666666667
17000,0.07333333333333333
17001,0.02666666666666667
17002,0.28
17003,0.74
17004,0.25
17005,0.45
17006,0.115
17007,0.9966666666666667
17008,0.03333333333333333
17009,0.1
17010,0.20666666666666667
17011,0.31
17012,0.023333333333333334
17013,0.28
17014,0.17443350019530687
17015,0.25666666666666665
17016,0.6733333333333333
17017,0.028333333333333332
17018,0.04
17019,0.02446115921115921
17020,0.03666666666666667
17021,0.02
17022,0.7162460317460319
17023,0.06
17024,0.9933333333333333
17025,0.11333333333333333
17026,1.0
17027,0.11333333333333333
17028,0.01112962962962963
17029,0.12
17030,0.05333333333333334
17031,0.2681927724017276
17032,0.07666666666666666
17033,0.12925925925925927
17034,0.01
17035,0.06
17036,0.4533333333333333
17037,0.014242424242424242
17038,0.9966666666666667
17039,0.2966666666666667
17040,0.19666666666666666
17041,0.2833333333333333
17042,0.021111111111111112
17043,0.49666666666666665
17044,0.53
17045,0.185
17046,0.27666666666666667
17047,0.03666666666666667
17048,0.01
17049,0.985
17050,0.08666666666666667
17051,0.0
17052,0.41833333333333333
17053,0.17111111111111113
17054,0.013333333333333334
17055,0.06666666666666667
17056,0.31
17057,0.9594871794871793
17058,0.09666666666666666
17059,0.2
17060,0.17
17061,1.0
17062,0.13
17063,0.25666666666666665
17064,0.16333333333333333
17065,0.10666666666666667
17066,0.15333333333333332
17067,0.17666666666666667
17068,0.043333333333333335
17069,0.18833333333333332
17070,0.11666666666666667
17071,0.49333333333333335
17072,0.03666666666666667
17073,1.0
17074,0.83
17075,0.04666666666666667
17076,0.12333333333333334
17077,0.008333333333333333
17078,0.45
17079,0.19666666666666666
17080,0.43333333333333335
17081,0.21666666666666667
17082,0.7717433862433862
17083,0.01
17084,0.023333333333333334
17085,0.19402706552706553
17086,0.923076923076923
17087,0.01
17088,0.30666666666666664
17089,0.016666666666666666
17090,1.0
17091,1.0
17092,0.023333333333333334
17093,0.9866666666666667
17094,0.43666666666666665
17095,0.04
17096,0.9833333333333333
17097,0.18416572959490926
17098,0.25333333333333335
17099,0.12833333333333333
17100,0.07666666666666666
17101,0.13666666666666666
17102,0.13666666666666666
17103,0.5740770988270989
17104,0.09
17105,0.18
17106,0.07
17107,0.39666666666666667
17108,0.07333333333333333
17109,0.15333333333333332
17110,0.19333333333333333
17111,0.10666666666666667
17112,1.0
17113,0.08
17114,0.49
17115,0.059437512378688856
17116,0.8884444444444444
17117,0.17666666666666667
17118,0.14
17119,0.09
17120,0.013333333333333334
17121,0.26814814814814814
17122,1.0
17123,0.13
17124,0.10666666666666667
17125,0.19666666666666666
17126,0.8633333333333333
17127,0.44333333333333336
17128,0.09333333333333334
17129,0.33666666666666667
17130,0.09666666666666666
17131,0.11
17132,0.32916666666666666
17133,0.03
17134,0.15
17135,1.0
17136,0.14
17137,0.9833333333333333
17138,0.26666666666666666
17139,0.5933333333333334
17140,0.09666666666666666
17141,0.06333333333333334
17142,0.4166666666666667
17143,0.10333333333333333
17144,0.11
17145,0.308
17146,0.14222222222222222
17147,0.016666666666666666
17148,0.0033333333333333335
17149,0.18666666666666668
17150,0.06333333333333334
17151,0.33666666666666667
17152,0.10666666666666667
17153,1.0
17154,0.9933333333333333
17155,0.9966666666666667
17156,0.11287518853695322
17157,1.0
17158,0.4166666666666667
17159,0.9966666666666667
17160,0.41
17161,0.013333333333333334
17162,0.22666666666666666
17163,0.1
17164,0.18666666666666668
17165,0.17333333333333334
17166,0.17
17167,0.9866666666666667
17168,0.17
17169,1.0
17170,0.13
17171,0.33445634920634926
17172,1.0
17173,0.10666666666666667
17174,0.09
17175,0.9222222222222223
17176,0.9866666666666667
17177,0.2866666666666667
17178,0.89
17179,0.35
17180,0.03333333333333333
17181,1.0
17182,0.42
17183,0.49333333333333335
17184,0.006666666666666667
17185,0.26666666666666666
17186,0.04055555555555556
17187,0.0033333333333333335
17188,0.023333333333333334
17189,0.02666666666666667
17190,0.12444444444444445
17191,0.28
17192,0.99
17193,0.25
17194,0.11266666666666665
17195,0.21
17196,0.01
17197,0.04
17198,0.3233333333333333
17199,0.09
17200,0.18
17201,0.02
17202,1.0
17203,0.11666666666666667
17204,0.6733333333333333
17205,0.11666666666666667
17206,0.10416666666666667
17207,0.1767651515151516
17208,0.99
17209,0.3433333333333333
17210,0.06
17211,0.09666666666666666
17212,0.21614906988436397
17213,0.043333333333333335
17214,0.10333333333333333
17215,0.32916666666666666
17216,0.2327777777777778
17217,0.14688888888888887
17218,0.15333333333333332
17219,0.36666666666666664
17220,0.0
17221,0.66
17222,0.37666666666666665
17223,0.02666666666666667
17224,0.30333333333333334
17225,0.06
17226,0.0542002442002442
17227,0.13333333333333333
17228,0.05
17229,0.2633333333333333
17230,0.02666666666666667
17231,0.4533333333333333
17232,0.04777777777777778
17233,0.31333333333333335
17234,0.4765674603174602
17235,0.19666666666666666
17236,0.07666666666666666
17237,0.14883333333333332
17238,0.08333333333333333
17239,0.99
17240,0.006666666666666667
17241,0.1
17242,0.99
17243,0.39
17244,0.016666666666666666
17245,0.14888888888888888
17246,0.006666666666666667
17247,0.2938095238095238
17248,0.09
17249,0.907799043062201
17250,0.0
17251,0.7608207612800635
17252,0.08333333333333333
17253,0.45
17254,0.09666666666666666
17255,0.09666666666666666
17256,0.20430231805231805
17257,0.08666666666666667
17258,0.07666666666666666
17259,0.9966666666666667
17260,0.37
17261,0.9975
17262,0.15
17263,0.023333333333333334
17264,0.023333333333333334
17265,0.054
17266,0.8973333333333333
17267,0.8466666666666667
17268,0.028333333333333332
17269,0.9966666666666667
17270,0.0353121693121693
17271,0.12333333333333334
17272,0.01
17273,0.03666666666666667
17274,0.03666666666666667
17275,0.37666666666666665
17276,1.0
17277,0.5233333333333333
17278,0.19666666666666666
17279,0.3233333333333333
17280,0.9144444444444446
17281,0.11
17282,0.99
17283,0.13
17284,0.12333333333333334
17285,0.04611111111111111
17286,0.18333333333333332
17287,1.0
17288,0.04
17289,0.9933333333333333
17290,0.29333333333333333
17291,0.04
17292,0.39
17293,0.13333333333333333
17294,0.0
17295,0.9566666666666667
17296,0.013333333333333334
17297,0.056666666666666664
17298,0.08666666666666667
17299,0.9933333333333333
17300,0.21555555555555558
17301,0.98
17302,0.9822222222222221
17303,0.02666666666666667
17304,0.02666666666666667
17305,0.5857178007178007
17306,0.04666666666666667
17307,0.22333333333333333
17308,0.04074509803921569
17309,0.12333333333333334
17310,0.98
17311,0.22666666666666666
17312,0.11
17313,0.08666666666666667
17314,0.15333333333333332
17315,0.01
17316,0.9833333333333333
17317,0.2896705840455841
17318,0.9866666666666667
17319,0.056666666666666664
17320,0.9533333333333334
17321,0.7688888888888888
17322,0.31333333333333335
17323,0.06666666666666667
17324,0.04
17325,0.07023544973544975
17326,0.02
17327,0.07666666666666666
17328,0.4481481481481482
17329,0.17
17330,0.3333333333333333
17331,0.29697446561218593
17332,0.14333333333333334
17333,0.11166666666666666
17334,0.0027272727272727275
17335,0.09
17336,0.056666666666666664
17337,0.9933333333333333
17338,0.07333333333333333
17339,0.4744444444444444
17340,0.06666666666666667
17341,0.13
17342,0.03666666666666667
17343,0.05333333333333334
17344,0.2863558848558848
17345,0.16333333333333333
17346,1.0
17347,0.18
17348,0.24
17349,0.013333333333333334
17350,0.09333333333333334
17351,0.12666666666666668
17352,0.38333333333333336
17353,0.02375
17354,0.15666666666666668
17355,0.9966666666666667
17356,0.06333333333333334
17357,0.9933333333333333
17358,0.02666666666666667
17359,0.7333333333333333
17360,0.26666666666666666
17361,0.08833333333333333
17362,0.9966666666666667
17363,0.8633333333333333
17364,0.21
17365,0.015
17366,0.11316503267973856
17367,0.3383333333333333
17368,0.9876666666666667
17369,0.38
17370,0.07333333333333333
17371,0.22
17372,0.02
17373,1.0
17374,0.08
17375,1.0
17376,0.7230640645586298
17377,0.194
17378,1.0
17379,0.9277990430622011
17380,1.0
17381,0.99
17382,0.2966666666666667
17383,0.32666666666666666
17384,0.62
17385,0.06333333333333334
17386,0.4533333333333333
17387,0.01825
17388,0.67
17389,0.0033333333333333335
17390,0.06444444444444444
17391,0.035
17392,0.6566666666666666
17393,0.24833333333333332
17394,0.9966666666666667
17395,0.09333333333333334
17396,0.04666666666666667
17397,0.4533333333333333
17398,0.12666666666666668
17399,0.3880555555555556
17400,0.023333333333333334
17401,0.12714285714285714
17402,0.27
17403,0.22666666666666666
17404,0.39
17405,0.9566666666666667
17406,0.19222222222222224
17407,0.44155388471177937
17408,0.016666666666666666
17409,0.2125
17410,0.056666666666666664
17411,0.23333333333333334
17412,0.07333333333333333
17413,0.09333333333333334
17414,0.013333333333333334
17415,0.29
17416,0.065
17417,0.02666666666666667
17418,1.0
17419,0.43333333333333335
17420,0.89
17421,0.15666666666666668
17422,0.22
17423,0.36
17424,0.22
17425,0.15333333333333332
17426,0.08
17427,0.07
17428,0.4866666666666667
17429,0.07833333333333334
17430,0.06722222222222222
17431,0.07111111111111111
17432,0.14666666666666667
17433,0.03333333333333333
17434,0.10333333333333333
17435,0.21
17436,0.15
17437,0.2733333333333333
17438,0.13
17439,0.9966666666666667
17440,0.9966666666666667
17441,0.02666666666666667
17442,0.05333333333333334
17443,0.3086666666666667
17444,0.09666666666666666
17445,0.15333333333333332
17446,0.045
17447,0.02666666666666667
17448,0.02
17449,0.0011111111111111111
17450,0.05333333333333334
17451,0.016666666666666666
17452,0.07
17453,1.0
17454,0.02
17455,0.23666666666666666
17456,0.04
17457,0.18333333333333332
17458,0.02125
17459,0.30666666666666664
17460,0.25333333333333335
17461,0.08666666666666667
17462,0.15833333333333333
17463,0.42
17464,0.0
17465,0.04666666666666667
17466,0.9966666666666667
17467,0.3992458974465806
17468,0.050833333333333335
17469,0.24666666666666667
17470,0.03333333333333333
17471,0.36833333333333335
17472,0.08444444444444445
17473,0.013333333333333334
17474,0.17
17475,0.16666666666666666
17476,0.21
17477,0.9933333333333333
17478,0.02
17479,0.0011111111111111111
17480,0.29
17481,0.06
17482,0.025
17483,1.0
17484,0.12333333333333334
17485,0.062460317460317466
17486,0.45666666666666667
17487,0.02
17488,0.22333333333333333
17489,0.4166666666666667
17490,0.365
17491,0.043333333333333335
17492,0.9966666666666667
17493,0.38333333333333336
17494,0.24666666666666667
17495,0.9966666666666667
17496,0.02
17497,0.023333333333333334
17498,0.8884444444444444
17499,0.002666666666666667
17500,0.9566666666666667
17501,0.99
17502,0.06666666666666667
17503,0.056666666666666664
17504,0.22833333333333333
17505,0.12333333333333334
17506,0.01
17507,0.0033333333333333335
17508,0.023333333333333334
17509,0.35398892644822877
17510,0.02
17511,0.05
17512,0.9966666666666667
17513,0.26166666666666666
17514,0.12666666666666668
17515,0.9309080549080548
17516,0.43333333333333335
17517,0.07666666666666666
17518,0.0037719298245614034
17519,0.06333333333333334
17520,0.40800000000000003
17521,0.20666666666666667
17522,0.2733333333333333
17523,0.04666666666666667
17524,0.9334313725490195
17525,0.04666666666666667
17526,0.3466666666666667
17527,0.07
17528,0.054444444444444455
17529,0.1
17530,0.37
17531,0.023333333333333334
17532,0.02
17533,0.07733333333333334
17534,0.1042848254364414
17535,0.03
17536,0.056666666666666664
17537,0.13333333333333333
17538,0.12333333333333334
17539,0.08666666666666667
17540,0.18333333333333332
17541,0.9966666666666667
17542,0.023333333333333334
17543,0.3233333333333333
17544,0.06
17545,0.016666666666666666
17546,0.17333333333333334
17547,0.84125
17548,0.2816666666666667
17549,0.023333333333333334
17550,0.09666666666666666
17551,0.3094444444444444
17552,0.11416666666666667
17553,0.67
17554,0.06333333333333334
17555,0.08
17556,0.02666666666666667
17557,0.31666666666666665
17558,0.03666666666666667
17559,0.06333333333333334
17560,0.023333333333333334
17561,0.03333333333333333
17562,0.1411111111111111
17563,0.0362962962962963
17564,0.17333333333333334
17565,0.056666666666666664
17566,0.01
17567,0.5766666666666667
17568,0.39
17569,0.03666666666666667
17570,0.38666666666666666
17571,0.13333333333333333
17572,0.23833333333333334
17573,0.20444444444444446
17574,0.6266666666666667
17575,0.5278051948051948
17576,0.72
17577,0.023333333333333334
17578,1.0
17579,0.4766666666666667
17580,0.4166666666666667
17581,0.05333333333333334
17582,0.056666666666666664
17583,0.14666666666666667
17584,0.99
17585,0.15
17586,0.17666666666666667
17587,0.37
17588,0.2372222222222222
17589,1.0
17590,0.05333333333333334
17591,0.02
17592,0.17333333333333334
17593,0.98
17594,0.15666666666666668
17595,0.3090552641802642
17596,0.02
17597,0.97
17598,0.023333333333333334
17599,0.01
17600,0.65
17601,0.61
17602,0.043333333333333335
17603,0.9966666666666667
17604,0.29333333333333333
17605,0.08666666666666667
17606,0.9866666666666667
17607,0.7291374763922902
17608,0.14333333333333334
17609,0.65
17610,0.7537415697048049
17611,0.30333333333333334
17612,0.006666666666666667
17613,0.07888888888888888
17614,0.35333333333333333
17615,0.15895382395382393
17616,1.0
17617,0.9966666666666667
17618,0.25666666666666665
17619,0.07333333333333333
17620,0.03
17621,0.09777777777777778
17622,0.03666666666666667
17623,0.023333333333333334
17624,0.03
17625,0.07
17626,0.38333333333333336
17627,0.9966666666666667
17628,0.14
17629,0.03333333333333333
17630,0.08235690235690236
17631,0.8415818713450292
17632,0.47333333333333333
17633,0.32666666666666666
17634,0.03333333333333333
17635,0.14
17636,0.37666666666666665
17637,0.3491666666666667
17638,0.02
17639,0.31666666666666665
17640,0.13666666666666666
17641,0.06333333333333334
17642,0.056666666666666664
17643,0.22
17644,0.01
17645,0.338
17646,0.08666666666666667
17647,0.8726948051948051
17648,0.04666666666666667
17649,0.013333333333333334
17650,0.17
17651,0.24
17652,0.14666666666666667
17653,0.07666666666666666
17654,0.0033333333333333335
17655,0.03333333333333333
17656,0.04560606060606061
17657,0.06
17658,0.24333333333333335
17659,0.125
17660,0.22666666666666666
17661,0.04666666666666667
17662,0.148
17663,0.11
17664,0.09166666666666666
17665,0.03333333333333333
17666,0.45
17667,0.030138888888888892
17668,0.019259259259259257
17669,0.013333333333333334
17670,0.13666666666666666
17671,0.9427094017094017
17672,0.9966666666666667
17673,0.056666666666666664
17674,0.36666666666666664
17675,0.1
17676,0.043333333333333335
17677,1.0
17678,0.016666666666666666
17679,0.06
17680,0.4744444444444445
17681,0.013333333333333334
17682,0.13333333333333333
17683,0.1
17684,0.013333333333333334
17685,0.02666666666666667
17686,0.9966666666666667
17687,0.01647058823529412
17688,0.03666666666666667
17689,0.03333333333333333
17690,0.11
17691,0.42
17692,0.16
17693,0.18666666666666668
17694,0.06
17695,0.08666666666666667
17696,0.06866666666666667
17697,0.21
17698,1.0
17699,0.041666666666666664
17700,0.0
17701,0.23666666666666666
17702,0.4666666666666667
17703,0.016666666666666666
17704,0.15333333333333332
17705,0.043333333333333335
17706,0.06
17707,0.08333333333333333
17708,0.043333333333333335
17709,0.08
17710,0.11
17711,0.13333333333333333
17712,0.02
17713,0.03333333333333333
17714,0.32524372444770755
17715,0.5433333333333333
17716,0.71
17717,0.9966666666666667
17718,0.01
17719,0.03333333333333333
17720,0.9933333333333333
17721,0.01
17722,0.9866666666666667
17723,1.0
17724,0.21666666666666667
17725,0.09333333333333334
17726,0.016666666666666666
17727,0.07444444444444444
17728,1.0
17729,0.12666666666666668
17730,0.21
17731,0.016666666666666666
17732,0.8546666666666666
17733,0.9988888888888887
17734,0.02666666666666667
17735,0.04555555555555555
17736,0.18611111111111112
17737,0.9833333333333333
17738,0.01
17739,0.12333333333333334
17740,0.43555555555555564
17741,0.07
17742,0.30666666666666664
17743,0.9669767441860464
17744,0.02666666666666667
17745,0.12666666666666668
17746,0.24333333333333335
17747,0.9966666666666667
17748,0.25
17749,0.26416666666666666
17750,0.13166666666666665
17751,1.0
17752,0.18
17753,0.9933333333333333
17754,0.15333333333333332
17755,0.15
17756,0.07666666666666666
17757,0.9966666666666667
17758,0.1
17759,0.10666666666666667
17760,0.9866666666666667
17761,0.57
17762,0.2
17763,0.9955555555555554
17764,0.043333333333333335
17765,0.9533333333333334
17766,0.06666666666666667
17767,0.2675164446120329
17768,0.0
17769,0.22
17770,0.03666666666666667
17771,0.7866666666666666
17772,0.013333333333333334
17773,0.22333333333333333
17774,0.33
17775,0.20666666666666667
17776,0.025
17777,0.24666666666666667
17778,0.07055555555555557
17779,0.15
17780,0.016666666666666666
17781,0.23
17782,0.14333333333333334
17783,0.07
17784,0.04666666666666667
17785,0.9966666666666667
17786,0.020841750841750842
17787,0.0381998556998557
17788,1.0
17789,0.99
17790,0.016666666666666666
17791,0.905653594771242
17792,0.10666666666666667
17793,0.12
17794,0.26666666666666666
17795,0.03
17796,0.09
17797,1.0
17798,0.18
17799,0.4
17800,0.42
17801,0.11733333333333335
17802,0.43333333333333335
17803,0.04833333333333333
17804,0.02
17805,0.11666666666666667
17806,0.01
17807,0.9966666666666667
17808,0.06333333333333334
17809,0.25666666666666665
17810,0.05333333333333334
17811,0.4266666666666667
17812,0.9133333333333333
17813,0.8066666666666666
17814,0.10666666666666667
17815,0.14594949494949497
17816,0.14333333333333334
17817,0.21
17818,0.04714285714285714
17819,0.03
17820,0.016666666666666666
17821,0.33
17822,0.15833333333333333
17823,0.04666666666666667
17824,0.04560606060606061
17825,0.013333333333333334
17826,0.05
17827,0.03666666666666667
17828,0.62
17829,0.02666666666666667
17830,0.006666666666666667
17831,0.02666666666666667
17832,1.0
17833,0.15866666666666668
17834,0.09666666666666666
17835,0.6218577402840868
17836,0.34
17837,0.32
17838,0.16666666666666666
17839,0.6666666666666666
17840,0.13
17841,0.154
17842,0.47403430799220264
17843,0.16
17844,1.0
17845,0.006666666666666667
17846,0.043333333333333335
17847,0.9395000000000001
17848,0.08
17849,0.26166666666666666
17850,0.42333333333333334
17851,0.02666666666666667
17852,0.14333333333333334
17853,0.18333333333333332
17854,0.61
17855,0.12
17856,0.013333333333333334
17857,0.3308333333333333
17858,0.20666666666666667
17859,0.0033333333333333335
17860,1.0
17861,0.99
17862,0.18333333333333332
17863,0.04666666666666667
17864,0.42
17865,0.04666666666666667
17866,0.0
17867,0.18333333333333332
17868,0.056666666666666664
17869,0.49666666666666665
17870,0.23
17871,0.24777777777777776
17872,0.08861111111111111
17873,0.03666666666666667
17874,0.22333333333333333
17875,0.03
17876,0.9733333333333334
17877,0.41
17878,1.0
17879,1.0
17880,0.04823335538852779
17881,0.006666666666666667
17882,0.9166666666666666
17883,0.043333333333333335
17884,0.10333333333333333
17885,1.0
17886,0.24333333333333335
17887,0.013333333333333334
17888,0.20888888888888887
17889,0.04666666666666667
17890,0.6880000000000001
17891,0.041666666666666664
17892,0.9866666666666667
17893,0.006666666666666667
17894,0.3446666666666667
17895,0.9866666666666667
17896,0.021666666666666667
17897,0.04416666666666667
17898,0.2833333333333333
17899,0.4
17900,0.07333333333333333
17901,0.2966666666666667
17902,0.9966666666666667
17903,1.0
17904,0.0033333333333333335
17905,0.05
17906,0.13666666666666666
17907,0.03333333333333333
17908,0.15333333333333332
17909,0.07604761904761904
17910,0.127
17911,0.13666666666666666
17912,0.24333333333333335
17913,0.035833333333333335
17914,0.03333333333333333
17915,0.058333333333333334
17916,0.16
17917,0.49333333333333335
17918,0.17666666666666667
17919,0.11
17920,0.12
17921,0.98
17922,0.21666666666666667
17923,0.30333333333333334
17924,0.2994444444444444
17925,0.04666666666666667
17926,0.68
17927,0.13666666666666666
17928,0.27
17929,0.15333333333333332
17930,0.07666666666666666
17931,0.5632829952039703
17932,0.14666666666666667
17933,0.17666666666666667
17934,0.14666666666666667
17935,0.9866666666666667
17936,0.08333333333333333
17937,0.0033333333333333335
17938,0.20666666666666667
17939,0.07666666666666666
17940,0.4568888888888889
17941,0.035444444444444445
17942,0.03194444444444445
17943,0.24333333333333335
17944,0.23952020202020202
17945,0.27
17946,0.023333333333333334
17947,0.03666666666666667
17948,0.06333333333333334
17949,0.07333333333333333
17950,0.25
17951,0.25333333333333335
17952,1.0
17953,0.23666666666666666
17954,0.07666666666666666
17955,1.0
17956,0.02666666666666667
17957,0.2
17958,0.9876666666666667
17959,0.05158536585365854
17960,0.3233333333333333
17961,0.08333333333333333
17962,0.9933333333333333
17963,0.16666666666666666
17964,0.3466666666666667
17965,0.22666666666666666
17966,0.3566666666666667
17967,0.09
17968,0.17490053793176374
17969,0.02666666666666667
17970,0.21944444444444447
17971,0.18
17972,0.09333333333333334
17973,0.21333333333333335
17974,0.1
17975,0.03666666666666667
17976,0.36
17977,0.06333333333333334
17978,0.98
17979,0.43333333333333335
17980,0.31333333333333335
17981,0.25916666666666666
17982,0.05333333333333334
17983,0.591111111111111
17984,0.06666666666666667
17985,0.13166666666666665
17986,0.3233333333333333
17987,0.06266666666666666
17988,0.2866666666666667
17989,0.08666666666666667
17990,0.11
17991,0.22333333333333333
17992,0.7936934470758
17993,0.6666666666666666
17994,0.02666666666666667
17995,0.28
17996,0.20333333333333334
17997,0.18333333333333332
17998,0.8344109022015515
17999,0.9966666666666667
18000,0.09666666666666666
18001,0.31
18002,0.2733333333333333
18003,0.02666666666666667
18004,0.12333333333333334
18005,0.043333333333333335
18006,0.4166666666666667
18007,0.08833333333333333
18008,0.11866666666666667
18009,0.12333333333333334
18010,0.056666666666666664
18011,0.10888888888888888
18012,0.0725
18013,0.13666666666666666
18014,0.9966666666666667
18015,0.9966666666666667
18016,0.3
18017,0.19343168527379057
18018,0.19
18019,0.013333333333333334
18020,0.18666666666666668
18021,0.9933333333333333
18022,0.07666666666666666
18023,0.73
18024,0.043333333333333335
18025,0.06666666666666667
18026,0.68
18027,0.9222222222222223
18028,0.08833333333333333
18029,0.30666666666666664
18030,0.06471726032252348
18031,0.01
18032,0.20666666666666667
18033,0.13666666666666666
18034,0.05384615384615384
18035,0.03333333333333333
18036,1.0
18037,0.99
18038,0.205
18039,0.02
18040,0.035
18041,0.6108888888888888
18042,0.21666666666666667
18043,1.0
18044,0.9966666666666667
18045,0.268
18046,0.33666666666666667
18047,0.023333333333333334
18048,0.9317989417989417
18049,0.8166666666666667
18050,0.41383333333333333
18051,0.155
18052,0.9166666666666666
18053,0.08666666666666667
18054,0.03666666666666667
18055,0.7633333333333333
18056,0.28264285714285714
18057,0.06666666666666667
18058,0.14
18059,0.02
18060,0.37
18061,0.07333333333333333
18062,0.025714285714285714
18063,0.02666666666666667
18064,0.38666666666666666
18065,0.2966666666666667
18066,0.08111111111111112
18067,0.9517094017094017
18068,0.15666666666666668
18069,0.27
18070,0.9052038513792899
18071,0.01
18072,0.673030303030303
18073,0.99
18074,0.016666666666666666
18075,0.8766666666666667
18076,1.0
18077,0.22666666666666666
18078,1.0
18079,0.03
18080,0.95
18081,0.389908938793311
18082,0.04666666666666667
18083,0.0033333333333333335
18084,0.07166666666666667
18085,0.09333333333333334
18086,0.5433333333333333
18087,0.8341666666666666
18088,0.9966666666666667
18089,0.24333333333333335
18090,0.05
18091,0.056666666666666664
18092,0.7533333333333333
18093,0.32666666666666666
18094,0.36666666666666664
18095,0.38666666666666666
18096,0.14333333333333334
18097,0.14
18098,0.12666666666666668
18099,1.0
18100,0.03333333333333333
18101,0.05416666666666667
18102,0.5054501631944498
18103,0.11666666666666667
18104,0.0
18105,0.06
18106,0.061071428571428575
18107,0.02
18108,0.06866666666666667
18109,0.23666666666666666
18110,0.6835897435897437
18111,0.25666666666666665
18112,0.043333333333333335
18113,0.07333333333333333
18114,0.9933333333333333
18115,0.3233333333333333
18116,0.7717433862433862
18117,0.28888888888888886
18118,0.11666666666666667
18119,0.36333333333333334
18120,0.4033333333333333
18121,0.08703571428571429
18122,0.9966666666666667
18123,0.5633333333333334
18124,0.11333333333333333
18125,0.6425735867446396
18126,0.8937610722610722
18127,0.16666666666666666
18128,0.09620289855072464
18129,0.33199999999999996
18130,0.5229882154882155
18131,0.8863821138211381
18132,0.0033333333333333335
18133,0.25
18134,0.06333333333333334
18135,0.07666666666666666
18136,0.03666666666666667
18137,0.06
18138,0.04666666666666667
18139,0.056666666666666664
18140,0.013333333333333334
18141,0.18333333333333332
18142,0.15333333333333332
18143,0.26666666666666666
18144,0.043333333333333335
18145,0.08666666666666667
18146,0.39
18147,0.37
18148,0.04666666666666667
18149,0.08
18150,0.21666666666666667
18151,0.05333333333333334
18152,0.9966666666666667
18153,1.0
18154,0.420047619047619
18155,0.5633333333333334
18156,0.43666666666666665
18157,0.043333333333333335
18158,0.8066666666666666
18159,0.10666666666666667
18160,0.24521600621600623
18161,0.9289974937343358
18162,0.27
18163,0.12333333333333334
18164,0.22583333333333333
18165,0.11333333333333333
18166,0.25
18167,0.99
18168,0.31333333333333335
18169,0.03666666666666667
18170,0.10244444444444445
18171,0.010833333333333334
18172,1.0
18173,0.016666666666666666
18174,0.22666666666666666
18175,0.27
18176,0.023333333333333334
18177,0.9366666666666666
18178,0.9966666666666667
18179,0.043333333333333335
18180,0.06666666666666667
18181,0.13333333333333333
18182,0.12333333333333334
18183,0.31
18184,0.03666666666666667
18185,0.9866666666666667
18186,0.3333333333333333
18187,0.58
18188,0.1
18189,0.09333333333333334
18190,0.06
18191,0.12666666666666668
18192,0.05333333333333334
18193,0.69
18194,0.016666666666666666
18195,0.4
18196,0.63
18197,0.05
18198,0.043333333333333335
18199,0.37666666666666665
18200,0.11666666666666667
18201,0.042222222222222223
18202,0.7066666666666667
18203,0.31666666666666665
18204,0.22666666666666666
18205,0.023333333333333334
18206,0.97
18207,0.02
18208,0.03666666666666667
18209,0.056666666666666664
18210,0.15333333333333332
18211,0.7093703703703703
18212,0.2833333333333333
18213,0.5233333333333333
18214,0.048
18215,0.07277777777777777
18216,0.056666666666666664
18217,0.016666666666666666
18218,0.33
18219,0.8066666666666666
18220,0.38666666666666666
18221,0.12
18222,0.02
18223,0.6288148148148149
18224,1.0
18225,0.04
18226,0.9966666666666667
18227,0.31166666666666665
18228,0.13833333333333334
18229,0.183125
18230,0.06666666666666667
18231,0.10333333333333333
18232,1.0
18233,0.12238812544045104
18234,0.9966666666666667
18235,0.14333333333333334
18236,0.08666666666666667
18237,0.9966666666666667
18238,0.08666666666666667
18239,0.10994444444444444
18240,0.9866666666666667
18241,0.22714285714285712
18242,0.05592592592592593
18243,0.5311111111111111
18244,0.18666666666666668
18245,1.0
18246,0.03666666666666667
18247,0.17821759259259262
18248,0.2866666666666667
18249,0.44724964615277923
18250,0.15333333333333332
18251,0.08816666666666667
18252,0.15964912280701754
18253,0.37
18254,0.16555555555555554
18255,0.03
18256,0.19333333333333333
18257,0.14666666666666667
18258,0.112
18259,0.10333333333333333
18260,0.8966666666666666
18261,0.2633333333333333
18262,0.03333333333333333
18263,0.9966666666666667
18264,0.9966666666666667
18265,0.013333333333333334
18266,0.08136695906432749
18267,0.03333333333333333
18268,0.06666666666666667
18269,0.056666666666666664
18270,0.14666666666666667
18271,0.3933333333333333
18272,0.03666666666666667
18273,0.15333333333333332
18274,0.18666666666666668
18275,0.02666666666666667
18276,0.23666666666666666
18277,0.2518043328207487
18278,0.08
18279,0.30333333333333334
18280,0.6566666666666666
18281,0.12916666666666668
18282,0.8635353535353535
18283,0.03333333333333333
18284,0.035812590187590185
18285,0.19
18286,0.31666666666666665
18287,0.9643333333333334
18288,0.16333333333333333
18289,0.03
18290,0.016666666666666666
18291,0.0555952380952381
18292,0.045
18293,0.05
18294,0.27666666666666667
18295,0.03666666666666667
18296,0.18833333333333332
18297,0.5183333333333333
18298,0.5133333333333333
18299,0.031247937591590846
18300,0.11
18301,0.5066666666666667
18302,0.18333333333333332
18303,0.26592857142857146
18304,0.034304232804232795
18305,0.03
18306,0.056666666666666664
18307,1.0
18308,0.34
18309,0.38887432327510063
18310,0.9966666666666667
18311,0.01
18312,0.9966666666666667
18313,0.14730095313183564
18314,0.25
18315,0.13333333333333333
18316,0.04777777777777778
18317,0.19
18318,0.10666666666666667
18319,0.07333333333333333
18320,0.32666666666666666
18321,0.11222222222222224
18322,0.9966666666666667
18323,0.34
18324,0.10412698412698412
18325,1.0
18326,0.0033333333333333335
18327,0.09666666666666666
18328,0.15666666666666668
18329,0.11666666666666667
18330,0.7858333333333334
18331,0.6866666666666666
18332,0.39506230502670125
18333,0.9144444444444446
18334,0.6220634920634921
18335,0.01
18336,0.016666666666666666
18337,0.7717433862433862
18338,1.0
18339,0.2518043328207487
18340,0.30666666666666664
18341,0.11666666666666667
18342,0.01
18343,0.08333333333333333
18344,0.4266666666666667
18345,0.18
18346,0.28
18347,0.9966666666666667
18348,0.11899267399267402
18349,0.11666666666666667
18350,0.36333333333333334
18351,0.016666666666666666
18352,0.006666666666666667
18353,0.20333333333333334
18354,0.8621852198455141
18355,1.0
18356,0.5733333333333334
18357,0.08333333333333333
18358,0.88
18359,0.08333333333333333
18360,0.12916666666666668
18361,0.06333333333333334
18362,0.3466666666666667
18363,1.0
18364,0.5966666666666667
18365,0.2866666666666667
18366,0.9051519795657728
18367,0.13333333333333333
18368,0.37
18369,0.99
18370,0.5733333333333334
18371,0.1775
18372,0.5
18373,0.1211111111111111
18374,0.34
18375,0.9643866503866504
18376,0.03
18377,0.25
18378,0.05333333333333334
18379,0.26
18380,0.6914814814814815
18381,0.25666666666666665
18382,0.07
18383,0.03333333333333333
18384,0.5366666666666666
18385,0.4666666666666667
18386,0.13
18387,0.2
18388,0.03833333333333333
18389,0.45
18390,0.7466666666666667
18391,0.23
18392,0.4
18393,0.06
18394,0.19
18395,0.10666666666666667
18396,0.30666666666666664
18397,0.8606060606060606
18398,1.0
18399,0.17666666666666667
18400,0.12
18401,0.03666666666666667
18402,0.07666666666666666
18403,0.11
18404,0.6966666666666667
18405,0.016666666666666666
18406,0.12333333333333334
18407,0.37666666666666665
18408,0.027575757575757576
18409,0.9833333333333333
18410,0.03
18411,0.19666666666666666
18412,0.28777777777777774
18413,0.5866666666666667
18414,0.016666666666666666
18415,0.10333333333333333
18416,0.03
18417,0.30333333333333334
18418,0.9287583222877341
18419,0.034583333333333334
18420,0.17333333333333334
18421,0.9393760683760684
18422,0.3466666666666667
18423,0.99
18424,0.5233333333333333
18425,0.9933333333333333
18426,0.08666666666666667
18427,0.10666666666666667
18428,0.15666666666666668
18429,0.39666666666666667
18430,0.05888888888888888
18431,0.04666666666666667
18432,0.4066666666666667
18433,0.11111111111111109
18434,0.9336666666666668
18435,0.09666666666666666
18436,0.01
18437,0.04027777777777777
18438,0.06333333333333334
18439,0.023333333333333334
18440,0.65
18441,0.02666666666666667
18442,0.10333333333333333
18443,0.03333333333333333
18444,1.0
18445,0.023333333333333334
18446,0.67
18447,1.0
18448,0.15666666666666668
18449,0.027222222222222228
18450,0.10333333333333333
18451,0.9866666666666667
18452,0.20666666666666667
18453,0.03
18454,0.03333333333333333
18455,1.0
18456,0.02081236002559532
18457,0.06888888888888889
18458,0.31666666666666665
18459,0.9766666666666667
18460,0.6291666666666667
18461,0.0748148148148148
18462,0.9327969437969438
18463,0.043333333333333335
18464,0.19666666666666666
18465,0.9933333333333333
18466,1.0
18467,0.18666666666666668
18468,0.16
18469,0.2
18470,0.24333333333333335
18471,0.22666666666666666
18472,0.15333333333333332
18473,0.13
18474,0.05333333333333334
18475,0.02666666666666667
18476,0.03
18477,0.11
18478,0.0016666666666666668
18479,1.0
18480,0.023333333333333334
18481,0.9966666666666667
18482,0.021666666666666667
18483,0.03333333333333333
18484,0.9966666666666667
18485,0.41623343199142415
18486,1.0
18487,1.0
18488,0.0362962962962963
18489,0.01
18490,0.06333333333333334
18491,0.16
18492,0.21
18493,0.18833333333333332
18494,0.32916666666666666
18495,0.24333333333333335
18496,0.10666666666666667
18497,0.9933333333333333
18498,0.06333333333333334
18499,0.07666666666666666
18500,0.37511904761904763
18501,0.06
18502,0.481851966873706
18503,0.275
18504,0.02
18505,0.009444444444444445
18506,1.0
18507,1.0
18508,0.285
18509,0.31
18510,0.013333333333333334
18511,0.013333333333333334
18512,0.27133333333333337
18513,0.05
18514,0.33
18515,0.030666666666666665
18516,0.389908938793311
18517,0.53
18518,0.03
18519,0.7343809523809524
18520,0.018333333333333333
18521,0.17
18522,0.04666666666666667
18523,0.88468969420093
18524,0.29333333333333333
18525,0.27666666666666667
18526,0.6333333333333333
18527,0.013333333333333334
18528,0.15
18529,0.7066666666666667
18530,0.11
18531,0.21666666666666667
18532,0.94
18533,0.7577777777777778
18534,0.13
18535,0.6333333333333333
18536,0.07333333333333333
18537,0.6479761904761905
18538,0.14
18539,0.18
18540,0.30666666666666664
18541,0.05333333333333334
18542,0.03
18543,0.01
18544,0.11
18545,0.006666666666666667
18546,0.99
18547,0.99
18548,0.20333333333333334
18549,0.8222227032227033
18550,0.38666666666666666
18551,0.023333333333333334
18552,0.0033333333333333335
18553,0.285
18554,0.01
18555,0.02
18556,0.25333333333333335
18557,0.08
18558,0.05
18559,0.39666666666666667
18560,0.08666666666666667
18561,0.315
18562,0.8433333333333334
18563,1.0
18564,0.9933333333333333
18565,0.5266666666666666
18566,0.6933333333333334
18567,0.22333333333333333
18568,0.05
18569,0.11
18570,0.7537415697048049
18571,0.0
18572,0.03
18573,0.2966666666666667
18574,0.06666666666666667
18575,0.013333333333333334
18576,0.21333333333333335
18577,0.9933333333333333
18578,0.05333333333333334
18579,1.0
18580,1.0
18581,0.06333333333333334
18582,0.36333333333333334
18583,0.9966666666666667
18584,0.23333333333333334
18585,1.0
18586,0.98
18587,0.14666666666666667
18588,0.14730095313183564
18589,0.1475
18590,0.013333333333333334
18591,0.02214285714285714
18592,0.18333333333333332
18593,0.23333333333333334
18594,0.9133386243386242
18595,0.0
18596,0.04666666666666667
18597,0.08
18598,0.08
18599,0.24333333333333335
18600,0.26
18601,0.9966666666666667
18602,0.03
18603,0.009743589743589744
18604,0.37733333333333335
18605,0.06166666666666667
18606,0.7766666666666666
18607,0.20333333333333334
18608,0.016666666666666666
18609,0.04
18610,0.023333333333333334
18611,0.9966666666666667
18612,0.9933333333333333
18613,0.6401920629054776
18614,0.2938095238095238
18615,0.10666666666666667
18616,0.03666666666666667
18617,0.175
18618,0.02
18619,0.9366666666666666
18620,0.05333333333333334
18621,0.29333333333333333
18622,0.09333333333333334
18623,0.19333333333333333
18624,0.15
18625,0.006666666666666667
18626,0.03166666666666667
18627,0.3433333333333333
18628,0.016666666666666666
18629,0.0011111111111111111
18630,0.3
18631,0.11583333333333333
18632,0.010555555555555556
18633,0.6819117647058823
18634,0.41
18635,0.043333333333333335
18636,0.0025
18637,0.2
18638,0.06
18639,0.07666666666666666
18640,0.02
18641,0.6766666666666666
18642,0.016666666666666666
18643,0.08
18644,0.12333333333333334
18645,0.15783333333333333
18646,0.16891666666666666
18647,0.05333333333333334
18648,0.013333333333333334
18649,0.4
18650,0.0033333333333333335
18651,0.3358333333333333
18652,0.23666666666666666
18653,0.1161111111111111
18654,1.0
18655,0.09333333333333334
18656,0.023487179487179488
18657,0.26666666666666666
18658,0.2733333333333333
18659,0.04833333333333333
18660,0.99
18661,0.12333333333333334
18662,0.0033333333333333335
18663,0.2683333333333333
18664,0.9966666666666667
18665,0.006666666666666667
18666,0.06324999999999999
18667,0.3566666666666667
18668,0.25666666666666665
18669,0.04
18670,0.03
18671,0.11
18672,0.06333333333333334
18673,0.03333333333333333
18674,0.06333333333333334
18675,1.0
18676,0.5566666666666666
18677,0.1
18678,0.10666666666666667
18679,0.3233333333333333
18680,0.18333333333333332
18681,0.9966666666666667
18682,0.9966666666666667
18683,0.010476190476190476
18684,0.9106666666666666
18685,0.99
18686,0.09
18687,0.48333333333333334
18688,0.32885339061809643
18689,0.97
18690,0.8830952380952382
18691,0.035812590187590185
18692,0.21333333333333335
18693,0.3883333333333333
18694,0.10055555555555556
18695,0.12666666666666668
18696,0.02666666666666667
18697,0.013333333333333334
18698,0.06
18699,0.12188888888888888
18700,0.22333333333333333
18701,0.12333333333333334
18702,0.008333333333333333
18703,0.12666666666666668
18704,0.013333333333333334
18705,0.3233333333333333
18706,0.18333333333333332
18707,0.04
18708,0.03
18709,0.016666666666666666
18710,0.10333333333333333
18711,0.03666666666666667
18712,0.02
18713,0.25666666666666665
18714,0.9966666666666667
18715,0.1
18716,0.03666666666666667
18717,0.20333333333333334
18718,0.16891666666666666
18719,0.15
18720,0.19666666666666666
18721,0.29
18722,0.37
18723,0.08333333333333333
18724,0.25
18725,0.09333333333333334
18726,0.02
18727,0.21333333333333335
18728,1.0
18729,0.02666666666666667
18730,0.01
18731,0.12666666666666668
18732,0.023333333333333334
18733,0.774962962962963
18734,0.06333333333333334
18735,0.06
18736,0.5183006535947713
18737,0.043333333333333335
18738,0.28
18739,0.49666666666666665
18740,0.17333333333333334
18741,0.8133333333333334
18742,0.13333333333333333
18743,0.10095374702758511
18744,0.11666666666666667
18745,0.99
18746,0.2
18747,1.0
18748,0.02666666666666667
18749,0.17333333333333334
18750,0.18298544973544975
18751,0.15333333333333332
18752,0.6380555555555555
18753,0.026111111111111113
18754,0.19
18755,0.21
18756,0.06333333333333334
18757,0.05583333333333333
18758,0.23333333333333334
18759,0.39199999999999996
18760,0.759057239057239
18761,0.04666666666666667
18762,0.05333333333333334
18763,0.7537415697048049
18764,0.15825713175713194
18765,0.09
18766,0.04
18767,0.035
18768,0.013333333333333334
18769,0.29333333333333333
18770,0.18
18771,0.10666666666666667
18772,0.9298484848484848
18773,0.9933333333333333
18774,0.4766666666666667
18775,0.32
18776,0.14
18777,0.06
18778,0.05
18779,0.9266666666666666
18780,1.0
18781,0.04371428571428571
18782,0.31666666666666665
18783,0.03
18784,0.12
18785,0.9966666666666667
18786,0.0033333333333333335
18787,0.33666666666666667
18788,0.36866666666666664
18789,0.14666666666666667
18790,0.023333333333333334
18791,0.8766666666666667
18792,0.05
18793,0.043333333333333335
18794,0.17919191919191918
18795,0.48833333333333334
18796,0.9
18797,0.10333333333333333
18798,0.24333333333333335
18799,0.24
18800,0.02
18801,0.7640050747344842
18802,0.03
18803,0.09
18804,0.9933333333333333
18805,0.016666666666666666
18806,0.9933333333333333
18807,0.13333333333333333
18808,0.9933333333333333
18809,0.08333333333333333
18810,0.25
18811,1.0
18812,0.19333333333333333
18813,0.043333333333333335
18814,0.22
18815,0.19333333333333333
18816,0.6933333333333334
18817,0.03666666666666667
18818,0.4066666666666667
18819,0.04666666666666667
18820,0.05333333333333334
18821,0.1
18822,1.0
18823,0.20333333333333334
18824,0.99
18825,0.04714285714285714
18826,0.03666666666666667
18827,0.15
18828,0.2936111111111111
18829,0.26666666666666666
18830,0.22333333333333333
18831,0.20333333333333334
18832,0.04821428571428571
18833,0.043333333333333335
18834,0.05
18835,0.06
18836,0.2733333333333333
18837,0.09620289855072464
18838,0.14666666666666667
18839,0.99
18840,0.25333333333333335
18841,0.013333333333333334
18842,0.8166666666666667
18843,0.02
18844,0.03
18845,0.17333333333333334
18846,0.13722222222222225
18847,0.16533333333333333
18848,0.06666666666666667
18849,0.5353623188405797
18850,0.10766666666666666
18851,0.8580593408306801
18852,0.6766666666666666
18853,0.18666666666666668
18854,0.9933333333333333
18855,0.3933333333333333
18856,1.0
18857,0.05
18858,0.4166666666666667
18859,0.06
18860,0.02666666666666667
18861,0.68
18862,0.10666666666666667
18863,0.9966666666666667
18864,0.11666666666666667
18865,0.01
18866,0.11333333333333333
18867,0.08577777777777777
18868,0.19333333333333333
18869,0.013333333333333334
18870,0.14666666666666667
18871,0.3333333333333333
18872,0.5
18873,0.22
18874,0.14333333333333334
18875,0.18090034965034968
18876,0.016666666666666666
18877,0.9966666666666667
18878,1.0
18879,0.0033333333333333335
18880,0.05333333333333334
18881,0.03333333333333333
18882,0.16666666666666666
18883,0.02666666666666667
18884,0.22666666666666666
18885,0.25333333333333335
18886,0.45666666666666667
18887,0.5566666666666666
18888,0.2733333333333333
18889,0.17666666666666667
18890,0.03666666666666667
18891,0.03666666666666667
18892,0.3111111111111111
18893,0.9966666666666667
18894,0.016666666666666666
18895,0.8633333333333333
18896,0.26666666666666666
18897,0.3299444444444445
18898,0.9191504791504792
18899,0.91
18900,0.02666666666666667
18901,0.06666666666666667
18902,0.36
18903,0.7733333333333333
18904,0.02666666666666667
18905,0.19
18906,0.04857142857142857
18907,0.3
18908,0.18
18909,0.03333333333333333
18910,0.9833333333333333
18911,0.03
18912,0.24666666666666667
18913,0.6466666666666666
18914,0.30333333333333334
18915,0.99
18916,0.30666666666666664
18917,0.8222227032227033
18918,0.35444444444444445
18919,0.25666666666666665
18920,0.5
18921,0.03
18922,0.13666666666666666
18923,0.06777777777777778
18924,0.9522222222222223
18925,0.17
18926,0.25666666666666665
18927,0.4266666666666667
18928,0.9024182506272059
18929,0.11333333333333333
18930,0.01375
18931,0.03
18932,0.15
18933,0.6666666666666666
18934,0.9533333333333334
18935,0.6333333333333333
18936,0.06333333333333334
18937,0.45666666666666667
18938,0.9866666666666667
18939,0.0033333333333333335
18940,0.598190476190476
18941,0.02
18942,0.013333333333333334
18943,1.0
18944,0.19
18945,0.3086666666666667
18946,0.18666666666666668
18947,0.5366666666666666
18948,0.16
18949,0.9966666666666667
18950,0.05688725490196078
18951,0.05
18952,0.8488920150532399
18953,0.09555555555555556
18954,0.07694444444444445
18955,0.179
18956,0.028333333333333332
18957,0.24688888888888888
18958,0.9966666666666667
18959,0.16
18960,0.27666666666666667
18961,0.55
18962,0.016666666666666666
18963,0.16333333333333333
18964,0.01
18965,0.24666666666666667
18966,0.9966666666666667
18967,0.01825
18968,0.09333333333333334
18969,0.18
18970,0.5733333333333334
18971,0.34
18972,0.02666666666666667
18973,0.056666666666666664
18974,0.17333333333333334
18975,0.6133333333333333
18976,0.6066666666666667
18977,0.08333333333333333
18978,0.06666666666666667
18979,0.6233333333333333
18980,0.36333333333333334
18981,0.14814814814814814
18982,0.26
18983,0.05333333333333334
18984,0.22
18985,0.16333333333333333
18986,0.03833333333333333
18987,0.16333333333333333
18988,0.9106666666666666
18989,0.25
18990,0.3
18991,0.02
18992,0.37
18993,0.14
18994,0.08
18995,0.9945833333333334
18996,0.15666666666666668
18997,0.043333333333333335
18998,0.03611111111111111
18999,0.1547037518037518
19000,0.20666666666666667
19001,0.5933333333333334
19002,0.07666666666666666
19003,0.03333333333333333
19004,0.6007361989861989
19005,0.9933333333333333
19006,0.13833333333333334
19007,0.9334313725490195
19008,0.013333333333333334
19009,0.018541666666666668
19010,0.32666666666666666
19011,0.850369658119658
19012,0.7466666666666667
19013,0.016666666666666666
19014,0.07333333333333333
19015,0.96
19016,0.006666666666666667
19017,0.1471666666666667
19018,0.9766666666666667
19019,0.11666666666666667
19020,0.27
19021,0.09444444444444444
19022,0.07333333333333333
19023,0.27
19024,0.016666666666666666
19025,0.02666666666666667
19026,0.02
19027,0.3333333333333333
19028,0.06333333333333334
19029,0.08666666666666667
19030,0.24666666666666667
19031,0.5054501631944498
19032,0.06166666666666667
19033,0.03666666666666667
19034,0.15
19035,0.2941666666666667
19036,0.9933333333333333
19037,0.36666666666666664
19038,0.9833333333333333
19039,0.43333333333333335
19040,0.28
19041,0.06666666666666667
19042,0.056666666666666664
19043,0.14
19044,0.12333333333333334
19045,0.9866666666666667
19046,0.9833333333333333
19047,0.38666666666666666
19048,0.41623343199142415
19049,0.31666666666666665
19050,0.018333333333333333
19051,0.96
19052,0.24333333333333335
19053,0.24
19054,0.06333333333333334
19055,0.15055555555555555
19056,0.4166666666666667
19057,0.02944444444444444
19058,0.12333333333333334
19059,0.05333333333333334
19060,0.12760803718698455
19061,0.9966666666666667
19062,0.2966666666666667
19063,1.0
19064,0.28
19065,0.013333333333333334
19066,0.01
19067,0.01
19068,0.22666666666666666
19069,0.32666666666666666
19070,0.9966666666666667
19071,0.18333333333333332
19072,0.01
19073,0.043333333333333335
19074,0.9533333333333334
19075,0.39666666666666667
19076,0.2733333333333333
19077,0.12
19078,0.49333333333333335
19079,0.25
19080,0.14333333333333334
19081,0.02
19082,0.023333333333333334
19083,0.67
19084,0.09333333333333334
19085,0.15964285714285714
19086,0.44333333333333336
19087,0.09666666666666666
19088,0.02666666666666667
19089,0.926720379838027
19090,0.15474526270456504
19091,0.03
19092,0.33
19093,0.16333333333333333
19094,0.056666666666666664
19095,0.24333333333333335
19096,0.5054501631944498
19097,0.20666666666666667
19098,0.10333333333333333
19099,0.5166666666666667
19100,0.9933333333333333
19101,0.4056944444444444
19102,0.9446666666666665
19103,0.12666666666666668
19104,0.018333333333333333
19105,0.11333333333333333
19106,0.21666666666666667
19107,0.07
19108,0.36333333333333334
19109,0.02666666666666667
19110,0.09666666666666666
19111,0.08
19112,0.820873015873016
19113,0.016666666666666666
19114,0.29333333333333333
19115,1.0
19116,0.1211111111111111
19117,0.07
19118,0.10333333333333333
19119,0.14666666666666667
19120,0.008888888888888889
19121,0.026060606060606062
19122,0.07333333333333333
19123,0.9966666666666667
19124,0.074
19125,0.10666666666666667
19126,0.2866666666666667
19127,0.07666666666666666
19128,0.9966666666666667
19129,0.06
19130,0.03666666666666667
19131,0.6766666666666666
19132,0.21
19133,0.03
19134,0.03833333333333333
19135,0.0
19136,0.7045391995435465
19137,0.08333333333333333
19138,0.18333333333333332
19139,0.9876666666666667
19140,0.016666666666666666
19141,0.022692307692307692
19142,0.12
19143,0.7747888589398023
19144,0.12222222222222222
19145,0.19666666666666666
19146,0.5966666666666667
19147,0.6396666666666667
19148,0.12333333333333334
19149,0.06666666666666667
19150,0.016666666666666666
19151,0.26416666666666666
19152,0.0033333333333333335
19153,0.0
19154,0.016666666666666666
19155,0.24
19156,0.2866666666666667
19157,0.0025
19158,0.01
19159,0.4666666666666667
19160,0.6166666666666667
19161,0.35333333333333333
19162,0.034166666666666665
19163,0.30733550912498275
19164,0.016666666666666666
19165,0.01
19166,0.4033333333333333
19167,0.14333333333333334
19168,0.07666666666666666
19169,0.10333333333333333
19170,0.38333333333333336
19171,0.38
19172,0.0
19173,0.07
19174,0.19
19175,0.02
19176,0.12
19177,0.22
19178,0.6111111111111112
19179,0.023333333333333334
19180,0.0033333333333333335
19181,0.4742326768869843
19182,0.13
19183,0.31333333333333335
19184,0.16333333333333333
19185,0.31333333333333335
19186,0.04
19187,0.31333333333333335
19188,0.9966666666666667
19189,0.23666666666666666
19190,0.06333333333333334
19191,0.12333333333333334
19192,0.08166666666666667
19193,0.7233333333333334
19194,0.09777777777777777
19195,0.34770551208989336
19196,0.32163293601616083
19197,1.0
19198,0.19
19199,0.17
19200,0.81
19201,0.043333333333333335
19202,0.32666666666666666
19203,0.07333333333333333
19204,0.15666666666666668
19205,0.9866666666666667
19206,0.2275
19207,0.01
19208,0.23
19209,0.05222222222222222
19210,0.35333333333333333
19211,0.32666666666666666
19212,0.18555555555555556
19213,0.20333333333333334
19214,0.03333333333333333
19215,0.3233333333333333
19216,0.13666666666666666
19217,0.11666666666666667
19218,0.5211111111111111
19219,0.9966666666666667
19220,0.023333333333333334
19221,0.9966666666666667
19222,0.19
19223,0.9966666666666667
19224,0.03666666666666667
19225,0.18666666666666668
19226,0.7466666666666667
19227,0.0033333333333333335
19228,0.013333333333333334
19229,0.4633333333333333
19230,0.5333333333333333
19231,0.02666666666666667
19232,0.21614906988436397
19233,0.9966666666666667
19234,0.03333333333333333
19235,0.023487179487179488
19236,0.08
19237,0.21
19238,0.4633333333333333
19239,0.9198518518518517
19240,0.04
19241,0.03333333333333333
19242,0.42
19243,0.21
19244,0.056666666666666664
19245,0.09
19246,0.4166666666666667
19247,0.013333333333333334
19248,0.03404761904761905
19249,0.9966666666666667
19250,0.03
19251,0.12333333333333334
19252,0.13
19253,0.9966666666666667
19254,1.0
19255,0.12011308769203505
19256,0.31
19257,0.3333333333333333
19258,1.0
19259,0.11
19260,0.19666666666666666
19261,0.19291666666666665
19262,0.35
19263,0.12666666666666668
19264,0.03666666666666667
19265,0.2677777777777778
19266,0.12166666666666667
19267,0.9966666666666667
19268,0.23333333333333334
19269,0.21
19270,0.42333333333333334
19271,0.026111111111111113
19272,0.30333333333333334
19273,0.9955555555555554
19274,0.03
19275,0.05
19276,0.043333333333333335
19277,0.12333333333333334
19278,0.15333333333333332
19279,0.4633333333333333
19280,0.07666666666666666
19281,0.9966666666666667
19282,0.013333333333333334
19283,0.03666666666666667
19284,0.9166666666666666
19285,0.03
19286,0.99
19287,0.06444444444444444
19288,0.05
19289,0.925
19290,0.9372962962962962
19291,0.9966666666666667
19292,0.9866666666666667
19293,1.0
19294,0.23666666666666666
19295,0.9028166232010045
19296,0.7566666666666667
19297,0.056666666666666664
19298,0.22357142857142856
19299,0.24666666666666667
19300,0.37
19301,0.20333333333333334
19302,0.03666666666666667
19303,0.8155555555555556
19304,0.01888888888888889
19305,0.03
19306,0.031111111111111107
19307,0.19333333333333333
19308,0.11666666666666667
19309,0.15666666666666668
19310,0.17
19311,0.37333333333333335
19312,0.35
19313,0.5866666666666667
19314,0.018333333333333333
19315,0.9933333333333333
19316,0.08333333333333333
19317,0.2866666666666667
19318,1.0
19319,0.9566666666666667
19320,0.1
19321,0.19
19322,0.14333333333333334
19323,0.11666666666666667
19324,0.9876666666666667
19325,0.25666666666666665
19326,0.32666666666666666
19327,0.11336604450551548
19328,0.023333333333333334
19329,0.49333333333333335
19330,0.5058333333333334
19331,0.07666666666666666
19332,0.2866666666666667
19333,1.0
19334,0.05333333333333334
19335,0.9566666666666667
19336,0.01641025641025641
19337,0.02666666666666667
19338,0.98
19339,0.043333333333333335
19340,0.9733333333333334
19341,0.5266666666666666
19342,0.02666666666666667
19343,0.36333333333333334
19344,0.023333333333333334
19345,0.4461111111111111
19346,0.38333333333333336
19347,0.08444444444444445
19348,0.42
19349,0.30706060606060603
19350,0.07333333333333333
19351,0.07
19352,0.19666666666666666
19353,0.9966666666666667
19354,0.2966666666666667
19355,0.35
19356,0.07333333333333333
19357,0.02
19358,0.015
19359,0.04666666666666667
19360,0.05
19361,0.99
19362,0.49333333333333335
19363,0.07666666666666666
19364,1.0
19365,0.9945833333333334
19366,0.043333333333333335
19367,0.03
19368,0.7033333333333334
19369,0.4633333333333333
19370,0.02
19371,0.15
19372,0.9966666666666667
19373,0.11333333333333333
19374,0.023333333333333334
19375,0.25
19376,0.23666666666666666
19377,0.21
19378,0.14444444444444443
19379,0.21333333333333335
19380,0.26666666666666666
19381,0.115
19382,0.10333333333333333
19383,0.02218323586744639
19384,0.04666666666666667
19385,0.9966666666666667
19386,0.3
19387,0.8933333333333333
19388,0.23666666666666666
19389,0.22666666666666666
19390,0.09
19391,1.0
19392,1.0
19393,0.033157407407407406
19394,0.38062378167641325
19395,0.6179421286201471
19396,0.99
19397,0.03333333333333333
19398,0.5069052625884022
19399,0.10189935064935064
19400,0.9235555555555556
19401,0.7133333333333334
19402,0.05
19403,0.08333333333333333
19404,0.9966666666666667
19405,0.38333333333333336
19406,0.06666666666666667
19407,0.056666666666666664
19408,0.06666666666666667
19409,0.2633333333333333
19410,0.09333333333333334
19411,0.09666666666666666
19412,0.9966666666666667
19413,0.23833333333333334
19414,0.24
19415,0.09
19416,0.47333333333333333
19417,0.21666666666666667
19418,0.16666666666666666
19419,0.11333333333333333
19420,0.16966666666666666
19421,0.9966666666666667
19422,0.05333333333333334
19423,0.18666666666666668
19424,0.02
19425,0.06666666666666667
19426,0.20033333333333334
19427,0.03634848484848485
19428,0.11666666666666667
19429,0.75
19430,0.043333333333333335
19431,0.20333333333333334
19432,0.8222222222222223
19433,0.10666666666666667
19434,0.5133333333333333
19435,0.31083333333333335
19436,0.06333333333333334
19437,0.13666666666666666
19438,0.8528529502490502
19439,0.02
19440,0.99
19441,0.023333333333333334
19442,0.043333333333333335
19443,0.030144927536231887
19444,0.14
19445,0.9866666666666667
19446,0.44333333333333336
19447,0.2652380952380952
19448,0.056666666666666664
19449,0.4866666666666667
19450,0.043333333333333335
19451,0.25083333333333335
19452,0.3433333333333333
19453,0.3233333333333333
19454,0.06
19455,0.016666666666666666
19456,0.96
19457,0.06666666666666667
19458,0.8973333333333333
19459,0.03
19460,0.6733333333333333
19461,0.06333333333333334
19462,0.11666666666666667
19463,0.2733333333333333
19464,0.38666666666666666
19465,0.07666666666666666
19466,0.15666666666666668
19467,0.19055555555555556
19468,0.9340314315314316
19469,0.52
19470,0.056666666666666664
19471,0.9933333333333333
19472,0.12333333333333334
19473,0.3933333333333333
19474,0.06
19475,0.9366666666666666
19476,0.04
19477,0.06333333333333334
19478,0.15666666666666668
19479,0.9844444444444443
19480,0.32163293601616083
19481,0.37333333333333335
19482,0.13666666666666666
19483,0.2
19484,0.17333333333333334
19485,0.45
19486,0.3503703703703704
19487,0.206
19488,0.023333333333333334
19489,0.4066666666666667
19490,0.016666666666666666
19491,0.5333333333333333
19492,1.0
19493,0.740995033289151
19494,0.07
19495,0.31
19496,0.0775925925925926
19497,0.41333333333333333
19498,0.14333333333333334
19499,0.10333333333333333
19500,0.6891111111111111
19501,0.14333333333333334
19502,0.11166666666666666
19503,0.01
19504,0.3333333333333333
19505,0.39541808311198606
19506,0.16333333333333333
19507,0.23333333333333334
19508,1.0
19509,0.24
19510,0.2866666666666667
19511,1.0
19512,0.07555555555555556
19513,0.02
19514,0.31333333333333335
19515,0.023333333333333334
19516,0.9966666666666667
19517,0.31666666666666665
19518,0.31
19519,0.08
19520,0.19666666666666666
19521,0.05444444444444444
19522,0.3188888888888889
19523,0.95
19524,0.5
19525,0.028888888888888888
19526,0.9833333333333333
19527,0.01
19528,0.9966666666666667
19529,0.01375
19530,0.25
19531,0.8563498177423616
19532,1.0
19533,0.1975
19534,0.6708129420263568
19535,0.3171212121212121
19536,0.63
19537,0.10666666666666667
19538,0.12333333333333334
19539,0.02666666666666667
19540,0.013333333333333334
19541,0.02
19542,0.02
19543,0.16333333333333333
19544,0.14333333333333334
19545,0.3566666666666667
19546,0.23
19547,0.06333333333333334
19548,0.14166666666666666
19549,0.29333333333333333
19550,0.18676470588235294
19551,0.16166666666666665
19552,0.11666666666666667
19553,0.13666666666666666
19554,0.06
19555,0.006666666666666667
19556,0.32
19557,0.27
19558,0.048888888888888885
19559,0.02666666666666667
19560,0.3333333333333333
19561,0.21416666666666667
19562,0.9933333333333333
19563,0.22
19564,0.22944444444444448
19565,0.016666666666666666
19566,0.9594871794871793
19567,1.0
19568,0.1916017316017316
19569,0.52
19570,0.6405555555555555
19571,0.09
19572,0.12666666666666668
19573,0.16552164502164501
19574,0.9966666666666667
19575,0.15666666666666668
19576,0.2
19577,0.4
19578,0.013333333333333334
19579,0.18
19580,0.37666666666666665
19581,0.05
19582,0.04555555555555556
19583,0.043333333333333335
19584,0.13
19585,0.12
19586,0.12333333333333334
19587,0.18
19588,0.5533333333333333
19589,0.16333333333333333
19590,0.2
19591,0.009333333333333332
19592,0.06333333333333334
19593,0.2733333333333333
19594,0.7244444444444444
19595,0.21886243386243384
19596,0.25666666666666665
19597,0.06666666666666667
19598,0.21333333333333335
19599,0.05
19600,0.14
19601,0.11666666666666667
19602,0.96
19603,0.0
19604,0.9274155011655012
19605,0.04
19606,0.11666666666666667
19607,0.13333333333333333
19608,0.24333333333333335
19609,0.02666666666666667
19610,0.16894444444444445
19611,0.20833333333333334
19612,0.34
19613,0.9876666666666667
19614,0.33
19615,0.21
19616,0.02
19617,0.04
19618,0.12333333333333334
19619,0.0033333333333333335
19620,0.006666666666666667
19621,0.12
19622,0.42333333333333334
19623,0.14
19624,0.12866666666666668
19625,0.5066666666666667
19626,0.9966666666666667
19627,0.33
19628,0.27666666666666667
19629,0.03719444444444445
19630,0.11
19631,0.1
19632,0.19666666666666666
19633,0.025555555555555554
19634,0.2
19635,0.09666666666666666
19636,0.16
19637,0.8173714186856602
19638,0.06416666666666666
19639,0.9966666666666667
19640,0.89
19641,0.02
19642,0.023333333333333334
19643,0.04074509803921569
19644,0.3776190476190476
19645,0.12666666666666668
19646,0.15666666666666668
19647,0.9733333333333334
19648,1.0
19649,0.11
19650,0.06666666666666667
19651,0.9766666666666667
19652,0.13666666666666666
19653,0.9933333333333333
19654,0.32666666666666666
19655,0.11333333333333333
19656,0.31666666666666665
19657,0.25
19658,0.016666666666666666
19659,0.4
19660,0.14333333333333334
19661,0.32
19662,0.25333333333333335
19663,0.5329550827423168
19664,0.538015873015873
19665,0.022
19666,0.02666666666666667
19667,0.02371696504688832
19668,0.21666666666666667
19669,0.5
19670,0.08333333333333333
19671,0.16666666666666666
19672,0.03
19673,0.5046666666666667
19674,0.65
19675,0.005
19676,0.02666666666666667
19677,0.08333333333333333
19678,0.4094444444444445
19679,0.25333333333333335
19680,0.06
19681,0.06
19682,0.18666666666666668
19683,1.0
19684,0.07333333333333333
19685,0.9334080549080549
19686,0.01
19687,0.01
19688,0.12666666666666668
19689,0.759744503862151
19690,0.07666666666666666
19691,0.06
19692,0.041666666666666664
19693,0.016666666666666666
19694,0.32
19695,0.26666666666666666
19696,0.09244444444444444
19697,0.22666666666666666
19698,0.13797979797979798
19699,0.206
19700,1.0
19701,0.17333333333333334
19702,0.43333333333333335
19703,0.07333333333333333
19704,0.36333333333333334
19705,0.013333333333333334
19706,0.10333333333333333
19707,0.5666666666666667
19708,0.15
19709,0.3333333333333333
19710,0.9933333333333333
19711,0.19333333333333333
19712,0.38887432327510063
19713,0.013333333333333334
19714,0.04
19715,0.09
19716,1.0
19717,0.5025
19718,0.13333333333333333
19719,0.96
19720,0.8231587301587302
19721,0.2633333333333333
19722,0.24487179487179483
19723,0.30333333333333334
19724,0.14333333333333334
19725,0.21333333333333335
19726,0.16666666666666666
19727,0.08333333333333333
19728,0.4
19729,0.2890617980211003
19730,0.03666666666666667
19731,0.7537415697048049
19732,0.03333333333333333
19733,0.3466666666666667
19734,0.3466666666666667
19735,0.016666666666666666
19736,0.38666666666666666
19737,0.11333333333333333
19738,0.0825
19739,0.023333333333333334
19740,0.03
19741,0.016597312999273785
19742,0.023333333333333334
19743,0.3541269841269841
19744,0.10666666666666667
19745,0.5992156862745097
19746,0.35333333333333333
19747,0.9166666666666666
19748,0.9966666666666667
19749,0.0888235294117647
19750,0.25
19751,0.2017105672105672
19752,0.99
19753,0.23333333333333334
19754,0.07916666666666666
19755,0.6790591542959963
19756,0.17
19757,0.7584846987377948
19758,0.02666666666666667
19759,0.135
19760,0.02
19761,0.9933333333333333
19762,0.16
19763,0.09
19764,0.310484126984127
19765,0.11291666666666667
19766,0.08
19767,0.9966666666666667
19768,0.44666666666666666
19769,0.006666666666666667
19770,1.0
19771,0.06
19772,0.89
19773,0.33666666666666667
19774,0.31
19775,0.02666666666666667
19776,0.060825396825396824
19777,0.11873015873015874
19778,0.2
19779,0.04666666666666667
19780,0.01
19781,0.08888888888888889
19782,0.06666666666666667
19783,0.39
19784,0.31
19785,0.99
19786,0.8401752136752136
19787,0.24666666666666667
19788,0.99
19789,0.07666666666666666
19790,0.14
19791,0.6066666666666667
19792,0.02
19793,0.03
19794,0.15333333333333332
19795,0.43333333333333335
19796,1.0
19797,0.16666666666666666
19798,0.30744671781756183
19799,0.820873015873016
19800,0.08
19801,0.05828736978921729
19802,0.30333333333333334
19803,0.6033333333333334
19804,0.5
19805,0.06666666666666667
19806,0.7041111111111111
19807,0.023333333333333334
19808,0.07333333333333333
19809,0.20666666666666667
19810,0.28
19811,0.6746159289626781
19812,1.0
19813,0.18333333333333332
19814,0.7633333333333333
19815,0.06952173913043479
19816,0.04833333333333333
19817,0.4533333333333333
19818,0.07333333333333333
19819,0.13333333333333333
19820,0.17
19821,0.9966666666666667
19822,0.09333333333333334
19823,0.17333333333333334
19824,0.9933333333333333
19825,0.175
19826,0.037575757575757575
19827,0.36
19828,0.20666666666666667
19829,0.2816666666666667
19830,0.4742326768869843
19831,0.05
19832,0.99
19833,0.14730095313183564
19834,1.0
19835,0.02666666666666667
19836,0.059583333333333335
19837,1.0
19838,0.9866666666666667
19839,0.03666666666666667
19840,0.02
19841,0.11333333333333333
19842,0.20666666666666667
19843,0.006666666666666667
19844,0.08
19845,0.12666666666666668
19846,0.9966666666666667
19847,0.16
19848,0.10666666666666667
19849,0.13666666666666666
19850,0.0033333333333333335
19851,0.30333333333333334
19852,0.01
19853,0.05
19854,0.14444444444444446
19855,0.35333333333333333
19856,0.9966666666666667
19857,0.99
19858,0.0
19859,0.013333333333333334
19860,0.0033333333333333335
19861,1.0
19862,0.4
19863,0.035
19864,0.9733333333333334
19865,0.2980555555555556
19866,0.9966666666666667
19867,0.41
19868,0.9033333333333333
19869,0.06666666666666667
19870,0.09333333333333334
19871,0.006666666666666667
19872,0.9966666666666667
19873,0.14
19874,0.25
19875,0.25
19876,0.860468253968254
19877,0.96
19878,0.38
19879,0.3677369509575392
19880,0.22666666666666666
19881,0.9933333333333333
19882,0.09333333333333334
19883,0.02
19884,0.14278755424315082
19885,0.9966666666666667
19886,0.13
19887,0.9966666666666667
19888,0.7066666666666667
19889,0.04
19890,0.22708333333333333
19891,0.9966666666666667
19892,0.22333333333333333
19893,0.9566666666666667
19894,0.006666666666666667
19895,0.03
19896,0.13333333333333333
19897,0.07666666666666666
19898,0.2
19899,0.013333333333333334
19900,0.08333333333333333
19901,0.08666666666666667
19902,0.011944444444444445
19903,0.12666666666666668
19904,0.9033333333333333
19905,0.04666666666666667
19906,0.7866666666666666
19907,0.07
19908,0.04666666666666667
19909,0.8222227032227033
19910,0.3
19911,0.04666666666666667
19912,0.013333333333333334
19913,0.95
19914,0.9966666666666667
19915,0.35333333333333333
19916,1.0
19917,0.37333333333333335
19918,0.04
19919,0.20133333333333334
19920,0.5966666666666667
19921,0.16
19922,0.39
19923,0.016969696969696968
19924,0.15
19925,0.29
19926,0.05333333333333334
19927,0.10333333333333333
19928,0.07333333333333333
19929,0.03
19930,0.44666666666666666
19931,0.023333333333333334
19932,0.02
19933,0.54
19934,0.6733333333333333
19935,0.05
19936,0.08166666666666667
19937,0.4273333333333333
19938,0.11333333333333333
19939,0.4666666666666667
19940,0.1547037518037518
19941,0.20444444444444443
19942,0.18333333333333332
19943,0.9733333333333334
19944,0.09777777777777778
19945,0.555
19946,0.07
19947,0.9933333333333333
19948,0.08305555555555556
19949,0.04
19950,0.93
19951,1.0
19952,0.14333333333333334
19953,0.17
19954,0.26
19955,0.07
19956,0.45666666666666667
19957,0.08333333333333333
19958,0.12
19959,0.14666666666666667
19960,0.24666666666666667
19961,0.13533333333333333
19962,0.01
19963,0.9334313725490195
19964,0.1061111111111111
19965,0.08875
19966,0.14
19967,0.02666666666666667
19968,0.15333333333333332
19969,0.2
19970,0.01
19971,0.16916666666666666
19972,0.2733333333333333
19973,0.013333333333333334
19974,0.35300000000000004
19975,0.99
19976,0.03666666666666667
19977,0.27
19978,0.03166666666666667
19979,0.09333333333333334
19980,0.99
19981,0.07333333333333333
19982,0.12151111111111111
19983,0.28833333333333333
19984,0.9866666666666667
19985,0.36333333333333334
19986,0.9566666666666667
19987,0.08333333333333333
19988,0.013333333333333334
19989,0.9966666666666667
19990,0.95
19991,0.4506666666666666
19992,0.7566666666666667
19993,0.03666666666666667
19994,0.24333333333333335
19995,0.5816666666666667
19996,0.10666666666666667
19997,0.07
19998,0.013333333333333334
19999,0.12666666666666668
20000,0.14333333333333334
20001,0.16666666666666666
20002,0.13
20003,0.03
20004,0.7166666666666667
20005,0.03333333333333333
20006,0.04
20007,0.05
20008,0.9106666666666666
20009,0.03666666666666667
20010,0.02980392156862745
20011,0.056666666666666664
20012,0.7936934470758
20013,0.04
20014,0.042222222222222223
20015,0.44666666666666666
20016,0.05
20017,0.21666666666666667
20018,0.02
20019,0.043333333333333335
20020,0.12666666666666668
20021,0.2833333333333333
20022,0.19333333333333333
20023,0.22666666666666666
20024,0.056666666666666664
20025,0.39916666666666667
20026,0.5173862199478902
20027,0.06666666666666667
20028,0.47333333333333333
20029,0.06333333333333334
20030,0.03333333333333333
20031,0.3
20032,0.38666666666666666
20033,0.23666666666666666
20034,0.7088888888888889
20035,0.008004075846181109
20036,0.02666666666666667
20037,0.9398245614035087
20038,0.21666666666666667
20039,0.05113492063492064
20040,0.006666666666666667
20041,0.05333333333333334
20042,0.09666666666666666
20043,0.013333333333333334
20044,0.0475
20045,0.9033333333333333
20046,0.9966666666666667
20047,0.20333333333333334
20048,0.9933333333333333
20049,0.61
20050,0.9966666666666667
20051,0.568019664052912
20052,1.0
20053,1.0
20054,0.3566666666666667
20055,0.07666666666666666
20056,0.29
20057,0.315
20058,0.13333333333333333
20059,0.0033333333333333335
20060,0.19333333333333333
20061,0.06
20062,0.24
20063,0.02
20064,0.0
20065,0.9833333333333333
20066,0.4266666666666667
20067,0.06333333333333334
20068,0.03666666666666667
20069,1.0
20070,0.22
20071,0.06
20072,0.12666666666666668
20073,0.37666666666666665
20074,0.9966666666666667
20075,0.016666666666666666
20076,0.03
20077,0.37333333333333335
20078,0.43333333333333335
20079,0.1527777777777778
20080,0.05333333333333334
20081,0.4066666666666667
20082,0.13
20083,0.07666666666666666
20084,0.29333333333333333
20085,0.6633333333333333
20086,0.09333333333333334
20087,0.22708333333333333
20088,1.0
20089,0.11333333333333333
20090,0.07
20091,0.9218367889420523
20092,0.36333333333333334
20093,1.0
20094,0.22666666666666666
20095,0.0033333333333333335
20096,0.0033333333333333335
20097,0.6016666666666667
20098,0.9966666666666667
20099,0.15
20100,0.031166666666666665
20101,0.18666666666666668
20102,0.13
20103,0.9733333333333334
20104,0.315
20105,0.7033333333333334
20106,0.02222222222222222
20107,0.30333333333333334
20108,0.22
20109,0.013333333333333334
20110,1.0
20111,0.9966666666666667
20112,1.0
20113,0.01
20114,0.9966666666666667
20115,0.13
20116,0.49666666666666665
20117,0.14333333333333334
20118,0.15555555555555556
20119,0.09428571428571428
20120,0.11
20121,0.05
20122,0.315
20123,0.23
20124,0.6745
20125,0.43227457948353465
20126,0.07
20127,0.20666666666666667
20128,0.16
20129,0.05333333333333334
20130,0.2633333333333333
20131,0.44666666666666666
20132,0.14
20133,0.17333333333333334
20134,0.01
20135,0.30333333333333334
20136,0.16666666666666666
20137,0.29333333333333333
20138,0.9933333333333333
20139,0.9966666666666667
20140,0.03333333333333333
20141,0.02
20142,0.27393095447225885
20143,0.205
20144,0.7936934470758
20145,0.21
20146,0.23333333333333334
20147,0.0
20148,0.27
20149,0.30333333333333334
20150,0.055499999999999994
20151,0.19027777777777777
20152,0.2866666666666667
20153,0.2633333333333333
20154,0.30111111111111116
20155,0.043333333333333335
20156,0.07
20157,0.01
20158,1.0
20159,1.0
20160,0.0027272727272727275
20161,1.0
20162,0.675
20163,0.21666666666666667
20164,0.31666666666666665
20165,0.07
20166,0.26666666666666666
20167,1.0
20168,1.0
20169,0.49333333333333335
20170,0.16166666666666665
20171,0.02666666666666667
20172,0.0175
20173,0.1988888888888889
20174,0.2866666666666667
20175,0.04666666666666667
20176,0.12666666666666668
20177,0.015
20178,0.8222227032227033
20179,0.9866666666666667
20180,0.04666666666666667
20181,0.25
20182,0.3233333333333333
20183,0.02
20184,0.9966666666666667
20185,0.17666666666666667
20186,0.06
20187,0.07
20188,0.18
20189,0.06333333333333334
20190,0.008
20191,0.020888888888888887
20192,0.44666666666666666
20193,0.4033333333333333
20194,0.13
20195,0.22
20196,0.02
20197,0.08
20198,0.1
20199,0.25
20200,0.7366666666666667
20201,0.07333333333333333
20202,0.06804175293305728
20203,0.35333333333333333
20204,0.09933333333333333
20205,0.37
20206,0.08333333333333333
20207,0.5833333333333334
20208,0.03
20209,0.17443350019530687
20210,0.48333333333333334
20211,0.5166666666666667
20212,0.12333333333333334
20213,0.06
20214,0.04
20215,0.09583333333333334
20216,0.3175
20217,0.85
20218,0.13666666666666666
20219,0.03
20220,0.21666666666666667
20221,0.04674679487179487
20222,0.006666666666666667
20223,0.38666666666666666
20224,0.07666666666666666
20225,0.27888888888888885
20226,0.15
20227,0.19333333333333333
20228,0.04666666666666667
20229,0.3669049989301059
20230,0.18333333333333332
20231,0.13666666666666666
20232,0.95
20233,0.3566666666666667
20234,0.98
20235,0.01
20236,0.62
20237,1.0
20238,0.23333333333333334
20239,0.12395140312391362
20240,0.1008888888888889
20241,0.006666666666666667
20242,0.01
20243,0.9966666666666667
20244,0.245
20245,0.9933333333333333
20246,0.043478260869565216
20247,0.5266666666666666
20248,0.17666666666666667
20249,0.38666666666666666
20250,0.06333333333333334
20251,0.043333333333333335
20252,0.1617055167055167
20253,0.8432158119658121
20254,0.11833333333333333
20255,0.03333333333333333
20256,0.07333333333333333
20257,0.33666666666666667
20258,0.016666666666666666
20259,0.9833333333333333
20260,0.07333333333333333
20261,0.02666666666666667
20262,0.9966666666666667
20263,0.24388888888888885
20264,0.17333333333333334
20265,0.9586666666666668
20266,0.5866666666666667
20267,0.023333333333333334
20268,0.12333333333333334
20269,0.4766666666666667
20270,0.9966666666666667
20271,0.16252747252747254
20272,1.0
20273,1.0
20274,0.37
20275,0.21333333333333335
20276,0.38666666666666666
20277,0.6033333333333334
20278,0.9494444444444444
20279,0.8471314246182668
20280,0.009166666666666667
20281,0.04
20282,0.36333333333333334
20283,0.2814285714285714
20284,0.06666666666666667
20285,0.03666666666666667
20286,0.3
20287,0.15333333333333332
20288,0.06666666666666667
20289,0.18333333333333332
20290,0.06666666666666667
20291,0.01
20292,0.18
20293,0.33666666666666667
20294,0.17666666666666667
20295,0.013333333333333334
20296,1.0
20297,0.8833333333333333
20298,0.3933333333333333
20299,0.11
20300,0.03
20301,0.8321243145743145
20302,0.15
20303,0.12
20304,0.29333333333333333
20305,0.18333333333333332
20306,0.03666666666666667
20307,0.16333333333333333
20308,0.12
20309,0.013333333333333334
20310,0.5066666666666667
20311,0.38
20312,0.9966666666666667
20313,0.5633333333333334
20314,0.125
20315,0.2866666666666667
20316,0.13333333333333333
20317,0.99
20318,0.12333333333333334
20319,1.0
20320,0.03233333333333333
20321,0.20666666666666667
20322,0.20666666666666667
20323,0.5023809523809524
20324,0.11
20325,0.2511111111111111
20326,0.9933333333333333
20327,0.13333333333333333
20328,0.013333333333333334
20329,0.66
20330,0.06333333333333334
20331,0.21333333333333335
20332,0.6233333333333333
20333,0.5333333333333333
20334,0.13333333333333333
20335,0.29083333333333333
20336,0.6066666666666667
20337,0.11666666666666667
20338,0.14333333333333334
20339,0.9966666666666667
20340,0.06666666666666667
20341,0.06666666666666667
20342,0.09666666666666666
20343,0.2
20344,0.16108277321806733
20345,0.3466666666666667
20346,0.06897257031467557
20347,0.2
20348,0.08666666666666667
20349,0.6966666666666667
20350,0.5233333333333333
20351,0.09333333333333334
20352,0.3566666666666667
20353,0.36833333333333335
20354,0.9766666666666667
20355,0.09007142857142858
20356,0.07694444444444444
20357,0.055
20358,0.03333333333333333
20359,0.04666666666666667
20360,0.07
20361,0.04
20362,0.13
20363,0.03333333333333333
20364,0.01777777777777778
20365,0.20264379084967324
20366,0.18
20367,0.95
20368,0.13333333333333333
20369,0.19333333333333333
20370,0.3
20371,0.006666666666666667
20372,0.04666666666666667
20373,0.22666666666666666
20374,0.16616666666666668
20375,1.0
20376,0.11666666666666667
20377,0.9666666666666667
20378,0.07666666666666666
20379,0.18083333333333335
20380,0.043333333333333335
20381,0.13333333333333333
20382,0.27555555555555555
20383,0.26666666666666666
20384,0.04666666666666667
20385,0.22333333333333333
20386,0.9933333333333333
20387,0.22333333333333333
20388,0.2
20389,0.25
20390,0.45
20391,0.06666666666666667
20392,0.36666666666666664
20393,0.16
20394,0.043333333333333335
20395,0.03439393939393939
20396,0.6033333333333334
20397,0.9966666666666667
20398,0.9933333333333333
20399,0.9309080549080548
20400,0.03666666666666667
20401,0.12666666666666668
20402,0.20333333333333334
20403,0.49666666666666665
20404,1.0
20405,0.09333333333333334
20406,0.04666666666666667
20407,0.03
20408,0.3566666666666667
20409,0.03666666666666667
20410,0.9966666666666667
20411,0.7717433862433862
20412,0.9966666666666667
20413,0.04666666666666667
20414,0.9966666666666667
20415,0.08666666666666667
20416,0.03333333333333333
20417,0.4977777777777777
20418,0.18333333333333332
20419,0.0044444444444444444
20420,0.12374786324786326
20421,0.36222222222222217
20422,0.13632996632996633
20423,0.10624171863767946
20424,0.6396666666666667
20425,0.016666666666666666
20426,0.006666666666666667
20427,0.99
20428,0.195
20429,0.14333333333333334
20430,0.98
20431,0.7193149443149442
20432,0.19666666666666666
20433,0.02666666666666667
20434,0.11333333333333333
20435,0.05
20436,0.05
20437,1.0
20438,0.11666666666666667
20439,0.09333333333333334
20440,0.36703703703703705
20441,0.09333333333333334
20442,0.926
20443,0.9966666666666667
20444,0.42
20445,0.13666666666666666
20446,0.03666666666666667
20447,1.0
20448,0.12
20449,0.3433333333333333
20450,0.013333333333333334
20451,0.18666666666666668
20452,0.07573015873015872
20453,0.21333333333333335
20454,1.0
20455,0.043333333333333335
20456,0.21
20457,0.38666666666666666
20458,0.6166666666666667
20459,0.38666666666666666
20460,0.19
20461,0.03333333333333333
20462,0.34081196581196577
20463,0.42
20464,0.06
20465,0.5433333333333333
20466,0.12333333333333334
20467,0.6404166666666666
20468,0.12666666666666668
20469,0.3
20470,0.0
20471,0.013333333333333334
20472,1.0
20473,0.29
20474,0.03
20475,0.6708129420263568
20476,0.4066666666666667
20477,0.2
20478,0.043333333333333335
20479,0.8933333333333333
20480,0.057777777777777775
20481,0.9933333333333333
20482,0.1
20483,0.24666666666666667
20484,0.43411111111111117
20485,0.12666666666666668
20486,0.6766666666666666
20487,0.02
20488,0.9966666666666667
20489,0.20333333333333334
20490,1.0
20491,0.03666666666666667
20492,0.044444444444444446
20493,0.175
20494,0.08666666666666667
20495,0.03
20496,0.15
20497,0.013333333333333334
20498,0.19
20499,0.02666666666666667
20500,0.35333333333333333
20501,0.02
20502,0.015333333333333332
20503,1.0
20504,0.06333333333333334
20505,0.02
20506,0.065
20507,0.19666666666666666
20508,0.22666666666666666
20509,0.10333333333333333
20510,0.4666666666666667
20511,0.02
20512,0.020999999999999998
20513,0.17055555555555554
20514,0.0651111111111111
20515,0.056666666666666664
20516,0.9933333333333333
20517,0.26055555555555554
20518,0.09333333333333334
20519,0.849859649122807
20520,0.06
20521,0.23166666666666666
20522,0.08666666666666667
20523,0.07666666666666666
20524,0.25666666666666665
20525,0.42
20526,0.09333333333333334
20527,0.20461856607444842
20528,0.02
20529,0.4633333333333333
20530,0.86
20531,0.32416666666666666
20532,0.12333333333333334
20533,0.04
20534,0.6979324651526664
20535,0.04666666666666667
20536,0.01
20537,0.30333333333333334
20538,0.07083333333333333
20539,0.0275
20540,0.06333333333333334
20541,0.07
20542,0.6208834798287132
20543,0.02666666666666667
20544,0.9446666666666665
20545,1.0
20546,0.24666666666666667
20547,0.9966666666666667
20548,0.06666666666666667
20549,0.36
20550,0.9933333333333333
20551,0.13333333333333333
20552,0.5731986531986532
20553,0.013333333333333334
20554,0.14666666666666667
20555,0.8984948730511166
20556,0.09
20557,0.02
20558,0.9933333333333333
20559,0.04
20560,0.0033333333333333335
20561,0.22333333333333333
20562,0.04666666666666667
20563,0.23333333333333334
20564,0.18333333333333332
20565,1.0
20566,0.6666666666666666
20567,0.17666666666666667
20568,0.9966666666666667
20569,0.21333333333333335
20570,0.09666666666666666
20571,0.276774818318936
20572,0.056666666666666664
20573,0.16666666666666666
20574,0.023333333333333334
20575,0.21333333333333335
20576,0.5717061804705184
20577,0.9966666666666667
20578,0.07
20579,1.0
20580,0.12333333333333334
20581,0.25666666666666665
20582,0.02
20583,0.19
20584,0.07333333333333333
20585,0.63
20586,0.010952380952380951
20587,1.0
20588,0.058333333333333334
20589,0.06095238095238095
20590,0.08
20591,0.20475874125874124
20592,0.245
20593,0.33666666666666667
20594,0.15
20595,0.4766666666666667
20596,0.09666666666666666
20597,0.9966666666666667
20598,0.43
20599,0.31166666666666665
20600,0.38333333333333336
20601,0.21666666666666667
20602,0.0175
20603,0.2813333333333334
20604,0.5054501631944498
20605,0.16666666666666666
20606,0.16333333333333333
20607,0.94
20608,0.9866666666666667
20609,0.4166666666666667
20610,0.5833333333333334
20611,0.2
20612,0.21333333333333335
20613,0.5366666666666666
20614,0.043333333333333335
20615,0.25416666666666665
20616,0.023333333333333334
20617,0.99
20618,0.16666666666666666
20619,0.5066666666666667
20620,0.01825
20621,0.05
20622,0.2
20623,0.95
20624,0.06333333333333334
20625,0.9866666666666667
20626,0.34
20627,0.13666666666666666
20628,0.1
20629,0.13333333333333333
20630,0.38666666666666666
20631,0.34
20632,0.006666666666666667
20633,0.25
20634,0.09333333333333334
20635,1.0
20636,0.04
20637,0.11666666666666667
20638,0.04666666666666667
20639,0.13333333333333333
20640,0.25
20641,0.11
20642,0.005555555555555555
20643,0.017333333333333333
20644,0.31333333333333335
20645,0.11666666666666667
20646,0.38333333333333336
20647,0.006666666666666667
20648,0.9933333333333333
20649,0.07333333333333333
20650,0.07
20651,0.9566666666666667
20652,0.07333333333333333
20653,0.08333333333333333
20654,0.006666666666666667
20655,0.08894444444444445
20656,0.27
20657,0.011666666666666667
20658,0.02666666666666667
20659,0.24666666666666667
20660,0.18
20661,0.02
20662,0.701888888888889
20663,0.01
20664,1.0
20665,0.22666666666666666
20666,0.9988888888888887
20667,0.056666666666666664
20668,0.7233333333333334
20669,0.06333333333333334
20670,0.15
20671,1.0
20672,0.9966666666666667
20673,0.09666666666666666
20674,0.19
20675,0.11666666666666667
20676,0.056666666666666664
20677,0.03
20678,0.023333333333333334
20679,0.029111111111111115
20680,0.99
20681,0.2833333333333333
20682,0.38666666666666666
20683,0.17944444444444446
20684,0.26216666666666666
20685,0.2
20686,0.99
20687,0.31333333333333335
20688,0.13666666666666666
20689,0.16
20690,0.056666666666666664
20691,0.20666666666666667
20692,0.006666666666666667
20693,0.6708129420263568
20694,0.15666666666666668
20695,0.013333333333333334
20696,0.76
20697,0.06
20698,0.7566666666666667
20699,0.30666666666666664
20700,0.43666666666666665
20701,0.03333333333333333
20702,0.3566666666666667
20703,0.023333333333333334
20704,0.35
20705,0.07333333333333333
20706,0.16333333333333333
20707,0.9966666666666667
20708,0.26666666666666666
20709,0.2733333333333333
20710,0.2
20711,0.18666666666666668
20712,0.17
20713,0.3892137770083932
20714,0.9866666666666667
20715,0.10666666666666667
20716,0.9966666666666667
20717,0.9933333333333333
20718,0.04666666666666667
20719,0.7866666666666666
20720,0.17066665446163612
20721,0.11
20722,0.33
20723,0.6833333333333333
20724,0.03333333333333333
20725,0.25333333333333335
20726,0.10556818181818182
20727,0.05
20728,0.19333333333333333
20729,0.6401920629054776
20730,0.8401752136752136
20731,0.31333333333333335
20732,0.21
20733,0.118
20734,0.23666666666666666
20735,0.12
20736,0.48
20737,0.5833333333333334
20738,0.03
20739,0.63
20740,0.9743333333333334
20741,0.013333333333333334
20742,0.4
20743,0.0033333333333333335
20744,0.2866666666666667
20745,0.22
20746,0.04
20747,0.023333333333333334
20748,0.09
20749,0.4633333333333333
20750,0.9933333333333333
20751,0.010666666666666668
20752,0.012777777777777779
20753,0.33666666666666667
20754,0.12555555555555556
20755,0.9106666666666666
20756,0.08
20757,0.17555555555555555
20758,0.32
20759,0.99
20760,0.3433333333333333
20761,0.25666666666666665
20762,0.22333333333333333
20763,0.9866666666666667
20764,0.06
20765,0.07833333333333334
20766,0.54
20767,0.9833333333333333
20768,0.056666666666666664
20769,0.17
20770,0.04
20771,0.14777777777777779
20772,0.045
20773,0.86
20774,0.3
20775,1.0
20776,0.07
20777,0.2966666666666667
20778,0.2833333333333333
20779,0.4666666666666667
20780,0.44
20781,0.2866666666666667
20782,1.0
20783,0.32555555555555554
20784,0.1042848254364414
20785,0.19
20786,0.12666666666666668
20787,1.0
20788,0.9566666666666667
20789,0.17333333333333334
20790,0.22
20791,0.2875
20792,0.08333333333333333
20793,0.03
20794,1.0
20795,0.013333333333333334
20796,0.08555555555555557
20797,0.03333333333333333
20798,0.2
20799,0.11333333333333333
20800,0.013333333333333334
20801,0.9966666666666667
20802,0.19566666666666668
20803,0.32
20804,0.08722222222222221
20805,1.0
20806,0.9314080549080548
20807,0.13305555555555554
20808,0.3
20809,0.06666666666666667
20810,0.11333333333333333
20811,0.006666666666666667
20812,1.0
20813,0.02
20814,0.638
20815,0.8429824561403508
20816,0.08333333333333333
20817,0.07666666666666666
20818,0.21083333333333334
20819,0.05
20820,0.9966666666666667
20821,0.06
20822,0.9966666666666667
20823,0.9911111111111113
20824,0.3575
20825,0.055
20826,0.8735925925925926
20827,0.14666666666666667
20828,0.29333333333333333
20829,0.04666666666666667
20830,0.2033165747168195
20831,0.15333333333333332
20832,0.03
20833,0.09444444444444444
20834,0.32666666666666666
20835,0.3283333333333333
20836,0.013333333333333334
20837,0.99
20838,0.2748148148148148
20839,0.32
20840,0.023333333333333334
20841,0.9966666666666667
20842,0.9966666666666667
20843,0.9833333333333333
20844,0.13
20845,0.44
20846,0.0161029810298103
20847,0.056666666666666664
20848,0.2777777777777778
20849,0.6033333333333334
20850,0.13666666666666666
20851,0.10666666666666667
20852,0.9866666666666667
20853,0.20333333333333334
20854,0.73
20855,0.03666666666666667
20856,0.23523809523809527
20857,0.02
20858,0.12333333333333334
20859,0.35333333333333333
20860,0.08666666666666667
20861,0.14666666666666667
20862,0.12
20863,0.3333333333333333
20864,0.03666666666666667
20865,0.05
20866,0.2
20867,0.3566666666666667
20868,0.4166666666666667
20869,0.26666666666666666
20870,0.9366666666666666
20871,0.35333333333333333
20872,0.49333333333333335
20873,0.18333333333333332
20874,0.24
20875,0.08
20876,0.09333333333333334
20877,0.03333333333333333
20878,0.32666666666666666
20879,0.1
20880,0.1475699357831711
20881,0.13555555555555557
20882,0.13333333333333333
20883,0.023333333333333334
20884,0.034444444444444444
20885,0.27
20886,0.06888888888888887
20887,0.03666666666666667
20888,0.5592592592592593
20889,0.0
20890,0.03333333333333333
20891,0.15333333333333332
20892,0.20666666666666667
20893,0.9875757575757576
20894,0.24666666666666667
20895,0.05333333333333334
20896,0.016666666666666666
20897,0.056666666666666664
20898,0.44333333333333336
20899,0.013333333333333334
20900,0.006666666666666667
20901,0.03666666666666667
20902,0.023333333333333334
20903,0.01
20904,0.6466666666666666
20905,0.03166666666666667
20906,0.21
20907,0.26
20908,0.9966666666666667
20909,0.05
20910,0.04
20911,0.9966666666666667
20912,1.0
20913,0.43666666666666665
20914,0.6633333333333333
20915,0.6266666666666667
20916,0.11333333333333333
20917,0.82
20918,0.03666666666666667
20919,1.0
20920,0.27666666666666667
20921,0.07
20922,0.08916666666666667
20923,0.4742326768869843
20924,0.0
20925,0.04
20926,0.03333333333333333
20927,0.11333333333333333
20928,0.9866666666666667
20929,0.11333333333333333
20930,0.10333333333333333
20931,0.04666666666666667
20932,0.22666666666666666
20933,0.34159054834054836
20934,0.04666666666666667
20935,0.19666666666666666
20936,0.24
20937,0.98
20938,0.32
20939,0.9844444444444443
20940,0.0
20941,0.99
20942,0.7533308913308913
20943,0.5844444444444444
20944,0.11666666666666667
20945,0.13333333333333333
20946,0.17
20947,0.745
20948,0.08888888888888889
20949,0.05222222222222222
20950,0.2633333333333333
20951,0.1688888888888889
20952,0.10666666666666667
20953,0.07883333333333332
20954,0.18
20955,0.18333333333333332
20956,0.9566666666666667
20957,0.12333333333333334
20958,0.14333333333333334
20959,0.19333333333333333
20960,0.27
20961,0.6873333333333332
20962,0.019444444444444445
20963,0.33555555555555555
20964,0.901092352092352
20965,0.16333333333333333
20966,0.7666666666666667
20967,0.08333333333333333
20968,0.5433333333333333
20969,0.45666666666666667
20970,0.01
20971,0.31333333333333335
20972,0.13
20973,0.9933333333333333
20974,0.06666666666666667
20975,0.03333333333333333
20976,1.0
20977,0.02
20978,0.888888888888889
20979,0.9933333333333333
20980,0.13
20981,0.23
20982,0.15634920634920635
20983,0.27
20984,0.028666666666666667
20985,0.06
20986,0.12333333333333334
20987,0.38
20988,1.0
20989,0.6066666666666667
20990,0.14
20991,0.056666666666666664
20992,0.18666666666666668
20993,0.02
20994,0.17333333333333334
20995,0.08666666666666667
20996,1.0
20997,1.0
20998,0.7866666666666666
20999,0.0
21000,0.27
21001,0.013333333333333334
21002,0.12
21003,0.35
21004,0.99
21005,0.39666666666666667
21006,0.7233333333333334
21007,1.0
21008,0.22333333333333333
21009,0.14666666666666667
21010,0.07666666666666666
21011,0.9966666666666667
21012,0.12333333333333334
21013,0.2898711539836413
21014,0.21333333333333335
21015,0.04674679487179487
21016,0.86
21017,0.24733333333333335
21018,0.08916666666666667
21019,0.0033333333333333335
21020,0.68
21021,0.06
21022,0.16
21023,0.06
21024,0.08333333333333333
21025,0.8672034067768503
21026,0.9866666666666667
21027,0.2188888888888889
21028,0.18626984126984125
21029,0.7537415697048049
21030,0.21666666666666667
21031,0.05
21032,0.14333333333333334
21033,0.11
21034,0.46
21035,0.22
21036,0.888888888888889
21037,0.5666666666666667
21038,0.926720379838027
21039,0.23777777777777775
21040,0.07
21041,0.7033333333333334
21042,0.9421666666666666
21043,0.07
21044,0.31
21045,0.08666666666666667
21046,0.26
21047,0.06666666666666667
21048,0.74
21049,0.08
21050,0.16
21051,0.016666666666666666
21052,0.20666666666666667
21053,1.0
21054,0.15536796536796538
21055,0.9294265734265733
21056,0.33
21057,0.023333333333333334
21058,0.9866666666666667
21059,0.95
21060,0.0033333333333333335
21061,0.25
21062,0.013333333333333334
21063,0.02
21064,0.1855549333642747
21065,0.006666666666666667
21066,0.3
21067,0.35333333333333333
21068,0.35333333333333333
21069,1.0
21070,0.13333333333333333
21071,0.16
21072,0.27666666666666667
21073,0.9966666666666667
21074,1.0
21075,0.96
21076,0.056666666666666664
21077,0.9833333333333333
21078,0.07
21079,1.0
21080,0.12
21081,0.91
21082,0.12666666666666668
21083,0.016666666666666666
21084,0.013333333333333334
21085,0.9340537131713603
21086,0.013333333333333334
21087,0.051666666666666666
21088,0.22666666666666666
21089,0.2833333333333333
21090,0.8433333333333334
21091,0.02666666666666667
21092,0.043333333333333335
21093,0.016666666666666666
21094,0.056666666666666664
21095,0.8621852198455141
21096,0.09
21097,0.4066666666666667
21098,0.13
21099,0.016666666666666666
21100,0.9244444444444444
21101,0.4866666666666667
21102,0.09
21103,0.09333333333333334
21104,0.5933333333333334
21105,0.19666666666666666
21106,0.037619047619047614
21107,0.16666666666666666
21108,0.22666666666666666
21109,0.09257338646714426
21110,0.006666666666666667
21111,0.34
21112,0.02
21113,0.16133333333333333
21114,0.016666666666666666
21115,0.10666666666666667
21116,0.02666666666666667
21117,0.03333333333333333
21118,0.2866666666666667
21119,0.38
21120,0.19777777777777777
21121,0.02
21122,0.043333333333333335
21123,0.33199999999999996
21124,0.03666666666666667
21125,0.38208333333333333
21126,0.10666666666666667
21127,0.02
21128,0.8189182299182299
21129,0.3333333333333333
21130,0.2
21131,0.9966666666666667
21132,0.08666666666666667
21133,0.7433333333333333
21134,0.07333333333333333
21135,0.01
21136,0.09
21137,0.98
21138,0.02666666666666667
21139,0.03
21140,0.013333333333333334
21141,0.45666666666666667
21142,0.06333333333333334
21143,0.016666666666666666
21144,0.43333333333333335
21145,0.09
21146,0.01
21147,0.03
21148,0.9866666666666667
21149,0.19333333333333333
21150,0.76
21151,0.35333333333333333
21152,0.9966666666666667
21153,0.9494265734265733
21154,0.023333333333333334
21155,1.0
21156,0.36333333333333334
21157,0.04
21158,0.0033333333333333335
21159,0.054045584045584044
21160,0.13333333333333333
21161,1.0
21162,0.09666666666666666
21163,0.7088504273504274
21164,0.09666666666666666
21165,0.07083333333333333
21166,0.0638888888888889
21167,0.1775
21168,0.23
21169,0.7966666666666666
21170,0.0033333333333333335
21171,0.14166666666666666
21172,0.35333333333333333
21173,0.18666666666666668
21174,0.12666666666666668
21175,0.02
21176,0.03333333333333333
21177,0.013333333333333334
21178,0.04666666666666667
21179,0.057777777777777775
21180,0.2
21181,0.23333333333333334
21182,0.01
21183,0.98
21184,0.23666666666666666
21185,0.18333333333333332
21186,0.058388888888888886
21187,0.05
21188,0.23333333333333334
21189,0.09
21190,0.012592592592592593
21191,0.06
21192,0.33666666666666667
21193,0.008333333333333333
21194,0.9966666666666667
21195,0.09333333333333334
21196,0.2833333333333333
21197,0.4066666666666667
21198,0.9933333333333333
21199,0.07
21200,0.03333333333333333
21201,0.03
21202,0.12
21203,0.04666666666666667
21204,0.12
21205,0.0362962962962963
21206,0.43666666666666665
21207,0.07666666666666666
21208,0.02666666666666667
21209,0.33666666666666667
21210,0.40444444444444444
21211,0.89
21212,0.11798207348207347
21213,0.12333333333333334
21214,0.5155555555555555
21215,0.15666666666666668
21216,0.26666666666666666
21217,0.1252777777777778
21218,1.0
21219,0.16
21220,0.13333333333333333
21221,0.023333333333333334
21222,0.53
21223,0.08666666666666667
21224,0.5966666666666667
21225,0.0
21226,0.03666666666666667
21227,0.21333333333333335
21228,0.24333333333333335
21229,0.13
21230,0.09666666666666666
21231,0.09333333333333334
21232,0.08666666666666667
21233,0.056666666666666664
21234,0.10666666666666667
21235,0.09555555555555555
21236,0.07
21237,0.29333333333333333
21238,0.2897507492507492
21239,0.013333333333333334
21240,0.2966666666666667
21241,0.043333333333333335
21242,0.21
21243,1.0
21244,0.30333333333333334
21245,0.9966666666666667
21246,0.4166666666666667
21247,0.11666666666666667
21248,0.17333333333333334
21249,0.01
21250,0.32
21251,0.9274155011655012
21252,0.009743589743589744
21253,0.3333333333333333
21254,0.07055555555555557
21255,0.11333333333333333
21256,0.22333333333333333
21257,0.013333333333333334
21258,0.02
21259,0.0
21260,0.01
21261,0.18333333333333332
21262,0.34
21263,0.29
21264,0.11333333333333333
21265,0.07666666666666666
21266,0.49666666666666665
21267,0.9933333333333333
21268,0.23333333333333334
21269,0.013333333333333334
21270,0.03666666666666667
21271,0.034166666666666665
21272,0.17333333333333334
21273,0.15
21274,0.16
21275,0.11
21276,0.38333333333333336
21277,0.17333333333333334
21278,0.20666666666666667
21279,0.5966666666666667
21280,0.9066666666666666
21281,0.5149954952454953
21282,0.9866666666666667
21283,0.016666666666666666
21284,0.06666666666666667
21285,0.06666666666666667
21286,0.14
21287,0.31
21288,0.9866666666666667
21289,1.0
21290,0.9933333333333333
21291,0.09305555555555556
21292,0.11
21293,0.08666666666666667
21294,0.10366666666666667
21295,0.13
21296,0.22
21297,0.05333333333333334
21298,0.01
21299,0.05333333333333334
21300,0.2
21301,0.02666666666666667
21302,0.10333333333333333
21303,0.095
21304,0.2
21305,0.03
21306,0.42
21307,0.16333333333333333
21308,0.25666666666666665
21309,0.45
21310,0.16666666666666666
21311,0.9366666666666666
21312,0.25666666666666665
21313,0.5966666666666667
21314,0.03333333333333333
21315,0.023333333333333334
21316,0.06333333333333334
21317,0.06
21318,0.04666666666666667
21319,0.06333333333333334
21320,0.07333333333333333
21321,0.12333333333333334
21322,0.056666666666666664
21323,0.9966666666666667
21324,0.15666666666666668
21325,0.22
21326,0.9246813725490195
21327,0.24666666666666667
21328,0.016666666666666666
21329,0.9966666666666667
21330,0.9633333333333334
21331,0.08
21332,0.3933333333333333
21333,0.10333333333333333
21334,0.1
21335,0.16182916942591863
21336,0.21419191919191916
21337,0.12
21338,0.5933333333333334
21339,0.02
21340,0.20159203980099502
21341,0.1527777777777778
21342,0.16333333333333333
21343,0.563348861283644
21344,0.1846827008361535
21345,0.36396396090946853
21346,0.97
21347,0.9966666666666667
21348,0.24166666666666667
21349,0.043333333333333335
21350,0.30666666666666664
21351,0.16
21352,0.30666666666666664
21353,0.10699186991869918
21354,0.18
21355,0.9966666666666667
21356,0.18
21357,0.5083333333333333
21358,0.9933333333333333
21359,0.07333333333333333
21360,0.07333333333333333
21361,1.0
21362,0.41928571428571426
21363,0.03166666666666667
21364,0.24666666666666667
21365,0.013333333333333334
21366,0.12
21367,0.03
21368,0.9866666666666667
21369,0.4622222222222222
21370,0.3
21371,0.016666666666666666
21372,0.105
21373,0.9966666666666667
21374,0.7133333333333334
21375,0.12
21376,0.61
21377,0.9215555555555557
21378,0.9966666666666667
21379,0.21333333333333335
21380,0.013333333333333334
21381,0.2833333333333333
21382,0.39
21383,0.5
21384,0.06
21385,0.11
21386,0.98
21387,0.0033333333333333335
21388,0.9340314315314316
21389,0.1334985949722792
21390,0.15333333333333332
21391,0.008888888888888889
21392,0.18
21393,0.0
21394,0.4666666666666667
21395,0.19
21396,0.27666666666666667
21397,0.08333333333333333
21398,0.0033333333333333335
21399,0.21333333333333335
21400,0.7936934470758
21401,0.05
21402,0.22333333333333333
21403,0.043333333333333335
21404,0.02666666666666667
21405,0.13444444444444442
21406,0.86
21407,0.09944444444444445
21408,0.25
21409,0.043333333333333335
21410,0.09333333333333334
21411,1.0
21412,0.6666666666666666
21413,0.21
21414,0.5333333333333333
21415,0.61
21416,0.4825
21417,0.13407407407407407
21418,0.16
21419,0.05333333333333334
21420,0.01
21421,0.08333333333333333
21422,0.2733333333333333
21423,0.06666666666666667
21424,0.02666666666666667
21425,0.19333333333333333
21426,0.14333333333333334
21427,0.24333333333333335
21428,0.19333333333333333
21429,0.0
21430,1.0
21431,0.9933333333333333
21432,0.9866666666666667
21433,0.15929292929292926
21434,0.9966666666666667
21435,0.07
21436,0.04666666666666667
21437,0.23666666666666666
21438,0.0
21439,0.25
21440,0.96
21441,0.2633333333333333
21442,0.055555555555555546
21443,0.21666666666666667
21444,0.03666666666666667
21445,0.15666666666666668
21446,0.08666666666666667
21447,0.27
21448,0.745
21449,0.14
21450,0.9876666666666667
21451,0.5433333333333333
21452,0.21
21453,0.06
21454,0.11444444444444445
21455,0.02
21456,0.05333333333333334
21457,0.09866666666666667
21458,0.04
21459,0.06333333333333334
21460,0.12511111111111112
21461,0.056666666666666664
21462,0.25666666666666665
21463,0.05333333333333334
21464,0.0033333333333333335
21465,0.5054501631944498
21466,0.043333333333333335
21467,0.14333333333333334
21468,0.023333333333333334
21469,0.035333333333333335
21470,0.06666666666666667
21471,0.016666666666666666
21472,0.16833333333333333
21473,0.9933333333333333
21474,0.15666666666666668
21475,0.9966666666666667
21476,0.07
21477,0.32
21478,0.07
21479,0.07333333333333333
21480,0.17333333333333334
21481,0.21666666666666667
21482,0.08833333333333333
21483,0.12
21484,0.7566666666666667
21485,0.0033333333333333335
21486,0.5223333333333333
21487,0.12666666666666668
21488,0.01175925925925926
21489,0.08
21490,0.10666666666666667
21491,0.05
21492,0.9366666666666666
21493,0.5759663182346109
21494,1.0
21495,0.043333333333333335
21496,0.9833333333333333
21497,0.08
21498,0.389908938793311
21499,0.28
21500,0.12611111111111112
21501,0.16
21502,0.043333333333333335
21503,0.1911111111111111
21504,0.04
21505,0.5366666666666666
21506,0.06333333333333334
21507,0.016666666666666666
21508,0.05
21509,0.9966666666666667
21510,0.02
21511,0.5787779881716819
21512,0.04666666666666667
21513,0.14
21514,0.06111111111111111
21515,0.3466666666666667
21516,0.47
21517,0.8580593408306801
21518,0.03666666666666667
21519,1.0
21520,0.18666666666666668
21521,0.6396666666666667
21522,0.02259259259259259
21523,0.11975897793882381
21524,0.465
21525,0.10333333333333333
21526,0.05333333333333334
21527,0.21666666666666667
21528,0.05333333333333334
21529,0.02666666666666667
21530,0.08
21531,0.16333333333333333
21532,0.26
21533,0.23666666666666666
21534,0.0033333333333333335
21535,0.023333333333333334
21536,0.35
21537,0.9966666666666667
21538,0.01
21539,0.42
21540,0.2833333333333333
21541,0.03333333333333333
21542,0.06666666666666667
21543,0.01
21544,0.6666666666666666
21545,0.1
21546,0.028333333333333332
21547,0.38
21548,0.4666666666666667
21549,0.09
21550,0.08871861471861471
21551,0.023333333333333334
21552,0.14976190476190476
21553,0.9966666666666667
21554,0.19666666666666666
21555,0.08
21556,0.99
21557,0.43333333333333335
21558,0.03333333333333333
21559,0.012
21560,0.18
21561,0.9051519795657728
21562,0.01
21563,0.5966666666666667
21564,0.04666666666666667
21565,0.24333333333333335
21566,0.02666666666666667
21567,0.6366666666666667
21568,0.023333333333333334
21569,0.3433333333333333
21570,0.24333333333333335
21571,0.6445555555555555
21572,0.37333333333333335
21573,0.22
21574,0.006666666666666667
21575,0.016666666666666666
21576,0.3
21577,0.8116666666666666
21578,1.0
21579,0.13797959204538154
21580,0.15777777777777777
21581,0.12
21582,0.8222227032227033
21583,0.03333333333333333
21584,0.043333333333333335
21585,0.24666666666666667
21586,0.03666666666666667
21587,0.24333333333333335
21588,0.013333333333333334
21589,0.9833333333333333
21590,0.09
21591,0.14166666666666666
21592,0.07333333333333333
21593,0.9966666666666667
21594,0.09
21595,0.37333333333333335
21596,0.09
21597,1.0
21598,0.015
21599,0.06
21600,0.38333333333333336
21601,0.15916666666666668
21602,0.07
21603,0.44
21604,0.31487179487179484
21605,0.79
21606,0.8927922077922077
21607,0.03
21608,0.10666666666666667
21609,0.9334313725490195
21610,0.06
21611,1.0
21612,0.29333333333333333
21613,0.0027272727272727275
21614,1.0
21615,0.20666666666666667
21616,0.1
21617,0.9875757575757576
21618,0.41777777777777775
21619,0.023333333333333334
21620,0.10666666666666667
21621,0.9866666666666667
21622,0.16666666666666666
21623,1.0
21624,0.04
21625,0.06
21626,0.9427094017094017
21627,0.0033333333333333335
21628,0.006666666666666667
21629,0.18
21630,0.03
21631,0.016666666666666666
21632,0.10333333333333333
21633,0.99
21634,0.06333333333333334
21635,0.96
21636,0.6033333333333334
21637,0.5266666666666666
21638,0.09
21639,0.13
21640,0.84
21641,0.21333333333333335
21642,0.023333333333333334
21643,0.9953333333333334
21644,0.013333333333333334
21645,0.05
21646,0.19333333333333333
21647,0.043333333333333335
21648,0.03
21649,0.05
21650,0.013333333333333334
21651,0.043333333333333335
21652,0.9966666666666667
21653,0.47
21654,0.9966666666666667
21655,0.01
21656,0.10333333333333333
21657,0.9966666666666667
21658,0.981
21659,0.12
21660,0.15666666666666668
21661,0.04666666666666667
21662,0.9052110852110853
21663,0.18
21664,0.42866666666666664
21665,0.3383333333333333
21666,0.08666666666666667
21667,0.9077064504696083
21668,0.17
21669,0.16629629629629628
21670,0.6742304579951639
21671,0.96
21672,0.006666666666666667
21673,0.05333333333333334
21674,0.03180753924113212
21675,0.08
21676,0.08333333333333333
21677,1.0
21678,0.25666666666666665
21679,0.9633333333333334
21680,0.16376984126984126
21681,0.22
21682,0.5992156862745097
21683,0.42333333333333334
21684,0.06666666666666667
21685,0.07333333333333333
21686,0.01
21687,0.31666666666666665
21688,0.06
21689,0.4235303030303029
21690,0.12
21691,0.53
21692,0.016666666666666666
21693,0.05638095238095238
21694,0.44
21695,0.10666666666666667
21696,0.06
21697,0.06777777777777778
21698,0.0033333333333333335
21699,0.46
21700,0.08714285714285715
21701,0.0033333333333333335
21702,0.016944444444444443
21703,0.06
21704,0.05
21705,0.99
21706,0.5766666666666667
21707,0.5666666666666667
21708,0.06666666666666667
21709,0.4824242424242424
21710,0.05
21711,0.31666666666666665
21712,0.03
21713,0.9966666666666667
21714,0.9966666666666667
21715,0.17333333333333334
21716,0.16
21717,0.09
21718,0.38666666666666666
21719,0.9966666666666667
21720,0.9866666666666667
21721,0.12666666666666668
21722,0.04
21723,0.06458333333333334
21724,1.0
21725,0.03
21726,0.37
21727,0.9966666666666667
21728,0.9372962962962962
21729,0.3331666666666667
21730,0.9933333333333333
21731,0.5184086808000276
21732,0.03333333333333333
21733,0.43333333333333335
21734,0.5166666666666667
21735,0.07
21736,0.023333333333333334
21737,0.1
21738,0.9966666666666667
21739,0.13
21740,0.12416666666666666
21741,0.11
21742,0.29333333333333333
21743,0.02
21744,0.3466666666666667
21745,0.05
21746,0.13
21747,0.056666666666666664
21748,0.8483333333333334
21749,0.41866666666666663
21750,0.06666666666666667
21751,0.9066666666666666
21752,0.0
21753,0.0044444444444444444
21754,0.3801754385964912
21755,0.10333333333333333
21756,0.065
21757,0.28
21758,0.09333333333333334
21759,0.11
21760,0.08166666666666667
21761,0.5233333333333333
21762,0.6466666666666666
21763,0.13333333333333333
21764,0.006856501326801387
21765,0.05
21766,0.9966666666666667
21767,0.9933333333333333
21768,0.8733333333333333
21769,0.177240524528467
21770,0.42333333333333334
21771,0.0033333333333333335
21772,0.38666666666666666
21773,0.15166666666666667
21774,0.14666666666666667
21775,0.013333333333333334
21776,0.04666666666666667
21777,0.03333333333333333
21778,0.31
21779,0.37
21780,0.023333333333333334
21781,0.015555555555555553
21782,0.16666666666666666
21783,0.6766666666666666
21784,0.18833333333333332
21785,0.01
21786,0.759057239057239
21787,0.12666666666666668
21788,0.013333333333333334
21789,0.24666666666666667
21790,0.32
21791,0.29333333333333333
21792,0.09
21793,0.23333333333333334
21794,1.0
21795,0.041999999999999996
21796,0.18
21797,0.02666666666666667
21798,0.9366666666666666
21799,0.02
21800,0.0
21801,0.03666666666666667
21802,0.08
21803,1.0
21804,0.3675
21805,0.10666666666666667
21806,0.05
21807,0.013333333333333334
21808,0.13632996632996633
21809,0.03666666666666667
21810,0.21333333333333335
21811,0.02666666666666667
21812,0.07333333333333333
21813,0.27
21814,0.98
21815,0.11
21816,0.21
21817,0.6733333333333333
21818,0.1
21819,0.3
21820,0.043333333333333335
21821,0.3466666666666667
21822,0.07333333333333333
21823,0.07333333333333333
21824,0.01
21825,0.9966666666666667
21826,0.06
21827,0.5054501631944498
21828,0.2833333333333333
21829,0.8621852198455141
21830,0.21666666666666667
21831,0.09666666666666666
21832,0.02666666666666667
21833,0.2472222222222222
21834,0.25333333333333335
21835,0.18166666666666667
21836,0.3333333333333333
21837,0.5266666666666666
21838,0.06444444444444444
21839,0.01
21840,0.03666666666666667
21841,0.33
21842,0.013333333333333334
21843,0.056666666666666664
21844,0.18166666666666667
21845,0.36
21846,0.01
21847,0.12
21848,0.09333333333333334
21849,0.259047619047619
21850,0.18666666666666668
21851,0.11333333333333333
21852,0.15666666666666668
21853,0.2075443722943723
21854,0.013333333333333334
21855,1.0
21856,0.21666666666666667
21857,0.2733333333333333
21858,0.11333333333333333
21859,0.38
21860,0.04
21861,0.13666666666666666
21862,0.07333333333333333
21863,0.09666666666666666
21864,0.3435555555555556
21865,0.38666666666666666
21866,0.9966666666666667
21867,0.9966666666666667
21868,0.9334080549080549
21869,1.0
21870,0.25666666666666665
21871,0.9933333333333333
21872,0.5087777777777778
21873,0.38
21874,0.10333333333333333
21875,0.15
21876,0.01
21877,0.24
21878,0.14
21879,0.31333333333333335
21880,0.24666666666666667
21881,0.07666666666666666
21882,0.23
21883,0.25666666666666665
21884,0.32666666666666666
21885,0.17919191919191918
21886,0.35
21887,0.06
21888,0.14
21889,0.12666666666666668
21890,0.4509743797081258
21891,0.9966666666666667
21892,0.13
21893,0.02
21894,0.37333333333333335
21895,1.0
21896,0.3566666666666667
21897,0.2966666666666667
21898,0.6866666666666666
21899,0.035812590187590185
21900,0.9037445234504059
21901,0.3892137770083932
21902,0.05
21903,0.99
21904,0.62
21905,0.056666666666666664
21906,0.02
21907,0.3566666666666667
21908,0.0
21909,0.20333333333333334
21910,0.4033333333333333
21911,0.169
21912,0.9933333333333333
21913,0.17083333333333334
21914,0.26666666666666666
21915,0.12
21916,0.08166666666666667
21917,0.45666666666666667
21918,0.15666666666666668
21919,0.04
21920,0.9966666666666667
21921,0.02666666666666667
21922,0.09666666666666666
21923,0.9166666666666666
21924,0.17
21925,0.15333333333333332
21926,0.06333333333333334
21927,0.013333333333333334
21928,0.08577777777777777
21929,0.4506666666666666
21930,0.05
21931,0.4823809523809524
21932,0.03666666666666667
21933,0.06333333333333334
21934,0.3233333333333333
21935,0.7011111111111111
21936,0.19666666666666666
21937,0.04666666666666667
21938,0.3188888888888889
21939,0.015555555555555553
21940,0.02666666666666667
21941,0.013333333333333334
21942,0.03666666666666667
21943,0.16833333333333333
21944,0.3333333333333333
21945,0.04791666666666667
21946,1.0
21947,0.04
21948,0.006666666666666667
21949,0.6633333333333333
21950,0.9504871794871796
21951,1.0
21952,0.99
21953,0.023333333333333334
21954,0.9833333333333333
21955,0.09
21956,0.9966666666666667
21957,0.08666666666666667
21958,0.15333333333333332
21959,0.03666666666666667
21960,0.08223856209150326
21961,0.013333333333333334
21962,0.25666666666666665
21963,0.08666666666666667
21964,0.9366666666666666
21965,0.31333333333333335
21966,0.0668939393939394
21967,0.09666666666666666
21968,0.47333333333333333
21969,0.24
21970,0.03333333333333333
21971,0.22166666666666668
21972,0.03038363171355499
21973,0.03666666666666667
21974,0.7811322751322751
21975,0.18666666666666668
21976,0.18626984126984125
21977,0.2733333333333333
21978,0.16
21979,0.43
21980,0.05592592592592593
21981,0.27599999999999997
21982,0.5333333333333333
21983,0.6466666666666666
21984,0.16
21985,0.19666666666666666
21986,0.08333333333333333
21987,0.8521243145743145
21988,0.5173862199478902
21989,0.10333333333333333
21990,0.19833333333333333
21991,0.7666666666666667
21992,0.9133333333333333
21993,0.24583333333333332
21994,0.9866666666666667
21995,0.1385648148148148
21996,0.3
21997,0.09317460317460316
21998,0.03333333333333333
21999,0.07
22000,0.17666666666666667
22001,0.02666666666666667
22002,0.06444444444444444
22003,0.03333333333333333
22004,0.72
22005,0.09908163245348602
22006,0.0
22007,0.07666666666666666
22008,0.04
22009,0.6133333333333333
22010,0.5633333333333334
22011,0.15666666666666668
22012,0.18739775910364145
22013,0.11666666666666667
22014,0.9933333333333333
22015,0.39
22016,0.07
22017,0.9733333333333334
22018,0.27666666666666667
22019,0.26
22020,0.05672222222222222
22021,0.11666666666666667
22022,0.0033333333333333335
22023,0.97
22024,0.023333333333333334
22025,0.22
22026,0.5833333333333334
22027,0.07466666666666666
22028,0.10333333333333333
22029,0.03777777777777778
22030,0.9933333333333333
22031,0.9933333333333333
22032,0.02
22033,0.4266666666666667
22034,0.11
22035,0.31
22036,0.09
22037,0.33666666666666667
22038,0.69
22039,0.27
22040,0.9933333333333333
22041,0.04666666666666667
22042,0.9933333333333333
22043,0.16
22044,0.19333333333333333
22045,0.05333333333333334
22046,1.0
22047,0.03333333333333333
22048,0.9766666666666667
22049,0.03
22050,0.01423076923076923
22051,0.17666666666666667
22052,0.38
22053,0.23166666666666666
22054,0.5666666666666667
22055,0.3
22056,0.07666666666666666
22057,0.21333333333333335
22058,0.05333333333333334
22059,0.22333333333333333
22060,0.19333333333333333
22061,0.010666666666666668
22062,0.75
22063,0.9783333333333334
22064,0.18090034965034968
22065,0.02
22066,0.9334080549080549
22067,0.023333333333333334
22068,0.016666666666666666
22069,0.19666666666666666
22070,0.013333333333333334
22071,0.02666666666666667
22072,0.31666666666666665
22073,0.04666666666666667
22074,0.08333333333333333
22075,0.09333333333333334
22076,0.06
22077,0.7130465686274511
22078,0.09333333333333334
22079,0.20666666666666667
22080,0.5466666666666666
22081,0.09666666666666666
22082,1.0
22083,0.1
22084,1.0
22085,0.06
22086,0.023333333333333334
22087,0.18666666666666668
22088,0.45740740740740743
22089,0.7566666666666667
22090,0.09333333333333334
22091,0.12
22092,1.0
22093,0.24666666666666667
22094,0.15722222222222224
22095,0.03666666666666667
22096,0.04666666666666667
22097,0.19666666666666666
22098,0.06
22099,0.013333333333333334
22100,0.02666666666666667
22101,0.9504871794871796
22102,0.23333333333333334
22103,0.15
22104,0.027777777777777773
22105,0.05333333333333334
22106,0.023333333333333334
22107,0.3433333333333333
22108,0.30666666666666664
22109,0.15
22110,0.17666666666666667
22111,0.9933333333333333
22112,0.17666666666666667
22113,0.13666666666666666
22114,0.8973333333333333
22115,0.11333333333333333
22116,0.9157948717948717
22117,0.525
22118,0.3566666666666667
22119,0.22
22120,0.023333333333333334
22121,0.7537415697048049
22122,0.04
22123,0.08481481481481482
22124,0.27
22125,0.6966666666666667
22126,0.07
22127,0.47
22128,0.016666666666666666
22129,0.36333333333333334
22130,0.12666666666666668
22131,0.01
22132,0.2
22133,0.03666666666666667
22134,0.016666666666666666
22135,0.38666666666666666
22136,0.7933333333333333
22137,0.18666666666666668
22138,0.5516666666666666
22139,0.023333333333333334
22140,0.8574031986531986
22141,0.37333333333333335
22142,0.20666666666666667
22143,0.08577777777777777
22144,0.21166666666666667
22145,1.0
22146,0.36
22147,0.23333333333333334
22148,0.01
22149,0.10333333333333333
22150,0.258
22151,0.06333333333333334
22152,0.03333333333333333
22153,0.2161111111111111
22154,0.025
22155,0.28
22156,0.18
22157,0.13333333333333333
22158,0.38666666666666666
22159,0.06333333333333334
22160,0.24566666666666667
22161,0.5054501631944498
22162,0.08666666666666667
22163,0.25666666666666665
22164,0.1
22165,0.09333333333333334
22166,0.2633333333333333
22167,0.02666666666666667
22168,0.37
22169,0.03
22170,0.05888888888888888
22171,0.42333333333333334
22172,0.023333333333333334
22173,0.4866666666666667
22174,0.04666666666666667
22175,0.7266666666666667
22176,0.17
22177,0.12666666666666668
22178,0.30112962962962964
22179,0.9966666666666667
22180,0.22333333333333333
22181,0.023333333333333334
22182,0.14666666666666667
22183,0.0265
22184,0.06333333333333334
22185,0.18666666666666668
22186,0.19554761904761903
22187,0.16666666666666666
22188,0.06333333333333334
22189,0.11333333333333333
22190,0.05777777777777779
22191,0.9504871794871796
22192,0.2285771485771486
22193,0.26
22194,0.13666666666666666
22195,0.15666666666666668
22196,0.3722222222222222
22197,0.9966666666666667
22198,0.0
22199,0.7266666666666667
22200,0.31333333333333335
22201,0.9966666666666667
22202,0.27166666666666667
22203,0.9933333333333333
22204,0.6396666666666667
22205,0.023333333333333334
22206,1.0
22207,0.08
22208,0.05
22209,0.01
22210,0.043333333333333335
22211,0.7233333333333334
22212,0.021666666666666667
22213,0.16666666666666666
22214,0.926720379838027
22215,0.10666666666666667
22216,0.93
22217,0.03444444444444444
22218,0.21
22219,0.12
22220,0.7717433862433862
22221,0.04666666666666667
22222,0.20333333333333334
22223,0.2833333333333333
22224,0.37
22225,0.0
22226,0.006666666666666667
22227,0.3466666666666667
22228,0.023333333333333334
22229,0.29333333333333333
22230,0.5166666666666667
22231,0.04666666666666667
22232,0.9966666666666667
22233,0.11666666666666667
22234,0.13333333333333333
22235,0.045
22236,0.031217948717948717
22237,0.04
22238,0.05333333333333334
22239,0.05
22240,0.4633333333333333
22241,0.08
22242,0.245
22243,0.23333333333333334
22244,0.1
22245,0.3125
22246,1.0
22247,0.023333333333333334
22248,0.14333333333333334
22249,0.6206666666666666
22250,0.1
22251,0.23333333333333334
22252,0.27
22253,1.0
22254,0.04722222222222222
22255,0.41333333333333333
22256,0.6692244651483783
22257,0.15128571428571427
22258,0.9945833333333334
22259,0.03263157894736843
22260,0.09666666666666666
22261,0.01
22262,0.13
22263,0.31333333333333335
22264,0.056666666666666664
22265,0.8286375420875421
22266,0.10222222222222223
22267,0.41
22268,0.03
22269,0.24
22270,0.15
22271,0.07333333333333333
22272,0.05333333333333334
22273,0.17666666666666667
22274,0.05333333333333334
22275,0.37333333333333335
22276,0.9933333333333333
22277,0.15
22278,0.9966666666666667
22279,0.5184086808000276
22280,0.013333333333333334
22281,0.13666666666666666
22282,0.07666666666666666
22283,0.8361111111111111
22284,0.005555555555555555
22285,0.9966666666666667
22286,0.05333333333333334
22287,0.05777777777777779
22288,0.21666666666666667
22289,0.17
22290,0.7966666666666666
22291,0.03333333333333333
22292,1.0
22293,0.24666666666666667
22294,0.4
22295,0.581111111111111
22296,0.06666666666666667
22297,0.05
22298,0.007916666666666667
22299,0.44333333333333336
22300,0.16
22301,0.04666666666666667
22302,0.9233333333333333
22303,0.5488888888888889
22304,0.2633333333333333
22305,0.3
22306,0.12833333333333333
22307,0.22666666666666666
22308,0.01641025641025641
22309,0.01
22310,0.02666666666666667
22311,0.19333333333333333
22312,0.09
22313,0.9566666666666667
22314,0.6708129420263568
22315,0.42
22316,0.6381481481481482
22317,0.2
22318,0.0
22319,0.085
22320,0.07
22321,0.11666666666666667
22322,0.31
22323,0.08333333333333333
22324,0.39
22325,0.9966666666666667
22326,0.32208333333333333
22327,0.48333333333333334
22328,0.0033333333333333335
22329,0.013333333333333334
22330,0.050666666666666665
22331,0.09333333333333334
22332,0.148
22333,0.0811111111111111
22334,0.09708333333333333
22335,0.7916666666666666
22336,0.06333333333333334
22337,0.15666666666666668
22338,0.2633333333333333
22339,0.9866666666666667
22340,0.029666666666666668
22341,0.016666666666666666
22342,0.15
22343,0.12
22344,0.981
22345,0.3233333333333333
22346,0.43333333333333335
22347,0.45666666666666667
22348,0.925
22349,0.9933333333333333
22350,0.30333333333333334
22351,0.49333333333333335
22352,0.056666666666666664
22353,0.08666666666666667
22354,0.37666666666666665
22355,0.09571428571428572
22356,0.023333333333333334
22357,0.33666666666666667
22358,0.6401920629054776
22359,0.03666666666666667
22360,0.9833333333333333
22361,0.05
22362,0.3
22363,0.016666666666666666
22364,0.24333333333333335
22365,0.16333333333333333
22366,0.35
22367,0.18555555555555558
22368,0.10552910052910053
22369,0.3933333333333333
22370,0.22027777777777782
22371,0.1241093721093721
22372,0.10333333333333333
22373,1.0
22374,0.76
22375,1.0
22376,0.15666666666666668
22377,0.13392391788077615
22378,0.3883333333333333
22379,0.04
22380,0.1
22381,0.03333333333333333
22382,0.5233333333333333
22383,0.1588888888888889
22384,0.18333333333333332
22385,0.9933333333333333
22386,0.28
22387,0.056666666666666664
22388,0.3744444444444444
22389,0.39506230502670125
22390,1.0
22391,0.25222222222222224
22392,0.022
22393,0.10333333333333333
22394,0.07666666666666666
22395,0.07833333333333334
22396,0.14333333333333334
22397,0.17666666666666667
22398,0.19333333333333333
22399,1.0
22400,0.5133333333333333
22401,0.43333333333333335
22402,0.5777777777777778
22403,0.14
22404,0.12
22405,1.0
22406,0.013333333333333334
22407,0.22333333333333333
22408,0.9844444444444443
22409,0.01111111111111111
22410,0.13333333333333333
22411,0.11333333333333333
22412,0.02666666666666667
22413,0.05777777777777779
22414,0.6833333333333333
22415,0.87
22416,0.9966666666666667
22417,0.04666666666666667
22418,0.43333333333333335
22419,0.49666666666666665
22420,0.013655913978494623
22421,0.9933333333333333
22422,0.22
22423,0.07
22424,0.2966666666666667
22425,0.030854700854700857
22426,0.006666666666666667
22427,1.0
22428,0.2633333333333333
22429,0.99
22430,0.21333333333333335
22431,0.013333333333333334
22432,0.99
22433,0.15333333333333332
22434,0.03
22435,0.9966666666666667
22436,0.06333333333333334
22437,0.09333333333333334
22438,0.9833333333333333
22439,0.9966666666666667
22440,0.8222227032227033
22441,0.0
22442,0.6033333333333334
22443,0.1277777777777778
22444,0.9833333333333333
22445,0.17166666666666666
22446,0.10666666666666667
22447,0.17
22448,0.16666666666666666
22449,0.7933333333333333
22450,1.0
22451,0.20666666666666667
22452,0.016666666666666666
22453,0.2633333333333333
22454,0.9966666666666667
22455,0.03142857142857143
22456,1.0
22457,0.013333333333333334
22458,0.981
22459,0.05
22460,0.9533333333333334
22461,0.02
22462,0.01
22463,0.03666666666666667
22464,0.2733333333333333
22465,0.5054501631944498
22466,0.99
22467,0.9393760683760684
22468,0.09666666666666666
22469,0.8141631318724342
22470,0.38
22471,0.9566666666666667
22472,0.16805555555555554
22473,0.24333333333333335
22474,0.15
22475,0.17
22476,0.17333333333333334
22477,0.4266666666666667
22478,0.43333333333333335
22479,0.006666666666666667
22480,0.17
22481,0.11
22482,0.56
22483,0.023333333333333334
22484,0.99
22485,0.01
22486,0.11333333333333333
22487,0.04
22488,0.15333333333333332
22489,0.05
22490,0.5966666666666667
22491,0.9866666666666667
22492,0.11333333333333333
22493,0.18333333333333332
22494,0.25333333333333335
22495,0.25666666666666665
22496,0.33
22497,0.85
22498,0.012222222222222221
22499,0.12444444444444443
22500,0.8735925925925926
22501,0.10333333333333333
22502,0.09196825735738944
22503,0.8417857142857142
22504,0.04833333333333333
22505,0.06333333333333334
22506,0.11666666666666667
22507,0.14205128205128204
22508,0.06666666666666667
22509,0.016666666666666666
22510,0.013333333333333334
22511,0.02666666666666667
22512,0.21
22513,0.056666666666666664
22514,0.42
22515,0.9966666666666667
22516,0.21
22517,0.8133333333333334
22518,0.6966666666666667
22519,0.10833333333333334
22520,0.21333333333333335
22521,0.01
22522,0.08333333333333333
22523,0.03666666666666667
22524,0.03888888888888889
22525,0.15208333333333332
22526,0.3333333333333333
22527,0.0
22528,0.36666666666666664
22529,0.24
22530,0.2733333333333333
22531,0.5433333333333333
22532,0.1
22533,0.016666666666666666
22534,1.0
22535,0.19
22536,0.15
22537,0.17888888888888888
22538,0.05
22539,0.04666666666666667
22540,0.18
22541,0.9266666666666666
22542,0.30666666666666664
22543,0.8477777777777779
22544,0.6333333333333333
22545,0.31333333333333335
22546,0.016666666666666666
22547,0.02943939393939394
22548,0.4327777777777778
22549,0.4033333333333333
22550,0.6766666666666666
22551,0.13833333333333334
22552,0.13
22553,0.3322222222222222
22554,0.5133333333333333
22555,0.0033333333333333335
22556,0.09
22557,0.11666666666666667
22558,0.023333333333333334
22559,0.9966666666666667
22560,0.18
22561,0.05
22562,0.17
22563,0.825
22564,0.09333333333333334
22565,0.9933333333333333
22566,0.13
22567,0.01
22568,0.016666666666666666
22569,0.9955555555555554
22570,0.9866666666666667
22571,0.04666666666666667
22572,0.2866666666666667
22573,0.030671243325705567
22574,0.3233333333333333
22575,0.08333333333333333
22576,0.056666666666666664
22577,0.14333333333333334
22578,0.2633333333333333
22579,0.0037719298245614034
22580,0.7266666666666667
22581,0.15
22582,0.2783333333333333
22583,0.9966666666666667
22584,0.26
22585,0.11666666666666667
22586,0.021666666666666667
22587,0.0033333333333333335
22588,0.7633333333333333
22589,0.2
22590,0.9966666666666667
22591,0.9421666666666666
22592,0.1
22593,0.04616666666666667
22594,0.11444444444444443
22595,0.09
22596,0.9298484848484848
22597,0.006666666666666667
22598,0.043333333333333335
22599,0.16666666666666666
22600,0.3516666666666667
22601,0.03166666666666667
22602,0.2833333333333333
22603,0.22
22604,0.12666666666666668
22605,0.10854545454545454
22606,0.0
22607,0.11333333333333333
22608,0.05333333333333334
22609,0.07030555555555557
22610,0.07
22611,0.35398892644822877
22612,0.3233333333333333
22613,0.07666666666666666
22614,0.043333333333333335
22615,1.0
22616,0.13333333333333333
22617,0.08333333333333333
22618,0.9566666666666667
22619,0.6905555555555556
22620,0.056666666666666664
22621,0.03180753924113212
22622,0.08333333333333333
22623,0.04666666666666667
22624,0.19
22625,0.17333333333333334
22626,0.17666666666666667
22627,0.049321511821511815
22628,0.6933333333333334
22629,0.692
22630,0.9876666666666667
22631,0.18
22632,0.65
22633,0.023333333333333334
22634,0.12333333333333334
22635,0.0175
22636,0.9966666666666667
22637,0.09333333333333334
22638,0.10333333333333333
22639,0.08722222222222223
22640,0.05630574712643679
22641,0.06333333333333334
22642,0.02
22643,0.06666666666666667
22644,0.05375
22645,0.03611111111111111
22646,0.16333333333333333
22647,0.17333333333333334
22648,0.03333333333333333
22649,0.13166666666666665
22650,0.93
22651,0.6458459529988898
22652,0.06666666666666667
22653,0.9966666666666667
22654,0.08666666666666667
22655,0.19666666666666666
22656,1.0
22657,0.13333333333333333
22658,0.2633333333333333
22659,0.01
22660,0.18666666666666668
22661,0.33
22662,0.9966666666666667
22663,0.0335
22664,0.9446666666666665
22665,0.33666666666666667
22666,0.07666666666666666
22667,0.57
22668,0.043333333333333335
22669,0.025555555555555557
22670,0.7715291005291005
22671,0.06
22672,0.043333333333333335
22673,0.5933333333333334
22674,0.10810916179337231
22675,0.21333333333333335
22676,0.26666666666666666
22677,0.02666666666666667
22678,0.1438095238095238
22679,0.45666666666666667
22680,0.44
22681,0.03333333333333333
22682,0.08666666666666667
22683,0.056666666666666664
22684,0.25266666666666665
22685,0.9933333333333333
22686,0.09333333333333334
22687,0.013333333333333334
22688,0.9102338416848222
22689,0.013333333333333334
22690,0.10166666666666667
22691,0.05266666666666667
22692,0.013333333333333334
22693,0.9884848484848483
22694,0.02
22695,0.14
22696,0.6758650793650793
22697,0.5810000000000001
22698,0.043333333333333335
22699,0.03333333333333333
22700,0.09
22701,0.34
22702,0.9566666666666667
22703,0.9833333333333333
22704,0.62
22705,0.9334313725490195
22706,0.6133333333333333
22707,0.37333333333333335
22708,0.9933333333333333
22709,0.018333333333333333
22710,0.53
22711,0.02
22712,0.11
22713,0.03333333333333333
22714,0.03333333333333333
22715,0.24444444444444446
22716,0.09666666666666666
22717,0.5766666666666667
22718,0.03666666666666667
22719,0.016666666666666666
22720,0.24333333333333335
22721,0.006666666666666667
22722,0.99
22723,0.29
22724,0.16833333333333333
22725,0.9966666666666667
22726,1.0
22727,0.21
22728,0.10333333333333333
22729,0.0027272727272727275
22730,0.02666666666666667
22731,0.12047124926422444
22732,0.9833333333333333
22733,0.8235811965811968
22734,0.25666666666666665
22735,0.025146198830409354
22736,0.051666666666666666
22737,0.24
22738,0.056666666666666664
22739,0.29333333333333333
22740,0.8235811965811968
22741,0.6636483890549205
22742,0.32666666666666666
22743,0.01
22744,0.06333333333333334
22745,0.016666666666666666
22746,0.9966666666666667
22747,0.23333333333333334
22748,0.41
22749,0.09666666666666666
22750,1.0
22751,0.11316503267973856
22752,0.7117929292929294
22753,0.18
22754,0.7766666666666666
22755,0.35
22756,0.04833333333333333
22757,0.13
22758,0.013333333333333334
22759,0.16333333333333333
22760,0.016666666666666666
22761,0.920902356902357
22762,0.26
22763,0.01
22764,0.06444444444444444
22765,0.17333333333333334
22766,0.013333333333333334
22767,0.99
22768,0.05
22769,0.18666666666666668
22770,0.22333333333333333
22771,0.25333333333333335
22772,0.8824871794871795
22773,0.03
22774,0.07
22775,0.9933333333333333
22776,0.6152064569417511
22777,0.18
22778,0.49333333333333335
22779,0.9966666666666667
22780,0.013333333333333334
22781,0.03666666666666667
22782,0.25333333333333335
22783,0.24666666666666667
22784,0.6833333333333333
22785,0.10333333333333333
22786,0.29111111111111115
22787,0.8750140415140413
22788,0.9309080549080548
22789,0.016666666666666666
22790,0.18166666666666667
22791,0.9366666666666666
22792,0.57
22793,0.23555555555555557
22794,0.7866666666666666
22795,0.03
22796,0.23
22797,0.21466666666666667
22798,0.07
22799,0.25666666666666665
22800,0.29
22801,0.02666666666666667
22802,0.9866666666666667
22803,0.03333333333333333
22804,0.1386111111111111
22805,0.10333333333333333
22806,0.33
22807,0.016666666666666666
22808,0.013333333333333334
22809,0.15333333333333332
22810,0.08
22811,0.17666666666666667
22812,0.056666666666666664
22813,0.0033333333333333335
22814,0.15333333333333332
22815,0.31333333333333335
22816,0.38666666666666666
22817,0.06333333333333334
22818,0.016666666666666666
22819,0.19544444444444445
22820,0.04
22821,0.0
22822,0.18666666666666668
22823,0.023333333333333334
22824,0.95
22825,0.15666666666666668
22826,0.0362962962962963
22827,0.2633333333333333
22828,0.4222222222222222
22829,0.03
22830,0.06
22831,0.29333333333333333
22832,0.2733333333333333
22833,0.14333333333333334
22834,0.016666666666666666
22835,0.98
22836,0.2624444444444444
22837,0.9766666666666667
22838,0.16666666666666666
22839,0.37333333333333335
22840,0.08833333333333333
22841,0.06666666666666667
22842,0.3439007936507937
22843,0.05
22844,0.32416666666666666
22845,0.36396396090946853
22846,0.24
22847,0.07666666666666666
22848,0.76
22849,0.05333333333333334
22850,0.04666666666666667
22851,0.9766666666666667
22852,0.9966666666666667
22853,0.31666666666666665
22854,0.13333333333333333
22855,0.2
22856,0.11833333333333333
22857,0.13
22858,0.66
22859,0.03666666666666667
22860,0.04
22861,0.41
22862,0.023333333333333334
22863,0.2633333333333333
22864,0.11666666666666667
22865,0.36333333333333334
22866,0.9933333333333333
22867,0.06333333333333334
22868,0.34
22869,0.74
22870,0.06333333333333334
22871,0.37666666666666665
22872,0.043333333333333335
22873,0.013333333333333334
22874,0.34
22875,0.03263157894736843
22876,0.007380952380952381
22877,0.01513888888888889
22878,0.9366666666666666
22879,0.9679166666666666
22880,0.09
22881,0.043333333333333335
22882,1.0
22883,0.9966666666666667
22884,0.43333333333333335
22885,0.13666666666666666
22886,0.4033333333333333
22887,0.15
22888,0.013333333333333334
22889,0.26666666666666666
22890,0.18666666666666668
22891,0.49
22892,0.013333333333333334
22893,0.02
22894,0.023333333333333334
22895,0.08
22896,0.9433333333333334
22897,0.56
22898,0.12666666666666668
22899,0.10666666666666667
22900,0.49
22901,0.03666666666666667
22902,0.14222222222222222
22903,0.389908938793311
22904,0.029242424242424243
22905,0.013333333333333334
22906,0.3466666666666667
22907,0.3433333333333333
22908,0.09666666666666666
22909,0.11429166666666667
22910,0.32666666666666666
22911,0.9933333333333333
22912,0.55
22913,0.1838095238095238
22914,0.02666666666666667
22915,0.023333333333333334
22916,1.0
22917,0.05333333333333334
22918,0.08333333333333333
22919,0.03
22920,0.09333333333333334
22921,0.03333333333333333
22922,0.07333333333333333
22923,0.17333333333333334
22924,0.4066666666666667
22925,0.2588888888888889
22926,0.08666666666666667
22927,0.3933333333333333
22928,0.08
22929,0.9933333333333333
22930,0.02
22931,0.1
22932,0.11666666666666667
22933,0.21333333333333335
22934,0.33666666666666667
22935,0.2737037037037037
22936,1.0
22937,0.372
22938,0.6425735867446396
22939,0.06333333333333334
22940,0.27
22941,0.05222222222222222
22942,0.9966666666666667
22943,0.043333333333333335
22944,0.24333333333333335
22945,0.05
22946,0.38666666666666666
22947,0.95
22948,0.8868888888888888
22949,0.0033333333333333335
22950,0.7433333333333333
22951,0.6644444444444444
22952,0.13666666666666666
22953,0.01
22954,1.0
22955,0.01
22956,0.99
22957,0.1379972030553426
22958,0.04
22959,0.10333333333333333
22960,0.08666666666666667
22961,0.9966666666666667
22962,0.09666666666666666
22963,1.0
22964,0.02666666666666667
22965,0.631462962962963
22966,0.03957142857142857
22967,0.82
22968,0.0
22969,0.06619047619047619
22970,0.006666666666666667
22971,0.11333333333333333
22972,0.006666666666666667
22973,0.32666666666666666
22974,0.26
22975,0.20333333333333334
22976,0.25666666666666665
22977,0.7433333333333333
22978,0.1
22979,0.16533333333333333
22980,0.99
22981,0.09666666666666666
22982,0.017865961199294532
22983,0.013333333333333334
22984,0.6396666666666667
22985,0.05630574712643679
22986,0.21833333333333332
22987,0.9966666666666667
22988,0.0566448823507647
22989,0.06833333333333333
22990,0.023333333333333334
22991,0.18666666666666668
22992,0.15666666666666668
22993,0.44666666666666666
22994,0.03
22995,0.49833333333333335
22996,0.9024182506272059
22997,0.3
22998,0.07666666666666666
22999,0.3103333333333333
23000,0.07666666666666666
23001,0.10666666666666667
23002,0.056666666666666664
23003,1.0
23004,0.009743589743589744
23005,0.043333333333333335
23006,0.30666666666666664
23007,0.20666666666666667
23008,0.09333333333333334
23009,0.07333333333333333
23010,0.39627777777777773
23011,0.03822916666666667
23012,0.2866666666666667
23013,0.23666666666666666
23014,0.023333333333333334
23015,0.03
23016,0.04
23017,0.35333333333333333
23018,0.013333333333333334
23019,0.09
23020,0.06
23021,0.06333333333333334
23022,0.08666666666666667
23023,0.14666666666666667
23024,0.41
23025,0.99
23026,0.06
23027,0.9439629629629629
23028,0.04666666666666667
23029,0.30333333333333334
23030,0.04
23031,0.0033333333333333335
23032,0.9833333333333333
23033,0.1617777777777778
23034,0.23
23035,0.06333333333333334
23036,0.28
23037,0.006666666666666667
23038,0.013333333333333334
23039,0.013333333333333334
23040,0.18833333333333332
23041,0.71
23042,0.01
23043,0.23
23044,0.043333333333333335
23045,0.5933333333333334
23046,0.6401920629054776
23047,0.21925396825396826
23048,0.03666666666666667
23049,0.30333333333333334
23050,0.2733333333333333
23051,0.03333333333333333
23052,0.07
23053,0.02666666666666667
23054,0.18416666666666667
23055,0.45666666666666667
23056,0.9966666666666667
23057,0.01
23058,1.0
23059,0.9966666666666667
23060,0.16666666666666666
23061,0.9866666666666667
23062,0.36833333333333335
23063,0.13666666666666666
23064,0.25604040505825554
23065,0.16534188034188035
23066,0.3333333333333333
23067,0.13166666666666665
23068,0.7912222222222223
23069,0.13
23070,0.8973333333333333
23071,0.7230640645586298
23072,0.05333333333333334
23073,0.02
23074,0.9244444444444444
23075,1.0
23076,0.016666666666666666
23077,0.09333333333333334
23078,0.07666666666666666
23079,0.09
23080,0.056666666666666664
23081,0.0033333333333333335
23082,0.06333333333333334
23083,0.14333333333333334
23084,0.1225
23085,0.05949020251778872
23086,0.41
23087,0.016666666666666666
23088,0.3433333333333333
23089,0.435
23090,0.25666666666666665
23091,0.3892137770083932
23092,0.11666666666666667
23093,0.013333333333333334
23094,0.24333333333333335
23095,0.8927922077922077
23096,0.9533333333333334
23097,0.7566666666666667
23098,0.023333333333333334
23099,0.99
23100,0.49666666666666665
23101,0.4
23102,0.3233333333333333
23103,0.10666666666666667
23104,0.19866666666666666
23105,0.16666666666666666
23106,0.05592592592592593
23107,0.9975757575757576
23108,0.37666666666666665
23109,0.03666666666666667
23110,0.24666666666666667
23111,0.023333333333333334
23112,0.22666666666666666
23113,0.06
23114,0.09
23115,0.18333333333333332
23116,0.05
23117,0.09666666666666666
23118,0.28
23119,0.9933333333333333
23120,0.07
23121,0.22333333333333333
23122,0.05333333333333334
23123,0.006666666666666667
23124,0.49666666666666665
23125,1.0
23126,0.03
23127,0.135
23128,0.38
23129,0.15
23130,0.16
23131,0.16
23132,0.013333333333333334
23133,0.9866666666666667
23134,0.12666666666666668
23135,0.16
23136,0.11166666666666666
23137,0.02
23138,0.04666666666666667
23139,0.08
23140,0.2733333333333333
23141,1.0
23142,0.7715291005291005
23143,0.9933333333333333
23144,0.9966666666666667
23145,0.08666666666666667
23146,0.37333333333333335
23147,0.09666666666666666
23148,0.07083333333333333
23149,0.8947222222222223
23150,0.18255555555555558
23151,0.08774999999999998
23152,0.9933333333333333
23153,0.19544444444444445
23154,0.5533333333333333
23155,0.0033333333333333335
23156,0.9966666666666667
23157,0.13
23158,0.22666666666666666
23159,0.14
23160,0.26916666666666667
23161,0.17333333333333334
23162,0.0
23163,0.9533333333333334
23164,0.7333333333333333
23165,0.02666666666666667
23166,0.04666666666666667
23167,0.08916666666666667
23168,0.08
23169,0.34
23170,0.3333333333333333
23171,0.16416666666666666
23172,0.08033333333333334
23173,0.006666666666666667
23174,0.14666666666666667
23175,0.41
23176,0.9966666666666667
23177,0.10189935064935064
23178,0.9966666666666667
23179,0.006666666666666667
23180,0.043333333333333335
23181,0.016666666666666666
23182,0.12619047619047621
23183,0.09333333333333334
23184,0.48541793114006754
23185,1.0
23186,0.55
23187,0.98
23188,0.14
23189,0.17333333333333334
23190,0.26744444444444443
23191,0.17
23192,0.021111111111111112
23193,0.30333333333333334
23194,0.36457491582491586
23195,0.27
23196,0.9958823529411764
23197,0.25333333333333335
23198,0.0033333333333333335
23199,0.9633333333333334
23200,0.10630434782608696
23201,0.4533333333333333
23202,0.03666666666666667
23203,0.27621693121693125
23204,0.19411183261183262
23205,0.02666666666666667
23206,1.0
23207,0.44666666666666666
23208,0.18833333333333332
23209,0.17
23210,0.07333333333333333
23211,0.28
23212,0.15666666666666668
23213,0.04
23214,0.026111111111111113
23215,1.0
23216,0.42
23217,0.1611111111111111
23218,0.03518518518518519
23219,0.99
23220,0.013333333333333334
23221,0.8401752136752136
23222,0.02666666666666667
23223,0.22416666666666665
23224,0.06666666666666667
23225,0.2833333333333333
23226,1.0
23227,0.04666666666666667
23228,0.14216666666666666
23229,0.9933333333333333
23230,0.03666666666666667
23231,0.09483333333333333
23232,0.04
23233,0.11666666666666667
23234,1.0
23235,0.3048148148148148
23236,0.06333333333333334
23237,0.3623809523809524
23238,0.08333333333333333
23239,0.029583333333333333
23240,0.9966666666666667
23241,0.02666666666666667
23242,0.013333333333333334
23243,0.08420839978734715
23244,0.9966666666666667
23245,0.06
23246,0.02666666666666667
23247,0.04
23248,0.42
23249,0.15
23250,0.22666666666666666
23251,0.0033333333333333335
23252,0.013333333333333334
23253,0.8566666666666667
23254,0.056666666666666664
23255,0.17555555555555555
23256,0.9945833333333334
23257,0.9366666666666666
23258,0.9683333333333334
23259,0.11333333333333333
23260,0.013333333333333334
23261,0.019333333333333334
23262,0.9066666666666666
23263,0.18333333333333332
23264,0.43227457948353465
23265,0.31416666666666665
23266,0.15333333333333332
23267,0.03
23268,0.42333333333333334
23269,0.22333333333333333
23270,0.18333333333333332
23271,0.03
23272,0.59
23273,0.43666666666666665
23274,0.19666666666666666
23275,0.038148148148148146
23276,0.08199999999999999
23277,0.006666666666666667
23278,0.25
23279,0.035
23280,0.64
23281,0.37
23282,0.22269444444444444
23283,0.01
23284,0.03
23285,0.20333333333333334
23286,0.06333333333333334
23287,0.056666666666666664
23288,0.9833333333333333
23289,0.06666666666666667
23290,1.0
23291,0.4066666666666667
23292,0.17
23293,0.1489298041659623
23294,0.99
23295,0.19133333333333333
23296,0.07
23297,0.08333333333333333
23298,0.99
23299,0.0
23300,0.09166666666666666
23301,0.99
23302,0.5641666666666667
23303,0.034444444444444444
23304,0.14
23305,0.6466666666666666
23306,0.043333333333333335
23307,0.15333333333333332
23308,0.09155555555555556
23309,0.013333333333333334
23310,0.41333333333333333
23311,0.006666666666666667
23312,0.01
23313,0.19333333333333333
23314,0.3433333333333333
23315,0.09
23316,0.15666666666666668
23317,0.03166666666666667
23318,0.18666666666666668
23319,0.11333333333333333
23320,0.23333333333333334
23321,0.68
23322,0.4266666666666667
23323,0.53
23324,0.2285771485771486
23325,0.02666666666666667
23326,0.18333333333333332
23327,0.19666666666666666
23328,0.3641666666666667
23329,0.0235
23330,0.060833333333333336
23331,0.14
23332,0.03333333333333333
23333,0.901092352092352
23334,0.4171111111111111
23335,0.07333333333333333
23336,0.03666666666666667
23337,0.14666666666666667
23338,0.2733333333333333
23339,1.0
23340,0.4633333333333333
23341,0.06333333333333334
23342,0.2572222222222222
23343,0.8266666666666667
23344,0.19333333333333333
23345,0.10333333333333333
23346,0.20546265172735764
23347,0.02666666666666667
23348,1.0
23349,0.205
23350,0.77
23351,0.6425735867446396
23352,1.0
23353,0.23666666666666666
23354,0.031785714285714285
23355,0.23333333333333334
23356,0.12666666666666668
23357,1.0
23358,0.11666666666666667
23359,0.9966666666666667
23360,0.9966666666666667
23361,0.26666666666666666
23362,0.013333333333333334
23363,0.7666666666666667
23364,0.05383333333333333
23365,1.0
23366,0.35333333333333333
23367,0.11222222222222221
23368,0.09
23369,0.5762962962962963
23370,0.6633333333333333
23371,0.06333333333333334
23372,0.006666666666666667
23373,0.1489298041659623
23374,0.25222222222222224
23375,0.054841269841269843
23376,0.99
23377,0.926720379838027
23378,0.05333333333333334
23379,0.22137566137566134
23380,0.16583333333333333
23381,0.5033333333333333
23382,0.13
23383,0.15
23384,1.0
23385,0.03166666666666667
23386,0.0965
23387,0.025555555555555554
23388,0.01
23389,0.16333333333333333
23390,0.01
23391,1.0
23392,0.12666666666666668
23393,0.016666666666666666
23394,0.6466666666666666
23395,0.5233333333333333
23396,0.17333333333333334
23397,0.99
23398,0.13
23399,0.648611111111111
23400,0.9866666666666667
23401,0.08666666666666667
23402,0.08333333333333333
23403,0.02
23404,0.1
23405,0.3466666666666667
23406,0.18666666666666668
23407,0.04
23408,0.9431666666666666
23409,0.03666666666666667
23410,0.09144444444444445
23411,0.14333333333333334
23412,0.32
23413,0.29333333333333333
23414,0.06
23415,0.6566666666666666
23416,0.03333333333333333
23417,0.12666666666666668
23418,0.67
23419,0.0
23420,0.26666666666666666
23421,0.0
23422,0.2633333333333333
23423,0.16333333333333333
23424,0.9933333333333333
23425,0.14
23426,0.10037037037037037
23427,0.18
23428,0.9733333333333334
23429,0.11666666666666667
23430,0.47
23431,0.006666666666666667
23432,1.0
23433,0.19
23434,0.4033333333333333
23435,0.5133333333333333
23436,0.9766666666666667
23437,0.08666666666666667
23438,0.20333333333333334
23439,0.12666666666666668
23440,0.07
23441,0.27974358974358976
23442,0.13333333333333333
23443,0.43333333333333335
23444,0.57
23445,0.0375
23446,0.016666666666666666
23447,0.9966666666666667
23448,0.08666666666666667
23449,0.9427094017094017
23450,0.2866666666666667
23451,0.35
23452,0.916
23453,0.043333333333333335
23454,0.13333333333333333
23455,0.04666666666666667
23456,0.18277777777777776
23457,0.05333333333333334
23458,1.0
23459,0.034166666666666665
23460,0.19666666666666666
23461,0.7233333333333334
23462,0.3333333333333333
23463,0.4475
23464,0.006666666666666667
23465,0.016666666666666666
23466,1.0
23467,0.4533333333333333
23468,0.013333333333333334
23469,1.0
23470,0.15555555555555556
23471,0.3566666666666667
23472,0.09688888888888889
23473,0.11666666666666667
23474,0.05630574712643679
23475,0.6866666666666666
23476,0.03333333333333333
23477,1.0
23478,0.99
23479,0.055111111111111104
23480,0.024444444444444442
23481,0.2
23482,0.08
23483,0.6566666666666666
23484,0.44666666666666666
23485,0.27
23486,0.9866666666666667
23487,0.9966666666666667
23488,0.19333333333333333
23489,0.011587301587301587
23490,0.056666666666666664
23491,0.23333333333333334
23492,0.4266666666666667
23493,0.02
23494,0.21333333333333335
23495,0.18
23496,0.74
23497,0.33066666666666666
23498,0.02
23499,0.4533333333333333
23500,0.03666666666666667
23501,0.016666666666666666
23502,0.98
23503,0.13
23504,0.61
23505,0.13333333333333333
23506,0.05
23507,0.2733333333333333
23508,0.07
23509,0.06333333333333334
23510,0.006666666666666667
23511,0.06
23512,0.06333333333333334
23513,0.7233333333333334
23514,0.99
23515,0.043333333333333335
23516,0.006666666666666667
23517,0.18333333333333332
23518,0.18666666666666668
23519,0.11333333333333333
23520,0.02
23521,0.14333333333333334
23522,0.9833333333333333
23523,0.1404848484848485
23524,0.1879469296135963
23525,0.02666666666666667
23526,0.04
23527,0.9077064504696083
23528,0.4422222222222223
23529,0.05
23530,0.002
23531,0.2377777777777778
23532,0.19666666666666666
23533,0.23
23534,0.21
23535,0.16666666666666666
23536,0.14333333333333334
23537,0.9052038513792899
23538,0.01
23539,0.37
23540,1.0
23541,0.0033333333333333335
23542,0.049166666666666664
23543,0.45
23544,0.013333333333333334
23545,0.7833333333333333
23546,0.78
23547,0.20537037037037037
23548,0.056666666666666664
23549,0.14666666666666667
23550,0.02666666666666667
23551,0.9933333333333333
23552,0.06
23553,0.03333333333333333
23554,0.02666666666666667
23555,0.9866666666666667
23556,0.03666666666666667
23557,0.043333333333333335
23558,1.0
23559,1.0
23560,0.17333333333333334
23561,0.014282407407407409
23562,0.01
23563,0.06
23564,0.15255555555555556
23565,0.02
23566,0.338
23567,0.2833333333333333
23568,0.07666666666666666
23569,0.30575757575757573
23570,0.013333333333333334
23571,0.21666666666666667
23572,0.013333333333333334
23573,0.03333333333333333
23574,0.09
23575,0.09833333333333333
23576,0.68
23577,0.96
23578,0.21
23579,0.9933333333333333
23580,0.16666666666666666
23581,0.13666666666666666
23582,0.06444444444444444
23583,0.17333333333333334
23584,0.006666666666666667
23585,0.5566666666666666
23586,0.23666666666666666
23587,0.18666666666666668
23588,0.8621852198455141
23589,0.09333333333333334
23590,0.14
23591,0.09666666666666666
23592,0.034666666666666665
23593,0.24666666666666667
23594,0.013333333333333334
23595,0.22777777777777777
23596,0.30666666666666664
23597,0.3333333333333333
23598,0.18333333333333332
23599,0.10666666666666667
23600,0.02
23601,0.21333333333333335
23602,0.25
23603,0.1802777777777778
23604,0.9966666666666667
23605,0.08095238095238096
23606,0.09
23607,0.9833333333333333
23608,0.05
23609,0.9336666666666668
23610,0.043333333333333335
23611,0.05333333333333334
23612,0.07333333333333333
23613,0.16333333333333333
23614,0.48333333333333334
23615,0.38333333333333336
23616,0.03666666666666667
23617,0.3616666666666667
23618,0.14666666666666667
23619,0.03
23620,0.23666666666666666
23621,0.021666666666666667
23622,0.5866666666666667
23623,0.26
23624,0.39166666666666666
23625,0.020925925925925924
23626,0.6433333333333333
23627,0.04
23628,0.016666666666666666
23629,0.9966666666666667
23630,0.06333333333333334
23631,0.16333333333333333
23632,0.169
23633,0.06916666666666667
23634,0.66
23635,0.3771014492753623
23636,0.47
23637,0.075
23638,0.06
23639,0.15588888888888885
23640,0.10416666666666667
23641,0.36333333333333334
23642,0.35333333333333333
23643,0.43333333333333335
23644,0.19
23645,0.02
23646,0.3
23647,0.9034949494949494
23648,0.9966666666666667
23649,0.0175
23650,0.9866666666666667
23651,1.0
23652,0.99
23653,0.28576525625790333
23654,0.07777777777777778
23655,0.23666666666666666
23656,0.23666666666666666
23657,1.0
23658,0.5183006535947713
23659,0.9666666666666667
23660,0.26
23661,0.0
23662,0.11166666666666666
23663,0.06666666666666667
23664,0.08894444444444445
23665,0.03333333333333333
23666,0.08666666666666667
23667,0.013333333333333334
23668,0.14666666666666667
23669,0.13333333333333333
23670,0.17666666666666667
23671,1.0
23672,0.0
23673,0.22
23674,0.14666666666666667
23675,0.14666666666666667
23676,0.01
23677,0.32666666666666666
23678,0.02666666666666667
23679,0.08
23680,0.11666666666666667
23681,0.06666666666666667
23682,0.29
23683,0.03333333333333333
23684,0.44333333333333336
23685,0.21
23686,0.02666666666666667
23687,0.16333333333333333
23688,0.6833333333333333
23689,0.5633333333333334
23690,0.15
23691,0.9244444444444444
23692,0.033274676468926116
23693,0.01825
23694,0.2833333333333333
23695,0.759057239057239
23696,0.19
23697,0.45666666666666667
23698,1.0
23699,0.17700000000000002
23700,0.02666666666666667
23701,0.38333333333333336
23702,0.53
23703,0.985
23704,0.9334080549080549
23705,0.0033333333333333335
23706,0.21
23707,0.13666666666666666
23708,0.10666666666666667
23709,0.96
23710,0.9833333333333333
23711,0.9966666666666667
23712,0.44
23713,0.31666666666666665
23714,0.019166666666666665
23715,0.3085305765023509
23716,0.9833333333333333
23717,0.016666666666666666
23718,0.17
23719,0.12644444444444447
23720,0.6495
23721,0.30733550912498275
23722,0.04833333333333333
23723,0.9467771589919816
23724,0.8662899048213452
23725,1.0
23726,0.8966666666666666
23727,0.03666666666666667
23728,0.38333333333333336
23729,0.15895382395382393
23730,0.9643333333333334
23731,0.12666666666666668
23732,0.7494238591457123
23733,1.0
23734,0.24333333333333335
23735,0.025146198830409354
23736,0.8996978294037118
23737,0.4066666666666667
23738,0.9733333333333334
23739,0.02
23740,1.0
23741,0.07722222222222222
23742,0.45666666666666667
23743,0.03
23744,0.155
23745,0.7933333333333333
23746,0.05
23747,0.8425
23748,0.08666666666666667
23749,0.15
23750,0.7666666666666667
23751,0.18
23752,0.04
23753,0.15666666666666668
23754,0.056666666666666664
23755,0.39
23756,0.14333333333333334
23757,0.8850167846286269
23758,0.18333333333333332
23759,0.03333333333333333
23760,0.016666666666666666
23761,0.02
23762,0.32
23763,0.3253333333333333
23764,0.6396666666666667
23765,0.32666666666666666
23766,0.33
23767,0.6866666666666666
23768,0.9052110852110853
23769,0.03222222222222222
23770,0.03666666666666667
23771,0.33666666666666667
23772,0.03333333333333333
23773,0.20666666666666667
23774,0.299
23775,0.17
23776,1.0
23777,0.01111111111111111
23778,0.8953288084464555
23779,0.013333333333333334
23780,0.75
23781,0.16333333333333333
23782,0.39
23783,0.11333333333333333
23784,0.79
23785,0.09666666666666666
23786,0.09
23787,0.02
23788,1.0
23789,0.22666666666666666
23790,0.015555555555555553
23791,0.14333333333333334
23792,0.10666666666666667
23793,0.0025
23794,0.05
23795,0.0
23796,0.6433333333333333
23797,0.8621852198455141
23798,0.22666666666666666
23799,0.17
23800,0.2833333333333333
23801,0.34100529100529103
23802,0.9966666666666667
23803,1.0
23804,0.22666666666666666
23805,0.043333333333333335
23806,0.02666666666666667
23807,0.34
23808,0.01
23809,0.41333333333333333
23810,0.1
23811,0.13666666666666666
23812,0.4866666666666667
23813,0.20825068913507047
23814,0.03666666666666667
23815,0.02
23816,0.3409722222222222
23817,0.023333333333333334
23818,0.33
23819,0.9566666666666667
23820,0.016666666666666666
23821,0.10666666666666667
23822,0.15666666666666668
23823,0.45
23824,0.016666666666666666
23825,0.02666666666666667
23826,0.27
23827,0.03
23828,0.17
23829,0.20666666666666667
23830,0.023333333333333334
23831,0.44333333333333336
23832,0.14
23833,0.38666666666666666
23834,0.043333333333333335
23835,0.020925925925925924
23836,0.02666666666666667
23837,0.05333333333333334
23838,0.015333333333333332
23839,0.6401920629054776
23840,0.25166666666666665
23841,0.6766666666666666
23842,0.41
23843,0.06
23844,0.06666666666666667
23845,0.016666666666666666
23846,0.1547037518037518
23847,0.29333333333333333
23848,0.5633333333333334
23849,0.49666666666666665
23850,0.2633333333333333
23851,0.8933333333333333
23852,0.16383333333333333
23853,0.2966666666666667
23854,0.031111111111111114
23855,0.11
23856,1.0
23857,0.7717433862433862
23858,0.9866666666666667
23859,0.11333333333333333
23860,0.23333333333333334
23861,0.9766666666666667
23862,0.3466666666666667
23863,0.23666666666666666
23864,0.08666666666666667
23865,0.9833333333333333
23866,0.3441666666666667
23867,1.0
23868,0.63
23869,0.23666666666666666
23870,0.013333333333333334
23871,0.16333333333333333
23872,0.19666666666666666
23873,0.5933333333333334
23874,0.22333333333333333
23875,0.33
23876,0.09666666666666666
23877,0.235
