id,score
0,0.9998797152533498
1,1.1718174667656734e-08
2,0.5097030969697648
3,4.2941852557367507e-07
4,0.40425718074676154
5,0.05148488627982207
6,0.20228085182088051
7,0.07464769922345539
8,3.523601133378248e-05
9,0.7174286278627336
10,1.3133062050552225e-11
11,0.9999987989477289
12,0.9999999999952287
13,0.02068527192613656
14,0.005068476426619247
15,0.9999999991343638
16,0.029523865443705645
17,0.9999999713621549
18,0.998819370792832
19,0.09982899679621063
20,0.00019288292238310066
21,8.802701692254005e-05
22,0.009020592570280414
23,0.04737195802605751
24,0.00499517202543931
25,0.018739465102380413
26,0.604779464757669
27,0.02655340024012471
28,0.9995827010766587
29,0.0024124704505633513
30,0.0008951664226090271
31,0.11457490833768781
32,0.9995445801699345
33,1.52948085355346e-05
34,0.9999699984489611
35,0.02870690436041522
36,2.33045363768366e-05
37,0.8406530155986541
38,0.019465310440933793
39,0.0021892328861256864
40,0.9999613336318263
41,0.999999980683434
42,0.17056299639221387
43,0.2451313666580166
44,0.015997478103259063
45,0.03761579943314278
46,0.9999999999999449
47,0.8757138043258775
48,0.9999950073998899
49,0.12700697918179107
50,0.026701852369335928
51,0.9999989198829125
52,0.00016584021869827327
53,0.061390481309242184
54,0.003824132332100886
55,0.02011291496757714
56,0.07260871477050893
57,0.2470905063725907
58,0.17397161161733096
59,0.0007894960770784436
60,0.7922081711115144
61,0.04363364113469824
62,0.048489678120253836
63,0.14330173137296984
64,0.0020705323436471684
65,0.005927116285847109
66,4.228344088255367e-05
67,0.09555606326576974
68,0.0004978986761928286
69,0.07722217350362268
70,0.10639070694753933
71,9.060594905812567e-07
72,0.2142496781886507
73,0.013449203592044835
74,0.01814741989900774
75,0.3159763823713162
76,0.05914174175591051
77,0.09259107541266186
78,0.041954836438947825
79,0.0013709520017534539
80,0.02949763462111449
81,0.43954226280818953
82,0.0037505682323315396
83,0.03458464084854693
84,0.04016865368905276
85,0.9996516921387393
86,0.15463220282326318
87,0.6716066168730711
88,0.9999989427485223
89,1.0
90,0.03053940122915058
91,0.013243823972964816
92,0.21285310961089077
93,0.08533602701382112
94,0.42191278336953825
95,0.47461503149899237
96,0.01543564265046186
97,0.13974327979938636
98,0.7792846561157375
99,0.000382772428781762
100,1.916901977110815e-09
101,0.11525108269886121
102,0.9999999999999991
103,0.09249666345919991
104,0.999996980589338
105,0.6111640765908515
106,0.08642395669621694
107,0.028842737483265303
108,0.06513025900806
109,0.5348239341334441
110,0.07150939473946612
111,0.9998683019925425
112,0.00041457247458813413
113,2.4965080502289533e-08
114,0.05838326128301489
115,0.12339593453117563
116,1.1788710344370568e-11
117,0.820941928795641
118,0.4681427979728849
119,0.10573671711966634
120,6.733122719848188e-06
121,0.5742605855963308
122,0.9190535055527194
123,0.0002474415735929747
124,0.012118132227705311
125,0.9999999999998568
126,0.004071195610679827
127,0.06235042267628015
128,8.241381992350531e-05
129,0.9997364869652259
130,0.037089990865773484
131,0.003960810508703306
132,0.04504835339647667
133,0.9999999999993894
134,0.02872219365916681
135,0.032262623509579286
136,0.18736283049959424
137,0.10355276992849424
138,0.0057756825210409975
139,0.779580687841226
140,0.4960127515208446
141,0.7018021923994647
142,0.006686604499244896
143,0.004266846248609015
144,0.0001568300531794905
145,0.0018067046235689924
146,0.002454496767109444
147,0.998400103738273
148,0.02154303028913628
149,0.00031978192169633817
150,0.029666624200451946
151,0.9999999943910165
152,0.3379854141241173
153,0.053361492378547495
154,0.8273703945987689
155,0.0008799042052311878
156,0.03764545049237529
157,0.9999999999712252
158,1.0471084726605664e-07
159,0.3945420948931085
160,0.9999999999999567
161,0.37494492850815486
162,1.2435707825830368e-08
163,0.033016265025730684
164,0.0008187466599706315
165,0.5361210161067801
166,0.0007049292687718481
167,0.6249830438018507
168,2.66926523109499e-05
169,1.1338190777947572e-06
170,0.009079750418652173
171,0.001208386722460375
172,0.06392707604420901
173,0.8328303359146483
174,0.7538017364281827
175,0.0227350373877065
176,0.01791059541309203
177,0.5203156145617303
178,0.0555257581554356
179,0.3811476621913237
180,0.0008158797852007038
181,0.9999999626515222
182,0.054146946195422034
183,3.3848046961022964e-09
184,0.024746653333744786
185,0.026487974616352276
186,0.03909590794651444
187,0.6405527743277113
188,0.10179651821973262
189,0.027757071289193323
190,0.015570499328220409
191,0.9999982965958573
192,0.03171587782522629
193,0.014956651358492232
194,0.9975791695849948
195,0.0809563784875388
196,0.04313949895911013
197,2.6978861890924792e-05
198,0.0021850377418657215
199,0.7067651231884161
200,0.0064546492801010515
201,0.049978884236038176
202,0.004476314091145169
203,0.008085760699032125
204,0.08298684555282228
205,0.015382003863720796
206,0.6620706989016331
207,0.9999915758726201
208,0.4443030249775466
209,4.0939828477963846e-13
210,0.6897064471849126
211,6.96225928845457e-05
212,0.001789763223139932
213,0.01572982028857782
214,0.30101079725134605
215,0.9999974427656824
216,0.010439162754267706
217,0.37666824175691027
218,6.655654461439926e-05
219,0.013699374549493715
220,0.00012551539880613038
221,0.999329683733498
222,0.1275663820405399
223,0.08030980919345078
224,0.00586857667025918
225,0.002631312505224337
226,0.24758354366108673
227,0.5677972178350189
228,0.02091666860506011
229,0.9999907912701409
230,5.120685316683258e-05
231,0.000782316831402586
232,0.03780645123167765
233,0.4252742599678361
234,0.03125969746861728
235,0.9999923603367182
236,0.7464556568861762
237,0.002862654958624244
238,0.0004753376573503722
239,3.258991089536233e-06
240,0.05156318326274429
241,0.18935850714008004
242,0.042082243852613686
243,0.008840276606899932
244,0.999999825610463
245,0.08832394210098574
246,0.0009030912451036514
247,0.00011291309053177223
248,0.0009637255514640258
249,0.05399964577146346
250,0.3652596043290559
251,0.007352561921263298
252,0.9986491395876248
253,0.9981577366840526
254,0.00027861968350086276
255,3.459825731092398e-05
256,0.9999999689735762
257,0.6429135842550927
258,0.09580729272772283
259,0.09124878570655992
260,3.585870014211001e-09
261,0.007289696889632946
262,0.0011838675577646068
263,0.006764759629502449
264,0.18566117692191203
265,0.004473956464232974
266,4.066561197217813e-06
267,0.02755187551196198
268,2.5050193626460407e-08
269,0.08730550287620187
270,0.0867906937374771
271,0.06674096478557022
272,0.002982086975617738
273,0.5844545493075026
274,0.9999999987497841
275,0.10775246675224161
276,0.46067629408804933
277,0.24993231080414263
278,0.9998421367941592
279,0.8272681433804483
280,8.802701692254005e-05
281,0.031617595849658994
282,0.6745619830989561
283,0.0523305897848593
284,0.0030568169344324532
285,0.014224119517249674
286,0.9999602175620996
287,4.3687814721307905e-05
288,0.11671173675816476
289,0.0004336881186057698
290,1.701374588413833e-12
291,0.002073782596220707
292,0.7062409786138925
293,0.04516912025146385
294,0.0011669420211949835
295,0.4767815488920021
296,0.8385507377576569
297,0.9999922374879432
298,0.0017009296048374025
299,0.07346945642780302
300,0.0004210813213747988
301,0.01888998072096535
302,0.0014454512439876753
303,1.6699926111636303e-05
304,0.02076815504648927
305,0.03400616935092677
306,0.061518022764264144
307,0.9999901418919322
308,6.425694626758039e-06
309,0.010798751947798503
310,0.9999999988103678
311,0.9999922374879432
312,0.9999946008989498
313,0.39349864521227007
314,0.24189208089291334
315,1.6209759109889187e-10
316,0.46573530864780605
317,0.9418509736035326
318,0.03184933832992656
319,0.042359152347820415
320,0.0007178164673013752
321,0.07064612647680289
322,6.316614011214337e-08
323,0.23268640508125113
324,0.9999999993205109
325,0.8569495021956143
326,0.6681846098969949
327,0.003204238840082381
328,0.01245567346234187
329,2.799464734434888e-06
330,3.9398172156340463e-07
331,0.000782316831402586
332,0.4594744421374474
333,0.045423043853478465
334,0.40853565438701006
335,0.0013607844827129827
336,0.38494869592459824
337,0.029965609886075897
338,0.008570162141170618
339,0.00024326918472497499
340,0.061914345129920986
341,0.05952931765640066
342,0.023617085514716755
343,0.005717359609775194
344,4.218451779370811e-06
345,0.32294987862475816
346,0.7702360160211726
347,0.012213271393536252
348,0.9999998444969569
349,0.9999999999933331
350,0.01578936614049698
351,0.5641386756517481
352,0.9999999735545864
353,0.004132981265240565
354,0.022173275830156193
355,0.38831406082506736
356,0.6134693098048722
357,0.09567528047893141
358,0.9998388662293312
359,0.007032270871201283
360,0.09047807597035429
361,0.006899510123957378
362,0.016699100700151227
363,0.2832219748257691
364,0.42773311424272004
365,7.234813570470343e-08
366,0.04086409314663799
367,7.970416501230842e-05
368,0.06447089500190956
369,0.9999999999999889
370,0.03817616308960391
371,0.3398242668184014
372,0.5379191188631771
373,0.11007800738364415
374,0.6499458579748196
375,0.012486126488603934
376,0.010217570444656422
377,0.887237625732086
378,0.10324575090181093
379,0.42900341314549484
380,0.0003447899074864454
381,0.38958413603310593
382,0.9356958503226589
383,7.360817576986923e-05
384,0.04666773562063966
385,0.9999997983755491
386,0.0001049532984529528
387,0.0021127414842275773
388,0.7160612903687689
389,0.999940018564092
390,0.00045676454334214
391,0.0162692337498469
392,0.008970768013705487
393,0.0003290015869189715
394,0.42871230734829563
395,0.8448402638751343
396,7.050219324116789e-08
397,0.05202141955436568
398,2.715549865822968e-10
399,0.9999625066431667
400,0.05372196287017171
401,0.9981577366840526
402,0.0002015100553686598
403,0.0002922711585017126
404,0.14776622762665573
405,0.04885319080388518
406,0.2704697015895359
407,0.9999307651811087
408,0.22625179033459974
409,0.005354572088856114
410,0.9993623441104789
411,0.26040988521864955
412,0.999998870669975
413,0.5728482083653964
414,0.045873577438551666
415,0.1445697600316691
416,1.4666547059206974e-07
417,0.11805778778898363
418,0.0013442763065061574
419,0.17497350201101936
420,0.022635250819417845
421,0.10460105511707006
422,0.99968279088264
423,0.41757980026676794
424,0.018370707522249025
425,0.9996680349971719
426,0.0005411911383213287
427,0.369078977588031
428,1.5238277728165219e-05
429,0.8954087264350672
430,0.39641049528165223
431,0.043614300388989106
432,0.0003208509591672861
433,0.3811618587157102
434,0.2485628049162165
435,0.026307974954810756
436,0.03498981025110409
437,0.5751032197044055
438,0.125034131496577
439,0.00012935402866952342
440,0.15403419164695112
441,0.2464737872276203
442,0.03363021736401277
443,0.9999999999999996
444,0.7820399335246664
445,0.47834207440854976
446,3.5295492307441456e-07
447,0.15551376600854744
448,0.9999995339630885
449,0.026071172313967314
450,0.14069059676525092
451,0.14803195929262372
452,0.5568350808042523
453,0.9999945915868409
454,0.028534452514318777
455,0.04674705264911266
456,0.9999999999999509
457,0.03256529071864095
458,0.5332275848669589
459,0.0005627457240452332
460,0.040129472404442874
461,0.07243517704296233
462,0.8948209539046548
463,0.1360073827388363
464,0.007232893316083405
465,0.03757077884911771
466,6.353397772426403e-07
467,0.3005259042839695
468,0.9999996601896832
469,0.05594845703764754
470,0.008598294850346801
471,0.2592349578638526
472,8.840352981993488e-08
473,0.04951572969602534
474,0.5645140109387552
475,0.0899042504537274
476,0.7423791260972467
477,0.005100817182828574
478,0.9999999999955536
479,0.031257715966231114
480,0.00028303827839318594
481,0.6163322341765841
482,0.8258195720711006
483,0.9647227936107418
484,0.0005009829258551413
485,0.0014042204178855858
486,0.9999713024454969
487,0.4961470204258862
488,1.4422837452583839e-09
489,0.3298530110692764
490,0.05566312408551255
491,0.32277485618560203
492,0.9996319660832232
493,0.17075464353568437
494,0.07287946481478627
495,0.10381512800967928
496,0.11430464939045135
497,0.7182014789687137
498,0.3902408799404343
499,0.004805036012288141
500,0.05215770482974037
501,0.00936803756542674
502,0.4568418427888484
503,0.9997608539748719
504,1.6284633203549133e-07
505,0.0057362378891942815
506,0.7406847790266107
507,0.8517635311410271
508,0.055034176678983374
509,0.006449273018776549
510,8.215611101131917e-06
511,0.00017712145249416714
512,0.10504523450827236
513,0.7488571584599621
514,0.019213569488825515
515,0.023045216764585517
516,0.02263604458445478
517,0.43898315867319443
518,0.6477001962524468
519,0.0329551249613976
520,0.07997529338070451
521,0.015126323555452533
522,0.008454791542846197
523,0.004296781152395505
524,0.19603029338979075
525,0.19238333974257463
526,0.040152185931654344
527,6.3921074512144215e-06
528,0.022294199173505554
529,0.9999946710208336
530,0.6289928844561269
531,0.22542962092753172
532,0.5247912443817175
533,0.0007572542986687192
534,0.9554557940980795
535,0.02563207361328156
536,0.0815251664210876
537,0.999934099055585
538,0.3073320604362008
539,0.0002940367613464326
540,0.033396042757025075
541,0.5611415308605091
542,0.0002188362556825053
543,0.48808770797761103
544,0.10738549253521043
545,0.35969636108249486
546,6.833369753347286e-08
547,0.18719454230803806
548,0.336863655172177
549,0.030622202122575572
550,0.03090019520125305
551,0.9999999999982203
552,0.9999992332444584
553,0.06083637056637987
554,1.0
555,0.027469929453448654
556,2.99431422455974e-08
557,0.017841420031547935
558,0.753654764906249
559,1.0
560,0.26803162932828717
561,0.1017265648260567
562,0.9999250084998094
563,0.7273143183025952
564,0.10644839206244415
565,0.04588911465371398
566,0.06695669509594951
567,0.10191712799026593
568,0.0701119914931089
569,0.09699527294498218
570,0.5530797379917461
571,0.08475362213153378
572,0.052640495350268456
573,0.04136552376028167
574,0.04051657150738653
575,0.9996221556054471
576,0.06553933723683103
577,0.19675023806949152
578,0.5330701672897312
579,0.9999999688570055
580,1.1798107574223306e-10
581,0.0005982025056982875
582,0.0006615897428373185
583,0.028318090487909894
584,0.006004279032311361
585,0.05431950611660897
586,0.6373535486155182
587,0.9878754937592016
588,0.04124748426051668
589,0.22122713117375223
590,0.9999981331241272
591,0.745672558567645
592,0.9999494097848814
593,0.2878731332704312
594,0.9997659876459777
595,2.735775178335387e-12
596,0.0004376925013848173
597,0.05486899838668347
598,1.9943877341827154e-05
599,0.09812236335352248
600,0.08489603254023394
601,0.7650452202286304
602,0.04772651164495256
603,0.8280954898728655
604,0.014419797065156927
605,0.026178524708949654
606,0.49377258228540805
607,0.01094639020315713
608,0.005695060581854775
609,0.5365157563678317
610,0.011286511427894047
611,0.08304725530589308
612,0.11182713314080855
613,0.013168939336529361
614,0.03837664557136123
615,0.06248983498078211
616,0.0111619101619493
617,0.07815940827656023
618,0.07984729018224537
619,3.689449055735236e-05
620,0.05653288043778918
621,0.037945381452610526
622,0.3391484688163113
623,0.006872679401219307
624,0.0008728045575659938
625,0.13357547808857362
626,0.00036078046165422526
627,0.8517635311410271
628,0.9999999999999969
629,0.00027085119458651586
630,0.9999999999999996
631,0.00973578999549662
632,0.9999977233769689
633,0.5744136605254005
634,0.15571150517915067
635,0.06479040295267581
636,0.015564616649508414
637,0.00497761426368503
638,0.0002988217704803753
639,0.07309777411331153
640,0.9999981331241272
641,6.792832553991457e-07
642,0.015471440834485019
643,0.9999999735545864
644,0.4347126594519612
645,0.39887179887119323
646,0.22704838868420546
647,0.044277878030048706
648,0.6487853204816805
649,0.20514923749915087
650,0.01794494148666847
651,0.0009551332225418911
652,0.8280954898728655
653,0.00017804304089983123
654,0.03597676441445381
655,0.9999999999999993
656,0.15900438856355353
657,1.323530970666644e-09
658,0.02206785860829253
659,0.9062515117035108
660,0.11971177871623408
661,0.29692227773515456
662,0.9999999999961435
663,0.020179561235009223
664,0.04782891643853214
665,0.9999999999999964
666,1.4767085061668878e-05
667,0.00023310275903104448
668,0.023705246879302578
669,0.999999988428575
670,0.6833614032997082
671,0.50182604195808
672,0.3668718065967405
673,0.9999946354575396
674,0.9994864791158415
675,0.3044115719275984
676,0.004197728531091968
677,0.09116539203176165
678,0.34595699949056014
679,0.012537373668400797
680,0.9999999991343638
681,0.15230466322585426
682,0.9999999999971372
683,0.8587100674954757
684,7.36230762349302e-07
685,0.9999999988103678
686,0.002164307452385892
687,0.07481072774423751
688,0.9999999890005143
689,0.22741714918909642
690,0.01338827156158769
691,0.9996913468964604
692,1.0403528129596852e-07
693,0.1563229040625022
694,0.9999994907140808
695,0.0008840784504701295
696,0.438684373223693
697,0.9999999999997495
698,0.053495945335953095
699,0.843515268177855
700,0.999999999998729
701,0.9999568338638504
702,0.3369560463801203
703,0.1348570290483941
704,0.033049623302367555
705,0.06699735528658933
706,0.003564238764560214
707,0.9999999969167992
708,6.482348410365386e-09
709,0.4114973388938658
710,0.9996788746180817
711,0.004317193789388809
712,0.098073857007711
713,0.822288243382352
714,0.12199632372680057
715,0.5198582120350019
716,0.38311730477955686
717,0.9998567804371642
718,0.015061776798118643
719,0.9999999999593194
720,0.6603742654943671
721,0.21590565795637384
722,0.7137211036347252
723,0.9944318599854381
724,0.9999999999995277
725,0.9999999999922757
726,0.02844407663669922
727,0.20003044697343098
728,0.006712613545679434
729,0.02550676847714035
730,1.6993453339617916e-11
731,0.004142039107584799
732,0.9999998444969569
733,0.6771345239956054
734,0.6439039532200515
735,0.011734215308778898
736,0.26419446314580325
737,0.05956147161792974
738,0.9999999989075976
739,0.050169841287123186
740,0.01882805903348372
741,0.034352520499830716
742,0.2854613678028737
743,0.011609680811358157
744,3.4535356101875186e-08
745,0.00017222739473005385
746,9.817166958771496e-06
747,0.13799530927175532
748,3.625967106078805e-05
749,0.1229804222332808
750,0.0008512948646221292
751,8.212757892587605e-05
752,0.7913907944753208
753,0.030092215721765136
754,0.9552464051636073
755,0.14880561416861332
756,0.00023460855279707334
757,2.3668163415156174e-05
758,0.06650584032761132
759,0.7458132236186201
760,0.020499236725464748
761,0.0016970007920492967
762,0.001903197620650936
763,0.028628031954707596
764,0.0370886674252421
765,0.004856086718817474
766,1.7403010738982677e-05
767,0.027235572119260174
768,0.0002360640286212804
769,0.9999945915868409
770,0.05757069823715906
771,0.30936178183303104
772,0.9999931401315814
773,0.1852418408018627
774,0.357649537219901
775,0.4690341418598834
776,0.013677291193032348
777,0.13815833930766114
778,1.8758059737416313e-07
779,0.999996840911538
780,0.0693984275158494
781,0.0016390865281157103
782,0.0013634828331590906
783,0.12472400201949813
784,0.2024265049191114
785,0.980815614578128
786,0.03748709986316618
787,0.14167227531259416
788,1.184700646398298e-06
789,0.00014022082799966087
790,0.07511598998751039
791,0.00019581930133395713
792,0.00012304913923303758
793,0.010772856790886083
794,0.006530339637435552
795,0.021881312336103517
796,0.9844329178746402
797,0.26062382481039464
798,0.051812187700464724
799,0.09467214822196462
800,0.9999807211605486
801,0.08138551813101448
802,0.03427306972942916
803,7.290660621811553e-07
804,0.04846055753401025
805,0.7780107895455027
806,4.211068040362748e-12
807,6.868729094021411e-05
808,2.799464734434888e-06
809,0.029789564918933698
810,0.9999999505924788
811,0.9998867720604907
812,0.09045303520576609
813,0.6263743343510586
814,0.9944318599854381
815,0.1883714536617199
816,0.01781853217260358
817,0.025055557724078966
818,0.6811428337384071
819,0.035896954804489255
820,0.002090290819662048
821,0.07407989995117804
822,5.9231088047977446e-08
823,0.02151099409805331
824,0.44107026333707866
825,0.8837075847518187
826,0.05411050089338812
827,0.007641662598052061
828,0.9999999936098076
829,0.0012983550952759078
830,0.5870960080979
831,0.0009629283034394946
832,0.20112873564792064
833,0.009489776767415647
834,8.60099295470112e-05
835,0.1511420547731193
836,2.096628720962739e-05
837,0.00027597012645156786
838,0.9999999999997475
839,0.03803975492666851
840,0.6659848047291913
841,0.04960790859966405
842,0.00022876214054401157
843,0.30148162904233655
844,0.9999969218087359
845,0.03277545235292502
846,0.012999403874915843
847,0.008115487568078571
848,0.40717384458283373
849,0.09041300736674675
850,2.70985750872249e-08
851,0.1486883252380817
852,0.06687804925636733
853,0.7426060290529644
854,0.9999992365064237
855,0.02060864496889146
856,0.039084244699648676
857,0.41657837230061034
858,0.9999982588872195
859,0.3270745295913138
860,0.007811430459645964
861,1.0154899067194543e-08
862,0.9998331409504452
863,0.02747509924459993
864,0.18017608041666322
865,0.2700227519123571
866,0.019576962452814865
867,0.9999999999999449
868,0.059229230039321054
869,0.9999946008989498
870,0.0001895299584542348
871,0.999994148529505
872,0.009603206457158847
873,0.11021304012399002
874,0.00952835004597098
875,0.0004515109327839484
876,0.9897574622915767
877,0.0005288257832677664
878,0.022915992819329378
879,0.018693910757781707
880,0.00017095388788363492
881,0.00045117103876000545
882,0.11983188993696095
883,0.002822628740410236
884,0.015752134004461415
885,0.011004597596748267
886,0.0001658926887411008
887,0.03734706272744059
888,0.0008013479688002619
889,0.6098642684139336
890,0.09554195495780872
891,0.21177102038212922
892,0.03146214900225427
893,0.4433086666119465
894,0.03957414902513729
895,3.355127756873067e-06
896,2.1864421538412145e-06
897,0.02813755792276953
898,0.04090019392698587
899,0.06761523361136025
900,0.49342655948474506
901,0.08922075541371693
902,0.5684193382904598
903,0.9999074144129694
904,0.016191838164515054
905,0.002411724351132078
906,0.2614161265081887
907,0.006247308887165934
908,0.2643111323140735
909,0.05605542520755336
910,0.00021058602931755077
911,0.005587601739757776
912,0.403701782697821
913,0.03189532175058912
914,0.049340790487359246
915,0.999999992790626
916,0.01932572953689427
917,0.34816971538945474
918,0.018966918744516892
919,0.001851995179880282
920,0.3152583534890508
921,0.5378069694150721
922,0.010392175154135045
923,0.39709038577963846
924,0.03396201006754303
925,0.6768367897912433
926,0.002617708468710911
927,0.3421060411801115
928,0.7213453261000735
929,0.6606711875511232
930,3.0500236891114324e-07
931,0.04277918673534238
932,0.7068353467749859
933,3.091882265580785e-05
934,4.573788295369055e-05
935,0.20700727559329304
936,0.004685113797936723
937,0.6378722405545357
938,0.9998958959974398
939,0.006456197295146552
940,0.9999684687296096
941,0.0348949013189247
942,0.021983235361765323
943,0.13611498393737012
944,0.4820179384839516
945,0.1561710993330044
946,0.0026181290947348535
947,0.02121535654667707
948,0.05566971795946525
949,0.11279951929725206
950,0.4138761474817287
951,0.06487864108681517
952,0.9999914032531687
953,0.11235975334112171
954,0.057701366193032476
955,0.021575165903935992
956,3.641279352706911e-05
957,0.16072633513963933
958,0.022687918156196193
959,0.001581259684855686
960,0.3947496951640653
961,0.11078811965427217
962,0.0003786572500583339
963,0.2300226016541052
964,0.6239644626030092
965,0.4732124328108087
966,4.374120385982393e-07
967,0.2096125431307108
968,0.07590878165444953
969,0.9999999999999998
970,0.03239505823691634
971,0.049745304082222254
972,0.007954041416957566
973,0.006031965434265713
974,0.012415316715333054
975,0.0025396597970128074
976,0.999506715741246
977,0.9999990437580584
978,0.6691663527149232
979,0.49131314883433885
980,1.0
981,0.029098692812413895
982,0.17597879595107616
983,0.004794199353044605
984,0.4970409758983762
985,0.008874044207419014
986,0.9999830435847934
987,0.14789783471760112
988,0.020228110229573763
989,0.009677059171755951
990,0.9999993951338456
991,0.14315480185764767
992,0.03739971488875708
993,0.007279529192495488
994,0.014315429450101013
995,0.9999351041612605
996,0.9748558023841403
997,7.78992138996636e-05
998,0.9999999598765589
999,0.028071735977144824
1000,0.9999999725644487
1001,0.5445277978848465
1002,0.7990636939945265
1003,0.011025995148964112
1004,0.04822027084196405
1005,3.840707622968196e-08
1006,0.2029833532364627
1007,0.05305324313936693
1008,0.0006568513153391585
1009,0.0009036536041976453
1010,0.480809267357325
1011,4.897613645772542e-05
1012,0.03984502099495857
1013,2.7620897724957437e-08
1014,0.2258958856775338
1015,0.10400006830386573
1016,0.001337785468302806
1017,0.7861984928368793
1018,0.18781887982469064
1019,0.00012835434523888155
1020,0.05511530238250367
1021,0.29430467753626804
1022,0.15020330486435743
1023,0.5459771988147379
1024,0.008050170519283124
1025,0.8575161878353916
1026,0.08529145990112885
1027,0.6506706191881628
1028,2.227295673706406e-05
1029,0.05828206432195607
1030,0.9944318599854381
1031,0.057425247232143074
1032,0.003549113899549704
1033,0.02591551101985046
1034,0.9999999999982803
1035,0.9997553509728562
1036,0.8217415990344271
1037,0.024287235716688522
1038,0.03743991513740346
1039,0.044644285077832156
1040,0.06597608925239752
1041,0.015932437627507623
1042,0.008236368797092351
1043,0.9999865109172754
1044,0.0015244186262698034
1045,0.018078889782456385
1046,0.8642843810700751
1047,0.000686939835512364
1048,0.729386603961665
1049,0.16463000250331433
1050,0.48623853900190034
1051,0.6215244889797374
1052,0.23479723159987617
1053,0.00013816321365940894
1054,0.04598622470392673
1055,0.043542379032039204
1056,0.03612365600811403
1057,0.13274406982567902
1058,0.9999998093705257
1059,0.012745112662763692
1060,0.7698438395996933
1061,0.9999978553000727
1062,0.0006234769145979581
1063,0.4400067737085713
1064,0.010354429054567743
1065,0.9999997900824108
1066,0.9992270184820358
1067,0.014115769434970647
1068,0.05549439882266243
1069,0.9041312736394033
1070,0.00024381973855371546
1071,0.49725846595181167
1072,0.99999999999978
1073,0.9999999999999996
1074,0.02817130232494607
1075,0.6654803260003233
1076,0.0003875849544093128
1077,0.18428159214148968
1078,0.7823236121603576
1079,0.005164582524580331
1080,0.521691092265543
1081,0.0012841424138707624
1082,0.16458380557005411
1083,0.09061255993429329
1084,0.03207736532209886
1085,0.12182695034285768
1086,1.8492022767651144e-13
1087,0.0048246930325733925
1088,0.03738831792051182
1089,0.024623349373173103
1090,0.0005067222994755031
1091,0.0005150175356682909
1092,0.9999923603367182
1093,0.0003132011987319811
1094,6.447530793070327e-05
1095,0.6412337826758024
1096,0.07792171566365423
1097,0.271607974930457
1098,0.9999999999998568
1099,0.030984059206599173
1100,0.007477666390086307
1101,0.14590849992000599
1102,0.05193104674219398
1103,4.3563236950054613e-08
1104,8.611319329173978e-06
1105,0.00011256818942338558
1106,0.08140161517562569
1107,0.5623005066573162
1108,0.9999995697353335
1109,0.031320367755309955
1110,0.006473660325125197
1111,0.527829552246683
1112,0.0024250296214508656
1113,0.021077874657364028
1114,0.0769117620531207
1115,0.11233403420881125
1116,0.0002324239533615257
1117,0.08365432759392065
1118,0.2716098308753741
1119,0.24347301699531573
1120,5.9587968660818803e-05
1121,4.450233726929866e-08
1122,0.0065070431949719116
1123,0.02870749966634866
1124,0.03319279460688413
1125,0.0027413270138639304
1126,0.04427294374596196
1127,0.2300583061812152
1128,0.0262136914689718
1129,0.5085796849006391
1130,0.9999999498352753
1131,0.06522118680870793
1132,0.0048383447485733306
1133,0.999999853319719
1134,0.05229275224941786
1135,0.00030667335175026085
1136,0.8658349921782311
1137,0.9999958924225569
1138,0.40873261348953616
1139,0.023641716509190253
1140,0.7698438395996933
1141,0.043319415169484884
1142,0.025654068599939118
1143,0.01744569957062246
1144,0.7243601030666964
1145,0.003249064835266292
1146,0.7948233041748956
1147,0.05567435364446264
1148,0.9999999999995215
1149,0.05681298466325755
1150,0.0009316641047211513
1151,4.103426263890558e-13
1152,0.05112823261889001
1153,0.004768191883911075
1154,0.6487452734000043
1155,0.4392103501584305
1156,0.001856537574080131
1157,0.24635889601213407
1158,0.03095504366002823
1159,0.5974138280702493
1160,0.6310335232684525
1161,0.5407443074409966
1162,0.030101948092296864
1163,0.00017095388788363492
1164,0.007330398489181913
1165,0.030831043964941164
1166,0.271607974930457
1167,1.1517551913639437e-11
1168,0.9999984997821458
1169,0.0004673078681737601
1170,0.5588240949502169
1171,0.0410627358717738
1172,0.9999999999999993
1173,0.32656452192257507
1174,0.017508996799420282
1175,0.03200670769676528
1176,0.05801153371768378
1177,0.0636866426541647
1178,0.9999999959111854
1179,0.4878337304111915
1180,1.3940333272071019e-13
1181,0.9998531572865486
1182,0.4479496263457403
1183,0.0011874810472801472
1184,0.9999999688570055
1185,0.9999996376818217
1186,0.023757685644001145
1187,0.2519677568528701
1188,0.020325321683398057
1189,0.9960331851290287
1190,0.0004161651167940567
1191,0.03425972371330831
1192,0.00026354146604682863
1193,0.0583798534927039
1194,0.06230616517654959
1195,0.03860055670720608
1196,0.013747913222454658
1197,2.544435860532246e-09
1198,0.5786811687355609
1199,0.2667077443103269
1200,0.38264122870534684
1201,0.8997701049039205
1202,6.468471565966899e-07
1203,0.02254126709320098
1204,0.9999250084998094
1205,0.9999999999652276
1206,0.9999594272414375
1207,0.16017011052747895
1208,0.03659632395862665
1209,2.554517130800512e-09
1210,3.3813646567172587e-06
1211,0.11721208127556172
1212,0.04111955392696674
1213,7.027759685300017e-05
1214,0.0020754403232098647
1215,0.0008237904055045721
1216,0.21741687449406363
1217,0.019077486282695084
1218,0.04983781191900733
1219,0.00023460855279707334
1220,0.10374878052603063
1221,0.01616121358755366
1222,0.02045323789509998
1223,0.3876738828721541
1224,0.05073215143565492
1225,0.9999997202270997
1226,0.005516420984151254
1227,1.1954176345752025e-06
1228,0.9999999837848683
1229,2.1095315249181755e-07
1230,0.9999877512249432
1231,0.0013901166855114762
1232,0.0928820998204006
1233,0.15718745411018184
1234,0.03361309617960018
1235,0.03064655993888959
1236,0.40029058446684085
1237,0.9999999994187463
1238,0.9998469464687444
1239,0.4843275163234365
1240,0.602790739013908
1241,0.004908785658147994
1242,0.3719443326536682
1243,1.2739467864385082e-05
1244,0.9999999999971372
1245,0.4067120496493655
1246,0.9999999999999627
1247,0.9999994526886002
1248,0.06701629362451186
1249,0.0006460639258163281
1250,0.021299460838009328
1251,0.0027413270138639304
1252,0.0005230216598718217
1253,0.049418709137569336
1254,0.0024124704505633513
1255,0.7702360160211726
1256,0.9846677289897943
1257,0.10091694390883266
1258,0.02691224884090243
1259,0.0003261529093874842
1260,0.6098535859963069
1261,0.017871060732677867
1262,3.142430906106613e-06
1263,0.0006983291689605015
1264,0.018428724373622356
1265,0.9996532465102635
1266,0.1173905350910032
1267,0.7255924616881961
1268,0.033291658590363774
1269,1.9263721027760578e-11
1270,0.02346902056316969
1271,0.06975412601574228
1272,0.9995535310171749
1273,0.05236187320481611
1274,0.00024629565805952804
1275,0.8780814439620622
1276,0.0012983550952759078
1277,0.05015038333589436
1278,0.03946690797339725
1279,0.05464572402827561
1280,0.9304880897923462
1281,0.04053333838103931
1282,0.11964353678760395
1283,0.05962208883505802
1284,0.14833141382921225
1285,0.019230362809297196
1286,0.06376073195489758
1287,0.011998116652111335
1288,1.6274909618195156e-06
1289,0.1803605598555352
1290,0.9999999999986462
1291,0.3672639011653686
1292,0.004257941133430485
1293,0.021178311451519015
1294,0.0633968651340533
1295,0.4355689143848511
1296,0.0001405921491467958
1297,0.13657151217880967
1298,4.6367534880813616e-05
1299,0.9999969218087359
1300,0.0312443913636083
1301,0.005347756124722644
1302,0.0026805060868193733
1303,0.7736783959872491
1304,0.05997541119424512
1305,7.620070917324395e-07
1306,0.12622715157063774
1307,0.9995445801699345
1308,0.0005618255399321983
1309,0.48120487947987417
1310,0.030450090852916
1311,0.00040831159976735163
1312,0.12802026043002218
1313,0.6949581363622995
1314,0.1498343924564603
1315,0.3817471603826383
1316,0.05267952711166601
1317,0.2793381027308672
1318,0.027665515543705586
1319,0.034618952144610214
1320,0.00016904933136811565
1321,0.044056869389921406
1322,0.11366576309644233
1323,0.5988296548428856
1324,2.5479280623962654e-05
1325,0.24805029659666047
1326,0.09875526013692561
1327,0.3329091764168623
1328,0.42282314260665366
1329,0.003224923439208527
1330,0.2714600164355255
1331,0.99617651696871
1332,3.638865192409345e-05
1333,0.002965687559461484
1334,0.04524728862358087
1335,0.9999169604557117
1336,0.9999979577390672
1337,0.07843305114287852
1338,0.9999207191251123
1339,0.0966246182797307
1340,0.024299604386200813
1341,0.06538810754048452
1342,0.22841697764251837
1343,0.03918894968863903
1344,0.023188077638696035
1345,0.00024867977780898987
1346,0.6995759215257208
1347,0.004117545873334911
1348,0.06244887770524976
1349,0.121974050469586
1350,0.9998867720604907
1351,0.19284831248722972
1352,0.4936741935786752
1353,0.829203512929601
1354,0.757863023695428
1355,0.286937938365376
1356,0.0610598212340034
1357,0.054498621052001844
1358,0.586449653387757
1359,0.006131685246255351
1360,8.109256908185388e-05
1361,0.9997482225862315
1362,0.05311637760151814
1363,0.00027317469771248674
1364,3.26020639121714e-05
1365,0.0007543146152372574
1366,0.5941069175638171
1367,0.0024250296214508656
1368,0.19395950331693962
1369,0.041952134434917576
1370,0.07810410379503514
1371,5.813237550479142e-11
1372,0.5031362101662645
1373,0.14495989562616465
1374,0.9999999505924788
1375,0.049128674364946334
1376,0.05433179687918675
1377,0.9999999998691911
1378,0.006265579959273699
1379,0.5820163182260277
1380,0.4193521777589695
1381,0.5713210682167421
1382,0.02822166341995098
1383,0.14113895827357648
1384,1.0
1385,0.015117614712076361
1386,0.010146128353864532
1387,0.01069409527378709
1388,0.9981577366840526
1389,0.9994088939313777
1390,0.9999999573731586
1391,0.00012574171822338424
1392,0.3216748155218156
1393,0.2516989637903697
1394,0.19877802603292227
1395,0.005164752175366557
1396,0.0021421734587722544
1397,0.01477755898904627
1398,0.11110801736539178
1399,2.889636498901142e-07
1400,0.2742030450651848
1401,0.011086487839428082
1402,0.011652011002110005
1403,0.6100818904767408
1404,0.0015924273043661649
1405,0.35307507888878203
1406,0.003527646163272497
1407,0.003755290489022175
1408,0.018819386774527404
1409,0.09351693527768001
1410,0.004081442637958439
1411,0.00346539150331002
1412,0.999969237672411
1413,0.2142496781886507
1414,7.2735499671622614e-06
1415,0.17028565016017605
1416,0.44333631167847354
1417,0.17677945190758396
1418,0.999999662986203
1419,0.6490624317900547
1420,0.9999890111767983
1421,1.5545932805016598e-06
1422,0.12537425895973342
1423,0.0088378410070053
1424,2.5904210235730383e-08
1425,0.8554202665913287
1426,0.07040530914333766
1427,0.37666824175691027
1428,0.06271845618121605
1429,0.11333213285042817
1430,0.9998555612171175
1431,0.6226837544177288
1432,0.01836401129324934
1433,3.562543133441015e-05
1434,0.999999129620458
1435,0.8946159194392592
1436,0.5850975779436607
1437,1.2141099163798949e-05
1438,0.9999999999922473
1439,0.0016495075516086044
1440,0.018027375768769102
1441,0.8442426271245616
1442,0.05742871045439589
1443,0.0013581224150180761
1444,0.0012511946888688838
1445,0.9897574622915767
1446,0.03059885903039868
1447,0.47079782743755877
1448,4.341276365626431e-08
1449,0.5338439780713228
1450,0.6163322341765841
1451,0.005723303676109646
1452,0.007854682530103694
1453,0.25670169979263224
1454,0.000106516327746308
1455,0.25016256442243634
1456,0.2646120956086423
1457,0.9999999999997475
1458,0.999297137138187
1459,0.3664973805081892
1460,0.032128921300082436
1461,0.05221949098702001
1462,0.9999946008989498
1463,0.01749105976732633
1464,0.00037110638376747744
1465,0.8007971756297022
1466,0.7601022725250459
1467,0.036987129294134745
1468,0.10018623602844347
1469,0.12266701339460147
1470,0.21214316495377128
1471,0.00374177125117733
1472,0.000865280648796795
1473,0.7845758822845513
1474,0.5351284316495926
1475,1.3282645182880453e-05
1476,8.460442745994701e-05
1477,0.9999877512249432
1478,0.5241323519491774
1479,0.02045323789509998
1480,0.2765210990313431
1481,0.04520323143698984
1482,0.16441343273223874
1483,4.6194708823331263e-07
1484,0.14185328319178098
1485,0.0012022782278387403
1486,0.0013785822130483614
1487,0.0002854300354110305
1488,2.269968560760001e-05
1489,0.9999999999943279
1490,0.002684849780119429
1491,0.02839227655409597
1492,0.021225976776102152
1493,0.07156715493220651
1494,0.3890013179130848
1495,0.25323014688307566
1496,0.2629004024916672
1497,0.35991841672523234
1498,0.004262140224559439
1499,0.6567693830069186
1500,0.9999915758726201
1501,0.0007054496327283187
1502,0.025157608175830824
1503,0.11397461781691635
1504,0.009705429544162184
1505,0.00014021226624677419
1506,0.022384985921427198
1507,0.0172264207724516
1508,0.02455383193632503
1509,0.000937895159367475
1510,0.2121760861875109
1511,0.07319538685444019
1512,0.0018973060157583955
1513,0.00013889862930293074
1514,0.648351437823586
1515,0.4863255410351207
1516,0.4809157294422578
1517,0.000717622320638526
1518,0.07337195073119784
1519,0.13440614870178783
1520,0.005242617008359327
1521,0.02399514331746569
1522,0.1388180099082941
1523,0.2854577692806067
1524,0.018084336436582783
1525,0.369237939315495
1526,0.07349996699579257
1527,0.9996788746180817
1528,0.03625381913544995
1529,0.9998924508718726
1530,0.22527607356463056
1531,1.7813650879106291e-09
1532,0.6422543318704912
1533,0.020463560982027052
1534,0.9999999999999889
1535,0.047726194008881624
1536,0.09452065089556791
1537,0.054319081407033766
1538,0.4244632474334368
1539,0.03291391525709456
1540,1.7055727225213678e-14
1541,0.1717426427834604
1542,0.9999857166951065
1543,0.027564959556210303
1544,0.940810027921564
1545,0.03396659794639457
1546,2.3578004064065e-10
1547,0.08849197481299188
1548,0.0633889026123528
1549,0.05983407908258111
1550,0.01284684056330719
1551,0.032984557126347985
1552,7.607592503374905e-06
1553,0.0005062298376773402
1554,0.02992160360002151
1555,0.9992679914750924
1556,0.007089879779424106
1557,0.9998908578332035
1558,0.6278351755625493
1559,0.37081115740760795
1560,0.1210306912868504
1561,7.489976635070997e-05
1562,0.003218225445061017
1563,0.022273110219278126
1564,7.262188716932845e-11
1565,0.4026458912800201
1566,0.003801342414518584
1567,0.03718697905505345
1568,0.6670864460909633
1569,0.9999999002836499
1570,0.007256358907403103
1571,9.916260628209677e-06
1572,0.7340493301329752
1573,0.8737758660466061
1574,2.04671862327316e-08
1575,0.9999999999985336
1576,0.05974957068980982
1577,0.0016770619823006227
1578,0.026420766855559812
1579,0.8532264865833178
1580,0.034492558924596746
1581,0.13079263926918916
1582,2.7767603421229094e-08
1583,0.41706032557145445
1584,0.9999947378430151
1585,0.11006609142269111
1586,0.0033100147702746566
1587,0.5331187816205581
1588,0.7144288940866963
1589,0.5410389121405111
1590,0.00398041373629116
1591,0.4885365158026782
1592,0.4842893036366987
1593,0.019668221322023734
1594,0.001538808808392985
1595,0.998400103738273
1596,0.02035481402474309
1597,0.712472963933571
1598,0.9999889157183643
1599,0.10997253900004988
1600,0.9997359615795828
1601,0.9996103705118071
1602,0.06023459293048614
1603,0.00028746162515181674
1604,2.5573430763760213e-05
1605,0.00012275941865124137
1606,0.0008778257887097987
1607,0.002649095045242076
1608,0.007903824699586642
1609,1.0
1610,0.049455379302145316
1611,0.4825217855518107
1612,0.3431734380839847
1613,0.6593049767191066
1614,0.4329097559279938
1615,0.06069881290843903
1616,0.9999999999999991
1617,0.18371482507427472
1618,0.006155642876285045
1619,0.999997075879201
1620,3.7132527814861665e-05
1621,0.14576007683395356
1622,0.02107296779776978
1623,0.10422202025836118
1624,0.00045676454334214
1625,0.019075559197834473
1626,0.24826502119463875
1627,0.01591664104623671
1628,0.9999999999989266
1629,0.6388744182489042
1630,0.41601726085296414
1631,0.07573728809849589
1632,0.9999999974301574
1633,0.9999807607078299
1634,0.017461967209814785
1635,0.033515756283135925
1636,0.03027669092826389
1637,0.06817973512213517
1638,0.04138735769436053
1639,0.4087563266046018
1640,0.8100660096610158
1641,0.003034013737724163
1642,0.9995972184886923
1643,0.0007079078273394459
1644,0.11925514647176255
1645,0.4922549242835255
1646,0.0014476147910681661
1647,0.002517017361028258
1648,0.06451437089323674
1649,0.00015926245668097217
1650,0.050937643442662404
1651,0.0015831341963595535
1652,0.038331406734214084
1653,0.5249589189823564
1654,0.0013274703418427215
1655,0.9070480779542331
1656,0.021452921753811492
1657,0.7245893290698017
1658,0.04805170394088278
1659,0.022496753223507623
1660,0.05009000041706492
1661,0.042919031037141626
1662,0.0009830584573344197
1663,5.2200061886922766e-05
1664,0.028893184823815022
1665,0.8514988717616634
1666,0.12905472503319695
1667,0.736510728450988
1668,0.2684968670791866
1669,3.075617927931853e-05
1670,0.0002384900257510577
1671,0.37019327657267675
1672,0.006738461196286473
1673,0.12314143933205879
1674,0.05511919330272841
1675,0.01230454982370654
1676,0.018592918814287752
1677,0.08811434421754316
1678,0.0017302222879040563
1679,0.11408766080794779
1680,0.08398058157988816
1681,5.6194265630387184e-05
1682,0.0003904411685841612
1683,0.7063133207120403
1684,0.021893663956967065
1685,0.08525407279099319
1686,0.07612789055878481
1687,0.12419458801785817
1688,0.9986577500030152
1689,0.05289388196948014
1690,0.46619512247767897
1691,0.02012826365087848
1692,0.011380319087044082
1693,0.02519049098062368
1694,0.26604740395911314
1695,0.9999999997324613
1696,0.5298518230831782
1697,0.10923863380519004
1698,0.9999999999999964
1699,0.9986577500030152
1700,0.46989471701318114
1701,6.060932959501258e-06
1702,0.00025325210784760225
1703,0.00020338568852878292
1704,0.31338715248328336
1705,5.106757438121332e-07
1706,1.0
1707,0.04746459914650649
1708,6.3114869836618075e-06
1709,0.999999647866275
1710,0.008280020462120008
1711,0.9999915758726201
1712,0.7174286278627336
1713,0.011734433864467085
1714,0.0023933094571507267
1715,0.70366558951494
1716,0.05020106830151612
1717,0.518048084312302
1718,0.9430057954269674
1719,0.3219908105250838
1720,0.9983039056476484
1721,0.8413869221183712
1722,0.003742611699257401
1723,0.559444508242346
1724,0.02777353251060424
1725,0.0009656448968684585
1726,0.08696402447345844
1727,0.0008820814379380198
1728,0.053739413007498724
1729,0.5264885044457632
1730,0.3815057974922944
1731,0.040564512295212456
1732,0.09836884719259305
1733,2.6890315749987874e-05
1734,0.06676212853887323
1735,0.7589746285977601
1736,0.999999999957891
1737,0.9004038474547418
1738,0.9999830435847934
1739,0.40761412013451576
1740,0.6149699298436586
1741,0.08261356297440879
1742,0.03181612128423538
1743,0.33194531767137564
1744,0.1987952974348127
1745,0.025085644252740923
1746,0.0349839077053541
1747,0.20039096839461595
1748,1.1781802331465448e-10
1749,0.040026232654501726
1750,0.0002769608280662298
1751,0.0030938846511210255
1752,5.233384436569915e-08
1753,9.7687443589237e-09
1754,0.5175784189703555
1755,0.0003701579975061785
1756,0.8128478775208494
1757,0.03020026985338046
1758,0.0034001089222204166
1759,0.29783541725731677
1760,0.00027487708855901085
1761,0.0889455956230675
1762,0.9999978553000727
1763,0.08343639940423289
1764,0.04455274159765748
1765,0.17223877170912893
1766,0.03407652975652924
1767,0.015656953327587892
1768,0.48893529156309407
1769,0.6288112172828123
1770,0.22923874915438183
1771,0.12044596774746566
1772,3.2114236296564327e-06
1773,0.13699834834353078
1774,0.011179989441580681
1775,2.1648181101579994e-05
1776,0.06632476801730242
1777,0.0835626374981207
1778,0.999999919775344
1779,0.09326439036007116
1780,0.016485492687620174
1781,0.6834860014705131
1782,0.007085714277005554
1783,0.9072517207819832
1784,0.027014190353226684
1785,0.0033588946062743145
1786,0.9999982588872195
1787,0.9999997983755491
1788,0.3748492002689911
1789,0.5663607815004222
1790,0.014172361206868921
1791,0.5632340955832895
1792,0.055571915296661306
1793,0.027892190242045065
1794,0.928592689501512
1795,0.015968373815946922
1796,0.4672633040752714
1797,0.01669980491155671
1798,0.9994114910501434
1799,0.026243785175875098
1800,0.008326864783761967
1801,0.9999993797207615
1802,0.0033152470812684446
1803,0.017269750024629018
1804,5.730552093077502e-12
1805,0.10552600231350297
1806,0.03131989819822806
1807,0.43075773103269654
1808,0.09698409712907198
1809,0.0005032608500059927
1810,0.9999873218957713
1811,0.4672633040752714
1812,2.578692519394963e-12
1813,0.6995815670670582
1814,0.12042295841499266
1815,0.0024760247626963734
1816,0.08977662962840863
1817,0.0013239386350655349
1818,8.428558102703645e-12
1819,0.054979808255293944
1820,0.9999999999988329
1821,0.000715004607793977
1822,0.006075680450809291
1823,0.6438451361496585
1824,0.272494004359782
1825,0.9999999999964972
1826,0.0004342925612655814
1827,0.00012886853343453678
1828,0.050368518049201
1829,0.06883899706109718
1830,0.023069493513282892
1831,0.8679672988882347
1832,0.014431383710765194
1833,0.0051998045579716625
1834,0.9999999999939677
1835,0.08179320294944281
1836,0.00013623317199224847
1837,0.8662730787326781
1838,0.2066733386789652
1839,1.2961642788477793e-15
1840,0.04074817603409508
1841,0.002023583992623633
1842,0.2660627063177432
1843,0.028712803127099628
1844,0.11297386015212894
1845,0.7260176077274766
1846,0.015340780501216683
1847,0.048348629200598986
1848,0.07126314040861453
1849,0.05334706362638135
1850,0.9053279092041934
1851,3.090560219863864e-07
1852,0.0004948616133597452
1853,0.01263925478386017
1854,0.00012574171822338424
1855,0.0008309074151500694
1856,0.07727471474474419
1857,0.0139847514441237
1858,0.03837577721876447
1859,0.061022406184703254
1860,0.754898340964316
1861,0.5076401580674101
1862,3.461756828530204e-05
1863,0.18266994631389621
1864,0.9999999999998144
1865,2.018950214577071e-11
1866,0.03804728076842645
1867,1.0
1868,0.004350201119769077
1869,0.9999307651811087
1870,0.2230847020560641
1871,0.04093544914320777
1872,0.00014981940288258708
1873,0.9999889157183643
1874,0.01668644199294263
1875,0.030854995824252412
1876,0.000327176370985179
1877,0.9999201979670218
1878,0.0001153623826728389
1879,0.001083092329718931
1880,0.11262766991460307
1881,0.0024250296214508656
1882,0.8022952536726494
1883,0.11528105752099488
1884,0.07231182836863347
1885,0.9962865857513226
1886,7.059159768313617e-07
1887,0.017077073133639053
1888,0.018591748882411024
1889,0.0764177410498201
1890,0.732285461774537
1891,0.9999999735545864
1892,0.00039122705670952836
1893,0.0013603819017034267
1894,4.892442883550037e-05
1895,0.6307892219417466
1896,0.027338197878780213
1897,0.04698294039267578
1898,0.0070994655601016345
1899,0.9999920910823732
1900,4.282861952148775e-05
1901,0.8063617862332434
1902,0.09315792461447524
1903,0.8720200476779978
1904,0.046395275056692976
1905,0.05783691194145524
1906,0.6413247404515178
1907,0.3128162773004862
1908,0.999999647866275
1909,0.37807432430060073
1910,0.6477001962524468
1911,0.07553882941677471
1912,0.033224635686010286
1913,0.026119918062046988
1914,0.6329624208300975
1915,0.000511918116575117
1916,0.9999997983755491
1917,0.02733126944472876
1918,0.02362780888088408
1919,0.7269058506197699
1920,0.9999999735545864
1921,0.0015790706275881487
1922,0.9999999999999998
1923,0.7311431957656297
1924,0.02573785808645066
1925,0.47153719625257723
1926,0.9999176560619986
1927,0.015548369591949239
1928,0.027610529112833678
1929,0.9614618958322597
1930,0.9998555612171175
1931,0.8142955707379497
1932,0.9999958924225569
1933,0.20381683765414468
1934,0.17278383309050643
1935,0.0012983550952759078
1936,0.010451671981771904
1937,0.020402456329600558
1938,0.7122983067924697
1939,0.014550516836070995
1940,0.05365033825172682
1941,0.0003340429518790559
1942,0.7652780968049588
1943,0.9994114910501434
1944,0.020552555662489792
1945,0.0011098018334108062
1946,0.0017852286472947755
1947,0.015928881027979798
1948,0.9999903065556566
1949,0.9999228619769351
1950,0.41477303269657273
1951,0.9860680032345599
1952,0.4087563266046018
1953,0.0331848361973816
1954,0.015122844204450285
1955,0.47931832923870443
1956,0.026719382163023053
1957,0.010642243625921468
1958,0.04840829076060543
1959,0.44927080688713106
1960,0.009771834887809822
1961,0.8140550701391447
1962,0.0025294819633302473
1963,0.49059039857382214
1964,0.005578106154971629
1965,0.023231342605123613
1966,0.00012654264029085842
1967,1.8159212860067256e-06
1968,0.027054873939615306
1969,0.8442426271245616
1970,0.9999813049087426
1971,0.13212100066640725
1972,0.027964167676080127
1973,0.022203418327306525
1974,4.727555251065589e-06
1975,0.15465115610409078
1976,0.5217668584752795
1977,0.03273499707761871
1978,0.018470558555932652
1979,0.002505211293534716
1980,0.01673292681658947
1981,0.02787718420206011
1982,0.6399271677740215
1983,0.04708882350813266
1984,0.044126915812900055
1985,0.013311019971786194
1986,5.320235288634401e-07
1987,0.3711424518780888
1988,0.0032226475232089965
1989,0.017401830237159844
1990,0.5667869220452073
1991,0.02114317279437837
1992,0.08555155921776722
1993,0.99997387745755
1994,0.9999999999999998
1995,0.0021375945834366293
1996,0.0021436577762256456
1997,0.9992270184820358
1998,0.00011764317831850613
1999,0.8946159194392592
2000,0.39164810591853494
2001,0.02643575223829221
2002,6.429422716432926e-05
2003,0.0006699349009161202
2004,0.01786707974201883
2005,0.1000663875186144
2006,0.11562490495584586
2007,0.010487772381782326
2008,0.417916638739201
2009,0.03045077145150351
2010,0.7532244311570657
2011,0.0012983550952759078
2012,0.9999999999997475
2013,0.7130122347791336
2014,0.0694010280950388
2015,0.16022153096183828
2016,0.01803529938292807
2017,0.0014551825312099662
2018,0.03979497615212144
2019,0.0002513561749717126
2020,0.07975709368206997
2021,0.276744232213245
2022,0.5858491889494865
2023,0.06133422729364454
2024,0.9988278545380785
2025,0.5283493524111105
2026,0.9999996376818217
2027,0.01411966933960772
2028,0.6935574347508745
2029,0.010307560065011287
2030,0.0012567041288694936
2031,2.590441648234866e-05
2032,0.054745937684600274
2033,0.02532798048346034
2034,0.15015971504744788
2035,0.08262348252438996
2036,0.05478356674260855
2037,0.580933161980069
2038,0.024159683053355654
2039,0.08921044347766649
2040,0.37706010848739563
2041,0.9999999440054388
2042,0.03024653865647884
2043,0.9999999999998568
2044,0.9999945915868409
2045,0.2359635480843928
2046,0.0003573112327478893
2047,0.003653483201974951
2048,0.005506001849076328
2049,0.3661842969860626
2050,0.45098370239904184
2051,0.06539257918962335
2052,0.006787519621646238
2053,0.004620771906490183
2054,0.017499235143570897
2055,0.02140286018097577
2056,0.0005743446144134002
2057,0.04255155585258885
2058,0.11895062448917179
2059,0.016831359025141098
2060,0.02321914353705084
2061,0.0017837494987812945
2062,0.3224213458482348
2063,0.0030298395307598327
2064,0.2378621148272252
2065,0.034849174942881665
2066,0.9875884858078238
2067,0.018884610035594294
2068,0.9999999727870369
2069,0.0013607844827129827
2070,0.8735812420569378
2071,0.30977471790734556
2072,0.8293701453461634
2073,0.36693890080229313
2074,0.043834958896128914
2075,2.525352659200043e-08
2076,0.9998170284355521
2077,0.0926267776017386
2078,0.03942493840125565
2079,0.5637124561625947
2080,0.8579901809213961
2081,0.0708947355662608
2082,0.9999999989070463
2083,0.3580554299654048
2084,0.9999865109172754
2085,0.00264717440149791
2086,0.2989034611643569
2087,0.1331877604021865
2088,0.8517635311410271
2089,0.0003770972589156542
2090,0.7130122347791336
2091,2.2807290041584858e-08
2092,0.028508526958551307
2093,0.41803053455315564
2094,0.9999985913992588
2095,1.3641950590846116e-08
2096,1.0
2097,0.9999999999983553
2098,0.27782531265780536
2099,0.9999933726762911
2100,0.0010825242395004465
2101,0.03580672956415707
2102,0.07118575672703185
2103,0.00023652469214116665
2104,0.2940925013857906
2105,0.00024401382987047687
2106,0.22376409022288085
2107,0.9999718619408633
2108,0.0011917179483188693
2109,0.01524017039282166
2110,0.99997387745755
2111,0.05086994207804133
2112,0.009016048873887638
2113,0.15993105846879702
2114,0.6913997144168027
2115,0.058185417844964483
2116,0.3377930238876617
2117,0.35913069657985286
2118,0.9999999735545864
2119,1.613788239462735e-06
2120,0.035273914052812105
2121,0.02642773421417535
2122,0.008921324489809925
2123,0.05027450525881716
2124,6.19909746434088e-10
2125,0.042217179592162736
2126,0.9999999847962577
2127,0.8946159194392592
2128,0.7946395611028908
2129,0.9999468702828593
2130,0.16393810614309118
2131,0.9999724699774986
2132,0.07089786854640968
2133,0.955994063555203
2134,0.0423030949131311
2135,0.2577817875753041
2136,0.4176743768465706
2137,1.0076794559390113e-08
2138,0.023129825474400685
2139,0.0005212411354539834
2140,0.0648714082574198
2141,0.5155800873226395
2142,0.9999999699979254
2143,0.9999999999889784
2144,0.9999999999999998
2145,0.4835041410960869
2146,0.46833302421280293
2147,0.9999999987497841
2148,0.017877127834962623
2149,0.041665024064669376
2150,0.0003267059146015799
2151,0.18697228956649478
2152,0.00881592728830842
2153,0.005587104288739519
2154,0.1965946733562713
2155,0.020328542269694935
2156,0.018165614279192974
2157,0.04453455374949557
2158,0.02041574562840532
2159,2.9206008086385075e-08
2160,3.092183411321459e-06
2161,0.5816217606037688
2162,0.1731655330028094
2163,0.8691737991421675
2164,6.686184093681414e-05
2165,0.008259411399997252
2166,0.011957116821939444
2167,3.514229622428599e-05
2168,0.9996370522797131
2169,0.7698438395996933
2170,0.0004519523092581122
2171,0.06588813344987322
2172,0.7260176077274766
2173,0.9999603816399694
2174,0.9999999999999991
2175,1.9055824857013852e-05
2176,0.009170571703861591
2177,0.9999999272783617
2178,6.466521112718634e-05
2179,1.024970054161214e-10
2180,0.0026150013525435517
2181,0.0012114362330880135
2182,0.028475185251397788
2183,0.07599748288107909
2184,0.00916053869637401
2185,0.9999864527870008
2186,0.9999999714433995
2187,0.4582308631642564
2188,2.1985483655083113e-07
2189,0.9996221556054471
2190,1.8622484220551692e-05
2191,0.0639234771800998
2192,0.018526293707334014
2193,0.0289512776468712
2194,0.03020795553400898
2195,0.054633697705228614
2196,0.3592121133498912
2197,0.3905179404397156
2198,0.9530981325712989
2199,0.4819931421511
2200,8.870021473701777e-05
2201,0.0010443817763268815
2202,0.01312726707639199
2203,0.050030106134526305
2204,0.9999999419611865
2205,0.033166629298492914
2206,0.13681717779311178
2207,0.7085761189091492
2208,0.27604781457134975
2209,0.9999972310559669
2210,0.44943879506746215
2211,0.007192235213650222
2212,0.09539212745319103
2213,0.9999207191251123
2214,0.9998926446711256
2215,0.2712259709493029
2216,0.044763607705608506
2217,0.00015208180405142135
2218,3.590649279863078e-08
2219,0.7432200513715046
2220,0.005168368458821543
2221,3.647028986931867e-11
2222,0.23091470541949907
2223,0.02577569838436835
2224,0.027051442128926222
2225,0.05316227207032592
2226,0.8325020700152693
2227,0.48551199651501703
2228,0.5707853997829202
2229,0.0036810106324462687
2230,0.9369800036749208
2231,0.13717958780325076
2232,3.6787409674005857e-07
2233,0.08742135520828058
2234,0.0364012408527123
2235,0.940810027921564
2236,0.04088521612795105
2237,0.022467438544372748
2238,0.25498642353329554
2239,0.010701550093322208
2240,2.9296629272257578e-05
2241,0.04105647461035048
2242,0.005618994922108638
2243,0.14406050444822188
2244,0.6796679218390792
2245,3.9251408309531424e-07
2246,0.999997049274389
2247,0.8865385026023371
2248,0.9999996995104811
2249,0.8498903767329404
2250,0.8996021579867819
2251,0.9999999988082202
2252,4.358228577991832e-08
2253,0.999089697717408
2254,0.20514923749915087
2255,0.004618357887392425
2256,0.033161673202302656
2257,0.4557179750423281
2258,0.9644830423560207
2259,3.0326625270920375e-05
2260,0.12094791789809702
2261,0.0046608076731730974
2262,0.00038626536059361075
2263,0.9980068871239653
2264,0.028253075181757757
2265,0.14075472156608154
2266,0.46882970884723574
2267,0.6792881718340602
2268,0.06997175580601155
2269,0.7186510199955631
2270,0.40721693300343015
2271,0.9989980912201393
2272,0.8474216712256265
2273,0.025640927956880725
2274,0.05873984017867875
2275,0.0018290503898021422
2276,0.029046515663594934
2277,0.9999493302810102
2278,0.43630177036871287
2279,0.0007418982812562816
2280,0.4869642285682957
2281,0.00045047660648774696
2282,0.000892036487115089
2283,0.11650619291937522
2284,0.8045810396408183
2285,0.4821303697249616
2286,0.7986798279326978
2287,0.262408310399983
2288,7.606542962727805e-05
2289,0.9636287695546918
2290,0.0028944981146727567
2291,0.03250058309765286
2292,0.9999999999997671
2293,0.8012727679071299
2294,0.015274450204127996
2295,0.9997429245797382
2296,1.4823288537705188e-08
2297,0.0007595197267063208
2298,0.0001522751112658626
2299,0.21285310961089077
2300,0.9999989224289508
2301,0.04478736098999438
2302,0.9997429245797382
2303,0.533116784331886
2304,0.5498913010820462
2305,0.05772949361901027
2306,0.2093354443555686
2307,0.09382700040292133
2308,0.012158603434297883
2309,4.7813985498685266e-05
2310,0.4323157587561369
2311,0.9997301848248502
2312,0.9999999999429079
2313,0.9999994894237247
2314,3.824420576764545e-09
2315,0.05764124631123515
2316,0.566705397435177
2317,0.6743587856138605
2318,0.9999961558609236
2319,0.03947289150161123
2320,0.3139772098772968
2321,0.4443030249775466
2322,5.452829346919757e-07
2323,0.00010792840650784395
2324,0.8317289246694366
2325,0.08988564439082346
2326,0.2885261776057653
2327,0.3565172434597587
2328,0.9999999999982203
2329,0.9999636060718233
2330,0.9998615150745012
2331,0.055897329035976606
2332,0.0002893423958251418
2333,0.6409780720238105
2334,0.9805013108004524
2335,0.055474020803683494
2336,0.04485755715099068
2337,0.999996840911538
2338,0.06547986970925385
2339,0.9999982965958573
2340,1.965430045037236e-05
2341,0.0007436900749874144
2342,3.5171656966968338e-09
2343,0.017749357854102164
2344,0.9953040958722555
2345,0.6463049260401005
2346,5.2468022664882805e-06
2347,0.9999999735545864
2348,0.9999201979670218
2349,0.9998958959974398
2350,0.49792012240797884
2351,0.0007056526734540592
2352,2.0194490038954215e-06
2353,0.9999594272414375
2354,0.9999949609541918
2355,1.6669678163620982e-05
2356,0.3434084912785761
2357,0.600935237048625
2358,5.7847859861866634e-09
2359,0.042107302556473415
2360,0.041863214087613294
2361,0.6822713129425371
2362,0.9999946008989498
2363,2.153597506459202e-06
2364,0.43726538736984827
2365,0.4828226125656116
2366,0.03481564226840727
2367,0.030242074589680933
2368,0.0043209966272733605
2369,0.0003624686349506711
2370,0.8816046755150997
2371,0.00014411395739991986
2372,0.02231296352501632
2373,0.08330209436469109
2374,0.009652829715115128
2375,0.9999998619922035
2376,0.9999882650456016
2377,0.20441768602040367
2378,0.002218952449673325
2379,0.013306751612050765
2380,5.059138648596084e-08
2381,0.9999861039484487
2382,0.005030333078531293
2383,0.00025135576478492504
2384,0.28437399690681253
2385,0.9999903168238788
2386,0.5247135059133937
2387,0.031541761020214124
2388,8.310310974008825e-08
2389,0.01034126787730368
2390,0.44226803191158776
2391,3.990087685692706e-05
2392,0.9999999997070204
2393,0.06612364353337376
2394,0.020585557582582608
2395,0.42629663920287997
2396,0.9999864993518188
2397,0.4853181823763894
2398,0.580933161980069
2399,0.09934870945260477
2400,0.0013901166855114762
2401,0.02547071464560653
2402,0.0016016259528098295
2403,0.05148764803019301
2404,0.9999199171631239
2405,0.9999837780819271
2406,0.287154865006049
2407,0.02219735663077578
2408,0.04074627551445749
2409,0.0890486205424769
2410,0.015893804692442094
2411,0.04239213677353
2412,0.15184548026134398
2413,0.004956904623937093
2414,0.026919524620191402
2415,0.9847470016186535
2416,1.0782123014359703e-07
2417,0.015426291695782893
2418,0.7925786952620726
2419,8.616569396413512e-09
2420,1.0
2421,0.10039820192368186
2422,5.021004057240388e-05
2423,0.0026458673940516295
2424,0.0002002552666825979
2425,0.0025747907877483223
2426,0.0038873577955825696
2427,0.0010210680691060767
2428,0.0019291779297904031
2429,0.0002290000983296105
2430,0.02958432310345363
2431,0.15882677990602187
2432,0.9999981783926795
2433,0.5407500556935624
2434,0.5795828244754342
2435,0.040324746516986344
2436,0.6487452734000043
2437,0.9988694500387959
2438,0.0001588315016525902
2439,0.004912650797067481
2440,0.003960810508703306
2441,0.10728176582769076
2442,0.1841864416789846
2443,3.689449055735236e-05
2444,0.888481922469594
2445,0.01078493324247657
2446,0.6640751260259783
2447,0.18058444424945705
2448,0.03874222945738193
2449,0.03209248576389512
2450,0.0011087881445126953
2451,0.01125909202196535
2452,0.18874511888357826
2453,0.46405058800388965
2454,0.02437940825201662
2455,0.004561637656569876
2456,0.0776200614786191
2457,0.05520555141742095
2458,0.004980807573069855
2459,0.9999999771426827
2460,0.09314483007716622
2461,0.3001805320137211
2462,6.214714631118669e-06
2463,0.008934604541881656
2464,0.36937509964303444
2465,0.018205446483717788
2466,0.9999422930460276
2467,0.11142345365434138
2468,0.00014059029952582583
2469,0.081367442557714
2470,0.029045500945916822
2471,0.9999999106805606
2472,0.9998170284355521
2473,0.1398012637943962
2474,0.008029014948729167
2475,0.7350933941070259
2476,0.18575086512756772
2477,3.509241446719948e-07
2478,4.749693711898687e-11
2479,0.00964822360026994
2480,0.9963055424928257
2481,0.3518991154749349
2482,0.7260176077274766
2483,0.0026110743003743488
2484,0.11000099641588502
2485,0.7685890148752893
2486,0.00450137740844094
2487,0.029723099493675117
2488,0.023558418178864754
2489,0.26523632684931664
2490,0.02666129453370077
2491,0.17169536976237476
2492,0.0011931920563132334
2493,0.7180837651243651
2494,0.00027189636340432685
2495,0.14539337583170475
2496,0.04392247983115792
2497,0.8409249866327545
2498,0.05882952071955197
2499,0.0008790315373628287
2500,0.0004019511862433917
2501,0.7082371063600816
2502,0.2736207324024135
2503,0.3670467844398808
2504,0.02714476254270175
2505,0.0052267543800841145
2506,0.9999999969167992
2507,0.6194257488319913
2508,0.9999999999999805
2509,0.07282544124467476
2510,0.5048540734798367
2511,0.020059754286092028
2512,0.7698438395996933
2513,0.5998470688787478
2514,0.9996788746180817
2515,0.041633702036537504
2516,8.581638047510896e-05
2517,6.19074789442277e-05
2518,0.0757932926136365
2519,0.00017387202851230012
2520,0.0001928504320737314
2521,0.00045505108105302046
2522,0.025512853181985887
2523,0.7369394053191545
2524,0.042398217661240765
2525,0.03450839656330468
2526,0.04317589716274247
2527,0.9999259744367643
2528,0.9999954830399131
2529,0.7589393790977768
2530,0.016985613212719283
2531,0.5067583403087293
2532,0.026118393174461903
2533,0.40796767781120274
2534,0.592961590426331
2535,0.006013413406982943
2536,2.163225480738797e-05
2537,0.49462876692168356
2538,0.9916647495042414
2539,0.23925761625470612
2540,0.9999836982202064
2541,0.00037549155669475354
2542,1.7748358749413574e-08
2543,0.9995394700674111
2544,0.029685570679032654
2545,0.2668830981096116
2546,0.9999985913992588
2547,1.8074770552527353e-05
2548,0.5600240416634016
2549,0.3749097673065014
2550,0.0018275000451343758
2551,0.03248283561685617
2552,0.4333460206722975
2553,0.10726403077971818
2554,0.021672053489176703
2555,0.9765972133582362
2556,0.007659411103200525
2557,0.1357330909824304
2558,3.435638629151537e-05
2559,0.07934097328653682
2560,0.03395915330389735
2561,0.12813547619946772
2562,0.01781073305564216
2563,0.6376597491831157
2564,0.23426853459919916
2565,0.4020030521554612
2566,0.0032894624503352907
2567,0.537057868900782
2568,0.00028773942183455526
2569,0.054049041585625464
2570,8.794885089459573e-06
2571,0.05137774431718148
2572,0.7596911697227049
2573,0.0025294819633302473
2574,0.07239507098733594
2575,0.02885038431755737
2576,0.012905587915048942
2577,0.2955430447483055
2578,0.9744422659060048
2579,0.49924344316426106
2580,0.5656436913943546
2581,0.6732998980785326
2582,0.8901434416429823
2583,5.188370901265048e-05
2584,0.1630169693648659
2585,0.4256377737015315
2586,0.9999984225299874
2587,0.5738097891726216
2588,0.4003067652976041
2589,0.40195824733986196
2590,0.1078911595558908
2591,0.9999999999952287
2592,0.09964023031341589
2593,0.17174196764813285
2594,4.526963039517458e-05
2595,0.0012508304543222925
2596,0.0004987206154728691
2597,0.03246737406158858
2598,0.07271932670335746
2599,7.314619895103236e-07
2600,0.23479723159987617
2601,0.0009362002490879499
2602,0.9999999735545864
2603,0.0009827915485022493
2604,0.003473587337303289
2605,0.45170142948465736
2606,0.99997387745755
2607,0.9994114910501434
2608,0.5337725553878093
2609,0.0002988217704803753
2610,0.7132168791526013
2611,0.8767872927011011
2612,0.9999999974811882
2613,0.047758570126078544
2614,0.04496199269212714
2615,0.0011210941286767437
2616,0.9999999901044377
2617,0.043876253809174315
2618,0.016073369909702276
2619,0.027623620048218646
2620,0.06440991748207443
2621,0.006256641544011413
2622,0.20700727559329304
2623,0.9999999999958897
2624,0.9999947378430151
2625,0.3429666335750724
2626,0.0924901367055911
2627,0.9999995339630885
2628,3.251505937015935e-06
2629,0.6742656443835743
2630,0.44123980522801237
2631,0.43147158084263154
2632,0.7237947439024284
2633,0.006508607062044423
2634,0.14813778384207102
2635,0.000180644612404792
2636,0.39564162850532125
2637,1.498425875060573e-07
2638,0.5083192432478285
2639,0.06384896327761268
2640,0.9999945915868409
2641,0.8203511100465023
2642,0.06367011813975518
2643,0.09892777085244626
2644,0.0006450584042867549
2645,0.5954483071375254
2646,0.39350046849066916
2647,0.1628190573401933
2648,0.24943248179481817
2649,2.1337958969312744e-05
2650,0.44545715467809566
2651,0.060334738671528526
2652,0.00010205873624811124
2653,0.05620355959306048
2654,0.7874494796054003
2655,0.03461411389274441
2656,0.5012117670152576
2657,0.013326610076464584
2658,0.05962517437519525
2659,0.14469324904625566
2660,4.7461490900200644e-08
2661,0.6113157215820835
2662,0.021519109947436065
2663,0.9999999999997475
2664,0.09979775781728596
2665,0.4683742000662664
2666,2.4192985328315215e-07
2667,0.3037246696005624
2668,0.7826172414210374
2669,0.03341639498494039
2670,0.9980431475551094
2671,0.00448545937134591
2672,0.9990907928623985
2673,0.017540049403897882
2674,0.00022985447144223138
2675,0.00468282837693341
2676,0.005844575633465599
2677,0.004956328334202934
2678,0.903146200755267
2679,0.6529573078591476
2680,0.9999999999959306
2681,0.6478138135916687
2682,7.95718437887076e-06
2683,0.07665492199672869
2684,0.9248112337862511
2685,0.29902831998187773
2686,8.665422277813197e-08
2687,0.05874538856632418
2688,0.0913324641366313
2689,0.012479772054860228
2690,0.0023348954979350196
2691,7.722124657569629e-05
2692,0.041807202173184746
2693,0.004094006953851216
2694,0.5857087877367448
2695,0.18595863635019338
2696,0.00038020118323049614
2697,0.07125877741324096
2698,0.02911200358388902
2699,0.03970961262411138
2700,0.6823623916088973
2701,0.7790655640117471
2702,0.9999946354575396
2703,0.6707948384408545
2704,0.22424139607820803
2705,0.01931830933748522
2706,0.9999999837848683
2707,0.5378479567804191
2708,1.83483704307583e-05
2709,8.290075683524496e-06
2710,0.0022410953641525426
2711,0.0006426047792629607
2712,0.0778348406127718
2713,0.9999961558609236
2714,0.9983863372080427
2715,0.014976383026138403
2716,3.568966067121254e-05
2717,0.0009703396060553052
2718,0.00016697756780142595
2719,0.0237330553963533
2720,0.004262140224559439
2721,0.14508472958551077
2722,0.00524560272312956
2723,0.12822831535311988
2724,0.2402210981376985
2725,0.04781121732895657
2726,0.9997608539748719
2727,0.8572365443891712
2728,0.5468709446088738
2729,0.028654076383598837
2730,0.9999865109172754
2731,0.01683820778246613
2732,0.7365577163508727
2733,0.020056333742619795
2734,0.04458637921818022
2735,0.008452911790765207
2736,0.9994114910501434
2737,0.15993105846879702
2738,0.1885165335245798
2739,0.016452355248920428
2740,0.2393086299421623
2741,0.3270745295913138
2742,0.057812692122691474
2743,0.011127134018313755
2744,0.9999713024454969
2745,0.0017147211367630382
2746,0.030603931653004995
2747,0.44677174190467417
2748,0.8045810396408183
2749,0.0011653264846510885
2750,0.001172808466889874
2751,0.9999995260410058
2752,0.005984114037258614
2753,0.003185460930509326
2754,0.9999307651811087
2755,0.9999284961905008
2756,0.9997957304563523
2757,0.3841791340780982
2758,0.00846276781754937
2759,0.7826172414210374
2760,1.9662540660360307e-10
2761,0.11162137941941187
2762,0.017915180840304926
2763,0.008545055077334352
2764,0.707935011931374
2765,0.3913009469375846
2766,0.2742559069033069
2767,0.01288322179305568
2768,0.6352060132478415
2769,0.40491665238737584
2770,0.9968777493760929
2771,0.3100826297741793
2772,0.002490081203328088
2773,0.004712928646280204
2774,0.3719430703051474
2775,0.028350899112266167
2776,0.9999999999999509
2777,0.05137955211769328
2778,0.0005379143768724569
2779,0.08168946371359101
2780,0.000305957702930861
2781,0.022183537455417353
2782,0.31556099540008997
2783,0.06755377881126262
2784,0.6287790015061514
2785,0.9591632361393077
2786,0.04305227771113196
2787,0.01633816405420067
2788,0.008123106833921296
2789,0.0013177037502377171
2790,0.0014156362420938153
2791,0.6777770322134393
2792,0.48100737158169127
2793,0.060119423326963184
2794,0.9985482328499744
2795,0.9999997983755491
2796,0.0002647387339205267
2797,0.4189303219691611
2798,2.59976215705071e-05
2799,0.5469243808467575
2800,0.012550486959548798
2801,2.0390643207424256e-08
2802,0.034141391339011104
2803,0.0006460639258163281
2804,0.624444752154779
2805,0.6098558548082755
2806,0.07276091333412707
2807,0.00788948287846617
2808,0.3905594434684166
2809,0.20508004587852596
2810,0.9999494097848814
2811,0.08525407279099319
2812,0.15053870506111314
2813,2.4769118004278996e-05
2814,0.7561318374686393
2815,0.0018164795650161263
2816,0.0006460639258163281
2817,0.00017838711477788437
2818,0.1029530330854198
2819,0.41220130139304345
2820,0.001257661312164565
2821,5.752901456893981e-05
2822,0.00022992715834635176
2823,2.2846812290148564e-08
2824,1.385982839708624e-07
2825,0.26127737910123694
2826,0.4698063570561815
2827,0.029737755446389957
2828,0.051903105802043346
2829,0.2831506318892948
2830,0.6034478963692869
2831,0.06641634299364414
2832,0.42372747844986597
2833,0.006556880388985229
2834,0.18465362280169856
2835,0.0020523484197105058
2836,0.022141238830930506
2837,0.00039790649039153056
2838,0.9999997900824108
2839,0.020725132612309013
2840,0.9952825216658788
2841,0.0552125322762813
2842,1.5983931865854964e-07
2843,0.02675460544748551
2844,0.00259592670454215
2845,2.286555516218731e-05
2846,0.4631856568054596
2847,0.00467526882722186
2848,0.000344497518489048
2849,0.9999937902711593
2850,0.0005115721401277799
2851,0.9999999998496039
2852,0.5395993887126437
2853,0.00042297979408191137
2854,0.0022028356896700873
2855,0.002577637366527658
2856,0.5576304715387447
2857,0.4290256057031919
2858,0.168435304431595
2859,3.306317767658213e-05
2860,0.9999861039484487
2861,6.58330452474607e-05
2862,0.02171593043056188
2863,0.9988694500387959
2864,1.9524819175233764e-11
2865,0.5357017343668516
2866,0.9999601770071805
2867,0.7325781804115731
2868,0.8400598292810951
2869,0.16196592660055606
2870,0.9999999999999984
2871,0.9999982965958573
2872,0.005578933948704978
2873,0.08161449508126009
2874,0.009133923574433352
2875,0.03170616911862403
2876,0.9999706679984095
2877,0.32799508502148145
2878,0.04784571044650763
2879,0.026448044960415182
2880,0.0750628545646152
2881,0.012806077459779542
2882,0.03111560089161917
2883,0.9999999999999964
2884,0.0054075478023663925
2885,0.032711846573508015
2886,0.0028252498042586316
2887,0.00220393277211651
2888,0.0625310305648292
2889,0.3102395222524828
2890,1.7342238628213014e-09
2891,9.270655734172547e-09
2892,0.0008516042158585363
2893,0.030791049215298405
2894,4.5636369410642925e-09
2895,5.5425405366460204e-08
2896,0.013321799180484808
2897,0.09400875508657743
2898,0.2658336334743793
2899,0.9999494097848814
2900,0.9999996601896832
2901,0.7135025301062108
2902,0.00024867977780898987
2903,0.0019354100508007324
2904,0.04387169921706289
2905,0.00040593946282991243
2906,0.11638396144021032
2907,0.000180644612404792
2908,0.0018885103277074564
2909,0.07108164668650763
2910,0.13987940593191536
2911,0.9999999936098076
2912,0.02163112586903932
2913,0.0026382594377632514
2914,0.5235512036367254
2915,4.174611681873185e-06
2916,0.019855676317818965
2917,0.9999016601818919
2918,0.00030907744958050205
2919,0.1137338847131352
2920,1.4388254121472797e-09
2921,0.8662730787326781
2922,0.05265422282580561
2923,3.2671994890740556e-07
2924,0.02056533858015238
2925,1.6705233977264884e-05
2926,0.06268686614472616
2927,1.9943877341827154e-05
2928,0.06330229909360778
2929,0.04108260679934199
2930,6.582807095036403e-05
2931,0.01875854615228803
2932,9.411305098652606e-10
2933,0.1811564787213869
2934,0.12081844332686893
2935,0.2948557933905263
2936,0.0337590993918469
2937,0.021727793001645
2938,0.10221076164568477
2939,6.641647923232813e-05
2940,0.04818709930991004
2941,0.004206504220212549
2942,0.9999974427656824
2943,0.9995394700674111
2944,0.4166230387429386
2945,0.6808775183918729
2946,0.04249604903791665
2947,0.43360036745336517
2948,0.9999999999872569
2949,0.0011087836814479596
2950,0.0021601646345368636
2951,0.9999996606870808
2952,0.020375574281105372
2953,0.0068075977538871344
2954,0.9847470016186535
2955,0.7698438395996933
2956,0.03005273608657095
2957,0.09700362981370593
2958,0.4024209692531114
2959,0.06160185132882056
2960,0.055831307400571614
2961,0.8250426368660128
2962,0.31040293711713707
2963,0.008634875160694302
2964,0.10458428926351693
2965,0.44243760659437664
2966,0.42249200776952217
2967,0.15993105846879702
2968,4.274890990825346e-07
2969,0.012833804581985282
2970,0.17326397196188575
2971,0.033555730674806446
2972,0.0016596821877681795
2973,6.848073417592323e-05
2974,0.0058687470393997045
2975,0.001065295023403472
2976,0.0011399488893582591
2977,0.025873789696776346
2978,0.9999972155726361
2979,0.050602942406542804
2980,0.9999468702828593
2981,0.02150619240958838
2982,0.00015301268325474012
2983,0.022510175422525293
2984,0.7568930873241986
2985,0.8833291166183662
2986,0.9999999999961435
2987,0.9996680349971719
2988,0.06012344433272873
2989,0.9999729484427337
2990,0.00091173027351249
2991,0.0001834273414277685
2992,0.6024667392607849
2993,0.6010005469599813
2994,0.9999999859398903
2995,0.04510639553068101
2996,0.39353773656350577
2997,0.5003430135864496
2998,0.0009493469358803901
2999,0.05117846651646235
3000,0.0019001822197368058
3001,0.9999946008989498
3002,0.999969237672411
3003,0.16822903706939213
3004,0.015544970520697808
3005,0.04219364486710611
3006,6.260100895545911e-10
3007,0.022611931042138732
3008,0.4813263701323724
3009,0.16448100312288502
3010,0.06248403356467392
3011,0.31556099540008997
3012,0.660582663478112
3013,0.006414519028412562
3014,0.9999999917260466
3015,0.023884329204822398
3016,0.01491806678255706
3017,0.0679220393091276
3018,0.039129086861011346
3019,0.9995438014314681
3020,0.004489324516142623
3021,0.9999999999995652
3022,0.05159067145129495
3023,0.4593418431786447
3024,0.9999984163329927
3025,0.002185609738431997
3026,3.7924914331666096e-05
3027,0.09733861919158875
3028,0.9999995697353335
3029,5.335780820212243e-05
3030,0.01285501630013234
3031,0.0037816189147864532
3032,0.02545415222903803
3033,0.03882347020109717
3034,0.9999684687296096
3035,0.42507941281331263
3036,0.3266354216085695
3037,6.088402775684182e-05
3038,0.03309739295090067
3039,0.06288432182120257
3040,0.9999422930460276
3041,0.2031786282844701
3042,0.00014953419863370963
3043,0.05940145444536797
3044,0.002844196126264821
3045,0.7131075104453006
3046,0.0006933429384017372
3047,0.01174462723640582
3048,0.03738153952382946
3049,0.13314904083598872
3050,0.028826775780240947
3051,0.5111115515462601
3052,0.0002700215572697714
3053,0.034381172870626954
3054,0.037456468081123497
3055,0.8043874120284511
3056,0.07805465051967819
3057,0.2725081064375734
3058,0.6876417504650265
3059,1.1692286110376174e-07
3060,0.9999914032531687
3061,0.8338949527269178
3062,0.9999975565115539
3063,0.04107203769619546
3064,0.02502275753587504
3065,0.6184752688630414
3066,0.32097552105845806
3067,0.9999960313818536
3068,0.01957754314461685
3069,0.0007815857613081513
3070,0.37956299066916566
3071,0.8850432132530126
3072,0.005261351812793809
3073,6.020276192842587e-08
3074,0.3913009469375846
3075,0.0031345730920757393
3076,0.002146977026782191
3077,0.0678366830947502
3078,0.0025294819633302473
3079,0.45437499566846273
3080,0.0464855918970482
3081,0.020521622331964886
3082,0.023010427322810195
3083,0.017972020426066382
3084,0.9999464741503893
3085,0.999998870669975
3086,0.14394636026877952
3087,0.025743413674359755
3088,0.05146519300850578
3089,0.004798652080061959
3090,0.0011389739113842662
3091,1.0078593593537908e-06
3092,0.9998908578332035
3093,0.14985255116500862
3094,0.023687563627925734
3095,0.04421561998569934
3096,0.06938756165418983
3097,0.007403936791855804
3098,0.03694267322348168
3099,0.6163322341765841
3100,0.024247256396700594
3101,0.2002231450031623
3102,0.08106436281920307
3103,3.8732817434513444e-07
3104,4.602871359391033e-11
3105,0.03456527865784873
3106,0.6999167904805577
3107,0.8460157271783606
3108,0.0003698665885556156
3109,0.8429412443773959
3110,0.09903547196259938
3111,0.999980349174261
3112,0.0002757201930024729
3113,0.7382466635066417
3114,0.0067382622257924785
3115,0.008838900313552422
3116,0.9999999999779698
3117,0.9999997983755491
3118,0.000960727789540915
3119,0.06836016848143293
3120,0.178148319986629
3121,2.9560784315347584e-05
3122,0.03724401421873575
3123,0.13668344580712888
3124,0.9999999969167992
3125,0.05223060860418394
3126,0.9999999997952791
3127,0.004997949166751742
3128,7.72717877208877e-06
3129,0.6020993273098642
3130,0.9579427100158213
3131,0.43854405366487464
3132,0.11485861308803168
3133,0.9999468702828593
3134,0.1396613990884348
3135,3.938565781153902e-06
3136,0.03358002153548669
3137,0.9999998355575881
3138,0.19299483670790557
3139,0.19544045119357537
3140,0.026499296049622832
3141,0.0032226475232089965
3142,0.999999129620458
3143,3.190798551585048e-05
3144,0.1495538544726709
3145,0.06364876596697201
3146,0.033516963637550995
3147,0.23308080054382674
3148,0.0002494261120997609
3149,0.1697678501684582
3150,0.042117684115905704
3151,0.03619435808324984
3152,0.02755384990259295
3153,0.08769418466250475
3154,0.13899685591100258
3155,0.011866936986650927
3156,0.013288005223649287
3157,0.08569552000672989
3158,0.5003881833425534
3159,0.9987653884604251
3160,0.043371927438617154
3161,0.999922302516567
3162,0.013164448669576495
3163,0.0002728945970582302
3164,0.522620957486238
3165,2.824608530591569e-05
3166,3.631913754228154e-05
3167,0.9999945573360445
3168,0.398962076852271
3169,0.9999684668444404
3170,0.02680575858400902
3171,0.0219687197214217
3172,0.0006744594709507921
3173,0.6924542847245996
3174,0.9999998729107554
3175,0.0004642986975320451
3176,0.0708869072740292
3177,0.9999999974301574
3178,0.04703920575195198
3179,9.663332101024769e-05
3180,0.13724222778935916
3181,0.4158871710890011
3182,0.19540864365952632
3183,0.686996736516207
3184,0.042883447424007945
3185,0.7136892467375361
3186,0.0001870381218816649
3187,0.03547267361613126
3188,0.08478897067286478
3189,0.3570667959558633
3190,0.014938881890057779
3191,1.45983171746384e-05
3192,5.281164780520824e-05
3193,0.06731561880811913
3194,0.9999999991343638
3195,0.2314595626098834
3196,0.011940094592236687
3197,5.547090176967167e-05
3198,0.06067539569149504
3199,0.5641122693852216
3200,0.10159518151362208
3201,0.046243940064378326
3202,0.9999996606870808
3203,0.10455495594147357
3204,0.9993752113545532
3205,0.01647723517587069
3206,0.9999999981672953
3207,0.9998331409504452
3208,0.6747885924171227
3209,0.021344488301699407
3210,0.0036095888988154534
3211,0.943841562572866
3212,0.3421690229289791
3213,0.9999228619769351
3214,0.002192748169798933
3215,0.9999999999999987
3216,0.04815728126710213
3217,0.7054172122623897
3218,0.009451766055072293
3219,2.8794470647413538e-05
3220,0.011222155752867216
3221,2.7106551935512816e-11
3222,0.9998884635664455
3223,0.0007083759208181857
3224,0.003118696766164766
3225,3.3602000387156234e-06
3226,0.02681559781847894
3227,5.645261709831426e-05
3228,0.9999999999971687
3229,0.367435153861446
3230,0.4594923584267529
3231,0.002375453886774375
3232,0.008727577616884493
3233,0.023636943869083944
3234,0.0027413270138639304
3235,0.9411034873669522
3236,0.3594028916176369
3237,0.020634764748160388
3238,0.01873362439270941
3239,0.02324247544948778
3240,0.0011722438662855805
3241,0.04069866011677565
3242,0.006794164482118733
3243,0.5976407647260504
3244,0.2680401706420745
3245,0.9968777493760929
3246,0.1331877604021865
3247,0.013487194125000641
3248,0.03741031803105447
3249,0.14246924634388874
3250,0.7305230995073836
3251,0.005742972632537842
3252,0.0012539185933402393
3253,0.012229576085219197
3254,7.117049995285665e-05
3255,0.28593320607362727
3256,0.9999946354575396
3257,0.37081115740760795
3258,0.3837938096934611
3259,0.07970075242266131
3260,0.6950421526931649
3261,0.06021901801841036
3262,0.27558962389826813
3263,0.00026479332270896777
3264,0.9999999564519159
3265,0.021120233616940664
3266,0.6953518357401498
3267,0.9999999434911112
3268,0.011121369353622778
3269,3.711400823443249e-05
3270,0.10050570368717332
3271,2.9968686929831545e-07
3272,0.016995033520569615
3273,0.0025325908981141273
3274,0.13324995369827342
3275,0.07918597305784897
3276,0.0003331620564093772
3277,0.10478418532458698
3278,3.039186840660076e-08
3279,0.9999999999995277
3280,0.5271444610284173
3281,0.00046712547580681364
3282,0.9999825457555328
3283,0.035182104430917384
3284,0.11053050657846043
3285,0.10895860114407838
3286,0.013541028379935514
3287,0.018707612925621054
3288,0.001105140042736117
3289,6.980575949448705e-06
3290,0.0011784225788342042
3291,0.03826565794561582
3292,0.0007515691495977401
3293,0.019696046531036834
3294,0.003927039768379138
3295,0.00047343889033011927
3296,0.0002629984552372131
3297,0.03531332543982636
3298,0.9999999999999969
3299,0.1353569100154328
3300,0.021964309396725532
3301,0.052403321321285196
3302,0.6062821249046315
3303,0.02900548905435905
3304,0.9999284961905008
3305,0.023182934840752605
3306,7.103908575515794e-06
3307,0.9999945915868409
3308,0.005751987463958524
3309,0.9430057954269674
3310,0.06897409605184378
3311,0.0005009829258551413
3312,0.6990923109574971
3313,0.4462471316155828
3314,0.0006416344560709365
3315,2.420551984787022e-05
3316,2.9781432503015198e-05
3317,0.060757127735803385
3318,0.17774101219392205
3319,0.48817496324799714
3320,0.044851774806800616
3321,0.37920685569426515
3322,0.6055337048662168
3323,0.03362912052641547
3324,9.49386938216629e-09
3325,0.9082570379581895
3326,0.0007761298176385268
3327,8.629876920118564e-05
3328,0.927338627708734
3329,0.7698188015416482
3330,0.02404446961059617
3331,0.16402049236321922
3332,0.0007144009258234766
3333,0.7474683884012787
3334,0.7316353974448473
3335,0.00012896593790438042
3336,0.9997429245797382
3337,0.18732643381459227
3338,0.00032104414974433036
3339,0.006700771614105783
3340,7.618460609446791e-05
3341,0.0001229948223403873
3342,0.05411050089338812
3343,0.0011102175036234684
3344,0.05036589414421946
3345,0.0002948835419476633
3346,0.0003536201955460762
3347,0.9999960318053683
3348,0.4239604144301414
3349,0.001033633444557536
3350,0.06638297418483652
3351,0.34081613339683764
3352,0.016641536887235363
3353,0.000722603843715244
3354,0.0020793109992991656
3355,0.16679089026441787
3356,0.014391894956221424
3357,0.04719883533471623
3358,0.06931519718478237
3359,2.6807143938545293e-05
3360,0.9999898000319377
3361,0.4985943966703848
3362,1.347487536196725e-10
3363,0.39254339516451353
3364,0.7734308802817346
3365,0.24836323845387004
3366,0.00024911431933500206
3367,5.527865065481152e-05
3368,0.001980646023287197
3369,0.27826098292215773
3370,0.0025064392766054495
3371,0.15258653166280936
3372,0.566186383671423
3373,0.013930545561942585
3374,0.007826273018280086
3375,0.6239745012281308
3376,3.352097630668313e-16
3377,0.2601339100108053
3378,0.8602956283917508
3379,0.5687400243975109
3380,0.07729135044069377
3381,0.00836322982855998
3382,0.0012564674537290275
3383,0.0596958326117914
3384,0.024120051227405608
3385,0.0035286829589380015
3386,0.5139000272031213
3387,0.0011190148218338867
3388,0.00035933529337747467
3389,0.0002014553995180649
3390,0.0001405689253018589
3391,0.4194593662467662
3392,0.0009556388606411545
3393,0.37932661337570167
3394,0.9995972184886923
3395,0.7275373051292623
3396,0.0652759525352742
3397,0.3974692575892949
3398,0.03530657152964201
3399,0.029056136242887498
3400,0.3756587841316871
3401,3.407270210994202e-09
3402,0.039379989820158175
3403,0.8427696288116184
3404,0.09179640325466584
3405,0.015595133565066286
3406,0.9999988421746157
3407,0.03237868239466304
3408,0.4538240070264103
3409,0.02192953326816055
3410,6.611396622193436e-08
3411,0.0826169791168067
3412,0.1505217945185432
3413,0.11312055216154832
3414,1.969375902563132e-17
3415,0.9999830435847934
3416,0.008759588935463764
3417,0.005381954907617336
3418,0.5638941480985792
3419,0.6788021235323294
3420,0.10841126438661411
3421,0.32714499425629523
3422,9.346351477040303e-06
3423,0.0514310156469661
3424,0.04451200149352183
3425,0.49383108084059435
3426,0.0006418074190739445
3427,0.0008210724152452363
3428,0.6974080490846635
3429,0.010433623561884632
3430,0.0897552550876643
3431,0.0007056259075439901
3432,0.2944852553045286
3433,0.6801516179597743
3434,0.0014813649792770013
3435,0.013584097138050743
3436,0.04676001674133662
3437,0.03271961490976833
3438,0.09200330989370538
3439,0.1393211377070806
3440,0.3258502120069562
3441,0.0004335768500395404
3442,0.4216252470063948
3443,0.08758097323166858
3444,0.4632438613077988
3445,5.538135522665492e-13
3446,0.9999999999999889
3447,0.021314826086263405
3448,0.9999962667433226
3449,0.0029175361549616348
3450,0.06231352560298745
3451,0.10603665291211102
3452,0.02039242438889802
3453,0.9693658571727155
3454,0.5211333550984955
3455,0.025755628044800468
3456,6.284013789642265e-07
3457,0.9342638547875068
3458,0.021992297053417677
3459,0.9981577366840526
3460,0.39302067331052126
3461,0.02219735663077578
3462,4.101870768594416e-06
3463,0.007502834982621584
3464,0.6625707992763913
3465,0.04766124026887982
3466,6.505784774814234e-05
3467,0.3270231609000922
3468,0.22963536563728554
3469,0.7584092067891502
3470,0.42593380169858447
3471,0.0009760364421124106
3472,0.12365060200398899
3473,0.0588059464801126
3474,0.9997468006093335
3475,0.0010234022517996862
3476,0.07476592280383687
3477,0.4553472582376217
3478,0.7665599129620402
3479,0.0002598829839834155
3480,0.6923740923954104
3481,0.1607206476314846
3482,2.5181888806827113e-05
3483,0.9987432763200147
3484,0.4895788523516558
3485,0.9844329178746402
3486,0.9999999837848683
3487,0.2085946246460925
3488,0.1768763592165491
3489,0.025094252139984202
3490,0.021641147742400044
3491,0.9999868143430042
3492,0.037979253545793894
3493,0.003012287435864125
3494,0.0915295471578845
3495,0.011301928194169227
3496,0.00013280841659728552
3497,0.7446064744109541
3498,0.0028252554029402476
3499,2.9424884077214274e-14
3500,0.4271982574927627
3501,0.03380326574843967
3502,7.468544117804256e-06
3503,0.01900315067389296
3504,3.891669269618038e-05
3505,0.7306789715859572
3506,0.002894214026586698
3507,0.12431904078070896
3508,0.2563466993618407
3509,0.05834683188579388
3510,0.7015912125862344
3511,0.9952825216658788
3512,0.05556437399704275
3513,0.28452789065424466
3514,0.4398072845196358
3515,0.0011959842157730624
3516,2.7652915753283973e-05
3517,0.8517635311410271
3518,0.9999989224289508
3519,0.7240672600560359
3520,0.0393458365214684
3521,0.9999999999991724
3522,0.08585049534170827
3523,0.5538642873922408
3524,0.022699980288199226
3525,0.4969488784106383
3526,0.19117971356231997
3527,0.016113266850142395
3528,0.33163008671338096
3529,0.3551612435661338
3530,0.45062361679015467
3531,0.05977725105200844
3532,0.5745318489939878
3533,0.031347102931061
3534,0.20813073059675397
3535,0.3711406454640161
3536,0.5122815851945417
3537,0.07165232454400583
3538,5.10231830660303e-09
3539,0.07884946954735149
3540,5.4721263097747995e-05
3541,0.02042722086758717
3542,0.06864376881241314
3543,0.9999683594455712
3544,0.896256366011946
3545,0.0816961594875144
3546,1.1676372882857417e-07
3547,0.8248375844010543
3548,0.06701111749130235
3549,0.99968279088264
3550,4.218451779370811e-06
3551,0.022091713191677013
3552,0.001385921889841287
3553,0.6099668602850644
3554,0.4567056115210906
3555,0.07238385942741095
3556,0.723144135275615
3557,0.9999998136340312
3558,0.00228883039173532
3559,0.43875215930078965
3560,0.7875019286756912
3561,0.10953025737804846
3562,0.9999975517908087
3563,0.0009897103599507762
3564,0.0977755795621613
3565,0.01439291400580779
3566,4.678871176339005e-09
3567,0.04115742714151986
3568,0.9999999999779698
3569,0.000874742017209693
3570,0.020252378976542338
3571,0.04210079170297156
3572,0.02348987576449903
3573,0.03851456328308929
3574,0.08997607398406748
3575,0.0001630241241835432
3576,1.0
3577,0.02502935573656024
3578,0.008260054649950548
3579,0.23587943673654202
3580,0.06550784051531182
3581,0.02385226394332228
3582,0.9999999999999998
3583,0.0008838396273703846
3584,0.00028277465589640627
3585,0.9999948735487737
3586,0.0071134792353548144
3587,0.5735142798961457
3588,1.123210762911093e-06
3589,0.06499440797334595
3590,0.11402215859636472
3591,0.025908255413570523
3592,0.40257881414793867
3593,0.4126569592436443
3594,0.0678415017104377
3595,0.7955124526299603
3596,0.6675652295528614
3597,0.3711639318604582
3598,0.0008293081339645909
3599,0.16373005637378008
3600,0.0190375920197193
3601,0.00920489598705676
3602,0.012762627151242755
3603,6.698397113713725e-05
3604,0.045932038018406604
3605,0.028455367090082218
3606,2.396547406649355e-05
3607,0.9987653884604251
3608,0.9999999999997997
3609,0.2807466544842113
3610,0.8178310592747061
3611,0.0012577549750463718
3612,0.277169913657492
3613,0.00043252482926678636
3614,0.3019034415021053
3615,0.000599148374062667
3616,0.0007240881069450654
3617,0.5281363341457553
3618,0.06304263623968862
3619,0.001579600657744307
3620,0.0792783991820557
3621,0.053139777501038474
3622,0.08285361874084489
3623,0.02323365937106076
3624,0.024598717930377597
3625,0.012967906836616869
3626,0.7233179520341468
3627,0.22741714918909642
3628,0.03779772700520094
3629,0.0004483558213462595
3630,0.027147590500611885
3631,0.1543664163134467
3632,0.3749097673065014
3633,0.04226926256165638
3634,0.000926801647521873
3635,0.07510387022969567
3636,0.7089271800887318
3637,0.9465126100706286
3638,0.7081282243405815
3639,0.20406662879257226
3640,0.2192137600950346
3641,0.7350933941070259
3642,0.041754138580110525
3643,0.0990546029037128
3644,6.347311085476847e-06
3645,0.3312918646960122
3646,0.3585444649765469
3647,0.006274441563228508
3648,0.0032146854328668137
3649,0.00018247239443414383
3650,0.007471227986567857
3651,0.4329317695230035
3652,0.027646074841435053
3653,0.029908788749872576
3654,0.03620548343732628
3655,1.0860775136153522e-07
3656,0.00041374527345292445
3657,2.623881873413978e-07
3658,0.01015810744382516
3659,0.03567704251357833
3660,0.03308255766536559
3661,0.06535183519853491
3662,0.5773516759864957
3663,0.07722427128898222
3664,0.0013448051026554205
3665,0.0045001045577363315
3666,0.949434906433311
3667,0.9690067660658795
3668,0.43986853614602855
3669,0.0016771935692576215
3670,0.6087812951916755
3671,0.3918433749614376
3672,0.9999999959698642
3673,0.2895762057133442
3674,0.03482407147772715
3675,0.0027355677158548987
3676,0.05809618024773284
3677,0.0002015100553686598
3678,0.518048084312302
3679,0.04513698517520891
3680,0.7968617178880737
3681,0.9993755175262747
3682,0.011272218629435045
3683,0.6928188532926195
3684,2.3111670808922023e-06
3685,0.17742114611216392
3686,0.852258553447689
3687,0.5572790719705893
3688,0.08541589584928258
3689,0.9999999573731586
3690,0.02946526418231344
3691,0.07269263317194906
3692,0.003942845007572374
3693,0.02931537100181477
3694,0.027506417309430185
3695,0.1610339441316429
3696,0.0006028396804012462
3697,0.12392873898850247
3698,0.07520914725339214
3699,0.9968777493760929
3700,0.7754187749408764
3701,0.003555828416820359
3702,0.006459179351457222
3703,0.02534215420580916
3704,0.23279732544428725
3705,0.00018136789458248287
3706,0.032272194883670294
3707,0.3314477865868554
3708,0.9840211685101836
3709,0.7079290616510235
3710,0.03637921727505832
3711,0.00016201038358688388
3712,0.8372417908352748
3713,0.03792179263260226
3714,2.739953830782178e-14
3715,0.0002603338319284135
3716,0.01719271756885498
3717,0.0054330369085056
3718,0.026251690356508168
3719,8.802025524251023e-08
3720,0.028254861667701536
3721,0.0029163190371219415
3722,4.004425539630363e-05
3723,0.0015306394772127958
3724,0.0006782537550011345
3725,0.43619658083337753
3726,0.024652662646064673
3727,0.9999998355575881
3728,0.5279180894865244
3729,0.0051110675113732705
3730,0.02429636413005664
3731,0.7771516643910391
3732,0.8777806633937864
3733,0.3629176784129784
3734,8.379816090041257e-06
3735,0.13294841284202036
3736,0.07178781827479219
3737,0.0006029533438064194
3738,0.0005814595889487787
3739,1.877177004906774e-05
3740,0.019947010082275892
3741,0.07762962258717807
3742,0.12808101230521965
3743,5.871734380093741e-05
3744,0.2648591751539376
3745,0.8074079679482034
3746,0.17211584835964283
3747,0.018736073753569272
3748,0.9998531572865486
3749,0.017553108354153045
3750,0.03675756686227828
3751,0.042601867264142265
3752,0.00358805078718363
3753,0.9999994978830052
3754,0.12124771851476486
3755,0.07682377949411669
3756,0.11229844810115257
3757,0.005576679985995019
3758,0.00013324996772998452
3759,0.7794024016461751
3760,0.062440754163715056
3761,0.5609188559715346
3762,0.08683160757505531
3763,0.001220672599594543
3764,0.05690822391652185
3765,0.6156471063979636
3766,0.03483995680139318
3767,0.14436966030441775
3768,0.034743451927887074
3769,8.245715551023198e-07
3770,0.001912697880047485
3771,0.013353262800755866
3772,0.4251942075063356
3773,0.3243638215553766
3774,8.153431968055251e-08
3775,0.9994506064440838
3776,0.06428706029694277
3777,0.04693659161124955
3778,0.036430436189177996
3779,0.001419578664524607
3780,0.999997444838875
3781,0.00079628284918275
3782,0.01295057267786959
3783,0.005930994323593311
3784,0.0006113242340045784
3785,0.9999999999999989
3786,0.024827156512698765
3787,0.023247109437777195
3788,0.2092417068031889
3789,0.6065201079900582
3790,0.49670134475433453
3791,0.0826169791168067
3792,5.012963201405555e-06
3793,0.010893056174245087
3794,0.9999995260410058
3795,0.9999594272414375
3796,0.06040205442172795
3797,0.999998870669975
3798,0.9999927865592151
3799,0.3193089097350735
3800,0.2600134556483085
3801,2.463016683903956e-07
3802,0.001065295023403472
3803,0.01227497191351898
3804,0.8569029734938225
3805,3.2235536830615506e-08
3806,0.8047957453000563
3807,0.048215360904592545
3808,0.9999946008989498
3809,0.0030337847259464443
3810,0.06594753120381132
3811,0.02015977042302131
3812,0.9999284961905008
3813,0.01534143999377926
3814,0.9999999505924788
3815,9.875543610107603e-10
3816,4.860094029534426e-07
3817,0.9999999999999989
3818,0.8429412443773959
3819,0.05335979456463662
3820,0.02699357995216349
3821,0.05801799129730661
3822,0.0009116503749950659
3823,0.07045703895144363
3824,0.0004202012788738129
3825,0.49716092634902703
3826,0.017257339613213973
3827,0.2873390347451406
3828,0.014501799044372828
3829,0.0011819110553830511
3830,0.9999999999922757
3831,0.05007340903456178
3832,0.9999923603367182
3833,0.9999999999998999
3834,0.4632058326613896
3835,0.03442691111136644
3836,0.003730325731547904
3837,0.9999074144129694
3838,0.37979986671178845
3839,0.00010467977958092304
3840,0.9999825457555328
3841,0.9999546676589219
3842,0.9999999725644487
3843,0.1340483322055637
3844,0.9999946550965696
3845,0.7194299576623513
3846,0.282451933961515
3847,0.0004595564738084701
3848,0.00039429534220871413
3849,0.03686883585025172
3850,0.024272308253670494
3851,0.23479723159987617
3852,0.9990484808902508
3853,0.06538362983480646
3854,0.9999999498352753
3855,0.1877114564761441
3856,0.0016560935971218842
3857,0.0005507506661827339
3858,0.045194949562217875
3859,0.012677231108313116
3860,0.5074273957263788
3861,0.2992654615120064
3862,0.8893270242739554
3863,0.0025786728344818076
3864,0.029103960174805175
3865,0.12667860306030357
3866,0.1537461827948963
3867,0.9999999999999805
3868,0.006843539303581207
3869,6.3443188508358826e-06
3870,0.051030175449781424
3871,0.5293046432774589
3872,0.07343064571141796
3873,0.0020964982834817112
3874,0.022204433483855937
3875,5.119883201623585e-05
3876,1.014741186794808e-05
3877,0.0034663654942051108
3878,5.6203203692751096e-08
3879,0.6329640188439651
3880,2.4270547687887302e-08
3881,0.010634400958779783
3882,0.2300309686418669
3883,0.001920197370506685
3884,0.7158594466214745
3885,1.3812269650683953e-10
3886,0.01950021315192369
3887,0.14723902472976388
3888,0.10070831703562545
3889,0.021971173123187835
3890,0.03024905968342751
3891,0.7577811228287609
3892,2.0613816659918466e-05
3893,0.462563882619517
3894,0.01237066282981238
3895,0.005911168182811341
3896,0.0003486073233657177
3897,0.06713704882758136
3898,0.007854682530103694
3899,0.0826098576236278
3900,0.0041412086448611675
3901,0.02633718442506642
3902,0.0025326799119526075
3903,0.9967524483546744
3904,0.9999773470802789
3905,0.8517375784207455
3906,0.00028836711251212807
3907,0.003974466329967016
3908,0.3893468649426801
3909,0.03174542351019312
3910,0.3678701890446009
3911,1.0098462401712206e-07
3912,0.012829986424411266
3913,0.02394566485783335
3914,0.5461061157555487
3915,0.01242822470420873
3916,0.03341927973538659
3917,8.439963002122054e-16
3918,0.5094130487532402
3919,9.030025230313625e-08
3920,0.9998182327379613
3921,0.2834340042726243
3922,0.3440827460052853
3923,2.589482145460148e-05
3924,0.35723658261822233
3925,0.22522119912430305
3926,0.8716892818953447
3927,6.513568013000385e-05
3928,0.11244740927634511
3929,0.24206754276605214
3930,0.31060778750976137
3931,0.5168522391373817
3932,0.7257988930803602
3933,0.7063908647143231
3934,1.3036597628355987e-06
3935,0.0001887249471566431
3936,0.028491158207257318
3937,0.00012187437815751457
3938,0.012457090155235927
3939,0.305787216048713
3940,0.9999999997952791
3941,0.8831068421393781
3942,0.3167981211247782
3943,0.05405887936547003
3944,0.003931064651330618
3945,0.999999647866275
3946,0.3521416627385137
3947,0.7111405279193089
3948,0.0009617652529291876
3949,0.5284502407640171
3950,0.001617300221563339
3951,0.8567532661993837
3952,0.5781705518408612
3953,0.002617708468710911
3954,0.5461061157555487
3955,0.0018051416839321977
3956,0.019560255884054415
3957,0.0017332539418639214
3958,0.026648299868376597
3959,1.2369620151736124e-09
3960,0.002091454541019471
3961,0.03820751986463847
3962,0.9999999999982803
3963,0.0008840784504701295
3964,0.04186451431225525
3965,0.00490635668829791
3966,0.9998958959974398
3967,0.01863419875387646
3968,0.004187058317562806
3969,0.055986438008792695
3970,0.06899420674680405
3971,0.010024772235391338
3972,0.45480604511562867
3973,0.009836036081326173
3974,2.6633852928545333e-07
3975,0.003787136512775614
3976,0.9995891411652431
3977,0.03486809094094488
3978,0.0001330656460511858
3979,0.41236611736355094
3980,0.0004780153496334415
3981,0.006614481030314797
3982,0.5892779265777923
3983,0.029899091957122172
3984,0.9999999999994054
3985,2.4481178075648497e-06
3986,0.99999872398547
3987,0.3693948306693788
3988,0.011090784923587893
3989,0.02582480891402498
3990,0.3960721664034548
3991,0.5123798134417801
3992,0.22892261383400864
3993,0.998813151758774
3994,0.022701736401987804
3995,0.08554241933841829
3996,2.1671212500105263e-08
3997,0.03139902020743862
3998,0.004062091546152819
3999,0.05966672961775264
4000,0.0014462538447073418
4001,0.0008066763470151437
4002,0.016198173668874515
4003,0.025924636614367003
4004,0.2875895665364199
4005,0.0388483116008606
4006,0.08307274801488423
4007,0.07639717907489156
4008,0.10028580889124213
4009,0.43326571323726926
4010,0.7631579929295979
4011,0.6471965489376177
4012,0.33682128894215135
4013,0.04031081392743535
4014,0.7025859998694226
4015,0.1997323474740395
4016,0.9999997900824108
4017,0.09629178425778762
4018,0.00029209513654428394
4019,0.27788660365710094
4020,0.0770190467594914
4021,0.03757805492649186
4022,2.201351308111837e-12
4023,0.9999999999779698
4024,0.0031102345848225744
4025,0.44943879506746215
4026,0.023343489088674087
4027,0.1603444474272557
4028,0.5570222314114865
4029,0.3361804608711017
4030,0.15309221418077185
4031,3.5568638221036936e-08
4032,0.029693146430804812
4033,0.03413905869990145
4034,0.0019102182261991054
4035,0.026263300838616662
4036,0.010318720363847608
4037,0.022817562906303976
4038,0.06655020089542785
4039,0.9939963172837457
4040,0.9977867221840128
4041,0.9999998619922035
4042,0.025079570535029804
4043,0.19452482021161593
4044,0.1329515850895358
4045,0.27931482304484206
4046,0.0014137771497526954
4047,0.620625298329129
4048,0.3107629369654001
4049,0.0012028606789470583
4050,0.00019528243906343182
4051,0.006853843353439664
4052,0.5364698746638626
4053,0.99963309930594
4054,0.0016769670107333913
4055,0.000514403404947156
4056,0.9999825457555328
4057,0.03895954517804516
4058,0.6095020659599266
4059,0.5623005066573162
4060,0.6948926235505994
4061,0.9999799198942245
4062,0.3278270476122266
4063,0.013938327901080471
4064,5.5622508721084146e-09
4065,1.1389103292419318e-07
4066,0.06856222697048675
4067,0.034736624144578204
4068,0.0008255833334734554
4069,4.785465981417449e-06
4070,0.13584296836286586
4071,0.25596343631664253
4072,0.06043432722261727
4073,0.00027597012645156786
4074,0.6783264032215168
4075,0.0033003130825193993
4076,2.27727661063227e-06
4077,0.0027413270138639304
4078,0.03585018782535337
4079,7.521682227983932e-05
4080,0.9999656779858469
4081,0.8045810396408183
4082,0.02883400117009527
4083,0.052126119375195984
4084,0.9999999999995135
4085,0.04588375490677896
4086,0.6414382491866776
4087,0.0748748282136744
4088,0.9997359615795828
4089,0.0025396597970128074
4090,0.830928109897436
4091,0.5677972178350189
4092,0.000166772298339202
4093,0.1413457049039201
4094,0.01810133742394714
4095,0.028543126292272528
4096,0.19807170823957412
4097,0.0024303046030353915
4098,0.0031082308815400124
4099,0.9999999933681969
4100,0.023199824213975213
4101,0.059587726682342176
4102,0.6399003155373985
4103,0.09612475746243913
4104,0.05483245247319329
4105,0.2819624236022566
4106,0.9998918551254621
4107,0.0048246930325733925
4108,0.026753165146801774
4109,0.03718652078316469
4110,0.6367169652652263
4111,0.31387317398015585
4112,0.002139407431849343
4113,0.00011764317831850613
4114,0.03270046024033276
4115,0.99999999999978
4116,1.2328831216201827e-05
4117,0.004566355865081525
4118,0.22462036782847905
4119,0.04235827624799921
4120,0.007910198996510921
4121,0.10109250649939512
4122,1.1169695526345275e-08
4123,0.9999978630448434
4124,0.011299658613048569
4125,0.5454808198483597
4126,0.14931229354995212
4127,0.054188584009338375
4128,0.0752560525705327
4129,0.026110408659837398
4130,0.07434625550681381
4131,0.0454013455427982
4132,0.07603781044504536
4133,0.44467856614924106
4134,0.9999873218957713
4135,0.04974004770597628
4136,0.01717191179010352
4137,0.06714435036988642
4138,0.02353595826607378
4139,0.03028660463058863
4140,0.0037314999313341154
4141,0.040455845425192156
4142,0.0003684695080423736
4143,0.462563882619517
4144,0.0007033058640763635
4145,0.9271370966149842
4146,0.03519984125643947
4147,0.4714899546334905
4148,0.9999999999999116
4149,0.0028005839794251943
4150,0.0014646632853652143
4151,0.05472994210202533
4152,0.4377894455036901
4153,0.39710612538419765
4154,0.03772105899291784
4155,0.003226594725418654
4156,0.0006336244387391484
4157,0.9999999957208048
4158,0.4679677445657731
4159,0.0051192995730593846
4160,0.0029585560533927115
4161,0.9999999999999509
4162,0.007944167636112472
4163,0.8074079679482034
4164,0.23459174635996802
4165,0.6767291437214771
4166,0.9999999999999998
4167,0.048619879374412235
4168,0.0030298395307598327
4169,0.023528692883766477
4170,0.9347500390457623
4171,0.0625940811928431
4172,0.0762989372232325
4173,0.02334113663920431
4174,0.29844284427925627
4175,0.00670467906800516
4176,0.13563418606131045
4177,2.9878822284267074e-10
4178,0.4131951904389895
4179,0.3033981948050441
4180,0.00046884665283212487
4181,0.05577583091742295
4182,3.6518018065431574e-10
4183,0.9999954202883534
4184,0.9997745767771384
4185,0.35059962580508214
4186,0.4443699425630716
4187,0.9248112337862511
4188,0.49609629388602133
4189,0.376594363179684
4190,0.0002988217704803753
4191,0.02068302523036148
4192,0.42182624750100695
4193,2.8542997389756327e-07
4194,0.000282108234843919
4195,0.001170149170660077
4196,0.38411771269377615
4197,0.017113848452935676
4198,0.06711953522050554
4199,0.004798535049870284
4200,0.9989855108419096
4201,0.07454858221336486
4202,0.0608524554672207
4203,1.0671455927649669e-12
4204,0.17399127551685267
4205,0.04457935849419091
4206,0.9554525181756274
4207,0.11019942023296124
4208,0.036630461859613876
4209,0.05792260269647118
4210,0.9999999988911725
4211,0.0003206437903709759
4212,0.19254241613428935
4213,0.2025956956589011
4214,0.9999975096097352
4215,0.4755938115258619
4216,0.0005150801795982429
4217,0.04442179880885412
4218,0.024351299113191546
4219,0.008575282189438628
4220,0.9995866795401591
4221,0.0175359520699295
4222,0.9999994400726848
4223,0.06813485857860561
4224,0.034241059490891575
4225,0.8244542328322064
4226,0.3477617521456373
4227,0.8620854395746705
4228,0.5458904239698086
4229,0.40287970247821187
4230,0.0002437511643930071
4231,0.34849305427735217
4232,0.32622885181080613
4233,0.9356539390371809
4234,0.9999658975080324
4235,0.00012964623430842753
4236,0.02215463691572749
4237,0.7414226242664511
4238,0.9999996601896832
4239,0.7194557100027589
4240,0.004591380165736531
4241,0.04617304749750223
4242,1.2905201006425068e-05
4243,0.34985128014498923
4244,0.3329091764168623
4245,1.678228347703865e-05
4246,0.9999999999990397
4247,0.00512631474902224
4248,0.021205780747523908
4249,9.795550525591578e-05
4250,0.02223403451002018
4251,0.01040385926793751
4252,0.17817238010645667
4253,0.0014387408904292477
4254,2.1815431731659144e-05
4255,0.9604335611321504
4256,0.0279583927032447
4257,0.9999999735545864
4258,0.7528825801359466
4259,0.27725836424642597
4260,0.7771380424223077
4261,0.3966955458601766
4262,0.9999656779858469
4263,0.999998870669975
4264,0.7298531089376981
4265,0.799265714942709
4266,0.00025041117126461677
4267,0.006672942527669336
4268,0.02361556036303481
4269,0.3618105375881914
4270,0.09885655824536149
4271,0.08120809126054408
4272,0.33468271658321325
4273,0.9999993797207615
4274,0.06071633867455232
4275,0.020551669279665494
4276,0.4672633040752714
4277,0.9991745688848934
4278,0.9999999573731586
4279,0.05961651247873586
4280,2.1982246823462233e-05
4281,0.000601277577872695
4282,0.011874403671698069
4283,0.04496041251979553
4284,0.0013883869862901686
4285,0.4526039137341109
4286,0.999999999646566
4287,0.003831055739022266
4288,0.012245821730268234
4289,0.05647342117998004
4290,0.4182544384464152
4291,0.9981577366840526
4292,0.04571894584036972
4293,0.0011174676723447307
4294,0.0037354433446872026
4295,0.17366227892485664
4296,0.16021892805232724
4297,0.0033552504524147018
4298,0.999974975953461
4299,0.9265303532633795
4300,0.0162347364013201
4301,0.9999999831761636
4302,0.9428675511478376
4303,0.07670284040009442
4304,0.021419812697067633
4305,0.0779238922009388
4306,0.9960331851290287
4307,2.066006485670816e-05
4308,0.3477837627147964
4309,0.6265693461021457
4310,0.31441006711382474
4311,0.029165226766186585
4312,0.8140967596745329
4313,0.0004166209823932303
4314,0.9998683019925425
4315,0.008860705472259017
4316,0.3788670975265433
4317,0.6275436354263703
4318,0.6417574443131855
4319,0.026235827126898623
4320,1.7582258962343425e-09
4321,0.15989685503758508
4322,0.5020496814562359
4323,0.24805029659666047
4324,0.03956532094445434
4325,0.01788885218101934
4326,0.12061764047343379
4327,0.030137421534869025
4328,6.429422716432926e-05
4329,0.03960097388985142
4330,0.04352806174603962
4331,0.0011623107297130176
4332,0.06552854377100766
4333,0.0008684829617974238
4334,0.033466889325670324
4335,0.00026167244373418607
4336,0.0002384900257510577
4337,0.32381720229748445
4338,5.537001209922466e-06
4339,0.005676570613301441
4340,0.9999994891032032
4341,0.9860680032345599
4342,0.9992270184820358
4343,0.0013051520783645331
4344,0.056419911103336225
4345,0.0002677848270662302
4346,0.2920876239719633
4347,0.9990484808902508
4348,0.06417281502314491
4349,0.6667802797176913
4350,0.09818240878729126
4351,0.6886254497053862
4352,0.16584074055618664
4353,0.005045224826605929
4354,0.0011322954721222451
4355,0.3624080295497616
4356,0.39091030519253217
4357,0.02274609541390297
4358,0.9999999999999991
4359,3.6147053168958926e-07
4360,0.004031540821931454
4361,2.810926574111775e-09
4362,0.0008039767522437411
4363,0.08339446929710767
4364,0.02511440724093422
4365,0.6796404597161576
4366,0.8167744620040559
4367,0.999978726041875
4368,0.0033581470399722617
4369,0.09782725338357669
4370,0.00014119374668444275
4371,0.12204211598931249
4372,0.039347765434529516
4373,0.0026805060868193733
4374,0.3492383499450893
4375,0.07534454774535884
4376,0.03070580311893359
4377,0.002058042923748209
4378,0.0349753918056507
4379,3.457530325716972e-07
4380,0.6869879063580289
4381,0.17772885418183318
4382,0.003207195928998272
4383,0.05051165074179492
4384,0.012539143758810425
4385,0.9999773470802789
4386,0.12762566799076908
4387,0.002944311048514634
4388,0.07705392214911627
4389,0.6632883583487438
4390,0.5272517625109199
4391,0.7250128908827891
4392,0.3042073500134363
4393,0.5239628730672238
4394,0.06748504255656337
4395,1.2363225250068098e-07
4396,0.031904903987892176
4397,0.11718582405000906
4398,0.009002214191789966
4399,0.038395921324797896
4400,0.01791114018855246
4401,0.9992270184820358
4402,0.5440511557727225
4403,0.07412799372075668
4404,0.03024630678678388
4405,0.06717327256509768
4406,0.2529455736927582
4407,0.21156452689673966
4408,0.022892733303344043
4409,0.11040340427825812
4410,0.08739990452851183
4411,0.0003267872535891156
4412,0.07100201028316133
4413,0.010255917986863991
4414,0.026121550079366625
4415,0.04054683797565105
4416,0.8053856515472135
4417,0.11485861308803168
4418,0.0003573112327478893
4419,0.9999999999989266
4420,0.3254091723838725
4421,0.02937870404382937
4422,0.9999843992214316
4423,0.8517635311410271
4424,0.44521868544334636
4425,0.011025995148964112
4426,0.0717009848220539
4427,0.6477001962524468
4428,0.043824657346496584
4429,0.028750468431818343
4430,0.00016540269860372667
4431,2.8369878469550277e-09
4432,0.6921073888398475
4433,0.996349000680347
4434,0.001244000617712297
4435,0.44101038046582164
4436,0.9999877512249432
4437,9.917554537778878e-07
4438,0.07175389851859633
4439,0.0830559622630655
4440,0.0014353787018840946
4441,0.12000433897079722
4442,0.04342946621322225
4443,0.11885500668330165
4444,0.16822903706939213
4445,0.9999999999712252
4446,0.49484818934289676
4447,0.598780279546394
4448,0.0069120724656420544
4449,0.00014823986512896666
4450,4.936324653628514e-07
4451,3.057656059559033e-08
4452,0.03257250048601495
4453,0.977332249528293
4454,0.05036717331271598
4455,0.9999950073998899
4456,1.0049680961878132e-12
4457,0.97205746054642
4458,1.0
4459,0.6213418031284053
4460,1.0940840900628373e-06
4461,0.0001750108762888071
4462,0.3178396434812164
4463,0.006853819294045031
4464,1.3305976764387075e-08
4465,0.018727386020309753
4466,0.061708022685224635
4467,0.14112368266340303
4468,0.9998393091648279
4469,0.005085277048499236
4470,0.25761553846522917
4471,0.6952964680520679
4472,0.15458523668138568
4473,9.698166295778746e-05
4474,0.07446042707311967
4475,0.024682386599780972
4476,0.9999999991771809
4477,0.39896628584119437
4478,0.061397911750768544
4479,0.016631985790979957
4480,0.8946159194392592
4481,0.017211001133861033
4482,0.4835777227313365
4483,0.03676810119637138
4484,0.49110501817350816
4485,4.4467530716149975e-05
4486,0.35058680838129896
4487,0.0034492487757596347
4488,0.5253552894534855
4489,0.04498775340488268
4490,0.9999998842778198
4491,0.0009522237329887196
4492,0.11541530183039474
4493,0.27504776200422326
4494,6.502243567371912e-07
4495,0.05393407223366864
4496,0.05827634383853
4497,0.046225564937719725
4498,0.027007039650419083
4499,0.020636250280455938
4500,0.010765304319069626
4501,0.006553908516420772
4502,0.0001260400506874291
4503,0.9999901418919322
4504,0.0008261078269144038
4505,0.28717119921108497
4506,0.02561445163392796
4507,0.003731605230531379
4508,0.08451492606636651
4509,0.1214562068355702
4510,0.027739259933494353
4511,1.0203558025799633e-05
4512,0.002086286985105757
4513,0.003829466814834537
4514,0.4135777885279241
4515,0.36181529934838247
4516,0.5812493972268602
4517,8.222483197358199e-07
4518,0.3156078412261603
4519,0.04058667847034617
4520,0.034421733782400585
4521,9.283141159106214e-05
4522,0.0005234916815940247
4523,0.004858968734911174
4524,0.9999999999995277
4525,0.7451233537859374
4526,0.6085972835754522
4527,0.9999967368864191
4528,0.9999903065556566
4529,0.7162139040007023
4530,0.03133407693171016
4531,0.18255329445775978
4532,0.9999999999909643
4533,0.08803074756880883
4534,0.266287696531209
4535,0.00034667891745361466
4536,3.5714003455348255e-05
4537,0.9999992332444584
4538,0.9998052994103476
4539,7.521682227983932e-05
4540,0.03392286966994046
4541,0.042049198884404164
4542,0.5788856111601846
4543,0.021330121999965288
4544,0.00400987887144782
4545,0.1664001122702446
4546,5.1345695833660674e-05
4547,0.7215986567839892
4548,0.05477572601505264
4549,0.5861377610102131
4550,0.005198429568547825
4551,0.15864748537534834
4552,0.07549467103490404
4553,0.5268029386833097
4554,0.6675247134535571
4555,0.04356927984226087
4556,0.998400103738273
4557,9.438719351861864e-05
4558,0.128972406708319
4559,0.1728523097161192
4560,0.014663858560455765
4561,0.0066703965401818345
4562,0.1906067152578488
4563,0.7073476331704597
4564,0.007086973642522664
4565,0.014108544324079939
4566,8.723655011689438e-05
4567,7.475704354394388e-05
4568,0.08158326835914469
4569,0.06088057440196578
4570,0.4115659689657233
4571,4.657020364501604e-06
4572,5.6977021417395845e-05
4573,0.0016519546088506827
4574,0.5672244342304473
4575,0.4414426290943427
4576,0.02873658711443287
4577,0.1775881290217132
4578,0.9971252190504959
4579,0.3510470471853599
4580,0.9999978630448434
4581,0.9999963111401373
4582,0.006063601440799996
4583,0.011445333820463715
4584,0.5791092132890184
4585,0.739018349115917
4586,0.044262310544641185
4587,0.0018793264656732042
4588,0.13077447752702673
4589,0.009769728159972587
4590,0.1697930864494104
4591,0.011318606515797972
4592,5.295039990398895e-05
4593,0.0038737743346795883
4594,0.09970968356130899
4595,0.01792348976329593
4596,0.999999000886692
4597,0.0001570679066061473
4598,0.033183923996369366
4599,0.017251432490153318
4600,0.9999999999889784
4601,0.9999998729107554
4602,2.420551984787022e-05
4603,0.03254811423573943
4604,0.19161865138436732
4605,0.0014941195228619266
4606,0.0010608259644735438
4607,1.2345344351690063e-09
4608,0.020302898825526283
4609,0.6661769760917686
4610,0.03145667561655089
4611,0.5684449165661337
4612,0.99999999999978
4613,0.7793673088079438
4614,0.0073216608216749015
4615,0.2431793103684048
4616,0.06851257030300308
4617,0.020257163084529937
4618,2.1651680021362652e-05
4619,0.9999468702828593
4620,0.0010608259644735438
4621,0.999999999349694
4622,0.0004356610101822182
4623,0.9999684687296096
4624,6.061314579309305e-09
4625,0.5149531756354323
4626,0.7023193990460479
4627,2.397121376422184e-05
4628,0.019893451410542065
4629,0.46779005262073403
4630,0.6487452734000043
4631,0.08508153508786974
4632,0.7672299228611116
4633,0.01369080589510338
4634,0.013066689142506839
4635,0.02104452038029468
4636,0.9823802159765859
4637,0.001305451090060637
4638,0.7920046308207492
4639,0.0010171390620876614
4640,0.0016892311106405159
4641,0.5819918087618429
4642,0.0005714466753439242
4643,0.0001619350034399063
4644,0.21886850640784233
4645,0.7849909455897732
4646,0.0021044298824028102
4647,0.018554559620594498
4648,0.0502676620296701
4649,1.4581460454394927e-06
4650,1.56350195189905e-05
4651,0.9999992365064237
4652,0.00490526002338341
4653,0.7260176077274766
4654,0.03525317619720914
4655,0.0004065756535496627
4656,0.4373756188562399
4657,0.04641171185811355
4658,0.6669037086973522
4659,0.13622308216118414
4660,0.11128488945725355
4661,0.9999999999999964
4662,0.999980349174261
4663,0.024047235752350477
4664,1.5793500874187997e-05
4665,0.6561711960693266
4666,0.9996370522797131
4667,0.000541288026426961
4668,0.12173296713580802
4669,0.5964661382990423
4670,0.9944318599854381
4671,0.9995402989007824
4672,0.0014623785695744877
4673,0.9999998619922035
4674,0.023261719910836948
4675,0.16661598323230659
4676,0.031157071497731927
4677,0.027738984498048586
4678,0.9999996346334559
4679,0.0065166534433975356
4680,0.9999999959698642
4681,0.020544523162811686
4682,0.3363597400487451
4683,0.23213758799236972
4684,0.8087540371290198
4685,0.21430074183056366
4686,0.3744486335469732
4687,0.9999999959698642
4688,7.588349984588379e-08
4689,0.837660604778381
4690,0.13086085722093205
4691,0.28093509811643425
4692,1.2821286655752369e-06
4693,0.019547277672926525
4694,5.671414087451057e-09
4695,0.00028300911199800964
4696,3.0258434419336594e-05
4697,0.00033982607909946525
4698,0.9999999898633448
4699,0.10310747804079329
4700,0.4882591717035947
4701,0.9999773470802789
4702,0.02631359367424827
4703,3.689449055735236e-05
4704,0.001051897643359815
4705,9.204858347800721e-07
4706,0.13216641907014381
4707,0.14253950668350532
4708,0.9998555612171175
4709,0.41344476107901407
4710,0.02622284842802702
4711,3.8249956461155844e-13
4712,0.007050599533863911
4713,0.9999994891032032
4714,0.058893087745393126
4715,0.0017673878396457302
4716,0.9999999999975739
4717,0.999633341922301
4718,0.10306907597492869
4719,0.9996804359860182
4720,0.08724757973074959
4721,0.06546200309362124
4722,0.00010866959218361647
4723,0.5767006081989434
4724,0.9999999997070204
4725,0.4848778281866628
4726,0.01587394344477129
4727,0.1364414137877652
4728,0.005121834704775185
4729,0.7816051054682956
4730,0.37130059244849917
4731,9.13594617424061e-05
4732,0.022431923544504337
4733,0.9999997110976409
4734,0.18369741719500118
4735,0.6290014444682085
4736,0.9999765871466543
4737,0.8951883796213876
4738,0.999969237672411
4739,0.13781692680234595
4740,0.4198875224453226
4741,0.0005009829258551413
4742,0.776000723061472
4743,0.0012438749467724353
4744,0.8846101573947016
4745,0.807847421547778
4746,1.4225058991136422e-05
4747,0.018761096742408098
4748,0.24535874029722615
4749,0.009763931381999524
4750,0.9999992332444584
4751,0.17857731956940293
4752,0.0018478045051376257
4753,3.1308887619382715e-09
4754,0.12700697918179107
4755,0.00014194225765507343
4756,0.002219743487289793
4757,0.996937982309262
4758,0.02971954563456609
4759,0.06277972058296943
4760,0.0008357332630300558
4761,0.0006163804720216749
4762,0.001999886284254328
4763,0.025081524663932087
4764,0.9997608539748719
4765,0.0018431532951799056
4766,0.9999999999955536
4767,0.018115815137909677
4768,4.670543997741901e-06
4769,0.011267285953462273
4770,0.7298404833791169
4771,0.9999960318053683
4772,0.5009258790244598
4773,0.7740120755633868
4774,0.4243021209353449
4775,0.9999999735545864
4776,0.008765274426618518
4777,0.03529253829167816
4778,0.6326445004025282
4779,0.15928521307910162
4780,0.9999988783221022
4781,0.40610435218257235
4782,0.013024375025521628
4783,0.05221098268554952
4784,0.03545406671555589
4785,0.14416958662324716
4786,0.3697207176242321
4787,0.012353662051945153
4788,0.3594592191858213
4789,0.8505808064283411
4790,0.9999027678880438
4791,0.32341903740004857
4792,0.0023757398222185406
4793,0.030651076893551902
4794,0.03310397627453062
4795,3.3712844665694396e-07
4796,0.7558140654576779
4797,0.9999981331241272
4798,0.055508115831551436
4799,0.003035305815100869
4800,0.9999999999999509
4801,0.009886047047414456
4802,2.9743793992821368e-08
4803,0.2234418789444406
4804,0.015588241940889706
4805,0.999999853319719
4806,0.31188828825913684
4807,0.0013581224150180761
4808,0.9999658975080324
4809,0.1266701151371234
4810,0.005100961129498
4811,0.01787629045781322
4812,0.6118493408014363
4813,0.9999999997952791
4814,0.23816946625387875
4815,0.49208434449260796
4816,0.9998875393381202
4817,0.9847470016186535
4818,0.3958915477239912
4819,0.001366912098428221
4820,0.22330408955974312
4821,0.10659364240518787
4822,0.9999999999999984
4823,0.10109250649939512
4824,0.18848999995256918
4825,0.9999999909052893
4826,0.48281718071579427
4827,0.11567795125918144
4828,0.9999999988911725
4829,0.25817626985339054
4830,0.0001292662074546748
4831,9.39069742506618e-06
4832,0.999999992790626
4833,0.03033086788217894
4834,0.08917831994020611
4835,0.3372114197144327
4836,2.8420154099174794e-06
4837,0.7945979346398392
4838,0.9999999999999449
4839,2.372070213920777e-12
4840,0.0006561987425201121
4841,0.00023460855279707334
4842,0.02914676551385165
4843,0.018988389487243032
4844,0.0013607844827129827
4845,3.355127756873067e-06
4846,0.6762063649109152
4847,0.8765279297619221
4848,0.00013526900337159514
4849,0.0016366626159699256
4850,0.9999946354575396
4851,0.24231612370380012
4852,0.4556125009025392
4853,0.00019371675916857037
4854,3.1621440944602325e-05
4855,0.046140903593208465
4856,0.09616783133537177
4857,1.0
4858,0.34304978384062546
4859,0.20968264329990235
4860,0.06115841886616103
4861,0.26777750280569074
4862,0.46573530864780605
4863,0.01337044408579841
4864,0.18792282821024647
4865,0.020545582793184976
4866,0.24880561099527823
4867,0.08349656094220986
4868,0.191069373591054
4869,0.9999861039484487
4870,0.5194628446141455
4871,0.401786068803837
4872,0.9960331851290287
4873,0.0009999755399682244
4874,0.5061802112785572
4875,0.02516945315611512
4876,0.0006264798182334837
4877,0.9999979577390672
4878,0.16965927482846035
4879,0.0004555009256310924
4880,0.0014858449815499893
4881,0.0011195302409330776
4882,0.01453644284478677
4883,0.0834913477998298
4884,0.00025135576478492504
4885,0.02377090130793564
4886,0.03580143834239499
4887,0.0555257581554356
4888,0.19737494207431241
4889,0.12320860147477022
4890,0.9998469464687444
4891,0.17981208525928144
4892,0.9997608539748719
4893,0.001344796978100818
4894,0.0011917179483188693
4895,0.008838448523656447
4896,0.032553859152376755
4897,2.346336082793738e-06
4898,0.021131595620404984
4899,0.5725779616521457
4900,0.0693550143088315
4901,0.3534907862184333
4902,0.9867168811648255
4903,0.9998555612171175
4904,1.2718681349667517e-05
4905,4.8637041879349864e-05
4906,0.053062008405295194
4907,0.01912828941668698
4908,0.9999998575966879
4909,0.0733731069653453
4910,1.245819481883877e-09
4911,0.620962281697725
4912,0.48248809375721885
4913,0.4887719046342432
4914,0.011786334517476531
4915,0.026531934749342935
4916,0.08988984896622872
4917,0.00018465800984204252
4918,0.06730240450421693
4919,0.030273872345388093
4920,0.023810299523386386
4921,0.4209065234551996
4922,0.024632339845963483
4923,0.029095929384871544
4924,0.0014160762490306447
4925,0.21625324941832413
4926,0.002943109634516585
4927,0.03145194402747403
4928,0.4672633040752714
4929,0.048097847917369416
4930,0.028104051899812316
4931,0.9999997983755491
4932,0.005492770856749712
4933,0.00028746162515181674
4934,0.02220232778214417
4935,0.7607129837811787
4936,0.03803843439088454
4937,0.9999999999999982
4938,2.2331631081501137e-05
4939,2.018806108645067e-06
4940,0.012712003454979881
4941,0.046961764912915364
4942,3.825450530143057e-08
4943,0.0051299583808380265
4944,0.5300192364525108
4945,0.0190295055966813
4946,0.9708515894771709
4947,0.9040138748154048
4948,0.17272999000697997
4949,1.771782570645939e-11
4950,0.599585012381338
4951,0.08050260820958799
4952,0.20876709775648788
4953,0.9999999504829702
4954,0.20051645415205424
4955,0.0014244192364769985
4956,0.002148420939834806
4957,0.012731778529900947
4958,2.093189052563523e-09
4959,0.712775516187431
4960,0.6153908002749052
4961,0.00031870335501524495
4962,0.018826768188921903
4963,0.9999999999982538
4964,0.9999999998228122
4965,3.159688020778501e-07
4966,0.015375666914730609
4967,6.610852877449953e-05
4968,0.06158050433658024
4969,0.0005290956264167524
4970,0.81019302920261
4971,0.3754107021160288
4972,0.001859053413780692
4973,0.7855636637389919
4974,0.32790445969347914
4975,0.6587334620338061
4976,0.5969859379872766
4977,0.033306992685945266
4978,3.474770978392148e-10
4979,1.7671515022949175e-05
4980,0.2991444002366979
4981,0.29985169208232904
4982,0.0005963686833065849
4983,0.07164917994336795
4984,2.15282263819932e-05
4985,0.002640773700768461
4986,3.0559271059322276e-08
4987,0.6942837678770546
4988,0.00017182951615386742
4989,0.9643330065274938
4990,0.9999358229977083
4991,0.5470020837308789
4992,0.0002940367613464326
4993,3.90763313461172e-08
4994,0.00011796791979638515
4995,0.056481824324455185
4996,0.9999999831761636
4997,0.0464800990738153
4998,0.026679212536205425
4999,0.007563589263716957
5000,0.8394763783661144
5001,0.10918716729273807
5002,0.903146200755267
5003,1.718402116032042e-05
5004,0.0013172010649636287
5005,0.43490015087969336
5006,0.1321548210480147
5007,0.9999706679984095
5008,0.8512328852635008
5009,0.1148462200887745
5010,0.10570301538375529
5011,0.5851073171580122
5012,0.80303873356276
5013,0.02650953696073355
5014,0.644062632369823
5015,0.7096941777513766
5016,0.9999990437580584
5017,1.1361537491350905e-05
5018,0.6805272130145857
5019,0.3101324988568279
5020,0.04316744526373103
5021,0.05595994035183811
5022,0.009135694738529019
5023,0.6116731606951061
5024,0.13228103295403468
5025,2.0212107004357105e-05
5026,0.577746808765285
5027,0.015125307293436733
5028,0.9999981331241272
5029,0.5541783214647408
5030,0.10585711301540408
5031,1.8939323680687585e-07
5032,0.6014394590093247
5033,0.053316324078572265
5034,0.12073871619196712
5035,0.023730161337843093
5036,0.6402536987180604
5037,0.7339885089262932
5038,0.9999999735545864
5039,0.9999999208947634
5040,0.2670075217450398
5041,0.0010586901403856
5042,0.0986902367544697
5043,0.005567835902332689
5044,0.05461794889877869
5045,0.4273950140397855
5046,0.13820082086100002
5047,0.01707313188697886
5048,0.009713619474680676
5049,0.5497136019929892
5050,0.9999999999998144
5051,0.9999998291077742
5052,0.02876413730144175
5053,0.16363783775013252
5054,0.0020604915561541013
5055,0.0006704491431570669
5056,0.2076674281012937
5057,0.08103286292317052
5058,0.999995538057721
5059,0.08633050942697536
5060,0.22131125673970145
5061,0.7105873614904815
5062,0.24521086923988888
5063,0.1955385528601955
5064,0.08411694668125286
5065,2.220986620513119e-09
5066,0.02906027362397391
5067,0.02068269517538446
5068,0.9995972184886923
5069,0.3004049680205431
5070,0.0027742732204362906
5071,0.034429858985427164
5072,0.6705533200245616
5073,0.4748823067931153
5074,0.09236554717803892
5075,0.021069424449969863
5076,0.7369677207877805
5077,0.004106019177646478
5078,0.02683134442846883
5079,0.029044238976479186
5080,0.8628177114391092
5081,0.9999972310559669
5082,0.9999965334391228
5083,0.055668369291945866
5084,0.03462976557516112
5085,0.5402889991455254
5086,0.018076683927223575
5087,0.8045810396408183
5088,0.0013901166855114762
5089,0.08260106891028886
5090,0.0004712791824572638
5091,0.11540342999343749
5092,0.017796509987409816
5093,0.7272617457414715
5094,0.20195557614418558
5095,7.728517368688946e-14
5096,0.8145114809968779
5097,0.4985204135779198
5098,0.08835143951878066
5099,0.008920182699849287
5100,0.3875261752171339
5101,0.014807045326337812
5102,0.030173416700468622
5103,0.33978565888882223
5104,0.023676544708506303
5105,0.020846882958693552
5106,0.000180644612404792
5107,0.07994833308040727
5108,8.102764338037557e-08
5109,0.940810027921564
5110,0.015012688144037523
5111,0.008904986576277252
5112,0.08034465069296604
5113,0.03710600464663556
5114,0.7216441006345038
5115,0.7972109283659737
5116,0.00358805078718363
5117,0.3981546826040304
5118,0.07424954172299805
5119,0.049508301189134525
5120,0.030501098679641476
5121,0.9999999857286961
5122,0.02726343714063848
5123,0.05316227207032592
5124,0.3329091764168623
5125,0.35475744820263255
5126,0.8814639850819045
5127,3.81771575482435e-07
5128,0.03801972455288441
5129,0.9906569485717366
5130,0.0012231988633481553
5131,0.0740645531887249
5132,0.0003726421777988555
5133,0.01592901631625345
5134,0.0006343505080437938
5135,0.357966822066601
5136,0.9994864791158415
5137,0.00018423904497192866
5138,0.6487452734000043
5139,0.07562830320707631
5140,0.0019790963106315973
5141,0.047876493219056744
5142,0.00020062805125080655
5143,0.02433514609392431
5144,0.8643531465979353
5145,0.02662873352702348
5146,0.11760506224009835
5147,0.04197211479069097
5148,0.060495422968869325
5149,0.5728888327036024
5150,0.01533612842833559
5151,0.15230819927195202
5152,0.009051896166195108
5153,0.0960766770482384
5154,5.204904285525767e-06
5155,0.08332256412117334
5156,0.0010245228703369886
5157,0.0017571439079538491
5158,0.9998867720604907
5159,0.4099590753575782
5160,1.7390861666433935e-06
5161,0.5090200952491744
5162,0.07265142032930343
5163,0.27843904028438793
5164,0.9988694500387959
5165,0.03331161503325511
5166,0.6332627570615709
5167,0.23059698301804168
5168,0.603342878900233
5169,0.027219585603500636
5170,0.4292224308499929
5171,0.009348404805856901
5172,0.0006437772134038417
5173,4.6273239954923026e-05
5174,0.20202739715382703
5175,0.3465426768053159
5176,0.19161259281090218
5177,0.27200764722934556
5178,0.99968279088264
5179,0.002003103579155486
5180,0.19844729067986244
5181,0.09126162742741398
5182,0.0006872914894202005
5183,7.721040167587443e-05
5184,0.008482073970939733
5185,0.9167894950783458
5186,0.9999997778402548
5187,0.16022153096183828
5188,0.7370903184681423
5189,0.25723091386943986
5190,0.011110408918139893
5191,0.9999996601896832
5192,0.13783962306273617
5193,0.9999999999712252
5194,0.2977763891815107
5195,0.0475055215586587
5196,0.08516980461964296
5197,0.22988207513498532
5198,0.02616838422588576
5199,0.9999958241826686
5200,1.920163471522524e-06
5201,0.0026445624059195493
5202,0.03945627611690343
5203,0.0009683343346496958
5204,0.003917024309742101
5205,0.605859331447784
5206,0.0034663654942051108
5207,0.2961807624156847
5208,0.5451465704058139
5209,0.02502275753587504
5210,0.9990484808902508
5211,2.8752620982574713e-05
5212,0.0533188130839887
5213,0.3322493632567035
5214,0.08945351179958673
5215,0.0016342815333671738
5216,0.9999684668444404
5217,5.038751415583599e-06
5218,0.9999899645298251
5219,0.9999199171631239
5220,0.4744476230264462
5221,0.010850879205518167
5222,2.6724102703292885e-05
5223,0.5846168931862412
5224,0.010543452399187681
5225,2.651531463948459e-11
5226,0.9999895156290874
5227,0.009788854451689602
5228,0.5675029404741254
5229,0.000435682610804407
5230,0.998297333004786
5231,0.11461123981880843
5232,0.00045995358408318804
5233,0.0033866372177182124
5234,0.01771984064496202
5235,0.005428571481254326
5236,0.0003637827589136628
5237,0.0009138248008882977
5238,0.2245206460925745
5239,0.06352438979134695
5240,0.008575234470760135
5241,0.055268252289924324
5242,0.8076633323232022
5243,0.4425924507242167
5244,0.2823578748546716
5245,0.017646621393735927
5246,0.6671158699371152
5247,0.002200118291640676
5248,0.9906569485717366
5249,0.044881762241250775
5250,0.7234738191476221
5251,0.6953518357401498
5252,0.4864530675098464
5253,2.2074881383316793e-15
5254,4.3950322817125974e-05
5255,0.828042321633283
5256,0.008223180394990695
5257,0.07505406507062788
5258,0.06794381759081022
5259,0.000485674330623291
5260,0.06682820934806996
5261,0.013164962899565728
5262,0.10800135571843515
5263,0.9999999870617378
5264,0.028372571719310756
5265,0.02546623825487999
5266,0.504980486665509
5267,0.999967283456212
5268,0.008389385891177248
5269,0.09545542533680346
5270,0.027326793155611557
5271,0.04301022873922527
5272,0.011832443312355036
5273,0.9999734609493545
5274,0.9999997983755491
5275,0.08221133899000037
5276,0.047249003212504755
5277,0.23337983568876058
5278,0.9999999999998568
5279,0.02143769828336682
5280,0.99968279088264
5281,0.5202332767350663
5282,0.02457227743357199
5283,0.006225830988833629
5284,0.0032226475232089965
5285,0.011750216762461553
5286,0.0019518786189898
5287,0.9999883066684224
5288,0.9094149127386627
5289,0.5152999391551408
5290,2.3178034580675235e-05
5291,0.09849775579069352
5292,0.3265898111130514
5293,0.0012310972479710287
5294,0.3187699187105122
5295,0.9999946008989498
5296,0.03628501523532059
5297,0.6367169652652263
5298,5.893131876838242e-07
5299,0.9999999983820536
5300,0.756783580338906
5301,0.11388172753971568
5302,0.016840816930429246
5303,0.03448078633757318
5304,0.999999662986203
5305,0.71711580380871
5306,0.4766450083789563
5307,0.22113937395317448
5308,0.9999999999989266
5309,0.2368495283592667
5310,0.999922585729049
5311,0.1714093014888261
5312,0.1450449210426652
5313,6.808264162886109e-08
5314,0.7656565496492819
5315,0.0012524867965697495
5316,0.2377003647681954
5317,0.02093264743801209
5318,0.06036394125916013
5319,0.41860995896765535
5320,0.9999888063275858
5321,0.0014905759269416806
5322,0.04618042565311318
5323,0.008602288311905416
5324,0.35952873871410873
5325,0.999999999999837
5326,0.6801233364640553
5327,0.9990484808902508
5328,0.4181640866673686
5329,0.04666066260942964
5330,0.001650710858793371
5331,0.9999959635406929
5332,0.0006930666104445357
5333,0.053742807580404076
5334,0.7621173218925725
5335,0.08430871848698093
5336,6.254479526041441e-05
5337,1.0
5338,0.9999999932675381
5339,0.20220285300940963
5340,0.42195531287549565
5341,3.9582167387168895e-12
5342,0.01031866156636716
5343,0.011930921244457958
5344,8.376774612486993e-06
5345,0.0020655645501654867
5346,0.09823612635075754
5347,0.5188683215171302
5348,0.8626681549406844
5349,0.9999985913992588
5350,0.518640626322226
5351,0.137523454917639
5352,7.584342038834822e-05
5353,0.1561261852034316
5354,0.4540344500385765
5355,4.724146763688795e-05
5356,9.251313469148264e-08
5357,0.04122157537669019
5358,6.088402775684182e-05
5359,0.07129343639192047
5360,0.0001786007600556328
5361,0.9998797152533498
5362,0.0007077516301466089
5363,0.9999082612439025
5364,0.07919688348954022
5365,5.143516399981679e-06
5366,0.05041824743402446
5367,0.016047836340918373
5368,0.9897574622915767
5369,2.431852563217752e-09
5370,0.9999699984489611
5371,0.8555026389845718
5372,0.707574203192005
5373,0.9994864791158415
5374,5.6250183943125554e-05
5375,0.5483199868448672
5376,0.9999981331241272
5377,0.07954082414630687
5378,0.11499610057135481
5379,0.004792995602760498
5380,1.0
5381,0.12053819183605732
5382,0.0004392531364766518
5383,0.008672165203078137
5384,0.017924757938134257
5385,0.2610826563321645
5386,0.045667337779913976
5387,0.008273083708518326
5388,0.9999999771426827
5389,0.03500191877221251
5390,0.05475430475086954
5391,0.5188361798337433
5392,0.0030642262121508405
5393,0.07575905771904429
5394,0.999999992790626
5395,0.945761626453925
5396,0.02895574522361691
5397,0.9999684612771992
5398,0.8468764106666211
5399,0.0006460639258163281
5400,0.04442156625711954
5401,0.030231578232021643
5402,0.04308775589239128
5403,0.6340371915004027
5404,0.022263048420961967
5405,0.007151337674116695
5406,0.30202257830425766
5407,0.36155615533866636
5408,0.4224338905075273
5409,4.601133200128312e-07
5410,0.39523820746756955
5411,0.00570407855093223
5412,0.004298218840167598
5413,0.35155168114958735
5414,0.0011629779298427242
5415,0.752155943518256
5416,0.7734433849731095
5417,6.284013789642265e-07
5418,0.007954892940655272
5419,0.9999999999097331
5420,0.2996123749052652
5421,0.009281725278161632
5422,0.48152687910079184
5423,0.14680143378964
5424,0.31163122153048456
5425,0.4346148508767966
5426,0.0018919371994906367
5427,0.9999228619769351
5428,0.002069197037364834
5429,0.06720687570561139
5430,0.4334995102347666
5431,0.6964147297138985
5432,0.004395717423961457
5433,0.9919176833990557
5434,0.02360367776066327
5435,0.9999830435847934
5436,0.0027116315082535984
5437,0.042355476835520635
5438,0.02640027248489353
5439,0.024666391787349844
5440,0.0006037644773311241
5441,0.02476394495294873
5442,0.09599051250873172
5443,0.01859191493168947
5444,0.7260176077274766
5445,0.9353088334894549
5446,0.16472931677173133
5447,0.21470452320335304
5448,0.1366755436187966
5449,0.10560798422057474
5450,0.9665926247890582
5451,0.38944609707652794
5452,0.15891171933485207
5453,0.002777945701542951
5454,0.13126708759233227
5455,0.4408257154000916
5456,0.1830992671661267
5457,0.30358355550905286
5458,0.1132250105119592
5459,0.0058577889933977365
5460,0.08241097952199672
5461,0.8025579460319872
5462,0.9998797152533498
5463,0.07702362214493003
5464,0.07331407893626164
5465,0.7314525285540702
5466,0.9022720949007016
5467,0.05149815790937272
5468,0.6234122025560045
5469,0.06597618721020013
5470,0.08240155213292485
5471,0.02834928332184055
5472,0.9999992332444584
5473,0.5744732661258269
5474,0.005709951092300594
5475,0.43916263798114846
5476,0.059520459657926385
5477,0.9998331409504452
5478,0.6743684643513848
5479,0.791855701318251
5480,4.181326021801326e-09
5481,0.245253525069455
5482,0.9953040958722555
5483,0.030984315626153485
5484,5.476170298034962e-05
5485,0.06802630095046093
5486,0.0374931468993473
5487,0.9999999001347506
5488,0.8422210997620976
5489,0.9998871089750672
5490,0.16621146147293148
5491,0.99999872398547
5492,0.3361176722956517
5493,0.0023037023889383034
5494,0.8392452876980688
5495,0.036222554346890874
5496,0.020514137313168118
5497,0.04623940669653164
5498,0.03559258838477342
5499,0.03183437420077742
5500,0.41149786240794395
5501,0.003336987369783355
5502,0.3037487974660591
5503,0.9999799198942245
5504,0.3019454823805564
5505,0.003198215360304584
5506,0.638079114838676
5507,1.6918948405661588e-05
5508,0.10434824707036268
5509,0.025334598688378375
5510,0.40940626826876564
5511,0.6062052014784508
5512,0.5555362320024759
5513,0.017350426396941215
5514,0.008157941883544502
5515,0.3569225889572211
5516,0.08542572777694427
5517,0.13947524494408847
5518,0.028565663607274572
5519,0.2743364908615306
5520,0.4920632491654226
5521,0.06120095039545121
5522,0.1788514273454033
5523,0.024756036448980095
5524,4.455252037246528e-05
5525,0.004338258897800459
5526,0.012724284460216465
5527,0.02608189211806427
5528,0.9999994310310467
5529,0.0016222979909009524
5530,0.004812684219934801
5531,0.1949570352779342
5532,0.9999990437580584
5533,0.006086668627046646
5534,0.7375272341742949
5535,0.015516824972571333
5536,0.06602133432955744
5537,0.5046485060579505
5538,0.35822677202814823
5539,0.4079300236743351
5540,0.03805546515692209
5541,0.8579901809213961
5542,0.004399559238133509
5543,0.5801428950933355
5544,0.03947684599127976
5545,0.03909385204908504
5546,0.23618771701564303
5547,0.0006561931690924068
5548,0.9999945915868409
5549,0.9999857551958561
5550,0.7048296611481073
5551,0.016851782055603715
5552,0.015028742380214467
5553,0.19729630056706157
5554,0.04016512563473115
5555,0.037966550146381985
5556,0.9999948735487737
5557,0.9997429245797382
5558,0.9999999999999964
5559,0.0002756323552087869
5560,0.5663756284280969
5561,0.16491531062531964
5562,0.03608802452508613
5563,0.9999999999999993
5564,0.021128243667526938
5565,0.08206128093145784
5566,0.02251083090589096
5567,0.10448022662359405
5568,0.9984257146512608
5569,0.06591397096188437
5570,0.0009860014363993193
5571,1.4391598020492017e-08
5572,7.175350487624487e-09
5573,0.999967283456212
5574,0.13572275663236721
5575,0.0038327589929544447
5576,0.09066461103967166
5577,0.020011843118988917
5578,0.25962239054429126
5579,0.019261282737319925
5580,0.001364717797013144
5581,0.047450024472973716
5582,0.018761333132538936
5583,0.10588774074332385
5584,0.22347649667409253
5585,0.2580072484075869
5586,0.014657147084080517
5587,0.018184683689506605
5588,0.9999915758726201
5589,0.036055728970875334
5590,0.04888194101604638
5591,0.20333484587002337
5592,0.00047787782818916507
5593,0.997112705411588
5594,0.024284851620195058
5595,0.9998871089750672
5596,0.061708022685224635
5597,3.633337038465346e-06
5598,0.31556099540008997
5599,0.9999999771426827
5600,0.26249339541304156
5601,0.0778442615356388
5602,0.00714167467755864
5603,0.376936985170346
5604,0.5403002261781888
5605,0.013597874303116078
5606,0.021652722531720018
5607,6.773996906166422e-05
5608,8.934272277488593e-05
5609,0.5989140519434257
5610,0.4611723403951862
5611,0.12709371821897902
5612,6.543298639457288e-05
5613,5.8829082929034945e-05
5614,0.011857800349639562
5615,4.934402443717582e-05
5616,0.3966647910437594
5617,0.06874577571817919
5618,0.5599646939053413
5619,4.94632180320719e-07
5620,0.9999999626515222
5621,0.9605381645740843
5622,0.06685492395807312
5623,0.6194812421060503
5624,0.00724078715309493
5625,0.6220003150062251
5626,8.290075683524496e-06
5627,0.15090390859258457
5628,0.5847767404364991
5629,0.00012841905764988474
5630,0.09652384676774092
5631,0.13420281110265167
5632,0.039260646490200855
5633,0.07363314581256425
5634,0.0020834068768082093
5635,0.014423501731021752
5636,0.9728898308509266
5637,0.504994889568967
5638,0.10638557193929142
5639,0.06830676778063144
5640,0.7371436763680773
5641,0.9999998709984164
5642,0.0003261355215896532
5643,0.6598132160180052
5644,0.37147702219607476
5645,0.0988564014059558
5646,0.07632756139220652
5647,0.9436358478622465
5648,9.46121512075714e-05
5649,0.4839957614653149
5650,0.7687501625061599
5651,3.2269588835802686e-06
5652,0.418882377255236
5653,0.02120976477203592
5654,0.10362145886969484
5655,0.54710101596975
5656,0.9999284961905008
5657,0.0020354201509167214
5658,0.2781496223779856
5659,0.03827974546189999
5660,0.01588761905030736
5661,0.1647111749177036
5662,0.9999985913992588
5663,0.048570506101000985
5664,0.038065959200565685
5665,0.020724515096216343
5666,0.10206555470128681
5667,0.02891070800798498
5668,0.18598700913869437
5669,0.5344088164214568
5670,0.16128929467811534
5671,0.6457793476472845
5672,0.04465280091276489
5673,1.3017496100460924e-05
5674,0.0009523111363164018
5675,0.9999999987497841
5676,0.08670417818824866
5677,0.025788167086611948
5678,0.03609454401080291
5679,0.6822713129425371
5680,0.7260176077274766
5681,0.0009302605226165119
5682,0.9486909186366764
5683,0.0879508503167825
5684,0.5324906850045145
5685,0.9990484808902508
5686,0.16614851510118306
5687,0.0013581224150180761
5688,3.41128358129103e-05
5689,0.6948689843262226
5690,0.01446471064748213
5691,0.059956974132310055
5692,0.04335782585003996
5693,0.018307865295950708
5694,0.05143195469910242
5695,0.04258675727406314
5696,1.5060172913529665e-08
5697,0.9953040958722555
5698,0.6213660793543737
5699,0.9999885742629118
5700,0.006674099596053469
5701,0.7230979709361122
5702,0.012416238172666641
5703,0.0621821335225915
5704,0.40920316299386394
5705,0.6932175924000462
5706,0.9567305617928201
5707,0.9998908578332035
5708,0.055252855297884915
5709,0.7253043616777507
5710,0.4467368510090258
5711,0.23230251241143063
5712,0.07728448170041832
5713,0.19524707461469845
5714,0.577746808765285
5715,0.8643531465979353
5716,0.046249993735105396
5717,0.999996768875569
5718,0.004374636141325634
5719,0.974303305077673
5720,0.9999975517908087
5721,0.9999999999999338
5722,0.9999927865592151
5723,0.19329185135664692
5724,0.28869862753653697
5725,0.05266802966352451
5726,1.2641277232136812e-06
5727,0.10949226002081032
5728,0.001670263060757095
5729,0.8865385026023371
5730,0.7728137211864647
5731,0.22444276539934477
5732,0.6676470894570106
5733,0.02671312020061222
5734,0.4502858047303423
5735,0.03157094590629378
5736,0.09013775644441019
5737,0.4859064668212884
5738,0.00014277353590217204
5739,0.9995972184886923
5740,0.03672759401228036
5741,0.05048279349346514
5742,0.028580729173525523
5743,0.016185126265363156
5744,0.9999327783425008
5745,0.003816194765819676
5746,0.649078512474143
5747,0.12374925902993814
5748,0.9999762053653175
5749,0.0459180066591015
5750,0.00636887764609278
5751,0.9998958959974398
5752,0.0001630241241835432
5753,0.21304350603076366
5754,0.017477814508282945
5755,0.016069707783440395
5756,0.012247885522083411
5757,0.00834210305892851
5758,0.00256665645189773
5759,5.1130763273373e-05
5760,0.020401749313440024
5761,0.05520165804498193
5762,0.44677174190467417
5763,0.015481862420951132
5764,0.03539803390983107
5765,0.06716673999752024
5766,0.010950765853660064
5767,0.9999284961905008
5768,0.0010586901403856
5769,0.04491723382723122
5770,2.457796721843112e-11
5771,0.0002225972260092562
5772,0.03942872447836841
5773,1.083645973071712e-07
5774,0.9999999999999964
5775,0.11907047929389045
5776,0.9997608539748719
5777,0.025112346647325656
5778,0.07331407893626164
5779,0.1177619881944585
5780,0.9999799198942245
5781,0.06582477539762908
5782,0.11893113544410883
5783,0.8385686335577618
5784,0.030164144834632065
5785,0.034420645161897585
5786,0.05027454481367783
5787,0.23123934739415675
5788,0.0035202641085605333
5789,0.0006037514083452527
5790,0.002410566290697315
5791,0.7812850009434169
5792,0.0025001065648308377
5793,0.007672032997930549
5794,0.005423756557273829
5795,0.44634599276432096
5796,0.963582591404426
5797,0.1023215436066714
5798,0.015450976407165005
5799,0.03930042397210457
5800,0.9999878843429509
5801,0.0006054966584919044
5802,0.0008478499844728884
5803,0.00010345836063110196
5804,0.03199800069878185
5805,0.01481430129343943
5806,0.024232163782543885
5807,0.999997444838875
5808,0.3105393667558005
5809,0.9992270184820358
5810,0.04135330649540908
5811,0.536244165715583
5812,0.025135756317996426
5813,0.0007834005892493289
5814,0.8427398099407273
5815,0.9999999999999281
5816,0.2737090859104429
5817,0.031228644402784334
5818,0.06074439718094022
5819,0.5931253466510742
5820,0.027689303908182895
5821,0.9999594272414375
5822,0.047537523405037196
5823,0.05348114852892246
5824,0.9999724699774986
5825,0.24725893888273284
5826,0.8411714231333444
5827,0.97205746054642
5828,0.826497310630933
5829,0.6319660827270801
5830,0.13637187841158485
5831,0.002366359848039539
5832,0.04043800684354032
5833,1.1358572129308892e-08
5834,0.44123980522801237
5835,0.28213590896262847
5836,0.7641647320541709
5837,0.00014855229689616234
5838,0.18439589172286394
5839,0.9999895156290874
5840,6.641647923232813e-05
5841,0.06159550577613812
5842,0.0009139586419401101
5843,0.9998797152533498
5844,0.7254430789132402
5845,0.999999129620458
5846,0.9999999999306124
5847,0.9944318599854381
5848,0.06247093718632776
5849,0.9589455502529745
5850,0.090775888384945
5851,0.018758677709497972
5852,0.0002225972260092562
5853,0.9999945915868409
5854,0.0015680662299814845
5855,0.09045264010291006
5856,0.004493570574941274
5857,0.05356991317945415
5858,0.18916583468716172
5859,0.9999999982404055
5860,0.4568627303313801
5861,8.590283500093135e-05
5862,0.11800793632524297
5863,0.1202947678904724
5864,0.2553494854545235
5865,0.2157378131335135
5866,0.0030725414009540215
5867,0.051987703564378145
5868,0.08879947865140694
5869,0.2712880507019171
5870,0.4603700734736136
5871,0.00475673682493582
5872,0.5366364611872403
5873,0.007566788800546217
5874,0.999999853319719
5875,0.37480669308450065
5876,6.188077193728476e-05
5877,0.048026810307221494
5878,0.9999999936098076
5879,0.48946190242816245
5880,0.3654362126688314
5881,0.3405399585246023
5882,0.0636054801384194
5883,0.14282154463685665
5884,0.9999999999952287
5885,0.577746808765285
5886,0.6811428337384071
5887,0.9999999973849649
5888,0.05805742905997204
5889,1.7645356085938345e-05
5890,0.03420154022895345
5891,0.6383426178486937
5892,0.2498853280782982
5893,0.6710971038157003
5894,0.0015880329791362869
5895,0.011538899952527389
5896,0.06748476790081401
5897,0.9993514367044593
5898,0.9999282942246266
5899,0.2877392984971329
5900,0.1277749036104425
5901,0.9999998444969569
5902,0.01646079623064228
5903,0.8555026389845718
5904,0.9999998619922035
5905,0.9999999999958897
5906,0.09714990729258714
5907,0.019467495958645158
5908,0.008665611778618739
5909,6.112959013448267e-08
5910,0.013747638484520925
5911,0.8294880804945571
5912,0.4803421412553677
5913,0.02801726579399659
5914,0.022742938793710782
5915,0.03163758161190433
5916,0.00011838984099298309
5917,0.000134160881270952
5918,0.0005032608500059927
5919,0.029352820754885513
5920,0.6618887909977049
5921,0.02548583188535012
5922,4.272055290524479e-06
5923,0.04829280255591593
5924,0.032760413578937234
5925,0.5116692980563265
5926,0.06872336739315686
5927,0.0015797144558187244
5928,0.9999922374879432
5929,0.05842092246172388
5930,0.634490097570241
5931,0.00024867977780898987
5932,0.6033900914146474
5933,0.03192365287192709
5934,9.925501017209482e-13
5935,0.989065821966967
5936,0.020338020637384227
5937,0.9992270184820358
5938,0.08170922708169304
5939,8.145323756725288e-05
5940,0.05980322007122748
5941,0.14865802080364454
5942,0.25300578023722764
5943,0.033465138272973316
5944,0.005377527218944019
5945,0.00578771052389419
5946,0.05305486010783571
5947,0.029001690755374662
5948,0.06138690220389519
5949,0.9986712126456335
5950,3.223523171610869e-06
5951,0.01993775714632588
5952,0.9999999735545864
5953,0.6942167123379
5954,0.999980349174261
5955,0.767486787228055
5956,0.0008776600648034525
5957,0.0003933371982857438
5958,0.07375339958290512
5959,0.02119332247513678
5960,0.4482515102739938
5961,0.10171602560758641
5962,0.11874343729314746
5963,7.670595474089853e-09
5964,4.603772878948063e-10
5965,1.0
5966,0.06946771034818437
5967,0.9999999897440978
5968,0.0033895513841454097
5969,0.7984730309633608
5970,0.018789931216429225
5971,3.2748669566124057e-11
5972,0.3594801596837896
5973,0.9999999429581911
5974,0.9998555612171175
5975,0.05944648439411367
5976,0.02380570609343118
5977,0.056177739197401814
5978,0.39277405197477
5979,0.06325250837056196
5980,0.0005140794500926864
5981,0.0318937846992717
5982,0.10206464673220889
5983,0.0011855595378070407
5984,0.017808964259635702
5985,0.001867101182205357
5986,0.05338684267374635
5987,0.22799281308129737
5988,0.20300853961694887
5989,0.9823802159765859
5990,0.04327453259320213
5991,0.746704928426588
5992,0.5107641423652151
5993,0.06281932035383939
5994,0.016959016443062483
5995,0.010486002564761527
5996,0.5549983447376665
5997,0.9998797152533498
5998,0.017253454854574624
5999,0.14825829045220945
6000,0.008053195376686887
6001,0.025491931500756508
6002,0.3168579486330752
6003,0.07877268134178239
6004,0.0013401998613442186
6005,0.0076454583714750946
6006,0.35230699883367333
6007,0.12950760046815962
6008,0.14900097312280697
6009,0.02137277153974231
6010,0.003264197135507172
6011,0.20399274402392922
6012,0.3548211346883696
6013,0.590486502709749
6014,0.03546779686550943
6015,0.06541378727202672
6016,1.5714914724152466e-08
6017,0.6789611189302696
6018,0.05932111571234058
6019,0.026225252948305834
6020,0.049675956435543955
6021,0.9999993650661069
6022,0.9999969218087359
6023,0.33375684138817313
6024,1.2498203038640706e-05
6025,0.3008010499523178
6026,0.999972110267944
6027,0.03547267361613126
6028,4.0088536806324606e-11
6029,0.026239236470663087
6030,0.025378324775523597
6031,0.036190033166457344
6032,0.0003814328290703123
6033,0.0006876910353251556
6034,0.010160950195694567
6035,0.024218301481421872
6036,0.20514923749915087
6037,0.9982714381178848
6038,0.05042171815079614
6039,0.013824036273192515
6040,0.037532589091409246
6041,0.999633341922301
6042,0.007368281080083912
6043,0.005525442070760306
6044,0.9999893509049
6045,0.9473341885105248
6046,0.6110829609298555
6047,0.5958710946018418
6048,0.07319194507151593
6049,0.6821342894407615
6050,0.495535207502126
6051,0.00017195863003712563
6052,0.7432200513715046
6053,0.055379577454706466
6054,0.999999980683434
6055,0.00042996317517968034
6056,0.0036327203865361515
6057,0.07172395183484666
6058,0.001037549337342644
6059,0.0023900942874970567
6060,0.003736093540064322
6061,0.27966010245117867
6062,0.0017839517862485998
6063,0.035819814174677764
6064,0.016319611500789765
6065,0.04470236565255352
6066,0.6586885998221922
6067,0.9999947378430151
6068,0.7349945395415663
6069,0.025073367986738756
6070,2.8900301585720743e-15
6071,0.028289415665945183
6072,0.042022513181177015
6073,0.4904133433020586
6074,0.16822903706939213
6075,0.02083745032426028
6076,0.9999999999999996
6077,0.002348305974260101
6078,0.6811428337384071
6079,0.08958366895864393
6080,0.020337206140596614
6081,0.0015739304790917741
6082,0.3801334567226483
6083,0.0501176547702311
6084,0.22957585631411226
6085,0.02641401077777821
6086,0.01111285538118796
6087,0.2494322502979855
6088,0.28339097190720663
6089,0.0035337815022367246
6090,0.0005124563549425359
6091,0.7023742220787194
6092,0.00035067360331015153
6093,0.02662882325866913
6094,0.02966616342374592
6095,3.2948463169886116e-06
6096,0.5342200611859553
6097,0.09124878570655992
6098,0.29405647640206417
6099,0.13852485391540095
6100,0.5644464283845972
6101,0.7727662332542086
6102,0.07807851644950962
6103,0.1760138537023497
6104,0.10166843739279648
6105,0.004057402468026285
6106,0.07504017695715479
6107,6.65437062771856e-07
6108,0.4495408959258027
6109,0.005416983080111284
6110,0.07801554514116411
6111,0.04323156955784842
6112,0.14818882784274642
6113,0.1778519782283161
6114,1.1287495870534557e-05
6115,5.405902930088115e-10
6116,0.016985875424399888
6117,0.0002037996211970252
6118,0.6612430984911524
6119,0.9847470016186535
6120,0.0005031831981554252
6121,0.0027058735051077106
6122,0.04777929320260752
6123,0.005033718202644321
6124,0.00045711880214508046
6125,0.008343911444309625
6126,0.29043304282192145
6127,0.999996840911538
6128,3.1259786074421977e-07
6129,0.67442250839684
6130,0.040487101916200245
6131,0.9999603816399694
6132,0.0019253850407864451
6133,0.01063876655219841
6134,2.202622193711167e-07
6135,0.0011195302409330776
6136,0.5846594830266683
6137,0.053453278879799296
6138,0.072642215447371
6139,0.714226211299806
6140,0.32849499060974663
6141,0.9999998136340312
6142,0.9997359615795828
6143,0.08309459018131599
6144,0.6572028456863288
6145,0.04298009108533273
6146,0.025207614518149228
6147,0.025153680991332084
6148,0.9981577366840526
6149,0.00034038866403235027
6150,0.02905277185507251
6151,0.655600078544014
6152,0.10418981676577974
6153,0.0022616827539212233
6154,0.43557530182902204
6155,1.0
6156,0.666836376909641
6157,0.02048654960989246
6158,1.2785002538810372e-06
6159,0.9999999999982203
6160,0.9999998619922035
6161,0.05227224101023381
6162,0.9999950073998899
6163,0.9999999989233042
6164,0.38487485016948786
6165,0.9999999498352753
6166,0.9999999999628209
6167,0.0027450810170030196
6168,0.3649331172210509
6169,0.552603690036467
6170,0.00019112967107771684
6171,5.665033979651541e-07
6172,0.23845239940596072
6173,0.3796663200472461
6174,2.3870904656945533e-05
6175,0.09946518674951808
6176,0.4782633679050024
6177,0.04074371767210909
6178,0.0019423041737859563
6179,0.1408189863667071
6180,0.7698438395996933
6181,0.0008950785726747088
6182,6.518919842709095e-05
6183,0.000877822566029961
6184,1.1233519340241038e-05
6185,0.39417448424040874
6186,0.0005982043796498036
6187,0.9999815068673342
6188,0.0003976353249738828
6189,0.0005763877488123208
6190,0.9999291836589153
6191,7.511628493261521e-06
6192,0.0006480381428122984
6193,0.0033207606106605892
6194,0.12143136354522113
6195,0.9040138748154048
6196,0.03191727748175119
6197,0.01049658721004436
6198,1.7252280758206135e-06
6199,0.9999968968332571
6200,0.9999899645298251
6201,0.06455379082389903
6202,0.9998958959974398
6203,0.02224594119388923
6204,0.03961068416161012
6205,2.393032931640412e-06
6206,0.057646087396850565
6207,0.3340448130436522
6208,0.5401704041407595
6209,0.019683600787414223
6210,0.0769347753374235
6211,0.04849901087524912
6212,0.009919174169079675
6213,0.021070474506835597
6214,0.8523192758439434
6215,0.00024867977780898987
6216,0.9999999957208048
6217,0.0009617394269047552
6218,0.01839409493708085
6219,0.07955582092126683
6220,0.9999982128718133
6221,0.001747464163021603
6222,0.9999468702828593
6223,2.3457558618697812e-11
6224,0.24801301529092634
6225,1.701207013991308e-07
6226,0.9996680349971719
6227,1.6954462142927602e-11
6228,1.1117573586938354e-06
6229,0.25723091386943986
6230,0.8410582635130828
6231,0.12398424511922962
6232,0.9347500390457623
6233,0.0002782868848997644
6234,0.025266401560526123
6235,0.7219177152266248
6236,0.9999546676589219
6237,0.7830293878823241
6238,0.9999999505924788
6239,0.002464246323673178
6240,0.9997734000788541
6241,2.0870633611024866e-07
6242,0.47011997193977756
6243,0.031477849394151464
6244,0.3393469178244745
6245,0.198539685605007
6246,0.1333432948536951
6247,0.0012962608752062252
6248,5.384226254094802e-08
6249,0.006445116141336429
6250,0.6741953819899744
6251,0.031217692796143632
6252,0.00014797471474726297
6253,0.1427200977324174
6254,0.019439472167833365
6255,0.2213031695424213
6256,0.9999713024454969
6257,0.24204226728258182
6258,0.04047685819802954
6259,0.00041990860850326213
6260,0.43193016903830184
6261,0.03440478077490831
6262,0.014402020155772811
6263,0.9998908578332035
6264,0.9999922374879432
6265,0.03932505875129318
6266,0.17469548226408033
6267,0.8569495021956143
6268,0.0004079444598334399
6269,0.9999998619922035
6270,0.9999950073998899
6271,0.004858968734911174
6272,0.028134242141513045
6273,0.5712527648757509
6274,0.9999946550965696
6275,0.035503506607291214
6276,0.013412377485208028
6277,0.10528358422506995
6278,0.028459006687288232
6279,0.009154405294075614
6280,0.9993752113545532
6281,0.029426544109795054
6282,0.9220643549419018
6283,0.8004838263829128
6284,0.3634430958583264
6285,0.09500871521908161
6286,0.45440831749548877
6287,0.9999468702828593
6288,0.00609341036719981
6289,0.09437326058629353
6290,0.4971131770561823
6291,0.6975659081390565
6292,0.5200748253909113
6293,0.7629832470612942
6294,0.25634493116057894
6295,0.5525618042313435
6296,0.018393165693804468
6297,0.015666930235714475
6298,0.9999999999999509
6299,0.5778630782319611
6300,3.670941002278243e-05
6301,0.00262766961535934
6302,0.09419065675016294
6303,0.012825505329843005
6304,0.481448455636419
6305,1.3162163565815962e-10
6306,0.32563476736849534
6307,0.5255098865420353
6308,0.9999888943513847
6309,0.12264686013308536
6310,0.059194090872170854
6311,1.458569129132511e-14
6312,0.4031526660113441
6313,0.9997608539748719
6314,0.013275849660312906
6315,0.02325061249635658
6316,0.0024574339138759413
6317,0.99997387745755
6318,5.532558787566296e-07
6319,0.8675920945294753
6320,3.498333978791036e-12
6321,0.999999662986203
6322,0.007854682530103694
6323,0.9995891411652431
6324,0.023884432659248004
6325,0.9999979577390672
6326,1.2120524386218539e-05
6327,0.006665862928260922
6328,0.05585472656839538
6329,0.03271239434626247
6330,0.08210982096218959
6331,0.24149466583105025
6332,0.08670354511173638
6333,4.299079114776601e-06
6334,0.6024200681242007
6335,0.26672879888337653
6336,0.14783136097619043
6337,0.006096938142396473
6338,0.9999999999999447
6339,0.0009683343346496958
6340,0.10673427386870286
6341,0.7898763364897402
6342,0.9999765871466543
6343,0.054134776130913026
6344,0.040765445561004324
6345,0.8747509165274132
6346,0.13391561826432624
6347,0.9999199171631239
6348,0.5878521075838268
6349,0.30113339705093917
6350,0.9992729722185364
6351,0.0001633244030469241
6352,0.0030202110773371233
6353,7.870049476576686e-06
6354,0.508660793474466
6355,0.140485050996861
6356,0.0025252492900109122
6357,0.3911524643585978
6358,0.05092171189162954
6359,0.017970760541891957
6360,0.0003004522239022869
6361,4.732170973883375e-05
6362,0.026071082295143443
6363,0.05225464280649986
6364,0.013326610076464584
6365,0.0008005991596937745
6366,0.27452338214935923
6367,0.021681599635384408
6368,8.624216044029304e-12
6369,0.23115203832962447
6370,1.031682203009514e-09
6371,0.08569552818140393
6372,0.02469893192195827
6373,0.035733878084164755
6374,0.005761658555399954
6375,0.02644033965212816
6376,0.1793350414244677
6377,0.3745057956833167
6378,0.0005251869415730582
6379,0.22417549697968014
6380,0.998400103738273
6381,0.030469955236805624
6382,0.9999999999997671
6383,0.9874742549812224
6384,0.99998263973639
6385,0.019620322167433583
6386,0.10791143343480983
6387,0.0001323208938471008
6388,0.027688963179044655
6389,0.44420636508480543
6390,0.1400134996467885
6391,0.1922214428477807
6392,0.00014557994761221698
6393,0.9999898139533459
6394,0.0018750836600604558
6395,0.08614202519599395
6396,0.07876953959795863
6397,0.035855957433298204
6398,1.1593600968839336e-05
6399,0.02436725447243953
6400,0.6820525741281944
6401,0.09493145480957227
6402,0.5160529054187903
6403,0.03404946582301721
6404,0.006356389691395565
6405,0.17863400989009326
6406,0.013441889927229727
6407,0.03281837181639236
6408,4.541222699310364e-07
6409,7.412079461301467e-08
6410,0.08989236713668079
6411,0.8263156798585398
6412,1.1072839280048706e-08
6413,0.7080552558264538
6414,0.0001568300531794905
6415,0.8039788033275304
6416,0.03467466898974038
6417,0.033872617138844194
6418,0.5266958910716418
6419,0.23371946210079886
6420,0.003928646783439504
6421,0.6491965811323938
6422,0.09263301621170648
6423,0.016173111574669247
6424,0.9999999999999991
6425,0.3421060411801115
6426,0.003849050194008109
6427,9.174548777038169e-08
6428,0.8043874113626075
6429,0.00043115236669867644
6430,0.2895762057133442
6431,0.4401696045920213
6432,0.03282452778293545
6433,0.9999768973456779
6434,0.9999999999999996
6435,0.11149276229468598
6436,0.9999992332444584
6437,0.003731605230531379
6438,0.010773466502430008
6439,0.0028584245697829643
6440,0.010597402474883976
6441,0.03735382327606182
6442,0.34742609490423526
6443,0.01934210764114443
6444,0.08991786593394212
6445,0.000512673676244084
6446,0.9997359615795828
6447,0.08554241933841829
6448,0.6612989946216012
6449,0.00327977146386607
6450,0.9999999999618485
6451,0.4084554289243372
6452,0.03537169212586464
6453,0.9999825457555328
6454,0.3437822223112186
6455,0.012916186983101638
6456,0.001685933895411893
6457,0.07791412165142737
6458,0.014407800323899145
6459,0.6743684643513848
6460,0.019759454471974528
6461,0.9996680349971719
6462,0.020082543800644555
6463,0.07242340532896525
6464,0.15864981176016665
6465,0.36504191819836007
6466,0.0036168739342952835
6467,0.03611089507718784
6468,0.006995889278279266
6469,0.999999999957891
6470,0.9999999999984592
6471,0.9999999999999982
6472,0.041802552356751656
6473,0.05130723350697596
6474,0.02550668963800866
6475,0.00022030927777853425
6476,0.7071212251266021
6477,0.018134086912771165
6478,1.4301048413181932e-05
6479,0.9995394700674111
6480,0.2909173423136274
6481,0.018563713743829847
6482,0.3712813816579689
6483,0.005709687797747996
6484,0.00013063984577633888
6485,0.09235442321679571
6486,0.017572491727507532
6487,0.566622507565369
6488,0.2545653633099086
6489,0.17522280064976248
6490,0.6359565082153407
6491,0.7721247810311667
6492,0.9999999997952791
6493,0.05658123707823599
6494,0.31556099540008997
6495,0.46854739603156986
6496,0.4436824105795543
6497,0.0006054966584919044
6498,0.6471491412808145
6499,0.008819362918129358
6500,0.47909503285766536
6501,0.04073060467689243
6502,0.5995480432876461
6503,0.00045676454334214
6504,0.04330766523825596
6505,0.43463735478669
6506,0.042416996278490125
6507,0.010594116902046903
6508,0.000517280379485866
6509,4.94224804560801e-10
6510,0.007024220351116551
6511,0.20293227908504735
6512,0.4672633040752714
6513,0.5668600331713775
6514,0.01276211086103076
6515,0.03697362943668321
6516,0.10272124441382102
6517,0.050378583516848346
6518,0.1445397434034694
6519,0.0006876910353251556
6520,0.9999965334391228
6521,0.0005729571339624417
6522,0.04862794298866562
6523,0.35952873871410873
6524,0.013639011758818272
6525,0.041532664738444684
6526,0.021231767903536737
6527,0.9999999999889784
6528,0.08749043572642225
6529,0.00020966497626095205
6530,0.9999999999652276
6531,0.9999998575966879
6532,0.9999999283537473
6533,0.9999965634652533
6534,0.026795845864676322
6535,0.0033730768371633218
6536,0.5698177688338433
6537,0.19902711533522838
6538,0.1029968032932848
6539,0.15567767136295627
6540,0.7270438472935803
6541,0.586236186040432
6542,0.6440582852782452
6543,0.737143261549025
6544,0.06306614049860647
6545,0.7469742940429407
6546,0.02133307898236198
6547,0.07049838792802672
6548,0.4712753101399184
6549,0.39949257712411546
6550,0.0037304367585619677
6551,0.0006023159722315395
6552,1.4269689294539256e-05
6553,0.2679411494865948
6554,0.999972110267944
6555,0.27599123305322937
6556,0.019709047365844737
6557,0.9999946550965696
6558,9.285761788025017e-05
6559,0.9999600019061741
6560,3.7539038358196316e-11
6561,0.9999954931292752
6562,0.05918533923665022
6563,0.2762958396522028
6564,0.039318343516295644
6565,0.0005141187864243188
6566,0.0005700017856240769
6567,0.13212205856378156
6568,0.032339815873771126
6569,0.02468859550985726
6570,1.383415647509505e-05
6571,0.9999998597131602
6572,0.9998555612171175
6573,0.018080237071549533
6574,0.002046625873530742
6575,0.9944318599854381
6576,0.022801920008534943
6577,0.10219519033700687
6578,0.10734136410188795
6579,0.031467192949012686
6580,1.1509350635776879e-07
6581,0.058805000717113726
6582,1.0
6583,0.004748761911572928
6584,0.0667512944083041
6585,0.6367169652652263
6586,0.0002540787028816552
6587,0.0012785068579255583
6588,0.00018319493621291564
6589,0.0002323709624537794
6590,0.13586471353220467
6591,0.8517635311410271
6592,0.0453266613355869
6593,2.464885377936725e-12
6594,0.011935740842019628
6595,0.9721473420170099
6596,0.9999998837017774
6597,0.0005320378191529915
6598,0.0002679840868363297
6599,0.25729485681219805
6600,0.0011417748928128192
6601,0.15130410105047282
6602,0.2787736375294255
6603,0.11874589786403868
6604,0.9647227936107418
6605,0.0032789760821025416
6606,0.027042228282492666
6607,0.050591934775926446
6608,0.09911058675120214
6609,0.0008457276861023172
6610,0.47028339851743894
6611,0.37241021582370015
6612,0.023144349051809125
6613,0.11739188423221054
6614,0.0004364542257818084
6615,0.005567765305889015
6616,0.0054572011985671446
6617,0.01579379847844624
6618,0.07432119962629344
6619,0.042461550573049144
6620,0.011645692780635531
6621,0.03742454871216488
6622,0.532078626203112
6623,0.05605542520755336
6624,0.6142743633757161
6625,2.2080521379810607e-05
6626,0.9999203003120859
6627,1.5865736308491959e-09
6628,0.0401882773609718
6629,0.006817292465866288
6630,0.01846278414753431
6631,0.9999998619922035
6632,0.018601912253708427
6633,0.9999993797207615
6634,0.0897552550876643
6635,0.8424097629636831
6636,0.005382653575531391
6637,0.007067070476526268
6638,0.0260701205078038
6639,0.0019364848636125684
6640,0.3081849653689838
6641,0.002631300178623592
6642,0.0662657568543238
6643,0.08241811403861134
6644,0.011025588218226585
6645,0.0001259243299797262
6646,0.9999999917260466
6647,0.7669495335628216
6648,0.01443008748097117
6649,0.022380346302356136
6650,0.999940018564092
6651,0.0542344051655985
6652,0.9999682176837077
6653,0.0665849597141032
6654,0.9997468006093335
6655,7.135740663480799e-06
6656,0.5780280474807495
6657,0.05818544627384464
6658,0.00027740702930634687
6659,0.018923487118813948
6660,5.422669691067355e-05
6661,0.9999999725644487
6662,0.9999999969167992
6663,0.994188184983047
6664,0.9591632361393077
6665,2.5420411456583697e-09
6666,0.04807497642974288
6667,0.5343525201831899
6668,0.010520895009054216
6669,0.010075195413601435
6670,0.0026773356048998154
6671,0.00011614316910721703
6672,0.6487853204816805
6673,0.9999684668444404
6674,4.902340922214482e-05
6675,0.01890870696800415
6676,0.9999984225299874
6677,0.999991506025976
6678,0.08071485373818452
6679,0.13207392964780776
6680,0.00015110412817115213
6681,0.9999998575966879
6682,0.05700667327892029
6683,0.0003227288540298002
6684,0.7632063376988296
6685,0.00011893292240357085
6686,0.0016218387866832637
6687,0.0006612220094906055
6688,0.3562109959453748
6689,1.164714240126609e-07
6690,0.7369290718817205
6691,0.2341715567632758
6692,0.06549729133252356
6693,0.11873419699195668
6694,0.03842447107823747
6695,0.11963862089086975
6696,0.001033633444557536
6697,3.763606808785594e-05
6698,0.9999999999999996
6699,0.9999903168238788
6700,0.3842332418526489
6701,7.385763049456274e-07
6702,0.04427585811553317
6703,0.055538618177039784
6704,0.9999999999999998
6705,0.03747135921455394
6706,0.45649496648401405
6707,0.15169624149071914
6708,0.008727156064536515
6709,0.0011535443963167234
6710,0.9999684612771992
6711,0.07748911616257127
6712,0.09010096462990692
6713,0.0002960173870088749
6714,5.547090176967167e-05
6715,1.0
6716,0.05229470114869303
6717,0.06345463653809526
6718,0.05279396049496342
6719,0.9999950073998899
6720,0.00039166572871327806
6721,0.9999928188313892
6722,0.9999810737447932
6723,0.754693589712434
6724,0.0005316442707844822
6725,0.0051299583808380265
6726,0.04397905939172861
6727,0.001595914918272612
6728,0.3187699187105122
6729,0.009129715551679478
6730,0.0010059616413666816
6731,0.22918354872855892
6732,0.00011397309973726893
6733,0.4236235569125605
6734,0.5334161323571486
6735,0.997112705411588
6736,0.2658863228513297
6737,0.001879145232711901
6738,0.028544856905007073
6739,1.3734085591048208e-05
6740,0.69668011903913
6741,0.0833970853507081
6742,0.05812713213814517
6743,0.3353684131709698
6744,0.999179853024476
6745,0.019454526613745797
6746,0.14233573746260902
6747,0.12130094816778132
6748,0.0016942006817886532
6749,0.022517058317756286
6750,0.15268703504549994
6751,0.04175126078841263
6752,0.2188219107591403
6753,0.041753886304675435
6754,0.04431296877531867
6755,5.435261177163308e-05
6756,0.574182266466901
6757,0.0005173982834564348
6758,0.6156471063979636
6759,0.4629796293980931
6760,0.9622705398962716
6761,0.04085029493871196
6762,0.5135599617742499
6763,0.4443030249775466
6764,0.04206436523959667
6765,0.0431522757046726
6766,0.051616967734529624
6767,2.270382948429584e-06
6768,0.002194246316247
6769,0.9999703786014833
6770,0.7611215483001735
6771,0.1059901913541001
6772,2.8447125639603223e-06
6773,0.7213731623077884
6774,0.9999999999998568
6775,0.26723337740621245
6776,0.4992487358626107
6777,0.46433177663302755
6778,0.03470049684982261
6779,0.03897439318205215
6780,0.10490917686067869
6781,0.003467620050062906
6782,0.001010618582810126
6783,0.007447709567373388
6784,0.04061296055533527
6785,0.04442629183890933
6786,0.22684926908080336
6787,0.06486466985175472
6788,0.15721476770441478
6789,8.156362290786844e-07
6790,0.5504989700167982
6791,0.1397576253308216
6792,0.21571618281021607
6793,0.013303966748315917
6794,0.9999999688015669
6795,0.018463651128166073
6796,5.109740557271222e-16
6797,0.0017349118407025373
6798,0.013085221095701611
6799,0.07128660695226503
6800,0.13837191077100439
6801,0.017737180726305125
6802,0.040125358113394655
6803,0.0022874276033583267
6804,5.273905991261416e-07
6805,0.99968279088264
6806,0.5696154866876858
6807,2.3567076387875022e-05
6808,0.9998908578332035
6809,0.012533064079676639
6810,0.0016918226131136774
6811,0.021481145191870808
6812,0.1610248206687897
6813,0.004681688165633738
6814,0.0030549747298743834
6815,0.06613481630726262
6816,0.24201453972790793
6817,0.04565517558480125
6818,0.03109204795438529
6819,0.004449291804796485
6820,0.04320321267285059
6821,0.2134329957536491
6822,0.1567231857983501
6823,0.9999703786014833
6824,0.00426581975787361
6825,0.9999977233769689
6826,0.23748161902622542
6827,0.743033844794933
6828,0.9999960313818536
6829,0.8517635311410271
6830,0.0704928999724106
6831,0.0001349074680133021
6832,4.5746065351297194e-05
6833,1.0
6834,0.7611182684129854
6835,0.8350379319915093
6836,0.18563892589469583
6837,0.9999999504829702
6838,0.0013518376073584323
6839,0.05777513664580678
6840,0.446113753113687
6841,0.9999996601896832
6842,0.05321626459525713
6843,0.016904625741466818
6844,0.2825478954459051
6845,0.03430146659412041
6846,0.005026867936049805
6847,0.0024608520483178306
6848,0.7581038487532716
6849,0.03878518058810429
6850,0.11019942023296124
6851,2.2414992773837183e-07
6852,0.0004114128999764552
6853,0.008728805681590398
6854,0.7972958559606614
6855,0.6102733520471485
6856,0.0519607900611452
6857,0.07163997460977346
6858,0.9986577500030152
6859,0.04387527951796436
6860,0.9962865857513226
6861,0.00039429534220871413
6862,0.007712113887678444
6863,0.20353840852372532
6864,0.5835631506692781
6865,0.07567454376394299
6866,0.9999896155416063
6867,0.21369752382651552
6868,0.16802227757570404
6869,0.20420620492812877
6870,0.004435578606335261
6871,0.03714108180771378
6872,0.7720398077914724
6873,0.9999999999999973
6874,0.9999938528850288
6875,0.03904843877465026
6876,0.2343451126119555
6877,0.02904833339784612
6878,0.9999901418919322
6879,0.03470238886393399
6880,0.17328989479916118
6881,0.09963617671134625
6882,0.9999999999872569
6883,0.4590060571637478
6884,0.0014611442271012874
6885,0.014910705306274287
6886,0.17045988639014784
6887,0.050598608502416834
6888,0.016161297199205213
6889,0.0005902494718988385
6890,0.027616398688045423
6891,0.0008757592435901348
6892,0.06018621938885187
6893,0.006638270860669586
6894,0.8349939347941671
6895,0.0712287896374173
6896,0.008545506184582842
6897,0.9999999999930012
6898,0.9999992332444584
6899,0.17838359508339585
6900,4.1482135640701775e-05
6901,0.21708713395485427
6902,0.0020910911075017464
6903,0.4472489094766714
6904,0.02280791281821882
6905,0.8780814439620622
6906,5.4649694810928625e-05
6907,0.1464088678829576
6908,0.10512818824760833
6909,0.1835116919751177
6910,0.398320995454556
6911,0.47026128782726884
6912,0.12444301404168139
6913,8.850939011565194e-05
6914,0.7174286278627336
6915,0.6516548445661248
6916,0.5068713383674399
6917,0.43079573900393975
6918,0.0013691074492469277
6919,0.9999979577390672
6920,0.4854509453160779
6921,0.37778363702072176
6922,0.009234230808157244
6923,0.31764896723608427
6924,0.3262353413269514
6925,4.099655902949196e-05
6926,0.03975673314184715
6927,0.03151312583213616
6928,0.02243611301904858
6929,2.055232141526044e-05
6930,0.64810737869786
6931,0.16493618325706605
6932,0.017391890754997
6933,0.9999999999955536
6934,0.0015867490842374644
6935,0.022187459979848497
6936,0.004057402468026285
6937,0.007104456805871767
6938,0.02791941056591521
6939,0.19052237542914627
6940,0.03073837488545372
6941,7.411736976409926e-05
6942,0.11688843972702678
6943,0.04305499464287682
6944,0.038782232254427965
6945,0.033837582397621774
6946,0.001903197620650936
6947,0.13681717779311178
6948,0.03016156078150831
6949,0.04781642669532691
6950,0.9286584822381949
6951,0.040892512126125956
6952,0.20364353070818697
6953,0.18421771621693409
6954,0.020346699087557315
6955,0.09318781376273834
6956,0.022132046577530803
6957,0.32695469753074324
6958,0.43630722265308347
6959,0.3522764925876892
6960,0.0019406704382087091
6961,0.00015976029033000489
6962,0.45734687544733715
6963,0.006308658632016669
6964,0.06303577887080115
6965,0.07043431300019676
6966,0.0005150175356682909
6967,0.9999987989477289
6968,0.0023535497308748085
6969,0.00016843370324625038
6970,0.016580936597973762
6971,0.30646143609927645
6972,0.718878325210937
6973,0.11378252505957893
6974,0.3933280403614928
6975,0.38444435169390756
6976,0.3421060411801115
6977,0.9999468702828593
6978,0.03585911393544896
6979,0.07215462070003525
6980,0.0009128538345646207
6981,0.005156897081808801
6982,0.0067951523592975575
6983,0.3619777917466231
6984,0.003891331791405249
6985,0.03124861429940151
6986,0.02863417176366334
6987,0.013253869402909745
6988,3.306542749071824e-05
6989,0.1175141932639512
6990,0.9999201979670218
6991,0.9999962667433226
6992,0.9998380615812583
6993,0.384000124224175
6994,0.09142094433885108
6995,6.542590966146214e-05
6996,0.24070435187775555
6997,0.08236122309460571
6998,0.003932234211054856
6999,0.008015685615657261
7000,0.31984262700203897
7001,8.790543822803557e-05
7002,0.013209987133862573
7003,0.9999882382820197
7004,0.05890090413653001
7005,0.0004673920800174596
7006,0.999999957214234
7007,0.006186375311200019
7008,0.2783833547258408
7009,0.6816327358787126
7010,0.09758910534499578
7011,0.0004065756535496627
7012,0.031105602639643862
7013,0.0005859270488683403
7014,1.535949489579836e-05
7015,0.008737431328315783
7016,0.9999837780819271
7017,9.296523613252187e-09
7018,0.307716103164514
7019,0.0711181836629186
7020,0.9999601770071805
7021,0.034387822590930595
7022,0.08893002232245986
7023,0.0005350002113259924
7024,0.7194736998540466
7025,0.8383985338905858
7026,3.903379101898654e-09
7027,0.12326034424910637
7028,0.07479945689734596
7029,0.009693927982866274
7030,0.9999967368864191
7031,0.7974356710564809
7032,0.9983149611254376
7033,0.9998331409504452
7034,0.9269695348928781
7035,0.9999999557321224
7036,0.028360735638345156
7037,0.9999999999881595
7038,0.9346566597450768
7039,0.004366968989758235
7040,0.9999999999881595
7041,0.08039975880215823
7042,0.07092009295011008
7043,0.5415289263853825
7044,0.013820930513721316
7045,0.05493196942160434
7046,1.0
7047,0.0010454038456620025
7048,0.020271614837611165
7049,0.07493449183929234
7050,0.9999057881249208
7051,0.5586449120717147
7052,0.005336332522035701
7053,0.9466685665498559
7054,0.0007001781398757727
7055,0.9999724699774986
7056,0.16810586462802382
7057,0.9999493302810102
7058,0.6584557310251385
7059,0.9999644222262511
7060,0.011677698461019381
7061,0.9999999999955536
7062,0.004146010503797282
7063,0.00011640355915428333
7064,1.993246048592631e-09
7065,0.7850037488965473
7066,0.6922930768571702
7067,0.9906497090426395
7068,0.06531099150324421
7069,0.08769804098459758
7070,0.051661711528202876
7071,9.38551600859329e-05
7072,0.0009280775434296673
7073,0.11411341895615133
7074,0.38533563217126077
7075,0.5226364446218863
7076,0.725044773775126
7077,0.08874826641469842
7078,0.9346566597450768
7079,0.0028252498042586316
7080,0.07117655145902202
7081,5.019232079990984e-05
7082,0.0429715865788593
7083,0.04372607144596263
7084,0.00524514843020932
7085,0.000499676228529483
7086,1.4933007234097464e-06
7087,0.032678472347939344
7088,0.21188405987986658
7089,0.9999981331241272
7090,0.1835116919751177
7091,0.0323872950801399
7092,0.9999857551958561
7093,0.33763288743313685
7094,0.99999872398547
7095,0.5980057667353148
7096,0.12502353644002598
7097,0.09044163161199216
7098,0.5479894417059686
7099,0.9992729722185364
7100,1.5711790114653848e-08
7101,0.5061802112785572
7102,0.011767445893040353
7103,0.7590563389344059
7104,0.1423319295391101
7105,0.024784512455024346
7106,0.36326494569094403
7107,0.4715721831072851
7108,0.45332365102848704
7109,0.02164279941054228
7110,0.057472983603013054
7111,0.044494500518646916
7112,0.029516168897757586
7113,0.25377264958552304
7114,0.04477148163117537
7115,0.9430057954269674
7116,4.317601814650335e-05
7117,0.0001663083771081305
7118,0.001065295023403472
7119,8.109256908185388e-05
7120,0.0002524009119450492
7121,0.09138157671985493
7122,0.014611069767690112
7123,0.05770557759577993
7124,0.0030316614901652076
7125,0.5198925757711648
7126,0.037988526771107346
7127,0.08792248272098238
7128,0.08729789068932463
7129,0.06290181829336833
7130,0.6244835561683606
7131,0.37844459250610685
7132,0.9997359615795828
7133,0.9847470016186535
7134,0.9984406117686948
7135,1.4901796998190525e-07
7136,0.014311725311724097
7137,0.00012886853343453678
7138,0.06359147353514615
7139,0.07234483520411102
7140,0.6862938450433735
7141,2.966652143151236e-07
7142,0.27431790595865524
7143,0.010739291034728897
7144,0.9999950073998899
7145,4.7459191014559226e-06
7146,0.2380770864896274
7147,0.032415949103768646
7148,0.48576539052187084
7149,0.005076416502845026
7150,0.0035404019477768113
7151,0.9999984997821458
7152,0.033336503319513364
7153,0.02165883029180873
7154,0.004755059459917515
7155,0.053408247842184
7156,0.9999999999712252
7157,0.03603595023658693
7158,0.6367632829494188
7159,1.9704251864229962e-05
7160,0.14072261979028494
7161,0.03553918042257262
7162,0.9999201979670218
7163,0.03969454406470972
7164,9.132081583191556e-07
7165,0.00015929699059164358
7166,0.9999999959698642
7167,0.2493229470218025
7168,0.5733506040560415
7169,0.15477345221877972
7170,0.005229600549656271
7171,0.02717768252835419
7172,0.0032657871471746163
7173,4.038988486522181e-07
7174,0.16921569768526756
7175,0.011650188743151968
7176,0.12309122904186029
7177,0.29120617912006647
7178,0.038068716321483585
7179,0.34771711446662273
7180,0.14000438623036415
7181,0.47028339851743894
7182,0.0004670988973421848
7183,0.023904217865281383
7184,0.05089320146190261
7185,0.031121154157080867
7186,0.7624003451626047
7187,0.9999765871466543
7188,0.0200292649316195
7189,0.013942704670520719
7190,0.40834091769048275
7191,0.13197869505580576
7192,0.07404394404251288
7193,0.13161151408614957
7194,0.02211159445593324
7195,0.9999893509049
7196,0.028685808014305064
7197,0.06720902958796575
7198,0.22837757055681565
7199,0.051951877863988666
7200,0.9989453509039738
7201,0.6224036387006671
7202,0.4082043893844375
7203,0.0021044273461694484
7204,0.024866002253604465
7205,0.0002487821486802915
7206,0.9999962200890166
7207,0.07699017818084097
7208,0.4514472966394942
7209,0.02193744546070065
7210,0.005154461631916909
7211,0.02477267971503762
7212,0.04670302583403445
7213,0.2816510705682842
7214,0.0036663520081986808
7215,0.0004660492428513044
7216,0.45603583903806927
7217,0.9999914032531687
7218,1.5514323494827257e-05
7219,0.12332499917670119
7220,4.369090801407654e-05
7221,2.8878686451796445e-09
7222,3.280754214865371e-05
7223,0.0018598580537079136
7224,0.0021255952613420345
7225,0.004410511386380244
7226,0.9999997983755491
7227,0.008093793334474596
7228,0.015321234848140186
7229,0.46452668849916273
7230,0.6814537156642908
7231,0.9999999999909643
7232,0.000690249209105933
7233,0.9022720949007016
7234,7.818553698238428e-06
7235,6.665129036582218e-05
7236,0.08965445485344369
7237,6.291005531111296e-06
7238,0.005610154389431319
7239,0.0006701435579054988
7240,0.0012565414318600927
7241,0.11678987132096902
7242,0.9999494097848814
7243,0.0746854612278213
7244,0.00020404603638831341
7245,0.10205972379584931
7246,0.24805029659666047
7247,0.5101072911749153
7248,0.004904342934917906
7249,0.009625563733407224
7250,0.00021093213546214646
7251,0.031964317486574995
7252,0.030062519604590884
7253,0.8486713444030198
7254,0.27001416775756454
7255,0.9999958924225569
7256,0.9999999999999998
7257,0.009157461399892793
7258,3.757132753743323e-05
7259,0.03621018001562126
7260,0.9999998786077201
7261,0.002931598869844848
7262,0.007919321171372269
7263,0.6142633815612111
7264,0.7904244940732399
7265,0.09566787126514364
7266,5.61661718364668e-05
7267,0.670577161470734
7268,0.04514080977236524
7269,0.0003539349318173949
7270,0.06195714186665356
7271,0.004399274257918474
7272,0.0012923891920130612
7273,0.007728076027300736
7274,0.0001533510753921573
7275,0.018465367952460142
7276,0.5013287949152238
7277,0.014662991023879092
7278,0.9999999999900284
7279,0.367230346080278
7280,0.6832281543754651
7281,0.9998958959974398
7282,0.5302993372774366
7283,0.1229294819781801
7284,0.0948688618024597
7285,0.2512413693562483
7286,0.0003973625955623169
7287,0.00041304668360733234
7288,0.0005009829258551413
7289,0.12800007624148915
7290,0.007064246813595143
7291,0.9999634828652278
7292,0.0003780639187644883
7293,0.023876723586040975
7294,0.12270025514097879
7295,0.9997359615795828
7296,0.002454160988457581
7297,0.004132007264180212
7298,9.574605624130243e-10
7299,0.9999528515175282
7300,0.5472513840298433
7301,0.9992729722185364
7302,0.4699593077278382
7303,7.119573421815097e-05
7304,0.17319810251415005
7305,1.0
7306,0.9999977233769689
7307,0.9999997983755491
7308,0.6355936618959181
7309,0.14792197581938718
7310,0.4383207105165744
7311,0.0236611870181891
7312,0.025031952989567112
7313,0.9999999988103678
7314,0.9995102316958183
7315,0.029527468454615013
7316,0.30535072499124416
7317,0.8553587831142346
7318,0.41325016071849896
7319,0.9999999999999449
7320,0.38198793307654877
7321,0.6182920666759303
7322,0.8889129570025697
7323,0.04396907661086362
7324,0.29266062758387823
7325,0.4904558747946905
7326,0.0477954631910291
7327,0.0003075086062340003
7328,0.0006912525541716184
7329,0.0031549820700369
7330,0.00016697756780142595
7331,0.04748387110362215
7332,0.003172095878572885
7333,0.02496108399230239
7334,0.21627584201683647
7335,0.0013652334410462735
7336,0.11343570787649326
7337,0.0003261355215896532
7338,0.014674004629575944
7339,0.0006135983392343109
7340,0.8579901809213961
7341,0.0033934173161020184
7342,0.9960331851290287
7343,0.011822638264459314
7344,0.07131258688304677
7345,0.027062715467174092
7346,0.028922469883821477
7347,0.3000826086107913
7348,0.8662730787326781
7349,8.797050109816705e-07
7350,1.0461241993303349e-10
7351,0.009428410920977253
7352,2.9732988188895766e-05
7353,0.5293612967902872
7354,0.0011750703360115195
7355,0.2666771517413841
7356,0.012897111272884355
7357,0.9999999999131917
7358,0.030073875653053216
7359,0.00043252482926678636
7360,0.9999998729107554
7361,0.994188184983047
7362,0.024812928362697627
7363,0.0014869323840482394
7364,0.7260176077274766
7365,0.7398771117320122
7366,0.05409826704675101
7367,0.017825971920168878
7368,0.9999999999993268
7369,0.0012524867965697495
7370,0.008074782686826076
7371,0.046484932931950544
7372,0.999552341913794
7373,0.03421708276045306
7374,0.001438887469719451
7375,0.43383924139772845
7376,0.12316736289461784
7377,0.02265877517203914
7378,6.154601778125625e-05
7379,0.3456568854861996
7380,0.26652536452699926
7381,0.041218532103856884
7382,0.43363847001119216
7383,0.0015537401871117296
7384,0.00020083004884100067
7385,0.9999999831761636
7386,0.0024448760107176697
7387,0.026053942378796432
7388,0.02534663177622391
7389,0.09548441802384372
7390,0.9999974427656824
7391,0.9999999999770708
7392,0.9993623441104789
7393,0.0015187207292849312
7394,0.5703965938585105
7395,0.011724869903298362
7396,0.08573084795431689
7397,0.015754529875632504
7398,0.001054968078156866
7399,4.130975864965503e-14
7400,0.2625353434931078
7401,0.02280678892097095
7402,0.9999999857286961
7403,0.014640588203351929
7404,0.9999999999999509
7405,1.9882579106147855e-10
7406,0.0020593351087362694
7407,0.5796193259874401
7408,0.28448970184753947
7409,0.001517932611552478
7410,0.29042737874263297
7411,0.09172232099021267
7412,0.6367169652652263
7413,9.089508279320726e-06
7414,0.030091818176920495
7415,1.8274997359177584e-07
7416,0.04129595409780448
7417,0.44858376288211027
7418,0.01827127810649946
7419,0.0009450503693306437
7420,0.0686076679198368
7421,0.07037609820702567
7422,0.8422910785112894
7423,0.31924666657794437
7424,0.9996370522797131
7425,0.9860680032345599
7426,0.04493901242690309
7427,0.33955142150936923
7428,0.8716892818953447
7429,0.01813622696892517
7430,0.007007601280569593
7431,0.9999999999543505
7432,0.036369228332887124
7433,0.12309790237402089
7434,0.030838737689355016
7435,0.06531803458849388
7436,2.3812917752287795e-07
7437,0.011184772922202664
7438,0.03978136510021445
7439,0.32323708177651495
7440,0.0007001781398757727
7441,0.0022937601692594877
7442,0.004157235489237742
7443,0.0575586113544195
7444,0.003687176694918409
7445,0.30601032977464715
7446,0.08524868829409933
7447,0.00011785153571902081
7448,0.28502122191207785
7449,0.5149953179352429
7450,0.5622541512629997
7451,0.36136393801252276
7452,0.9999999979053407
7453,0.999940018564092
7454,5.8637083246262905e-05
7455,0.0002988217704803753
7456,0.08630078809970249
7457,0.014382397497593402
7458,0.1628230290723463
7459,0.9999999626515222
7460,0.9998924508718726
7461,0.7415173808473697
7462,0.16566017884512982
7463,0.9999999735545864
7464,0.008455301043658435
7465,0.9999981331241272
7466,0.03225634191614336
7467,0.603348792815094
7468,0.026347539053334573
7469,0.07008229612416801
7470,8.707505857335176e-05
7471,0.9999773470802789
7472,0.09266423272354511
7473,0.004114261168066687
7474,0.7934366650273899
7475,0.006402107943939772
7476,0.01681410601237832
7477,0.9999999397609441
7478,3.000587923217525e-05
7479,0.021817977102945578
7480,0.18878834724964486
7481,0.755928876102226
7482,0.773481248035472
7483,0.020657802480776602
7484,0.009487441782844996
7485,4.149154104485113e-11
7486,0.33749955547988253
7487,0.6742319931487352
7488,0.5988967225279682
7489,0.046661252035272174
7490,0.022676886017950888
7491,0.5668600331713775
7492,0.04520832236633284
7493,0.6345026182596498
7494,0.008363267386134353
7495,0.006714510950927261
7496,0.0003274776263242463
7497,0.06127604359596146
7498,0.09069088335526608
7499,0.0007513473296996425
7500,1.0399979303464677e-06
7501,0.9999099462671438
7502,0.0005018488889912013
7503,0.015300211524987613
7504,0.6181799703399699
7505,0.9999999999979825
7506,0.2793573538980569
7507,0.8565132488751207
7508,0.000769270788777395
7509,0.5205706891510954
7510,1.926019016636343e-08
7511,0.00951660556665195
7512,0.0008960422013920614
7513,0.1599126453635804
7514,0.09489321016764066
7515,0.07702362214493003
7516,0.9999683594455712
7517,0.10306204411099783
7518,0.9999999999997475
7519,4.789014394265583e-06
7520,0.34778869418988884
7521,0.6500240300672862
7522,0.9999999999999993
7523,0.13482034841545115
7524,0.006414519028412562
7525,0.46788093122056956
7526,8.984212903578926e-08
7527,0.11490353401708371
7528,0.0006437772134038417
7529,0.09819049469534938
7530,0.03780993009617361
7531,0.999297137138187
7532,0.0008834863648470033
7533,0.004343293327001256
7534,0.20283495789742342
7535,0.9999999281007882
7536,0.014341461308183803
7537,0.27533708738191975
7538,0.08303921792367326
7539,0.0015372279958292979
7540,0.061581498806346835
7541,0.8032682637019201
7542,0.23950769357723797
7543,5.642652657953541e-08
7544,0.0996303883788364
7545,0.04577725847072142
7546,0.0676066198127867
7547,0.023825277622407763
7548,0.0550415346097642
7549,0.9999766535319251
7550,0.3608689897207003
7551,0.37351273278667496
7552,0.08142242568431747
7553,0.054260909422370156
7554,9.519437718566906e-08
7555,0.06778082562748475
7556,6.285900955492454e-08
7557,0.09349872983136855
7558,0.030184617891499045
7559,0.8045810396408183
7560,0.006228053259426933
7561,0.0012123002442266612
7562,0.9999999999999993
7563,0.69032496229785
7564,0.3686240968841848
7565,0.0007257779358274615
7566,0.003761176332275937
7567,0.0034734191029578893
7568,0.13724301788453225
7569,0.9952825216658788
7570,0.08256148466961986
7571,2.307089681064746e-09
7572,0.7783187107753027
7573,3.791587237080076e-05
7574,0.9999994310310467
7575,0.6537285442516941
7576,0.45835208956839013
7577,8.24706682875445e-05
7578,0.7595039606011249
7579,0.48760699912047545
7580,0.9999999999958897
7581,0.12709371821897902
7582,0.5935268656393604
7583,0.5074704633654767
7584,0.020179303107245992
7585,0.33516149864033407
7586,4.8637041879349864e-05
7587,0.11311343685175429
7588,0.15623256536018068
7589,0.6185666685101798
7590,0.0248840951284379
7591,0.7648108857608336
7592,0.07036630993836522
7593,0.09868200311698243
7594,0.9993755175262747
7595,0.6119182544913933
7596,0.00016445143365045517
7597,6.276692080335903e-08
7598,0.7584092067891502
7599,0.051101756811061154
7600,0.0420872292942263
7601,0.42025611694955833
7602,0.04588042698076351
7603,0.39910043961325187
7604,0.0009518248589627533
7605,0.9999927865592151
7606,0.05481926344005138
7607,0.011109837353118497
7608,0.9999999999979825
7609,0.5095233385482267
7610,0.0054385017253778065
7611,0.09138452793242571
7612,0.00032779984844434227
7613,0.4938652791320233
7614,5.8940147211053536e-05
7615,0.290625040925608
7616,0.5820163182260277
7617,0.0001568300531794905
7618,0.9999938703942096
7619,0.9999999999922757
7620,0.03769635627659608
7621,0.3641339597735112
7622,0.08144018261758593
7623,0.0005863299854979346
7624,0.9998908578332035
7625,0.26286236669881885
7626,0.495271360848689
7627,0.25180905538677567
7628,0.5196751454157427
7629,0.10265534258347978
7630,0.0343306903950151
7631,0.09327366413751217
7632,0.019290604437479656
7633,0.5736819113770901
7634,0.6792881718340602
7635,0.006809059044524495
7636,0.4473552059638499
7637,0.08920583954146741
7638,0.21709632283443486
7639,0.06337584227081947
7640,1.0934906513105507e-06
7641,0.08097993746815418
7642,2.262793031102402e-06
7643,0.6398560345797742
7644,0.4242116342670105
7645,0.08119059322538758
7646,7.861957689207421e-09
7647,0.9986577500030152
7648,0.3418317500382894
7649,0.9547690966483594
7650,0.00036695925715453034
7651,0.0023457801218933544
7652,0.6748323858240357
7653,0.0037604039430107683
7654,0.20320663447649484
7655,0.010012365136699408
7656,0.004249612554863238
7657,0.018039402730812924
7658,0.01904714159441593
7659,0.15929879279752968
7660,0.9999238655681607
7661,0.25723091386943986
7662,0.0017697102412513287
7663,0.3011681735785708
7664,0.7971566227502469
7665,0.5573259973695655
7666,0.4899598113872302
7667,0.9999893509049
7668,1.0
7669,0.13353900760334464
7670,0.02548360591802716
7671,0.6807348041049007
7672,0.01651442119490706
7673,0.00033655325002889864
7674,0.00041419831609392605
7675,0.07446042707311967
7676,0.05316227207032592
7677,0.036741464791316764
7678,0.00028412331945148784
7679,0.42992088277742224
7680,0.9999830435847934
7681,0.22704259087742562
7682,0.1628230290723463
7683,0.0003815355002079653
7684,0.04685629799580595
7685,0.9999884138300381
7686,0.01680919910633279
7687,0.09143445626888681
7688,0.9992729722185364
7689,0.3339004013781951
7690,0.04717877134389798
7691,0.06280397004916395
7692,0.2316488817608231
7693,0.30801033178619874
7694,0.00024373064360405753
7695,0.9846677289897943
7696,0.9999796266814168
7697,0.6288477344979544
7698,0.07459492286631093
7699,0.5445031560682339
7700,0.09904972144457154
7701,0.2648760786952721
7702,0.16614851510118306
7703,0.10573553065707687
7704,0.1299788097401876
7705,0.01519176568637122
7706,0.0305428255631967
7707,0.3329091764168623
7708,0.03367946047345248
7709,0.0785357143842048
7710,0.6676769240484652
7711,0.859301319550888
7712,0.07702121311113384
7713,0.5817215304847486
7714,0.9994114910501434
7715,0.013862618483014367
7716,0.05469807781553623
7717,0.5066267612737752
7718,0.9999979810950573
7719,0.3227506890522569
7720,1.0
7721,0.07981332927815975
7722,0.41187881957770933
7723,0.023412043134998596
7724,0.06057416036653927
7725,1.3063080549715312e-05
7726,0.9999999701066931
7727,0.039645156719048814
7728,0.018547288920360123
7729,0.7007608270763692
7730,2.5997953054343037e-05
7731,1.0
7732,0.012660704542762052
7733,0.3506537687634678
7734,2.80288671804817e-13
7735,0.06034027570425164
7736,0.06312749828345333
7737,7.479720341614024e-05
7738,0.9977867221840128
7739,0.6754259275404871
7740,0.254262524507117
7741,0.7271202472047547
7742,0.016395573853087868
7743,0.039839714449916894
7744,0.039186389878104584
7745,0.13951916869491948
7746,0.03583318565439977
7747,0.03705661660151709
7748,0.9999915758726201
7749,0.9999194817679666
7750,0.9999999999999998
7751,0.9999999999975739
7752,0.052335836490161367
7753,0.4049253640279458
7754,0.49662380388653515
7755,0.032849055514684145
7756,1.6390641546063487e-05
7757,0.9996436806487188
7758,0.5136194226806787
7759,0.3290451015160604
7760,0.0017166341195230948
7761,0.0198513608233925
7762,0.9999999996710458
7763,0.43383924139772845
7764,0.3899350617767645
7765,0.002949886706610033
7766,0.03545186883363671
7767,0.5966804320924216
7768,6.948246590167078e-05
7769,0.024077380131706735
7770,0.014390008469162767
7771,0.1964764185096943
7772,0.09352017802975485
7773,0.9995394700674111
7774,0.897445580711373
7775,0.06354122960791582
7776,0.0005150175356682909
7777,0.9999306814243845
7778,0.998653535257874
7779,0.2553972737381456
7780,0.25286524724467013
7781,0.008388369805618476
7782,0.00010650717754314612
7783,0.7269058506197699
7784,0.9999703786014833
7785,0.5354958434635753
7786,0.04572036296818771
7787,0.9665926247890582
7788,0.9999999999988329
7789,0.02630704816545372
7790,0.4999414748403748
7791,5.059138648596084e-08
7792,0.09590040415773335
7793,0.024822951627115848
7794,0.04991587444286542
7795,0.00852182206126151
7796,0.3433996647151841
7797,0.0001000153101371425
7798,0.0007433193649090083
7799,0.0034226401506670993
7800,0.0022874276033583267
7801,3.7954248257382163e-05
7802,0.009925888718166197
7803,0.7770539035750491
7804,0.01004850128835533
7805,0.16822903706939213
7806,0.3197626287669044
7807,0.7293994338367127
7808,0.16822903706939213
7809,0.8377614324370041
7810,0.6838130141296261
7811,0.19370623100299186
7812,0.504836715182548
7813,0.019759690354318404
7814,0.0703036844198052
7815,0.5430799891829677
7816,0.0332098091883393
7817,0.0008767723873256264
7818,0.8344411095667773
7819,0.1599817553348594
7820,7.232867070384772e-08
7821,0.07902107535344244
7822,0.7698438395996933
7823,0.0050917295729960175
7824,0.7604828110044806
7825,0.9962865857513226
7826,0.9144310566249887
7827,0.00531833954837134
7828,1.5610980789312704e-12
7829,3.528032457320335e-11
7830,0.005331104709378475
7831,0.9904831667452884
7832,0.7768625269674153
7833,0.07171005179257524
7834,0.00014988620725543873
7835,0.022814093222555263
7836,0.7535955655300157
7837,0.029751733618904964
7838,0.05347127826839873
7839,0.43239372663038067
7840,0.4502226102333932
7841,0.03387933542315603
7842,0.014248820702310271
7843,0.04058794471730038
7844,0.01841106212965153
7845,7.539894705560816e-08
7846,5.4497750147118315e-05
7847,0.7260176077274766
7848,0.0960123765055052
7849,0.021477885144802686
7850,0.021013291509007263
7851,0.9999999001347506
7852,0.006753467558795631
7853,0.9998797152533498
7854,0.001471466055447162
7855,0.9998975614021758
7856,0.008725519047586587
7857,0.6932175924000462
7858,0.6477001962524468
7859,0.010783417718701505
7860,0.009394942814908573
7861,0.6984210501999187
7862,0.002693606608639829
7863,0.08846682755567917
7864,0.0031345730920757393
7865,0.9999503591262342
7866,0.9999981331241272
7867,0.0024747245580554298
7868,0.054344838093908374
7869,0.01669771838761104
7870,0.02396260117509719
7871,6.574452496206583e-05
7872,0.9999396417407362
7873,0.01172561204803993
7874,0.09237894768459658
7875,0.008226382418693286
7876,0.00935605606975166
7877,0.16937274708225425
7878,0.0034317011719714064
7879,0.03445571491687129
7880,0.005944394415763998
7881,0.043731152376962484
7882,0.060957005096512855
7883,0.4719290275941867
7884,0.018200750858666844
7885,0.003408958493096131
7886,0.9999999969636557
7887,0.00010177966801730761
7888,0.9999941775678309
7889,0.07999709506349038
7890,0.057174370688663836
7891,0.9999999999999973
7892,0.009848976882396774
7893,0.0381782122934776
7894,0.011602089781871532
7895,0.017712765428180167
7896,0.11377217904225893
7897,0.02967289359202198
7898,0.601395832554584
7899,0.9999999735545864
7900,0.0003447899074864454
7901,0.9999946710208336
7902,0.05261710848451427
7903,0.443277260018864
7904,0.013732289666334704
7905,0.0003345065860762149
7906,0.9999999999995215
7907,0.005201186253552948
7908,0.999297137138187
7909,0.017568538125312463
7910,0.9999882382820197
7911,0.2533335314782085
7912,0.9400715659155243
7913,0.001107004181094148
7914,0.000271274972388498
7915,1.0030520761643357e-11
7916,0.18231187406004834
7917,0.04487278298403055
7918,0.9999999999922757
7919,0.0011366726652153683
7920,0.5472751557749788
7921,0.046726996076019
7922,0.9999982965958573
7923,0.05786025861964969
7924,0.26164196401375206
7925,0.4229267808279966
7926,0.13799309590274733
7927,0.9999974427656824
7928,0.12716644811535047
7929,0.0003279775302149252
7930,0.019689998255830173
7931,0.3532272360490864
7932,0.8946159194392592
7933,0.000909976270689255
7934,0.024794996955402816
7935,0.9999999870617378
7936,0.3688315130080588
7937,5.0993213747473874e-05
7938,0.0633889026123528
7939,0.35695209325676125
7940,0.03483293222425361
7941,0.026633069471742092
7942,1.3927162425396904e-05
7943,0.26819496635611056
7944,0.05513326055731953
7945,0.0802215409616432
7946,0.9999999999999281
7947,0.8802916474441534
7948,0.10381166505792827
7949,0.00011796791979638515
7950,0.02366105649024316
7951,0.07229773448394582
7952,0.003097661164419177
7953,0.036127518981289915
7954,0.0018096527042989936
7955,0.03799649120196231
7956,0.4635874577810164
7957,0.1269232594455236
7958,0.003204008694505618
7959,0.6852735852041663
7960,0.0008016628857056002
7961,0.0035035838076963315
7962,0.8784389678587544
7963,0.9999898000319377
7964,0.03847090805394017
7965,0.02140382988971177
7966,0.813174206020733
7967,0.999999999921082
7968,0.04271168349601747
7969,0.006028474993385974
7970,0.023975748582988753
7971,0.2716098308753741
7972,0.09775788085487509
7973,0.44898818669205903
7974,0.0009209424048756992
7975,0.09385333960861578
7976,0.04691333074165812
7977,0.001990039251047174
7978,0.9999999999652276
7979,0.4720393795536582
7980,0.04788732858838555
7981,0.39898058068009146
7982,7.755411113107987e-10
7983,0.001517932611552478
7984,0.29970962695377523
7985,0.2378621148272252
7986,0.12026660247636396
7987,0.07250350793809196
7988,7.521682227983932e-05
7989,0.000866640929805197
7990,0.0008199815327449407
7991,0.023103639958697252
7992,0.4695750606227193
7993,0.00041317065326788383
7994,0.9522783621977151
7995,0.0008598827693535361
7996,0.06325026839769343
7997,0.9999995564507851
7998,0.31689841350886144
7999,7.072066113217315e-05
8000,0.002175217700244386
8001,0.03802401014872331
8002,0.2679730870814923
8003,1.098422776682854e-07
8004,0.053043149989938004
8005,0.10289567581973436
8006,0.0061506994520856536
8007,9.500875077799961e-05
8008,0.479520942808306
8009,2.7617963086227203e-05
8010,0.9972682349705821
8011,0.9999699984489611
8012,0.26590680203565326
8013,0.6667802797176913
8014,4.306102818009253e-09
8015,6.433813462483434e-05
8016,0.9999999960866499
8017,1.3940410524333513e-05
8018,0.6141229915561406
8019,0.0010631474256180577
8020,0.02751988216909472
8021,0.07690976839526936
8022,0.009609960451808574
8023,0.04659138195987732
8024,0.026349238403136174
8025,0.9999996376818217
8026,0.21010556681173365
8027,0.9994864791158415
8028,7.226196062235909e-05
8029,0.021690949828232206
8030,0.3404305953377693
8031,0.019193635986096892
8032,0.9992270184820358
8033,3.7560080402117866e-08
8034,0.005893323507196865
8035,0.08968005315592359
8036,0.0001712829441523698
8037,0.15938227579379455
8038,0.02071018565747368
8039,0.00031549697815727286
8040,2.314923447706548e-12
8041,0.29159598403051584
8042,0.038804905661079074
8043,2.2474730545033575e-08
8044,2.1052069909118597e-06
8045,8.610244917027865e-05
8046,0.9999960313818536
8047,0.054070269619874364
8048,0.0003781940613377349
8049,0.5292681828741139
8050,0.0006551353601915712
8051,0.0016473202869842511
8052,0.052267185509149446
8053,0.00011188933675180557
8054,0.2525780843259552
8055,0.32173550156710556
8056,0.05955939391837744
8057,0.9999999999922473
8058,0.9999999947873253
8059,0.0001883723903176868
8060,0.8732014006664819
8061,0.3463265724619913
8062,0.9219058056791886
8063,0.9986712126456335
8064,0.28266552286698504
8065,0.717045246725144
8066,0.4233009340529467
8067,0.9999999999987743
8068,0.0013426515892029354
8069,0.0018760042026882062
8070,0.6760712757369952
8071,3.368680833203225e-05
8072,0.0003573112327478893
8073,0.8022952536726494
8074,0.026338307416796537
8075,0.008013224005280203
8076,0.012006227511454989
8077,0.3084453866928084
8078,0.38394372433326424
8079,0.9999999936098076
8080,0.7527214546201138
8081,0.00937263479500068
8082,0.8636839288682718
8083,0.15993105846879702
8084,0.9999684668444404
8085,0.07509071186131368
8086,0.030663614505341642
8087,0.0033065541381647433
8088,0.02398493480818377
8089,0.9999773470802789
8090,0.6487853204816805
8091,0.09782172448586271
8092,0.004858968734911174
8093,0.05467446247224828
8094,0.013930545561942585
8095,0.3749097673065014
8096,0.483737183860852
8097,0.8830982022368891
8098,0.940810027921564
8099,0.6632174001582019
8100,0.0010260392034776395
8101,0.571961840211253
8102,2.8386826771471034e-05
8103,0.9999994891032032
8104,0.016403448712360474
8105,0.9999998619922035
8106,0.033541337590536666
8107,0.001360381127174865
8108,0.05091250671442191
8109,0.999969237672411
8110,0.0012676412069387724
8111,0.17753069741300656
8112,0.9999999208947634
8113,0.03372802491819076
8114,0.08235003211301613
8115,0.9960331851290287
8116,0.010832530337079526
8117,0.01014393721332754
8118,0.12294629543217404
8119,0.07396549655061137
8120,0.5311492704154773
8121,0.483737183860852
8122,0.9999999473985101
8123,0.9471578410975255
8124,0.0012791312960086544
8125,0.04896809353858144
8126,0.9271370966149842
8127,0.001190335204722085
8128,0.010812926690056728
8129,0.0055891069859242025
8130,0.030457957911199315
8131,0.017428067973316207
8132,0.6385944437436588
8133,0.448853180424488
8134,0.07184531424322786
8135,0.3483691926624109
8136,0.023498541299465922
8137,8.466336352158468e-09
8138,0.37782425451957435
8139,0.21018446080519604
8140,0.9999999999993912
8141,0.055060208633695915
8142,0.023590408380422322
8143,0.12083448725087305
8144,6.912266787046137e-05
8145,0.011496153546264527
8146,0.046752032843302385
8147,0.00028746162515181674
8148,0.03000630209263786
8149,0.6193049502072118
8150,0.07763925139273903
8151,1.9623372701914175e-07
8152,1.1263733241402792e-07
8153,0.9846677289897943
8154,0.024302210274276093
8155,0.21200512594876106
8156,0.00028038750564817757
8157,0.02909111580743767
8158,0.9999967368864191
8159,0.8560249922955362
8160,0.32407218432356444
8161,0.999969237672411
8162,0.022464486433639557
8163,8.053567534798946e-05
8164,0.35105303171098245
8165,0.09839272344361571
8166,0.0007574945894619009
8167,0.02802784179928728
8168,0.009274716500817657
8169,2.0577767820627802e-06
8170,0.999999662986203
8171,0.20178212361741057
8172,0.5310041204599654
8173,1.0
8174,0.0009640444386939812
8175,0.017827591064303015
8176,0.07218769236468803
8177,0.027740875877879073
8178,0.0971309509377978
8179,0.0011115109974563118
8180,0.4915680893141361
8181,0.07669664210615447
8182,0.1716978133084152
8183,0.9999970932172579
8184,0.07297020044229323
8185,0.029797680614310883
8186,0.009945986025559586
8187,0.036988479498959476
8188,0.63126593719757
8189,0.043449828434004224
8190,0.05564979292452437
8191,0.050035055254700526
8192,0.055563602544913764
8193,5.059054124845909e-09
8194,0.00016695923168583583
8195,0.9998797152533498
8196,0.28438645551222413
8197,0.15183574557502036
8198,0.0011052269208384185
8199,0.5965323930401197
8200,0.00678100341886965
8201,0.45498382843524476
8202,0.022907250423647264
8203,0.34338969464681474
8204,0.012914495374141455
8205,0.0014621888212887416
8206,0.773481248035472
8207,0.05814301574849182
8208,0.06704865350691132
8209,0.9988694500387959
8210,0.008115729457912089
8211,0.13485731251232919
8212,0.9999999505924788
8213,0.6184611667067512
8214,0.9999198979664695
8215,7.163471234182488e-05
8216,0.0826740935225372
8217,0.25323014688307566
8218,0.198539685605007
8219,5.539628504089035e-15
8220,0.4092603413996961
8221,0.06134638872967642
8222,0.5062869724766575
8223,0.9997289993253704
8224,0.01684920574674286
8225,0.15650393322393846
8226,0.668292595267958
8227,0.4129839721270497
8228,0.09199135246955346
8229,0.053537235959375304
8230,0.4472573795734839
8231,0.025119071755655333
8232,0.9999999997324613
8233,1.4186773065434724e-13
8234,0.028829025651849315
8235,1.4226280734919712e-06
8236,0.9999882650456016
8237,0.5432068667125676
8238,0.10950149352431403
8239,0.0002225972260092562
8240,3.17263900158799e-07
8241,0.7182014789687137
8242,0.03255501333805561
8243,0.013352674217093125
8244,3.270928387557616e-05
8245,0.9999945573360445
8246,0.0009034216474646693
8247,0.0017633736287113971
8248,0.03207557597468928
8249,0.05093376087481856
8250,0.9999945915868409
8251,0.5602822904821974
8252,3.383206995550586e-06
8253,0.7324890270991752
8254,0.9999999999999338
8255,0.0007605025470834435
8256,0.9999888943513847
8257,0.9999982965958573
8258,1.8928168190013346e-07
8259,0.843108860185927
8260,0.043605100959527986
8261,1.3627684751350954e-07
8262,0.027576255012857615
8263,0.00034667891745361466
8264,0.834748513576208
8265,0.07153004344108463
8266,0.41752454933718436
8267,0.6010115191672254
8268,0.7260176077274766
8269,0.00012157792280489697
8270,0.06538810754048452
8271,0.03329638799765034
8272,0.00043252482926678636
8273,0.2588549569176459
8274,0.9994114910501434
8275,0.45202714314316955
8276,0.0012164515819496767
8277,0.11715839150903579
8278,0.1148727995904266
8279,0.026266446011633474
8280,0.9522783621977151
8281,0.9999890111767983
8282,0.9999999959698642
8283,0.3587601167959511
8284,0.577746808765285
8285,0.21030068794573933
8286,0.9998555612171175
8287,0.500892057151853
8288,0.9999999991343638
8289,0.5394406645753017
8290,0.9999999504829702
8291,0.04371459941962145
8292,0.05434358295197866
8293,0.0014183524493858635
8294,0.00013285518388295978
8295,0.056722352605620724
8296,0.002479372573768863
8297,0.9999946710208336
8298,0.7672111178650006
8299,0.11738901457274391
8300,1.9640772792517994e-06
8301,0.4945752331777135
8302,7.277093900691748e-12
8303,0.7698358796931514
8304,0.012658607722592344
8305,0.061913867842106396
8306,0.9990477925235239
8307,3.9286482726440575e-10
8308,0.9999864161890113
8309,0.01481331889321011
8310,0.03997468903162593
8311,0.028343725741294023
8312,0.008944127752231888
8313,0.006128040076934035
8314,0.002244454280562421
8315,0.16022153096183828
8316,0.9999912047552437
8317,0.8083546408885095
8318,0.3379491063708454
8319,0.007747924480577478
8320,0.2807758274018019
8321,0.0009111579078612575
8322,0.9999551203403014
8323,0.014776322190676308
8324,0.6204231811449956
8325,0.998400103738273
8326,0.008805542833502326
8327,0.14139027104530597
8328,0.004806407150802503
8329,0.38384174728048476
8330,0.02045257058751983
8331,0.040341998821949526
8332,0.7986798279326978
8333,3.3720831430795942e-06
8334,0.7686655728857913
8335,0.028054067033418274
8336,0.13586471353220467
8337,0.3345949408601618
8338,0.00418147580158135
8339,1.0
8340,0.022108216830373027
8341,7.523459931102766e-05
8342,0.0006054966584919044
8343,0.43489565123039403
8344,0.10018939401396787
8345,1.0
8346,0.6315360556210964
8347,0.006493247228807755
8348,0.15763122800380192
8349,0.9999974134038051
8350,0.10434824707036268
8351,0.10018939401396787
8352,0.0002176237428670095
8353,0.0009688069951102798
8354,0.0572946209492541
8355,0.9999999999958897
8356,4.714611546513029e-08
8357,0.051880705782712956
8358,5.540925924477815e-12
8359,0.7698438395996933
8360,0.016011937139740005
8361,0.25429560316494654
8362,0.0015967101756179018
8363,0.5343499442240718
8364,0.999967283456212
8365,0.6827378961767835
8366,0.08822375040382048
8367,0.9999998619922035
8368,0.019451839927057683
8369,2.5189105280746603e-05
8370,0.999996840911538
8371,0.06329553174071982
8372,0.016392081720268046
8373,0.3623563809582117
8374,0.0002940367613464326
8375,0.9999946550965696
8376,0.9999999473985101
8377,0.9999307651811087
8378,0.033316156862766254
8379,0.9999999999034836
8380,0.9874742549812224
8381,0.04294176645056666
8382,0.15271180322277395
8383,0.02409019957304718
8384,0.007187523383417029
8385,1.0
8386,7.330748778229726e-05
8387,0.6764479369841713
8388,1.143094136224746e-10
8389,0.9999949061764654
8390,0.41224577969337056
8391,0.051380172907371346
8392,0.051196436021058056
8393,0.5167788273631136
8394,3.572557959071749e-07
8395,0.004992975465694205
8396,0.04095293129917958
8397,0.07868918188198923
8398,0.004272359332304497
8399,0.8851556310715213
8400,0.0829636311331876
8401,0.2017032151049613
8402,6.361937009437379e-08
8403,0.020343282433367214
8404,0.999179853024476
8405,0.21859142264834588
8406,0.024694725096139805
8407,6.284013789642265e-07
8408,0.9999923603367182
8409,0.006185567099170235
8410,0.48129631131232853
8411,0.9999967368864191
8412,0.3229891987882055
8413,0.6372401718182735
8414,0.42194196887611557
8415,0.9999760099858953
8416,0.0003761128419252946
8417,0.47598877853790883
8418,0.32111116563521863
8419,0.18349149120792269
8420,0.0066604057986486736
8421,0.4551911519504629
8422,0.0020281893139422313
8423,0.006048240546077199
8424,0.02362565539980534
8425,0.5537237786199001
8426,0.7260176077274766
8427,0.028152237832970817
8428,0.0062082519741151025
8429,0.05948754889483481
8430,0.7798649139792554
8431,0.04558776261578813
8432,0.16326685181449224
8433,0.9999468702828593
8434,0.4023736366290008
8435,0.9999999735545864
8436,0.12275895754562866
8437,0.4969800169822487
8438,0.07999637217767362
8439,0.9999988421746157
8440,1.0
8441,0.024626011009436836
8442,0.009400604044524865
8443,0.10507617346604192
8444,0.02399687148530625
8445,5.3677047092319123e-08
8446,2.9451583327807864e-05
8447,0.1829026914631841
8448,0.02533997931432332
8449,0.23772413761101685
8450,0.6522621354449887
8451,6.489125230762972e-08
8452,0.4704519951033375
8453,0.9978821708142667
8454,0.02038731819341958
8455,0.00030165950952383894
8456,0.9999658975080324
8457,0.9995972184886923
8458,0.00010617334331678287
8459,0.2560158618119699
8460,0.9999927865592151
8461,0.0003934300768397629
8462,0.8484374969485309
8463,0.02937977798686843
8464,0.07632215765514497
8465,0.0010923083059203777
8466,0.0014055190910125081
8467,0.03983239999660379
8468,0.6006346090012404
8469,0.026634891593601304
8470,0.2509830891722442
8471,0.7154215138403823
8472,0.000539356263982809
8473,0.44002777969471907
8474,5.257177707513319e-09
8475,0.9999999999998144
8476,0.1065463458159147
8477,0.41681512016615413
8478,0.018171192878289666
8479,0.9999992365064237
8480,0.06145062212836383
8481,0.016515203271164437
8482,0.18397896091546834
8483,0.005047511420528725
8484,0.04963064792690438
8485,0.007112856642007649
8486,0.12582013061120842
8487,0.0503083704578502
8488,0.03390393629952359
8489,0.016230063169873236
8490,0.023386727690113317
8491,0.0015610278442408363
8492,0.00040752741068657473
8493,0.18914145808979885
8494,0.9998469464687444
8495,0.9999981783926795
8496,0.007144550433144772
8497,0.5767636047565019
8498,0.13221936878163834
8499,0.9971252190504959
8500,0.019935209767078407
8501,0.9999979810950573
8502,3.368527126956904e-05
8503,0.03630235578653255
8504,0.9994266798915595
8505,0.7818586867305705
8506,0.005371673425292725
8507,1.7341857662547196e-05
8508,0.009320307902941676
8509,0.0008950785726747088
8510,0.9952825216658788
8511,0.005706868404107828
8512,0.06433662015355429
8513,0.10915620818580232
8514,0.19883079532966005
8515,0.0009314125124972317
8516,0.9999999999917248
8517,0.0360278114565974
8518,0.8517635311410271
8519,0.0004138217751176919
8520,0.022711637213137247
8521,0.7653730545757417
8522,0.02861860306257893
8523,0.7989716873745586
8524,0.9999981331241272
8525,0.06956933565979137
8526,0.0450555792457155
8527,0.0002104571722272579
8528,0.031814094450798885
8529,0.5428693362360866
8530,1.1943171696316584e-13
8531,0.02974945257067617
8532,0.036351291547457185
8533,0.39091030519253217
8534,0.0024658306361109044
8535,0.47868318483390615
8536,0.10284630083070116
8537,0.41345224379994744
8538,0.02408588655065962
8539,0.021016319735195285
8540,0.023038437034846593
8541,0.7758949563024177
8542,0.014073273550336406
8543,0.9999999999930012
8544,0.10649861114174558
8545,0.0036882343762711877
8546,0.0017635301160464677
8547,0.9999994526886002
8548,0.016442586657837644
8549,0.6714621540979979
8550,0.1239815361538674
8551,0.4443030249775466
8552,0.9430057954269674
8553,0.4161119165986369
8554,0.9960331851290287
8555,0.06146205697334239
8556,0.22130387015146322
8557,0.07662886016107086
8558,0.003934127288221871
8559,0.36689946998020206
8560,0.23831820899531014
8561,0.9999999999999816
8562,0.9999999999999991
8563,0.5296472404277532
8564,0.0670074138670088
8565,0.0002579280431599209
8566,0.04755397026296094
8567,0.6216557908972479
8568,0.9999999999979445
8569,0.1518733077793877
8570,0.3913971699255514
8571,0.06599331647428251
8572,0.3878551818328461
8573,0.41509510753466616
8574,0.004323242054247546
8575,0.32653276698003997
8576,0.3913009469375846
8577,0.9998797152533498
8578,0.31725534628556734
8579,0.9988694500387959
8580,0.027303406757215338
8581,2.8560642114343133e-13
8582,0.2361211134778235
8583,0.021752437481807343
8584,0.07642100735702999
8585,0.38560443679031636
8586,0.00032181443409236635
8587,0.025471970407021528
8588,0.0003672893986927364
8589,0.9992270184820358
8590,0.9999999999972655
8591,0.9999999999997997
8592,0.004239098802015408
8593,0.5141448749336563
8594,0.0003234413750164429
8595,0.04958337229906346
8596,0.07201675367123549
8597,0.23980774637682808
8598,0.9999997983755491
8599,0.18145037727563323
8600,0.28052616963021354
8601,0.6948689843262226
8602,0.9999999999998999
8603,0.9999703786014833
8604,1.6860936650659617e-12
8605,0.9999377848818787
8606,0.01877978252314559
8607,0.008167449139826208
8608,0.0006720912134160703
8609,0.002214216503837164
8610,0.0009683343346496958
8611,5.6698889132935906e-06
8612,0.11304983437914201
8613,0.6155324175002506
8614,0.20514923749915087
8615,0.48806364446452954
8616,0.9999999847962577
8617,0.44065504583698983
8618,0.3847706705379083
8619,0.7892236294873951
8620,0.00019706492889655545
8621,0.0781162001319702
8622,0.8015778145383308
8623,0.0890700542974329
8624,0.9999999999996196
8625,0.0002190266102169317
8626,5.3543643633909095e-05
8627,0.007784366631888075
8628,2.3780184531566374e-06
8629,0.9999954830399131
8630,0.4649059423573173
8631,0.03172251744282955
8632,0.003160763574209937
8633,1.0
8634,0.6901929308592535
8635,0.0015524680564972062
8636,0.0037722719958865453
8637,0.9999981331241272
8638,0.5412269918009862
8639,1.0812265828712496e-05
8640,0.1709230347981688
8641,0.022161784521740596
8642,0.00011185534263048126
8643,0.006131218111631593
8644,0.9999999841191707
8645,0.025360887315929843
8646,0.47169879078348725
8647,0.3554046920570601
8648,0.9999996376818217
8649,0.08837903755002052
8650,0.020385123977927758
8651,0.00047215923425662635
8652,0.41296915615854873
8653,0.600232363500501
8654,0.0774819314131717
8655,0.1721411356104398
8656,0.03603945564969272
8657,0.00013238172129919075
8658,0.0016914634157611237
8659,0.00011640355915428333
8660,0.9999753975734189
8661,0.9994220191002254
8662,0.024058957769931163
8663,0.0020618576817690993
8664,0.00043337605585993367
8665,0.004446613559795437
8666,0.32714475211953015
8667,5.558418041207234e-09
8668,0.07555918590352524
8669,0.0008479105407173778
8670,0.0675902130124152
8671,0.9998056236955111
8672,8.802701692254005e-05
8673,0.15759552616668585
8674,9.60410589012301e-08
8675,0.008261952647543395
8676,0.5775557078687393
8677,0.05714816990984562
8678,0.09203143082119397
8679,0.004798652080061959
8680,0.03433918737545698
8681,0.9999946710208336
8682,0.1076743120311815
8683,0.6636939833799149
8684,0.0577368897577398
8685,0.9999999988911725
8686,0.020228294949799563
8687,0.3671439575466846
8688,0.8428691982550617
8689,0.641527948624478
8690,0.0406257662776837
8691,0.0014014073827172196
8692,0.02905495540968986
8693,0.0022972502648600773
8694,0.02064605340913975
8695,0.6508970628090409
8696,0.02705835606049336
8697,0.0008478896733394189
8698,0.042263978555592996
8699,0.022057255177993448
8700,0.0009098184586990476
8701,0.9999998619922035
8702,0.6218217150734816
8703,0.0009778322207498386
8704,0.08092069693998398
8705,0.007672032997930549
8706,0.3910955299431101
8707,0.01096843574444648
8708,0.0009392680854061357
8709,0.9999999999992679
8710,3.687096069815246e-05
8711,0.9953040958722555
8712,0.666836376909641
8713,0.09300801475760101
8714,2.5012478053229995e-06
8715,7.680149460947026e-09
8716,0.017762486319041842
8717,0.9998469351363014
8718,0.524258106268027
8719,0.0082330105688726
8720,1.061070586649642e-06
8721,0.6812377528781849
8722,0.9999983258964673
8723,0.0029065882758560796
8724,0.9999962667433226
8725,0.2903946059122686
8726,0.046781079887811425
8727,0.0009493469358803901
8728,3.146430598577871e-05
8729,0.3185667113408481
8730,0.9999999999989266
8731,0.04845158472228719
8732,0.8034051538167788
8733,0.02048631430489428
8734,0.03150714123736115
8735,0.9999999595368861
8736,0.3521294242950046
8737,0.018423799236545933
8738,0.10750724222927183
8739,0.06786721185805984
8740,8.009678545430762e-11
8741,0.0014941195228619266
8742,0.03122619002060433
8743,0.034121836289606376
8744,1.0
8745,0.9999981331241272
8746,0.027427510969342518
8747,0.9999861039484487
8748,0.022896867402034088
8749,0.02707451078888404
8750,0.033810119947047836
8751,1.0
8752,9.085541551563608e-08
8753,0.000573633966828496
8754,0.999999129620458
8755,0.0516032793585147
8756,0.5444807601108463
8757,0.31703809618103795
8758,0.0008008957953288949
8759,0.26013134756283574
8760,0.4328126479805624
8761,0.019849126468016356
8762,0.047036325899239194
8763,0.058231895326751694
8764,0.0038947085392286823
8765,0.040763633413419244
8766,0.033838894202931735
8767,0.300186450447308
8768,0.16598523975859503
8769,4.224389199784234e-08
8770,7.375100496430713e-08
8771,0.001385921889841287
8772,0.5981086260404511
8773,0.05840341696227813
8774,0.03710900248066802
8775,0.0006270964019107234
8776,0.0010960493509383506
8777,0.06205839294823173
8778,0.019732821892181205
8779,0.9999941775678309
8780,0.0021385624147017505
8781,0.057335597764140434
8782,0.10880406357184233
8783,0.999901057629586
8784,0.9999999725644487
8785,0.0005394230737209695
8786,0.036601271815104364
8787,0.6189019226971754
8788,0.5537773883062368
8789,0.6226400972701164
8790,0.027150331856438035
8791,0.37547860938444105
8792,0.00026078501414209193
8793,6.289446954648179e-05
8794,0.01045828343215316
8795,0.0009797434069714439
8796,0.8723147091456559
8797,0.015501697117241264
8798,0.000922524842492006
8799,0.2734214991421905
8800,0.9999999999982203
8801,0.2726205035638378
8802,0.3575467502171194
8803,0.4201716021086685
8804,0.023106678640572798
8805,0.1204017511397377
8806,0.05548807706736882
8807,0.01793360903851493
8808,0.09911788417344361
8809,0.12012413755887394
8810,0.6163322341765841
8811,0.09356759448651607
8812,0.0015593887902361507
8813,0.11221929891173273
8814,0.020416418082400054
8815,0.2905936890344786
8816,0.9996370522797131
8817,0.016806055342825317
8818,0.00023634265680695413
8819,0.23727627860409434
8820,7.897322037984649e-06
8821,0.027052472440012628
8822,6.088402775684182e-05
8823,0.2542151642068067
8824,0.040408733605446626
8825,0.012610631059060731
8826,0.9952825216658788
8827,0.9999985913992588
8828,0.007858635963656194
8829,0.010386282413485126
8830,0.00712927862574603
8831,0.0017308823664901605
8832,0.4955465629656689
8833,0.10775452496203605
8834,0.9999799198942245
8835,0.10155751881623745
8836,0.0028276764763916235
8837,0.0009664347720568889
8838,0.1530637316314012
8839,0.001312109951111122
8840,0.9992270184820358
8841,0.08829651565018973
8842,0.9999901418919322
8843,0.03740434559979155
8844,0.0005942940763448538
8845,0.9999999735545864
8846,0.4134122202408738
8847,0.0007033058640763635
8848,0.15099903355886063
8849,0.08837265548173193
8850,0.056296766253813045
8851,0.1497947735173372
8852,0.7996649234325245
8853,8.331389440101642e-05
8854,0.6881228832906433
8855,0.7281943264244165
8856,0.0017143786739294597
8857,0.012585910962067208
8858,0.305236106144851
8859,1.164280937293305e-13
8860,0.27878847820599006
8861,0.32887939503992974
8862,0.9999871625855974
8863,0.0525571303446298
8864,0.0006026503516506787
8865,0.5403002261781888
8866,0.9999927865592151
8867,0.02834129186212886
8868,0.05017002449437069
8869,0.1297835440243901
8870,0.0644269374687305
8871,0.006853843353439664
8872,0.9995827010766587
8873,0.4042796674326802
8874,0.5998472031385726
8875,0.7238592488595534
8876,0.07599095998282591
8877,0.7985220819467209
8878,0.03165653416091053
8879,0.9999999446595551
8880,0.05527159147295831
8881,0.06039485349447408
8882,0.03148036976567868
8883,0.01717191179010352
8884,0.7908041934017221
8885,0.2807220138237824
8886,0.9748558023841403
8887,0.9999897057958727
8888,0.001938541938509715
8889,0.38841856538058384
8890,0.10003055060885355
8891,0.06120486101468212
8892,0.276744232213245
8893,0.9998555612171175
8894,0.015427365798104397
8895,2.9732988188895766e-05
8896,0.9999997202270997
8897,0.001627935300485499
8898,0.25286524724467013
8899,0.9999997059845122
8900,0.001215292005027332
8901,0.0004868217851381071
8902,0.9999908535301765
8903,0.03175212387528087
8904,0.8029139036983786
8905,0.03838394290532424
8906,6.872207215978021e-06
8907,0.05713547475707351
8908,0.7262174560423091
8909,0.43934513519487073
8910,0.006756179701886478
8911,3.292439948370074e-07
8912,0.9999997900824108
8913,0.44677174190467417
8914,0.998400103738273
8915,3.0050695428102135e-15
8916,0.6166893056969268
8917,0.006182475210248692
8918,0.8954087264350672
8919,0.05419259074512996
8920,0.868190446980896
8921,0.10812596317618386
8922,0.14570542579319345
8923,0.001114923424425418
8924,0.3656556747669775
8925,0.44160724287319864
8926,7.521682227983932e-05
8927,2.1057999122747967e-05
8928,0.998813151758774
8929,0.03843755135628203
8930,5.709187169508692e-08
8931,0.20706889983523025
8932,0.9999999999999998
8933,0.03384749463149626
8934,0.005459907503047391
8935,0.0003291217673388589
8936,0.14735760146653973
8937,3.464944256924333e-12
8938,0.44509808802583767
8939,0.9999999999992679
8940,0.9999999947873253
8941,0.026867751583814155
8942,0.4901860505343823
8943,0.5555739107758892
8944,0.37796058404271216
8945,0.9999815068673342
8946,0.030806532507385704
8947,4.182646734083763e-05
8948,0.9072517207819832
8949,0.20658528830354544
8950,0.02074345622672828
8951,0.7313555447154526
8952,0.9999468702828593
8953,0.8901434416429823
8954,0.9998871089750672
8955,0.15394035418528795
8956,0.9999992332444584
8957,0.4353852532965187
8958,0.9987432763200147
8959,0.00829013433339887
8960,0.009882285699992993
8961,0.028850331799789266
8962,0.0013448051026554205
8963,0.00011721192469928531
8964,0.002553159179751284
8965,0.01685545180539058
8966,0.49939060424349074
8967,0.9999999999909643
8968,0.5611164011953722
8969,0.014744249500601308
8970,0.9999931401315814
8971,0.9960331851290287
8972,0.9999999473985101
8973,4.747819533308385e-10
8974,0.016978956422223624
8975,0.003172893027940165
8976,0.01689466023123436
8977,2.066052751891224e-12
8978,0.07831177802558838
8979,0.5077842627461471
8980,0.001647114242402035
8981,0.07537390116842355
8982,0.5461061157555487
8983,0.7260176077274766
8984,0.5008068841471359
8985,0.0005622747658381735
8986,0.9677597302916962
8987,0.29797984304265823
8988,0.35077548690682103
8989,0.0018369292430531078
8990,0.9999996793206005
8991,0.22759401670287652
8992,4.7367188006773375e-07
8993,0.05512748373293552
8994,0.9999999735545864
8995,1.0
8996,0.9999994891032032
8997,0.5881541333057654
8998,0.05326867598333793
8999,0.1849308765903184
9000,0.5642072475583138
9001,0.08221971738175736
9002,0.0016729314286670711
9003,0.00017210600673224407
9004,0.0664146408266443
9005,0.035098306963227445
9006,0.02351658236176133
9007,0.2647695556493593
9008,0.999999999999837
9009,0.6429892811984925
9010,6.513308855053809e-05
9011,0.43961800270802603
9012,3.913185159882679e-05
9013,0.02896854509541811
9014,0.9999999999995277
9015,0.9999998619922035
9016,0.9999999917260466
9017,0.9156129367770208
9018,0.0010264110083716448
9019,0.10372027990374923
9020,0.07104855782915329
9021,0.002405063765423662
9022,0.5645518849536162
9023,0.07228825953466214
9024,0.6622523229263797
9025,0.0072194117135286826
9026,0.6804999525283084
9027,0.9999954830399131
9028,0.0030298395307598327
9029,0.5780104812416527
9030,0.9999999999994054
9031,0.5405024496696793
9032,0.38214747542896527
9033,0.000763614743394576
9034,0.6249439805206732
9035,0.09567082703963259
9036,0.008947711848219478
9037,0.013937773204603342
9038,0.166715881728645
9039,0.004909435863926853
9040,0.0416919373060018
9041,0.5270525690814785
9042,0.9471578410975255
9043,0.034899356724218185
9044,0.0023894645716795596
9045,0.026057091061721094
9046,0.0797273421340532
9047,0.6041096292894272
9048,0.12495504812003833
9049,0.0001074386267626053
9050,0.999999853319719
9051,0.9999946710208336
9052,0.004573274164254192
9053,0.2085946246460925
9054,0.9697600320817458
9055,0.5680311314868879
9056,5.511909502629671e-05
9057,0.42232530603485446
9058,0.03406382359908492
9059,0.00019651246763958337
9060,0.01178047651045897
9061,0.00048163348881382956
9062,0.7800256977560847
9063,8.290075683524496e-06
9064,0.046362080974738595
9065,0.0819037336079322
9066,0.00042635984339243224
9067,0.14295478748302987
9068,0.048473003284288954
9069,0.0004037173567892321
9070,0.02264981171906201
9071,6.05285315216322e-12
9072,1.3273858597321577e-09
9073,0.0025725336098841407
9074,0.03480238043336749
9075,0.058841771996743175
9076,1.8900251485201904e-05
9077,0.14761926362506536
9078,0.0022028356896700873
9079,0.9960331851290287
9080,0.018022183225018626
9081,0.0023943030032472666
9082,0.03048657163533891
9083,1.701251601764127e-07
9084,0.000983995681533057
9085,0.25962239054429126
9086,0.9999999999995135
9087,0.9999998201530088
9088,0.029594093886380266
9089,0.0011651027906110208
9090,0.7269201326455134
9091,0.060612311325920924
9092,0.7427790341923547
9093,0.14039368700419155
9094,0.8134614122172124
9095,0.0230813282228628
9096,0.7310488555813554
9097,0.029776355916251114
9098,0.009385018921777096
9099,0.0687576110064904
9100,0.2025770307552799
9101,0.9999999999989149
9102,0.0008596194078007432
9103,0.4639478746346885
9104,0.05105927517405608
9105,3.766142420500987e-05
9106,0.9999982635378389
9107,0.3081849653689838
9108,0.00105761517404259
9109,7.741256072684013e-05
9110,0.9999963111401373
9111,0.6994389645098185
9112,0.016934380686955675
9113,1.2263254149753327e-05
9114,0.9996804359860182
9115,0.9999915758726201
9116,0.03529318504996882
9117,0.9997359615795828
9118,0.4443030249775466
9119,3.8797385644955126e-05
9120,0.9999999208947634
9121,0.0008149602915847902
9122,0.04127689622196602
9123,0.2704682370388453
9124,0.7349072605464965
9125,0.07095094837830677
9126,0.015455507046802663
9127,0.9999999999989149
9128,0.20256919492172087
9129,0.5749345437268684
9130,2.1992019392170748e-08
9131,0.4466593359104645
9132,0.999975272345115
9133,0.0001834144500144383
9134,0.1806783060305482
9135,0.9999976307571139
9136,0.33217518751203295
9137,0.03342098305763192
9138,0.22409973678048295
9139,5.51678705741296e-05
9140,0.9997553741978641
9141,0.5490348169842487
9142,0.9999766535319251
9143,0.26210124403998725
9144,0.0028801148783815143
9145,0.8094511586374223
9146,0.026645191042008163
9147,0.15649255521980707
9148,1.5396868079941498e-07
9149,0.0076951125932594715
9150,0.4902911354487781
9151,0.3187699187105122
9152,1.328978108947801e-07
9153,0.00838223208080423
9154,0.0008302022972789118
9155,0.9860680032345599
9156,0.0020113806853794313
9157,0.9606371299650697
9158,0.1131724393055637
9159,0.02363334273726785
9160,0.008411675715233794
9161,0.004556907452134455
9162,0.10230526069972971
9163,0.9240988688422124
9164,0.0007771487019492436
9165,0.00026818830152245077
9166,0.5635244368570345
9167,0.9999915758726201
9168,0.08258964308589502
9169,0.8422910785112894
9170,0.04305974656222236
9171,4.554657940336059e-06
9172,0.009273370001693128
9173,0.1331877604021865
9174,0.03683712833418685
9175,0.07929467398826005
9176,0.018494711785768662
9177,0.2474332875143869
9178,0.0004138217751176919
9179,0.574397129347153
9180,0.001031162835400512
9181,0.9999994400726848
9182,0.13774839531023342
9183,0.38086290079423657
9184,0.0007851614929701299
9185,0.9999994891032032
9186,0.0015286468898512975
9187,0.03554308856721277
9188,0.033159372479261415
9189,0.0022874276033583267
9190,0.016389506719975525
9191,0.013523183667337998
9192,0.30071847049720635
9193,0.010262037253280296
9194,0.8394763783661144
9195,0.006337248819758349
9196,0.5522283881878052
9197,0.04151011055803503
9198,0.07025938030542694
9199,8.214227940291428e-06
9200,0.001960942472751938
9201,0.016833269706600575
9202,0.1805193717359374
9203,0.31773846458917876
9204,0.08360262159114476
9205,0.9999993503260567
9206,0.02993197751959535
9207,0.1752484048388654
9208,0.019754523648963376
9209,0.9003531979321951
9210,0.4356350453340567
9211,0.09595738708783598
9212,0.07317410435851114
9213,0.00012723530659472073
9214,0.5603130982588613
9215,0.6811428337384071
9216,3.378613220023545e-06
9217,0.08517603093616087
9218,0.27166924336071974
9219,0.010349481021206475
9220,0.03989068879466801
9221,8.447006693891712e-05
9222,0.25120880580407023
9223,0.9999999999999987
9224,0.4335536990329457
9225,0.030925881868026993
9226,0.017268838006356216
9227,0.009852347336829253
9228,0.008646784665709789
9229,4.9868467065400945e-06
9230,1.039961295612483e-05
9231,0.01874431221893539
9232,0.02654913697087109
9233,0.004083642430221002
9234,0.8460157271783606
9235,0.26505710135662197
9236,0.0057838393307389595
9237,0.38115865439787594
9238,0.9999999999626068
9239,0.9999601770071805
9240,0.0750194060822379
9241,0.5533143678158193
9242,0.9999799198942245
9243,0.0001630241241835432
9244,0.47031349024025126
9245,0.3817440600453276
9246,0.009959782340282494
9247,7.810301251337139e-06
9248,0.38226684871223093
9249,0.0493977797564475
9250,0.14704047280624977
9251,0.27618636284104203
9252,1.0
9253,0.999963204011736
9254,0.11694563204066634
9255,0.2759790532902648
9256,0.02901617707435859
9257,0.6240878610520079
9258,0.32628168801190166
9259,0.062153201846833
9260,0.8424168282704294
9261,0.9999992332444584
9262,0.018038231477484117
9263,0.048575622874748106
9264,0.0897551713557187
9265,0.0001825982108608482
9266,0.00018319493621291564
9267,0.06250263965387146
9268,0.0038775030893009473
9269,0.9261670733167686
9270,0.000270400752845709
9271,0.9999999959698642
9272,0.999980349174261
9273,0.029038727686082608
9274,0.0003573112327478893
9275,0.9999999999097331
9276,6.337793727113988e-16
9277,0.0014073759399528224
9278,0.03169476253985142
9279,0.999999395933037
9280,0.06043824267539744
9281,0.1096427379516891
9282,0.9999997983755491
9283,0.9727805520514322
9284,0.02014573399640477
9285,3.6472433946431526e-06
9286,7.493375513484505e-08
9287,0.5468709446088738
9288,0.5846973050755322
9289,6.56456742913552e-05
9290,0.5845672134677004
9291,0.1599722299948548
9292,0.0010017428644305485
9293,0.0033622568214791947
9294,0.298473554178478
9295,0.0004971565713216403
9296,0.11018985732154073
9297,0.9823802159765859
9298,0.03579020709874885
9299,1.3740013994146318e-05
9300,0.02552185132893049
9301,0.028495196779422974
9302,0.0034189328477835556
9303,0.5926700026696531
9304,0.07327147876376007
9305,0.000587557914895424
9306,0.01422771720944711
9307,0.11912289967340675
9308,0.06285777939501683
9309,0.03260183845942009
9310,0.9608431053005552
9311,0.0625310305648292
9312,0.0004936374845062865
9313,0.3077705738162361
9314,0.010107551719274787
9315,0.022003986198669313
9316,0.9860680032345599
9317,0.1336347039026516
9318,0.0006751933592605172
9319,1.0989481379519466e-12
9320,0.10972921686774209
9321,0.0030902301233159085
9322,0.022117146056144246
9323,0.04895791883279605
9324,0.3453176180127702
9325,0.116947387201281
9326,0.059541361650428386
9327,0.007505177725391281
9328,1.2878099492042931e-14
9329,0.02189777298649315
9330,0.07675525075115053
9331,0.00023240565060162304
9332,1.933850866727666e-11
9333,0.9999883823088066
9334,0.9994236548143862
9335,0.0007024465865446769
9336,0.002970357045621813
9337,0.0017819458946016322
9338,0.04941942595348998
9339,0.00011923489350756683
9340,0.002857748465793784
9341,0.0002362192411685496
9342,0.9999999979053407
9343,1.0257313254988376e-05
9344,0.9999027678880438
9345,0.014764823982841646
9346,0.0020343821098330853
9347,0.004140751825620408
9348,0.6131486794004879
9349,0.020161280741136288
9350,0.051399870582295316
9351,0.010409907783793556
9352,0.03183081654364308
9353,0.6561112745712844
9354,0.39954796460949804
9355,0.07919688348954022
9356,0.9677507204368084
9357,0.9999999598765589
9358,0.15491584732050423
9359,0.001614246471106149
9360,0.0075152357190602466
9361,0.999999129620458
9362,0.0003545776879923735
9363,0.20689935774493043
9364,0.0002231779093369858
9365,0.0032377004885826466
9366,0.013298329847351532
9367,0.0896090190999222
9368,0.9999999999618485
9369,0.006079847722502697
9370,0.04516575334469656
9371,0.8272681433804483
9372,0.021769056961540474
9373,0.045079665239599026
9374,0.06133253030106708
9375,0.01153336383667016
9376,0.032188178855765935
9377,0.11128488945725355
9378,0.36678662464328243
9379,0.02120546164167467
9380,0.15993105846879702
9381,0.00429858958474385
9382,0.06270146951168475
9383,0.07675237618508848
9384,0.01123216358015685
9385,0.19005504894879308
9386,0.00011687482488849469
9387,0.6537285442516941
9388,0.24933191205979247
9389,0.08383805257056876
9390,3.746315835823197e-06
9391,0.0724596383586501
9392,0.04166848521451233
9393,0.7260829422706511
9394,6.588158242831428e-05
9395,0.06824783811513906
9396,0.07089686641776738
9397,5.9587968660818803e-05
9398,0.00048725771141073084
9399,0.001432342544244329
9400,0.0945743759584609
9401,0.027709466856744025
9402,0.025924636614367003
9403,0.9999999999652276
9404,0.07626264712430061
9405,0.1693861803986935
9406,0.011330096967481293
9407,0.7920046308207492
9408,0.24651332365809478
9409,0.048045946167436814
9410,0.07199653015127501
9411,0.003355523656010462
9412,0.0028252274285225105
9413,0.00034441476726629523
9414,0.0963527417291898
9415,0.13026152100007954
9416,0.031254022152938
9417,0.01926521331344701
9418,8.802701692254005e-05
9419,0.05122277101918193
9420,0.0006699349009161202
9421,0.03611588319532174
9422,0.0007941550208060821
9423,0.026900653742621256
9424,0.9876955229755461
9425,0.8040676610334039
9426,0.001065295023403472
9427,0.10943466541427162
9428,0.9999922374879432
9429,0.0008251366753148898
9430,0.08664984242544177
9431,0.666836376909641
9432,0.002488401131794899
9433,1.0
9434,0.1645207108352799
9435,0.0031375142667079627
9436,0.4179350690901468
9437,9.028073879212087e-05
9438,0.11605153536729068
9439,0.34947886546323215
9440,1.2571499925797977e-06
9441,4.056812860381691e-05
9442,0.03008018257745321
9443,0.08971149702884203
9444,0.9999999999881595
9445,0.00014650544506605398
9446,0.006406312611821232
9447,0.029552816297864888
9448,0.9999999999997997
9449,0.6295769353316226
9450,0.6202402388171883
9451,0.022929892650657892
9452,0.9999994526886002
9453,0.09603747243679109
9454,0.003794189012334909
9455,0.0013172337075086778
9456,0.0019939405684762167
9457,2.1430624921236977e-13
9458,0.9665926247890582
9459,0.8299061888622886
9460,0.026190629646760274
9461,0.025970790008472966
9462,0.022306789996903508
9463,0.4194118840852254
9464,0.9999682176837077
9465,0.9997301848248502
9466,0.449957906137823
9467,0.9996433643916972
9468,0.002198794755076261
9469,0.09828120951717129
9470,0.0004820367453890268
9471,0.002508798399669473
9472,0.20788872334515335
9473,0.9999999999993268
9474,0.5420352313625352
9475,2.6585268685859013e-06
9476,0.31899123611068314
9477,0.005540723520293745
9478,0.5082751531159793
9479,0.9999907912701409
9480,0.10674126474381444
9481,8.802701692254005e-05
9482,0.04489968619569009
9483,0.014784290883644347
9484,0.00199464799661038
9485,0.030706209528592196
9486,0.02206245662342733
9487,0.02335170753120554
9488,0.04685629799580595
9489,8.802701692254005e-05
9490,0.6728209852684135
9491,0.0006913557738809467
9492,0.4443030249775466
9493,0.5525846625793785
9494,0.05769008927285668
9495,0.0007184618412116436
9496,0.10116834156369219
9497,0.1947863898670757
9498,0.6395398064707586
9499,0.8762041954809053
9500,0.18093204723474293
9501,0.038713233343196526
9502,3.201219930754903e-05
9503,0.004857276872039992
9504,0.07846069587077262
9505,0.1347892444522511
9506,0.0008071478445802938
9507,0.003202094265781841
9508,0.1300456822587825
9509,0.4313336807180474
9510,0.00483856804985343
9511,0.003060285157949984
9512,0.9999027678880438
9513,0.9992270184820358
9514,0.3289426723519463
9515,0.9988634054607648
9516,0.03530247886803683
9517,0.0009118986939814905
9518,9.415315232956736e-08
9519,0.2525972763734833
9520,0.0006699349009161202
9521,0.26776553809899883
9522,0.8517635311410271
9523,0.2770425635996543
9524,0.9999923603367182
9525,3.965067374777399e-05
9526,0.7336283159856622
9527,0.06957645591824901
9528,0.9999422930460276
9529,0.4660471530415325
9530,0.5727622460057239
9531,0.999999129620458
9532,0.9997429245797382
9533,0.9999999440054388
9534,0.4473468725129727
9535,0.020325321683398057
9536,4.145046848386132e-07
9537,1.0
9538,0.4108136245963417
9539,0.06587143212288092
9540,0.0809465338774453
9541,0.0514471660429529
9542,0.007761161281498385
9543,0.9999438922738167
9544,0.999972110267944
9545,0.024839163783252755
9546,0.01912049012938031
9547,0.030741031862240815
9548,0.022239331554477226
9549,0.5510658257793697
9550,0.22595139871801792
9551,0.05668756053759602
9552,0.0030680610591955317
9553,0.4761918018519856
9554,0.15148534664827246
9555,0.999999999957891
9556,0.051316737855440615
9557,0.10087983914922083
9558,0.9980761328400841
9559,2.8058778010388034e-06
9560,0.014709011006765084
9561,0.008240999909387422
9562,0.030337598735218962
9563,0.16419608234182761
9564,0.19314741689299758
9565,0.0009731883308744417
9566,5.889691408363689e-05
9567,0.1013120346495148
9568,0.11747747288896791
9569,0.3916146620553898
9570,0.40077450316361707
9571,0.23845239940596072
9572,0.7350933941070259
9573,0.1694209524892282
9574,0.0019931807633778316
9575,0.3446867594167213
9576,0.6460060024854224
9577,0.3883209391776152
9578,0.005600107751773301
9579,0.3482794096889226
9580,0.9999938703942096
9581,0.564298508030712
9582,0.9998555612171175
9583,0.005970204944977395
9584,0.0006054966584919044
9585,0.046499137504991024
9586,0.4615744975513881
9587,0.6713749838657579
9588,0.02383487796642559
9589,0.999297137138187
9590,0.34310012813363083
9591,0.9999974134038051
9592,0.7431864246464983
9593,0.9999998619922035
9594,4.456516896242752e-08
9595,0.6995759215257208
9596,0.02303923643964591
9597,0.002110309936931924
9598,0.12709371821897902
9599,0.057890493517468285
9600,0.02651628665675875
9601,0.09023930242012444
9602,0.985902537156517
9603,0.5575266209708869
9604,0.11317390710293283
9605,0.019236140831341023
9606,0.036719289033060924
9607,0.1331877604021865
9608,9.882027459906218e-05
9609,0.11819193886559061
9610,0.016731187916136304
9611,1.3633324078091272e-05
9612,0.985847730028196
9613,0.013378322376492578
9614,0.060179066493318584
9615,0.035375227553537086
9616,0.7087386519943029
9617,0.19028519332854474
9618,0.0003596711402305837
9619,0.0007828621944851132
9620,0.0011102175036234684
9621,1.0177521463946636e-07
9622,0.03713540309508634
9623,0.003046988711045266
9624,0.4483678464348858
9625,0.3500281778463375
9626,0.999870013431982
9627,0.17927143365469878
9628,0.08873383412331676
9629,0.9999999999872569
9630,8.941949953581155e-07
9631,0.031944387693613095
9632,0.0033692467666539797
9633,0.008675334781209302
9634,0.61442725887893
9635,3.954657514540344e-07
9636,0.08554241933841829
9637,0.10491892953915767
9638,0.581088274451248
9639,0.021240399749459824
9640,0.025261255815312536
9641,0.09334410681781961
9642,0.024178625589447087
9643,0.4717395106996464
9644,3.506894311136665e-12
9645,1.8788790206487883e-06
9646,0.01285759269441886
9647,0.9999962667433226
9648,0.024038228634832126
9649,0.9999999989233042
9650,0.0945647764408639
9651,0.5595126481745095
9652,0.7000794893918469
9653,0.03706381419513432
9654,0.9999644222262511
9655,0.792329712954493
9656,0.31409049192404215
9657,0.002578361905315435
9658,0.005752474076942798
9659,0.03780208843993461
9660,0.999999853319719
9661,0.07033868928659434
9662,0.9612821432746796
9663,0.44159867904264327
9664,0.6896608494737094
9665,0.9999999999984592
9666,0.014148137956841708
9667,0.9999999999939677
9668,0.04959679641161973
9669,0.28164876129060773
9670,0.1284706534647948
9671,0.4443030249775466
9672,0.9986932958320094
9673,0.7599263080317749
9674,0.9999999998014804
9675,0.02251888957168938
9676,0.007046645519475005
9677,0.9999999998691911
9678,0.02472187312835262
9679,0.0632132486309868
9680,0.9748558023841403
9681,0.014292935144620754
9682,0.9999999999979088
9683,6.121501049347198e-05
9684,0.49082584004396274
9685,0.16587731258576424
9686,0.1115200226167867
9687,0.0007042050327154619
9688,0.42103105264792445
9689,0.897445580711373
9690,0.13637985181859458
9691,0.0283770835880725
9692,0.5212629152371417
9693,0.018689518605716767
9694,0.01602547571056745
9695,0.017972343663960055
9696,0.0008586282680456953
9697,0.9999999999999987
9698,0.0008725496957214074
9699,0.45062361679015467
9700,0.9999986168955598
9701,0.00864085932805365
9702,4.244621715039737e-09
9703,0.06519246825868555
9704,0.0003647720259084942
9705,0.2623275782393791
9706,0.054324629201789695
9707,5.8501404022742065e-06
9708,0.6763176737203345
9709,0.9967524483546744
9710,0.5857507435539646
9711,1.0365923093788911e-08
9712,0.9999468702828593
9713,0.6948689843262226
9714,0.0329943589311163
9715,0.07293942638615504
9716,0.7698358796931514
9717,0.8528009077555483
9718,0.0004415318273185694
9719,0.00029950183414090026
9720,5.2678541606053335e-06
9721,0.3792168873847983
9722,0.9999997983755491
9723,0.049480319492601385
9724,0.39494939200990015
9725,0.5386784984033102
9726,0.01605003491161444
9727,0.9369800036749208
9728,0.0036139538678568103
9729,0.0006507235573864137
9730,0.06031683139340232
9731,8.290075683524496e-06
9732,0.017337282839900995
9733,0.7260176077274766
9734,0.008686149109845975
9735,0.05666071389574174
9736,0.0002225972260092562
9737,0.49224721571468827
9738,0.000413199079323867
9739,0.04761170683226522
9740,0.002402712844190013
9741,0.9999954063093558
9742,0.9999999272783617
9743,0.019102616281679315
9744,0.05369785642817663
9745,0.9999999999983553
9746,0.2071345566827836
9747,0.07352864592186624
9748,0.002170141903441336
9749,0.01555970552530041
9750,0.4106992142662159
9751,0.9999996601896832
9752,0.38164718053660696
9753,0.6847410910281878
9754,0.05067679873371591
9755,0.7581645520421283
9756,0.1684762729610776
9757,0.019294928920545608
9758,0.6863433431192393
9759,0.024386272866854946
9760,1.2400234495281665e-05
9761,0.0006046007403788739
9762,0.7604828110044806
9763,0.1682227788354381
9764,0.04344343050793268
9765,0.000482377228622009
9766,0.37070026393492084
9767,0.00014244188811895301
9768,0.18528249811440214
9769,0.019727168100460064
9770,0.26110775518636836
9771,0.9999882650456016
9772,0.02594474653111222
9773,0.9999999997952791
9774,4.778771554099348e-05
9775,0.06330666948555116
9776,0.008784272580095358
9777,0.050233619461051364
9778,0.9999982965958573
9779,0.03699627692069775
9780,0.022167002397824796
9781,0.00010920858176710578
9782,0.012379241098539148
9783,0.9007875116867414
9784,0.7727662332542086
9785,0.07682151141936237
9786,0.028028324764544556
9787,0.010305967994960556
9788,0.11637565165587235
9789,0.11130192976896074
9790,0.6091676135836678
9791,0.09575440778295115
9792,0.9999999982404055
9793,0.02671133789126835
9794,0.07375090738410958
9795,0.14051870682430692
9796,0.0031804772676600618
9797,0.0069025508936871255
9798,0.019151283737087275
9799,0.020406841991814403
9800,1.0
9801,0.4318214602531219
9802,3.254985290130569e-07
9803,0.18824956823709518
9804,0.03572419225159068
9805,0.31492567855065484
9806,0.002625549178369431
9807,0.08575330415103273
9808,0.1571208536580715
9809,0.12830898004115862
9810,0.008815354683001073
9811,0.2728362687653844
9812,0.04820946526825401
9813,0.014982661557751624
9814,0.5959485632159868
9815,0.0003573112327478893
9816,0.576752519144407
9817,0.09386468467590553
9818,7.085295000516373e-05
9819,0.03395333177417871
9820,0.046131150776889195
9821,0.3024113741139159
9822,0.0019423041737859563
9823,0.22437500925384798
9824,0.03487900079183451
9825,0.0014295371196570662
9826,0.30074953217942446
9827,0.02707446945351735
9828,0.04620933812545743
9829,0.3879796576654576
9830,8.843728090602084e-09
9831,0.42065193582937105
9832,0.9997608539748719
9833,0.006864815286152237
9834,0.004567745382563477
9835,0.050174805933896394
9836,0.6500877340189984
9837,2.6839340871328047e-14
9838,0.9999999999998568
9839,0.0025294819633302473
9840,0.02353638021074071
9841,0.001328890881369842
9842,0.03741552924841663
9843,0.007004367614368092
9844,0.9999999999423126
9845,0.9998958959974398
9846,8.54651455680202e-08
9847,0.008459075066476076
9848,6.537343998023618e-05
9849,0.37351273278667496
9850,0.3187699187105122
9851,0.8257523451060513
9852,0.014772165981883481
9853,0.0038319705820412157
9854,0.43071736444909786
9855,0.2047812973183725
9856,0.25962239054429126
9857,0.1123838051160917
9858,0.6920065602284328
9859,0.7809270007153588
9860,7.401953198461101e-07
9861,0.37741117614101505
9862,0.00014863925388017702
9863,0.2881173328631181
9864,0.011037421906054288
9865,0.036223007302998746
9866,0.9999993858334968
9867,0.02218649391666546
9868,0.4536298175257883
9869,0.00018285548752025423
9870,0.00873381533786861
9871,0.027819310362383432
9872,0.7963301753399673
9873,0.5448761465047641
9874,0.024467247385701146
9875,0.39581534054059203
9876,0.8074079679482034
9877,0.0015876621811558942
9878,0.0004084437365820152
9879,0.0007182323607173187
9880,0.4017250658430714
9881,0.09197312239676438
9882,0.6704943206275895
9883,0.99968279088264
9884,0.5215918173531205
9885,0.14383431743557015
9886,6.7901467755751044e-12
9887,0.37891780295668465
9888,0.9992729722185364
9889,0.01608355352188159
9890,0.006332900772896762
9891,0.04647871432177164
9892,0.9994412934163432
9893,0.00012433163714414694
9894,0.03642303864528369
9895,0.9999201979670218
9896,0.8377614324370041
9897,0.29908649589809927
9898,0.999999992790626
9899,0.7674808532036447
9900,0.08007548101675344
9901,0.40796767781120274
9902,0.008707242738762005
9903,0.39487168688292945
9904,0.6074152316035566
9905,0.9999493302810102
9906,0.006561033291917164
9907,0.04654226378298919
9908,0.24709130296297213
9909,2.2877515302889404e-05
9910,4.721321051116502e-06
9911,0.22796694512107238
9912,0.0010222005413459427
9913,0.005749155454098616
9914,0.09948772110016038
9915,0.010879204380458845
9916,0.09825510099115325
9917,0.002344587877841784
9918,0.5832001190097833
9919,0.0064207355738367155
9920,0.5958601746049952
9921,0.12385986882362084
9922,0.3114557440918775
9923,0.22903826625813745
9924,0.10298581137435614
9925,0.06068357083045243
9926,0.053694539214988575
9927,0.6500173068770303
9928,0.13324993939513693
9929,5.120022013060809e-05
9930,0.04139125893314912
9931,0.49358200969996585
9932,0.5243902520849884
9933,0.00013828293228584538
9934,0.9999703786014833
9935,0.9999960313818536
9936,0.03840644280738317
9937,0.02047822240672886
9938,0.8470683647746314
9939,0.02719675866023441
9940,0.9999998619922035
9941,0.0010487753732745034
9942,0.496842099117598
9943,0.07361118582080846
9944,0.12502353644002598
9945,0.01940300497991574
9946,0.1956943576154018
9947,0.4576524213916765
9948,6.002556081317855e-12
9949,0.14724413056817937
9950,6.654144202373494e-06
9951,0.0018268826142439833
9952,0.03407348143367697
9953,0.011917621993734901
9954,0.9992270184820358
9955,0.002224948428177094
9956,0.8046532190874687
9957,0.03427552615054292
9958,0.005659684595274378
9959,0.038409980367639526
9960,0.3983241790675515
9961,0.0007357830379443511
9962,0.2328826445362859
9963,0.3248082231493231
9964,0.9999999735545864
9965,0.012383730177071384
9966,0.38536055885619575
9967,0.05599082221346501
9968,0.009453425977871072
9969,0.7342917158401656
9970,0.0031237948731451487
9971,0.0052413554207388175
9972,0.0010608259644735438
9973,0.3749097673065014
9974,0.04786345213767065
9975,4.3068384121264815e-07
9976,0.8517635311410271
9977,0.9999833840324339
9978,0.3610328452360904
9979,0.13724257976099796
9980,0.012615949886944812
9981,0.9999889450321792
9982,0.9999546676589219
9983,0.999996840911538
9984,0.02904833339784612
9985,0.07346324383055657
9986,0.5566515467779916
9987,0.852258553447689
9988,0.010885606912107819
9989,0.0016273618803161138
9990,0.46330403350047883
9991,0.486560755604982
9992,0.08739004444007045
9993,8.292509018218646e-05
9994,0.031031469404886835
9995,0.5853136641888577
9996,0.08168428302730527
9997,0.7954283392175271
9998,0.9999999735545864
9999,0.43492992618820386
10000,0.03499095314931111
10001,0.9999734609493545
10002,0.9999999999989149
10003,0.003326810059658387
10004,0.19983064905136178
10005,0.9999995053417972
10006,0.02033065826846645
10007,0.07873559978345374
10008,0.1276279563807116
10009,0.06816764383766635
10010,0.0049364263272960035
10011,0.01448818098336982
10012,0.9999998136340312
10013,0.045004742771210755
10014,0.1948804233493474
10015,1.0
10016,0.0061580983068195904
10017,0.0885591195224287
10018,0.1958463344219201
10019,0.2624138263836415
10020,0.1175141932639512
10021,0.3938894401968573
10022,0.20786975708657254
10023,0.4188502006846685
10024,0.41699541104512344
10025,0.34402100816546094
10026,0.577746808765285
10027,0.4611994206721243
10028,0.017973085247241786
10029,0.18445923545205642
10030,5.7055211211173395e-08
10031,0.0003573112327478893
10032,0.003584526166597063
10033,0.01548355824888153
10034,2.3668163415156174e-05
10035,0.23431138004277285
10036,4.972635138130453e-08
10037,0.01132772386789627
10038,0.004377509517297091
10039,0.0010552907593021621
10040,0.07346292959300067
10041,5.3118908781035195e-15
10042,0.031915197148866696
10043,5.320235288634401e-07
10044,0.004216000066411606
10045,6.146402337152967e-14
10046,0.29958466762955777
10047,0.5217478392315531
10048,0.01450806661047775
10049,0.04159986763672856
10050,0.0012916029682606912
10051,0.0198552164970989
10052,2.0920935917634924e-09
10053,0.4832097415099762
10054,0.16483305571937468
10055,0.514301789902089
10056,0.00038626536059361075
10057,0.756378736116746
10058,0.9999999999999964
10059,0.5323120311303453
10060,0.00036137784507988684
10061,0.00036695925715453034
10062,0.061477992948524934
10063,0.03482506877491857
10064,5.305274318748106e-06
10065,0.038357163137526844
10066,2.2809516497739487e-05
10067,0.022155111209996917
10068,0.2920516857556079
10069,0.468101174883578
10070,0.05370323199170746
10071,0.05042061009540774
10072,0.7260176077274766
10073,0.00020122209636663576
10074,0.21147247291763024
10075,0.01692215336709742
10076,0.14400196805798424
10077,0.04676369279159317
10078,0.0021006274890997658
10079,0.2890827897078579
10080,0.021238957021946687
10081,0.9998884635664455
10082,0.2841033708860169
10083,0.0002518606338418769
10084,0.0019885307807933146
10085,0.9999994894237247
10086,0.999999930567364
10087,0.0195159613269626
10088,7.303659280775207e-09
10089,3.5288935262299936e-05
10090,0.0005499918092833502
10091,0.12434725382977331
10092,0.6679119493907382
10093,0.004127642616785805
10094,0.0014851701147782078
10095,0.026539328382321252
10096,0.7920046308207492
10097,0.0016050930890691136
10098,0.9998958959974398
10099,0.07445070002862887
10100,0.0003261355215896532
10101,7.30172818511159e-05
10102,0.0445040474764321
10103,0.0407156344164357
10104,2.5332366205601593e-05
10105,0.053685273128591414
10106,2.2580448080701026e-05
10107,0.1194925293095398
10108,0.5911296698229945
10109,6.221363048042253e-11
10110,0.727630981631007
10111,0.0009919089355221208
10112,0.9999960313818536
10113,0.3903483228999541
10114,0.20146206966692262
10115,1.317411170454839e-05
10116,5.408289104519989e-08
10117,8.343644387618068e-11
10118,0.011397909817459476
10119,0.0021579688416319062
10120,0.9999377848818787
10121,0.08406182833585985
10122,0.028636200331244463
10123,0.005344256366891055
10124,0.9346566597450768
10125,0.6946351159680205
10126,0.0026773356048998154
10127,0.03175498641317398
10128,0.4545646829358476
10129,0.06432880960859577
10130,0.024096626271996473
10131,8.180670062916922e-05
10132,0.9999892063722122
10133,6.656991426832757e-08
10134,0.02709659752368505
10135,0.6187915821713248
10136,8.47400713950901e-09
10137,0.9999358229977083
10138,0.00031870335501524495
10139,0.041719914804009876
10140,0.41640948273489503
10141,0.01890496471657137
10142,0.9999999735545864
10143,0.06562339988998381
10144,0.25050762636644475
10145,0.5538848900996738
10146,0.3118841895638879
10147,0.9995972184886923
10148,3.3239358350178295e-07
10149,0.03845658543461407
10150,0.358181782982729
10151,0.007195900007228119
10152,8.232893921567417e-09
10153,0.12690841951314688
10154,0.5252245197771376
10155,0.9977867221840128
10156,0.0034961187323760343
10157,0.0020868261187153955
10158,0.8901434416429823
10159,0.24477212156820982
10160,0.05562023543115329
10161,0.17867323952905842
10162,0.9999684687296096
10163,0.008377662832091296
10164,0.0013115297274745152
10165,2.2074881383316793e-15
10166,0.0008479328460590302
10167,0.031624128401637364
10168,0.04908179492455101
10169,0.4243745777637588
10170,0.6147964014301961
10171,0.999999819000894
10172,2.027109607535432e-08
10173,0.1964731822303283
10174,0.850488010770025
10175,0.016257071513275035
10176,0.9999996601896832
10177,0.9525775689944926
10178,0.9999998619922035
10179,0.02123943059922213
10180,0.9998924508718726
10181,0.05482028754329025
10182,0.9999988783221022
10183,0.59689620459888
10184,0.0011627157750914744
10185,0.00024867977780898987
10186,0.00019681633298728458
10187,0.9999999999999998
10188,0.9999969218087359
10189,0.026306782890889596
10190,2.861888096021035e-09
10191,0.029319071694406545
10192,0.48443477283955494
10193,0.8005435937733628
10194,0.04836878501769376
10195,0.9999999997952791
10196,0.01288217996797042
10197,0.17334783117357372
10198,0.0833307845411529
10199,0.3584787508304339
10200,1.8749309888632102e-05
10201,0.21361701207386313
10202,3.5656901436958176e-08
10203,0.799265714942709
10204,0.9999937902711593
10205,9.917050295967568e-07
10206,0.146404413317525
10207,0.008570162141170618
10208,0.01038711748279364
10209,0.0006588235752861347
10210,0.07191106167121498
10211,0.0008657821609283945
10212,0.02965669707653077
10213,0.9999999735545864
10214,0.45750614198213313
10215,0.014075110844174553
10216,0.5322602036301373
10217,0.4031346738353377
10218,0.003183683757944244
10219,0.01122537904249949
10220,0.15948950331192027
10221,0.1542623163210152
10222,0.0010968672234366768
10223,0.02827109296949613
10224,0.9999971334097196
10225,0.033897359521425474
10226,0.06327263610527073
10227,0.05051689633133841
10228,0.09142642908468514
10229,0.14500250819723803
10230,0.6276601779034537
10231,0.006846966745269494
10232,0.0016568405175958589
10233,3.689449055735236e-05
10234,0.09748139324960671
10235,0.03845384160358643
10236,0.9999198979664695
10237,0.0387312839391761
10238,0.9999999771426827
10239,0.7580197364499398
10240,0.057997514064648106
10241,0.11149276229468598
10242,0.020792956653447776
10243,0.001033633444557536
10244,0.0024067341934292342
10245,1.7139180732069813e-16
10246,0.021548130173925383
10247,0.1360519008340426
10248,0.5052839112006474
10249,0.5668600331713775
10250,8.843728090602084e-09
10251,0.42846842839638677
10252,0.0448480694554968
10253,0.4396604026412728
10254,0.8367219601705694
10255,0.000279005303909655
10256,3.638865192409345e-05
10257,0.5187612367942473
10258,0.06798653344912062
10259,0.029857246922453614
10260,9.354151965567971e-07
10261,0.09573583466889707
10262,0.9999999999999818
10263,0.06332030347490036
10264,0.45698091338210417
10265,0.03743535807320093
10266,0.02826652069902839
10267,0.37892079349264185
10268,0.021556318326701577
10269,0.0003126908851626584
10270,0.0005394230737209695
10271,2.919157551825089e-05
10272,0.07595604063178
10273,0.6135416628965137
10274,0.09615862952205163
10275,0.0012589818321363717
10276,0.023401402818015418
10277,0.0006242094945403049
10278,0.004684392740798975
10279,8.534766741287268e-05
10280,0.0777076161872035
10281,0.20429979770582343
10282,0.05279708113639891
10283,0.9999999999997671
10284,0.0887648943823159
10285,0.4331522970651946
10286,0.8101385392065779
10287,0.4266943425874857
10288,0.00023344871899893743
10289,0.704025232063832
10290,0.6565363104679799
10291,0.061501018019517406
10292,0.01450991785201945
10293,2.5208700773350376e-05
10294,0.0015394874607003604
10295,0.05740838529787732
10296,5.1789576928486375e-09
10297,0.9190900003837567
10298,0.028302272390418343
10299,0.013930722409597009
10300,0.07591442324349547
10301,0.0182300692285472
10302,0.054614821742727415
10303,0.08332630442101464
10304,1.7632865700463243e-05
10305,0.9999999999999116
10306,0.030891242237986255
10307,0.004781424661514489
10308,0.7577811228287609
10309,0.00027597012645156786
10310,0.04716666486561431
10311,5.2617382582232206e-05
10312,0.01946547698520797
10313,0.4739993916910568
10314,0.005901197785634401
10315,0.045621966778268234
10316,0.0708862465959533
10317,7.521682227983932e-05
10318,0.638621847617352
10319,0.0673686513491255
10320,0.030469955236805624
10321,0.8394763783661144
10322,0.999997444838875
10323,0.15592909724268483
10324,0.0827171210129132
10325,0.11542338157182917
10326,1.0
10327,0.0032103097546621524
10328,0.07186333639082822
10329,0.03396072533439788
10330,0.029198075193833033
10331,0.8352211570567989
10332,0.0012686539244874725
10333,0.03429640393578013
10334,0.014981066482182217
10335,0.9992830811753257
10336,0.0008264297354145972
10337,0.0004219197329440438
10338,0.024102169894672575
10339,0.011090001214025855
10340,0.009654546906167022
10341,0.0339697104839005
10342,0.022108347370709595
10343,0.7327285992940407
10344,0.9999282942246266
10345,0.0004430319883864384
10346,0.7104954366025724
10347,0.09947942894372987
10348,0.3426343952704667
10349,0.999967283456212
10350,0.999999662986203
10351,0.9999564306420674
10352,0.00567991979319391
10353,0.9996217632877019
10354,0.002476682744773474
10355,0.026847266485277608
10356,0.9999999999999567
10357,0.9748558023841403
10358,9.592078690705495e-07
10359,5.216875561804833e-08
10360,0.8074079679482034
10361,0.027225534179499206
10362,0.9999999724964256
10363,0.8381358202685719
10364,0.006107583405914489
10365,0.999996840911538
10366,0.0024789089886915554
10367,0.0023317783272049915
10368,0.6641671547880655
10369,0.04750566319746704
10370,1.2977840140805567e-07
10371,0.0008974027135356605
10372,0.21931718336137504
10373,0.9997608539748719
10374,0.9999978630448434
10375,0.852258553447689
10376,0.6367169652652263
10377,0.19287233289183878
10378,0.022094051234728494
10379,0.01818203343617144
10380,0.12022059738647227
10381,0.6487452734000043
10382,0.06163193196435981
10383,0.5362319235093072
10384,0.1172303902885121
10385,0.20649809535328073
10386,0.046348798167048316
10387,9.915157442234997e-08
10388,0.24084140513682473
10389,2.234557056499512e-11
10390,0.008065091964341612
10391,0.20762578519313146
10392,0.9999999724964256
10393,0.010697384266200668
10394,0.000782316831402586
10395,0.00017289765182660328
10396,0.4397439017552206
10397,0.0012329469206800103
10398,0.9999999999994054
10399,0.0023900942874970567
10400,0.13627404716067607
10401,0.723445139885747
10402,0.060782641165390575
10403,0.6811428337384071
10404,0.016681647366638002
10405,0.002079629585872413
10406,0.03046012244174164
10407,0.49222369398614313
10408,0.006197246331092104
10409,0.7698438395996933
10410,0.0005774039937147934
10411,0.9999981331241272
10412,8.697951289647176e-08
10413,0.000937895159367475
10414,0.02559067141344802
10415,1.2645247641540033e-05
10416,0.9999999999993268
10417,0.05584596513531559
10418,0.9999999997324613
10419,0.9999917869630841
10420,1.5516299568903956e-12
10421,0.5346778349580974
10422,3.1854615499308977e-06
10423,0.37024880319452347
10424,0.028699532777534825
10425,0.0014843346619245162
10426,0.0018750836600604558
10427,0.01019861432921302
10428,0.01926527936318898
10429,0.3927613438141068
10430,0.9999999988911725
10431,0.16975524485772614
10432,0.07549304467409491
10433,0.019321061599896768
10434,0.044930582517749174
10435,0.9999868143430042
10436,0.9999594272414375
10437,0.9772800884316385
10438,0.8996724379062506
10439,0.9999992070514018
10440,0.026397351803248058
10441,0.1274686522005718
10442,0.00014244188811895301
10443,0.03910993466127042
10444,0.1812061222625649
10445,0.014273636186472639
10446,0.017781568317856856
10447,7.521682227983932e-05
10448,0.0031212525010136227
10449,0.02149394527602456
10450,0.01870067363168669
10451,0.062197602835345214
10452,0.17210835872419603
10453,0.0164699256545166
10454,0.002583704722209235
10455,0.6159403233342627
10456,2.0238882693720724e-05
10457,0.36513236856519654
10458,0.9999994526886002
10459,0.756378736116746
10460,0.029236035672462905
10461,0.998400103738273
10462,0.0182290268013876
10463,0.9999998575966879
10464,1.0
10465,0.0003215049926372375
10466,0.026041282529593597
10467,0.0024746894347181395
10468,0.9909788848066522
10469,0.002494113573713373
10470,0.04534882151293136
10471,0.026306446250311442
10472,0.011130309044941495
10473,0.9999946550965696
10474,0.019359167938798237
10475,0.008653902817537362
10476,2.4947875450064265e-05
10477,0.0001847327786548372
10478,1.159706784126506e-09
10479,0.036299307703827416
10480,0.006449273018776549
10481,0.0007733392139635463
10482,0.9999945573360445
10483,0.999999129620458
10484,0.09209305278809438
10485,0.01659612439924746
10486,0.032730529871235634
10487,0.0741951089933272
10488,2.2000505295334484e-05
10489,0.9999999837848683
10490,0.6154686770742674
10491,0.3782174955724565
10492,0.38663616785847976
10493,0.6487853204816805
10494,0.9997863298607315
10495,0.9999999999958897
10496,0.005435622766024218
10497,0.4005280796448246
10498,0.4022483814527033
10499,0.9999999999983553
10500,0.05822221107269842
10501,0.003964105541489345
10502,0.4095249393866138
10503,0.9916647495042414
10504,0.48550711251057577
10505,0.00012841905764988474
10506,3.2049495574221956e-06
10507,0.029673856882513908
10508,0.016476292856595322
10509,0.07440047483272819
10510,0.9999981783926795
10511,0.8607815339866671
10512,0.03674728774242287
10513,0.02015603781599911
10514,0.03395915425911325
10515,0.3492601674431531
10516,0.013449128623511677
10517,0.01335281949451838
10518,0.01617115791438003
10519,0.00032104414974433036
10520,0.1748740595557892
10521,0.025624466499992043
10522,0.5396803077358979
10523,0.00012028211904883345
10524,0.01272944867495313
10525,0.9960331851290287
10526,0.8273703945987689
10527,0.1042795391333459
10528,0.9999993797207615
10529,0.008521507779844341
10530,0.9999913844578481
10531,0.04611262798916907
10532,0.7260176077274766
10533,0.030032545623631654
10534,0.06416236577573443
10535,0.04485062281503827
10536,0.6533367587581265
10537,0.0010918792943433024
10538,0.04256451677253301
10539,0.998400103738273
10540,0.7737660612121324
10541,0.07839168968142331
10542,0.005669459636988012
10543,0.9999358229977083
10544,0.10775251008555042
10545,0.06701808596153482
10546,0.042357579864131016
10547,3.018394320097114e-08
10548,0.2793573538980569
10549,0.04398144432427322
10550,0.06949987621249164
10551,0.46567984703169535
10552,0.9999946008989498
10553,0.2681096535694009
10554,0.7534100380703599
10555,0.42300480804061075
10556,0.029282856963728017
10557,0.0024195678836686223
10558,0.9135308094617811
10559,0.7970909788363026
10560,0.9999998619922035
10561,0.01908549615439302
10562,0.08940087297782821
10563,0.12939255204250819
10564,0.01558076031855121
10565,0.07959514274771143
10566,0.4953930505488314
10567,0.00014244188811895301
10568,0.9395339014527472
10569,0.003128761036155477
10570,0.23683331255718856
10571,0.004160300433163257
10572,0.05228050096775591
10573,0.9999998945785782
10574,0.9980431475551094
10575,0.06824089083854826
10576,0.9847470016186535
10577,0.518950517922488
10578,0.49269730277155205
10579,0.9999946710208336
10580,0.0010771939699496177
10581,0.01141686072955698
10582,8.487692540772074e-05
10583,0.9999351041612605
10584,0.9999497668557263
10585,0.3878094803405727
10586,1.4262326735339576e-07
10587,0.9999683594455712
10588,0.10838750409927657
10589,0.0019895609036776635
10590,0.015632794615318912
10591,0.04074080646041052
10592,0.9998613159405788
10593,0.0032258257520152256
10594,0.19089300305478893
10595,0.999972110267944
10596,0.26980624972844336
10597,1.5031916243140931e-09
10598,0.04583511851021938
10599,0.022383160606156863
10600,8.290075683524496e-06
10601,0.1693162444845752
10602,0.49517268476898546
10603,0.999999930567364
10604,0.00044166705353132594
10605,0.42504612769466793
10606,0.5386784984033102
10607,0.0010586901403856
10608,0.31196354375227703
10609,2.080701950408037e-08
10610,0.9999999989798838
10611,0.9999830435847934
10612,0.3239188942139644
10613,0.00470493715398152
10614,0.44541030399162146
10615,0.07525374900597218
10616,0.9999962667433226
10617,0.9999999991771809
10618,1.9330034366250316e-08
10619,0.0019526270664745144
10620,0.004071195610679827
10621,0.0004173266038714528
10622,0.028292088393673965
10623,2.0280877488708085e-06
10624,0.6002591971314347
10625,0.02507962509237015
10626,1.4923878247161848e-06
10627,0.20686414578306125
10628,0.006536701928448469
10629,0.10144805169522009
10630,0.39696266079345344
10631,6.458811150505036e-13
10632,0.05307198777400038
10633,0.026433241619257704
10634,0.0009414189493598498
10635,0.17905678488289078
10636,0.22684926908080336
10637,0.05523442995518785
10638,0.05759168269908904
10639,0.4491503666034716
10640,0.38465130862447827
10641,0.0007438455346819153
10642,0.9999985913992588
10643,0.04524318598729489
10644,1.7813973827980265e-07
10645,0.9999981331241272
10646,5.878384677807612e-07
10647,0.00698204166203001
10648,0.030948643549186836
10649,0.03233112832855994
10650,0.3848691299053465
10651,0.9999999897440978
10652,0.5685931164133019
10653,0.0688011346231613
10654,1.0
10655,0.04873472796365513
10656,0.9999999999999964
10657,0.07399393571716892
10658,0.05934544172442895
10659,0.00039429534220871413
10660,0.043311035660085845
10661,0.033897096386693686
10662,0.25134289657773057
10663,0.015234126733207886
10664,0.07799425954114511
10665,7.689969541274906e-05
10666,0.9999998093705257
10667,0.12142378310677918
10668,0.0015611431320418456
10669,0.024968751884564305
10670,0.04519222164648107
10671,0.05168616808913095
10672,0.022959017522632442
10673,2.822531034889772e-07
10674,0.9999999999995135
10675,0.001385921889841287
10676,0.5032089965123083
10677,0.4229333867423826
10678,0.024241013262169986
10679,7.899659513742732e-07
10680,0.018942096221492937
10681,0.010584799066286439
10682,0.030575970966669006
10683,3.1919588662063135e-10
10684,0.3034139246721358
10685,0.007848196355714139
10686,0.39991194570498473
10687,0.9999999999797442
10688,0.12105196838126779
10689,0.001299480873941109
10690,0.0041541299393296465
10691,0.05518778391441612
10692,0.5814223565907367
10693,0.02053067871398178
10694,4.065287908816746e-05
10695,0.028170879821391253
10696,0.9999885742629118
10697,0.00021274736262420023
10698,0.2372654687283222
10699,0.2514995826582726
10700,0.002299699755123773
10701,0.7814641755670265
10702,1.6393481965109598e-10
10703,6.205674145017872e-05
10704,5.5368344581887454e-05
10705,0.05984413457402414
10706,0.9999998619922035
10707,0.0247023997223789
10708,0.004603957407193399
10709,0.728193377079801
10710,0.04322052073692144
10711,0.9999898000319377
10712,0.10725239619720257
10713,0.012934417664278762
10714,0.7277266288842851
10715,0.9999992365064237
10716,0.12502353644002598
10717,0.9999837780819271
10718,0.037156727237445446
10719,0.6331078011770473
10720,0.42092187916691115
10721,0.9999949609541918
10722,1.1741439825452725e-05
10723,0.0006521060908276662
10724,0.0022874276033583267
10725,0.9999999999428992
10726,0.0023407020008107044
10727,3.461688678611735e-07
10728,0.8901434416429823
10729,0.9999999735545864
10730,0.02090399157076226
10731,0.7616814803704074
10732,0.01867562878506297
10733,0.0219105880722578
10734,0.0003761440645698735
10735,7.361106075456244e-05
10736,0.01946527221812609
10737,0.0008792918897488057
10738,0.11011068263620835
10739,0.03315838097352556
10740,0.026017847505322225
10741,0.5099769423948612
10742,0.9999999999999991
10743,0.03267551303718503
10744,0.04875872495035832
10745,0.002617708468710911
10746,0.9999955329399759
10747,0.9999999999999996
10748,0.7757954740090781
10749,0.057426233324215425
10750,0.03978261849606593
10751,0.0162950164737313
10752,0.04418416000450725
10753,0.03212316706140793
10754,0.9999997983755491
10755,0.011366369497347538
10756,0.0005348379054343461
10757,0.03523417682019418
10758,0.1307419413018537
10759,0.005172477656072446
10760,0.5490664168111314
10761,0.012393711575153028
10762,0.5958857667378377
10763,0.03421785225792638
10764,0.01641109627907755
10765,0.0741069135538056
10766,0.10958495400293537
10767,0.017688712036468844
10768,0.9994864791158415
10769,0.020762484411675785
10770,0.8656504554193543
10771,0.07373933447474884
10772,0.07887925202558534
10773,0.02635935600960505
10774,0.00044501339047657145
10775,0.000631850938759599
10776,6.377489100483358e-06
10777,0.027831116944376837
10778,0.22472809933413126
10779,0.23471257862386494
10780,0.6710534912836229
10781,0.04981478817212945
10782,0.10448445899125887
10783,0.9999609362406938
10784,0.9999998619922035
10785,0.0628117108820379
10786,0.05340749791907604
10787,0.9999995260410058
10788,0.8308936401242553
10789,0.029719021160522507
10790,0.6961803936648381
10791,8.160519545356149e-06
10792,5.063871156445293e-06
10793,0.5387919078701974
10794,0.9999999999994054
10795,2.2102216208912813e-08
10796,0.00025444014825576507
10797,0.08534281162912345
10798,0.37892079349264185
10799,6.044634205094226e-08
10800,0.15193196248540938
10801,0.15014681161985202
10802,0.3987478389008338
10803,0.6468311681609034
10804,0.015599048821445265
10805,0.9999954202883534
10806,0.10820944364461706
10807,0.01388547748202496
10808,0.3213760860840096
10809,0.8997701049039205
10810,0.0011765026519013093
10811,0.24374067556616805
10812,0.05958863114955388
10813,0.047701771231431774
10814,0.00018981328358326963
10815,0.022619048618378317
10816,0.9999981783926795
10817,0.0031111919156771453
10818,0.6612577483387397
10819,0.17976282220475176
10820,0.07299872413909082
10821,0.05237560849644486
10822,0.9996680349971719
10823,0.30650285358352203
10824,2.9732988188895766e-05
10825,1.486305754398276e-06
10826,0.9999999928627124
10827,0.009551121094163008
10828,0.16841824811060116
10829,0.03715180658677438
10830,0.027546406665285492
10831,0.9999920910823732
10832,0.004359776044350545
10833,0.032321661711329865
10834,0.999922585729049
10835,0.44115456700534683
10836,3.0796349752811143e-07
10837,0.017096006399189286
10838,0.052756935533004944
10839,0.32588952793104337
10840,0.565200895072755
10841,0.0034865622711304023
10842,0.1605609100510212
10843,0.0007001781398757727
10844,0.04076057038858099
10845,0.9999999999987743
10846,7.666312766557574e-11
10847,0.00019371675916857037
10848,0.015708570606305983
10849,0.009634033527885692
10850,0.03716923019229972
10851,1.7397939513827854e-06
10852,0.0041825019595957
10853,0.577623312138397
10854,0.9999999999994054
10855,0.40341964703128863
10856,0.6464984120496928
10857,0.04834298811456461
10858,1.0
10859,0.6371588068188809
10860,9.640486171238126e-07
10861,0.0004196865624292993
10862,0.008162770773243422
10863,0.028006025890742685
10864,0.1335937447335149
10865,0.45888837778025526
10866,0.001100914736970354
10867,0.9999915758726201
10868,0.035478922631050513
10869,0.6515297663686814
10870,0.27330083544689393
10871,0.9999999943910165
10872,0.9999999997952791
10873,0.6315360556210964
10874,6.666342015589949e-05
10875,0.002431433557986448
10876,0.6845216317799059
10877,0.5288200057866493
10878,0.0010586901403856
10879,0.9369800036749208
10880,0.9999997983755491
10881,0.0012983550952759078
10882,0.03630235578653255
10883,0.00027597012645156786
10884,0.645957796131454
10885,4.42293824903919e-08
10886,0.39080299545783326
10887,0.028107546642649466
10888,0.03187834673721868
10889,0.5344021122364324
10890,0.1797165025197854
10891,0.1307283704106969
10892,0.058576016422181056
10893,0.9999342668077322
10894,0.07770758101509556
10895,0.004826648511583189
10896,0.13086085722093205
10897,0.9999999505924788
10898,0.14369736622380816
10899,0.007647511908773205
10900,0.029519990568547615
10901,0.2102914980153858
10902,0.008706440332322615
10903,0.6908501614134107
10904,0.024086921463632473
10905,0.04468238392027807
10906,0.06587987857262619
10907,0.3584287902522552
10908,0.03340241380442727
10909,0.030112080762647285
10910,0.12903410829292133
10911,0.2315233222176087
10912,0.3971834348018289
10913,0.9999999999753513
10914,0.023727429025771615
10915,0.6008063993810034
10916,0.04567742467932396
10917,0.5243424595921823
10918,0.07673509746226295
10919,0.6139419085361694
10920,0.01807189117085472
10921,0.529895121258969
10922,0.6469390403605706
10923,0.06322772462767602
10924,0.8121943929265335
10925,0.419242070155702
10926,0.04680015796085652
10927,0.6084230387581134
10928,0.06872076147198487
10929,9.72783103380249e-07
10930,0.035029910554045834
10931,0.23900352262933738
10932,8.111935034044491e-05
10933,0.031318371763311106
10934,0.5783240642685514
10935,0.4419227447359644
10936,0.6673420028785525
10937,0.99999872398547
10938,0.18936080603682232
10939,0.021949759529469207
10940,0.012526067886664159
10941,1.4478593931926128e-05
10942,0.03547267361613126
10943,0.9860680032345599
10944,0.6513798597589644
10945,0.6721813056311511
10946,0.08660581839457297
10947,0.02190910083293466
10948,0.05366685149926813
10949,0.6962639791208541
10950,0.9998908578332035
10951,0.019454698716466733
10952,5.595846943426667e-08
10953,0.0036583271957655763
10954,0.09728678192055944
10955,0.018458477305795962
10956,0.9999928188313892
10957,0.042587234576611344
10958,0.5253069492086047
10959,0.36260043028541133
10960,0.9999999999982803
10961,2.5333638340324263e-05
10962,0.279432875650092
10963,0.5668600331713775
10964,8.13356724699464e-12
10965,0.0405632649396653
10966,0.0226591446141815
10967,0.032360142520303635
10968,0.2269591860042834
10969,0.39633290046384945
10970,0.008099637231195524
10971,0.3387619336911063
10972,0.18057601086938826
10973,0.5595535907710473
10974,0.016170893687071353
10975,0.022752246887855956
10976,0.9999999999999998
10977,0.04165230398508019
10978,0.0564732041156332
10979,0.0929084270293457
10980,0.999999988428575
10981,0.6662761951320691
10982,0.013123757009349295
10983,0.04363364184477405
10984,0.9999999999982203
10985,0.09760345223346244
10986,5.097162769880656e-07
10987,0.0013607844827129827
10988,0.003985781637166258
10989,0.06714435036988642
10990,0.8496503268095654
10991,0.02862855707954026
10992,0.9999999999999991
10993,2.2619974643990982e-08
10994,0.014660577688953678
10995,0.9952825216658788
10996,1.4694272452418177e-08
10997,0.9992729722185364
10998,0.12424812480684251
10999,0.1138452499855977
11000,0.3124759678896521
11001,0.4970687581821911
11002,0.0026841024374783607
11003,0.022776869318133566
11004,0.003831772521883034
11005,0.019309219793600126
11006,0.9999724699774986
11007,0.9999984225299874
11008,0.01335770426891815
11009,0.6272603456351489
11010,0.0259019760089972
11011,0.19598082880619092
11012,0.36653797373182473
11013,0.4106971776406895
11014,0.7192380264121244
11015,0.37952152243067994
11016,0.4361788195475373
11017,0.9999996601896832
11018,0.0622580854577326
11019,0.7026772424907837
11020,0.017793903634834934
11021,0.7520814554251686
11022,1.0
11023,0.023487678560767177
11024,0.036426851688577164
11025,0.0012817979115198697
11026,0.6190576564165973
11027,0.12385986882362084
11028,0.0006872914894202005
11029,0.003461578180585131
11030,0.5739882230191314
11031,0.9994864791158415
11032,0.014208513881670218
11033,0.2624138263836415
11034,0.9999992332444584
11035,0.32720691900799986
11036,0.2553494854545235
11037,0.7826648470681489
11038,0.011867269402594064
11039,0.022982187563768342
11040,0.0066111192205535185
11041,0.01244687405868157
11042,0.06134241216815128
11043,0.10345666387158331
11044,0.39438356546591613
11045,0.9999992332444584
11046,3.6637336752847196e-06
11047,0.6326572818956206
11048,0.9999998989027181
11049,0.7698358796931514
11050,0.01774391147951569
11051,0.06180851814636845
11052,0.09074444209838584
11053,0.0020337389875226147
11054,0.7748270901336284
11055,0.08068295018105054
11056,2.6978861890924792e-05
11057,0.13861943938152818
11058,0.25762059139567367
11059,0.009754126334405214
11060,0.5461061157555487
11061,0.06895300564420843
11062,0.9999931488303557
11063,0.9997457509817116
11064,0.02948468249680168
11065,0.48290548047925025
11066,0.7623988063637958
11067,0.0008071478445802938
11068,0.9999644266247135
11069,0.002508021348901919
11070,0.004684112019899995
11071,0.03237285968950401
11072,0.9998555612171175
11073,0.03153904597294858
11074,0.4431732201164821
11075,0.11684013001033129
11076,0.07262988807368811
11077,0.00028400781573236915
11078,3.9580507263245965e-05
11079,0.9999992070514018
11080,0.3107018857561392
11081,0.04488263102011121
11082,0.002100617077790842
11083,0.6300823003950522
11084,0.32955730772524283
11085,0.09047442611557815
11086,0.0015086268074300435
11087,0.0025721354918956446
11088,2.9300953386551393e-06
11089,0.0011052269208384185
11090,3.334689399021699e-11
11091,0.7604828110044806
11092,7.789568440346347e-06
11093,0.06759757982668826
11094,0.45218811491059235
11095,0.0001716141233751394
11096,0.4758688001789187
11097,0.02955408620959393
11098,0.10596940449872855
11099,0.13774566515387243
11100,0.057558945843552346
11101,0.02421239451512802
11102,1.6848942976632104e-08
11103,0.5337643426986559
11104,0.0001658926887411008
11105,0.10552138256253298
11106,7.059180803420166e-08
11107,0.00013877627084023141
11108,0.19880023448629705
11109,0.00012707676062424485
11110,1.3726563620296104e-05
11111,0.9995891411652431
11112,1.1362729011629456e-07
11113,0.0008800861161260601
11114,3.4837204192207195e-05
11115,0.009194032837871523
11116,0.0417896031406968
11117,0.9999999907873897
11118,0.019306733453806547
11119,0.19443590157222762
11120,0.9999307651811087
11121,0.038712124687619184
11122,0.8671426408818723
11123,0.012103124346495754
11124,0.6501130025535781
11125,0.0942740308582194
11126,0.12762260700111175
11127,0.4890871940681519
11128,2.273729829188085e-06
11129,0.37715285305124685
11130,6.086839879473503e-09
11131,0.5919090656355677
11132,0.9999949609541918
11133,0.9999999440054388
11134,0.5832651999590248
11135,0.011713494464613386
11136,9.194736820757022e-10
11137,0.694695255022896
11138,0.47444141356856084
11139,0.6102789653733303
11140,0.4981005581877976
11141,0.07105607653264061
11142,0.029977914189911168
11143,0.28292315533294965
11144,0.9999992332444584
11145,0.5408088006347234
11146,0.022267102313326664
11147,0.03855861231580479
11148,0.09702326526744383
11149,4.859199831556202e-06
11150,0.05837145927631987
11151,0.9999603816399694
11152,0.9998958959974398
11153,0.16822903706939213
11154,0.9998908578332035
11155,0.013545729585379473
11156,0.9999985913992588
11157,0.43762346188880896
11158,0.011742848502593559
11159,0.9997608539748719
11160,0.9999999990354296
11161,0.1689227449097676
11162,3.163764023134575e-08
11163,0.010675626322272135
11164,0.00039692955456158244
11165,4.667748089680319e-09
11166,0.22367168584415748
11167,0.7446064744109541
11168,7.393120150482772e-16
11169,0.2956226071433187
11170,0.1167735872136316
11171,0.32866529986096304
11172,0.999999946752518
11173,0.9999999999999996
11174,0.00015976029033000489
11175,0.20469088880882724
11176,0.2863643907575277
11177,0.02502863036273173
11178,0.00023344871899893743
11179,0.6013216749008329
11180,0.004276029867288042
11181,0.6242079594434254
11182,0.022530011996868958
11183,0.5760485176334871
11184,0.3332596258424339
11185,0.09537895218671302
11186,0.0025294819633302473
11187,0.5032526071263416
11188,0.37666824175691027
11189,0.11717924619413644
11190,0.03510988765195013
11191,0.9977867221840128
11192,0.05135593179019856
11193,0.08753556750593111
11194,0.009606381687162421
11195,0.9999468702828593
11196,0.08711102630152856
11197,0.059363126195667575
11198,0.01969395299234343
11199,0.9998052994103476
11200,0.17019532864251016
11201,0.17043111706285066
11202,0.031415774287468314
11203,0.022912673189838886
11204,0.119386022431924
11205,0.015034158887926499
11206,0.6394681197651408
11207,0.004798652080061959
11208,0.009170571703861591
11209,5.096817453809903e-07
11210,2.2126846787403998e-12
11211,0.032752921663434284
11212,0.005402716730982266
11213,0.6932962328215968
11214,0.9999996601896832
11215,0.0577571939121349
11216,4.504874206012663e-13
11217,0.005740967902695795
11218,0.00039788882542557164
11219,0.9999887895986167
11220,0.6641098051590498
11221,0.0003775543911688763
11222,0.039107986612104614
11223,0.022772106890658696
11224,0.11908368591190545
11225,0.713734314412374
11226,0.9998871089750672
11227,0.38413721197413836
11228,0.06966199770396386
11229,1.0003917914135038e-09
11230,0.608156328447281
11231,0.1839164677026051
11232,0.022838215146543345
11233,0.06274150557879991
11234,0.19016329554214023
11235,0.019336662469425604
11236,0.028476354428083196
11237,0.016678072986327324
11238,3.471267134864253e-07
11239,0.015249794677820642
11240,0.0011424890519515947
11241,0.40884417351894425
11242,0.9999981331241272
11243,0.6924984815459438
11244,0.276744232213245
11245,0.005859754512947966
11246,0.0006593759581551906
11247,0.11684013001033129
11248,5.099935261758527e-05
11249,0.020382548985143085
11250,0.09252413517006902
11251,0.9999999818725668
11252,0.0004143654635057835
11253,0.03804728076842645
11254,0.0005559549195712434
11255,0.0009357949874565246
11256,0.0426816525115725
11257,8.780393913713853e-06
11258,0.008270514865245394
11259,0.00011303959595418445
11260,0.1338363221511248
11261,0.028920659033968666
11262,0.023132291245008624
11263,0.4033050269972063
11264,0.03084743117865396
11265,0.05278174402441832
11266,0.35989950927984365
11267,0.4162545262858453
11268,0.010823846956191313
11269,2.5173293223118943e-06
11270,0.42420683581306545
11271,0.27462655182813744
11272,9.346575232048814e-10
11273,0.029971227909191007
11274,0.6922464940138306
11275,0.9997553741978641
11276,0.9297982432877269
11277,0.5646842406047904
11278,0.6511938802698177
11279,0.9999864161890113
11280,0.22683993491601953
11281,0.001454168282255059
11282,0.010166166831773932
11283,0.9509182503285084
11284,0.016579795935429797
11285,0.06069963578599389
11286,0.04475869499708582
11287,0.025964417914558603
11288,0.0038067201877519797
11289,0.06548000714455342
11290,0.7675086851419932
11291,0.8394111002681997
11292,6.32980854337606e-07
11293,0.394436111426424
11294,0.03562274999338039
11295,0.49877303774218773
11296,0.0017722846167106368
11297,0.0719527826678667
11298,0.13761277635073502
11299,0.9993752113545532
11300,1.804639912840371e-05
11301,0.20475310336557587
11302,0.019420283462658988
11303,0.06947438777468319
11304,0.01344648119395439
11305,0.9999954063093558
11306,0.11615566021709145
11307,0.056942005329083736
11308,0.0004148990488241933
11309,0.001990569638101471
11310,0.5548377131943065
11311,0.02827608180013465
11312,0.999967283456212
11313,0.06130859447844078
11314,9.080335360370151e-05
11315,0.015185797509279071
11316,0.7051489944339075
11317,0.9999954063093558
11318,0.007397745524762863
11319,0.9981577366840526
11320,0.1729348251552337
11321,0.0008305368016073071
11322,0.03219397347339331
11323,0.019780110064780934
11324,0.0006719960297282223
11325,0.0012468404455605224
11326,0.15068636691016146
11327,0.9999999999998568
11328,0.00018100919928927452
11329,0.02722001772687197
11330,0.028589075381564355
11331,0.02453643068442602
11332,0.7401479633794819
11333,0.17416870722714756
11334,0.9999927865592151
11335,0.9999999999998568
11336,4.827046257492343e-06
11337,5.03417537919593e-07
11338,0.7606745164922735
11339,6.088402775684182e-05
11340,0.3393703936582524
11341,0.7154164410632209
11342,0.008409085730325203
11343,0.19028297677341247
11344,1.7511079960547574e-07
11345,0.030541343634996634
11346,0.6072530001351252
11347,0.0006437772134038417
11348,0.5959909975757844
11349,0.1084986386067312
11350,0.10642964719454974
11351,7.365431075530567e-05
11352,0.21173769131473782
11353,0.0020701853652612397
11354,0.08748796024979352
11355,0.2404880476745941
11356,0.43283726704326514
11357,0.16822903706939213
11358,0.022467438544372748
11359,0.44377621380755944
11360,0.003399457519002598
11361,0.9999999999955536
11362,0.5341358566564718
11363,0.4316206030365509
11364,0.1727029419351512
11365,0.0022789214756859175
11366,0.4344181320666124
11367,0.9999999999952287
11368,7.893077747854317e-05
11369,0.0797451352787557
11370,0.44677174190467417
11371,0.0030983288693618386
11372,0.036029911209443245
11373,0.5590683260919455
11374,0.3398809260950648
11375,0.9999999999999998
11376,0.5622240931001212
11377,0.004951752874122352
11378,0.0007438455346819153
11379,8.533025957272708e-05
11380,0.023677524797983285
11381,0.04290344632530543
11382,0.061645713015419386
11383,3.5205407763832654e-05
11384,0.1390731914979437
11385,0.06405438199602546
11386,0.841511997729727
11387,0.15703938043815846
11388,0.019167594881579545
11389,0.7260176077274766
11390,0.001351875664221811
11391,0.14396373578682217
11392,0.001139871877082558
11393,0.020572053562631625
11394,0.001861547563074764
11395,0.013599237673136864
11396,0.26142741536409725
11397,0.016785255956772754
11398,0.05148488627982207
11399,0.9999999699979254
11400,0.43456385505048145
11401,0.02056207024603497
11402,0.03467810257488307
11403,0.0002700215572697714
11404,0.9999999572628042
11405,0.31521808262606515
11406,0.2851280658821792
11407,0.04374588474904424
11408,0.9999998444969569
11409,0.9995402989007824
11410,0.3620997867088429
11411,0.3535178918590451
11412,0.00526323783129906
11413,0.05474837955607744
11414,0.9999999999999973
11415,0.03978261849606593
11416,0.07171361334815908
11417,0.05944337419991982
11418,0.2774359872250555
11419,7.401883752650106e-09
11420,0.9999936514214546
11421,0.2672116240365895
11422,0.023303501936386355
11423,0.026205594801492885
11424,9.395667898235625e-08
11425,0.38563686550772425
11426,0.8634128144595019
11427,0.3536988567660697
11428,2.031128250649152e-07
11429,0.13011909607859
11430,0.01814916932642444
11431,0.2809126414456564
11432,0.23511722094062001
11433,0.9999999999952287
11434,0.08748796024979352
11435,0.0006097930003013863
11436,0.20852069622858513
11437,0.2724120751879296
11438,0.28256282423419304
11439,0.07115233356121341
11440,0.9998393091648279
11441,0.03569130747741186
11442,0.02239994654877513
11443,0.005120507993549376
11444,0.5812185477313256
11445,0.9981577366840526
11446,0.0036959549510954997
11447,0.016294266929462963
11448,0.00027597012645156786
11449,0.0007188868030379143
11450,1.0335457841431566e-05
11451,0.6356249717743444
11452,0.6958208001695821
11453,0.9993451540905274
11454,0.9999999999922473
11455,0.01908565328709285
11456,0.08520723255595072
11457,0.577746808765285
11458,0.03590638956771011
11459,0.9995827010766587
11460,0.14132537944198786
11461,0.29110424314687644
11462,0.7633560142981559
11463,0.7879540093240663
11464,1.0
11465,0.0002514556593807304
11466,0.06091947054188352
11467,0.4777565644047727
11468,0.0005299733581529695
11469,0.999999825610463
11470,0.8136599010260132
11471,0.14347996806902563
11472,0.009460592008171244
11473,0.0015271129739855643
11474,0.2524947328805349
11475,0.15804522797034234
11476,0.029546747596955816
11477,0.01593272343876039
11478,0.011543770527847186
11479,0.033336725679079214
11480,0.2529360050057862
11481,0.1042795391333459
11482,0.27435192542763426
11483,0.865328642735492
11484,0.08068235455137938
11485,0.050593163624723284
11486,0.20152590845696913
11487,0.11426370870904387
11488,0.003349138194896098
11489,0.06036394125916013
11490,0.11552339297045998
11491,0.04002389823373683
11492,0.0019450188524213154
11493,0.43455875890405055
11494,0.0016989750688026462
11495,0.025426757701715524
11496,0.24628737288844224
11497,0.2704184753907648
11498,0.9369589140260783
11499,3.2631881530127445e-05
11500,0.8569029734938225
11501,0.1594682584088153
11502,0.07478242179318483
11503,0.44677174190467417
11504,0.0003406936469459782
11505,0.5109294774813332
11506,0.02679344248849227
11507,0.0009714135853444097
11508,0.6364910976032994
11509,0.998813151758774
11510,3.6911462148137596e-06
11511,0.029741113475893314
11512,0.999996840911538
11513,0.3962354385109827
11514,0.06419353258814568
11515,0.07055311718146422
11516,0.7036376704083787
11517,0.9999998136340312
11518,0.9999993797207615
11519,0.012130205327063657
11520,0.3899259939294681
11521,0.3953663452915572
11522,0.0025046746608809287
11523,0.999999957214234
11524,0.003521524825009652
11525,0.0008274947691497769
11526,0.9999992332444584
11527,0.036017972606544775
11528,1.7526114474288513e-08
11529,0.2943903043125486
11530,0.06995581684244521
11531,0.9999999699979254
11532,0.08378595580426454
11533,0.9994592797947848
11534,0.3116953012687143
11535,0.5171563222894232
11536,0.044223323541941126
11537,0.25715218281492747
11538,0.25440634831943776
11539,0.00012941510867248496
11540,0.103934372834789
11541,0.999997708291949
11542,0.057586806030267154
11543,0.01845853020644367
11544,4.7101344096452105e-05
11545,0.0025552478693951627
11546,0.0010603885244430474
11547,6.516294302602123e-08
11548,0.19024805035378403
11549,0.037247816156371995
11550,1.0
11551,0.30184822103425923
11552,0.9999999999995215
11553,0.31368115306504635
11554,0.11684013001033129
11555,0.5187315983714652
11556,0.26720359706276786
11557,0.2771034498621087
11558,0.9999998762450208
11559,0.9999982635378389
11560,0.008947004941461988
11561,0.935691054751245
11562,0.999999980683434
11563,0.774390660855232
11564,0.10070973924127193
11565,0.008272858586350525
11566,0.07080447145284562
11567,0.5647884685022514
11568,0.7605747907374625
11569,0.8496130261477604
11570,3.5829766897406647e-09
11571,0.03467072790247185
11572,0.012652128049584122
11573,0.04032318797073715
11574,0.14553908070863672
11575,0.00327977146386607
11576,0.20173916503732636
11577,0.0017863893985741997
11578,0.0032894624503352907
11579,0.099452486929522
11580,0.0002893423958251418
11581,0.018134553364985113
11582,0.0004418095698878624
11583,0.9999999831761636
11584,0.8188729965876049
11585,0.3016053554196053
11586,0.024502585765532308
11587,0.05653820148588858
11588,0.00010583104135054964
11589,0.02074990345737235
11590,0.0031096339489279307
11591,1.7548096015696752e-05
11592,0.004040448662917461
11593,0.26758436339657843
11594,0.10144805169522009
11595,0.9999947378430151
11596,0.0068980442114676905
11597,0.9999914032531687
11598,0.6244740865191979
11599,0.07037413884881863
11600,0.34063953657969687
11601,0.9999684668444404
11602,0.505028977202257
11603,0.07666473243663083
11604,0.09423629335069045
11605,0.04323079898967834
11606,0.044026151490208394
11607,0.04043800684354032
11608,0.030708470441577512
11609,0.02243845155713631
11610,0.39008448698415804
11611,0.0827882567213531
11612,0.06419965226803935
11613,0.3300088733406829
11614,0.007055457360774524
11615,0.9999999993205109
11616,0.7326062205008371
11617,0.09127612132186015
11618,0.0009705201786739468
11619,0.021173567220448625
11620,0.10141812251033584
11621,0.06133422729364454
11622,0.0006699349009161202
11623,2.557014203136349e-11
11624,0.009036201700153441
11625,0.3376531524949058
11626,0.06234432499248696
11627,0.04397647797165287
11628,0.0003726421777988555
11629,0.00027510309937159386
11630,0.9999975517908087
11631,0.9999992365064237
11632,0.03196173891996739
11633,0.9999992332444584
11634,0.05817167096492669
11635,0.03154677675595011
11636,0.999999000886692
11637,0.6214304836980217
11638,0.0004896073586709885
11639,0.7935104737086813
11640,0.9999999999652276
11641,0.03328750799190802
11642,0.9999999999835754
11643,0.040242604953221
11644,0.008690720907482867
11645,0.09961977193729217
11646,0.0007137587948938972
11647,0.06090308403043789
11648,0.018608157049247606
11649,0.9999999999958897
11650,0.9999922374879432
11651,0.8569495021956143
11652,1.65376211313471e-06
11653,0.04381831589450015
11654,0.0055681908613646
11655,0.01385642144582973
11656,0.020546877229455442
11657,0.27953604117446285
11658,0.9997957304563523
11659,0.5702965494155942
11660,0.26677604649310144
11661,0.020954561800072206
11662,0.0005756763263805155
11663,0.09915324041451949
11664,2.9906833499973872e-05
11665,0.9999903168238788
11666,0.13817381422668684
11667,0.7879540093240663
11668,0.06880845483494208
11669,0.9998797152533498
11670,0.06517977643923528
11671,0.01706547660144393
11672,0.04675702920548141
11673,0.014464051900853137
11674,0.5403504031493837
11675,0.06300042372448367
11676,0.002649950463097208
11677,5.6402614031152396e-06
11678,0.036106700640871035
11679,0.0017912782071755745
11680,2.2417937818366137e-06
11681,2.2910349546665282e-06
11682,0.9998613159405788
11683,3.364548048685124e-05
11684,0.17658824088254932
11685,0.4359032149694499
11686,0.23845239940596072
11687,0.4310043724600641
11688,0.9999468702828593
11689,7.728691177649979e-08
11690,0.0012988067767868052
11691,0.9999999836708833
11692,0.9999994400726848
11693,0.198539685605007
11694,0.05446054422292075
11695,0.0006830038764533199
11696,0.017420144987945908
11697,0.24204716177462932
11698,0.02128745810901071
11699,0.0927956763928479
11700,0.9999999999881595
11701,0.03572419225159068
11702,0.9999958924225569
11703,0.04267241775490705
11704,0.7908041934017221
11705,0.9999969218087359
11706,0.00011197146407779979
11707,0.5668600331713775
11708,0.9998958959974398
11709,0.9997359615795828
11710,0.9379764977732633
11711,0.9647979200568998
11712,0.026112251803448616
11713,0.03467223408584785
11714,0.744421628553261
11715,0.054443590239519474
11716,0.011074211357827305
11717,0.02588417552884897
11718,0.9999999999835754
11719,0.8022952536726494
11720,0.1976568512442434
11721,0.3831776293016577
11722,0.00014244188811895301
11723,1.7343404256040462e-08
11724,0.05137253673365954
11725,0.9999901498241585
11726,0.16924562402757234
11727,0.9999962200089594
11728,0.9999999999998568
11729,4.720207794116595e-12
11730,0.07645856011129591
11731,0.05955038178997577
11732,0.48168389838137887
11733,0.4444492074825188
11734,1.3037699820076774e-05
11735,0.5703132594204313
11736,0.017890933445258803
11737,0.4886089036305435
11738,0.04428909664718511
11739,0.999969237672411
11740,0.9999999999676321
11741,0.0661390117434173
11742,0.4577126301121512
11743,0.004336295442092511
11744,0.40205799310381996
11745,0.1458243948860921
11746,0.7260176077274766
11747,0.006976074548293558
11748,4.8578383379870976e-05
11749,0.2224935728789645
11750,0.9999999999955536
11751,2.131152028197499e-08
11752,0.05425828646181219
11753,0.03405650466789232
11754,0.982749832504388
11755,0.10433039834342026
11756,0.043530265081141654
11757,0.2090250632160328
11758,0.28728282150437023
11759,0.8366095351356632
11760,0.03332401335402921
11761,0.46579758140868355
11762,0.057540151233732004
11763,0.02366599812018832
11764,0.05383520342373362
11765,0.9998797152533498
11766,0.08373311492435326
11767,0.017371290818230172
11768,0.49458230431268607
11769,2.2189024749072617e-15
11770,0.004605493957813897
11771,0.0430791947625493
11772,0.024664316754666203
11773,0.5243053257446455
11774,0.5982936518267918
11775,0.0001137197294243782
11776,0.45219506026283035
11777,0.49493711204213514
11778,0.8213822794518513
11779,7.521682227983932e-05
11780,0.14222790289623904
11781,0.06878817588143106
11782,0.0017521633337482946
11783,0.0013923800445550933
11784,0.6438192049334226
11785,0.00732523031483112
11786,0.8083200662763195
11787,0.08675470631324056
11788,0.9636497372720516
11789,0.03573200167127788
11790,0.003598960219005107
11791,0.015488085596484073
11792,0.9999981331241272
11793,0.005615904943224578
11794,0.999969237672411
11795,0.07889593309960515
11796,0.1707507353719014
11797,0.004084198671879162
11798,0.03081874823733328
11799,2.1848737946143977e-07
11800,7.274230400275388e-09
11801,0.022193636499139125
11802,0.02298284897775368
11803,0.04447804078191927
11804,0.05425835109440344
11805,0.9999949061764654
11806,0.001021473204594484
11807,0.7487498519542968
11808,0.46698753182632086
11809,0.9999977087043497
11810,0.027927404954950392
11811,0.07211497898192895
11812,0.9996788746180817
11813,0.999940018564092
11814,0.9916647495042414
11815,0.00402278132586398
11816,0.03338603520800631
11817,0.9997759012461547
11818,0.04993956151808385
11819,0.5769355763529955
11820,0.027754352511784482
11821,0.211172159504997
11822,0.024039405050641453
11823,0.001234757617297702
11824,0.012527407137788072
11825,0.0412628394505825
11826,0.002528087426648603
11827,9.21043232029634e-05
11828,0.025135463189347614
11829,0.8702019864734936
11830,0.07500317820278184
11831,0.2062163661304952
11832,0.005483161113406619
11833,0.011589687738082966
11834,0.03646027281235488
11835,0.9999953040216343
11836,0.03003804455477511
11837,0.7471016714636494
11838,0.021579912248614257
11839,0.6279141567884287
11840,0.7575087652433478
11841,0.9999999959698642
11842,0.04486165155274011
11843,0.6670837789761679
11844,0.9999891564204176
11845,0.002870828315943749
11846,0.9999997202270997
11847,4.5098872963741616e-12
11848,0.04322371558673603
11849,0.03919908210297086
11850,0.3255827790098832
11851,0.9999169604557117
11852,0.005816153263328889
11853,0.8261899021017652
11854,0.9999999999979088
11855,0.6771543017684651
11856,0.6206389186818563
11857,0.0015611431320418456
11858,0.3991020144104043
11859,0.04379847099629472
11860,0.006800427169563777
11861,0.7620917057201895
11862,0.999986186743101
11863,0.06179498447572461
11864,0.46459269891172583
11865,0.0016427686683361685
11866,0.28297213430715434
11867,0.0002646977946868994
11868,0.3913831428054437
11869,0.0357030318835672
11870,0.04932542868638305
11871,0.00022490758863422735
11872,2.859001484214157e-05
11873,0.9999999999999998
11874,2.1629637219070952e-05
11875,0.09426803058139586
11876,7.86050040731699e-09
11877,0.746315644515603
11878,0.11160804043594345
11879,0.048401748083956746
11880,0.9999954063093558
11881,0.028823159222915166
11882,1.8537429063126888e-05
11883,0.0025927649396226527
11884,4.911836822504345e-09
11885,0.1486883252380817
11886,0.6413205466249435
11887,0.029474644222086052
11888,0.23065943084422774
11889,0.03506184794721112
11890,0.04438300645097788
11891,0.014897769528539575
11892,0.0034902401125757824
11893,0.9999907912701409
11894,0.9999683594455712
11895,0.9999949609541918
11896,0.9998182327379613
11897,0.5783747388231409
11898,0.14339101543863286
11899,0.0021922367849176254
11900,0.9999999999999998
11901,0.1905462959598928
11902,0.00013983818400799215
11903,0.0012618265455265826
11904,0.7532512880875063
11905,0.38698089990893025
11906,0.43549743776608874
11907,0.04060534490171039
11908,0.42725785586206216
11909,0.9999999727870369
11910,0.9999999504829702
11911,0.5853536007749526
11912,0.16794242215067343
11913,0.7378117901406597
11914,0.0023865489000316187
11915,0.9999999999982538
11916,0.00024095895484254695
11917,0.9542605598948825
11918,0.026346349505410007
11919,1.0
11920,0.03201468621683713
11921,0.7632495819608061
11922,0.1156658439712051
11923,0.04580401352287893
11924,0.9999983258964673
11925,0.009231357870920264
11926,0.504411043084219
11927,1.7903939921418035e-05
11928,0.03520622970070172
11929,0.05583256421101269
11930,1.3214847487632683e-05
11931,0.4109237138491687
11932,0.006439336720650074
11933,0.000269569836096827
11934,0.9999998575966879
11935,0.008843177734176077
11936,0.006354346010579901
11937,0.015150599366329598
11938,0.0720512183744556
11939,1.6278419309801786e-09
11940,0.019516372913775046
11941,0.3686274204810754
11942,3.919249297878846e-05
11943,0.00029791808672139264
11944,0.0022980463583086477
11945,0.9999830435847934
11946,0.2188565115478969
11947,0.21624255172130813
11948,0.9999999999034836
11949,0.00492805017410261
11950,0.056119023097589205
11951,0.30936178183303104
11952,0.36554194144508706
11953,0.48017772162047534
11954,0.11577427025714765
11955,0.9999999999958897
11956,0.014022008260521437
11957,0.24702068828504345
11958,0.04419750326185765
11959,0.027944647785665622
11960,0.3044115719275984
11961,0.28891139467511434
11962,0.03325427541847744
11963,4.725994754357296e-07
11964,0.05884579779150182
11965,0.36747256786686444
11966,0.968779752723176
11967,0.000908364152889947
11968,0.001432342544244329
11969,0.037014784469887756
11970,0.038859630569759204
11971,0.03816761511418932
11972,0.1163467133623623
11973,0.038551233878688564
11974,0.2572115213579108
11975,0.6464984120496928
11976,0.02289237364963692
11977,0.0006042350085628193
11978,0.010416720536304862
11979,0.5592670280931962
11980,0.0012983550952759078
11981,4.388453587327806e-06
11982,2.2911064258805046e-06
11983,0.2769614954372144
11984,0.004676923068368858
11985,0.00013119363443077188
11986,0.029552456565622463
11987,0.0025294819633302473
11988,0.07738405324459334
11989,0.028099426856869367
11990,0.0038734150941649114
11991,0.3236337287441803
11992,0.6487853204816805
11993,0.9999985913992588
11994,0.9844329178746402
11995,0.7111249138793775
11996,0.9363029933156797
11997,0.9999999999999993
11998,0.9999546676589219
11999,0.02495517139653666
12000,0.000584214998484574
12001,0.40475897649294384
12002,0.117470120980221
12003,0.04566688812314977
12004,0.9993862684496322
12005,0.008924703472896367
12006,0.041604474388704155
12007,1.7729041140857714e-08
12008,0.3379482166289183
12009,0.1931674683316834
12010,5.2513657109528085e-06
12011,1.253140364577015e-09
12012,0.9999999999999336
12013,0.9997957304563523
12014,0.113575466877515
12015,0.007912638077967868
12016,0.06729631969300033
12017,0.004274657161422256
12018,0.15092679012961913
12019,0.036551479087131244
12020,0.9998626087579173
12021,0.07365702188836368
12022,0.3261185212368542
12023,0.021996251620949214
12024,0.0039047890931559076
12025,0.005138607866645683
12026,0.8280954898728655
12027,0.01826739141620243
12028,0.03422731351572185
12029,8.388238333091154e-06
12030,0.999997444838875
12031,0.005359747458055428
12032,0.9999999999424052
12033,0.016326245586815277
12034,0.7302104594216252
12035,0.0006015620826690854
12036,0.37519587167559076
12037,0.011698027525840864
12038,0.6572274430424663
12039,0.0006288651199782379
12040,0.0001885739173783848
12041,0.06699028085878535
12042,0.19261949999667552
12043,0.1902226828464172
12044,0.7057447831066123
12045,0.9990484808902508
12046,0.01881860270356455
12047,0.9999998729107554
12048,0.006123668332342163
12049,0.0015438220774668168
12050,0.15778904718600745
12051,0.03042044157367005
12052,0.3588194064336461
12053,0.06826552388927522
12054,0.00960114429772003
12055,0.9844329178746402
12056,0.001774062703593975
12057,0.9999989198829125
12058,0.9999947378430151
12059,0.001243626561790443
12060,0.3766915047816966
12061,0.9999999999995277
12062,0.7884097367121022
12063,0.9999999440054388
12064,0.03941563672352346
12065,0.9999999831761636
12066,0.9999994891032032
12067,0.0030614935571658987
12068,0.0349753918056507
12069,0.00046907586772325843
12070,0.0010516378990800793
12071,0.0010595300105539183
12072,0.9790077681311803
12073,0.009385018921777096
12074,0.5703894723862818
12075,0.007696005873186642
12076,0.0545831644456976
12077,0.0005821550576963417
12078,0.018786159102070633
12079,0.9998797152533498
12080,0.033389186697758484
12081,0.026215781527931564
12082,4.8637041879349864e-05
12083,0.06114085233413848
12084,0.3755246681800842
12085,0.2954022620010293
12086,0.0023452338203761103
12087,0.331427610122335
12088,0.4498726341397165
12089,0.9999883823088066
12090,0.00013286506872147916
12091,0.01592594650483829
12092,0.04258949598932504
12093,0.003011770349943856
12094,0.06577954543925081
12095,0.9999734609493545
12096,0.027009914821472598
12097,0.2475988391292475
12098,5.840624343913771e-06
12099,0.1551128152816511
12100,0.0001767992861617925
12101,0.017889932566936124
12102,0.0007383630223278402
12103,0.7362730521549944
12104,0.9999938703942096
12105,0.16596298585554553
12106,0.8643531465979353
12107,2.3066591016133646e-05
12108,0.4150143270579603
12109,0.0025396597970128074
12110,0.9997429245797382
12111,0.025649288697887997
12112,3.0492761382055164e-08
12113,0.058591074690304425
12114,3.025001842184315e-06
12115,0.05602409556227053
12116,0.010672577862083091
12117,0.4615246250024757
12118,0.0006442214716104542
12119,0.02235703023735398
12120,0.5435415563924825
12121,0.5844190201719244
12122,0.1091992322789153
12123,0.07037473399933185
12124,0.9997957304563523
12125,2.340823986349498e-10
12126,0.08676406851620601
12127,0.9995102316958183
12128,3.101640065593611e-05
12129,0.13537490307917877
12130,0.00492600903414607
12131,0.0010867028299674814
12132,0.09479127684070104
12133,0.014619784982331237
12134,0.4721251451739661
12135,0.6774644379743685
12136,0.9999999999999993
12137,0.01102834502725966
12138,0.3989306554110857
12139,0.29100852163521557
12140,0.9998683019925425
12141,0.9363029933156797
12142,0.0015923673150319687
12143,0.5784725494009245
12144,0.0590409073967139
12145,0.004592226034913317
12146,0.9999876187560703
12147,0.9994114910501434
12148,0.9237833524041741
12149,0.0943558986038406
12150,0.15052435859484073
12151,0.6457236000288918
12152,0.0006548962360202377
12153,0.026913583988154258
12154,0.44231045600125146
12155,5.27804789458377e-08
12156,0.9999139629025835
12157,0.009905172431424518
12158,0.0002860902094598916
12159,0.026362086155941433
12160,0.32955730772524283
12161,0.6904937480694051
12162,0.3723683371342887
12163,0.016775481629745966
12164,0.9999999564519159
12165,0.9999998247252057
12166,0.1997340776261589
12167,0.002115088577632701
12168,4.8637041879349864e-05
12169,0.9999999999995652
12170,0.006302307563063207
12171,0.004784441946699846
12172,0.07334793246145994
12173,0.30429521822900757
12174,0.670577161470734
12175,0.0008850766177610552
12176,0.009216039033269912
12177,0.09878614684047049
12178,0.08793349116597483
12179,5.7023869379198764e-05
12180,0.5790968337366582
12181,0.9999999999991724
12182,0.7190283384248279
12183,0.7117189865599232
12184,0.042607060232750314
12185,0.8507054386461037
12186,0.04412326835828243
12187,0.15676179270105864
12188,0.99998263973639
12189,0.3802413809196592
12190,0.999999999999837
12191,0.39768616504095605
12192,0.1717792346094263
12193,3.84405890962484e-05
12194,6.574452496206583e-05
12195,0.8587100674954757
12196,0.32511533640385104
12197,0.0056294673112093786
12198,0.23761161278438753
12199,0.007349458855268697
12200,0.018200036585489607
12201,0.11301480318629056
12202,0.3125851189937546
12203,0.2311122550868666
12204,0.03774100163637094
12205,0.001328890881369842
12206,0.011975635350295364
12207,0.060152656771837204
12208,0.18975743765414774
12209,0.056130630339408204
12210,0.0002988217704803753
12211,0.03259775575812241
12212,0.5429220220253783
12213,3.5223698096704316e-07
12214,4.708771593879388e-16
12215,0.0012555715788064273
12216,0.026325321494098435
12217,7.417175236202439e-09
12218,0.3933333945509708
12219,0.9999724699774986
12220,0.00015108885542756698
12221,0.017885302731577464
12222,0.05810875874342953
12223,0.9999999999995135
12224,0.008157445443863275
12225,0.9997957304563523
12226,0.12921689699849648
12227,0.00027491969034560977
12228,0.039643580956882814
12229,0.013805109139104403
12230,0.0008450809155278413
12231,0.13720834594476478
12232,0.0833903091556348
12233,0.5415940957678115
12234,0.05460272856509068
12235,0.7009448681714644
12236,0.4351692283769855
12237,0.35569201165121983
12238,0.999999992790626
12239,0.02479926087779026
12240,0.0010222005413459427
12241,4.166392632508616e-12
12242,0.01355190807545977
12243,0.0008722218362527596
12244,0.003629621996437461
12245,0.0008892352149812334
12246,0.04083770402593488
12247,8.779714997819992e-06
12248,0.05271007925806641
12249,0.7883360037952154
12250,0.9847470016186535
12251,0.3059521727226754
12252,0.9999999999999973
12253,0.9999710895946411
12254,0.9999913844578481
12255,0.022111804732644832
12256,0.08748796024979352
12257,0.07394775386064435
12258,0.9999603816399694
12259,0.20550752509868647
12260,2.174472055120089e-05
12261,0.9944318599854381
12262,0.9998052994103476
12263,1.0895650603867332e-08
12264,0.9999927865592151
12265,1.0
12266,9.754270170196798e-07
12267,0.13420281110265167
12268,0.034512592819428804
12269,0.99998969075341
12270,0.07778468497478445
12271,0.5607554370434791
12272,0.720533246490001
12273,0.0011146654788055943
12274,0.00013517524247490755
12275,0.799734176940424
12276,0.0017356269093225293
12277,0.017135765819222108
12278,7.803138351852076e-05
12279,0.999986186743101
12280,0.9998190445787568
12281,0.36119719333080574
12282,8.55493256425548e-05
12283,0.047035706376603856
12284,0.005518119808992834
12285,0.9999207191251123
12286,0.9999865109172754
12287,0.20932698616453976
12288,2.5195092630314187e-11
12289,0.9999999999964972
12290,0.0001584280399161262
12291,0.39793523243739637
12292,0.9977867221840128
12293,0.023894525137067697
12294,0.011342076151084016
12295,0.9534746573161361
12296,0.00040421944754331473
12297,0.03007645373573962
12298,0.0025294819633302473
12299,0.030166702176565936
12300,0.07281957087321766
12301,2.6920023432755685e-12
12302,9.254900328348173e-06
12303,0.7054867402202247
12304,0.1419923533328407
12305,0.00045486302806245087
12306,0.0004676877827426076
12307,0.032113108562674055
12308,0.03548236568938803
12309,0.022611931042138732
12310,0.13609766206520715
12311,0.0360717488487047
12312,0.005198429568547825
12313,0.6242469718476868
12314,0.05635840035042754
12315,0.031507291884151224
12316,0.5633527754564432
12317,1.0
12318,0.02916667405517132
12319,0.03866116213636832
12320,0.99999999999978
12321,0.40431551828022894
12322,0.20220768630756428
12323,0.06799113822464697
12324,0.05165243938462733
12325,0.9999077351390269
12326,0.23470803044211078
12327,0.9999139629025835
12328,0.6057042721570756
12329,0.0020240064508665156
12330,0.7890665119464225
12331,0.0376573986488511
12332,0.4458661628530961
12333,0.3620224288497692
12334,0.3329091764168623
12335,0.02267955192083798
12336,0.1402797007946451
12337,0.999633341922301
12338,0.08713358953181367
12339,0.07104123677151766
12340,0.0425391290829331
12341,0.06605092654307296
12342,0.6574538498394771
12343,0.052077371187308256
12344,0.023190583969737288
12345,0.8460157271783606
12346,0.9999999999999987
12347,0.7604828110044806
12348,0.02943248350843194
12349,0.41226760603921064
12350,0.010054817576502428
12351,1.0
12352,0.09602517694031829
12353,0.19513026978367562
12354,0.9989268010894475
12355,0.9979392627289035
12356,0.48280391491536573
12357,0.999735927055007
12358,0.07354330981985818
12359,0.0016142001449861553
12360,0.00011923489350756683
12361,0.01103347489752868
12362,0.07549858653883981
12363,0.05801872316816144
12364,0.0023725931335116983
12365,0.7130122347791336
12366,0.03329973506727588
12367,0.0432650045532932
12368,0.8972813165417495
12369,9.798954441168277e-09
12370,0.9471578410975255
12371,0.14686801750356138
12372,0.01860803179164425
12373,1.0561311697644469e-11
12374,0.018545094769511637
12375,0.049807938306476146
12376,9.886914283072258e-12
12377,0.9999997983755491
12378,0.032069964567226515
12379,0.034042055612696874
12380,0.017040930149650666
12381,0.32907595360611885
12382,0.5848265496182142
12383,0.016214584218759882
12384,0.2584980408654939
12385,0.08900155521896665
12386,0.023703080496465113
12387,2.700996490526866e-05
12388,0.1148462200887745
12389,0.14943356391816556
12390,0.027671562349832524
12391,0.04355789255290214
12392,0.04357762883142853
12393,0.9999999982404055
12394,0.9939963172837457
12395,0.002202179543356336
12396,0.331026312790224
12397,0.07183932717569479
12398,0.2511358049927999
12399,0.1250144199366933
12400,0.004748761911572928
12401,0.01277824696995055
12402,3.5208770403414353e-09
12403,0.007786493232344814
12404,0.008504027308793466
12405,0.008570939624918054
12406,0.0077036543203607205
12407,0.034543534250369407
12408,0.024564561557776324
12409,0.43924045869399
12410,1.7258328434231794e-06
12411,0.014333320520734869
12412,2.0118798456537906e-09
12413,0.9999999857286961
12414,0.4522951194784894
12415,0.016047857659876288
12416,0.999999819000894
12417,0.0025947054660403414
12418,0.000899129438933128
12419,0.00945698507896519
12420,0.9999923603367182
12421,0.6995759215257208
12422,0.00035481033482535136
12423,0.0006732388797450499
12424,1.0
12425,0.9998145173552562
12426,0.00010449578925388442
12427,0.000705317324856917
12428,0.5377505922399998
12429,0.324177793201972
12430,0.05527129298340517
12431,0.00011762114810731795
12432,0.02615577817851482
12433,0.001753537868986948
12434,0.345057048160843
12435,0.026572931992278784
12436,0.0034331136835569734
12437,0.13494857803200247
12438,0.0006687346120979387
12439,5.602007871121484e-07
12440,0.6557175613898173
12441,0.0023751043189821964
12442,0.2938252881369561
12443,0.4922203506995121
12444,0.06182301198328544
12445,0.05087422183028401
12446,9.147078620210764e-05
12447,0.2172670727239276
12448,0.13165055952436713
12449,0.0025458744912096264
12450,0.9999975517908087
12451,5.773627180387564e-08
12452,0.015375472736293704
12453,0.018552464927144734
12454,0.21050135950206592
12455,0.03841901662288252
12456,0.21828540011094968
12457,0.0014714716823450034
12458,0.014691930649359983
12459,0.0003948031617440755
12460,0.04460365260724306
12461,0.39583378699486543
12462,0.7352954221235595
12463,0.25101720452172915
12464,0.009783954350942611
12465,0.030490476459010853
12466,0.5355541568195413
12467,0.03240518308385386
12468,0.9999284961905008
12469,0.004625059168843058
12470,0.006618036388211338
12471,0.15250758831098132
12472,0.002861111488787069
12473,0.9999830435847934
12474,4.4301035289307814e-05
12475,0.016029894219509705
12476,0.0018684144236062643
12477,0.04934632589507735
12478,1.4258248376510697e-11
12479,0.7231462477827217
12480,0.020544523162811686
12481,0.014326679194736645
12482,0.5857087877367448
12483,4.1909703263824035e-05
12484,0.0001699550600239913
12485,0.04430819539146134
12486,0.04930211830286102
12487,0.8205110250827204
12488,0.04208895382298369
12489,0.3471770274049557
12490,0.06440991748207443
12491,0.9999914032531687
12492,0.15075271584138775
12493,7.028893871249195e-13
12494,0.999999985703597
12495,0.15976538527047002
12496,0.15005693020858232
12497,0.6494809451856683
12498,0.05410417381953128
12499,0.3724349523694273
12500,2.3870560855859907e-07
12501,0.07938689467909948
12502,0.9999993858334968
12503,0.5375046020633738
12504,0.39331209028234404
12505,5.58388209967296e-06
12506,0.0002384900257510577
12507,0.24439985931688066
12508,0.9999999999987743
12509,0.12783353742704948
12510,0.6739926670122822
12511,0.14521288161087034
12512,0.8770692450545443
12513,1.0
12514,0.6708818403028922
12515,0.9999999999881595
12516,0.6875613147915128
12517,0.7597272312097847
12518,0.9522783621977151
12519,0.23778964610594672
12520,0.799265714942709
12521,0.18697228956649478
12522,0.0011941072649992786
12523,0.032360764405641604
12524,0.038478272693709854
12525,0.9996436806487188
12526,8.931020761253573e-05
12527,0.5421302616412882
12528,0.9970581470112957
12529,0.013009632651225428
12530,0.0014447125168546191
12531,0.18690023304116726
12532,0.09362752443746931
12533,0.9999988421746157
12534,0.5776681991740251
12535,9.101097120415128e-05
12536,0.9999915758726201
12537,1.0
12538,0.00626862241933653
12539,0.9999995339630885
12540,0.0001726647194962491
12541,0.18863488668760042
12542,0.05148488627982207
12543,0.9999996376818217
12544,0.1131376122621229
12545,0.03919850352418031
12546,0.03788212214279214
12547,0.04261197092232626
12548,8.802701692254005e-05
12549,0.9998469464687444
12550,0.14664182180059077
12551,0.4658638824504095
12552,4.779702658411285e-06
12553,0.7144375597761989
12554,0.05130360982278245
12555,0.007877148546157472
12556,2.6730786822430767e-06
12557,0.35933702274813734
12558,0.9997429245797382
12559,0.03649534604391853
12560,0.00017394771826699092
12561,0.044507024319074946
12562,5.059138648596084e-08
12563,0.9999999989233042
12564,0.05776418978353707
12565,0.002438013383107456
12566,0.0008778257887097987
12567,0.019148262347962058
12568,0.283059795389616
12569,0.3046599783169662
12570,0.07536935474148776
12571,0.02894783594791603
12572,0.11219759277184013
12573,0.42326490054311655
12574,2.9090372048427103e-11
12575,0.9996788746180817
12576,0.0023419961663878747
12577,0.0002225972260092562
12578,0.4129678103769831
12579,0.024912306777369348
12580,0.0023264106862156434
12581,0.01950929220621321
12582,0.09656366563283915
12583,0.9999999917260466
12584,0.7611863956365066
12585,7.665671140879371e-06
12586,0.04115992768542602
12587,0.005407382493460239
12588,0.20011079705287305
12589,0.03196173891996739
12590,0.17816765107295093
12591,0.10567994592694362
12592,0.9848359292314665
12593,0.9999999001347506
12594,0.0007481366631476642
12595,0.7907933399295466
12596,0.012161143779574645
12597,0.6118493408014363
12598,0.9992729722185364
12599,0.05504290446415723
12600,0.43807064488210923
12601,0.9999957029580216
12602,0.5668600331713775
12603,0.6956747998409913
12604,0.05512748373293552
12605,0.03896914725714509
12606,0.008429302557638815
12607,0.0008656423218566349
12608,0.0005965629581554636
12609,0.00306929719937495
12610,0.9999807607078299
12611,0.08691372888478432
12612,0.6917716859500249
12613,0.0003069914376244513
12614,0.0010761869570544587
12615,0.3147209624419596
12616,0.0011147410749653686
12617,0.27956479239076965
12618,0.008092092535748874
12619,0.5412653129015419
12620,7.402888776367235e-05
12621,0.21971086372273393
12622,0.10527103930400968
12623,0.10012736665689177
12624,0.015708437440262957
12625,0.5105872680246553
12626,0.04167084828093199
12627,0.9999999999900284
12628,0.06884418058376525
12629,0.17924539670830864
12630,0.08671583570539998
12631,0.4206433245235629
12632,0.023524982431589594
12633,0.9999999988103678
12634,0.34906781936259546
12635,0.08406905126110079
12636,0.5871026415330692
12637,0.09367101661715029
12638,0.2156837010660787
12639,0.08411997711330947
12640,0.11863719619822273
12641,0.6015590859420256
12642,0.020466099899449412
12643,0.01986309323007875
12644,0.04066738493229149
12645,5.381840932433279e-05
12646,0.025543675142967875
12647,0.9995827010766587
12648,0.294577688960809
12649,0.42797197353199734
12650,0.1694774668767503
12651,0.0053472215738009895
12652,0.6439001523652447
12653,0.09247497928587253
12654,0.018443195164367758
12655,0.004393432442477062
12656,0.051800894124828634
12657,0.00989763609019416
12658,0.13311365032677244
12659,0.014074080417514153
12660,0.5899654958892675
12661,5.198074913820285e-14
12662,0.05440906943620663
12663,0.0013913930299658663
12664,0.9551635713686939
12665,0.014435406223801305
12666,0.9999996601896832
12667,0.3530096709951447
12668,0.006049534723492005
12669,0.1680302815938088
12670,0.05032096172479645
12671,0.20891186974569556
12672,4.160874850635742e-05
12673,0.006307846482282788
12674,0.0005611037819780181
12675,0.027927981684573888
12676,0.42970579494709454
12677,0.0608017088412087
12678,0.9999999208947634
12679,0.8331080540710563
12680,8.802701692254005e-05
12681,0.16494214267436008
12682,0.005041999616083908
12683,0.994495837582798
12684,0.06450192925481431
12685,0.9999992332444584
12686,5.028607870326642e-06
12687,0.022905727558034838
12688,0.051211152671530924
12689,0.026932410731972115
12690,0.16809884870346525
12691,0.0003525363098995176
12692,0.5142563247476476
12693,0.1042795391333459
12694,0.9999829925282298
12695,0.019445193814675348
12696,0.03415645505321697
12697,1.404651564369697e-07
12698,0.025575983918857893
12699,0.31726600952840056
12700,0.2147958478479002
12701,0.8470683647746314
12702,0.5129394854705397
12703,0.0017204021274756839
12704,7.777584737100785e-05
12705,0.03417652909581769
12706,0.01255104760085768
12707,0.9999594272414375
12708,0.9999999440054388
12709,0.9998958959974398
12710,0.9999947378430151
12711,0.9999999473985101
12712,0.4244651431856045
12713,0.312720513877952
12714,0.0010431252680698014
12715,0.4443617146173587
12716,0.7539916806865319
12717,0.9999976822752036
12718,0.18822164369205072
12719,0.02331679696127473
12720,0.1597268808810318
12721,0.9998908578332035
12722,0.026597198646494454
12723,0.22068501579460242
12724,0.0003873695988677966
12725,0.9999519835499261
12726,0.13736766896260658
12727,0.005115258340962294
12728,0.11368676947039037
12729,0.030130185451827014
12730,5.270462362207251e-05
12731,0.9999997983755491
12732,0.11326797037390775
12733,0.01514393077797579
12734,8.926089251660051e-11
12735,0.09673423150129545
12736,0.2740210785790606
12737,0.28810388797287434
12738,0.07883502945857025
12739,0.5976958356376352
12740,0.07856762245655037
12741,0.8658605866229216
12742,0.9999139629025835
12743,0.007640870758043807
12744,0.9999922374879432
12745,0.1606924561577339
12746,0.9999998575966879
12747,0.008827369141301092
12748,0.35928377921492555
12749,0.1189800578402531
12750,0.030287265449054752
12751,0.9999999999999336
12752,0.13468583072977888
12753,0.041466402207541754
12754,0.00032278294627515743
12755,0.8193840036649443
12756,0.9999773470802789
12757,0.004302745660539779
12758,0.2983135063234983
12759,0.0013448051026554205
12760,0.020665749942048766
12761,1.0
12762,7.845003696734281e-05
12763,0.031011059269429857
12764,0.00291981449260533
12765,0.18923555242691784
12766,0.0058306042925273
12767,0.02790395218525282
12768,0.00019027395196388768
12769,0.0017772721796842745
12770,0.9999996376818217
12771,0.07275732313231471
12772,0.07523518928178867
12773,0.15621194481018238
12774,0.397969471056233
12775,0.9999999498352753
12776,0.02930167651926034
12777,1.754679135958841e-07
12778,0.00428787182180353
12779,0.9999974652358563
12780,2.467415617095288e-07
12781,4.724147486811021e-05
12782,0.44845272384198637
12783,0.9999999999995277
12784,0.09854677487301625
12785,0.0393874679748866
12786,8.52908252052578e-06
12787,0.6549644192236663
12788,0.17273450066410348
12789,0.5507233546879383
12790,0.004626000097098871
12791,0.09199135246955346
12792,0.0024124704505633513
12793,0.0030298395307598327
12794,0.018576330259785938
12795,7.524528190456264e-05
12796,0.02591445088503321
12797,1.537118850648213e-11
12798,0.23078151589200316
12799,0.00028424863086834386
12800,0.2289075418211031
12801,9.028073879212087e-05
12802,0.005928194009642799
12803,0.05464539671699075
12804,0.6556413313591261
12805,0.9999999999999996
12806,0.02671415726627798
12807,0.6667802797176913
12808,0.999991506025976
12809,0.97205746054642
12810,7.240675240516841e-06
12811,0.015511548306683182
12812,0.12938625299161258
12813,1.461619347066013e-07
12814,0.46806773296514353
12815,0.1305207607472285
12816,0.9999999735545864
12817,0.04803007150053566
12818,0.6747885924171227
12819,0.000457514550024643
12820,0.011413567716578768
12821,0.5230241539619328
12822,0.055534240349187754
12823,0.38275743463573786
12824,0.002745281771393669
12825,0.9999927865592151
12826,0.016245226365449675
12827,0.5930603872960076
12828,0.0518986773641141
12829,0.07393464689136782
12830,0.2863057864622583
12831,0.0008030821203845709
12832,0.7510469321782586
12833,0.06781771942059414
12834,0.29404072175284435
12835,0.030714591302438705
12836,0.9999801913687809
12837,0.9471578410975255
12838,0.048050328023312175
12839,0.4482206479973929
12840,0.018520321595002824
12841,0.00032654467399281686
12842,0.007955862848434346
12843,0.7698358796931514
12844,5.8204919787104046e-05
12845,0.6547065245249359
12846,0.9999999999997475
12847,0.2771201255956648
12848,0.7423995841985198
12849,0.002397912328007646
12850,0.053991863926678575
12851,0.00024867977780898987
12852,0.0033866372177182124
12853,0.3202784969085148
12854,0.03676626093886329
12855,0.7093070628054791
12856,0.02201504372897241
12857,1.346011206679547e-06
12858,0.023974927564362754
12859,0.0008567052619666954
12860,0.08125019234425125
12861,0.9999999999999973
12862,0.1500300877645333
12863,0.6587266922983794
12864,0.00873381533786861
12865,0.022616504285303922
12866,0.9999999999999338
12867,0.4676874140230788
12868,0.023594254609566996
12869,0.47634921480683473
12870,0.023739263093350286
12871,3.692084716375704e-07
12872,0.05920546441743812
12873,0.004139694240738619
12874,0.0364796540143679
12875,0.04146023109728732
12876,0.0367356914602901
12877,0.00017802242639315105
12878,0.9999684687296096
12879,0.9999830435847934
12880,0.9999999994493551
12881,0.19072501391467975
12882,0.05065024315314449
12883,0.18856117612606957
12884,0.37807432430060073
12885,0.5003290663214821
12886,0.9993738032657856
12887,0.10036938855245131
12888,0.00021728732471692127
12889,0.020913242257075356
12890,0.9999807607078299
12891,9.6705026024793e-05
12892,0.7309419800829792
12893,0.00032322294228879096
12894,0.0019373380557884622
12895,0.0018979879717146702
12896,0.024328595955632866
12897,0.9999998619922035
12898,0.03942411530559289
12899,0.0005009829258551413
12900,0.06655142800617193
12901,0.7075733028609982
12902,0.7553973430177117
12903,0.6491349511738491
12904,0.0006119814591585873
12905,0.00012574171822338424
12906,0.00609341036719981
12907,0.018417880863697843
12908,0.9999999999907243
12909,0.001452074104396382
12910,0.09400881893924443
12911,0.0001887811408321985
12912,0.018359255921661762
12913,0.3359334669911398
12914,0.04634012515451488
12915,0.0005769241546746186
12916,7.200234000506885e-05
12917,0.5093608267163852
12918,0.9999830435847934
12919,0.010647866311187113
12920,0.010363756876214507
12921,0.045615804412256135
12922,0.9999999999889784
12923,0.4639478746346885
12924,0.4757117564946551
12925,0.02347670999807653
12926,0.05582054761259982
12927,0.02051051501244128
12928,2.7590033284516963e-05
12929,0.060217393218159054
12930,0.9999999999999793
12931,0.018845171401505618
12932,0.0003149901993250743
12933,0.0005268862376769052
12934,0.02046979755330767
12935,0.12674708281305747
12936,0.044004384171748345
12937,0.17621324923724058
12938,0.382411824448347
12939,0.06073733983819689
12940,0.9999999999989266
12941,0.9999706679984095
12942,0.8636420091872984
12943,0.0006280549358918893
12944,0.034308043078243124
12945,0.0006874572522997879
12946,9.35338248253026e-05
12947,0.9999998619922035
12948,0.25668769625583243
12949,0.9998388662293312
12950,0.01512316493745193
12951,0.6515829980093562
12952,0.9999998619922035
12953,0.9999960318053683
12954,0.007685467696836994
12955,2.5752036017469704e-05
12956,1.0
12957,0.0810536305531426
12958,0.04243093335667863
12959,0.08655166814224594
12960,0.00014244188811895301
12961,0.1738312723644959
12962,0.46295745321459014
12963,0.9998867720604907
12964,0.054614821742727415
12965,0.044908364093836306
12966,0.00026435022274335127
12967,0.012700234590468902
12968,0.0001789893686373242
12969,0.0017547699770894484
12970,0.4297271248539909
12971,0.3839070281370765
12972,0.9999999999999991
12973,0.22026120981292455
12974,0.12791908239906144
12975,0.08178909511947438
12976,0.04543642323297503
12977,0.29645691463097834
12978,0.9851473536489261
12979,3.876121545780954e-15
12980,0.9061517117716159
12981,0.7584092067891502
12982,0.001040912890596861
12983,0.08787854644961206
12984,0.004576173402723249
12985,0.025107292357914337
12986,0.0001974361043698994
12987,0.009937005889077062
12988,0.9999938703942096
12989,0.9999999689735762
12990,0.0349502245755924
12991,0.46181837860555447
12992,0.4551633117241608
12993,1.088910279329405e-06
12994,0.8427696288116184
12995,0.0008718512782247199
12996,0.03228330525002449
12997,0.9999999735545864
12998,0.12569051422974062
12999,5.239452129897086e-08
13000,0.12636699988440084
13001,4.681401716372852e-05
13002,0.026793678400704294
13003,0.0009357225956314723
13004,0.008494265038099696
13005,0.044575138037498074
13006,0.00618566730917933
13007,0.03691127042725711
13008,0.9999981331241272
13009,0.9999999699979254
13010,0.006004548744817345
13011,0.02716938032815225
13012,0.9999954063093558
13013,0.5442350391833498
13014,0.9999998444969569
13015,0.0012052877292353132
13016,5.4074617904243645e-05
13017,0.00011778930295558241
13018,0.00010833380379605152
13019,0.0007056526734540592
13020,0.6806261452165547
13021,0.08606636316922955
13022,0.0246661431611026
13023,7.378615247773579e-05
13024,0.521063970735748
13025,5.597276205346731e-07
13026,0.3749097673065014
13027,0.198539685605007
13028,0.9999999735545864
13029,0.019924088786285054
13030,0.0044380450723895725
13031,0.07647841814249819
13032,0.0036578489429485573
13033,0.9999074144129694
13034,0.37294236390293
13035,0.12568766409646878
13036,0.08631088386763713
13037,0.13729446537948364
13038,0.021866326659978924
13039,0.00024867977780898987
13040,0.0355400995707033
13041,0.07979260445950735
13042,0.05070376296345715
13043,0.05538078279677707
13044,0.00040633254859644434
13045,0.42773728090574775
13046,0.07544793575889726
13047,0.0908937578834357
13048,0.029497759402580204
13049,0.00012252903750678784
13050,0.22498574831355234
13051,0.8270686889097109
13052,0.07698169719717299
13053,0.5618037834902397
13054,0.0011785667280288848
13055,0.013081490831556412
13056,2.2615582486877098e-05
13057,0.9999057881249208
13058,0.9999999959698642
13059,0.17319810251415005
13060,0.09086320100746971
13061,0.5428274521168268
13062,0.007331071939986481
13063,0.9999999974475908
13064,0.3429415619375101
13065,0.05432959554921221
13066,1.0
13067,0.9999999996942777
13068,0.9999981783926795
13069,0.0010345886260380735
13070,0.020512857361175474
13071,2.9296629272257578e-05
13072,0.04320906325206057
13073,8.660423103973851e-05
13074,0.5365659370998235
13075,0.022891526956540488
13076,0.021372937597809272
13077,0.9994864791158415
13078,0.5204986498246977
13079,0.000769270788777395
13080,0.015670837053339392
13081,0.05083442304060121
13082,0.1501872525396056
13083,0.00015749734459581655
13084,0.0003992946890192569
13085,0.03490786494882106
13086,0.020144756868867908
13087,0.9999684668444404
13088,0.3723805713394202
13089,0.16817079456133607
13090,0.7183261677405113
13091,1.0
13092,0.0024250296214508656
13093,0.9999724699774986
13094,0.0015122049266995152
13095,0.9999996601896832
13096,0.013373951276072774
13097,8.473831227354202e-08
13098,0.49300945992780065
13099,0.00026053857350152024
13100,0.026039834112936616
13101,0.0874695315393178
13102,0.015664082498635254
13103,0.0013400563885111287
13104,0.8499761179132992
13105,0.9997468006093335
13106,0.9999378009634169
13107,0.3719324033326351
13108,0.07158570674131404
13109,0.025896351100222027
13110,0.024290328133501383
13111,0.10100901258566428
13112,0.7901431075909513
13113,0.4222777023006962
13114,0.6792881718340602
13115,0.2980250231273873
13116,0.002815572844241217
13117,0.5553307777460301
13118,0.0025960108330807734
13119,0.8460157271783606
13120,0.32612257693294056
13121,0.010069390548464277
13122,0.9999998444969569
13123,3.924143937153957e-12
13124,0.3124115892586409
13125,0.999329683733498
13126,0.7026141592871611
13127,0.07027268612266008
13128,0.9353088334894549
13129,0.7558140654576779
13130,0.016596042028363275
13131,0.8814965300349856
13132,0.6697067269437359
13133,0.3062034214144762
13134,0.3990390213902464
13135,0.9999977233769689
13136,0.035011174935354716
13137,0.015478886724238158
13138,0.09814030865628934
13139,0.6036929155281845
13140,0.5649770371554037
13141,0.9999915758726201
13142,0.06921062238280314
13143,0.6341994226557257
13144,0.03789101842611767
13145,0.22924793540346286
13146,0.4550616287363417
13147,0.0007623355138565245
13148,0.5139538059510667
13149,1.7961517219607706e-07
13150,0.018731226284022594
13151,0.9096225225708515
13152,0.030375316247969377
13153,0.00031373731315914957
13154,0.07284723301610224
13155,0.0005229530926764647
13156,0.26429849405204675
13157,0.005847828663065601
13158,0.9999996606870808
13159,0.015997573466856235
13160,0.4788683559687198
13161,0.5101681867964493
13162,0.24999634902100912
13163,0.0007207083387922265
13164,0.6989912327496888
13165,0.07885636059207582
13166,0.2931147590613325
13167,4.938445047270422e-06
13168,0.07058812170574325
13169,0.00029093297621796767
13170,0.9999999735545864
13171,0.005182592889952126
13172,0.20909447422102326
13173,9.35937791324855e-12
13174,0.060938860957181686
13175,0.031915197148866696
13176,1.1492436701661756e-11
13177,0.0030885270566182424
13178,0.428822218862917
13179,0.15841727577296694
13180,0.008875158556120269
13181,0.1897903522235922
13182,0.2503355473183894
13183,0.10049021220894164
13184,0.020466088546378595
13185,0.09721301988850192
13186,0.0019478166545379484
13187,2.2323415149133896e-09
13188,5.251330259226461e-13
13189,0.4233557635324828
13190,0.5516347753982792
13191,0.19843250726887557
13192,2.172800593110082e-09
13193,0.7013097743192725
13194,0.07238071492168927
13195,0.4651417479989246
13196,0.13479564428599836
13197,0.8532264865833178
13198,0.31476683226882246
13199,0.03155870488061288
13200,0.09668396308746509
13201,0.005006822661988241
13202,0.38350419212311493
13203,0.07695979152831424
13204,0.5416818332938197
13205,0.003049505470094485
13206,0.22226923160416082
13207,0.9999999999131917
13208,0.002499074918806504
13209,0.9999958924225569
13210,0.7281943264244165
13211,0.036878201140037224
13212,0.06988695893482345
13213,0.6589329782393455
13214,1.2498203038640706e-05
13215,0.39137164005680136
13216,0.002097564386961525
13217,0.0008950785726747088
13218,0.9999999999971687
13219,0.9999949609541918
13220,0.04423606507338866
13221,0.000299563290636272
13222,0.0370395565238153
13223,0.34676156267558544
13224,3.007200269622801e-09
13225,0.002457469085762094
13226,0.021728298320945562
13227,0.4557007088601666
13228,1.7463466854871737e-06
13229,0.7920046308207492
13230,0.9999773470802789
13231,0.01137297105588467
13232,0.016373187606622246
13233,0.0173132499466368
13234,0.000937895159367475
13235,0.016782916528916485
13236,0.03273761654047617
13237,0.9999987989477289
13238,0.07335043590875014
13239,0.04272697009992964
13240,0.004320103850280343
13241,0.9999999999753513
13242,0.04852211560628861
13243,0.9999998477281881
13244,0.9971252190504959
13245,0.06287088937245473
13246,0.0228789031854441
13247,0.04567742467932396
13248,0.004864378006732478
13249,0.03914010576265426
13250,0.428822218862917
13251,0.011343173319983826
13252,0.6760637270263411
13253,0.0935681680333287
13254,0.0007391006718333208
13255,0.9999999317339046
13256,0.02725817288081213
13257,0.17813213367562364
13258,0.014275070726014579
13259,0.8090446199936123
13260,0.5933491602091313
13261,0.49160433960153044
13262,0.02961443646293196
13263,0.00021417809972245266
13264,0.02238642550946886
13265,0.5305441341494121
13266,0.036590613061105184
13267,0.06722108151629448
13268,0.025516960617668036
13269,0.0006098677936358964
13270,0.27142567890010977
13271,0.9999979810950573
13272,0.19826505500743433
13273,0.00591593485504178
13274,0.06007411925578305
13275,0.447622203510529
13276,0.40904544254640796
13277,0.283946615327057
13278,0.002294467864457904
13279,0.008069796269694892
13280,0.03631019565369345
13281,0.9999999999971632
13282,0.00105761517404259
13283,0.004449291804796485
13284,0.034852078223327816
13285,0.00222083465646574
13286,0.0021555865656216608
13287,0.0060628051150847535
13288,0.5823132314384648
13289,0.0030311667290254534
13290,0.09875870412597094
13291,0.9999946354575396
13292,0.0005682178633706287
13293,0.0036152149203340007
13294,0.9999972310559669
13295,0.025916313844774802
13296,0.999999999349694
13297,0.023516046726449417
13298,0.9999998619922035
13299,0.5508607213443187
13300,0.09950628395741011
13301,0.6387315064572573
13302,8.616479583565155e-09
13303,0.9999927865592151
13304,0.06884315465309367
13305,0.03762981271198567
13306,0.8308936401242553
13307,0.0002225972260092562
13308,0.008955172915202304
13309,0.004990237491862145
13310,0.007090966942222502
13311,0.8365243235062034
13312,0.0514379563012425
13313,1.0039123374328913e-10
13314,0.11055155842716066
13315,0.9999999999979088
13316,0.9999999999999993
13317,0.9909788848066522
13318,0.048549351653320055
13319,0.029477119611560652
13320,0.3427053777569907
13321,0.9977867221840128
13322,0.7177465562875672
13323,0.026896217977026238
13324,1.046288810236781e-08
13325,0.0006645903239916031
13326,0.0003780639187644883
13327,0.08507237244441797
13328,0.9999999999987743
13329,0.9999999999998568
13330,0.15719436105916898
13331,0.9999989224289508
13332,0.027142223844465182
13333,0.009211272546251797
13334,0.017779077972899942
13335,0.9999998136340312
13336,0.0007581669888639015
13337,0.049592976380704916
13338,0.2581527468715079
13339,0.12870163322239547
13340,0.01110129922788504
13341,0.008413498957028935
13342,0.0009392680854061357
13343,8.447378989788518e-14
13344,0.0007837894330660079
13345,0.020551902401290675
13346,0.4966518399494088
13347,0.07054066917502234
13348,0.004090628574895065
13349,0.015293573728697636
13350,0.999905174527485
13351,0.024762132031411546
13352,0.03602139218393507
13353,0.7449089031875726
13354,0.0003742143776657821
13355,0.9999938703942096
13356,0.05273137742934223
13357,0.2542818254868157
13358,0.9952825216658788
13359,0.12915579628049387
13360,0.04617249490386157
13361,0.010789275941879482
13362,0.4266863806160242
13363,0.06648263297952343
13364,0.00037010912701524937
13365,0.09456376034420569
13366,0.04232564829770068
13367,0.0443114549467825
13368,0.00020557033826082877
13369,0.0002104571722272579
13370,0.16413321982024118
13371,0.3197536045376606
13372,0.0023417577870604913
13373,0.5738097891726216
13374,0.07259773726571878
13375,0.042213910096858716
13376,5.295142227019771e-05
13377,0.08575769927215529
13378,0.04579990856794011
13379,0.0028375955398717415
13380,0.04274249147103581
13381,0.0464131360337391
13382,0.019723103087348176
13383,0.6162095736147296
13384,0.06776611542725075
13385,0.007385352612516206
13386,0.004838364350751379
13387,0.9999999999989149
13388,0.05456249615289576
13389,0.0011587529172853196
13390,0.013332764665241371
13391,0.043150616638264444
13392,0.013002804342400531
13393,0.00022717886823916454
13394,0.04287044650677012
13395,0.019994853516170544
13396,0.001191680345179978
13397,0.9999992365064237
13398,0.01107908651502817
13399,0.09740391702576782
13400,0.00014949847045227644
13401,0.03346878704569301
13402,0.0011802051637207242
13403,0.0009321715969934421
13404,0.27674788174128334
13405,0.0010867028299674814
13406,0.11777394056847584
13407,0.06451879570089704
13408,0.04289836857087182
13409,0.3913009469375846
13410,0.26664076128520275
13411,0.05597828857053684
13412,0.9999960313818536
13413,0.006314713290059237
13414,0.12356439600744651
13415,0.9999999943910165
13416,0.03309827549077743
13417,0.3345520960345861
13418,0.18505791159082957
13419,0.007859298773090157
13420,0.0024650558482487376
13421,0.0015735028789721863
13422,0.17760113184397933
13423,0.6156820558818566
13424,0.013540438558640275
13425,0.24064903508797061
13426,0.16704569475392023
13427,0.1819649427554766
13428,0.9999988783221022
13429,0.022134138930163146
13430,0.9997429245797382
13431,0.22332469143565417
13432,0.3438480815289612
13433,0.4421197412379024
13434,0.482929352483432
13435,0.007913763587199701
13436,0.05091335725449409
13437,0.004529777080941238
13438,0.9999999573731586
13439,0.2783833547258408
13440,0.05022756856055233
13441,0.9999958562806885
13442,0.01896979368769828
13443,0.7100032255781585
13444,1.3353303475139898e-06
13445,0.6797449858696131
13446,0.999999980683434
13447,0.10308563089225496
13448,0.1406777819292702
13449,3.892728328755394e-11
13450,6.209383301987492e-06
13451,0.859005841245207
13452,0.028129222289219775
13453,0.5979673635538472
13454,1.3184119333755732e-11
13455,0.4933198169730087
13456,0.9999946710208336
13457,0.12806800290858888
13458,1.0
13459,0.10226076323821211
13460,0.01337389197912479
13461,0.07375672783766421
13462,0.9999327783425008
13463,0.04396232197311021
13464,2.684617642355892e-11
13465,0.39437859200962144
13466,0.029831364381981786
13467,0.003986059384248827
13468,0.6487452734000043
13469,0.0046114216455926055
13470,0.014787844714229144
13471,0.05863824641532446
13472,6.816111777609712e-10
13473,9.461573184205522e-05
13474,0.08769418466250475
13475,0.09216350288505618
13476,0.6549357290911053
13477,0.302700553768337
13478,3.698741719376e-05
13479,0.9986577500030152
13480,0.03814041946442105
13481,0.00017804304089983123
13482,0.3924288232076772
13483,0.7350933941070259
13484,0.033281787717180614
13485,0.082248256336035
13486,0.35979514176566085
13487,0.020269233773285784
13488,0.07858003631019801
13489,0.04118119618626234
13490,0.31556099540008997
13491,0.5877907730954126
13492,0.5480389260992269
13493,0.9999915758726201
13494,0.05580406405141495
13495,0.2184311264875492
13496,0.05595826540231058
13497,0.047512053988708614
13498,0.00516462510083927
13499,0.00032265058681363627
13500,0.0003533534204330879
13501,0.2961009306648778
13502,0.009607966563278347
13503,0.028855867608542862
13504,0.9860680032345599
13505,5.242343752660656e-06
13506,0.9994864791158415
13507,8.039358488367899e-05
13508,0.9999468702828593
13509,0.00694939470013026
13510,0.635288364208863
13511,0.0004669615106427886
13512,0.024043143700028576
13513,0.0027266347473370407
13514,0.8517635311410271
13515,0.06410734891633034
13516,0.9923191562237835
13517,0.013326610076464584
13518,0.1366402292211655
13519,0.20208630146153744
13520,0.04717672853389425
13521,0.017180735808212895
13522,0.5576732406083963
13523,0.07537219302255055
13524,0.07512917209089848
13525,0.9999468702828593
13526,0.01335745936807298
13527,0.13606781616459346
13528,0.9999999997952791
13529,0.0007511037339054975
13530,1.8410647282884432e-08
13531,0.23432579102031387
13532,0.1974474045696278
13533,0.11840780316382095
13534,0.08471671925501269
13535,0.3542252515489029
13536,0.140485050996861
13537,0.11147647256464426
13538,0.018297802774067944
13539,0.036202195264196546
13540,0.07004491883922816
13541,0.007016132580751323
13542,0.031674959372395166
13543,0.9999998575966879
13544,0.8881651156890648
13545,0.02722340348804079
13546,0.17441338707567586
13547,2.401287011068385e-13
13548,0.999990622025196
13549,0.004586016620732949
13550,0.26419446314580325
13551,0.020244287524477458
13552,1.9066995197014045e-05
13553,0.43299446766778477
13554,0.9988278545380785
13555,0.027817168761423514
13556,0.023212352780688172
13557,0.11108629387196559
13558,0.047356356469354315
13559,0.9638426191942017
13560,0.03916936596373612
13561,0.07525209140581467
13562,0.13611498393737012
13563,0.019967958837634702
13564,0.005149425161600464
13565,0.5096025888325486
13566,0.4009421627411767
13567,0.003342186016924404
13568,0.9999962200890166
13569,0.5519007895082633
13570,0.03943574493540014
13571,0.010659199602712853
13572,0.3126853347175171
13573,0.044982715383867736
13574,0.5553307777460301
13575,0.9999999999999998
13576,0.004808678187731173
13577,0.001819842839699675
13578,0.9999998619922035
13579,9.895340925606346e-05
13580,0.00017740108118846368
13581,0.9998567804371642
13582,0.8814965300349856
13583,0.9999999999979825
13584,0.15218715232341554
13585,1.2606217310354978e-09
13586,0.5226248565646873
13587,0.7874438005043235
13588,0.9999999999097331
13589,0.04642859436636923
13590,0.040149644945525934
13591,0.9999968968332571
13592,0.07230798477947394
13593,0.01834446577398802
13594,0.012857690686523782
13595,0.0001760033988466376
13596,0.00048013389680467397
13597,0.00010963453655049955
13598,0.02519375462550724
13599,0.0014356499267595196
13600,0.07273106222624467
13601,0.9997429245797382
13602,0.05480322472154692
13603,0.3970492632450779
13604,0.5363383914051644
13605,0.9973341684556399
13606,0.29380829312162876
13607,0.3200255079005444
13608,0.9347500390457623
13609,0.0020005306404855725
13610,0.22451056195457852
13611,2.6519981719936475e-05
13612,0.02116234621956736
13613,0.18723883020514223
13614,0.1863408817352576
13615,0.691576861117916
13616,0.00034249613769790865
13617,0.999735927055007
13618,0.013204450134902986
13619,0.10510829078832189
13620,0.501686212714159
13621,0.9999999999971687
13622,0.826212352047531
13623,0.009812852607845986
13624,0.02241611121993789
13625,0.003892148438402427
13626,0.7682260640590316
13627,0.07727471474474419
13628,0.9999999999995277
13629,0.02219518222053453
13630,0.9471578410975255
13631,0.025847855829577444
13632,6.869988720431422e-05
13633,0.6884815397530429
13634,1.5775164707237067e-05
13635,0.677769174874679
13636,0.9999974134038051
13637,0.0396845477904541
13638,0.00025135576478492504
13639,0.040562875437958126
13640,0.1780516035712453
13641,0.05023581519808805
13642,0.011996462918410934
13643,0.06487656829516403
13644,0.0045590140694400745
13645,0.3362789925189316
13646,0.18289437541717618
13647,0.051320348311091606
13648,0.00022119655753491594
13649,0.016234271859841682
13650,0.028206622330371616
13651,0.2472259635151032
13652,0.999999999998729
13653,0.004912650797067481
13654,0.004515603977281376
13655,0.9999915758726201
13656,0.07389502053126343
13657,0.936451299709071
13658,0.35922234605952497
13659,0.035252360500519574
13660,0.0064181090303844605
13661,4.295638697828514e-05
13662,0.0011290038053092116
13663,0.8569495021956143
13664,0.015151537107201891
13665,0.03746613476057212
13666,0.00842197032315111
13667,0.0020549359553012694
13668,0.22733765833604125
13669,0.8238054771078824
13670,1.736766879481247e-10
13671,0.05356276388181887
13672,0.0008457798206128165
13673,0.16999143795467345
13674,0.7698438395996933
13675,0.00042369341837016175
13676,0.04985211993071818
13677,0.059403480938576995
13678,0.7075730192158033
13679,0.0737865329597676
13680,0.04337987017300434
13681,0.9589455502529745
13682,0.5319112763505293
13683,0.9998797152533498
13684,0.011025995148964112
13685,0.02160162903594787
13686,0.02425906275305459
13687,0.0459076697844986
13688,0.19252269262730506
13689,0.0423981684022209
13690,3.208809419145147e-06
13691,1.161859816980159e-05
13692,1.3983287887218999e-05
13693,0.08636448084245814
13694,0.9999999997952791
13695,2.42101494591937e-06
13696,0.014515592946738147
13697,0.10161917841010937
13698,2.7429802393776994e-09
13699,1.1828223287698602e-06
13700,0.0001831360200529138
13701,0.043056419828439926
13702,0.3042622216405725
13703,0.9999999999999984
13704,0.8774610375497476
13705,0.5954916774324843
13706,0.0010932935134239715
13707,0.765264132712916
13708,0.177254000881353
13709,8.290075683524496e-06
13710,2.825819151949448e-05
13711,0.48127351936407037
13712,0.9114071720754704
13713,0.003016849130068412
13714,0.0001630241241835432
13715,0.31277935690602665
13716,0.9999999969167992
13717,0.00890571118950692
13718,0.04360677194070602
13719,0.6744335068944962
13720,0.04757667320500101
13721,2.6759549963766773e-06
13722,0.06459287088452062
13723,0.000835995117330289
13724,0.0005534886728791438
13725,2.9732988188895766e-05
13726,0.00072310503903518
13727,0.005339607971826467
13728,0.9999572387468417
13729,0.9999954063093558
13730,0.0321331158340647
13731,0.07148546366454325
13732,0.06499042831105115
13733,7.256967725957712e-06
13734,0.34136487153679257
13735,0.1352727188502779
13736,0.026168922871323
13737,0.9999422930460276
13738,0.1956201283430087
13739,2.2902748234682074e-12
13740,0.9999999987497841
13741,0.05642954761329374
13742,0.9999999999997997
13743,0.09919729713021089
13744,1.9208373870405096e-11
13745,0.009234712538216163
13746,0.20816027171433588
13747,0.03605834329069538
13748,0.05020106830151612
13749,0.11836885135558231
13750,0.42908309310638726
13751,0.051007707077275505
13752,0.0005061382870348457
13753,0.9353088334894549
13754,0.23525603404051407
13755,0.2606376353957824
13756,0.0065290993201170084
13757,0.027107492235208388
13758,0.03604886247530553
13759,0.013432808478002795
13760,0.9999945915868409
13761,0.7260176077274766
13762,0.12169082041070337
13763,0.0002225972260092562
13764,0.13029884044764634
13765,0.05643704758823051
13766,0.07512086365199136
13767,0.3094567648468912
13768,0.03347304019029675
13769,0.0887648943823159
13770,0.22470634624449481
13771,0.9999883823088066
13772,1.0
13773,0.9981577366840526
13774,4.223749217668174e-05
13775,0.02467825339115503
13776,0.05974608454161385
13777,0.6811428337384071
13778,0.9999999988911725
13779,0.024761027104287122
13780,0.05497318310914601
13781,0.3192415535113524
13782,0.4451950234631246
13783,5.142795607315346e-08
13784,0.16077280377399464
13785,0.32774900628481757
13786,0.9999999999979445
13787,0.00021477386972967543
13788,0.011388124939431725
13789,0.00025328417117428015
13790,0.8189680533322313
13791,0.006065866657703944
13792,0.06518384544681542
13793,0.021178819066054143
13794,0.0199910447321181
13795,0.005567879418996383
13796,0.859005841245207
13797,0.9999801913687809
13798,0.53771943129352
13799,0.04022755151846451
13800,0.04418998804243559
13801,0.07859521604931202
13802,0.08014467553793861
13803,0.3329091764168623
13804,0.14335073391963638
13805,0.005359964513795273
13806,0.0007918997960101728
13807,0.9999999999999567
13808,0.3730715441191313
13809,0.01773684804377322
13810,0.22946314193267375
13811,0.4827928859690004
13812,0.9997175813684119
13813,6.103833269192874e-06
13814,0.9999999659630456
13815,0.062326684088625246
13816,0.4672542018617784
13817,0.47355549246669837
13818,0.136976426815686
13819,0.01861441151300078
13820,0.6339368358926166
13821,0.9999999999424052
13822,3.5018033165370064e-05
13823,0.1620629299109866
13824,0.6183656289441158
13825,0.011229151885591896
13826,0.017469358826749572
13827,0.033246660694578385
13828,0.9999971334097196
13829,0.2584592507926678
13830,2.6317722988908666e-05
13831,0.4096651259496092
13832,0.02693880657673047
13833,0.5123355417977078
13834,0.455561201585935
13835,2.609372158851982e-05
13836,0.04592268040199963
13837,0.04043800684354032
13838,0.009829247430378356
13839,0.0016739975948101226
13840,0.6677887340173102
13841,0.7553490049006766
13842,0.05723677395511094
13843,0.6335378748891399
13844,0.07939079694292214
13845,0.03258815731945635
13846,0.32105663576710797
13847,8.649159988040113e-13
13848,0.7260176077274766
13849,0.15134289971242457
13850,0.07045351516316405
13851,0.9999999999979445
13852,0.021881397234572816
13853,0.0005565148901640263
13854,0.9999999735545864
13855,0.0001292662074546748
13856,0.003177020277431983
13857,0.4372234693242529
13858,0.20341904020874713
13859,0.4921263340033197
13860,2.0012286385253014e-05
13861,0.005319936139454317
13862,0.021365241557123882
13863,0.08637169712779531
13864,0.002686108159976006
13865,0.005272772560288565
13866,0.0004283748879756983
13867,0.999999971997607
13868,0.9999999626515222
13869,0.9999999999999947
13870,0.38812050773854306
13871,0.7874438005043235
13872,0.3326144060643486
13873,0.4649158247719154
13874,0.9999945915868409
13875,0.006190366041137584
13876,0.9999999979053407
13877,0.10127885526862539
13878,0.9996913468964604
13879,0.0011852751258618298
13880,0.5028015027220231
13881,0.39140985646683396
13882,0.04298009108533273
13883,0.2573881410726128
13884,0.8208608508347168
13885,2.7855974794026836e-08
13886,0.34641549181030706
13887,0.029058785836105622
13888,0.999999999999998
13889,0.04887030725376184
13890,0.18126574927836575
13891,0.45948303851332134
13892,0.3357889828181542
13893,0.9999999999979445
13894,0.00013589468979910408
13895,0.5434873998031656
13896,0.026684395904023033
13897,0.7281591268541435
13898,0.005142030479369012
13899,0.011988220889323742
13900,0.6137287187306496
13901,0.002266339467148095
13902,0.0006640119343531245
13903,1.1201046328361377e-07
13904,0.6229292106012849
13905,0.9522783621977151
13906,0.04778720977890313
13907,0.4623925262515325
13908,0.5021409145555893
13909,0.5540274777527701
13910,0.028079907316581696
13911,0.9999999498352753
13912,2.7108276190146764e-05
13913,0.028457845927782804
13914,0.00011492563041495475
13915,0.06211870393192812
13916,0.023836673997080757
13917,0.3319269856928937
13918,0.9994864791158415
13919,0.20309769082556234
13920,0.022138108175871658
13921,0.0283770835880725
13922,0.000531937564714028
13923,0.24215414704425178
13924,0.17774772412662146
13925,0.0003447899074864454
13926,0.09426315197953315
13927,0.03774330607795465
13928,0.20057908660516616
13929,0.05196093980817033
13930,0.7584092067891502
13931,0.9996563626407268
13932,0.41922557791967785
13933,0.001107004181094148
13934,0.3975206532274979
13935,0.003049505470094485
13936,0.021880417533023666
13937,0.001385921889841287
13938,0.9999999999985336
13939,0.029069199224848952
13940,0.025150593767396128
13941,0.585113562854157
13942,0.0004966643280714541
13943,0.005189469729206275
13944,0.07120608874594318
13945,0.001985467533245617
13946,0.12585627515044787
13947,0.0006922288933034131
13948,0.10980847460851549
13949,1.9217458649948034e-05
13950,0.04148482202498142
13951,0.04242636652617194
13952,0.840011609197032
13953,0.013789420985911127
13954,0.03063484463694664
13955,0.009336653642524166
13956,0.08154101866249278
13957,0.225740236682425
13958,0.9987432763200147
13959,0.7350933941070259
13960,0.7236169168642593
13961,0.047249003212504755
13962,0.9999999999652276
13963,0.8074079679482034
13964,0.0019514721406903627
13965,0.0005576623749685651
13966,0.9999377848818787
13967,9.629118777157654e-05
13968,0.19365042766144844
13969,4.488515609867336e-05
13970,0.021804031634192665
13971,0.0015545420585602772
13972,0.012643117522286805
13973,0.04067424807694049
13974,0.4118546668200549
13975,0.7952030046622901
13976,0.4646070376218325
13977,0.42631089128810534
13978,0.04204378825271142
13979,0.16468629195560844
13980,0.017224977901089098
13981,1.1197042419213994e-15
13982,0.002300647075841784
13983,0.6136150172202264
13984,0.010617773718356264
13985,0.0418451153464946
13986,0.46827323892499007
13987,8.8556664653408e-08
13988,0.023325395188654015
13989,0.0035848909865120295
13990,0.0024535773457858238
13991,0.7657948277904317
13992,0.6006346090012404
13993,0.9999974134038051
13994,0.045478116539154796
13995,0.03525620353866399
13996,0.8384750152382343
13997,0.004264218873054806
13998,0.0008200965779179715
13999,0.2553494854545235
14000,0.09376275937920363
14001,0.9596032425089803
14002,0.9844329178746402
14003,0.04599995140303059
14004,0.0003954389253885332
14005,0.025134656485801227
14006,0.031646932244103206
14007,2.882612533537813e-05
14008,0.0011046656182585924
14009,0.06271231713128154
14010,0.00014786615213796883
14011,0.006259420407887192
14012,0.07606651429897957
14013,0.38215625185295377
14014,0.05401773337263207
14015,0.10031690840186988
14016,0.0027413270138639304
14017,0.014987803656524527
14018,0.001055233045637369
14019,0.07024223377477953
14020,1.3390550174768893e-08
14021,0.9999392700810604
14022,0.9999999999995277
14023,0.02655346006789113
14024,0.7456822147383048
14025,0.02575930250843633
14026,0.07713812344535223
14027,0.06194320349140899
14028,0.004896970523212218
14029,0.002797129682371367
14030,0.06641504976265132
14031,0.08914003470746007
14032,0.48102554354664717
14033,0.0009046622436638656
14034,0.016846601927125015
14035,0.09459649996467821
14036,0.13889034945222983
14037,0.7520395640981834
14038,0.10915620818580232
14039,0.017934931477496946
14040,0.1362071836396293
14041,0.4558567465615467
14042,0.0006924384930329878
14043,1.9574353669407552e-07
14044,0.6929702212969898
14045,0.8824102887133717
14046,0.9411034873669522
14047,0.5365342521929083
14048,0.554657090240085
14049,0.001659533130557186
14050,0.040922844813775054
14051,0.008171738096527789
14052,0.04259974213999394
14053,0.45257877901755883
14054,0.9999999997070204
14055,0.9999915758726201
14056,0.043150616638264444
14057,0.0013087551009448107
14058,0.010186405095156541
14059,0.9999999999999336
14060,0.030176879681215515
14061,0.9999931401315814
14062,0.0012590966557785744
14063,0.5144530522309317
14064,0.06602133432955744
14065,0.000600891976851187
14066,0.0377265516341847
14067,0.04307989846595567
14068,9.060594905812567e-07
14069,0.0002609095519000521
14070,0.011052466915369931
14071,0.023123919802714207
14072,0.49285629438322187
14073,6.9133082478773155e-06
14074,0.9999997983755491
14075,0.030669106106183588
14076,1.4616770575024483e-07
14077,2.1544621282319162e-05
14078,0.0007354063860049912
14079,0.06130179772581012
14080,0.02771028930440261
14081,0.3930126009063215
14082,5.93096676667949e-08
14083,0.0026805060868193733
14084,0.2924700266311626
14085,0.4443030249775466
14086,0.9999895156290874
14087,0.057692829580154446
14088,0.702192797681487
14089,0.5919549284395016
14090,0.00022277499723084946
14091,2.818879558026688e-05
14092,0.003910173015672416
14093,0.9999998709984164
14094,0.9997429245797382
14095,0.019037123284297363
14096,0.7931504788789234
14097,0.866804854670696
14098,0.00030855609899398616
14099,0.49478801650890747
14100,0.0012794375810769184
14101,0.0215823952993416
14102,0.5785850017017641
14103,0.2638653466281386
14104,5.9064621048949845e-05
14105,0.027902410260161856
14106,0.0718001664767606
14107,0.4770094924591883
14108,0.035665203962696373
14109,0.09831245850221014
14110,0.42011889381881595
14111,0.0001603759556399639
14112,0.0007094065798742928
14113,0.44677174190467417
14114,0.054957195195110345
14115,4.607152126020949e-05
14116,0.013555067503005988
14117,0.00358805078718363
14118,0.7274740233168968
14119,0.7502421697851973
14120,0.38586509993122703
14121,0.07283693792770725
14122,0.00011733039664996534
14123,0.015351992487759187
14124,0.02330971970876766
14125,0.4086816984452074
14126,0.5779863202572079
14127,0.037710119298589626
14128,0.20576295688887888
14129,0.0401967964734118
14130,0.5693957722193516
14131,0.00032440728318173617
14132,0.00063509671212033
14133,0.9999968968332571
14134,0.0555571894145843
14135,0.957414156417405
14136,0.00046321025476469424
14137,0.017827092082281313
14138,0.9999999999948586
14139,0.9999999999992679
14140,0.9999830435847934
14141,0.007531368685448417
14142,0.13640196907322577
14143,0.9999945915868409
14144,0.03334116634174505
14145,0.1335937447335149
14146,0.9999997983755491
14147,0.0037247442043666316
14148,6.56689136932099e-05
14149,0.08707523495968242
14150,0.9999997983755491
14151,0.9999999999999336
14152,0.7185601925958875
14153,0.854611659110841
14154,0.010529589086976644
14155,0.013177611618790629
14156,0.3219761682675145
14157,0.0015794008537590744
14158,0.9952825216658788
14159,0.020940320250234797
14160,0.9999997983755491
14161,2.901728825410283e-06
14162,0.5168632780682987
14163,4.4467530716149975e-05
14164,0.02113971673066795
14165,0.025192103346534198
14166,0.06624414861479991
14167,0.9999999999999447
14168,0.0003992946890192569
14169,0.0015860528687821512
14170,0.6165006266305308
14171,0.9999946550965696
14172,0.051947969077047546
14173,0.5461061157555487
14174,0.8013987691167402
14175,3.968322485425929e-08
14176,0.051586975234041904
14177,0.015190474782378921
14178,0.6634267337505105
14179,0.19268118251090383
14180,0.015835063469152737
14181,0.011881331764811414
14182,0.0627586544200195
14183,0.04098638315315936
14184,0.10584823089710688
14185,0.24170435381712696
14186,0.19592700929304607
14187,0.13293252236186834
14188,0.9999999999999998
14189,9.03088664567012e-12
14190,0.03679325734232935
14191,0.9999902818026298
14192,0.3918723878918683
14193,0.01833353175542691
14194,0.039845500934285585
14195,0.2882790953988571
14196,1.6112543144672182e-08
14197,0.013893473105506322
14198,0.0007487419361387825
14199,0.24805029659666047
14200,0.04617259011132672
14201,0.009999724827196677
14202,0.30353749462058716
14203,0.5285505109550582
14204,0.9999611186138248
14205,0.0008059172314052979
14206,0.7684139353095626
14207,0.05266388667751713
14208,0.34935392580328595
14209,0.31225637443792204
14210,0.028931600721735708
14211,4.2892283565876863e-05
14212,0.0228857097797705
14213,1.0
14214,0.999990622025196
14215,0.07615814245954397
14216,0.007114452588405462
14217,0.00011764317831850613
14218,0.021045288749280768
14219,0.12941548122030846
14220,0.9999984225299874
14221,0.9999999999999996
14222,0.49396466605669614
14223,0.30680211737771496
14224,0.39018730606283053
14225,0.22545736738367883
14226,0.4624194200548954
14227,0.00042975278384959183
14228,0.04378883868297612
14229,0.6218060970449016
14230,3.7161604893054587e-13
14231,0.03328352943839727
14232,0.00012908356071647292
14233,7.584441135547682e-11
14234,0.046798332611488795
14235,0.554515256297073
14236,0.0003634540622425222
14237,0.024617796882415135
14238,0.08510637206272993
14239,0.9999999735545864
14240,0.5693004624463535
14241,0.5857087877367448
14242,0.06350112207281901
14243,0.8356387136152587
14244,0.23846860284866916
14245,7.015449323081095e-05
14246,0.9999999999835754
14247,0.8238015552315741
14248,0.0009731341120179102
14249,0.05234739881273589
14250,0.030768655060853276
14251,0.0025396597970128074
14252,0.18544923505692934
14253,0.6047833456429879
14254,0.0002463642103596992
14255,0.0016983778788071593
14256,0.02146322569451343
14257,0.061076013520710695
14258,0.5294212657571559
14259,9.101097120415128e-05
14260,0.9604335611321504
14261,0.0007746537042819515
14262,0.9999987989477289
14263,0.030343403934054537
14264,0.9999999208947634
14265,0.8670446169182285
14266,0.3459127136507658
14267,0.0015035151183414837
14268,0.006905250848968195
14269,5.079627336094366e-08
14270,0.08788447633005034
14271,0.04377208910655437
14272,0.035140843127364214
14273,0.0011091737415030454
14274,0.07947226016234353
14275,0.7350567577366731
14276,0.44670795439621114
14277,0.6494037380172688
14278,0.5934793194078797
14279,0.0012372296904479085
14280,0.01743841480981215
14281,0.00014244188811895301
14282,0.29225475604867934
14283,0.9999933726762911
14284,0.08672401788780659
14285,0.7937843643832887
14286,0.02181958287709662
14287,0.27956309025644793
14288,0.40279331212741054
14289,0.1482680375481071
14290,0.11008022756662568
14291,0.1460084940692201
14292,0.01723843893050118
14293,0.014483927998327423
14294,0.020594081439025136
14295,0.421335661165944
14296,0.005866611204148459
14297,0.056636230853366804
14298,0.9996964787579231
14299,0.9999997983755491
14300,0.0004185536974472692
14301,0.11036801790457731
14302,0.5203341755074914
14303,5.987680489877972e-07
14304,0.07043081875110602
14305,9.695024518970086e-05
14306,0.0003751376942140177
14307,0.9999998355575881
14308,0.4301531412041269
14309,0.004814585840654215
14310,0.46344483317681845
14311,0.0010586901403856
14312,0.0013867027486184323
14313,0.0044576237430632324
14314,0.9999923603367182
14315,0.04544021149970694
14316,0.005751796927413277
14317,0.9999873218957713
14318,0.0349753918056507
14319,0.8780814439620622
14320,3.7691114225860435e-05
14321,0.9999765871466543
14322,0.18133932895901161
14323,0.9999996601896832
14324,0.42116754843541304
14325,5.613332347582812e-06
14326,0.2342256460258485
14327,0.6995759215257208
14328,0.035403230998553366
14329,0.20965050092161486
14330,0.006987899248776944
14331,0.00021058602931755077
14332,0.5894683525704296
14333,0.023805525942507805
14334,0.000322693728362229
14335,0.4114973388938658
14336,0.0860289381877453
14337,0.7255188721239885
14338,0.9960331851290287
14339,0.00041903609908180793
14340,0.049306391280835506
14341,0.8901434416429823
14342,0.8428691982550617
14343,0.1184046665480421
14344,3.876375457606557e-06
14345,0.0003108423434883626
14346,0.0005446486425867862
14347,0.9999999999999987
14348,9.07130210165782e-05
14349,0.18436346217510927
14350,4.188491073172572e-07
14351,0.8269498231366432
14352,0.5439757317407063
14353,0.3298051771181364
14354,0.17256859575771238
14355,0.6197828221288304
14356,0.04874279689487905
14357,0.26768595023763553
14358,0.989065821966967
14359,0.6823984322209673
14360,0.0410954627422728
14361,0.1954806991939509
14362,0.0025162756140781842
14363,0.198539685605007
14364,0.04963469295435953
14365,0.49373741248425285
14366,0.001385921889841287
14367,0.03209309194804443
14368,0.00034840093614905445
14369,5.2693843555964526e-09
14370,0.8022952536726494
14371,0.4477755736485889
14372,4.167937473231244e-06
14373,0.9844329178746402
14374,0.0682496560816116
14375,0.0006201270591173907
14376,0.12951302714782037
14377,0.004357081214776487
14378,0.9999958924225569
14379,0.9729143100842605
14380,0.01019778482690094
14381,0.006428510387522057
14382,0.428822218862917
14383,0.019202397140713413
14384,3.5568638221036936e-08
14385,0.00012429700439352395
14386,0.09176062413002856
14387,0.0003675005200629269
14388,0.03813611341581898
14389,0.0007209910339115437
14390,0.03434245538027662
14391,0.9999996601896832
14392,0.0013581224150180761
14393,0.47299337255800417
14394,0.8165335293666236
14395,0.39628329380633115
14396,0.6551062469188949
14397,0.19286717932881411
14398,0.021603292328037985
14399,0.21147247291763024
14400,0.5183185847510915
14401,0.05745646795753709
14402,0.7260176077274766
14403,0.000425076541099788
14404,1.8098285066137193e-06
14405,5.7069809105299334e-08
14406,0.9994864791158415
14407,0.9999016601818919
14408,0.1055247529487322
14409,0.001622240431741746
14410,1.9774319982814496e-09
14411,0.13843038644010563
14412,0.00010534154937838449
14413,0.09782470530916042
14414,0.007077356412183819
14415,0.7140820717279597
14416,8.488678279250805e-05
14417,0.07814167703268891
14418,0.046251634469156845
14419,0.04807595972224831
14420,0.04651688644199073
14421,0.000199643520140844
14422,0.9997561724506945
14423,0.11302417367440834
14424,0.23111689197455312
14425,0.0006876910353251556
14426,0.05094614117341726
14427,0.2243900256610305
14428,0.000669087138272153
14429,0.004405101668123135
14430,0.01870885739203881
14431,0.019372266507878898
14432,0.019292203404630996
14433,0.13586366831628896
14434,0.0002225972260092562
14435,0.9968777493760929
14436,0.015656272683444016
14437,0.05472994210202533
14438,0.021404352683964144
14439,0.9999999999999989
14440,0.10418132753085417
14441,0.04902684890613077
14442,0.9999998575966879
14443,0.0018581215886208182
14444,0.13494851886479903
14445,0.5635458492790392
14446,0.3577501507640024
14447,0.11013977335792388
14448,0.004207486656440007
14449,2.345765915604105e-16
14450,0.04882808998165378
14451,0.21303517171779188
14452,0.009018170590276826
14453,0.0035441207142524822
14454,0.00027597012645156786
14455,0.07353589677333382
14456,0.012247885522083411
14457,0.4603985604781392
14458,0.33676120972221346
14459,0.14255417049917532
14460,0.9999729484427337
14461,0.0012230298375510709
14462,0.06818039653688299
14463,0.025577378710442883
14464,0.003513994805858507
14465,0.99997387745755
14466,4.708753600420237e-12
14467,0.5319399833588042
14468,0.018120599264664985
14469,0.7179547483693588
14470,0.021945943860521306
14471,7.51914527512746e-05
14472,0.3287577488243994
14473,0.002174613912772131
14474,0.3496035024654437
14475,1.7574897253221076e-07
14476,0.8111089210691415
14477,0.14564635060404318
14478,0.4173476344642729
14479,0.29598024773138965
14480,4.213789396727572e-05
14481,0.02182460291799577
14482,0.9715947720937224
14483,0.1141619425708916
14484,0.9999945915868409
14485,0.1440116416033898
14486,0.01731733908077904
14487,0.01787009199490803
14488,0.9999958924225569
14489,0.04207142244137993
14490,0.5519806649787072
14491,0.026319389273469718
14492,0.6575430929302576
14493,3.1674579564441202e-06
14494,0.9999999988103678
14495,0.8496130261477604
14496,0.026329358359746792
14497,0.05316227207032592
14498,0.8451043652406905
14499,0.6873099850427707
14500,9.556321580308302e-08
14501,2.7400906202555368e-11
14502,0.014382985842094681
14503,7.204267634421115e-12
14504,0.07322835585403782
14505,0.03244643119338759
14506,0.06923992448347523
14507,0.01908488982377905
14508,0.9573028177832523
14509,0.354234085219434
14510,0.0015128210828470568
14511,0.8499126756439557
14512,0.0004085161435018852
14513,0.1964731822303283
14514,0.04310652876892112
14515,0.9997608539748719
14516,0.3769540138675069
14517,0.9999999887192207
14518,0.0010791275378082001
14519,0.0293842645111991
14520,0.9999998444969569
14521,1.0
14522,0.04578094150460311
14523,0.32754556793407474
14524,0.003458287308494252
14525,8.75326706439187e-05
14526,0.2543642585827615
14527,0.7212890650537062
14528,0.9999999999999998
14529,0.08904510403496929
14530,1.4933007234097464e-06
14531,0.021199095410976053
14532,0.023505506040989332
14533,0.0026773356048998154
14534,0.22617223299152142
14535,0.9999946008989498
14536,0.9999999999999336
14537,0.0005586724312656848
14538,4.988510261205278e-05
14539,0.8531751336338165
14540,0.08362681499485046
14541,0.8119404796868915
14542,0.744421628553261
14543,0.6163322341765841
14544,0.8944869177972944
14545,0.9999977233769689
14546,0.42760593089437693
14547,0.06615505847105681
14548,0.0068887256905833345
14549,0.8834815121784071
14550,0.18107573700867588
14551,1.212587537730354e-11
14552,0.16151703347643673
14553,0.000914648923431853
14554,0.21866169912106695
14555,0.004733778001332393
14556,0.08199547443741058
14557,0.03207578946154286
14558,1.5777413585009138e-12
14559,0.025571845583909247
14560,0.000937895159367475
14561,0.3846370802991515
14562,0.0001992212681608338
14563,0.001452576852336113
14564,0.17810558087119432
14565,0.04566101473702073
14566,0.017791727921644143
14567,0.011198622420625718
14568,0.08637979549606271
14569,0.060382685334441855
14570,0.054698858804654894
14571,0.6993127534013045
14572,0.17246644522203128
14573,0.02646723679584915
14574,4.5388706108990273e-07
14575,0.7242718450495141
14576,0.031337129667146954
14577,0.8299233549768897
14578,0.9999865109172754
14579,0.20272634972121387
14580,1.9659194588384437e-07
14581,0.9999999505924788
14582,0.9988694500387959
14583,0.7267197295901332
14584,0.015122595242153768
14585,0.4558688318650181
14586,0.9952825216658788
14587,0.3158222046581181
14588,0.5302010138736234
14589,0.009570437021200674
14590,0.7985142358825916
14591,0.0014356667705996444
14592,0.007828926277671287
14593,0.9997429245797382
14594,0.9999985913992588
14595,0.04240318525601086
14596,0.0007989061386191973
14597,0.9999868143430042
14598,0.002592952378689784
14599,0.0003915592194414475
14600,0.030694036531056627
14601,0.02184822506296137
14602,0.9999999999999987
14603,0.0027354663486679133
14604,0.8970575966312835
14605,0.99968279088264
14606,8.802701692254005e-05
14607,0.013644953279207783
14608,0.9999999831761636
14609,0.058160428499664504
14610,0.062200480507884494
14611,0.004461338796973868
14612,0.026428893389607692
14613,0.00014662782136008195
14614,0.02361995990293723
14615,0.6995759215257208
14616,0.5955859071830101
14617,0.3359863764119975
14618,8.916837229075996e-10
14619,0.7400044504589202
14620,0.031522837568855044
14621,0.28574224805656123
14622,0.050731520336878944
14623,0.9999999988103678
14624,0.23755165226216984
14625,0.03463719900704401
14626,0.12424982571464628
14627,0.26848107257924475
14628,0.16634843140564545
14629,0.15281946370057223
14630,3.638865192409345e-05
14631,0.006744967984439582
14632,0.9999999999998568
14633,0.04098952747527729
14634,0.050736142434971314
14635,0.0036764936782614863
14636,0.12269705000417455
14637,0.7174286278627336
14638,0.002412105864400724
14639,0.08945108227802527
14640,0.07016179518492094
14641,0.9860680032345599
14642,0.00032104414974433036
14643,0.9999945915868409
14644,0.9999603816399694
14645,0.31189709188221953
14646,0.9999999999998568
14647,0.02095611297397415
14648,0.036180548468635484
14649,0.9960331851290287
14650,0.1372945481556694
14651,0.01410585983552515
14652,0.05539040545497741
14653,0.03258383725368682
14654,0.04896275536535289
14655,0.9844329178746402
14656,0.9999683594455712
14657,0.40097025133644815
14658,0.9992270184820358
14659,0.06810963536829882
14660,0.01063919044809656
14661,0.10758776490765729
14662,0.02357022548702925
14663,0.10916179400887399
14664,0.24037613967391808
14665,0.042189704329941985
14666,0.9999981331241272
14667,0.6501022386924102
14668,0.004956473476769923
14669,0.05405066574777153
14670,0.9999999999881595
14671,0.002644089988629427
14672,3.049614920768221e-05
14673,0.002706472402675914
14674,0.239566326724412
14675,0.0008298755970347464
14676,0.9999938703942096
14677,0.6367169652652263
14678,0.3357383987220303
14679,0.005606759973745813
14680,0.5148244517485112
14681,0.06062217425636242
14682,0.263992287418524
14683,0.033795873037740766
14684,1.0
14685,0.02303907015370962
14686,0.00010367472157827974
14687,0.0002739727048162136
14688,0.13706842464275415
14689,0.005864453175869617
14690,0.07556929525347723
14691,0.021972513228534
14692,0.9999968968332571
14693,0.6405992997144587
14694,0.0182816757562
14695,0.4803128569940923
14696,0.030006490440590047
14697,0.11019942023296124
14698,0.21804761353590663
14699,8.432993619221669e-11
14700,0.16003473941246335
14701,0.9999999989075976
14702,0.020622498594223944
14703,0.09279287434005609
14704,1.0
14705,0.09607196590183502
14706,0.9999989198829125
14707,0.09174435550359018
14708,0.09401131922970353
14709,0.04499051268767637
14710,0.04952362703569196
14711,0.0199718458774577
14712,0.9953040958722555
14713,0.5693294187863113
14714,0.45375744473501434
14715,0.19943398319709188
14716,0.9999981331241272
14717,0.0005150175356682909
14718,0.02221777884427928
14719,2.913489096279715e-09
14720,0.9999613336318263
14721,0.04568652533965068
14722,3.7493140392328474e-05
14723,0.8256421467565641
14724,0.24145265365942759
14725,0.13830987344685794
14726,0.47377552624227937
14727,0.0037251983885512856
14728,0.0009392680854061357
14729,1.0
14730,0.271306578257869
14731,0.5008977172731015
14732,0.9998958959974398
14733,0.5468721549634569
14734,0.8045810396408183
14735,0.07254259536199521
14736,0.10115418504890801
14737,0.4557927358695379
14738,0.0679748826355828
14739,0.108635728367938
14740,0.05946050300190505
14741,0.9999974134038051
14742,0.6787373924966248
14743,0.799265714942709
14744,0.02762800599247524
14745,0.05373302447000036
14746,0.0030041260259911482
14747,0.14001597681235814
14748,0.9999999998014804
14749,0.9999999572628042
14750,0.001628240424815916
14751,0.04685629799580595
14752,0.9997429245797382
14753,0.9999929169198455
14754,0.004253685704415801
14755,0.5173410311362241
14756,0.0032634291544860264
14757,0.05742786508325749
14758,0.0017268640928891157
14759,0.11739068026954116
14760,0.05789529531394118
14761,0.0018760042026882062
14762,0.030590872807873412
14763,0.999999853319719
14764,0.31788345227675097
14765,0.3445157154015351
14766,0.013581465941108883
14767,0.577746808765285
14768,0.05337486482922495
14769,0.032045674594121366
14770,0.02495212999557682
14771,0.5969373182027509
14772,0.5931415546795823
14773,0.0010996996699472294
14774,0.02784545999538326
14775,0.004424073387841229
14776,0.9999999999982203
14777,1.8253815754699228e-07
14778,0.0025208116430307697
14779,0.7536007498930116
14780,0.9999689744592648
14781,0.5795264850851474
14782,0.015228779112180405
14783,0.11679797614777883
14784,0.10584823089710688
14785,0.999907719414397
14786,0.37858589703450474
14787,0.007200000181797768
14788,0.19001848743254415
14789,0.037640048238135125
14790,0.7164474948472155
14791,0.3893585195819362
14792,0.8662730787326781
14793,0.10185784024506031
14794,0.043478553936932465
14795,0.9971252190504959
14796,0.5013816953591008
14797,0.007618977976138123
14798,0.046437562749559784
14799,0.9937563141798529
14800,0.008552629046172665
14801,0.9999992365064237
14802,0.003676438237397889
14803,2.2903599515016771e-07
14804,0.018008648233401016
14805,0.7270917733435697
14806,0.9999999997952791
14807,0.15491078401405312
14808,0.00024867977780898987
14809,0.4736339145349189
14810,0.0003521991282235823
14811,0.08590045616518535
14812,0.057021079126350495
14813,0.0004138217751176919
14814,0.9971252190504959
14815,0.1032519735317641
14816,0.07606509081328547
14817,4.085155531027316e-05
14818,1.1860200797021874e-12
14819,1.0463507563986929e-08
14820,0.09640442929868824
14821,0.834883991791577
14822,0.005092860563255322
14823,0.016163986558938293
14824,0.020357628280013796
14825,0.00020557033826082877
14826,0.9999807607078299
14827,0.7606837492070214
14828,0.01873928954170089
14829,0.08075309824068003
14830,0.009386385609962626
14831,0.39339088038350467
14832,0.999971295067786
14833,8.246240601378188e-05
14834,0.9999999999979825
14835,0.025026639695840267
14836,0.15476368300682203
14837,0.03709756091532724
14838,0.0018511205247128681
14839,0.011580053091550895
14840,0.9999989733269572
14841,0.0595201121509082
14842,0.7881230932582742
14843,0.01995433823351492
14844,0.15507291576383536
14845,0.04110489207390451
14846,0.000782316831402586
14847,0.10990040927786789
14848,0.020663111210747816
14849,0.9999999999999281
14850,0.9846677289897943
14851,0.08503972518606955
14852,0.06774713535806177
14853,0.3962298009220318
14854,0.0009683343346496958
14855,0.002244454280562421
14856,0.010501085363644191
14857,0.9999829933536507
14858,0.002366626068104765
14859,0.999999000886692
14860,0.04756071343939222
14861,0.1704845041882406
14862,0.08028359848282463
14863,5.000121258147331e-07
14864,0.3954812847005223
14865,0.9998797152533498
14866,0.004379102467008029
14867,0.9999865109172754
14868,0.01372409773388874
14869,0.23674517800788025
14870,0.014098294231317265
14871,0.10621439101024052
14872,0.3904996164513603
14873,0.8473583823511996
14874,3.7961662151324715e-07
14875,0.017519469405509695
14876,0.023334659730738727
14877,0.5425933565716067
14878,0.025529511039835154
14879,0.9998531572865486
14880,0.09998226722273465
14881,0.9999949061764654
14882,0.1828437724282544
14883,0.9999967368864191
14884,0.2509830891722442
14885,0.09854417654704747
14886,0.011159015974385133
14887,0.03166416058880157
14888,0.04592775669344132
14889,0.016469321405001302
14890,0.03269465388794156
14891,0.0009258692272062143
14892,0.0033591356510479066
14893,0.9999968968332571
14894,0.8104042373230069
14895,0.999999990482192
14896,0.005648580987481312
14897,0.9999468702828593
14898,0.018761333132538936
14899,0.05368718297431234
14900,0.3311376435079121
14901,0.05853408749152896
14902,0.0026325568301294516
14903,0.014675240632649422
14904,0.3502777262802212
14905,0.012652191672797316
14906,0.002099978044408994
14907,0.9999999999989149
14908,0.0007525958306347474
14909,0.6831543999505894
14910,0.9999999999999964
14911,1.3276047276451825e-07
14912,0.7698438395996933
14913,0.019514647854638762
14914,0.13674076176727204
14915,0.0016319193500579287
14916,0.025878359264637614
14917,0.0020343821098330853
14918,0.39361295695881665
14919,0.036038450451925844
14920,0.09179636305398772
14921,0.9999878843429509
14922,0.020801457730026885
14923,2.385432242469454e-06
14924,0.03693140786963623
14925,0.000536103183325411
14926,0.023324646999075046
14927,0.06891520965418116
14928,0.41372204261170453
14929,0.9999999991771809
14930,0.9999999699979254
14931,0.17068077063654696
14932,0.013355471146026669
14933,0.8563883039011612
14934,0.23515007507582789
14935,0.9999999999652276
14936,0.7067377976215072
14937,0.9999891564204176
14938,0.9999999999999973
14939,0.055541597627732385
14940,0.3059083436180517
14941,0.5199424614543217
14942,0.09486912489185503
14943,0.07700481359747237
14944,9.406600912836187e-05
14945,0.032445859169692566
14946,0.008782846398791703
14947,0.013558973000333763
14948,0.7370888571251156
14949,9.732836287578185e-09
14950,0.4402278905425486
14951,0.53574796574808
14952,0.17732081866961316
14953,0.0004582164459767468
14954,0.03173322348160158
14955,0.9999998619922035
14956,0.9999913469071336
14957,0.038641012679311165
14958,0.033244016191714264
14959,0.40953280942303594
14960,0.9999946008989498
14961,0.042469243428533324
14962,0.7447327638922345
14963,0.21866169912106695
14964,6.761723529733813e-07
14965,3.838274341109444e-08
14966,0.6441325432029784
14967,3.134830614990269e-12
14968,0.03427552615054292
14969,0.028454341722355184
14970,0.06503697573480104
14971,0.5230241539619328
14972,2.683722987273803e-12
14973,0.0019505839148804063
14974,0.013592028520332288
14975,0.02380141625441811
14976,0.0005382912434062864
14977,0.08922916126148144
14978,0.613645203551104
14979,1.653314886497318e-07
14980,0.4351490639664339
14981,0.004075013248793426
14982,0.053220437487873806
14983,0.4475517835810211
14984,0.1059520368672986
14985,0.0635285276689639
14986,0.418893156938658
14987,0.023757685644001145
14988,0.11569629786053692
14989,0.04510366998062148
14990,0.01084665993503678
14991,0.053276708202155076
14992,2.2638758383103446e-11
14993,1.2900595912318977e-07
14994,0.0016305393887486067
14995,7.326502155676288e-09
14996,0.0005786330163332703
14997,0.0018243256002066484
14998,0.02975839474548285
14999,0.5332091060959455
15000,0.06379188395937785
15001,0.0007786135542176069
15002,0.08141636035961278
15003,0.5754243423474869
15004,0.9997491587847717
15005,0.28712743126768714
15006,0.0586955653507016
15007,0.011295181490641997
15008,4.370066978717951e-05
15009,0.03146749001464888
15010,0.03623229455792057
15011,0.404215712172214
15012,0.022123255778015403
15013,0.00355543174005677
15014,0.08638760966166113
15015,0.9999999999999889
15016,0.9999999999955536
15017,0.6847566061346934
15018,0.11601470905529264
15019,0.059569113387210035
15020,0.0047562660567031
15021,0.06982032079312063
15022,0.08007653569302535
15023,0.7951307774040238
15024,0.006786769499718474
15025,0.08811593604707293
15026,0.20504829761333054
15027,0.9999999999939677
15028,0.17730160700323383
15029,0.9999815068673342
15030,0.004428139332027328
15031,0.0019325112382542243
15032,0.007073919024225767
15033,0.0003004214612416621
15034,0.020212732223590008
15035,0.030532737771464744
15036,0.37524822248024026
15037,0.008731604156266703
15038,9.983502986989911e-05
15039,0.16616048080894122
15040,2.31370466134538e-05
15041,0.26330131326306694
15042,0.002941204798606335
15043,0.7229189930431243
15044,0.12020873111591919
15045,0.035909085171752876
15046,0.028300561790320457
15047,0.11511277028412412
15048,1.6443918368002842e-13
15049,0.5305343991088589
15050,0.12635611204033917
15051,0.2908042205383277
15052,0.9999999999998568
15053,0.2721729610830754
15054,0.039303803124963954
15055,0.10397334630859224
15056,0.8203260388579587
15057,0.5646274508299651
15058,0.3539578735378862
15059,0.2744088751223337
15060,0.9999994894237247
15061,0.020381210399110956
15062,0.999999930567364
15063,0.43655792456330766
15064,0.13571277608658314
15065,0.9999999988103678
15066,0.024518914149694603
15067,0.07817406072309915
15068,0.13101995809997707
15069,0.0005779280477901634
15070,0.9999074144129694
15071,0.9997405790828615
15072,0.9860680032345599
15073,0.03491683883064179
15074,0.49316294748452194
15075,0.004896970523212218
15076,0.0032226475232089965
15077,0.00024089137838136367
15078,0.09936699339068009
15079,0.00033504959245209674
15080,0.9129875247853858
15081,0.23845239940596072
15082,0.44732609375322613
15083,0.14419282701524164
15084,3.3828481135790824e-05
15085,0.00022263689458360054
15086,0.07946916838994615
15087,0.9995891411652431
15088,0.039212123398354344
15089,0.06474276698447567
15090,0.9999346035246589
15091,0.6828408720697108
15092,0.05382238990938844
15093,0.00041321333234618714
15094,0.2835792632720114
15095,0.057441876240492226
15096,0.48128058062440837
15097,0.12924233249948
15098,6.002811548612634e-10
15099,0.03687123050135344
15100,0.3039011020695208
15101,0.3405288713247079
15102,0.3582409972959254
15103,0.5522118212624769
15104,1.2151561947213224e-05
15105,0.07383471056272142
15106,0.15413679512056408
15107,0.061708022685224635
15108,0.058194997187023506
15109,0.0404198825648948
15110,0.010219785648673436
15111,0.9854523713178814
15112,0.030443599989762843
15113,0.9999999999998144
15114,0.9604335611321504
15115,8.784850576235667e-10
15116,0.0331512653908379
15117,0.01990935765967088
15118,0.003027950992188826
15119,0.5633781976779154
15120,0.03479578027309128
15121,0.9999999999999998
15122,0.11357292108698439
15123,0.12674936543149662
15124,0.03269507357912362
15125,0.05644601583156228
15126,9.040477660839589e-05
15127,0.016869166444713406
15128,0.8604532926827728
15129,3.615201868187704e-05
15130,0.559077457560062
15131,0.029228886129758328
15132,0.01841471182119343
15133,0.001042316361692141
15134,0.4715804182284273
15135,2.5549147212384554e-05
15136,2.1521544677798954e-05
15137,0.9999996995104811
15138,0.014213069852645373
15139,0.7007608270763692
15140,0.007472188328959014
15141,0.04104129863044478
15142,0.999998870669975
15143,0.07997374377271599
15144,0.025550255197560726
15145,0.23723242029539826
15146,0.00041653159100543983
15147,0.0008757592435901348
15148,0.002338641740007685
15149,0.44671818288915066
15150,0.9999999999952287
15151,0.06146411753012275
15152,0.01483339101984535
15153,0.05439636116993628
15154,0.049287748224013335
15155,0.0819686102088059
15156,0.02138642662109084
15157,0.12367830488579822
15158,0.0033043627039364416
15159,0.26501026861920385
15160,0.08003989662069028
15161,5.87580587986489e-07
15162,0.9999999999995135
15163,0.5577775585338423
15164,0.9999999999999982
15165,3.053926581935762e-08
15166,0.08366299165729196
15167,0.0003031671598632144
15168,0.05537215324620837
15169,0.0006553641773270858
15170,0.0005648868432428511
15171,0.10901382439590318
15172,0.017832488122809197
15173,4.616895522834118e-15
15174,0.030551208593301706
15175,0.9999999917260466
15176,0.0005610440163792453
15177,0.35130198780395805
15178,0.9993514367044593
15179,0.045247471095861136
15180,0.04245793061263204
15181,1.094207567163127e-09
15182,0.054982526182283324
15183,0.5597265094057654
15184,0.9999999999975155
15185,0.0013460798296189627
15186,0.006004250934160268
15187,0.0015930238705660967
15188,0.9997359615795828
15189,0.21821092421757446
15190,0.6665680641439315
15191,0.9960331851290287
15192,0.04022320686774968
15193,0.5516389393909542
15194,0.0057838393307389595
15195,0.050009166913044335
15196,1.2007297844597517e-05
15197,0.006785580932762806
15198,3.140773939738767e-06
15199,0.016917450499919766
15200,0.00010909150919522875
15201,0.01086869471435687
15202,0.9999999999961435
15203,0.0015188395092184765
15204,0.015536586375493822
15205,1.4874422339924923e-07
15206,0.23602693597382168
15207,0.059154060386512594
15208,0.6017044682991419
15209,0.0664407731200533
15210,0.37807432430060073
15211,0.0062615925313430285
15212,0.16129442610754927
15213,0.5683592542921713
15214,0.9990476665552426
15215,0.4238485053221397
15216,0.01260922185081927
15217,0.011762548764432192
15218,0.1911782636892912
15219,0.02306929383743988
15220,0.05122253050353538
15221,0.6745188677817854
15222,0.9981577366840526
15223,0.13477775257645142
15224,0.713633692520939
15225,0.1655761972192831
15226,0.24595448256270178
15227,0.19892191186153102
15228,0.10764871551153989
15229,0.999999930567364
15230,0.000270743205955803
15231,0.1306560615753172
15232,0.9999954787958871
15233,2.9171425741747915e-09
15234,0.9999946008989498
15235,0.018465367952460142
15236,0.33256554900978963
15237,0.00028277465589640627
15238,0.6596269017541081
15239,0.31535136805947983
15240,0.32381720229748445
15241,0.999999825610463
15242,0.13164595537805285
15243,0.0493535249229812
15244,0.6030439430533128
15245,0.5629319853221327
15246,0.3348311014882544
15247,0.38199597954228126
15248,0.16383398588721987
15249,0.0758219371863379
15250,0.01606563378746942
15251,0.9999830435847934
15252,0.9999999989798838
15253,0.9999499261115511
15254,0.6239477055749972
15255,0.9960331851290287
15256,0.9999981331241272
15257,0.00033475360632887965
15258,0.001743564931549672
15259,0.7881230932582742
15260,0.15174513682520674
15261,0.9999999999999964
15262,0.016781847226313155
15263,0.14872172302598138
15264,0.030157665990621557
15265,0.002885474015282142
15266,0.0041331615500239515
15267,0.06160185132882056
15268,0.019769823665269474
15269,0.5539230878189996
15270,0.012567547605215314
15271,0.5145455803732008
15272,0.005345139665890872
15273,0.03781343268313411
15274,0.20585520845985608
15275,0.0018215059019414757
15276,0.9999999999999984
15277,0.9996483702128652
15278,0.029249224571242172
15279,0.0853556600227226
15280,0.0016747026712131507
15281,0.06159442035293088
15282,0.99968279088264
15283,1.0611371478816808e-12
15284,0.9999999997952791
15285,0.3003272091483262
15286,0.9721473420170099
15287,0.016077385019653802
15288,1.6626981270217854e-16
15289,0.01629184260401082
15290,0.023850786768937454
15291,0.26297889873223934
15292,0.5361319031078998
15293,0.9999999991382735
15294,0.4614974338185328
15295,0.039971531803222916
15296,0.01954407498646085
15297,3.118305337809177e-05
15298,0.7305490787008945
15299,0.18125542233225728
15300,0.9999724699774986
15301,0.012292417261396738
15302,0.07799692333014695
15303,6.852670720345449e-05
15304,0.07702665197301624
15305,0.13117669207468155
15306,2.829793447053491e-05
15307,0.027039681691368316
15308,0.999999999999998
15309,0.2660229897655096
15310,0.09886005188943207
15311,0.003559142442485888
15312,0.14041057622269687
15313,0.047857995942981214
15314,0.01579548783290524
15315,0.6242469718476868
15316,0.0005062010339958357
15317,0.18956947726155152
15318,0.10157770267028439
15319,0.000835995117330289
15320,0.00047898379687614536
15321,0.03610213239545376
15322,0.0010095610850346937
15323,0.044251688809944206
15324,0.02311404771655664
15325,0.2556921422342733
15326,0.028676579605150767
15327,7.422384963323551e-05
15328,0.2994665805795986
15329,0.9999796266814168
15330,0.06335431819744503
15331,0.0020243044587666442
15332,0.0007287552663118971
15333,0.035802906062734174
15334,0.7800076827589872
15335,5.7491520333122864e-05
15336,0.18887521432684007
15337,0.06353726942493268
15338,0.09795268361207833
15339,0.7275318219300044
15340,0.007807566999001816
15341,0.012535093954482738
15342,0.02566840471216299
15343,0.8124926368569246
15344,0.5808229653011365
15345,0.009877467831894965
15346,0.18680273643973466
15347,0.0009426738506530859
15348,0.145653998625295
15349,0.0007189493392909167
15350,0.9999995033465252
15351,0.037326909858438506
15352,0.25949641535082757
15353,0.02700799693455729
15354,0.017622228811661082
15355,0.05340454472943413
15356,0.5585275281549359
15357,0.07319437616299193
15358,0.04648318665137744
15359,0.002853361651447692
15360,0.7589144951449417
15361,0.0326500257762122
15362,0.04481482273690552
15363,0.520381036460719
15364,0.059082900863169426
15365,0.009993934330019619
15366,0.5783479579528804
15367,0.000793233061735393
15368,0.4229267808279966
15369,0.002650179755691785
15370,0.28383949643233275
15371,0.044551266717793726
15372,0.03804656102461561
15373,0.7574799392220745
15374,0.2978040450546189
15375,0.8569495021956143
15376,0.07132595253735353
15377,2.6462137994190627e-06
15378,0.47227791066907354
15379,0.8208066955118327
15380,0.034563390870643064
15381,0.2550795440756635
15382,0.9834498617622577
15383,0.05151004436379844
15384,0.0011801783341794901
15385,0.5053874164888945
15386,0.6462707345105089
15387,0.03940043285956475
15388,0.023560207114164424
15389,0.012087702314720457
15390,0.002110309936931924
15391,0.4265457806899102
15392,0.36951760743437684
15393,0.0006054966584919044
15394,0.10483598042490903
15395,6.267844842852034e-11
15396,0.1943648876732549
15397,0.5059628025192424
15398,0.033014735284411165
15399,0.6811428337384071
15400,0.1362569433890761
15401,0.3991913778101116
15402,0.010107551719274787
15403,0.0008567052619666954
15404,0.4488283856609659
15405,0.025453490685569614
15406,0.8539665991570152
15407,0.04480146651071771
15408,0.025563257708720512
15409,0.11101785264426715
15410,0.01471043362821099
15411,0.9999999988911725
15412,0.0020667882295507763
15413,0.4863060036470578
15414,0.13753479026710194
15415,0.000823579936113297
15416,0.11508362013386696
15417,0.1277557416407663
15418,0.5168988705069423
15419,0.3505813405183107
15420,0.0009958488329427624
15421,0.16276555961665962
15422,0.06881419150580939
15423,0.7635968330102335
15424,0.9999999993205109
15425,0.6167779225006326
15426,0.3140917109765973
15427,0.44495800485088166
15428,0.6809093583945444
15429,0.999999999957891
15430,0.9430057954269674
15431,0.0004138217751176919
15432,0.0015198695801229916
15433,0.004949909662025785
15434,0.1477620000102485
15435,0.8569029734938225
15436,0.4825505987803934
15437,0.06502352666884723
15438,0.592283077946218
15439,0.05742498531803471
15440,0.002487006741129298
15441,0.17425342939822672
15442,0.006090824156988001
15443,0.039766781730297796
15444,0.6487853204816805
15445,0.004466099022385722
15446,0.221901534605991
15447,0.025500327152882588
15448,0.3050145697211635
15449,8.982677517089059e-05
15450,0.04392528512544397
15451,0.0011066549577560976
15452,0.11717075826466068
15453,0.02172969473943569
15454,0.04828820904060674
15455,0.00588025140056876
15456,0.1463145115220786
15457,0.0019000367134857866
15458,0.0807944431793456
15459,0.006840277278421506
15460,0.018580461811931768
15461,0.7174286278627336
15462,7.914904587459039e-05
15463,0.00016201038358688388
15464,0.3330208754780949
15465,0.9999641592931853
15466,0.04266941932565554
15467,0.001960942472751938
15468,0.4079015198580254
15469,0.5343163118788679
15470,0.9999999999993894
15471,0.31422945202616714
15472,0.4095022506380759
15473,0.07991854717818321
15474,0.6906583084923402
15475,0.04096698600483147
15476,0.008396429719217434
15477,0.05188662683677514
15478,2.7290764980120716e-12
15479,0.047072618478888786
15480,0.13139485092023429
15481,0.9999896155416063
15482,0.16417257166290739
15483,0.8616016750500871
15484,0.0013239386350655349
15485,0.9999938367040393
15486,0.7719631761305359
15487,0.016228916589573417
15488,0.5668600331713775
15489,4.8599688012747536e-05
15490,0.8470683647746314
15491,0.35209451015358784
15492,1.494286142076148e-07
15493,0.45062361679015467
15494,0.3252839690095187
15495,0.055983072981863814
15496,0.9999999999995277
15497,0.853731406182513
15498,0.0007595197267063208
15499,0.999973857094728
15500,1.9587375642379267e-07
15501,6.491147531740337e-05
15502,0.8070061654235654
15503,2.9867430412641233e-09
15504,0.7920046308207492
15505,0.7579984406609839
15506,0.00352604169084262
15507,0.5857087877367448
15508,0.0014437122864965474
15509,0.009563883416839922
15510,0.0009373763868260846
15511,0.2704886102314836
15512,0.07971897891927884
15513,0.0014557470982438684
15514,0.998400103738273
15515,0.2389593270107334
15516,0.1855175241907225
15517,0.009467207405294473
15518,0.9999074144129694
15519,0.15554282382385443
15520,0.03602299559461724
15521,0.07361687651655846
15522,0.004421584017599951
15523,0.02728248261315564
15524,0.9999999974475908
15525,0.9999933726762911
15526,0.046950704788879846
15527,0.02120876691420532
15528,0.23780809647451778
15529,0.0015967101756179018
15530,0.0023535497308748085
15531,5.1092169162831564e-06
15532,0.0005237826023168129
15533,0.35779955658449064
15534,0.0008309989431943814
15535,0.032862276644680416
15536,0.5337688502716176
15537,0.0575017857286044
15538,0.008772298243444152
15539,0.003979312667550581
15540,0.017950546253806203
15541,0.018517531044405188
15542,0.018940719048780766
15543,6.307204885729353e-07
15544,3.471375526457608e-10
15545,0.013974197538038783
15546,0.12364606536160776
15547,0.06259869920018306
15548,0.007854682530103694
15549,1.8292663187916374e-05
15550,0.023739263093350286
15551,1.807936614718492e-05
15552,0.3567503522423646
15553,0.00013391147022565015
15554,0.5600940943594599
15555,0.14149523697634395
15556,0.9999998709984164
15557,0.04440543655683636
15558,0.7793913682860272
15559,0.0018237125697185305
15560,0.32475758016645767
15561,0.9999807607078299
15562,0.9999999999952287
15563,1.568157950380235e-06
15564,9.814668699093677e-09
15565,0.13651106706141802
15566,0.02640016937209156
15567,0.0021436577762256456
15568,0.038740113793300904
15569,0.9999996995104811
15570,0.03532422661598663
15571,0.2098105327643153
15572,8.26843762002025e-07
15573,0.5236593360532621
15574,0.9748558023841403
15575,0.12007898436773869
15576,0.46647789538432466
15577,5.752970867735683e-13
15578,0.9999724699774986
15579,0.09502170614319398
15580,0.9999999983820536
15581,0.022450015795377812
15582,0.10018939401396787
15583,0.7193343671214131
15584,0.9999999936098076
15585,0.0006008568151068662
15586,0.0011048433829281559
15587,1.5128257800229137e-05
15588,8.96296170296474e-10
15589,0.08150033624246059
15590,0.00031995693678228996
15591,0.33217518751203295
15592,0.05870835580704914
15593,0.03641933088687769
15594,0.7772092395251384
15595,0.02631892360893635
15596,0.2693956839765957
15597,0.05123840176448145
15598,0.021336581062313804
15599,0.05236746116443175
15600,0.03210732294658458
15601,0.01151252009496959
15602,0.9999991105970644
15603,0.0033588946062743145
15604,3.4631443183821514e-07
15605,0.01596533238285763
15606,0.03928428689952209
15607,0.518048084312302
15608,1.2314263052883328e-06
15609,0.3861209612040856
15610,3.219423454256495e-05
15611,0.000183783987044782
15612,0.6053614737717813
15613,0.9999923603367182
15614,0.799734176940424
15615,0.6294606085757332
15616,0.9998949806933088
15617,0.17046906252695768
15618,0.06015160855021023
15619,0.7559792993930625
15620,0.17583538380655336
15621,0.04990869956434613
15622,0.7841819404353513
15623,0.5129463476200653
15624,0.09034373403092147
15625,0.0336530515348893
15626,0.00011566733396541948
15627,0.1486733579879393
15628,0.9999945915868409
15629,0.999641391705537
15630,0.23862713036858604
15631,0.00016544131154354715
15632,0.00045676454334214
15633,0.004609703327594276
15634,5.8016794434304805e-08
15635,0.05303296552164959
15636,0.026751310837499747
15637,7.521682227983932e-05
15638,0.6265041953786061
15639,0.017136441232054194
15640,0.6026288796816875
15641,0.00014811319485660105
15642,0.9999981331241272
15643,0.0037599652631259335
15644,0.999946940425327
15645,1.0586154572427262e-05
15646,0.0005082634516103321
15647,0.0021648399620153506
15648,0.0033339397364167897
15649,0.10894204411792627
15650,0.023221338816325623
15651,0.005623553992979888
15652,0.00015267811912319842
15653,0.0318780552129754
15654,0.0467874598864268
15655,0.006380272634501995
15656,0.04455354659701889
15657,0.999999971997607
15658,0.45712161726184697
15659,0.048525883443144166
15660,0.8447757392424827
15661,0.04336813911542795
15662,0.16142185020728994
15663,0.07690568848287205
15664,0.9999992365064237
15665,0.0007056526734540592
15666,0.0014595889555646198
15667,0.9999999595368861
15668,0.020544523162811686
15669,0.149764021398331
15670,0.10365594685090834
15671,0.009733180455476968
15672,0.03602914913474198
15673,0.10616019237684338
15674,0.13811121202711946
15675,0.05407470172340337
15676,0.017496961956092634
15677,0.4003881405165559
15678,0.0746728166083981
15679,0.032300511997925586
15680,2.6910535458488865e-08
15681,0.9999999999835754
15682,1.3056790512077717e-06
15683,0.06055530984309183
15684,0.3509072003311666
15685,0.000473126463525032
15686,9.692388810392025e-05
15687,0.24258068286471943
15688,0.9999927865592151
15689,0.21523010533180714
15690,0.0054060420153916496
15691,0.04974992620434135
15692,2.8509725213152047e-06
15693,0.497113956192964
15694,1.0025752924123472e-06
15695,0.348622085283934
15696,0.52735267159661
15697,0.48247724437633954
15698,0.9983057907139103
15699,0.021184463025356537
15700,0.9999999999922473
15701,0.9748558023841403
15702,0.05981912581514124
15703,0.0008940012704241395
15704,0.0015420560981585644
15705,0.11704122133144167
15706,0.9514418329099114
15707,0.09032444511197849
15708,0.8333982771307985
15709,0.33630092636041037
15710,0.0638961190327065
15711,0.5724063426175512
15712,0.05391709428632471
15713,0.5946470214133346
15714,0.02916182876356797
15715,0.4721251451739661
15716,0.18140484580214672
15717,0.0937625559284924
15718,0.01494607518194701
15719,0.9999999999999973
15720,0.19489201854166255
15721,0.7389833501198441
15722,0.99963309930594
15723,0.06212066706362435
15724,0.9999999999997997
15725,0.31486081008435723
15726,0.3989327546227201
15727,0.00650341820845308
15728,0.01808070523617031
15729,0.026530217724712552
15730,0.07281131862192675
15731,0.06627527104912824
15732,0.08357591141364494
15733,0.047412031511040446
15734,0.0006612220094906055
15735,0.9802547350149571
15736,0.005410477942996975
15737,0.9999994310310467
15738,0.14649360662125763
15739,0.0026805060868193733
15740,0.00023423347450678324
15741,0.9999999999998568
15742,0.019423484639662605
15743,0.9998170284355521
15744,0.03516338971720233
15745,0.9999982965958573
15746,0.9999999988103678
15747,0.005211560066762655
15748,3.444835164547865e-05
15749,3.5252386510946964e-08
15750,0.0330549073141426
15751,0.2608848007504329
15752,0.019874268211334496
15753,0.1258119109300744
15754,0.08208682706697185
15755,0.9999992365064237
15756,0.660694042613647
15757,0.005019975729356734
15758,0.017969010547237887
15759,0.3387518628173588
15760,8.109256908185388e-05
15761,0.6324529922048261
15762,0.2201055990829211
15763,0.11354317121622082
15764,0.08533070436320354
15765,0.00031641408492177095
15766,0.0431207782088304
15767,0.9999861039484487
15768,0.044983718207733545
15769,1.3731856906854403e-10
15770,0.02526710060191102
15771,0.006865699736232109
15772,0.9992859380316063
15773,0.021892993342933015
15774,0.9999699984489611
15775,0.05883500073520735
15776,0.03929268299541844
15777,0.45575199181626525
15778,4.0229647690970616e-07
15779,0.71470341932975
15780,0.3982568988224174
15781,0.0008088670813751989
15782,0.7191433759001219
15783,0.60941413464576
15784,0.007262339884704598
15785,0.3329091764168623
15786,0.11559564711247813
15787,0.16401139955150246
15788,0.002776091211951582
15789,0.999996840911538
15790,0.7625695845009401
15791,0.08591572416283079
15792,0.07328869001107052
15793,0.13611498393737012
15794,0.023666816555654113
15795,0.99999872398547
15796,0.015472564668040282
15797,0.9962865857513226
15798,0.9998945854501684
15799,0.009959782340282494
15800,0.028627391288009577
15801,0.4112181981547201
15802,0.0020865266583287106
15803,0.08129240639266981
15804,0.03738792846115477
15805,0.029064609665564217
15806,2.403045781155676e-06
15807,0.00023246904717201734
15808,0.9999656779858469
15809,0.3965765882273872
15810,0.024184363051891554
15811,0.8517635311410271
15812,0.14783940144058264
15813,0.02614656758468879
15814,0.04856751713918809
15815,0.03706340809695263
15816,0.014131413753172374
15817,0.9953040958722555
15818,0.0009392680854061357
15819,0.02592624356911862
15820,0.6204600422592679
15821,0.7655449559005802
15822,0.00014244188811895301
15823,1.1191229278365487e-10
15824,0.34386299308889096
15825,0.999994148529505
15826,0.0671422171210754
15827,0.9999998619922035
15828,0.14297731314708578
15829,6.918876329122303e-07
15830,1.2641128089649761e-06
15831,8.324172038278505e-05
15832,0.0007179182353509941
15833,0.7698438395996933
15834,0.028376546829389712
15835,0.6118493408014363
15836,0.0007440227553550821
15837,0.24399148061852008
15838,0.025785773772157346
15839,0.9999307651811087
15840,0.00014720660331165312
15841,0.9999999997070204
15842,0.01939592034490112
15843,1.2131464914939945e-06
15844,0.7156701736464139
15845,0.059602228118782144
15846,0.6130320583289226
15847,1.5545932805016598e-06
15848,0.39704254416728896
15849,0.04782889451349493
15850,0.99968279088264
15851,0.9213427026649649
15852,7.84346651583198e-05
15853,0.0003796981058143206
15854,0.2514797989618031
15855,0.03333598986692555
15856,0.07206097030002856
15857,0.001792168096134385
15858,0.005966446846413588
15859,0.11402341638785835
15860,0.05547927924833553
15861,0.0003679771427071435
15862,0.6512510111985701
15863,0.9651895974888395
15864,0.00021724649465762084
15865,6.641647923232813e-05
15866,0.9999999473985101
15867,0.014486746545422327
15868,0.10093388629846996
15869,0.05649041450844352
15870,0.007690093320735326
15871,0.9269695348928781
15872,0.02254915686572492
15873,0.03263009041096315
15874,0.6294451980240282
15875,0.337910271499482
15876,0.04417788657626396
15877,0.34626531162303953
15878,0.0317192330766438
15879,0.026436255362904268
15880,0.25286524724467013
15881,0.036318014413261976
15882,0.4698181612416433
15883,0.04819440311589379
15884,0.06081918870788894
15885,0.44802987830930485
15886,0.0001028351784749305
15887,0.0004648813190426786
15888,0.16215426721410767
15889,0.07161162842666077
15890,0.00012939873863339685
15891,0.05415992339808077
15892,0.3648512088464058
15893,0.0025046746608809287
15894,0.9999993812115485
15895,0.04544004059814107
15896,0.020237798386530375
15897,0.9980431475551094
15898,0.028930141377061236
15899,0.9999864161890113
15900,0.6024702524874942
15901,0.007328284079264151
15902,0.9999438922738167
15903,0.8685222874971784
15904,0.0002780017422280432
15905,0.02715779699366179
15906,0.999999647866275
15907,4.223749217668174e-05
15908,0.0681436485145123
15909,0.4672633040752714
15910,0.05141633265852249
15911,0.9999830435847934
15912,0.9996841483951596
15913,0.6797852557576004
15914,0.9999982965958573
15915,0.7698438395996933
15916,0.0027261205108113696
15917,0.0012047932888619222
15918,0.03194039614980881
15919,0.06188579789739392
15920,0.19024805035378403
15921,0.7881230932582742
15922,0.018078544102163436
15923,0.109191682654316
15924,0.0003642785108413666
15925,0.0676740708110851
15926,8.972184886513095e-05
15927,0.040479094529707854
15928,0.05085967917693089
15929,0.357920043870745
15930,0.07131895514694793
15931,0.05795052754559534
15932,0.3599772338516463
15933,0.2119224390034107
15934,0.002996991780185463
15935,0.018603166570527057
15936,0.11804987066844824
15937,0.8634108004028322
15938,0.020612456512179054
15939,0.00634048184676489
15940,4.096238046012072e-05
15941,0.004116249608981746
15942,1.9748410993694975e-07
15943,3.928941261496918e-08
15944,0.999999819000894
15945,6.917930695475992e-05
15946,0.9999999870617378
15947,0.9999882382820197
15948,0.004991791393798654
15949,0.00037387021953279976
15950,0.6367169652652263
15951,0.027922652181974136
15952,0.0001040282012129154
15953,0.05622128763425894
15954,0.9999699984489611
15955,0.40583001997906437
15956,0.022989902491180388
15957,0.25341317972399285
15958,0.0011840494659105547
15959,0.7174286278627336
15960,0.06519084779052449
15961,0.038624755339688566
15962,0.004819250696687392
15963,0.0004147657396228909
15964,0.07997833934164006
15965,0.22544931002741628
15966,0.040539016236668765
15967,0.0005783550124082923
15968,0.056215943963265985
15969,0.9020975710989585
15970,0.9999947378430151
15971,0.00041696322584796485
15972,0.9999946550965696
15973,0.018235241717101107
15974,0.031633277922564255
15975,0.10010976702462943
15976,0.00028078426433103055
15977,0.9998052994103476
15978,0.6068392449529773
15979,0.6492551983495232
15980,0.5363329482090884
15981,0.034160433028633155
15982,0.6851634682158375
15983,0.4935892629316036
15984,0.9972682349705821
15985,0.19363242576852274
15986,2.7079970843496676e-05
15987,0.10789476439056524
15988,0.7345789877931521
15989,0.09075284481952102
15990,0.28861833211548676
15991,0.1307283704106969
15992,0.999633341922301
15993,0.2827921572634578
15994,0.02709003338794611
15995,4.869183328502477e-07
15996,0.44677174190467417
15997,0.9999994891032032
15998,0.999999662986203
15999,0.11485861308803168
16000,0.006171779151868708
16001,0.8800056407005378
16002,0.01915571511316214
16003,0.37708176215869643
16004,0.002936479152914894
16005,0.010070883539163288
16006,0.0380925180008378
16007,0.9999999999097331
16008,0.0015735549968162832
16009,3.602608759188973e-05
16010,0.006800343027657223
16011,0.4231055808564704
16012,7.594359741010979e-05
16013,0.08319313449488082
16014,0.9999998619922035
16015,0.007700482895729444
16016,0.02981617361303896
16017,0.05324337430475292
16018,0.006670433878803652
16019,2.3985520238567315e-05
16020,0.8641273040525443
16021,0.46933285594595814
16022,0.0022639253160523167
16023,0.005479885191858073
16024,0.726454522522119
16025,0.16916660283201346
16026,5.397116288239095e-11
16027,0.9999999859398903
16028,0.9999994891032032
16029,0.019046902785699264
16030,0.028526797849291775
16031,1.215134446337358e-06
16032,0.8016668584068383
16033,0.0578498966727568
16034,0.518950517922488
16035,0.9999927865592151
16036,0.0432853856427952
16037,0.9999992365064237
16038,0.00024867977780898987
16039,0.10051169818153691
16040,0.16246859458196652
16041,0.08184536586779342
16042,0.3999942661987318
16043,0.003849050194008109
16044,0.0349753918056507
16045,0.0474733421919002
16046,0.9999977233769689
16047,0.002243129598415313
16048,0.11313168341288618
16049,0.5488049636094616
16050,0.9999999989233042
16051,0.18220591567753722
16052,0.7412023497363035
16053,1.0
16054,0.016672503584052863
16055,0.10091147426235347
16056,0.046096201171526956
16057,0.002542189168967227
16058,0.2625366505216068
16059,0.17589363620270856
16060,0.10685439562089408
16061,0.05631846351219652
16062,0.49590426977689034
16063,0.0005529962170976571
16064,0.6106243929784774
16065,0.11568276176008277
16066,0.22595139871801792
16067,0.012990891363391831
16068,0.16503330340687875
16069,0.07447349227880916
16070,0.006694100859713397
16071,0.26725637781986855
16072,0.9999999959698642
16073,0.9999571174293859
16074,0.9996913468964604
16075,0.486865034271082
16076,0.06089850344797271
16077,0.0011122247575340157
16078,0.6983767225727407
16079,0.5584313107529767
16080,0.9999999735545864
16081,0.04053333838103931
16082,0.25068879384453047
16083,0.005635413175782249
16084,0.5348239341334441
16085,0.01615252601159109
16086,1.7550026304681516e-10
16087,3.187205903577895e-07
16088,0.09405814660439397
16089,0.48188077519812866
16090,0.4931853683563303
16091,0.013525564062207915
16092,0.051800894124828634
16093,0.9999999999999998
16094,0.9999994907140808
16095,0.07244606238789382
16096,0.3124608226359657
16097,0.00462828295323625
16098,0.9997608539748719
16099,0.13228376953678853
16100,0.08788020348242861
16101,0.0015495365782232202
16102,0.8119747398321038
16103,0.024058957769931163
16104,2.1939587879701756e-12
16105,0.05107819264588036
16106,0.191873499726329
16107,0.11885426294731607
16108,0.008494593679560748
16109,0.03341916023996035
16110,0.999997075879201
16111,0.03308792392181669
16112,0.010593305548331594
16113,0.043342924908904304
16114,0.9999307651811087
16115,7.828038189478915e-06
16116,0.916022300253666
16117,0.2720098463214749
16118,6.593553518632477e-05
16119,0.008560620345578154
16120,0.0051299583808380265
16121,1.1820511728902295e-11
16122,0.003558895784747105
16123,0.01680919910633279
16124,0.895748945682694
16125,0.6605544404003495
16126,0.010541108631239793
16127,0.13864316344312277
16128,2.3447870549823382e-06
16129,0.00013157689695285205
16130,0.6714621540979979
16131,0.016894059710478353
16132,0.013698465287801099
16133,0.013013562966539946
16134,0.015339215499457081
16135,0.05255422506713108
16136,0.47078764507511595
16137,2.328600960911098e-07
16138,0.0011537865360257095
16139,0.21188405987986658
16140,0.6331123595765727
16141,0.00018823579105952269
16142,0.01840488884834324
16143,0.020112748870473783
16144,2.968940645150376e-13
16145,0.9999981825779188
16146,6.082589966513015e-05
16147,0.0025138258333057854
16148,0.9677597302916962
16149,0.06558461175012786
16150,0.029341183348188412
16151,0.47891971060167254
16152,0.09269482312951825
16153,0.0020566064196424574
16154,0.007854682530103694
16155,0.003470564608854905
16156,0.7593879896800754
16157,8.492952842608636e-08
16158,0.0009683343346496958
16159,0.8997701049039205
16160,0.05890360181072837
16161,0.12884432736860016
16162,0.9999996606870808
16163,4.6807038440445045e-08
16164,3.9378579879541114e-07
16165,1.3927162425396904e-05
16166,0.9994114910501434
16167,0.0007001781398757727
16168,0.10404602589558395
16169,0.10932729119560786
16170,0.05033722758042417
16171,0.00010194915955583607
16172,0.9068746453766109
16173,0.1760919365888673
16174,0.002200118291640676
16175,0.5711150807089282
16176,0.0033575697959119036
16177,0.001065295023403472
16178,0.0882098244366305
16179,0.044938549370064015
16180,0.0053027423753328655
16181,0.0006820086639290776
16182,0.03458132140524831
16183,0.34558280859951623
16184,0.019256756168001824
16185,0.024269040320409208
16186,0.011138332357217128
16187,0.023660136429120196
16188,0.011353547740697535
16189,0.03992039792138164
16190,0.6092111849197196
16191,2.704765782693896e-05
16192,0.7584092067891502
16193,0.07261777803622395
16194,6.9932080261495576e-06
16195,0.4056562622063606
16196,0.0011905049389017818
16197,0.19242997965061434
16198,0.998813151758774
16199,0.05842912774230967
16200,0.6369303959052763
16201,0.0712089617377686
16202,5.096771938787391e-05
16203,0.1201176409964479
16204,0.6582888493483482
16205,0.7325154091306361
16206,0.001618160256286439
16207,0.01722346707338546
16208,0.21895627435944837
16209,0.020809179304414897
16210,0.32598887700038504
16211,0.14331890327498625
16212,0.0022719347831503677
16213,0.009568392645005674
16214,0.04295845973578312
16215,0.03941389170293271
16216,0.004205172673671564
16217,0.6599335241641365
16218,1.1801337467053963e-13
16219,0.0035101730702043906
16220,0.016624932972198924
16221,0.0003161534543668569
16222,0.8341605777350998
16223,0.0003539349318173949
16224,0.577746808765285
16225,0.0017978058981268465
16226,0.02567440673985977
16227,0.024162459389023425
16228,0.034337883315015666
16229,0.08463289552424866
16230,0.007702930057188837
16231,0.9999999713621549
16232,0.025552968795420083
16233,0.1425128434276569
16234,0.14535870047709626
16235,0.32172232525903005
16236,0.9999990437580584
16237,0.998400103738273
16238,0.9999169604557117
16239,0.9999999429581911
16240,1.0
16241,0.021791583458276694
16242,6.2194927274040205e-12
16243,0.11879090120838863
16244,0.0015399271997146116
16245,0.07681311093798805
16246,0.0002893423958251418
16247,0.014203679977053572
16248,0.570931085467417
16249,0.4631506031064251
16250,0.29677887957059856
16251,0.032104613036303783
16252,0.013941281531878224
16253,5.030402072288981e-06
16254,0.0039413280492261804
16255,0.008270989065675267
16256,0.0023641479815086873
16257,0.05665236844085017
16258,0.6295215592199218
16259,0.05649550120153059
16260,6.288666415836089e-06
16261,0.3524402830485672
16262,0.0021421734587722544
16263,0.16791914729089644
16264,0.35121912214009027
16265,0.08892691973293393
16266,0.015855359365231064
16267,0.18675406317620077
16268,0.10335768359545168
16269,0.006738461196286473
16270,0.0015695019094167618
16271,0.9999999897440978
16272,0.0007633039458605413
16273,0.8308936401242553
16274,3.744548708886967e-05
16275,0.017303079752260253
16276,0.6337503635867634
16277,0.017941405233839112
16278,0.04259465621236015
16279,0.13668810694888753
16280,0.5340227611848253
16281,0.0027107965939612228
16282,0.0008692258329249638
16283,0.004252514573164002
16284,0.031225198854932214
16285,0.06789025848983209
16286,0.31556099540008997
16287,0.006935792563414724
16288,0.04327568978116282
16289,0.00012017768640276153
16290,0.046112128845524916
16291,0.46036081288851255
16292,0.9906569485717366
16293,0.0021557157359879276
16294,0.08725350809724419
16295,0.09481245216207537
16296,0.7634728455892987
16297,0.3948897477057568
16298,0.30538856592726127
16299,0.998813151758774
16300,0.15976895315930686
16301,0.7436718978753587
16302,0.10139787998075057
16303,0.4809846257481158
16304,0.0008071478445802938
16305,0.00016630815547315754
16306,0.9999995033465252
16307,0.9999999587836533
16308,0.6517471015513259
16309,0.5278465048286003
16310,0.020084604899514226
16311,0.7666509642423243
16312,0.6270707760706995
16313,0.42488899422088
16314,0.9999468702828593
16315,0.0007956243243847289
16316,6.90134416572698e-05
16317,0.9999984997821458
16318,0.3644857570892055
16319,0.0003107928375624693
16320,0.0044044193041290255
16321,0.9999351041612605
16322,0.12739840433810673
16323,0.9471578410975255
16324,0.8060236118076521
16325,0.24824937299308966
16326,0.11722291452179011
16327,0.0005044887850482729
16328,0.9999998093705257
16329,0.04706484991205694
16330,0.2998751277016735
16331,0.9999444743102757
16332,0.0017630750444686048
16333,0.9144310566249887
16334,0.027281490691792525
16335,0.05556595337967173
16336,0.008779089211139842
16337,0.99999999999978
16338,1.2604725842538216e-09
16339,1.461402150022111e-06
16340,0.4987218273540993
16341,0.9999992070514018
16342,0.17321084105802986
16343,0.02335165920725766
16344,0.015376270844201276
16345,0.03754671234370581
16346,1.7962882904643786e-10
16347,0.0854609793111076
16348,0.06602565655821008
16349,0.01311750791819389
16350,0.8698752731682937
16351,6.250910607951419e-07
16352,0.0002988217704803753
16353,0.854184578694926
16354,0.021162271746997648
16355,0.08927269825193743
16356,0.1331877604021865
16357,0.53771943129352
16358,0.04744303359484776
16359,0.09826419607099492
16360,0.05319488228199299
16361,0.031164509638766942
16362,0.03476925601524819
16363,0.0006024532612846561
16364,0.04372752617075168
16365,0.0059687262746760325
16366,0.5595875925118772
16367,0.0003208592035378123
16368,0.14950897707581393
16369,0.9999915758726201
16370,0.9999999689735762
16371,0.6039944549133988
16372,0.999997444838875
16373,0.6985545210579962
16374,0.004079539789897516
16375,0.002870828315943749
16376,0.021131595620404984
16377,0.3639320438636647
16378,0.4944863007354156
16379,0.9999999999997997
16380,0.9999999397609441
16381,0.5036526930806767
16382,0.35626867016192204
16383,1.4533015291903916e-11
16384,0.046698490691623094
16385,0.05747764211187064
16386,0.9999882382820197
16387,0.9944318599854381
16388,0.9999468702828593
16389,0.18369741719500118
16390,0.6343083584606002
16391,0.99999872398547
16392,5.187359803570775e-06
16393,0.018650212992183925
16394,0.4670664705109808
16395,0.583280064643967
16396,0.04288474685629306
16397,0.0004093049626696811
16398,0.48588264592413977
16399,0.022473854859637016
16400,9.068750926626811e-05
16401,0.0007786118037651675
16402,0.0058156296200802165
16403,0.05515173397685951
16404,0.0011146095253691513
16405,0.10043889812317794
16406,0.6168820044332395
16407,0.09098660499247203
16408,0.5386784984033102
16409,0.7010645238721586
16410,0.010533625742238218
16411,0.45587035699488715
16412,0.0014162362311097953
16413,0.007232818374074028
16414,0.023498484326790053
16415,0.4604037502800239
16416,0.7238592488595534
16417,0.028323964531998997
16418,0.9999998709984164
16419,0.6672318558938474
16420,0.0006948261618980697
16421,0.08912408763928549
16422,0.354576832254339
16423,0.22792520288841422
16424,0.014338508187027043
16425,0.09953563462304889
16426,0.019004766193312286
16427,0.06947089522136704
16428,0.029035118957332927
16429,0.03157531933567717
16430,0.004337403929008559
16431,2.882903304745246e-08
16432,0.07375713708911405
16433,0.1628230290723463
16434,0.003341194308236639
16435,2.0587886963213228e-11
16436,0.7260176077274766
16437,0.2820570845847859
16438,0.07027695040676023
16439,0.012274600383781142
16440,0.059370629240186996
16441,0.8199778722405358
16442,0.026314455555079174
16443,0.017205296604314902
16444,0.00034018822343784635
16445,0.4595656601658974
16446,0.5103321514854994
16447,0.5160453106671068
16448,0.0015078580500066984
16449,0.020474235357913893
16450,0.0005001864464653516
16451,0.2985995626749879
16452,0.9999999573731586
16453,0.1594192294106786
16454,0.006149833003853872
16455,0.0017975836261994176
16456,0.17209890434823055
16457,0.8895496502666844
16458,0.9952825216658788
16459,0.5800906961113711
16460,0.001306750426614336
16461,1.3964680036207896e-06
16462,8.89965835164571e-07
16463,0.6292370146654338
16464,0.050927230839121006
16465,0.0640171491689268
16466,0.4190309323817589
16467,0.5098727746620642
16468,0.407930911351837
16469,0.0009251807197806075
16470,0.06373089075017273
16471,0.39143270051208395
16472,3.689449055735236e-05
16473,3.8406463028006376e-05
16474,0.6402891690530143
16475,0.7179547483693588
16476,0.004901421129766872
16477,0.016828268043621402
16478,0.01912343985659334
16479,0.07729388731189782
16480,0.0023025982292365103
16481,0.000769270788777395
16482,0.4722759015609096
16483,0.002529423078631751
16484,0.0671422171210754
16485,0.018057620267382533
16486,0.23605215440988747
16487,0.04409011902708076
16488,0.03624824023314363
16489,0.9999981331241272
16490,0.11590287145939887
16491,0.025582348499282963
16492,0.030346274046854364
16493,0.9999999959698642
16494,0.0013347251243766582
16495,0.042596655560512287
16496,0.005041999616083908
16497,0.10651028672911185
16498,0.13905875088284378
16499,0.9999799198942245
16500,0.9999999688570055
16501,8.68889990671621e-08
16502,0.11383317990591045
16503,0.0014915925591767248
16504,0.5468725136297401
16505,0.02568149332125835
16506,0.9983057907139103
16507,0.052827358106401365
16508,0.03330553218493534
16509,0.977332249528293
16510,0.02089925942886977
16511,7.233813291264854e-05
16512,0.017238834678830254
16513,0.6487452734000043
16514,0.04642950736167749
16515,0.9999999999999991
16516,0.13972179249134065
16517,0.0955831954350416
16518,4.195665769264906e-12
16519,0.00025063899644839826
16520,0.04294225206342468
16521,0.02371077043954103
16522,0.0011054985383366154
16523,0.007851935120324331
16524,0.7238592488595534
16525,4.347482469737221e-12
16526,0.0030298395307598327
16527,0.15023570068954645
16528,0.5115295388054204
16529,0.003943187813186574
16530,0.11879837250659506
16531,0.028538151300171736
16532,0.28187280772862927
16533,7.803210253096241e-07
16534,0.036511004037298754
16535,0.010176289206636017
16536,0.014678208625685448
16537,0.11635339495239509
16538,0.00014244188811895301
16539,0.09834510341085706
16540,0.43817511145132126
16541,0.0021924227613873415
16542,0.006458545804565799
16543,0.9999946710208336
16544,0.01609397963890229
16545,0.1734750649629707
16546,0.03278286980907032
16547,3.383314141755643e-05
16548,0.21444458185546714
16549,0.027659169588736383
16550,6.307839175224986e-05
16551,0.7174286278627336
16552,3.6190281504902155e-06
16553,0.004661769486730272
16554,0.1881246419125518
16555,0.08657376022353488
16556,0.3162538330696044
16557,0.9999998786077201
16558,5.746024582274373e-14
16559,0.12552556077203145
16560,0.011111737358743684
16561,0.018664698743418272
16562,0.737143261549025
16563,0.1068554136675968
16564,0.9988694500387959
16565,0.00020557033826082877
16566,0.7408116748633167
16567,0.703995202016441
16568,0.1322785984889209
16569,0.001131999159967018
16570,0.741714186999349
16571,0.0237230579935229
16572,0.07113967102482083
16573,0.0033491652822813865
16574,0.6676470894570106
16575,0.030474673693156
16576,0.3480631662171197
16577,0.6996349440399503
16578,0.0006761236156918904
16579,0.20456845064255222
16580,0.008740177452941866
16581,0.04282962775782721
16582,0.0003710935833588199
16583,0.025436493854213666
16584,0.00027547995034746
16585,0.03588853728013299
16586,0.008239929358498101
16587,0.9999999735545864
16588,0.007577696182574463
16589,0.9999998989027181
16590,0.04978124423546478
16591,0.9999999999992679
16592,0.1634084941673114
16593,0.005724817665598852
16594,0.0031207831573814774
16595,0.007854682530103694
16596,8.117549524109817e-10
16597,0.0017867399235155079
16598,0.9999830435847934
16599,0.7269058506197699
16600,0.02359502047245596
16601,1.862556052651837e-07
16602,0.0025745573906839603
16603,0.10379851753335372
16604,0.14039368700419155
16605,0.7614400710050953
16606,0.09561516329464724
16607,0.9004984379635516
16608,0.5567232085596582
16609,0.9999977233769689
16610,0.00012655327484459
16611,7.749367230617086e-10
16612,0.6693447318093394
16613,0.3002062488644674
16614,0.0024499870178832377
16615,0.22647399048193392
16616,0.3439510161631669
16617,0.020693320218469136
16618,0.004206046994007812
16619,6.978142023921354e-07
16620,0.2869353946901659
16621,0.9999999936098076
16622,0.3851671421483381
16623,0.008412276023373699
16624,0.016064915765154536
16625,0.9997301848248502
16626,0.03362011144435305
16627,0.0006460639258163281
16628,0.024942009300802495
16629,0.1593041914039955
16630,0.17428773970816136
16631,1.4521337658230666e-05
16632,0.5992284784325228
16633,0.0051633258609588934
16634,0.06247734785146291
16635,0.7643750303483807
16636,0.057333451451249545
16637,0.20186434297664643
16638,0.002127518738908696
16639,0.09596374027094248
16640,0.6060147628035122
16641,0.005798372992495424
16642,0.11366902793735606
16643,0.24893644643885326
16644,0.21472667112722668
16645,0.32643723057709184
16646,0.1564846661526726
16647,0.037922353866758
16648,0.20200453525465822
16649,6.74039057877912e-05
16650,0.31524040441290796
16651,9.616963165347186e-05
16652,0.6639548903805751
16653,0.015599367444645915
16654,0.22565110192778504
16655,0.04303138167471549
16656,7.472590373660089e-06
16657,0.12065347470267745
16658,0.2960234715841797
16659,0.030469873951727126
16660,0.135908751178296
16661,0.23282571029582835
16662,0.016069389033782987
16663,0.16022153096183828
16664,0.06334675357364178
16665,0.31556099540008997
16666,0.036053261951510256
16667,0.0066424538095951275
16668,0.0007188868030379143
16669,9.38506577547769e-09
16670,0.39008701755330083
16671,0.21596655342952709
16672,0.011537657203963414
16673,0.07267826244775279
16674,0.3282634376900453
16675,0.020546980450079123
16676,0.04189765894546986
16677,0.7075574971322167
16678,5.5026328759243675e-06
16679,0.9998908578332035
16680,0.9999982588872195
16681,0.122638303815016
16682,0.9999995260410058
16683,0.7762167110688623
16684,0.02184381327870299
16685,0.058897365272796744
16686,0.0481327553496958
16687,0.1343391551592236
16688,0.02833161633628387
16689,0.12942767097529834
16690,0.0019246408791281726
16691,0.39909138591460386
16692,2.729684908397455e-05
16693,0.025512853181985887
16694,0.00030907744958050205
16695,0.32427734253796253
16696,0.0012480239412622446
16697,0.9823802159765859
16698,0.016485867747226754
16699,0.3535539015526743
16700,0.041231354118255015
16701,0.0002405849163645953
16702,0.7827004255461291
16703,0.04742825941371058
16704,0.999999129620458
16705,0.2859825131519066
16706,0.13947524494408847
16707,0.027473748812656407
16708,0.08965867091718337
16709,0.007385352612516206
16710,0.9999799198942245
16711,0.4044833289450774
16712,0.5935632285425623
16713,0.7177496676335497
16714,0.4053344159595103
16715,0.03397781984473607
16716,0.9844329178746402
16717,0.05767223969200004
16718,0.8052831756643354
16719,0.07572956511843562
16720,0.9025480705672385
16721,0.9576186707291676
16722,0.16658735359825566
16723,0.020445292347773914
16724,0.005214026756834876
16725,0.7733197316331637
16726,0.9999999999961435
16727,3.576345859195065e-06
16728,0.07280315958413823
16729,0.00046140325054848754
16730,0.0015101971120625554
16731,5.006198086008361e-11
16732,0.020178767720320175
16733,0.9999999999999998
16734,7.226110050422437e-05
16735,0.0005248278658435046
16736,0.35647541626344836
16737,0.012453196704051747
16738,0.9996913468964604
16739,0.5648846951181123
16740,0.0015876620080237656
16741,0.7758949563024177
16742,0.9999999572628042
16743,0.11385334465350083
16744,0.03294186188609651
16745,0.9999888063275858
16746,0.01908302677045791
16747,0.9454505594191722
16748,0.013366083192817391
16749,0.5073605047035645
16750,0.9471578410975255
16751,0.05037336272840477
16752,0.060862194469204184
16753,0.42437551836308
16754,0.007540297869574712
16755,0.0019306022194665675
16756,0.9089220760832574
16757,0.8499126756439557
16758,0.051293253314146296
16759,0.25046820434550754
16760,0.004893500368293742
16761,0.005268922070760653
16762,0.8087540371290198
16763,0.036451029861378936
16764,0.004800782664320044
16765,0.00010268142931954785
16766,3.6102531096389436e-05
16767,0.45655469913525165
16768,0.014530690693351181
16769,0.9999999999998144
16770,0.16750098296274585
16771,1.0
16772,0.0004395318621096389
16773,0.5659363258499305
16774,0.4562397441098715
16775,0.27733351756202407
16776,0.0025058205048475108
16777,0.022526647578183442
16778,0.3586916204000593
16779,0.6811428337384071
16780,0.0009414189493598498
16781,0.7604828110044806
16782,0.2829982994596531
16783,0.05985419741141546
16784,0.05493069069010714
16785,0.6811428337384071
16786,0.12541476360924986
16787,0.015554777512799814
16788,0.5204337394647957
16789,0.023677964211959484
16790,0.9999999999999993
16791,4.4575540501674155e-06
16792,0.010229126737634788
16793,0.00014402571369203076
16794,0.010984668764155981
16795,0.9999960318053683
16796,0.9996913468964604
16797,0.386145099540316
16798,0.0131506119698442
16799,0.9999884138300381
16800,0.9257784612736096
16801,0.45603330208251514
16802,0.10315993387389856
16803,0.9995102316958183
16804,0.9999946550965696
16805,0.006425481707641349
16806,0.008178808823072686
16807,0.25876062992116866
16808,0.08486933098568589
16809,0.3647212910551161
16810,0.04219580547109609
16811,6.207182715898066e-05
16812,0.5674234198919619
16813,0.02946867688098427
16814,0.19038810891871213
16815,0.9999765871466543
16816,0.02682436857115498
16817,6.540824350595201e-05
16818,3.2631881530127445e-05
16819,0.6691663527149232
16820,0.002326073989822047
16821,0.019361441696824105
16822,0.13770884432725716
16823,0.00042257439365831086
16824,0.0815865791031815
16825,0.18870840826199514
16826,4.69941627382536e-07
16827,0.6811428337384071
16828,0.9999999997324613
16829,0.6966102861973764
16830,0.0252214120554906
16831,0.0025436525808210527
16832,0.40032968030249916
16833,0.20989780012966988
16834,0.9999351041612605
16835,0.02479593111316538
16836,0.45064416536532337
16837,0.19032573320882387
16838,0.0036764936782614863
16839,0.5703965938585105
16840,0.00011669220484123924
16841,0.08428788658545158
16842,0.003957777134145338
16843,0.004352590045382739
16844,0.04853515343725177
16845,0.4729968454604471
16846,0.05478856110026631
16847,0.7611182684129854
16848,0.999297137138187
16849,0.99968279088264
16850,0.9999953040216343
16851,0.8358871496199866
16852,0.0006042350085628193
16853,0.9992270184820358
16854,0.004449291804796485
16855,0.29657961992040777
16856,0.04335444457460126
16857,0.4825476005898892
16858,0.04719053698591076
16859,0.14417379674952827
16860,0.001459201508673971
16861,0.020755376704972
16862,0.002685323322095787
16863,0.14789783471760112
16864,0.0038239315158029134
16865,0.005208144878308827
16866,0.029537462483694907
16867,0.026640481169307947
16868,0.05726580779713918
16869,0.7285504385651388
16870,0.0017776346396352338
16871,0.9999999725644487
16872,0.035373734107479744
16873,0.0006054966584919044
16874,0.04750967810547081
16875,5.460483633368032e-05
16876,0.9999950073998899
16877,0.9999999991771809
16878,0.04925365921571968
16879,0.35799457966277914
16880,0.43845194527240033
16881,0.001001462540886652
16882,0.006870625986271496
16883,0.034592095957018884
16884,0.0008919203199600278
16885,0.9999999999835754
16886,0.061708022685224635
16887,0.016418407540231023
16888,0.09555215123100112
16889,0.03187756154191299
16890,0.062285247216488454
16891,0.7678492479046413
16892,0.02341043700325629
16893,0.6853860613397065
16894,0.9999438922738167
16895,0.006901443897807108
16896,0.9419457836238584
16897,0.5658224598961938
16898,0.1636020528728927
16899,0.18924891477584457
16900,0.05316254834735108
16901,0.71393798674352
16902,0.004374365008549269
16903,7.028741890544528e-07
16904,0.02783816313403605
16905,0.20897367995282803
16906,0.7778781408837879
16907,0.7710504293969704
16908,0.9999946008989498
16909,0.5779010370044027
16910,0.05554527112223792
16911,0.19693719980813293
16912,0.0006068289211780711
16913,0.8865385026023371
16914,0.9998056236955111
16915,0.07506917353671443
16916,0.003314414227295055
16917,0.2803872385251176
16918,0.023740212953921286
16919,0.11238478539092296
16920,0.1825594692831267
16921,0.5834797538155327
16922,0.00015026793220036233
16923,0.0024467292776240456
16924,0.22024025309266404
16925,0.7590867727730641
16926,0.26097787373235387
16927,0.11059978775796167
16928,0.07333903348296392
16929,0.004016635925523722
16930,0.005272772560288565
16931,1.320449599261721e-06
16932,0.13619757630263674
16933,0.00020465048522140642
16934,0.026663151723183266
16935,0.999999999999837
16936,0.0040306446127262715
16937,0.031577727627098866
16938,0.0018158494943175227
16939,0.062229097798004625
16940,0.018582894165228073
16941,0.11854489566122621
16942,0.9999999572628042
16943,0.011253660651609484
16944,0.4087391017681965
16945,0.004226018642139718
16946,0.9999998444969569
16947,0.37887681601322415
16948,0.9999987989477289
16949,0.041262581496879974
16950,0.019502648324644885
16951,0.004002857096585049
16952,0.8433492952363453
16953,0.9999644266247135
16954,0.017413383911568738
16955,0.09122989458828017
16956,0.5041701384280811
16957,0.0006335974851493845
16958,0.0229532550830193
16959,0.0001568300531794905
16960,0.9999999999922757
16961,0.05730376107965715
16962,0.13506990028401417
16963,0.7950102891050638
16964,0.0024539307420316614
16965,0.00392135737498825
16966,0.034902447158546006
16967,0.049096136711092225
16968,0.11322516024507674
16969,3.314543158791751e-05
16970,0.6068496109149345
16971,0.2607095270703485
16972,6.74039057877912e-05
16973,0.9999969218087359
16974,0.0031159508324188796
16975,0.501870554888483
16976,0.0014652414803651118
16977,0.9999999595368861
16978,0.0023569750195227986
16979,3.617976779878341e-05
16980,0.9999983258964673
16981,0.9999971334097196
16982,0.04461659107620902
16983,0.9999998619922035
16984,0.21569729308885277
16985,0.5371210591132751
16986,1.0958782088783902e-07
16987,0.9944318599854381
16988,0.06685424603864959
16989,0.9097420476114529
16990,0.0012651481790171345
16991,0.030585812900783
16992,0.41110012555160796
16993,0.10313215325653155
16994,0.16421673772381487
16995,0.004728605303787279
16996,0.07953124503517973
16997,0.14289653658360607
16998,0.9200132137871744
16999,0.9999998786077201
17000,0.0007356210430822281
17001,6.4976137349218585e-12
17002,0.07521431571358206
17003,0.5849654605960405
17004,0.6092313020092227
17005,0.5001693628033559
17006,0.018581892585955002
17007,0.9999999999999987
17008,0.22583194968507814
17009,0.016007984280193198
17010,0.0548773293286144
17011,0.2624062334810608
17012,3.756904871406473e-09
17013,0.09813164053094758
17014,0.31556099540008997
17015,0.06857145633978776
17016,0.7262101884155525
17017,0.16347369635962497
17018,0.06001279311384328
17019,0.10076696491705946
17020,0.0032614624729133974
17021,6.472352202580449e-06
17022,0.5197785375208177
17023,0.0007098792380038046
17024,0.9999954787958871
17025,0.027520273325705828
17026,0.9998797152533498
17027,0.03123846446071392
17028,0.0021421734587722544
17029,0.0167592759188215
17030,5.231581064400765e-07
17031,0.4067082222512878
17032,0.5270169694889862
17033,0.6860462175951183
17034,0.004590588906578011
17035,0.005444001817899363
17036,0.031105563732326282
17037,0.0005320656143969548
17038,0.999999980683434
17039,0.04678632932894547
17040,0.029775075383761864
17041,0.4339591996584232
17042,0.00236541142526646
17043,0.40685202743259535
17044,0.21273429409736477
17045,0.016797110164046093
17046,0.04853454506093389
17047,2.7836094308769723e-07
17048,0.18750556227112858
17049,1.0
17050,0.00622447324554112
17051,1.2844041181497276e-05
17052,0.05899796588309275
17053,0.6432160460314111
17054,0.0005862549133734809
17055,0.7412635857329773
17056,0.07939703901502002
17057,0.9999999999987743
17058,0.030132914457514003
17059,0.026065257638206333
17060,0.16321209355471547
17061,0.9999074144129694
17062,0.08421792408559971
17063,0.08755024105628949
17064,0.05198518459908238
17065,0.38741452218475253
17066,0.28925604552988415
17067,0.07184598779854384
17068,0.007878685244510212
17069,0.0361372642920183
17070,0.11856842806962312
17071,0.5463310956150049
17072,0.0948252816521871
17073,0.9999998619922035
17074,0.9390417851302413
17075,0.0011620960018365618
17076,0.00913628903519635
17077,6.779048330230349e-05
17078,0.35249109879886126
17079,0.02971937629725662
17080,0.038740132198771565
17081,0.013243723951816994
17082,0.6995759215257208
17083,0.0003175645483244595
17084,6.116419969639294e-05
17085,0.8857659822507492
17086,0.9999999997704294
17087,0.0001339527431294772
17088,0.06138420868433034
17089,0.024508467399082835
17090,0.9998958959974398
17091,0.9999920910823732
17092,0.00930776044499635
17093,0.9999996606870808
17094,0.5029198385596234
17095,0.0003415624561234887
17096,0.9999207191251123
17097,0.000937895159367475
17098,0.993048236385953
17099,0.18619746674066345
17100,0.024918311864015934
17101,0.057945046668687494
17102,0.038984293220376186
17103,0.7378546215849269
17104,0.016140907741534406
17105,0.030730697255578063
17106,2.0432217226128352e-07
17107,0.21391904686905516
17108,2.2139166840948567e-05
17109,0.17405982256480976
17110,0.07899538504931174
17111,0.057615571976001645
17112,0.9999201979670218
17113,3.166193738506488e-08
17114,0.25050762636644475
17115,0.001996220799900063
17116,0.99997387745755
17117,0.03297161036476616
17118,0.01578322207213636
17119,0.48520130448334736
17120,0.004266979642087487
17121,0.7313363407195441
17122,0.9999946710208336
17123,0.05473802717654711
17124,0.02527226129496394
17125,0.11224746507490857
17126,0.9999965634652533
17127,0.2438173395425367
17128,0.0028018731052602357
17129,0.11999828711127719
17130,0.04564562973465517
17131,0.00025752633027804574
17132,0.03494843354641931
17133,1.9704251864229962e-05
17134,0.29509814262574063
17135,0.9999999735545864
17136,0.06235919358483907
17137,0.9999966074375984
17138,0.06973910717176031
17139,0.5383491125274116
17140,0.026585688400140663
17141,0.023164341296741872
17142,0.40724003820974314
17143,0.0019699312447585956
17144,0.002560310899947646
17145,0.2823787809830324
17146,0.08430871848698093
17147,0.0008060710318332877
17148,0.0002496862876810527
17149,0.06981810234415055
17150,0.00036510864318618845
17151,0.23476450146593106
17152,0.06145222639184407
17153,0.9998908578332035
17154,0.9999962200890166
17155,0.9999999999889784
17156,0.13839990954004336
17157,0.999999129620458
17158,0.25323014688307566
17159,0.9999941521671818
17160,0.4158760924986574
17161,0.00029899091545199357
17162,0.017355152037856553
17163,0.01985580129128094
17164,0.048462390950953144
17165,0.2516316838584469
17166,0.12346191343509287
17167,0.9727805520514322
17168,0.007173808320255297
17169,0.9999999999998568
17170,0.029692641606405952
17171,0.012230540492420812
17172,0.9999985913992588
17173,0.32687366760101094
17174,0.07887158808786084
17175,0.9999999999995215
17176,0.9998469464687444
17177,0.036042559387979956
17178,0.9944318599854381
17179,0.5513635912723712
17180,0.0010327726296223984
17181,0.9471578410975255
17182,0.17141447172175917
17183,0.16636771630864208
17184,2.9935872181878288e-05
17185,0.03710852670096108
17186,0.09212213355556649
17187,4.537933070414722e-15
17188,0.00018871030378286803
17189,0.6470937830648188
17190,0.4330748728046012
17191,0.17691090541228097
17192,0.999999000886692
17193,0.30562092942029556
17194,0.14631748986889673
17195,0.2286917277655026
17196,0.010095368104439388
17197,0.027571204859400057
17198,0.10246515202270337
17199,0.008425028067728121
17200,0.02918610625412671
17201,0.0003301244525336988
17202,0.9643330065274938
17203,0.10312119870256652
17204,0.5425953532967398
17205,0.021303765935085824
17206,0.018643834776074602
17207,0.27759184727442016
17208,0.999999825610463
17209,0.6961262389903168
17210,0.1043198165743849
17211,0.0014832888683476303
17212,0.3329091764168623
17213,0.005557639486169244
17214,0.08475336233737714
17215,0.4370253055598874
17216,0.0008690349484097251
17217,0.03162342595146714
17218,0.3842197502652894
17219,0.05908640929998889
17220,0.005423756557273829
17221,0.8714945664848337
17222,0.14401334419938697
17223,0.0001589813634214678
17224,0.1372001804798614
17225,0.015699774271607885
17226,6.082589966513015e-05
17227,0.01816531053456217
17228,0.018843351685908432
17229,6.596874214989149e-06
17230,0.023053932678192078
17231,0.1347821577016451
17232,0.027848181326543934
17233,0.26144671825139765
17234,0.4283337688327872
17235,0.08065392924350533
17236,0.022631661219249366
17237,0.05019751579408309
17238,0.013697835819258772
17239,0.9999999897440978
17240,1.5939457364594254e-05
17241,0.025547047044602193
17242,0.9999884138300381
17243,0.2375534972517162
17244,0.0002652690340525165
17245,0.03191308928784134
17246,0.019811632881980044
17247,0.13104545326672207
17248,0.09175520075264802
17249,0.9999422930460276
17250,0.0017633736287113971
17251,0.37807432430060073
17252,0.037399499072129215
17253,0.21074049476809645
17254,0.7883360037952154
17255,0.051671210654091186
17256,0.896256366011946
17257,4.4442579616497286e-07
17258,0.0027574642826422415
17259,0.9999999988082202
17260,0.10230526069972971
17261,0.9999999993894098
17262,0.031388273280249075
17263,0.2883103357942047
17264,0.0001174902579198296
17265,0.0027111437103526804
17266,0.999552341913794
17267,0.8499126756439557
17268,0.0038747589717306593
17269,0.9999999999770708
17270,3.689449055735236e-05
17271,0.0013460373778955003
17272,9.350460398936186e-07
17273,2.567301959757719e-07
17274,0.004757692731430079
17275,0.41139204141125735
17276,0.9999999936098076
17277,0.6673073141587241
17278,0.017731163234094748
17279,0.10047597875689684
17280,0.9999986168955598
17281,0.02056755939697813
17282,0.9998182327379613
17283,0.37857866867312434
17284,0.15488083904907807
17285,0.027364548171862454
17286,0.021996048090180534
17287,0.9960331851290287
17288,0.005456099275232648
17289,0.9999902818026298
17290,0.20222270450651608
17291,0.008089771341698748
17292,0.46468302682057816
17293,0.016425634089041585
17294,0.001065295023403472
17295,0.9999999999999998
17296,0.004050628063665821
17297,0.17522138095561707
17298,0.04662264673649805
17299,0.9999962200890166
17300,0.17146476509380726
17301,0.9999998477281881
17302,0.9999999994493551
17303,0.11259605454825035
17304,0.007986524388264853
17305,0.9663146417468943
17306,0.2856404498713291
17307,0.296265938708046
17308,0.002579043836084897
17309,0.057681279569569824
17310,0.9999968968332571
17311,0.2312238216238771
17312,0.04512867147330001
17313,0.0142831053853508
17314,0.45905161139039663
17315,0.0005164851400491792
17316,0.999986186743101
17317,0.8492362595152102
17318,0.9953040958722555
17319,0.015896467690134586
17320,0.9977867221840128
17321,0.855308562223859
17322,0.05694787405935426
17323,0.00015364113579995336
17324,0.0035175678188229544
17325,0.009674495958194388
17326,0.0007565972463635629
17327,0.008828192898098072
17328,0.7440655448896126
17329,0.028427851014902063
17330,0.05608379564847681
17331,0.7196650839579268
17332,0.009256448444440627
17333,0.01414668489459789
17334,0.0011587529172853196
17335,0.022706252053042955
17336,0.005323080639482272
17337,0.999999971997607
17338,0.0192723798923591
17339,0.84472924163421
17340,0.003766598299613551
17341,0.07215469576112904
17342,0.058185417844964483
17343,0.0003887690133870403
17344,0.00018158259033277258
17345,0.040756770897178565
17346,0.9916647495042414
17347,0.07154842864800573
17348,0.024151534478625006
17349,0.00031762112719568007
17350,2.1046220231063444e-07
17351,0.006239342368211671
17352,0.04226258715766957
17353,0.0012164515819496767
17354,0.09045938527136059
17355,0.9999999837848683
17356,0.0006700528380573983
17357,0.9999998291077742
17358,3.3843244982532715e-05
17359,0.7415340141830528
17360,0.49451167543157265
17361,0.00011912035963117122
17362,0.9999878843429509
17363,0.9995575081386061
17364,0.04601326084467777
17365,1.5545932805016598e-06
17366,0.7339452996105646
17367,0.7021666691927346
17368,0.9999999999999998
17369,0.16833546926046725
17370,0.5173789491569666
17371,0.10304848851325371
17372,2.406651166480241e-05
17373,0.9999958924225569
17374,0.21866169912106695
17375,0.9999893509049
17376,0.8165335293666236
17377,0.032989895692373136
17378,0.999901057629586
17379,0.9995402989007824
17380,0.9847470016186535
17381,0.999999000886692
17382,0.039128817647743716
17383,0.3076487986424192
17384,0.5773751059787698
17385,0.037747521199167286
17386,0.1916844002475851
17387,0.0003573112327478893
17388,0.6250509133533418
17389,4.3158873853490705e-08
17390,0.023547098098853757
17391,0.00035393868202675976
17392,0.6564566601776712
17393,0.02285141925922667
17394,0.9980431475551094
17395,0.002629037132230722
17396,3.3670039682654008e-12
17397,0.4285104357737266
17398,0.07818594301291677
17399,0.6235981155475229
17400,4.0018131267369914e-05
17401,0.00459750064012081
17402,0.07534391914121312
17403,0.0735627613155755
17404,0.07779751634387663
17405,0.9999753975734189
17406,0.3339472790489458
17407,0.30039990011670437
17408,0.0009575289532810247
17409,0.2027947418629267
17410,6.5229037805938455e-09
17411,0.17125741554315732
17412,0.0675806461774378
17413,0.016925220175605264
17414,0.017066481515295766
17415,0.06324896551336438
17416,0.0008416337495885099
17417,8.091189433693285e-05
17418,0.999999129620458
17419,0.46648267999450893
17420,0.9944318599854381
17421,0.06127970264689233
17422,3.1739016700006193e-06
17423,0.137563352048887
17424,0.014532835737442792
17425,0.0015162954692994977
17426,0.01453996705504278
17427,3.788058954263631e-10
17428,0.6899492787925774
17429,0.026636274655909835
17430,5.526609692351262e-08
17431,0.34761817039136345
17432,0.009295988578365333
17433,0.00012574171822338424
17434,0.0007864616306592702
17435,0.03215025058941332
17436,0.024155554594254197
17437,0.1697797938328908
17438,0.02144405143516938
17439,0.9999999473985101
17440,0.9999993797207615
17441,0.00014827299156857927
17442,0.027215101716831905
17443,0.7513299285773154
17444,0.011033163029908087
17445,0.45905161139039663
17446,0.008590106507597948
17447,2.009887267470726e-07
17448,1.9963446536082102e-05
17449,0.15897309749208538
17450,0.06891447390838047
17451,0.0020604915561541013
17452,0.015318142202638763
17453,0.9997301848248502
17454,0.003390630942134174
17455,0.04840352616996325
17456,0.035299908240047966
17457,0.01647584008816554
17458,8.548907976210634e-05
17459,0.33153713344708724
17460,0.08688179599649576
17461,0.026480572756339586
17462,0.46723957650608333
17463,0.06204940752593974
17464,0.6762063649109152
17465,0.023276270928579076
17466,0.9981577366840526
17467,0.38934301272338273
17468,3.449874343614942e-08
17469,0.05028539165362773
17470,0.0046098145493434035
17471,0.5843475528919618
17472,0.3906822909748454
17473,0.0029073764243202067
17474,0.018416920267177478
17475,0.22684431832729587
17476,0.021767584364863823
17477,0.9999999999993268
17478,0.0013844153838789217
17479,0.00027597012645156786
17480,0.1664048618154647
17481,0.013265691441675475
17482,0.21609363473145887
17483,1.0
17484,0.02569226326793741
17485,0.4430149621377589
17486,0.08313461578794984
17487,0.0003775543911688763
17488,0.016986943333904804
17489,0.27194587178180873
17490,0.049669475056448004
17491,3.053219990393197e-08
17492,0.9999468702828593
17493,0.08140523183714156
17494,0.05584245299830774
17495,0.9999999999999987
17496,0.010690188551603523
17497,0.002835715979174343
17498,0.99997387745755
17499,0.0038327589929544447
17500,0.9999999999955536
17501,0.9999999999999964
17502,0.023687712771694017
17503,0.023085967389166167
17504,0.06806739569584389
17505,0.05252669259433602
17506,0.010021339481991343
17507,0.00445164956233914
17508,0.2761717281058979
17509,0.6118493408014363
17510,0.0693481435245901
17511,0.02564500420129866
17512,0.9999999857286961
17513,0.4458247331087866
17514,0.023364445941086755
17515,0.9999895156290874
17516,0.043376357572068584
17517,0.002364911384154068
17518,0.0007001781398757727
17519,0.29474860168534467
17520,0.16901829683608977
17521,0.024512340418856547
17522,0.05096105511373456
17523,0.024403502192763642
17524,0.9999999999995277
17525,0.0013945887562336248
17526,0.1331931687321506
17527,0.06784501829187317
17528,0.009187562594437784
17529,0.0004244429513612989
17530,0.20671555032756658
17531,0.006648891800354097
17532,0.01728318021392067
17533,0.12954638589695033
17534,0.44677174190467417
17535,1.0206983703394907e-11
17536,2.982981607601557e-12
17537,0.071165583684085
17538,0.024067338622035677
17539,0.027216435616551873
17540,0.04135706853761808
17541,0.9998531572865486
17542,2.8023401101649513e-05
17543,0.710728309118484
17544,0.03017204036365472
17545,1.860187661293259e-08
17546,0.025730744915232636
17547,0.8982694592411234
17548,0.5736300442900776
17549,0.02562814161037049
17550,4.374868497266316e-06
17551,0.047412031511040446
17552,0.033202825424174506
17553,0.7092182232771906
17554,0.05452484849894951
17555,0.003585715085962253
17556,0.006167061031899094
17557,0.12314143933205879
17558,1.573377066964284e-06
17559,1.3929659324364941e-08
17560,2.0315403027636785e-05
17561,0.00234790957391834
17562,0.03549302012879376
17563,0.0032894624503352907
17564,0.09913879774054907
17565,0.012536542519376241
17566,7.635707527422231e-05
17567,0.8253266628934743
17568,0.12599923499930665
17569,0.008326292644954292
17570,0.12842517897020023
17571,0.008634847916574422
17572,0.4386300704579728
17573,0.5131936020579073
17574,0.9971833416569216
17575,0.311094111842848
17576,0.6264847458041615
17577,0.0005559549195712434
17578,0.9999999999986462
17579,0.5199131418674215
17580,0.5173334262491797
17581,0.024445358716519046
17582,9.716907061840761e-05
17583,0.00022339797917097546
17584,0.9999999999999973
17585,0.061721381938374516
17586,0.17335216383538216
17587,0.17602115519452982
17588,0.028991593735060734
17589,0.999990622025196
17590,0.03716923019229972
17591,2.5744602146143087e-07
17592,0.025051639478670208
17593,0.9999999626515222
17594,0.043590540201436295
17595,0.7001710376191194
17596,8.791131886042589e-05
17597,0.9999999932675381
17598,0.005432653724159054
17599,0.0004664312106837368
17600,0.9452701442621726
17601,0.21093360504011188
17602,0.004844908573776426
17603,0.9999999999712252
17604,0.43921351922885504
17605,0.0006986227376710981
17606,0.9999358229977083
17607,0.886468760370893
17608,0.11865044762409808
17609,0.6266685666533444
17610,0.6811428337384071
17611,0.06133235667292129
17612,0.0010561748028240531
17613,0.006204795087337598
17614,0.029093365512991402
17615,0.4298426476454938
17616,0.9999998619922035
17617,0.9998555612171175
17618,0.19777265446597597
17619,0.011650915938614153
17620,2.486467029194415e-08
17621,0.018928653292448874
17622,6.207109618451055e-05
17623,0.030895453034900763
17624,0.004131566898522258
17625,9.147988925669936e-08
17626,0.5626302869613348
17627,0.9999992365064237
17628,0.042757581651473704
17629,7.000276366110206e-05
17630,0.004262126762452934
17631,0.9342638547875068
17632,0.13980663060795018
17633,0.036909440862091226
17634,0.15257143898719633
17635,0.4420078863154678
17636,0.42040490048599866
17637,0.44321638927776935
17638,5.5830605009168895e-05
17639,0.2573162258958247
17640,0.060432390674949266
17641,0.0022327218789960144
17642,1.463571379302129e-06
17643,0.5743884249050742
17644,6.347311085476847e-06
17645,0.45032083589040084
17646,0.05150968156702363
17647,0.9999999999999998
17648,0.02006421984352308
17649,0.12223347269545144
17650,0.06739353202313648
17651,0.5426817653226425
17652,0.003033061310840102
17653,1.2481677935384082e-08
17654,5.206418078119966e-05
17655,0.0006264798182334837
17656,0.0698194599511053
17657,0.0149246017180646
17658,0.03624804974911782
17659,0.000860751347212072
17660,0.033349543414870265
17661,0.0008723186318619518
17662,0.02636173790960808
17663,3.68301683075326e-05
17664,0.20880717633249002
17665,0.00045676454334214
17666,0.5660044149458671
17667,0.002003103579155486
17668,1.7141609312801197e-05
17669,0.00014244188811895301
17670,0.08953970734148503
17671,0.99999999999978
17672,0.9999915758726201
17673,0.015711898874216385
17674,0.4705420549136926
17675,0.012671743839362953
17676,7.965255213549995e-09
17677,0.9972682349705821
17678,0.004704519845615529
17679,0.008008216690115644
17680,0.46143807457340913
17681,6.381210868720015e-05
17682,0.020262470102698747
17683,0.0018136282485757367
17684,0.5430799891829677
17685,0.0004138217751176919
17686,0.9999656779858469
17687,0.00019670331419747503
17688,0.0016725199162921317
17689,0.002102127853226675
17690,0.06414309373944352
17691,0.11018636515581451
17692,0.032494158196634954
17693,0.3282164041588559
17694,0.036498170836230595
17695,0.020683556735447264
17696,0.5400691378924296
17697,0.050480813026553634
17698,0.9999982965958573
17699,8.772562009442003e-05
17700,0.00024388028045860163
17701,0.10875470349001617
17702,0.5317229017284039
17703,0.000279005303909655
17704,0.4961505729911233
17705,5.224963826215044e-06
17706,0.0192363937802982
17707,6.400788243062314e-13
17708,0.06279715525046828
17709,0.007215171845014509
17710,0.0428665943596301
17711,0.04691536075055619
17712,0.0016480946617882459
17713,0.0013877419457589222
17714,0.5222114539971932
17715,0.43829855034224313
17716,0.9997871724293949
17717,0.9999999498352753
17718,6.983826705746687e-05
17719,0.00017593520930534874
17720,0.9999999434911112
17721,0.04244792944070876
17722,0.9953040958722555
17723,0.9999016601818919
17724,0.05241711112336311
17725,0.005634265935869965
17726,0.01244529733592286
17727,0.002405198456154252
17728,0.9999619259481975
17729,0.4413463582830177
17730,0.037149353909087024
17731,0.0071053405323642516
17732,0.7264619589756509
17733,0.9999993206276071
17734,0.0006433283206002861
17735,0.020846192170321652
17736,0.027219444216718805
17737,0.9999998729107554
17738,0.0037594813103447645
17739,0.03342349720478373
17740,0.4422043789623431
17741,0.17806880679070017
17742,0.15933210002884193
17743,0.9999999999034836
17744,0.0026744992730925584
17745,0.019857993202771228
17746,0.06044450441943454
17747,0.9999986265058749
17748,0.06741760199950649
17749,0.3627128418679677
17750,0.027606514039216632
17751,0.9995972184886923
17752,0.46797376166701987
17753,0.9999928188313892
17754,0.01636900436619852
17755,0.05431218419439982
17756,0.29808511048135855
17757,0.9997608539748719
17758,0.06124561008152929
17759,0.17721840738295624
17760,0.9999999505924788
17761,0.6175735893957492
17762,0.03106095831026345
17763,0.9999999999999818
17764,0.02530660457138888
17765,0.9999903168238788
17766,0.004484776728220805
17767,0.8230439169375923
17768,0.09080236831769059
17769,0.30662869160323564
17770,0.0015473767972433944
17771,0.5854867849703426
17772,6.641647923232813e-05
17773,0.051135118730566996
17774,0.18455785649325473
17775,0.5878935485517601
17776,1.1691397229356428e-07
17777,0.10709011275132993
17778,0.25286524724467013
17779,0.3075199268625457
17780,0.0012983550952759078
17781,0.023215008851122428
17782,0.06732314855226226
17783,0.12892997159688702
17784,0.02426353235770263
17785,0.9999972310559669
17786,0.10666936808498555
17787,0.5243424595921823
17788,0.9999974134038051
17789,0.9999689744592648
17790,3.4188831558951715e-06
17791,0.9999999999956464
17792,8.181389133062984e-05
17793,0.04559933115503206
17794,0.10132711826389876
17795,0.0007071500568834334
17796,0.026953151229111707
17797,0.9999998619922035
17798,0.019174295911613622
17799,0.40847374519590957
17800,0.09479248673644863
17801,0.016482298395011214
17802,0.09021431019711572
17803,0.0865157757220843
17804,0.00012987451928889236
17805,0.031659140560804724
17806,0.01757827292137282
17807,0.9999999351788658
17808,0.0005179056522367765
17809,0.05941423698236476
17810,0.008104972246756168
17811,0.5245333538682361
17812,0.9999999959111854
17813,0.7027755486204537
17814,0.06936290713939489
17815,0.06185887985552365
17816,0.07403288321963834
17817,0.5777395068809577
17818,0.0002893423958251418
17819,0.013565205427549104
17820,0.0026947616006074556
17821,0.3839385051243971
17822,0.033341157792073924
17823,0.0005551098114433771
17824,0.0698194599511053
17825,0.003199068831834024
17826,0.0009703938022202179
17827,0.2330610901114775
17828,0.42334323478273017
17829,0.00021058602931755077
17830,0.0003026774896516127
17831,0.003942939582183168
17832,0.9998958959974398
17833,0.025988724123854307
17834,0.2594158754244747
17835,0.3458824552061237
17836,0.5594122580831921
17837,0.04974996507807582
17838,0.035301521091959276
17839,0.4979572547926794
17840,0.007641558762321512
17841,0.023550718286770914
17842,0.9105697877306443
17843,0.02535647642503176
17844,0.9847470016186535
17845,0.01795434210407319
17846,0.003991161911559898
17847,0.9823802159765859
17848,0.018912145127155756
17849,0.039170050263680214
17850,0.4541056191026868
17851,1.4708087252636182e-06
17852,0.04259074472667759
17853,0.0031651935939317416
17854,0.5478442258496768
17855,0.05178625864380213
17856,0.0007711124754479243
17857,0.08129333221024078
17858,0.050521729500350186
17859,0.0004775359098209776
17860,0.9999194817679666
17861,0.9997957304563523
17862,0.122259231710983
17863,0.000878582313176939
17864,0.07552746838273211
17865,0.00011755024004670991
17866,5.9521464769617914e-05
17867,0.07280859800933298
17868,6.0904616989710555e-05
17869,0.39394513455642083
17870,0.055414631267312504
17871,0.0360481674357098
17872,0.0027060851848477036
17873,0.02499512731675395
17874,0.01686510477398941
17875,0.0011535443963167234
17876,0.9999703786014833
17877,0.15988504712263904
17878,0.9999988421746157
17879,0.9999201979670218
17880,0.5324949564638236
17881,0.0014941195228619266
17882,0.9999999999983553
17883,0.0005111288978963581
17884,0.035346175169743026
17885,0.9999958924225569
17886,0.0539780740507782
17887,0.0011945884526777819
17888,0.24098115395819233
17889,0.00490635668829791
17890,0.8527171196178748
17891,3.5086133512949065e-05
17892,0.9999974427656824
17893,0.0014131367365905374
17894,0.023153854944235986
17895,0.999991506025976
17896,0.00010268416646697716
17897,8.013504906597299e-08
17898,0.09664608131426021
17899,0.0057362378891942815
17900,0.31197776981922526
17901,0.15252095843448535
17902,0.9996221556054471
17903,0.9999999999999627
17904,5.291472956462797e-06
17905,0.11686552395004261
17906,0.02932365073920911
17907,2.6658953885861176e-05
17908,0.020090535226998354
17909,0.8022952536726494
17910,0.3936614515450543
17911,0.010200566127830941
17912,0.6390414994783488
17913,0.00028277465589640627
17914,0.019718392411518834
17915,0.1172339159018761
17916,0.11581187564362815
17917,0.7791804105674461
17918,0.02972657519195855
17919,5.8504273408488435e-06
17920,0.01908195357561497
17921,0.9999572387468417
17922,0.07865628077876535
17923,0.06433357390576173
17924,0.12144572380121284
17925,0.13993285254413398
17926,0.6250250751163406
17927,0.21182499005905475
17928,0.06839169031502725
17929,0.01674204480885247
17930,0.03661682579115898
17931,0.49799987788445776
17932,0.0339143191967205
17933,0.02621997148596063
17934,0.1347489805669878
17935,0.9999999505924788
17936,0.04256778484629618
17937,0.012157269820107525
17938,0.07908709338684664
17939,0.003934127288221871
17940,0.7089849906354464
17941,0.002265480337217235
17942,0.000637193761125571
17943,0.018387765944530485
17944,0.17334262668816403
17945,0.16912583901570963
17946,1.7406863073431807e-05
17947,0.00041101220450406563
17948,0.0010922822002723425
17949,1.7083058323914395e-05
17950,0.18137140741671653
17951,0.2468237653862626
17952,0.9998958959974398
17953,0.21953331595751846
17954,0.07247550509289626
17955,0.9471578410975255
17956,0.0021459019444105536
17957,0.086251909202173
17958,1.0
17959,0.4639478746346885
17960,0.135311266959149
17961,0.0014356077893098805
17962,1.0
17963,0.1174497587489405
17964,0.0641885691368383
17965,0.3635380062971211
17966,0.34694452070764764
17967,0.024677827291747573
17968,0.7698438395996933
17969,0.0004138217751176919
17970,0.042232227737034216
17971,0.027988943805763083
17972,0.0022135312425094543
17973,0.044808549713686245
17974,0.028640144727457004
17975,0.003118696766164766
17976,0.49039225708515616
17977,0.00010147868077147701
17978,0.9999999999428992
17979,0.21119498106081772
17980,0.41740538392220083
17981,0.04929793671860451
17982,0.006514192143902144
17983,0.3504290372079271
17984,0.02016007017675999
17985,0.19856949343269317
17986,0.3720472334666938
17987,0.030536848723686876
17988,0.28949712168997305
17989,0.30813172954091994
17990,0.11971650881456687
17991,0.1491049873904505
17992,0.888481922469594
17993,0.6122341692259672
17994,0.0025721354918956446
17995,0.1780516035712453
17996,0.045235885023590966
17997,0.5581327268099741
17998,0.9362127239078621
17999,0.9999999988103678
18000,0.05375064570339557
18001,0.2579581153248947
18002,0.049564548576298634
18003,0.0002500729946654838
18004,0.015832214927579216
18005,5.202449459000394e-05
18006,0.1681573282619046
18007,0.003414962917046211
18008,0.0003639015611646115
18009,0.003466318839340947
18010,1.575426902515257e-09
18011,0.20299618138480233
18012,0.0026801080283209203
18013,0.197569624872773
18014,0.9999992365064237
18015,0.9999999999999987
18016,0.06553582197535378
18017,0.09641291300657812
18018,0.0010354178460972242
18019,0.00037627993334028286
18020,0.021310212138122973
18021,0.9999999999999984
18022,0.018869166246928477
18023,0.7390686426994975
18024,0.1916156273222754
18025,0.07474630759660184
18026,0.4376472917971411
18027,0.9999999999995215
18028,0.9097420476114529
18029,0.4687970017838442
18030,0.40657627836233795
18031,5.483983485428418e-05
18032,0.05038619750411815
18033,0.039676226837342864
18034,0.0009493469358803901
18035,2.2931631208810112e-07
18036,0.9999883823088066
18037,0.9999684668444404
18038,0.05381165694773423
18039,1.5588819865060316e-05
18040,0.0018512234385434443
18041,0.8505898429308085
18042,0.0510302224065409
18043,0.999999853319719
18044,0.9999999837848683
18045,0.09819930688564156
18046,0.5569437662348538
18047,0.0019040222745711694
18048,0.7577811228287609
18049,0.7228749212034877
18050,0.7141675479704213
18051,0.012081013154849482
18052,0.9999999999983553
18053,0.016017654307981282
18054,0.037746223671107186
18055,0.8320617879260466
18056,0.03247021849410628
18057,0.07650977495138023
18058,0.017076151901599126
18059,0.0577589381387317
18060,0.1140884932039937
18061,0.012884499284296089
18062,0.00045230952664993137
18063,7.625124882539785e-05
18064,0.6250109471618478
18065,0.12229419139297154
18066,0.7349072605464965
18067,0.9999999999992679
18068,0.014240319964918202
18069,0.597595880928336
18070,0.9998683019925425
18071,2.1092478031563707e-06
18072,0.7276328372641762
18073,0.99999872398547
18074,0.0053080807530234055
18075,0.9999806005499868
18076,0.9992270184820358
18077,0.19207921854740767
18078,0.9999684612771992
18079,0.030308498233632655
18080,0.9999999999994054
18081,0.9219058056791886
18082,0.005185119156586061
18083,0.27108353064987817
18084,0.15181308930804677
18085,0.019058334499682434
18086,0.5809142546752103
18087,0.9708515894771709
18088,0.9981577366840526
18089,0.027751297510413372
18090,0.04697480387782151
18091,0.0014064304101042992
18092,0.8404624341582231
18093,0.7693404245894079
18094,0.44288183166967077
18095,0.4347163833563419
18096,0.02881184981622994
18097,0.02964815285408206
18098,0.02332449950149049
18099,0.9995972184886923
18100,0.09034432196783689
18101,0.06990162924189267
18102,0.7260176077274766
18103,0.0527992796580101
18104,0.0011322954721222451
18105,0.0032714239819349824
18106,0.6461208824882712
18107,0.0012499980267054098
18108,0.09265488167643654
18109,0.3977702090367663
18110,0.8215754829431038
18111,0.08501365636716585
18112,0.007912718035468691
18113,0.056696675537284344
18114,0.9999999999930012
18115,0.12324753897712942
18116,0.6995759215257208
18117,0.7826002081732065
18118,0.03963484057414443
18119,0.1500512924691332
18120,0.10639070694753933
18121,0.055414515495155435
18122,0.9999999440054388
18123,0.636939660992239
18124,0.019982662990818863
18125,0.45062361679015467
18126,0.8244542328322064
18127,0.05266092224427806
18128,0.6072530001351252
18129,0.07050628721126008
18130,0.40479718548047716
18131,0.999987944593601
18132,4.02966898253796e-05
18133,0.353357721412257
18134,0.03995737009562402
18135,0.023638629673491538
18136,0.007683141316119245
18137,0.031835970326582225
18138,0.020344318556858414
18139,0.00033183085156335046
18140,1.246456789673433e-05
18141,0.1120781447571583
18142,0.21492115942201634
18143,0.08043686355074563
18144,1.2497840054414557e-08
18145,0.08894748494553555
18146,0.19637512071847008
18147,0.2992070414401392
18148,0.003737606275225828
18149,0.008440259728353524
18150,0.04516775862189804
18151,0.04283891222634409
18152,0.9999999999354019
18153,0.9960331851290287
18154,0.6507126002032351
18155,0.625103495612185
18156,0.14399226557637512
18157,0.023746109989557635
18158,0.708305295953124
18159,0.06357408020084573
18160,0.09556477403088379
18161,0.9721473420170099
18162,0.5831531420743488
18163,0.022889557325522024
18164,0.04645423360147265
18165,0.02202638003438026
18166,0.11347466904978462
18167,0.999999000886692
18168,0.061723626542935145
18169,7.178151980415002e-05
18170,0.3014291557705487
18171,0.0009928643868143587
18172,0.9847470016186535
18173,2.7779113229455703e-08
18174,0.07198531082952746
18175,0.12312787503526106
18176,0.0025294819633302473
18177,0.9840211685101836
18178,0.9999999988103678
18179,0.008580023018947081
18180,0.00032399405244281585
18181,0.03267551303718503
18182,0.0624632643122135
18183,0.05706496231701127
18184,0.009002255651006954
18185,0.9999846021715217
18186,0.45326977979833183
18187,0.38776289754643645
18188,0.13902214658043244
18189,0.023827144367322143
18190,0.09374946394069548
18191,0.21319462906699138
18192,0.006638679453895963
18193,0.7876163373183444
18194,0.0016329599074203054
18195,0.40847374519590957
18196,0.8032465687302864
18197,1.8924614820708058e-07
18198,0.0023681606230652945
18199,0.03706994083268424
18200,0.010716940597406839
18201,0.00047583902134174915
18202,0.2935898976802995
18203,0.18049978145389312
18204,0.061647728379027884
18205,2.5147428582550795e-05
18206,0.9999999999869698
18207,0.0011872609819708407
18208,1.497366031419668e-08
18209,0.2077916736097987
18210,0.21926091875151027
18211,0.8789690821588038
18212,0.11075413416576559
18213,0.4902496395844256
18214,0.01159398537623172
18215,0.17861895087135732
18216,0.004961559369079994
18217,0.0006812817610631589
18218,0.027336203191469198
18219,0.9255165272663541
18220,0.1830992671661267
18221,0.009264582299583657
18222,0.00024867977780898987
18223,0.4453501740721716
18224,0.9998958959974398
18225,0.009074469363300605
18226,0.9998555612171175
18227,0.08231759687524966
18228,0.22433708037217664
18229,0.07642640911716742
18230,0.0001853535360539831
18231,0.017237456893989363
18232,0.9997175813684119
18233,0.6701660133461723
18234,0.9999945915868409
18235,0.08497975799337058
18236,0.008240344221179061
18237,0.9999915758726201
18238,0.06363709274406543
18239,0.050957460438128245
18240,0.9999999999909643
18241,0.02550198193810295
18242,0.018771396931513668
18243,0.8736551500778634
18244,0.12602068586310106
18245,0.9999999208947634
18246,0.08895119172618325
18247,0.6554760038080284
18248,0.021152304205151674
18249,0.49999722047412676
18250,0.4222560971749449
18251,0.002826482059423359
18252,0.30660402720961144
18253,0.09045549888027499
18254,0.3551558345152915
18255,0.01977931652224078
18256,0.048919881907196795
18257,0.033704427490146814
18258,0.01988457704468132
18259,0.25203130780223304
18260,0.9999747442445994
18261,0.2013915836137916
18262,1.5397410389452022e-06
18263,0.9999999725644487
18264,0.9998531572865486
18265,0.19451667474007703
18266,0.2431013744397935
18267,3.521243326883776e-09
18268,0.013098343743708492
18269,0.0268141490055383
18270,5.079942689155396e-06
18271,0.00953810045056415
18272,0.006614481030314797
18273,0.017861779292478716
18274,0.023103983027079965
18275,0.002448230085259634
18276,0.04782875352409223
18277,0.7580197364499398
18278,0.04467307556802174
18279,0.018834944545814865
18280,0.7834441092307152
18281,1.9314133453843137e-12
18282,0.9999970932172579
18283,0.00012574171822338424
18284,0.0019423041737859563
18285,0.02873168170995546
18286,0.20771470921330032
18287,1.0
18288,0.036299307703827416
18289,0.02142212424930328
18290,0.0007777088460039765
18291,0.007548398126089428
18292,0.0012594512533948533
18293,0.0031236480011399585
18294,0.0516285829477282
18295,0.011568890280622085
18296,0.02720062777498959
18297,0.575615623384243
18298,0.20229009587255017
18299,0.7298404833791169
18300,0.42465993818268566
18301,0.31744639920921897
18302,0.02336331410001828
18303,0.1410261994524762
18304,0.03764545049237529
18305,3.056099972804981e-05
18306,0.08424246741470402
18307,0.9999965334391228
18308,0.057135591873766906
18309,0.8460157271783606
18310,0.99963309930594
18311,0.0007310636566500958
18312,0.9981577366840526
18313,0.4443030249775466
18314,0.03597791789724577
18315,0.02372929317371825
18316,0.012541439149677328
18317,0.02815885899020514
18318,0.02156563577926868
18319,0.03874187534127423
18320,0.2506070871483245
18321,0.21932896528955462
18322,0.9997608539748719
18323,0.041867736220259355
18324,0.4024209692531114
18325,0.9999684687296096
18326,0.0023536243715996446
18327,0.16590148531609378
18328,0.04403506214156254
18329,1.915069413736742e-08
18330,0.5266439779407192
18331,0.7621540873321764
18332,0.0010608259644735438
18333,0.9999986168955598
18334,0.9999562919023433
18335,0.005331190859490452
18336,0.0023535497308748085
18337,0.6995759215257208
18338,0.9999999989070463
18339,0.7580197364499398
18340,0.10492528817293942
18341,0.047329774661455104
18342,0.00027487708855901085
18343,0.04062140688769819
18344,0.04124467008096795
18345,0.030706697672247724
18346,0.039400435064191254
18347,0.9998170284355521
18348,0.014470981929170082
18349,0.025428286179953106
18350,0.31417054169520686
18351,5.805552250622753e-05
18352,0.01216469630058728
18353,0.039177410512491094
18354,0.9748558023841403
18355,0.9998884635664455
18356,0.6149395910193548
18357,0.0022677220839433
18358,0.9765979907195118
18359,0.02303458973723963
18360,0.015284905529396155
18361,0.0033926873076239854
18362,0.3782596357208673
18363,0.999999853319719
18364,0.6462428385521876
18365,0.031569802533033355
18366,0.9748051242665023
18367,0.03306707320205645
18368,0.03672473330758555
18369,0.999999992790626
18370,0.8029425796408525
18371,0.07804567552457695
18372,0.5117034220666369
18373,0.0016076815031857354
18374,0.7590716081692491
18375,0.9999989427485223
18376,0.035567551777047644
18377,0.19667306253407016
18378,0.0011320249397508814
18379,0.12968466594514302
18380,0.6686742675195434
18381,0.0658745158884696
18382,0.05664841706286951
18383,0.47225247014934035
18384,0.6149069009205901
18385,0.407443722049357
18386,0.014820270068120098
18387,0.010545908297262149
18388,0.00018532310667070107
18389,0.277169913657492
18390,0.843686174328993
18391,0.024974035602534642
18392,0.19041242870654757
18393,0.0027226978897814023
18394,0.03439263399615423
18395,0.030020064393419192
18396,0.12296368807771751
18397,0.5857087877367448
18398,0.9999998619922035
18399,0.0758737665306301
18400,0.0010714394189185598
18401,0.0034981012222228625
18402,0.07573856128349399
18403,0.04432664441363213
18404,0.6186781155365645
18405,0.0019820203037142045
18406,0.014352526170109224
18407,0.4321472285374436
18408,0.000212366016171925
18409,0.9999082612439025
18410,0.002693678090362042
18411,0.44773880160959106
18412,0.09176835656582756
18413,0.5581647128810787
18414,0.008880770447066312
18415,0.020012000558609105
18416,0.011996530035131382
18417,0.04425952878414313
18418,0.9999954830399131
18419,0.0007376289026605427
18420,0.030114321558071654
18421,0.9999999999999338
18422,0.25611413478675393
18423,0.9999999999997997
18424,0.22456910873146974
18425,0.9999981331241272
18426,0.003833613158608831
18427,2.5156096432428393e-12
18428,0.027907541189257416
18429,0.3248323273725495
18430,0.0012868286609688429
18431,0.00047388970010315087
18432,0.2733589486593561
18433,0.03077792619435735
18434,0.9999999947873253
18435,0.017996609888046616
18436,9.962949062791322e-05
18437,0.0014845393334918188
18438,0.14578848973914288
18439,0.0011959842157730624
18440,0.287233742501191
18441,0.06741192436855804
18442,0.025599839085663538
18443,0.0050716792439568295
18444,0.9999999988911725
18445,0.1578745869031376
18446,0.596699230773574
18447,0.9847470016186535
18448,0.7108420436459882
18449,0.07469736755921023
18450,0.6614695814999885
18451,0.999999395933037
18452,0.3701723358299345
18453,0.001326865118410198
18454,0.011269155746018394
18455,0.9999945573360445
18456,0.0003167125418220429
18457,0.0020609065153996344
18458,0.040508506769025
18459,0.99968279088264
18460,0.3747556879307216
18461,0.0059016521537322945
18462,0.9999198979664695
18463,0.026291156936628788
18464,0.05420308624626455
18465,0.009385018921777096
18466,0.9999699984489611
18467,0.6761063152841048
18468,0.027934885654273465
18469,0.4916417675510454
18470,0.10916179400887399
18471,0.030315159461688376
18472,0.004933042404199609
18473,1.625693788885782e-07
18474,0.011985598918328231
18475,0.17534980759353613
18476,0.0006743540169858976
18477,4.171503041375896e-09
18478,0.0008079411351293982
18479,0.9999946354575396
18480,0.014850541485184535
18481,0.9981577366840526
18482,0.00027547995034746
18483,4.9056217429410785e-09
18484,0.9999946008989498
18485,0.0009683343346496958
18486,0.9999999999986462
18487,1.0
18488,0.0032894624503352907
18489,1.8875495248886392e-06
18490,0.03157629849184501
18491,0.0628170041255955
18492,0.056578071135572186
18493,0.0210073239146256
18494,0.10801593400594389
18495,0.12147247515307967
18496,0.07087741462178614
18497,0.9999444743102757
18498,0.0009137071634859985
18499,0.004541698636197508
18500,0.6737144896952403
18501,2.8529902557505524e-12
18502,0.4593576175693299
18503,0.6089193915230093
18504,4.644531083850856e-08
18505,2.542113597694314e-06
18506,0.9999999999982538
18507,0.9999981825779188
18508,0.026640481169307947
18509,0.031087588357712175
18510,0.001574856725450708
18511,1.1884668634941769e-08
18512,0.05562504310294762
18513,0.003938691878185647
18514,0.11857469077346786
18515,0.0036695642347663784
18516,0.9219058056791886
18517,0.7786591110966123
18518,0.00954340448751267
18519,0.7283094083094365
18520,0.002299699755123773
18521,0.015323748036962901
18522,0.005720453064604891
18523,0.9248112337862511
18524,0.013959842959416168
18525,0.15666448018369442
18526,0.7328968033327591
18527,0.0006615417320634076
18528,0.479486124917599
18529,0.5285668830005337
18530,0.1177980247711028
18531,0.37984685083746444
18532,0.9999999419611865
18533,0.9982656734237234
18534,0.019114587603058314
18535,0.45820062905156284
18536,0.008118223267794562
18537,0.7834536741463998
18538,0.4256232203965913
18539,0.025841971823922037
18540,0.09438763570111612
18541,0.1946716203112197
18542,0.000940909090335322
18543,0.0005437207121896086
18544,0.059249506742113114
18545,0.0006342171916029027
18546,0.999999999739221
18547,0.999999825610463
18548,0.02945718889335816
18549,0.999633341922301
18550,0.8916589778922064
18551,2.8169618849235356e-05
18552,6.0549583920510833e-05
18553,0.037748006473663366
18554,0.0002861424234334413
18555,0.03842018535235739
18556,0.05096302443698822
18557,0.013677369445294752
18558,0.00033482162091854397
18559,0.6570922204507308
18560,0.00409304837038393
18561,0.05506163833179226
18562,0.9999795609617285
18563,0.9999611186138248
18564,0.9999981331241272
18565,0.38395880783365677
18566,0.4127924124081023
18567,0.1619534523906812
18568,0.3205304213974014
18569,0.00873655513876372
18570,0.6811428337384071
18571,0.1486883252380817
18572,0.008483268586957526
18573,0.14566468974597022
18574,0.0022278792519730113
18575,0.0069527180163572525
18576,0.030241961513088084
18577,0.9999999999971687
18578,0.0007562694840118696
18579,0.9999999999999447
18580,0.9998958959974398
18581,0.0004967184964890509
18582,0.4044462737386504
18583,0.9999982635378389
18584,0.5019319082954945
18585,0.9999999999998568
18586,0.9999998477281881
18587,0.06802464842671947
18588,0.4443030249775466
18589,0.030748634837833338
18590,6.088402775684182e-05
18591,0.0019009400988259293
18592,0.09641090515801681
18593,0.020048377291678073
18594,0.9379764977732633
18595,0.00017095388788363492
18596,0.0009177979041940432
18597,0.009061535602504629
18598,0.0004577711767493352
18599,0.03915565047320355
18600,0.04594863679082342
18601,0.9999999831761636
18602,0.0047277499235358015
18603,0.0006026503516506787
18604,0.07225439954276995
18605,0.0016836593361286415
18606,0.6144913523136423
18607,0.030973229288539992
18608,0.0026462207269650592
18609,0.06228209519395438
18610,0.004269501029780373
18611,0.9999987989477289
18612,0.9999999504829702
18613,0.8579901809213961
18614,0.13104545326672207
18615,0.2560768929578088
18616,0.006326157754615023
18617,0.5705637246499294
18618,5.725345001497731e-05
18619,0.9997429245797382
18620,0.06694349210405266
18621,0.686548459945108
18622,0.04345185288767779
18623,0.14845276924230213
18624,0.06780680962019472
18625,0.0005018488889912013
18626,0.0010931724355024975
18627,0.07489417559186883
18628,0.001181065581147259
18629,0.00027597012645156786
18630,0.015687959741310077
18631,0.06330106233682366
18632,0.015067549736837837
18633,0.8628241837905231
18634,0.8764586421272234
18635,4.291783027906193e-09
18636,0.0011593917700336038
18637,0.025597834733229897
18638,0.00029319024703092954
18639,0.012423642146662932
18640,3.1633785153717407e-08
18641,0.928592689501512
18642,0.0006049357224969899
18643,0.4169097418304468
18644,0.036014480757089656
18645,0.6218634292113436
18646,0.843515268177855
18647,0.0053038776291826975
18648,7.008244408999921e-05
18649,0.5135158790153881
18650,7.258762028253985e-05
18651,0.06004933508835017
18652,0.004402136779502277
18653,0.0014189867828138763
18654,0.999999853319719
18655,2.0137762882567882e-07
18656,0.00031978192169633817
18657,0.45048529073639365
18658,0.04706800878139327
18659,0.16367100575980717
18660,0.9729143100842605
18661,9.564055274087766e-05
18662,0.0013699439737149938
18663,0.014229463471780859
18664,0.9999999989075976
18665,0.002757913826213933
18666,0.00037995109381473014
18667,0.29112468631410787
18668,0.0637842483803557
18669,0.0009600787590378143
18670,0.005457038933738878
18671,0.017191085688889222
18672,0.08965768839111753
18673,0.02331679696127473
18674,0.11301312976973545
18675,0.9999993503260567
18676,0.5004382537515595
18677,0.03844739239335754
18678,0.026609235083687753
18679,0.06944740294532807
18680,0.16604075695203555
18681,0.9980431475551094
18682,0.9999915758726201
18683,0.0010592699639863092
18684,0.9996370522797131
18685,0.999999825610463
18686,0.0646432586747161
18687,0.5577232454211958
18688,0.33183801663004814
18689,0.9997491587847717
18690,0.8272681433804483
18691,0.0019423041737859563
18692,0.06787905838675769
18693,0.5345980728513273
18694,0.0011511070481272573
18695,0.016744644524177937
18696,0.00037213348330329406
18697,0.0024308917229716744
18698,0.0047460777482259695
18699,0.04953539748602417
18700,0.030661399062365504
18701,0.017745326977003022
18702,0.19341317001617703
18703,0.37565084393008463
18704,1.3453390152298855e-05
18705,0.9909538454449763
18706,0.10667592735399506
18707,1.2321599951299804e-08
18708,0.0003447899074864454
18709,6.333666662505476e-13
18710,0.04837018405099545
18711,4.2199134465529363e-08
18712,0.004515603977281376
18713,0.07071236913720409
18714,0.9999999999999805
18715,0.004429665886372603
18716,1.92045477206048e-08
18717,0.014117323574335471
18718,0.843515268177855
18719,0.11756303544958872
18720,0.2040161541840148
18721,0.07549539839107222
18722,0.2605838461104941
18723,0.05853519124279175
18724,0.6115226612483586
18725,0.4050794311277272
18726,9.028073879212087e-05
18727,0.025630133710850912
18728,0.9999718619408633
18729,0.020053185988358084
18730,9.227544311301039e-06
18731,0.034336961410634914
18732,0.00013611240641215596
18733,0.5148244517485112
18734,0.008546938754837065
18735,0.00911474722906241
18736,0.7327865903238904
18737,1.2821982541460389e-06
18738,0.03040186400528246
18739,0.75467317940691
18740,0.01673030282121814
18741,0.8625390768041252
18742,0.014144421831394112
18743,0.4234920248393671
18744,0.030730823936960843
18745,0.998400103738273
18746,0.17047781483372274
18747,0.9999999989070463
18748,0.42271493413755784
18749,0.02534407204315643
18750,0.5261249633786635
18751,0.45905161139039663
18752,0.6848927266707726
18753,0.0001259243299797262
18754,0.03774648104567926
18755,0.07883813404500196
18756,0.0020661974687756044
18757,0.0012045866369615659
18758,0.03137117123140673
18759,0.28574224805656123
18760,0.8996021579867819
18761,0.0025765627319338643
18762,0.0016716997950095916
18763,0.6811428337384071
18764,0.438684373223693
18765,0.029688302997409512
18766,0.009950677779312961
18767,0.00015601556546241148
18768,6.641647923232813e-05
18769,0.12231973131151805
18770,0.038103239084152724
18771,0.021762447137489902
18772,0.9983149611254376
18773,1.0
18774,0.3719430703051474
18775,0.1059197931210701
18776,0.03439430871619059
18777,0.001026655586878953
18778,0.001045072230007012
18779,0.43089243838283686
18780,0.9697600320817458
18781,0.24249498573845807
18782,0.029764891166657623
18783,7.521682227983932e-05
18784,0.24364638400297978
18785,0.999086180981133
18786,0.002617708468710911
18787,0.046551672823229286
18788,0.34771711446662273
18789,0.030981338275788105
18790,9.211084954112305e-08
18791,0.9999869724266909
18792,0.0010613429049735506
18793,0.036390878924910434
18794,0.395736270872257
18795,0.776551774283381
18796,0.994188184983047
18797,0.0375543709259334
18798,0.22641336697079664
18799,0.06686277687124673
18800,0.0002769425922240806
18801,0.7180837651243651
18802,1.3138967288523947e-05
18803,0.005393929852801195
18804,0.9999999249729782
18805,0.004272359332304497
18806,0.9999799198942245
18807,0.026714889742200133
18808,0.9999962200890166
18809,0.028050301058311494
18810,0.6343033597640224
18811,0.9999999983820536
18812,0.030280222534155864
18813,8.933332792306546e-05
18814,0.10131099635453189
18815,0.032085424628966665
18816,0.4077176793844196
18817,0.14262632523732308
18818,0.4710190442951866
18819,0.00326641841787898
18820,0.0008193029815526414
18821,0.05911864468401632
18822,0.9999954103636156
18823,0.05708698325743815
18824,0.9999999999999973
18825,0.0002893423958251418
18826,2.3806444268909052e-07
18827,0.01068138689713267
18828,0.41306970914165
18829,0.15511482566683488
18830,0.06172087806806431
18831,0.061337315525738595
18832,0.12081844332686893
18833,8.735084980205904e-08
18834,0.012292389007052726
18835,0.037749066509904956
18836,0.07649947756360446
18837,0.6072530001351252
18838,0.38164718053660696
18839,0.9998380615812583
18840,0.4237108132197642
18841,0.00030286895130712284
18842,0.7719328511886565
18843,0.000782316831402586
18844,0.004624466866420885
18845,0.023821414187351637
18846,0.10824116107724727
18847,0.26550169988929173
18848,1.1775906563958189e-05
18849,0.6901177347222031
18850,0.03042232085991855
18851,0.8532264865833178
18852,0.6533469756508122
18853,0.05000054704188182
18854,0.9999998093705257
18855,0.1625697323824358
18856,0.9999945573360445
18857,0.003747034325434027
18858,0.6965056479976195
18859,0.014343569235554595
18860,0.004542023737753843
18861,0.7631152422122788
18862,0.021298202116145835
18863,0.9999999999999982
18864,2.894755062395749e-05
18865,0.0009392680854061357
18866,0.017799076753972513
18867,0.577746808765285
18868,0.5424218196256299
18869,0.0001292662074546748
18870,0.023545673378815104
18871,0.44886781998112596
18872,0.09028081494362027
18873,0.0009000908225537756
18874,0.028933107197853847
18875,0.7174286278627336
18876,7.65888630147754e-05
18877,0.9998567804371642
18878,1.0
18879,1.3956143336937717e-06
18880,0.0017938491474275447
18881,1.3680036275387266e-07
18882,2.628849783339523e-05
18883,0.0002271441437236042
18884,0.06109660490093354
18885,0.037218610656569284
18886,0.1491682542503382
18887,0.3654872815786602
18888,0.11106963277187802
18889,0.09069095571222723
18890,0.0004510704009861272
18891,0.2568015065009951
18892,0.4335515863628454
18893,0.9999999498352753
18894,4.1028855740580473e-08
18895,0.9999304355565092
18896,0.07402390227354651
18897,0.5013493939144381
18898,0.9999954063093558
18899,0.9999877512249432
18900,0.0004085161435018852
18901,0.010087398965462985
18902,0.6083042359766859
18903,0.7389831936314467
18904,0.004950969778946701
18905,0.13557515923400337
18906,0.058325990642262925
18907,0.16651148540476074
18908,0.07041646554095977
18909,0.00046067077198132093
18910,0.9999992070514018
18911,0.003793234291839597
18912,0.04536193808778701
18913,0.5926720208815223
18914,0.08939573985828836
18915,0.9999993951338456
18916,0.11110941701831156
18917,0.999633341922301
18918,0.13877388408817848
18919,0.03675444220655115
18920,0.6038630810543918
18921,0.042740204635463686
18922,0.03650732751329541
18923,0.002363777360752743
18924,0.9999528515175282
18925,0.0283036171091162
18926,0.041179138994968036
18927,0.7262174560423091
18928,0.802632072425853
18929,0.02123960338854469
18930,0.002872454456171487
18931,0.0006612270156030122
18932,0.42744515854736764
18933,0.6952577804704767
18934,0.9999238655681607
18935,0.6574821198388469
18936,0.05345286489595131
18937,0.5408070906222523
18938,0.9999914032531687
18939,6.089632061432352e-06
18940,0.6014653888316456
18941,0.00024867977780898987
18942,6.342225040627635e-05
18943,0.9999857551958561
18944,0.07612552233390123
18945,0.7513299285773154
18946,0.03064834152747574
18947,0.23881050846689442
18948,0.5539573120725584
18949,0.9999807211605486
18950,0.03257751568812942
18951,0.001257661312164565
18952,0.7627341098976532
18953,0.027937897031086255
18954,0.0008324774767866594
18955,0.38752623076571163
18956,0.007566103048494002
18957,0.7781162830920567
18958,0.9923191562237835
18959,0.0315560643766259
18960,0.07077667927624799
18961,0.47622341811055297
18962,0.0002739727048162136
18963,0.36266653491703743
18964,6.494630951669878e-05
18965,0.24518669162533072
18966,0.9999999857286961
18967,0.0003573112327478893
18968,0.026172472202716186
18969,0.024102512801508526
18970,0.4225830945097187
18971,0.01540825883936366
18972,0.002199223532545301
18973,0.00011318468721399126
18974,0.020826850540899132
18975,0.4437154242499854
18976,0.7424175383950005
18977,0.12223224866042225
18978,0.015655728142969266
18979,0.8409839242415501
18980,0.043233328334939806
18981,0.036448280285838734
18982,0.0347254390148372
18983,1.0004162718196117e-07
18984,0.12047847373044417
18985,0.03613932235184191
18986,4.3247059717310357e-07
18987,0.0438340196329648
18988,0.9996370522797131
18989,0.07274379546604824
18990,0.04306577785244854
18991,0.00023639375473109367
18992,0.03336540529111564
18993,0.0015416831835984004
18994,0.0001657479167869738
18995,0.9860680032345599
18996,0.040492267762692484
18997,0.023241444968936875
18998,3.203325413298384e-10
18999,0.1571208536580715
19000,0.02538541408969563
19001,0.9294292601023203
19002,0.5119658606353013
19003,0.013642475142391208
19004,0.9675173431106321
19005,0.9999981331241272
19006,0.26286159292683925
19007,0.9999999999995277
19008,0.00045290961876434216
19009,0.00017083890935054314
19010,0.050965925070128947
19011,0.9999077351390269
19012,0.4675835296869205
19013,0.0017025117607209065
19014,0.4562809068331634
19015,0.9999999999652276
19016,0.00036238978563933117
19017,0.00034976636838565396
19018,0.9844329178746402
19019,0.1220316202858324
19020,0.08892118380110554
19021,0.05268757942320349
19022,0.027009399698392233
19023,0.022404343115262813
19024,0.30670294502420276
19025,0.0007815857613081513
19026,9.43410836609172e-06
19027,0.050647229116179124
19028,0.07030043884572583
19029,0.040642510055959646
19030,0.343520945920512
19031,0.7260176077274766
19032,0.1145208149136297
19033,0.0009254044616545279
19034,0.4496608917512643
19035,0.4002386951150508
19036,0.9999999989233042
19037,0.2831712628899669
19038,0.9999969972415872
19039,0.18578931182608008
19040,0.6366368430349633
19041,0.005222440570979776
19042,4.8337928557945284e-08
19043,0.45313547088895956
19044,0.0391883379639593
19045,0.9999999999979825
19046,0.9999594272414375
19047,0.7411944748698012
19048,0.0009683343346496958
19049,0.24786605598562803
19050,5.4462095327441836e-11
19051,0.9999999999922757
19052,0.048739985001841644
19053,0.10540466104026974
19054,1.4175074453092788e-07
19055,0.09216317141315322
19056,0.7811680958980713
19057,0.0008725496957214074
19058,0.24423068351926758
19059,0.0012231988633481553
19060,0.5886518048335226
19061,0.9999945915868409
19062,0.10066678461254773
19063,0.9999284961905008
19064,0.05321035572573048
19065,0.008449537760451062
19066,0.0005394230737209695
19067,0.10274838615941745
19068,0.08249683583318723
19069,0.25402294412741944
19070,0.9999998575966879
19071,0.026573744312952993
19072,0.006011936263232102
19073,0.08356115688803636
19074,0.9999903168238788
19075,0.10141879830349969
19076,2.7969839746274693e-05
19077,0.08111127895435132
19078,0.6028152564173648
19079,0.06561306996885696
19080,0.03082576741398065
19081,4.2085507756946185e-08
19082,0.029036807769128117
19083,0.8767311799793449
19084,0.03042595087869447
19085,0.47199924871554577
19086,0.5158271278456672
19087,0.002448228496206996
19088,0.0029957432738110285
19089,0.9999971334097196
19090,0.5553307777460301
19091,2.454654212257706e-05
19092,0.42185870731225017
19093,0.042785357933063366
19094,0.05839548168708819
19095,0.03214370459526965
19096,0.7260176077274766
19097,0.07740714024748092
19098,0.044109634015498396
19099,0.7370231733125627
19100,0.999963204011736
19101,0.653490446318354
19102,0.9999228619769351
19103,0.0389201222594109
19104,1.1106300898668888e-05
19105,0.0196343731266864
19106,0.4157785025735397
19107,0.016856625239187094
19108,0.04032068550303974
19109,0.0004138217751176919
19110,0.013688206833563688
19111,0.03184321475075773
19112,0.8428691982550617
19113,0.00034294453891242193
19114,0.17311329615815704
19115,1.0
19116,6.700665649116227e-05
19117,0.0804686305928131
19118,0.10021718787422444
19119,0.02710438562692777
19120,3.2631881530127445e-05
19121,0.005115258340962294
19122,0.000819584465776052
19123,0.9999901498241585
19124,0.0213619025691558
19125,2.5484451214463723e-05
19126,0.20506194578523523
19127,1.3769687980415483e-11
19128,0.8723147091456559
19129,0.03659559113054445
19130,0.018877392084075247
19131,0.6249029537266955
19132,0.009634185973426728
19133,0.011551033266131988
19134,0.1687689426142121
19135,0.0031777612309752353
19136,0.9346566597450768
19137,0.020804275216672465
19138,0.05568947883413577
19139,1.0
19140,0.03065146335265755
19141,7.059779023424655e-06
19142,0.00044887210399934636
19143,0.8063617862332434
19144,0.0015388694191438997
19145,0.04877171698898469
19146,0.6245680871880125
19147,0.5668600331713775
19148,0.0349151803446237
19149,5.595576895784342e-13
19150,0.0016073869927402775
19151,0.21369752382651552
19152,9.654188503063348e-05
19153,0.18697228956649478
19154,0.00023910965439718674
19155,0.3337946374501907
19156,0.5365960333803181
19157,0.0011593917700336038
19158,2.4909672362903023e-05
19159,0.2783833547258408
19160,0.42503789150442856
19161,0.108117541925795
19162,0.0008309865480391243
19163,0.5474101101236157
19164,0.011920357901476256
19165,0.001247681226282621
19166,0.22732673532339628
19167,0.025683116891355093
19168,0.01450806661047775
19169,0.009502736188502768
19170,0.07203553015056528
19171,0.06576391368918451
19172,0.001065295023403472
19173,0.03201850196120303
19174,0.04763124077522914
19175,0.002896676433819336
19176,0.0386004652644936
19177,0.01662529396768919
19178,0.8056031501337275
19179,0.3774646567920868
19180,2.602551959404996e-14
19181,0.8429412443773959
19182,0.025904641450729418
19183,0.6141547478787095
19184,0.023353534244436747
19185,0.07497042626680456
19186,1.3233965296962176e-08
19187,0.642381346997297
19188,0.9975791695849948
19189,0.04319494160282
19190,2.8546431760937277e-07
19191,0.05977313620950551
19192,0.02879243891490289
19193,0.828042321633283
19194,0.04572979338024512
19195,0.5679665512494791
19196,0.8814965300349856
19197,0.9999946354575396
19198,0.012307465084058689
19199,0.024721452736114063
19200,0.9999031918208808
19201,0.00939481118482378
19202,0.042142683829023336
19203,0.00045567300955297877
19204,0.10476579528757403
19205,0.9999994526886002
19206,0.15634182772155625
19207,0.00036075836119005896
19208,0.12501465896061242
19209,0.019107428392975856
19210,0.39506910061599393
19211,0.052675725677048264
19212,0.0003817401873245783
19213,0.18773088893311268
19214,0.006160637023600947
19215,0.04674181774999752
19216,0.027104570902435017
19217,0.044290581547415615
19218,0.6914916351379272
19219,0.9996913468964604
19220,5.492993039881045e-06
19221,0.9999199171631239
19222,0.06574162782110221
19223,0.9999967368864191
19224,1.318857120535353e-08
19225,0.2642588047844773
19226,0.7995142330995417
19227,0.0005382912434062864
19228,0.0002677848270662302
19229,0.6524835907121513
19230,0.04079933954560199
19231,0.04368273648379227
19232,0.3329091764168623
19233,0.9999946008989498
19234,0.04508044129573179
19235,0.00031978192169633817
19236,0.009835532384275822
19237,0.04703384446610685
19238,0.14705838143444527
19239,0.9271370966149842
19240,0.008793855970565508
19241,0.008199906484093513
19242,0.24477212156820982
19243,0.42882187155798673
19244,0.006888360950233386
19245,0.03872102307584972
19246,0.14363126064020204
19247,1.0904724109291025e-12
19248,0.16458346685474506
19249,0.9999999999999987
19250,0.02308000596297529
19251,0.0171734657651286
19252,0.020307024975140923
19253,0.999999930567364
19254,0.9999889157183643
19255,0.5403002261781888
19256,0.2901822257779789
19257,0.056460347860935
19258,0.9998958959974398
19259,1.2240419392248116e-05
19260,0.029178498000902893
19261,0.006976745102394693
19262,0.8155605037021113
19263,0.01592370025410306
19264,0.02955431952897358
19265,0.13649196055444388
19266,0.38086290079423657
19267,0.9996913468964604
19268,0.14923822464031367
19269,0.0293188158666903
19270,0.45180269780246657
19271,0.00012841905764988474
19272,0.03993945683177188
19273,0.9999999999999818
19274,1.0056742410320635e-09
19275,0.0010393388099376045
19276,3.960660127556521e-10
19277,0.057735795390815796
19278,0.035911608340028066
19279,0.6275318636812823
19280,0.0005215060693445227
19281,0.9999947378430151
19282,0.09187794871444109
19283,0.000924893764946495
19284,0.9999999999983553
19285,5.8846435376381174e-08
19286,0.9999999974811882
19287,0.09873060731818702
19288,0.05869036724785956
19289,0.999940018564092
19290,0.9999999999989149
19291,0.9998555612171175
19292,0.9999999994187463
19293,0.9999999999998568
19294,0.0453595249060163
19295,0.9114071720754704
19296,0.5202736641895397
19297,2.1008231758547265e-09
19298,0.5505428707625166
19299,0.1884593165605785
19300,0.05563751238068163
19301,0.17816967555124966
19302,0.12121883217642844
19303,0.9993338555452606
19304,0.002058042923748209
19305,7.521682227983932e-05
19306,0.001306750426614336
19307,0.03194098167284657
19308,0.08467958240321356
19309,0.06568943852941726
19310,0.4825476005898892
19311,0.21505578786661772
19312,0.30337230838090845
19313,0.9997040238111472
19314,0.011497059674846556
19315,0.9999998291077742
19316,0.03140602119545895
19317,0.059871150035276384
19318,0.9999998619922035
19319,0.9999999999999998
19320,0.03612959543599165
19321,0.6575958337391488
19322,0.057311912168637756
19323,0.0006357193438319391
19324,0.9999999999999998
19325,0.2933695489013489
19326,0.20126832385262247
19327,0.17334783117357372
19328,0.003306095369821915
19329,0.09377253372957238
19330,0.8243065782131893
19331,0.0009586407863295828
19332,0.04944415498610934
19333,0.9999953040216343
19334,0.044085056375985136
19335,0.9996804359860182
19336,0.004556907452134455
19337,0.00810853190671197
19338,0.9999999626515222
19339,0.0004552606916737917
19340,0.9998331409504452
19341,0.3377908652244444
19342,0.00035818892109539387
19343,0.4057706441511804
19344,1.0074739807202803e-08
19345,0.34523305611842625
19346,0.044171320914796135
19347,0.02615111209971399
19348,0.4233412039925349
19349,0.9089220760832574
19350,0.0031151288899147764
19351,0.06431195836657598
19352,0.6581208692779715
19353,0.9999999991343638
19354,0.21576916869812449
19355,0.08695726438314816
19356,0.007374870146693427
19357,0.09117226206578848
19358,5.077339190592849e-13
19359,0.00011039518143600217
19360,0.025973038578018498
19361,0.9997957304563523
19362,0.5899559909562401
19363,0.035322072552542945
19364,0.9999999999999627
19365,0.9860680032345599
19366,0.0027413270138639304
19367,0.024785983170078688
19368,0.7178636393125667
19369,0.29583585571219967
19370,0.0015908659916555152
19371,0.015178321845046474
19372,0.9999999988082202
19373,0.00893388322022742
19374,0.11683622237849707
19375,0.01586278195113725
19376,0.6781239943231088
19377,0.04804708749794778
19378,0.7650732615724956
19379,0.06201693091758758
19380,0.17143683127933812
19381,0.04379842826450908
19382,0.4725206830291791
19383,0.0021006274890997658
19384,0.0011896673984935005
19385,0.9998555612171175
19386,0.08332191874100309
19387,0.9986712126456335
19388,0.0033926063057106164
19389,3.139791532548387e-05
19390,0.007372950967786861
19391,0.9999999999999989
19392,1.0
19393,0.0002225972260092562
19394,0.197605490847026
19395,0.8569029734938225
19396,0.9999999572628042
19397,0.0034513411030495066
19398,0.9411034873669522
19399,0.006908018086597232
19400,0.999997075879201
19401,0.5590385080914594
19402,0.43305934318065603
19403,0.08541606244872077
19404,0.9999468702828593
19405,0.09316262735832856
19406,0.03096142113260741
19407,0.0006636703919954364
19408,0.026042113043413775
19409,0.10658783222325208
19410,0.10703895928914652
19411,0.011492164968516575
19412,0.9999468702828593
19413,0.08518178253591667
19414,0.03603597494787895
19415,0.020875242325127788
19416,0.5542877529261443
19417,0.07268754441095862
19418,0.009258797784936539
19419,5.780598541221608e-05
19420,0.02541646029621569
19421,0.9999999272783617
19422,0.0032569911996315607
19423,0.4329721130376376
19424,0.0006054966584919044
19425,1.5068766763089695e-08
19426,0.09099129225729288
19427,0.0032383574779955783
19428,0.05791469724657141
19429,0.9995272589419586
19430,0.04415047560463006
19431,0.09442745976803234
19432,0.6455115594892448
19433,0.07872485984874118
19434,0.8643626741843897
19435,0.23335166223989778
19436,0.1427326281841188
19437,0.016077190043243258
19438,0.8716892818953447
19439,0.0008810291585288661
19440,0.99999872398547
19441,0.007004073281705458
19442,1.7391159070787822e-07
19443,0.0010586901403856
19444,0.015306984572606926
19445,0.9999846021715217
19446,0.05878430470699795
19447,0.5386298523599267
19448,0.004456868594671671
19449,0.3001962103947931
19450,0.001440769555655668
19451,0.17624383775556826
19452,0.13821757740493212
19453,0.14911212468837756
19454,0.07675683739874471
19455,0.000471427386927831
19456,0.9999999999922757
19457,0.5098814432349543
19458,0.999552341913794
19459,0.00027868630304963833
19460,0.7911948298460199
19461,0.011587919555488397
19462,0.018838285340884983
19463,0.5895029725951305
19464,0.004659007386193878
19465,0.049313396708336885
19466,0.02001662654366272
19467,0.04266539958664257
19468,0.9999865109172754
19469,0.4943865138678248
19470,0.0005278813491771337
19471,0.9999999504829702
19472,0.03884737214680216
19473,0.08998539891452356
19474,0.019201851893025496
19475,0.9998393091648279
19476,0.003263238992301837
19477,0.6424546951077442
19478,0.3203805634058974
19479,0.9999830435847934
19480,0.8814965300349856
19481,0.15926923603937126
19482,0.02601770243727657
19483,0.5796188021977502
19484,0.04815136916107506
19485,0.30826886053015556
19486,0.18514374685951257
19487,0.3369560463801203
19488,0.004685974584190471
19489,0.18482460908622883
19490,0.0002769608280662298
19491,0.6084841271442667
19492,0.9999999936098076
19493,0.9576186707291676
19494,0.07657853849404522
19495,0.07279895640502451
19496,1.3299203746508522e-05
19497,0.3501291006086329
19498,1.2244527348880574e-05
19499,0.14101001084659942
19500,0.571961840211253
19501,0.23255949482478677
19502,0.016405193922316475
19503,8.918266601245642e-06
19504,0.013448012229201297
19505,0.0008840784504701295
19506,0.0013128868587004281
19507,0.2835937780733963
19508,0.9999836982202064
19509,0.2807831091522114
19510,0.022440423824532704
19511,0.9999684612771992
19512,0.1459407180056967
19513,0.011859323725406781
19514,0.5073013558650915
19515,0.010595815068936126
19516,0.9981577366840526
19517,0.03615479791494303
19518,0.16584074055618664
19519,0.0589586729663684
19520,0.03977357471432805
19521,0.002210336428485853
19522,0.023127253703323594
19523,0.9999999999994054
19524,0.656958775258371
19525,0.0023270554474955065
19526,0.9999981783926795
19527,0.015245596118421294
19528,0.9999989198829125
19529,0.002872454456171487
19530,0.048067417366199336
19531,0.728364715181898
19532,0.9999999999982538
19533,0.6171419651004825
19534,0.8517635311410271
19535,0.6719798811452458
19536,0.8161217441103461
19537,0.010169190909572726
19538,0.0642014022183258
19539,0.007382219647058027
19540,0.0002638841739263805
19541,2.3292308962639684e-12
19542,0.0005497548312217275
19543,0.0018415455339658026
19544,0.02996866085788017
19545,0.7594485476993594
19546,0.4371186567167557
19547,0.2174180964568378
19548,0.030488054596504305
19549,0.05111560342131756
19550,0.6167753437268662
19551,0.04195219949451271
19552,0.044127504491439484
19553,0.29861270792628464
19554,0.00036532939580447986
19555,0.08475769583505234
19556,0.370428548601707
19557,0.39456050828872097
19558,3.1381447393406926e-12
19559,0.14702529667444592
19560,0.23705976582184426
19561,0.09743329962103536
19562,0.9999902818026298
19563,0.016088256076503687
19564,0.07581678524202891
19565,1.875964047499502e-07
19566,0.9999999999987743
19567,0.9999836982202064
19568,0.16650122389066693
19569,0.32948527739880673
19570,0.758211440183382
19571,0.028323282582744132
19572,0.11870528949189586
19573,0.18256033775028757
19574,0.9999999898633448
19575,2.5411364485977232e-05
19576,0.18658190578403372
19577,0.6000615642973076
19578,2.9303514768916306e-06
19579,0.01280663315478634
19580,0.5484362050015203
19581,0.01550088070019247
19582,0.0014436302919711333
19583,4.820700667592994e-06
19584,0.02776834597361049
19585,0.03451901254965707
19586,0.08369564334020249
19587,0.03831601893186246
19588,0.45438204304476915
19589,0.20452393698936547
19590,0.018446168018971767
19591,0.0006248506459454735
19592,0.08681911282530923
19593,0.05487484036581411
19594,0.35531236498416463
19595,0.789126040106462
19596,0.08797034056713073
19597,0.004089732151221514
19598,0.06171405019345861
19599,0.001176574170396713
19600,0.0153613300568733
19601,0.14710068304303203
19602,0.9999999999922757
19603,0.00017095388788363492
19604,0.8256421467565641
19605,0.00029903865080946443
19606,0.011206917440296343
19607,0.15875536895265255
19608,0.022320985706245394
19609,0.011268242403929839
19610,0.04385435822734699
19611,0.4495297180433496
19612,0.38168395495295715
19613,1.0
19614,0.5557776134011927
19615,0.4047495653211049
19616,1.6278830417627622e-05
19617,0.006120105586452428
19618,0.0038766141346460495
19619,0.0005771848825965457
19620,0.0005425835218232568
19621,3.343796301382428e-05
19622,0.09625992472921309
19623,0.006994290291657137
19624,0.5904430796245417
19625,0.5942775034427994
19626,0.9999930516204929
19627,0.20205425557997417
19628,0.6168148617023137
19629,0.005529611904992356
19630,0.26700290059121506
19631,0.029568396282457856
19632,0.5648924595134452
19633,0.0032674328212272336
19634,0.14733165820427843
19635,0.014136169967405236
19636,0.1551153503251335
19637,0.8703694843323261
19638,0.020968835278857886
19639,0.9999946008989498
19640,0.9999999999999998
19641,0.0686788894384903
19642,0.0017618114617998495
19643,0.002579043836084897
19644,0.737258098785066
19645,0.03570288005197375
19646,0.031935387528730715
19647,0.9999703786014833
19648,0.9847470016186535
19649,0.006421896778365039
19650,0.005453429090518843
19651,0.999999999999998
19652,0.00010875834190018432
19653,0.999963204011736
19654,0.4912341419460193
19655,0.03732406757925509
19656,0.1407010544492597
19657,0.03135943115536722
19658,0.0003208509591672861
19659,0.3353684131709698
19660,0.014734487856273184
19661,0.00768766519015923
19662,0.12406265245047868
19663,0.5399970343679561
19664,0.6365055425392442
19665,1.2229579753053728e-06
19666,4.782457732575383e-15
19667,0.0014356667705996444
19668,0.18323997805003
19669,0.11534358422965303
19670,0.0603062758003009
19671,0.2369880052974032
19672,1.475648317021134e-06
19673,0.7500766453977779
19674,0.5765027000130972
19675,1.2645247641540033e-05
19676,0.006211387106814069
19677,0.007392650130730464
19678,0.69075332744283
19679,0.021372937597809272
19680,0.22018983562168332
19681,0.08683012004685318
19682,0.0075447961745426775
19683,0.999999129620458
19684,0.026507355015176395
19685,0.999967283456212
19686,0.0019306022194665675
19687,4.664847704253855e-05
19688,0.0360547495789316
19689,0.2716098308753741
19690,0.14583720558999946
19691,0.004313492039406761
19692,0.00039429534220871413
19693,0.0002575006246399056
19694,0.7852959258039413
19695,0.10785974263904677
19696,0.2227947147090219
19697,0.19081959078143626
19698,0.17194400380885533
19699,0.12982300137657773
19700,0.9999999936098076
19701,0.03525052578222933
19702,0.08945108227802527
19703,0.02512515988565407
19704,0.0786429557790998
19705,0.00010294025411258266
19706,0.0010173552960086507
19707,0.7610385569873453
19708,0.012719646219083565
19709,0.4357754714794306
19710,0.9999981331241272
19711,0.5269601654451919
19712,0.8460157271783606
19713,1.2477287603132993e-06
19714,0.011132008266354416
19715,0.2485388798168725
19716,0.9999306814243845
19717,0.7005550899901827
19718,0.15024262559618265
19719,0.9999999999652276
19720,0.5087146285745182
19721,0.04154981763865396
19722,0.05515425571052275
19723,0.15918319591103203
19724,0.06501133537256198
19725,0.44786235950128794
19726,0.04047685819802954
19727,0.03653273832640252
19728,0.09770909629798767
19729,0.6059771954183009
19730,1.9033950112962107e-06
19731,0.6811428337384071
19732,0.0008866601942750043
19733,0.27058427255049444
19734,0.29482177223094747
19735,0.00011764317831850613
19736,0.08905007072794881
19737,0.10842840535983668
19738,0.3465128559131879
19739,6.144345808959327e-08
19740,1.0874817505548869e-07
19741,7.11313062737298e-05
19742,2.0729676148896314e-06
19743,0.4485769257459122
19744,0.02918938653456044
19745,0.259146122820787
19746,0.06066661501727494
19747,0.9999999999983553
19748,0.9999999272783617
19749,0.4334995102347666
19750,0.04399106443670392
19751,0.8496503268095654
19752,1.0
19753,0.16589303531674607
19754,0.033384348083709686
19755,0.9152085825993079
19756,0.052262901230636025
19757,0.7298618607963613
19758,0.006182433618385256
19759,0.010661761431875205
19760,1.3934318790784766e-05
19761,0.9999999999999984
19762,0.3450889344050915
19763,0.0021423317212161987
19764,0.3672639011653686
19765,0.028618458826417528
19766,6.039582298997044e-13
19767,0.9999999473985101
19768,0.46014632947216966
19769,0.0005702764792615643
19770,0.9643330065274938
19771,0.008437559936012634
19772,0.9944318599854381
19773,0.2174044876131288
19774,0.10988802867745023
19775,0.029664783714779992
19776,0.007177019173081663
19777,0.2556337582046008
19778,0.04895528519501965
19779,1.8064266422811358e-11
19780,0.010021339481991343
19781,0.1003619920872788
19782,0.5250551980674865
19783,0.03711225076879022
19784,0.05901868809626393
19785,0.9997957304563523
19786,0.940810027921564
19787,0.06203193440298756
19788,0.9999999907873897
19789,0.018996136271877913
19790,0.020082589319284222
19791,0.8121509432736692
19792,0.003074680281830065
19793,0.007916231000333744
19794,0.13874448940850656
19795,0.5203129660870338
19796,0.9999876187560703
19797,0.39313508920185497
19798,0.5557245829890743
19799,0.8428691982550617
19800,0.017191624056553483
19801,0.001649975942917976
19802,0.08137806581714992
19803,0.42200473779083897
19804,0.14725514290032468
19805,0.0040449534036346105
19806,0.7003311561463071
19807,0.001209584420434493
19808,3.741390630502944e-05
19809,0.06219513082935966
19810,0.2760276103319032
19811,0.957765994749275
19812,0.9999923603367182
19813,0.026646289795219037
19814,0.8119217375679633
19815,0.24548097572431452
19816,0.09035105125753425
19817,0.13103463653412556
19818,0.02039841439120237
19819,0.05410230987523517
19820,0.008843398335231373
19821,0.9999998945785782
19822,0.22421492669872067
19823,0.03167586064681121
19824,0.9999999997070204
19825,0.08415491451415309
19826,0.0001822390387095589
19827,0.7333897934839929
19828,0.6074924296597388
19829,0.11420309890378892
19830,0.8429412443773959
19831,0.03510417179635215
19832,0.9999282942246266
19833,0.4443030249775466
19834,0.9999998619922035
19835,0.00031336288478178107
19836,0.00602986172076127
19837,0.9999946710208336
19838,0.9999882650456016
19839,7.316128912628709e-08
19840,0.00011586218296269054
19841,0.029520019255777165
19842,0.02837619526390563
19843,1.8058329438909746e-06
19844,0.00010173889474461445
19845,0.4992282573252965
19846,0.9999999999999805
19847,0.11311879319595705
19848,0.00013122605846723466
19849,2.5491405271809493e-05
19850,1.645873788278635e-06
19851,0.10946418761991322
19852,0.004717484627679886
19853,8.25186759837451e-06
19854,0.019862078369717456
19855,0.08988718126890459
19856,0.9981577366840526
19857,0.998400103738273
19858,0.003206156548948603
19859,0.0010430907777993193
19860,0.0002384900257510577
19861,0.999297137138187
19862,0.05857108148887366
19863,9.157343634506075e-05
19864,0.9999999999999969
19865,0.015227077936968342
19866,0.999999999998729
19867,0.07784853225320242
19868,0.9664949775949813
19869,0.019072573209952644
19870,0.015932473876574732
19871,4.049808612610133e-11
19872,0.9980431475551094
19873,0.03172594677854249
19874,0.33659941510569563
19875,0.1965007752031319
19876,0.8180644818526539
19877,0.9999999999652276
19878,0.021231767903536737
19879,0.20265075118466366
19880,0.1325171574891706
19881,0.9999981331241272
19882,0.02000552638118164
19883,0.0003011142570629506
19884,0.3623420666766852
19885,0.9999998945785782
19886,0.15144687289226397
19887,0.9999958562806885
19888,0.7983797047284035
19889,8.492574004763089e-05
19890,0.5711579187030906
19891,0.9999999999922473
19892,0.022882064823446232
19893,0.9999999999958897
19894,4.223749217668174e-05
19895,0.0033423546407968787
19896,0.07086392912181605
19897,0.02316089401310455
19898,0.20046223813710368
19899,0.005491580049690503
19900,0.011111512048499875
19901,0.10958396777643213
19902,6.284013789642265e-07
19903,0.062205160042177896
19904,0.9999878825809172
19905,2.807743294828049e-05
19906,0.7129737786090617
19907,0.012522983526279514
19908,0.007856508623543248
19909,0.999633341922301
19910,0.01918800682256124
19911,0.3824906544723437
19912,0.0012524867965697495
19913,0.9999999999994054
19914,0.9999351041612605
19915,0.7054375178684911
19916,0.9999603816399694
19917,0.17170389465677946
19918,2.1369729603388263e-08
19919,0.04525014440959138
19920,0.6285114424316995
19921,0.11388909569931502
19922,0.3927849814386192
19923,0.0001726691371564635
19924,0.028730504519615847
19925,0.08199085137206022
19926,0.3485710764927401
19927,9.670676141233053e-08
19928,0.013242178402101965
19929,0.06247018005905149
19930,0.8057766982534265
19931,5.9596448517050075e-05
19932,0.001447478518986989
19933,0.6306292353224764
19934,0.5947781731430994
19935,0.0030208191211854125
19936,0.6026725528100305
19937,0.5109718841819909
19938,0.019723461848443407
19939,0.1047416763744763
19940,0.1571208536580715
19941,0.07314863824911146
19942,0.07855908306399727
19943,0.9999999999881595
19944,0.007546566317156245
19945,0.6343816511734289
19946,8.180438720243807e-10
19947,0.9999962200890166
19948,0.02068931482147701
19949,0.00043846218770289894
19950,0.9897574622915767
19951,0.9999998619922035
19952,0.03648893595345706
19953,0.06085649128061565
19954,0.12888429690314243
19955,0.10077202794170428
19956,0.16472931677173133
19957,9.730187560855613e-05
19958,0.05342438375650118
19959,0.34692977953438386
19960,0.36121344882699025
19961,0.2955564478661243
19962,6.042183450341135e-07
19963,0.9999999999995277
19964,0.011336385380961921
19965,0.30965478804941476
19966,5.7065290034485105e-06
19967,1.768407201337444e-05
19968,0.14202772292185967
19969,0.04547193775380908
19970,4.441016252376043e-06
19971,0.11914115939720618
19972,0.06845702256949447
19973,0.00014244188811895301
19974,0.20928195062268265
19975,0.9999999999753513
19976,0.024693388029224217
19977,0.035759868290795
19978,0.0025036924189606314
19979,0.6372214834493092
19980,0.999999647866275
19981,0.02392985499912631
19982,0.031175117097849814
19983,0.019856586895092742
19984,0.9999994310310467
19985,0.2979032342441681
19986,0.9925297306611818
19987,0.0025312941545414074
19988,6.088402775684182e-05
19989,0.9999468702828593
19990,0.9999999991955311
19991,0.33645503413572597
19992,0.9704818386578024
19993,0.00012771284671978398
19994,0.06701017419361693
19995,0.4584736433302814
19996,1.2757918923692705e-05
19997,0.004795838377203591
19998,4.4570204221252886e-05
19999,0.0447323930285836
20000,0.05419262627869281
20001,0.03165186905806275
20002,0.0005632364879793156
20003,1.533518982788411e-05
20004,0.8979094153291401
20005,3.836702428578041e-05
20006,0.004858968734911174
20007,0.02693181302831628
20008,0.9996370522797131
20009,4.999754711139168e-06
20010,0.0007033058640763635
20011,0.08249806725699337
20012,0.888481922469594
20013,0.0026379420546306423
20014,0.00019299628754586675
20015,0.2960542803377622
20016,0.029332579249258157
20017,0.20284512021164963
20018,9.028073879212087e-05
20019,2.8614989091498196e-05
20020,0.03307120819124515
20021,0.010514473857766129
20022,0.7203643080062424
20023,0.07454308706872258
20024,0.006562798344637232
20025,0.021358803146506684
20026,0.8780814439620622
20027,0.138852074208203
20028,0.4252882907519843
20029,6.091253751477771e-05
20030,0.0012321353735749716
20031,0.28313446494189654
20032,0.1995303281894161
20033,0.054818470529161625
20034,0.1949344303104539
20035,0.0010183054147362516
20036,0.0003746302549646195
20037,0.8770692450545443
20038,0.11795483135294706
20039,0.0007338940930888488
20040,3.112662635107528e-07
20041,0.0031052499397847926
20042,2.6470838252268034e-06
20043,0.0016342815333671738
20044,0.002405063765423662
20045,0.9987653884604251
20046,0.9999945915868409
20047,0.01657132885133605
20048,0.9999999281007882
20049,0.5316017042085394
20050,0.9999710895946411
20051,0.9564557595321721
20052,0.9999949061764654
20053,0.9999997983755491
20054,0.6464683812323679
20055,0.00010518224561507592
20056,0.15381675188780966
20057,0.6403686886663409
20058,0.0031618766004248926
20059,0.10167797487407916
20060,0.3965603989416031
20061,0.0047257502976979435
20062,0.39277405197477
20063,0.0002600754863225642
20064,0.13295612277536045
20065,0.9999969972415872
20066,0.4624410095370398
20067,0.02932934213275397
20068,0.0005219526263018171
20069,0.9999998444969569
20070,0.007001131008704617
20071,1.065494015002555e-10
20072,0.00912890966973314
20073,0.8833291166183662
20074,0.9999922374879432
20075,0.0897829013393206
20076,0.0005234916815940247
20077,0.1776909785212689
20078,0.130917466249586
20079,0.029415577365565746
20080,0.007494493495338514
20081,0.0870537854944261
20082,0.03922981864840275
20083,6.773873910089118e-12
20084,0.07452428783227348
20085,0.7322394426117329
20086,0.07850423648597397
20087,0.04200281774576021
20088,0.9995866795401591
20089,0.05600255224080416
20090,0.027743143060785336
20091,0.9999994891032032
20092,0.0633889026123528
20093,0.9999999999999116
20094,0.4213880305218548
20095,0.0023536243715996446
20096,2.801685400346485e-06
20097,0.40177311216658296
20098,0.9999915758726201
20099,0.026782684642100592
20100,0.2754659432510882
20101,0.02386039410008266
20102,0.02492796722991533
20103,0.9999999999881595
20104,0.5329204372692457
20105,0.7217317257651514
20106,0.001923004953189599
20107,0.15650808283256853
20108,0.2013207498500022
20109,0.0003925121904418864
20110,0.9999989224289508
20111,0.9999999999999449
20112,0.9999999735545864
20113,0.02302780224360442
20114,0.9999958562806885
20115,0.0009615711659004015
20116,0.5145650977793434
20117,0.15760093949358628
20118,0.014480913629763566
20119,0.26401760553091264
20120,0.001985905602975222
20121,0.024439213961355063
20122,0.8353026960321346
20123,0.02647097662251239
20124,0.5029201832865783
20125,0.7130122347791336
20126,0.039073999240359605
20127,0.04028537966910261
20128,5.034088135533473e-05
20129,0.004908388847659651
20130,0.03211368895273415
20131,0.08774598196618731
20132,0.018084472275938752
20133,0.061395257958266274
20134,0.0013476841759325288
20135,0.04778631050314705
20136,0.023567816138772686
20137,0.2410831012963962
20138,0.9999998842778198
20139,0.9999858182812211
20140,0.015926890254761884
20141,0.007943173424679251
20142,0.7604828110044806
20143,0.3404050570535967
20144,0.888481922469594
20145,0.04576097949425651
20146,0.5963682407883231
20147,4.500403870235404e-08
20148,0.06004258290250907
20149,0.042268408933089564
20150,0.16987054486047298
20151,0.47587759479532965
20152,0.12800007624148915
20153,0.04753311732521212
20154,0.6069502333097976
20155,0.018540499093878275
20156,0.012712003454979881
20157,0.04244792944070876
20158,0.9999998619922035
20159,0.9999938703942096
20160,0.0011587529172853196
20161,0.9999998444969569
20162,0.3521260819906343
20163,0.08451863596324402
20164,0.13141408514077002
20165,0.0025133885729817524
20166,0.276762963314336
20167,0.9999999208947634
20168,1.0
20169,0.13420281110265167
20170,0.712206914491588
20171,0.00024095895484254695
20172,0.0012329469206800103
20173,0.029904486574648812
20174,0.02349420874574853
20175,0.0018624917657293317
20176,0.16430007317303189
20177,0.00021225970319609393
20178,0.999633341922301
20179,0.9953040958722555
20180,0.01140457568493211
20181,0.01586278195113725
20182,0.058317755764993956
20183,0.017053008757709525
20184,0.9999945915868409
20185,0.022974271347475785
20186,0.007875507372925888
20187,0.016831725881846393
20188,0.30931292553516393
20189,3.242093080035455e-05
20190,0.001243626561790443
20191,0.00016295048201462554
20192,0.7357394887675758
20193,0.1961709341695845
20194,0.026739407382649523
20195,0.6711019860800278
20196,0.0037990159465989613
20197,0.009566723271121874
20198,0.025275000465459937
20199,0.27031710660497377
20200,0.6492551983495232
20201,0.4256915798019425
20202,0.047762042799078856
20203,0.16837497356371836
20204,0.07391871886715977
20205,0.052993911927207156
20206,0.02679262304302393
20207,0.5305441341494121
20208,0.0031408068266902257
20209,0.31556099540008997
20210,0.5577232454211958
20211,0.7137794099664505
20212,0.025853880319960935
20213,0.019866286811424223
20214,0.025367778191946064
20215,0.008532087539871313
20216,0.6946576470542695
20217,0.9424677863744884
20218,0.02154285948862021
20219,1.9808106740256676e-10
20220,0.015431861833722223
20221,0.007854682530103694
20222,0.021572230935895585
20223,0.4734154246549877
20224,0.04344105735598919
20225,0.3979709478194809
20226,0.025872001288291046
20227,0.06361584074529447
20228,0.00021035243675267566
20229,0.9510254085098059
20230,0.15031134393935047
20231,0.03493017763242928
20232,0.999999999999837
20233,0.044749116002858136
20234,0.9999999659630456
20235,6.020068815915067e-10
20236,0.591784206305444
20237,0.9999998937769603
20238,0.1292347063054493
20239,0.39091030519253217
20240,0.004031024150731069
20241,3.195847469975391e-07
20242,0.020737154009015327
20243,0.9999946008989498
20244,0.6367169652652263
20245,0.9999978553000727
20246,0.0013581224150180761
20247,0.16582363677003495
20248,0.08549920455140858
20249,0.2772300224248363
20250,0.6937901046596118
20251,0.0023534028107106675
20252,0.006349656055395902
20253,0.6537232334349612
20254,0.019437122156147724
20255,0.007450248275852853
20256,0.030669106106183588
20257,0.05529849809277976
20258,1.220868970044356e-05
20259,0.9999999990354296
20260,0.009865437261866387
20261,0.0018693926311457003
20262,0.9999999989075976
20263,0.4080851942417433
20264,0.008405983193535483
20265,0.989065821966967
20266,0.7863610744494502
20267,9.588140741309168e-05
20268,0.0009514316262948073
20269,0.198539685605007
20270,0.9999998786077201
20271,0.8238054771078824
20272,0.9999999983820536
20273,0.9998797152533498
20274,0.15326751936156535
20275,0.05514160859305971
20276,0.08769418466250475
20277,0.8540485465428403
20278,0.9999996793206005
20279,0.9514418329099114
20280,0.007330253453335126
20281,0.004298046660213619
20282,0.18897152424388114
20283,0.039242040863031076
20284,0.06264073069883361
20285,0.008446394663938732
20286,0.07332476016052289
20287,0.17661899512379478
20288,0.00020862469559709953
20289,0.00015903438059366117
20290,1.362567508300346e-05
20291,0.00902440740681361
20292,0.13832200055795094
20293,0.0075867827924188825
20294,0.012830075204757745
20295,0.0036178932871664517
20296,0.9999996601896832
20297,0.9813962415749411
20298,0.1274855900570939
20299,0.004710372882171157
20300,0.007602365023424473
20301,0.7327285992940407
20302,0.041209235477037316
20303,0.029736397983705646
20304,0.37332130629634075
20305,0.052173776763639254
20306,0.45800756371546747
20307,0.13672652675945557
20308,0.07497975172355936
20309,8.242887510220211e-06
20310,0.44504008490641694
20311,0.1717527962245206
20312,0.9999807211605486
20313,0.8337734894812013
20314,0.017022031359652696
20315,0.04414405711005949
20316,0.030431216573235144
20317,0.9999999999999973
20318,0.026175832357941495
20319,0.9999998619922035
20320,0.00045078861840280225
20321,0.28134674475904337
20322,0.034437793216837626
20323,0.35559387886293453
20324,0.03804728076842645
20325,0.11378479405376934
20326,0.8587100674954757
20327,0.060145677136608296
20328,0.00023344871899893743
20329,0.7415137852283761
20330,0.028640030379356304
20331,0.34626531162303953
20332,0.828568022007629
20333,0.5826107437859118
20334,0.028819578530623145
20335,0.0013980617630240217
20336,0.0007357830379443511
20337,0.013892120454910723
20338,0.042286520979433605
20339,0.9999998575966879
20340,0.01576243019929394
20341,0.1171770960025138
20342,0.26748070948704133
20343,0.0600691407908978
20344,0.24805029659666047
20345,0.9921833191608788
20346,0.004726447578443798
20347,0.03524536684727713
20348,0.1242438621397293
20349,0.4995408852786634
20350,0.5676762078472927
20351,0.01874183504424879
20352,0.5676859845333141
20353,0.06233556498026479
20354,0.9999995148477159
20355,0.6994198865023726
20356,0.1869692001860453
20357,0.0461839952087671
20358,0.000770783510777723
20359,0.05218633560937867
20360,0.018448209910460076
20361,0.0006013352488626866
20362,0.05536940986181174
20363,0.09502007629376058
20364,0.005960826918655109
20365,0.7879540093240663
20366,0.03016634284831393
20367,0.999999999999837
20368,0.024101393888459964
20369,0.0742175983779212
20370,0.11288987272438107
20371,0.005064284392464871
20372,0.0013360435420115256
20373,0.19179033139400103
20374,0.3197749920275784
20375,0.9999201979670218
20376,0.00012562200649151673
20377,0.9889451401847734
20378,0.10036938855245131
20379,0.16778886394670608
20380,0.0035408197304701967
20381,0.045513453994990016
20382,0.5738590723822963
20383,0.05054185931315504
20384,0.01567701243657193
20385,0.10666700613735708
20386,0.9999999999999973
20387,0.023287063384641975
20388,0.2604959329313405
20389,0.03604918051253687
20390,0.462286141173158
20391,5.314979489349906e-06
20392,0.9151565388060446
20393,0.03201911682011829
20394,0.12190651564880874
20395,0.0033958829928351485
20396,0.9999174184970999
20397,0.9999913844578481
20398,0.9999999999975739
20399,0.9999895156290874
20400,0.00023367094986648498
20401,0.006704877931608938
20402,0.05270636913106279
20403,0.5761995373062975
20404,0.9999998444969569
20405,0.022514186130296834
20406,0.35885793109355785
20407,0.010157717250121932
20408,0.23118536386595973
20409,3.7960820609484335e-06
20410,0.9998531572865486
20411,0.6995759215257208
20412,0.9999998136340312
20413,0.007929251091808327
20414,0.9999766535319251
20415,6.542235977953541e-06
20416,0.0010526896412456474
20417,0.8609105457725384
20418,0.01760988496455767
20419,0.15567767136295627
20420,0.057989592922083305
20421,0.027806039308275975
20422,0.3749097673065014
20423,0.5644908370986812
20424,0.5668600331713775
20425,0.00012886853343453678
20426,0.00630132401968352
20427,0.9997957304563523
20428,0.6323342767411992
20429,0.10741197537177835
20430,0.9999977233769689
20431,0.3502948711817748
20432,0.06180520231097565
20433,0.0004138217751176919
20434,0.07879291023413577
20435,0.024684766261710067
20436,2.142113783646241e-06
20437,0.999870013431982
20438,0.006837593682329996
20439,0.02036339877372801
20440,0.6263442133904052
20441,0.007133265081776142
20442,0.9999999847962577
20443,0.9981577366840526
20444,0.06356783141781684
20445,0.2591961408739114
20446,0.002741865230682323
20447,0.9992270184820358
20448,0.024981865159200613
20449,0.10990981597333481
20450,0.002679433804920596
20451,0.06644033630334534
20452,0.006765143166387825
20453,0.37024791104269156
20454,0.9999938703942096
20455,0.018683641232199753
20456,0.4638239557056116
20457,0.4854275534089063
20458,0.3142158694201319
20459,0.19395950331693962
20460,0.03353499520917511
20461,0.24827793406150148
20462,0.040129472404442874
20463,0.10070234316831533
20464,0.05003070950039508
20465,0.7548831004864363
20466,0.021376244474096286
20467,0.8673929318432686
20468,0.040957385232427736
20469,0.07743624444323934
20470,7.908610735188947e-05
20471,5.686661115919693e-05
20472,0.9999999999999993
20473,0.07416882638745548
20474,0.3571583415053428
20475,0.8517635311410271
20476,0.06830049768705186
20477,0.3435718548492982
20478,2.685197973305847e-05
20479,0.8155926373716489
20480,0.004071613131573543
20481,0.9999954787958871
20482,1.010153381920444e-07
20483,0.1473375328080725
20484,0.27173015032013614
20485,0.022493733329783962
20486,0.46010995647125114
20487,4.352231825175196e-06
20488,0.9999825457555328
20489,0.04070840122817871
20490,0.9999999943910165
20491,0.0009203458057362254
20492,0.015050915047715639
20493,0.20501983323185377
20494,0.0190622546926114
20495,0.0004292310581004379
20496,4.8085632798497987e-05
20497,0.0014087871183003234
20498,0.09995630934668369
20499,4.198567090334127e-09
20500,0.5947784661032383
20501,0.028239257298665086
20502,3.638865192409345e-05
20503,0.9999801913687809
20504,0.04256560801775163
20505,0.02875879595656051
20506,1.0825139257678874e-11
20507,0.03164392249260209
20508,0.06713399394935902
20509,0.03623728536173489
20510,0.5415059880515732
20511,9.43959365335222e-07
20512,0.008178808823072686
20513,0.39378805433129
20514,0.1306558664767562
20515,0.1368702587425471
20516,0.9999928188313892
20517,0.0035307309483448455
20518,0.016560831261160747
20519,0.9315126661052062
20520,0.10924075050406715
20521,0.3509524384564079
20522,1.6171273709438187e-06
20523,0.021994467167229796
20524,0.03675137905955074
20525,0.7457042350662701
20526,0.03684556017612509
20527,0.7345146292766771
20528,6.78208847406508e-05
20529,0.5990167982465994
20530,0.9999950073998899
20531,0.08613444430500414
20532,0.02774892910645413
20533,0.025405741027198503
20534,0.8802916474441534
20535,0.7281943264244165
20536,0.003586345644430141
20537,0.07636675720417323
20538,0.003824014542567333
20539,0.0030150071803371954
20540,0.051496651575137775
20541,0.14052010082687422
20542,0.25301499257995813
20543,3.0602132478680647e-09
20544,0.9999228619769351
20545,0.9992270184820358
20546,0.08578056730832416
20547,0.9999945915868409
20548,0.05233046133353888
20549,0.34808512922004137
20550,0.8560306989174064
20551,0.02129873874048049
20552,0.5773183774801965
20553,6.088402775684182e-05
20554,0.15123761027440638
20555,0.9999938528850288
20556,6.886586629676739e-05
20557,7.147886220491179e-07
20558,0.9999799198942245
20559,0.034540658676935454
20560,5.729727572355152e-07
20561,0.016693973379091502
20562,2.1945715014918203e-06
20563,0.33288590271682433
20564,0.5750257447082304
20565,0.9999997983755491
20566,0.7569708008380744
20567,0.010334353338837438
20568,0.9999946008989498
20569,0.6156384040215258
20570,0.0007080752413158815
20571,0.7611179672543141
20572,1.8484112967104756e-10
20573,0.09684636044716338
20574,0.07163469472349783
20575,0.08865609304814097
20576,0.0008059172314052979
20577,0.9999961316274636
20578,0.006084505705591509
20579,0.9999999999982803
20580,0.03519256337058975
20581,0.22507124373549126
20582,0.00024867977780898987
20583,0.6575958337391488
20584,1.2619856340633211e-08
20585,0.8558121379962084
20586,0.016881468584296636
20587,0.9847470016186535
20588,0.08435971610532006
20589,0.002057756337842145
20590,0.0352576513821505
20591,0.3764876917718394
20592,0.6367169652652263
20593,0.053988152382419295
20594,0.1707626223286654
20595,0.46801412945435567
20596,0.027546211758199598
20597,0.9999945915868409
20598,0.6338590829070707
20599,0.06823945248995056
20600,0.7513876630713212
20601,0.06549853648516424
20602,8.802701692254005e-05
20603,0.5405572645375315
20604,0.7260176077274766
20605,0.027970053189364467
20606,0.00382763824790268
20607,0.9999999419611865
20608,0.999991506025976
20609,0.0725092458021045
20610,0.8659683356734613
20611,0.4872899859660043
20612,0.04921004116309227
20613,0.5384703596943807
20614,0.008469710838948086
20615,0.6154654289397203
20616,0.00719287772233664
20617,0.998400103738273
20618,0.06859971181301323
20619,0.18714426352682992
20620,0.0003573112327478893
20621,0.38575051154541007
20622,0.24998992427695216
20623,0.977332249528293
20624,0.004317941542394803
20625,0.9999994526886002
20626,0.03574813123104711
20627,0.21054867478646042
20628,0.008655839524298966
20629,4.78741255879146e-06
20630,0.1830992671661267
20631,0.09056059857271916
20632,0.0006805060381871823
20633,0.06160134709392974
20634,1.4871685284611904e-05
20635,0.9999954103636156
20636,0.0003266958092352913
20637,0.05266620233269941
20638,0.012849986762196825
20639,0.0847665967116979
20640,0.01854518725822448
20641,0.003835504535224521
20642,0.03348121058642029
20643,0.0004079241166992023
20644,0.09255341463709625
20645,0.09887309854164435
20646,0.32544802620166063
20647,2.215069510396573e-05
20648,0.9999954787958871
20649,0.03578161517206057
20650,3.65948566842666e-08
20651,0.9999999999958897
20652,0.17696836116384213
20653,0.03927980673537877
20654,0.0015051453181264994
20655,0.04043800684354032
20656,0.21739891791178817
20657,0.006707372657887524
20658,0.0004138217751176919
20659,0.055017409965186954
20660,0.4007125831294579
20661,0.0004297673425192012
20662,0.6166893056969268
20663,4.307048102695817e-12
20664,0.9999893509049
20665,0.7259422133218502
20666,0.9999993206276071
20667,1.4226280734919712e-06
20668,0.6414015153504693
20669,0.001518527582725273
20670,0.013632042309060292
20671,0.9999999999964972
20672,0.999999819000894
20673,0.03412402189601143
20674,0.14213647562743623
20675,0.03175756772297409
20676,0.00023773980216589178
20677,0.00036109813943099964
20678,0.0026129242198193793
20679,0.0006230881381991973
20680,0.9999999429581911
20681,0.20529416892389002
20682,0.138766798828634
20683,0.03673965541993271
20684,0.1835380971727106
20685,0.04152672225920162
20686,0.9999999999952287
20687,0.0855973896203207
20688,0.05766181673304636
20689,0.03031880970825976
20690,2.8455722056839156e-05
20691,0.015164726678672065
20692,4.223749217668174e-05
20693,0.8517635311410271
20694,0.0810886411603091
20695,6.759748753508305e-05
20696,0.999922323797585
20697,0.0018844712741379701
20698,0.9998391594377468
20699,0.11244121994401322
20700,0.5621481400408725
20701,0.0046098145493434035
20702,0.06750976173156406
20703,0.004488998931299298
20704,0.5048335636875623
20705,2.3899052355613433e-08
20706,0.05097098952447974
20707,0.9999999999999449
20708,0.1695490078288916
20709,0.3869316975952278
20710,0.03872012829025313
20711,2.019210008339703e-05
20712,0.06539069859421097
20713,0.8074079679482034
20714,0.9999999928627124
20715,0.023965995490240973
20716,0.9996788746180817
20717,0.9999999989233042
20718,2.7410908953313086e-05
20719,0.5719484419981978
20720,0.40796767781120274
20721,0.1428979641652197
20722,0.06313727691908626
20723,0.5197695716559628
20724,0.0006778507945220685
20725,0.29002176610134744
20726,3.0051464316740978e-05
20727,0.08328737944701518
20728,0.12755476638857327
20729,0.8579901809213961
20730,0.940810027921564
20731,0.06965153677620335
20732,0.5208743605622639
20733,0.02495918464883625
20734,0.022327307097529857
20735,0.017805183731805934
20736,0.3421060411801115
20737,0.5363921947693415
20738,7.521682227983932e-05
20739,0.343523294460281
20740,1.0
20741,0.0008778257887097987
20742,0.2371566536077744
20743,0.003669754478791441
20744,0.00708548694532479
20745,0.13366535037379104
20746,1.1855365383459133e-06
20747,0.0003726421777988555
20748,5.4945138144755435e-12
20749,0.6095502049590413
20750,0.9999999999996196
20751,1.6087024624739463e-06
20752,3.0174898320665737e-06
20753,0.2863409897375115
20754,0.033788155661285464
20755,0.9996370522797131
20756,0.01490235716263908
20757,0.04077096666088903
20758,0.32245025281467393
20759,0.9999999999999973
20760,0.10418579676096537
20761,0.6590889847450786
20762,0.012290680529329925
20763,0.9999914032531687
20764,0.004463616452990239
20765,0.08554241933841829
20766,0.7344707449028082
20767,0.9999962667433226
20768,8.04768915158543e-09
20769,0.467946624377648
20770,0.0016995795860656172
20771,0.041019288537805475
20772,0.5504989700167982
20773,0.9999950073998899
20774,0.04242324132255622
20775,0.9997482225862315
20776,0.16522726180477776
20777,0.6137261997623575
20778,0.003958436833072836
20779,0.6121482420201476
20780,0.3957739131888478
20781,0.19381331906708424
20782,0.9998052994103476
20783,0.17471663969358872
20784,0.44677174190467417
20785,0.11958638569987788
20786,4.795791845746345e-07
20787,0.9999977097750958
20788,0.9999999999958897
20789,0.05379571022825145
20790,0.06725685211916561
20791,0.09543006094240061
20792,0.024263113327904783
20793,0.015861222515357206
20794,0.9999945573360445
20795,0.0005009829258551413
20796,0.44045386068988773
20797,0.004037572720137322
20798,0.10219709222369297
20799,0.13485460619362233
20800,0.0003284384883417205
20801,0.9999999498352753
20802,0.013441089702897749
20803,0.06683027651969271
20804,0.09662936950202562
20805,0.9999882382820197
20806,0.99998969075341
20807,0.5160453106671068
20808,0.5589457972291747
20809,0.009971079785126036
20810,0.0020344978339861134
20811,0.00022992715834635176
20812,0.9992270184820358
20813,2.1831018064449857e-06
20814,0.4887800874109423
20815,0.9999706315545285
20816,0.0018377526239076996
20817,0.09736472470630733
20818,0.028044482363657818
20819,0.006747334558603092
20820,0.9999987989477289
20821,0.06294715938014815
20822,0.9999967368864191
20823,0.9999961558609236
20824,0.04475449609989962
20825,0.3618918751295445
20826,0.9999885742629118
20827,0.027023928313712774
20828,0.12443399618492383
20829,0.003599308282266233
20830,0.9647227936107418
20831,1.9710077826372015e-12
20832,0.026345852150724734
20833,0.014904193220101648
20834,0.07789476827756761
20835,0.011715950222349631
20836,0.0016342815333671738
20837,0.9999684668444404
20838,0.6551566064901164
20839,0.14584552128499292
20840,0.0015023142779002783
20841,0.9999969218087359
20842,0.9999807211605486
20843,0.9999999870617378
20844,0.0831883286729948
20845,0.6456327284722326
20846,0.0002680408496211843
20847,0.011882800736313212
20848,0.8267683591400757
20849,0.5593507760290652
20850,0.01419795206878849
20851,0.02094791647223916
20852,0.9999994526886002
20853,0.03132867071032498
20854,0.8173700064454328
20855,0.0025929547309829033
20856,0.2224841149127117
20857,1.6352670776078644e-06
20858,0.3637912974163402
20859,0.10052293733051049
20860,0.13928173558449022
20861,0.06475157017031817
20862,0.055249123938018986
20863,0.28842925062507735
20864,0.0715267696546594
20865,0.026020879055207342
20866,0.2892190777437017
20867,0.19033183853491376
20868,0.9994506064440838
20869,0.055420053630578045
20870,0.9997429245797382
20871,0.06592238434014636
20872,0.4665400552510444
20873,0.020796038247898923
20874,0.159772421671152
20875,0.02912631629200989
20876,0.0012505267006819856
20877,0.003151561537240095
20878,0.3184081615270067
20879,0.10059549945005454
20880,0.16021892805232724
20881,0.2950332957380339
20882,0.21529682978714562
20883,0.0005559549195712434
20884,0.02585281813749926
20885,0.10509454691298388
20886,0.0024200250238508095
20887,1.0727774284739657e-05
20888,0.1782788124685686
20889,4.8578383379870976e-05
20890,0.01689914379360306
20891,0.03268319328275846
20892,0.35036665242678744
20893,0.9998145173552562
20894,0.05325385765350158
20895,0.00021780230002124424
20896,0.04617226318346871
20897,0.007225513179384129
20898,0.19699276487157258
20899,0.0005104064916341937
20900,7.650983453227508e-06
20901,1.182366462176597e-12
20902,0.0025294819633302473
20903,0.0009411627057221686
20904,0.7743168724673044
20905,3.4038778704136097e-06
20906,0.2384958344876432
20907,0.48183931668799873
20908,0.9999972310559669
20909,0.003429059742109161
20910,0.007133241474537455
20911,0.9999807211605486
20912,0.9999999999999447
20913,0.09839490087759409
20914,0.7986954620018294
20915,0.6122815917480003
20916,0.03276524125316137
20917,0.999506715741246
20918,0.000109993965042149
20919,0.9999494097848814
20920,0.024997326145670653
20921,0.028038929738430765
20922,0.3486186439167768
20923,0.8429412443773959
20924,0.04232984267403936
20925,0.0008383221571560425
20926,0.0007005841082761764
20927,0.016543689036511485
20928,0.9999546676589219
20929,0.20514923749915087
20930,0.0010173552960086507
20931,0.02668009474856068
20932,0.10672778246528208
20933,0.7095413556208773
20934,0.13203776653082205
20935,0.003452170523139957
20936,0.042508591710804185
20937,0.9999999659630456
20938,0.10298267564853793
20939,0.9999830435847934
20940,1.79944026278818e-05
20941,0.998400103738273
20942,0.8162252615066884
20943,0.5235512036367254
20944,0.015812110057795915
20945,0.0166045623707381
20946,0.07695346926771653
20947,0.9999837310752794
20948,0.1003619920872788
20949,0.0004848020023626007
20950,0.029562801201801256
20951,0.009940974775270964
20952,0.02667973339982208
20953,0.3312040572887461
20954,0.1810564690765665
20955,0.009680437622818894
20956,0.9999999999999998
20957,3.0280547952773157e-05
20958,0.026892816416895244
20959,0.059629326822811454
20960,0.06211644606146273
20961,0.35765317257438856
20962,0.0011917179483188693
20963,0.2593858072992948
20964,0.8045810396408183
20965,0.06008144848645641
20966,0.8585110169381269
20967,0.037445990738546917
20968,0.36910208082291274
20969,0.05429742171001614
20970,0.0024965350794203885
20971,0.4419900653381056
20972,0.04897467688933221
20973,0.9999799198942245
20974,0.027285191729678634
20975,0.004552044422484097
20976,0.9999958924225569
20977,0.00030504421662993895
20978,0.9999890585830159
20979,0.9680107891585585
20980,0.023623627906203155
20981,0.04301081329851371
20982,0.6484333032579225
20983,0.15028834383663217
20984,0.231670511282573
20985,0.09564415513403711
20986,0.056045196574437024
20987,0.16346845785344763
20988,0.9999996601896832
20989,0.49054336281546285
20990,0.011719111551109832
20991,0.016651190395332235
20992,0.03644270398304375
20993,3.256201138906705e-06
20994,0.048808406611619885
20995,0.014237615887837245
20996,0.9999907912701409
20997,0.9998958959974398
20998,0.8130482595955187
20999,0.004137547444649966
21000,0.059119413188660215
21001,0.0005009829258551413
21002,0.02376237620206729
21003,0.5548355583753752
21004,0.9999282942246266
21005,0.5364063407523693
21006,0.8417395047090022
21007,0.9999724699774986
21008,0.03644043479780785
21009,0.16494775489537736
21010,0.07134428870528542
21011,0.9999922374879432
21012,0.010958043122464728
21013,0.9413047019170357
21014,0.09477962680158318
21015,0.007854682530103694
21016,0.9999950073998899
21017,0.6369182460207846
21018,0.011560033026694375
21019,0.0008998747999935949
21020,0.5127945527876769
21021,0.0013927505012527688
21022,0.095974011714867
21023,6.343916600470861e-06
21024,0.014813786689368563
21025,0.7350933941070259
21026,0.9998469464687444
21027,0.6075130264109072
21028,0.19592700929304607
21029,0.6811428337384071
21030,0.11788969338144206
21031,0.015109045992237361
21032,0.02034929255116996
21033,0.05313144525609268
21034,0.4794393245927222
21035,0.47846693872131624
21036,0.9999890585830159
21037,0.5920727621764603
21038,0.9999971334097196
21039,0.05051689633133841
21040,0.00011674654989794833
21041,0.6686213942302962
21042,0.9999999917260466
21043,0.021504743180385453
21044,0.6173499365019157
21045,0.005838673461651915
21046,0.029538122584054288
21047,3.117301079574722e-08
21048,0.5631219130526584
21049,0.008771134315232975
21050,0.028958937090349388
21051,2.218276835522704e-05
21052,0.03028817498549759
21053,0.9999999999964972
21054,0.004373256974528189
21055,0.9999901418919322
21056,0.28189424364490684
21057,0.00792082243092888
21058,0.9998469464687444
21059,0.999999999999837
21060,1.2739467864385082e-05
21061,0.03518092280745061
21062,1.1039015991066846e-09
21063,0.033085308170744065
21064,0.7727662332542086
21065,0.3286999719874025
21066,0.37516806516817097
21067,0.39850642133647063
21068,0.038404499186884294
21069,0.6691663527149232
21070,0.039674682712373295
21071,0.038930465903979534
21072,0.22143989380421755
21073,0.9998567804371642
21074,0.9997482225862315
21075,0.9999999999652276
21076,3.0587149552566846e-06
21077,0.9999999990354296
21078,1.766357518213233e-06
21079,0.9998871089750672
21080,0.03556854191186405
21081,0.9999877512249432
21082,0.03209482490528862
21083,0.009541287572213198
21084,0.0002392345131490943
21085,0.9999976116300875
21086,1.966383245983172e-05
21087,0.09325970302463019
21088,0.12604561265887754
21089,0.028212675688074274
21090,0.9999641592931853
21091,0.03162998159087599
21092,0.026473747342127173
21093,0.12288097205017373
21094,0.002988528575921586
21095,0.9748558023841403
21096,1.3980707055242335e-10
21097,0.04783047681773466
21098,0.37718134818828736
21099,0.007967752039895899
21100,0.9999662076950121
21101,0.3579963554119447
21102,0.005379259914956662
21103,0.4120813456313974
21104,0.8064893570585525
21105,0.04781607296041742
21106,0.20536100683725558
21107,0.19333390302409323
21108,0.04857792973346274
21109,0.6296103790801562
21110,0.00023512390823691827
21111,0.07235005387857353
21112,4.362778604977282e-07
21113,0.6988885129315688
21114,9.645387718220577e-05
21115,0.34214971385537124
21116,9.136047355225623e-05
21117,0.0033432596681847475
21118,0.08545222165278414
21119,0.06204300985886649
21120,0.03318488955419155
21121,0.00016109150505154194
21122,0.0005945299206719249
21123,0.5352889106481803
21124,0.0020562570574612004
21125,0.7261544260627173
21126,0.07440156475894072
21127,0.003681820654270908
21128,0.9473341885105248
21129,0.5574408456816552
21130,0.01832573596934419
21131,0.9999858182812211
21132,0.020920830269570256
21133,0.9885823030634827
21134,0.7409417015625351
21135,2.4947875450064265e-05
21136,0.14824118067092232
21137,0.9999977233769689
21138,0.007382219647058027
21139,0.0012566441661942351
21140,8.109256908185388e-05
21141,0.759529751175223
21142,0.002466637627648368
21143,0.00409498016980045
21144,0.7000394046234129
21145,2.4251374986816703e-05
21146,0.0083870290131401
21147,0.008783593019448279
21148,0.9999993858334968
21149,0.5796378051145273
21150,0.7617439532582534
21151,0.14931229354995212
21152,0.9999999999999996
21153,0.999969237672411
21154,0.008048442465880727
21155,0.9999999999979088
21156,0.11140246770449966
21157,0.0018973060157583955
21158,2.801685400346485e-06
21159,0.012247885522083411
21160,0.08746182951897974
21161,0.9999734609493545
21162,0.020414657453288056
21163,0.6487452734000043
21164,0.007030194876189878
21165,0.039436994258306636
21166,0.20285501386608965
21167,0.03147438274998934
21168,0.030842929611530092
21169,0.9898961439202927
21170,0.017464125248228355
21171,0.08311530878951376
21172,0.522151017324174
21173,0.03723249766895079
21174,0.2713802614744164
21175,0.0006483013335603542
21176,0.07217465176052426
21177,0.011569361133188053
21178,0.03439699242933718
21179,0.0012680902750994588
21180,0.049408912731337705
21181,0.03416394632567111
21182,0.09279573865001638
21183,0.9999999999999993
21184,0.32171462534507667
21185,0.03060429820664157
21186,0.03450119048058795
21187,0.375328085336865
21188,0.0036371552868257376
21189,0.027762775198442842
21190,0.00028355467446495485
21191,0.08519794352228295
21192,0.14740240370852203
21193,3.355127756873067e-06
21194,0.9996788746180817
21195,0.013387003131574237
21196,0.08573670419359167
21197,0.690774574513418
21198,0.9999999999996196
21199,0.15644177560573805
21200,6.680596439882211e-05
21201,2.0852527258872404e-06
21202,0.16831513864082012
21203,0.024564428616437855
21204,0.5436396312190981
21205,0.0032894624503352907
21206,0.1663529824197073
21207,0.01095861130303408
21208,0.0012833754295935528
21209,0.159019453175869
21210,0.13556010858559064
21211,0.9944318599854381
21212,0.7546335764408261
21213,0.050018168095974994
21214,0.4138316298849252
21215,0.2143879618176056
21216,0.09313411628160555
21217,0.2911906771798845
21218,0.9999997059845122
21219,0.4849898479320862
21220,0.030338478842096884
21221,0.0008567052619666954
21222,0.10489079736441476
21223,0.19749212509983713
21224,0.03674800598902839
21225,6.4222282395908416e-12
21226,0.00023195288834021633
21227,0.040801987562189515
21228,0.3636152798093553
21229,0.01202260085436474
21230,0.023526298253330108
21231,0.012843800303590334
21232,0.1090444431659285
21233,0.0001215544524690919
21234,0.007032923779823807
21235,0.31818437731838084
21236,2.264344583571155e-05
21237,0.0920100154541447
21238,0.010441150332824299
21239,0.00046884665283212487
21240,0.31110531394277624
21241,0.0018221908717015079
21242,0.004438649796968072
21243,0.9999985913992588
21244,0.08571900632787058
21245,0.9999999272783617
21246,0.46895404672146157
21247,0.03515211003061698
21248,0.0338430184333301
21249,3.3246898115747175e-13
21250,0.06997525431567615
21251,0.8256421467565641
21252,0.0031345730920757393
21253,0.2248946246969182
21254,0.0022880401421585326
21255,0.05958334751761253
21256,0.11445542554864394
21257,4.251485971744841e-07
21258,6.977418972000921e-06
21259,0.0007786135542176069
21260,0.0013385212832504228
21261,0.03731184384543189
21262,0.04270104924829051
21263,0.028846088291607938
21264,0.018661203704208765
21265,8.586251038728114e-07
21266,0.4077471289029265
21267,0.9994864791158415
21268,0.5821913449193523
21269,0.0005150175356682909
21270,0.00026407443712510217
21271,0.003269424562621287
21272,0.18715181033805467
21273,0.025334670161794085
21274,0.20118842029516673
21275,0.013540090637132999
21276,0.23491389457126882
21277,0.04129752884583068
21278,0.03203651965108679
21279,0.8359652572241341
21280,0.9995941076144116
21281,0.8273703945987689
21282,0.9999999999999996
21283,2.59976215705071e-05
21284,0.003689694457475019
21285,0.014633583365303418
21286,0.004222218747915646
21287,0.07365901133389993
21288,0.9999978630448434
21289,0.9999998762450208
21290,1.0
21291,0.6117431049158839
21292,2.6220104472469655e-06
21293,0.08004204597391366
21294,0.0012341701870751906
21295,0.12398684502927539
21296,0.2626952702278316
21297,0.04000599746008759
21298,2.3562461555465216e-08
21299,0.0018024771934460867
21300,0.02638720685728186
21301,0.2666771517413841
21302,6.478015031270353e-06
21303,0.25723091386943986
21304,0.4916417675510454
21305,7.521682227983932e-05
21306,0.5768864444095251
21307,0.03544810292555137
21308,0.1791006253836883
21309,0.3234746066981187
21310,0.16872706823204334
21311,0.9998393091648279
21312,0.19025865966559372
21313,0.03674800598902839
21314,0.044270510752135755
21315,0.00018421363618317544
21316,0.04745094391950958
21317,0.0035047603273117896
21318,0.019061757168893433
21319,0.0015918816689886844
21320,0.00027740702930634687
21321,0.060969545515519266
21322,0.03820985023433317
21323,0.9996788746180817
21324,0.024020593502972046
21325,0.016866746016857625
21326,0.9997734000788541
21327,0.08671475095486686
21328,0.0050300690746694745
21329,0.9999922374879432
21330,0.9999999999999947
21331,0.011499054493089135
21332,0.5156158899154272
21333,0.03106040312525076
21334,0.05823520504219465
21335,0.7611182684129854
21336,0.19894828546037632
21337,0.0205971150616712
21338,0.9199509034512756
21339,0.0004776218296946594
21340,0.1628230290723463
21341,0.036536633274722
21342,0.12785065650513916
21343,0.6370762334692344
21344,0.17321084105802986
21345,0.0008071478445802938
21346,0.9999999999869698
21347,0.9999999987497841
21348,0.10894351811652783
21349,1.6147848635017764e-10
21350,0.596441452652248
21351,0.07619594341383348
21352,0.04263397837776246
21353,0.5684449165661337
21354,0.019354984480913277
21355,0.9999976900656641
21356,0.031891578023410395
21357,0.6952629770526344
21358,0.9999981331241272
21359,0.09236128255208348
21360,0.004412758087160209
21361,0.9999734609493545
21362,0.26524340672357366
21363,1.4213465323914342e-05
21364,0.023480524469221276
21365,0.0024726754878514
21366,0.012427456780591583
21367,0.000775567515464171
21368,0.999999662986203
21369,0.7757856169020749
21370,0.0637974173770722
21371,1.43181928376839e-09
21372,0.05067600466091323
21373,0.9993755175262747
21374,0.7457905442659869
21375,0.02477724306071916
21376,0.8391378281655918
21377,0.9999999587836533
21378,0.9999837780819271
21379,0.1752483325041126
21380,0.00022082075912417367
21381,0.15863062337117925
21382,0.573145436174978
21383,0.4511048749961327
21384,2.4147483666635918e-05
21385,0.04530166927207342
21386,0.9999843992214316
21387,0.0014340229951528957
21388,0.9999865109172754
21389,0.26768595023763553
21390,0.060450356062030974
21391,3.2631881530127445e-05
21392,0.01984439271946458
21393,0.0031777612309752353
21394,0.40530072234978015
21395,0.1526151673385128
21396,0.10638557193929142
21397,0.05485632995488551
21398,0.29366099907092774
21399,0.07663267465934369
21400,0.888481922469594
21401,4.1799457272010854e-10
21402,0.5368733789563123
21403,1.2465316185743085e-09
21404,0.019489018901387992
21405,0.2696339847874077
21406,0.9999950073998899
21407,0.03827528843086608
21408,0.029962342417830547
21409,0.021248488412116892
21410,0.02478380188024566
21411,0.9997359615795828
21412,0.8679811855647661
21413,0.013936359886476036
21414,0.7219596950493413
21415,0.4662079204970123
21416,0.5233649182043384
21417,0.04412391384796026
21418,0.048434077273839915
21419,0.0905881181529511
21420,2.5999381430317737e-05
21421,0.014627397388785173
21422,0.045002483355346054
21423,1.9897769814327217e-07
21424,0.0010106145732144845
21425,0.05118040333824474
21426,0.06920888844583252
21427,0.031741465350254315
21428,0.062312923848417405
21429,0.0006046428765755002
21430,0.9999999999998568
21431,0.9992729722185364
21432,0.999999988428575
21433,0.15254856135183956
21434,0.9998555612171175
21435,0.019570730781179865
21436,0.0008723186318619518
21437,0.03786839677799022
21438,0.0007056526734540592
21439,0.13778288442259193
21440,0.9999999713621549
21441,0.48251654995394117
21442,6.324084578025006e-11
21443,0.06595658027007514
21444,0.0020127250137654718
21445,0.07435104402027745
21446,4.38406549429487e-09
21447,0.18619967487921724
21448,0.8095960811129496
21449,0.1682278236313382
21450,1.0
21451,0.6504405478298221
21452,0.08293904863675242
21453,0.007830692147564025
21454,0.12228435835894853
21455,0.010546387326128372
21456,9.206695663410446e-05
21457,0.32171723806510794
21458,1.7375624511526393e-07
21459,0.0007094128027496277
21460,0.6040607634642107
21461,0.025171209287650067
21462,0.020040862139467517
21463,0.0072712311176328795
21464,3.187957367829495e-08
21465,0.7260176077274766
21466,0.00019177357788210193
21467,0.022973930650260564
21468,1.9858907881384076e-14
21469,0.0023058645248955666
21470,0.0449547681326831
21471,6.4108951977839605e-06
21472,0.02749281413890839
21473,1.0
21474,0.36970421794062364
21475,0.9999913844578481
21476,1.2959982794506606e-11
21477,0.2862887758763739
21478,0.0002257476655902304
21479,0.06653813962210055
21480,0.010103885857168957
21481,0.3116922211748445
21482,0.5717655479842183
21483,0.004791623831949494
21484,0.6777855989128209
21485,0.20102556085779397
21486,0.7408116748633167
21487,0.007385927588994189
21488,0.00010205873624811124
21489,0.3038438870097668
21490,0.020521181890656163
21491,0.043322203456958204
21492,0.9997429245797382
21493,0.4030565330448281
21494,0.9999960313818536
21495,0.0008816367219305663
21496,0.9999981783926795
21497,0.011310441335583206
21498,0.9219058056791886
21499,0.05922353105901464
21500,0.013171897854767202
21501,0.43626835144260195
21502,8.180406419811737e-07
21503,0.023255839786101726
21504,0.0016831785816836396
21505,0.40499340036241144
21506,0.35089931158383336
21507,0.31161924540056224
21508,9.787595913694175e-06
21509,0.99999907695059
21510,0.03428566101452333
21511,0.8783634905607539
21512,0.00017082447407190237
21513,0.522846028603813
21514,0.0012891282195729554
21515,0.3783443954591207
21516,0.10229146770159633
21517,0.8532264865833178
21518,0.0026628682051539686
21519,0.9999946354575396
21520,2.9214768990539e-05
21521,0.5668600331713775
21522,0.00042959726927921594
21523,0.2458058012449875
21524,0.6060689874666579
21525,0.17806708669648635
21526,0.00010176727687694153
21527,0.034514271885199004
21528,1.757343912499666e-08
21529,0.015533611266961284
21530,0.03146632389599119
21531,0.012775864640330535
21532,0.10855676402566988
21533,0.48767493335786793
21534,0.0003351784000559301
21535,0.033308639240112285
21536,0.057964485181204305
21537,0.9999999999712252
21538,3.075616034096914e-06
21539,0.4234711483914594
21540,0.12828065812023676
21541,0.001926099248267343
21542,0.01465875581774373
21543,1.037853804489307e-05
21544,0.880478368078582
21545,0.0005699466654423524
21546,0.0008432985744822802
21547,0.45640832442352897
21548,0.7015302020017176
21549,0.007970977823391586
21550,1.7663960130963223e-05
21551,4.623680047061933e-13
21552,0.3530677867335984
21553,0.9999922374879432
21554,0.05225858448405433
21555,1.8993450684688934e-07
21556,0.9999327783425008
21557,0.46648267999450893
21558,0.00045676454334214
21559,0.0004963390137566092
21560,0.14152066462030927
21561,0.9748051242665023
21562,0.000745490778647933
21563,0.5434712769141092
21564,0.015933361341569672
21565,0.0772190707631897
21566,0.0004138217751176919
21567,0.7632811578602651
21568,0.007707644801543978
21569,0.5839125374402296
21570,0.06426474949946029
21571,0.8576305568099496
21572,0.25189145751233516
21573,0.16251656185353056
21574,0.0006342171916029027
21575,0.0012788942274121343
21576,0.07150939473946612
21577,0.9988220610994064
21578,0.999996980589338
21579,0.003913835681430967
21580,0.04363029491945058
21581,0.16740901154328372
21582,0.999633341922301
21583,0.00042546659618323944
21584,0.03028882241419471
21585,0.4777609591534344
21586,0.005112882047413661
21587,0.32711271935814223
21588,0.00014244188811895301
21589,0.999986186743101
21590,0.14674982825519103
21591,0.019404503915715986
21592,0.3309020070107819
21593,0.9999241141563662
21594,0.016457714379482086
21595,0.1587685680716715
21596,0.003055541278525625
21597,0.9999998619922035
21598,0.0006421548767772058
21599,0.018872231056065347
21600,0.03362912052641547
21601,0.032705429112685695
21602,0.008070565370718024
21603,0.027496812392983426
21604,0.06378114514392152
21605,0.7868140908466714
21606,0.8604077317643642
21607,1.5594063270082123e-05
21608,0.17988198426227572
21609,0.9999999999995277
21610,0.0009334484295648815
21611,0.9999998444969569
21612,0.0833217672256848
21613,0.0011587529172853196
21614,0.9999999735545864
21615,0.03567060058495555
21616,0.038813050524653524
21617,0.9998145173552562
21618,0.6913131595157289
21619,0.273338592538728
21620,0.015746902950060974
21621,0.999999395933037
21622,0.046795797253524854
21623,0.999997444838875
21624,0.0012022782278387403
21625,0.06270696048056795
21626,0.99999999999978
21627,0.003836896793263613
21628,1.4480976733480787e-06
21629,0.02861216528745179
21630,0.027685769930681257
21631,0.0002769608280662298
21632,0.7856032331369407
21633,0.9999994907140808
21634,0.05135998741270781
21635,0.9999999999922757
21636,0.32094372215496586
21637,0.5547343759486648
21638,4.193125445598702e-05
21639,0.0009615711659004015
21640,0.821716191847618
21641,0.06310639872597792
21642,0.005390066554504982
21643,0.9999998989027181
21644,8.934272277488593e-05
21645,0.025916313844774802
21646,0.05682926905279214
21647,8.252389535834089e-10
21648,0.0065946388622799956
21649,0.01836401129324934
21650,6.641647923232813e-05
21651,1.458940014493441e-07
21652,0.9999999999999998
21653,0.3055289331381354
21654,0.9999999272783617
21655,1.6485462284660531e-06
21656,0.0009988343065925054
21657,0.9999999991343638
21658,1.0
21659,2.9579179874909515e-06
21660,0.15697864226549788
21661,0.7281943264244165
21662,0.9999995033465252
21663,0.11661519319394328
21664,0.06962507397679087
21665,0.5265405862606962
21666,1.0936602888920382e-05
21667,0.9999815068673342
21668,0.05711407154484002
21669,0.011988267587723348
21670,0.6457793476472845
21671,0.9995102316958183
21672,0.0005248549416856302
21673,0.005244592305103477
21674,0.002494113573713373
21675,0.0013961636242284313
21676,0.0041706132041624
21677,0.9992270184820358
21678,0.035080475309613064
21679,0.9999863875384082
21680,0.06616701474898673
21681,0.016507797573463392
21682,0.5771534338358519
21683,0.23147961911877962
21684,0.001011363964661139
21685,0.03325670611159748
21686,0.46809957871993335
21687,0.3363665092356492
21688,4.724146763688795e-05
21689,0.7793431700476318
21690,0.030129793797561172
21691,0.26108924837024294
21692,0.0020052283367633455
21693,0.002272134469214991
21694,0.02854053215105068
21695,0.009101447735566572
21696,0.041148854932292235
21697,0.3891998856042609
21698,1.7286712886506334e-06
21699,0.48528883591333205
21700,0.0031365237457605315
21701,3.844971655387283e-06
21702,0.0013190991208974704
21703,0.009208467400103185
21704,0.012367019951589849
21705,0.9999999999991724
21706,0.8185268492133375
21707,0.6155524085219366
21708,0.0013542908263555202
21709,0.04071624212078094
21710,1.7014217747811212e-08
21711,0.2739082572394605
21712,0.004978625668732034
21713,0.999999999349694
21714,0.9999995260410058
21715,0.03539947238068105
21716,0.017402001641725697
21717,0.012203622152594063
21718,0.027964167676080127
21719,0.9999999837848683
21720,0.9999974427656824
21721,0.025522028118166822
21722,0.017371982778690113
21723,0.674251424224575
21724,0.9697600320817458
21725,0.021417286554571778
21726,0.22795113781602688
21727,0.9999999997952791
21728,0.9999999999989149
21729,0.04219580547109609
21730,0.9999999958034131
21731,0.8569495021956143
21732,1.5732795459691634e-09
21733,0.39709453931451055
21734,0.7119535727367245
21735,0.03740133318615248
21736,0.00010296807742705149
21737,0.02098628756038169
21738,0.9999922374879432
21739,0.500764450047397
21740,0.026361173165445843
21741,0.025793583461927477
21742,0.16825734386664315
21743,8.664181605678016e-10
21744,0.02483892668845695
21745,0.017874623236518384
21746,0.2503331136497001
21747,0.007558721874955107
21748,0.6596131269582833
21749,0.3615159250320379
21750,0.033264568421357485
21751,0.9999979704000109
21752,0.007760388845169188
21753,5.9587968660818803e-05
21754,0.7274837514254079
21755,0.061727886003191165
21756,0.0016347256278633354
21757,0.03654546395417632
21758,0.021344488301699407
21759,0.02825729545647293
21760,0.027634671663887767
21761,0.42969473832555327
21762,0.43673212667475686
21763,0.015821225310337354
21764,0.0011085870262989737
21765,0.013143897670878103
21766,0.9999998136340312
21767,0.9999799198942245
21768,0.851276810014713
21769,0.6661952523873247
21770,0.16302973560654097
21771,1.6580021022324903e-05
21772,0.17618879628049505
21773,0.050782801154890575
21774,1.4350630087765625e-05
21775,1.934420790212353e-06
21776,1.2427942328033212e-08
21777,0.0025844863801849
21778,0.1324384806972368
21779,0.03336540529111564
21780,4.015467187751675e-06
21781,5.878547294609121e-05
21782,0.4006572897433604
21783,0.07091667520205082
21784,0.5517232896639328
21785,7.749743895278947e-06
21786,0.8996021579867819
21787,0.023989990622488938
21788,0.000690759926132409
21789,0.022745545547876743
21790,0.05989104520608373
21791,0.09011480679660111
21792,0.06125644203136254
21793,0.018417161945665932
21794,0.9999979577390672
21795,0.07972923146469167
21796,0.07993887007496604
21797,0.00012539304713250808
21798,0.9997429245797382
21799,0.0014207205068374046
21800,4.024462964406585e-15
21801,0.010379868597736175
21802,3.82899566033562e-05
21803,0.9999992332444584
21804,0.10640531685083997
21805,0.02098899257228062
21806,0.1000663875186144
21807,2.400586224632324e-05
21808,0.3749097673065014
21809,0.038878085088082034
21810,0.023910639020518622
21811,0.0008711733782797086
21812,0.04284845828911463
21813,0.22499775999647637
21814,0.9952825216658788
21815,0.026690739251318898
21816,0.07322638225242739
21817,0.7789290741912371
21818,0.0027912204444246872
21819,0.09977754607522799
21820,7.324965686372568e-08
21821,0.24860670611199429
21822,1.5743736636105242e-09
21823,0.04662806185403659
21824,0.0005394230737209695
21825,0.9998531572865486
21826,0.013745286790209725
21827,0.7260176077274766
21828,0.33551207172708375
21829,0.9748558023841403
21830,0.21855533803891666
21831,0.018045555327947434
21832,0.002856283496010779
21833,0.04717947969551422
21834,0.4468831176368619
21835,0.2699408196706828
21836,0.057021079126350495
21837,0.2909042028067192
21838,0.41131701866425774
21839,0.0003931454382902596
21840,4.829192500000939e-11
21841,0.5703965938585105
21842,6.641647923232813e-05
21843,0.0021435283166379338
21844,0.033795200954715186
21845,0.07231216011361816
21846,0.008414186776069327
21847,0.13198242255833934
21848,0.004896470827555448
21849,0.6374688108157557
21850,0.02120528670358167
21851,0.011388294154526832
21852,0.04880869524202674
21853,0.24839600517257204
21854,0.002653162082833975
21855,0.9999999988911725
21856,0.031815160233860384
21857,0.03184563766294479
21858,0.04857745793612417
21859,0.4215842669981008
21860,0.00015683508211963558
21861,0.04934946414228884
21862,0.002955537931177099
21863,0.04603311903999045
21864,0.7690416821175713
21865,0.07680420007774727
21866,0.9999946550965696
21867,0.9999999983528787
21868,0.999967283456212
21869,0.9999074144129694
21870,0.06714808392966977
21871,0.9999978553000727
21872,0.9314771341971194
21873,0.11414170711393884
21874,0.0226290104375797
21875,0.10973214605312011
21876,0.0030282532336072254
21877,0.05698100284713179
21878,0.030868491462461255
21879,0.04807940519579764
21880,0.12922550106640746
21881,0.021946358610697235
21882,0.44096709153431035
21883,0.08770006358314753
21884,0.12844428136606645
21885,0.395736270872257
21886,0.13422034983577452
21887,0.007166751501075668
21888,0.04802169938446466
21889,0.033012801133850134
21890,0.5623005066573162
21891,0.9999937954784264
21892,0.030436208999402706
21893,9.317556015294357e-08
21894,0.4439875936692595
21895,0.9999997983755491
21896,0.2215935427158114
21897,0.4929300473712326
21898,0.698883538291481
21899,0.0019423041737859563
21900,0.834883991791577
21901,0.8074079679482034
21902,0.008484060245602635
21903,0.999999993900232
21904,0.7630414381708902
21905,0.47568497461793763
21906,7.011507287880812e-07
21907,0.1429356610884162
21908,0.010048446187895035
21909,0.06971459623671711
21910,0.48295122891129966
21911,0.3039928922405612
21912,0.756378736116746
21913,0.03228004354251361
21914,0.4852971857830198
21915,0.02570075542859416
21916,0.036890303101596314
21917,0.5953292090530153
21918,0.13097621054072925
21919,0.0010266883876103685
21920,0.9999946008989498
21921,0.0004138217751176919
21922,0.0405402553924885
21923,0.9999999999983553
21924,0.04512258568638046
21925,0.029660121275389292
21926,0.005263188011798659
21927,0.19377263987903323
21928,0.577746808765285
21929,0.33645503413572597
21930,0.008398826915876564
21931,0.33262231778164153
21932,0.058185417844964483
21933,0.8576361514140923
21934,0.20501872277296215
21935,0.9422005914250055
21936,0.25117900755707023
21937,0.027068463984584533
21938,0.39314625008801124
21939,4.0993234151972644e-05
21940,0.0004278722782014483
21941,0.0007187673884829765
21942,0.0012120220180182324
21943,0.1527877149587423
21944,0.03120150426788659
21945,6.855510081310782e-09
21946,1.0
21947,0.005134132262165198
21948,0.11852384403246104
21949,0.9999840183192142
21950,0.9999999999982203
21951,0.999972110267944
21952,0.9869507376980642
21953,0.023056096372310732
21954,0.9999962667433226
21955,0.03201547874881265
21956,0.9999999999979445
21957,0.0314810195300493
21958,9.194128150732102e-06
21959,0.0010072123683404351
21960,0.4802814838581019
21961,0.014480078868763853
21962,0.08770006358314753
21963,0.0182140427953388
21964,0.9997429245797382
21965,0.07884309587435791
21966,6.495826150192874e-06
21967,0.2118178526972633
21968,0.4226386450053314
21969,0.2162394835561844
21970,0.0046650903040966665
21971,0.04399974911719001
21972,0.0009656448968684585
21973,0.00012625565834695416
21974,0.7269058506197699
21975,0.04244401442425211
21976,0.19592700929304607
21977,0.09170174613270547
21978,0.02637177534692221
21979,0.21416254942520607
21980,0.018771396931513668
21981,0.711108718640278
21982,0.11286912866594899
21983,0.6900206725711405
21984,0.027451826455971353
21985,0.3129929636385357
21986,0.026605847466660146
21987,0.7590563389344059
21988,0.8780814439620622
21989,1.6146652191394563e-08
21990,0.06104803230205017
21991,0.8585110169381269
21992,0.9999925846688378
21993,0.028606919998895877
21994,0.9999999999779698
21995,0.4345598544511359
21996,0.8342973459901677
21997,0.011969801251662806
21998,0.01350155417023087
21999,0.00011444818272685897
22000,0.036709388015722676
22001,0.004850915961283756
22002,0.0007229078627454683
22003,0.0008977772707518683
22004,0.8158767637907114
22005,0.1331877604021865
22006,4.451692963731947e-13
22007,7.064812056478525e-13
22008,0.3298373995004259
22009,0.4734142988187551
22010,0.7302109285755469
22011,0.04980415649571956
22012,0.5804021217819325
22013,0.013034397187051676
22014,0.9999799198942245
22015,0.3663520444665477
22016,2.934847070907589e-08
22017,0.9999999999881595
22018,0.26147846157397236
22019,0.09501840901421123
22020,0.0010852773521576385
22021,0.021221524449978116
22022,0.10860517140184472
22023,0.9999929169198455
22024,4.383829203206105e-07
22025,0.07670266494174315
22026,0.526724279717454
22027,2.7406836390152184e-07
22028,0.02874569184409947
22029,0.0006234769145979581
22030,0.9906569485717366
22031,0.9999999859398903
22032,0.004327061929935016
22033,0.2693732645852585
22034,2.5647837453253215e-05
22035,0.2109165932646741
22036,0.089416331462533
22037,0.11792302210504513
22038,0.7728371896975376
22039,0.04409044950363165
22040,0.9999995679041267
22041,0.000841029765461249
22042,0.9993752113545532
22043,0.12879165890596334
22044,2.5095978889702477e-05
22045,6.556814282946876e-06
22046,0.9999997983755491
22047,0.0004670053364448871
22048,0.9844329178746402
22049,0.0009598434311063065
22050,0.0003781940613377349
22051,0.033204013532970374
22052,0.1617188691575369
22053,0.2038735738125224
22054,0.0835046053598262
22055,0.03599842894289892
22056,0.008847354347984426
22057,0.03306297014418533
22058,2.0112836776913307e-08
22059,0.18184182182997985
22060,0.04702393562017669
22061,0.00037748896262420874
22062,0.999804812142362
22063,0.9999994400726848
22064,0.7174286278627336
22065,0.11450593521749741
22066,0.999967283456212
22067,0.28042042761739977
22068,0.04974247427499716
22069,0.0443495535139731
22070,0.008224246873632655
22071,0.0019001822197368058
22072,0.6447988251131682
22073,4.100439613555538e-06
22074,0.049042595241628885
22075,1.883656716260762e-10
22076,1.7684554055636784e-07
22077,0.9226708257874929
22078,0.037951710257059325
22079,0.3636805053970829
22080,0.7645321648380862
22081,0.09887196373045301
22082,0.9999999735545864
22083,0.1894883772966347
22084,1.0
22085,0.0028600963017457012
22086,0.0008810306982724737
22087,0.042192473660864226
22088,0.22369202122085402
22089,0.8561916961456816
22090,0.015808816129307058
22091,0.0022554814013069162
22092,0.9999996601896832
22093,0.06293004806800002
22094,0.2908722268084682
22095,5.0113219047435584e-09
22096,0.0004664934660470105
22097,0.22079347230006158
22098,0.01341705884182646
22099,0.0004907734496870897
22100,1.0148851285100623e-10
22101,0.9999999999982203
22102,0.04209367317557313
22103,0.0027285449583174183
22104,0.46919955699508836
22105,0.004708282468287336
22106,0.0008003665488024144
22107,0.09981154012357514
22108,0.2146391555947855
22109,0.7401867132356533
22110,0.04446411027751427
22111,0.9999928188313892
22112,0.12010900686749251
22113,1.9378197519523345e-10
22114,0.999552341913794
22115,0.20514923749915087
22116,0.6895998329347085
22117,0.6722022907349675
22118,0.07160931635337113
22119,0.15061287984154834
22120,9.617190081844429e-08
22121,0.6811428337384071
22122,0.010975817435287262
22123,0.10360194343645739
22124,0.03670839298009906
22125,0.49800275027909313
22126,0.00010457157586321719
22127,0.5387048477634621
22128,0.0007807611655204413
22129,0.06407142774742923
22130,0.00219401991799777
22131,0.0007540165447750808
22132,0.18842277112904432
22133,2.2606832364156239e-07
22134,0.0076920655099538575
22135,0.044282968252345636
22136,0.9998236582733482
22137,0.04462993067900178
22138,0.7633921983773414
22139,8.314992339653427e-12
22140,0.5461061157555487
22141,0.23439957471627867
22142,0.11096219858700422
22143,0.577746808765285
22144,0.03349130962555531
22145,0.9998908578332035
22146,0.08144420042652419
22147,0.0138311222932869
22148,0.0005192469938881779
22149,0.002108984460553268
22150,0.09585950146302656
22151,3.9119746044458804e-05
22152,0.0009533950172723388
22153,0.08818593073579539
22154,0.02736732658755492
22155,0.15316041682069773
22156,0.5181555041610176
22157,0.0028268250085371023
22158,0.4658880669049116
22159,9.217295795053361e-06
22160,0.021498791361837306
22161,0.7260176077274766
22162,0.4663956264930352
22163,0.11618664324992928
22164,0.3985300942843728
22165,0.08106676671657238
22166,0.08125145369393262
22167,3.767406547467079e-08
22168,0.4251405469580376
22169,9.388905983130527e-08
22170,0.24204641583864794
22171,0.1340716386023595
22172,0.0013446895186068751
22173,0.4022840667949546
22174,0.00340425976702178
22175,0.8417277127298646
22176,0.3426186409629069
22177,0.04534982619120912
22178,0.3858743149295356
22179,0.9999999999998683
22180,0.06307243419611352
22181,0.0025294819633302473
22182,0.033250273274015946
22183,0.0028612560174344527
22184,0.024650497089344754
22185,0.02528859248099604
22186,0.07339494175522711
22187,0.07425548073353402
22188,0.04515668411948043
22189,0.06580832529773355
22190,0.44272684520486144
22191,0.9999999999982203
22192,0.3970492632450779
22193,0.1687375087672943
22194,0.014058998840465306
22195,0.5334075665008596
22196,0.07021747290894272
22197,0.9999937954784264
22198,2.7617963086227203e-05
22199,0.3233759758492218
22200,0.15093950229720388
22201,0.9999999999999805
22202,0.03572941459023421
22203,0.999999957214234
22204,0.5668600331713775
22205,4.8637041879349864e-05
22206,0.9999999989070463
22207,2.1617355710338847e-06
22208,2.6339205684243207e-05
22209,3.4320785928379782e-09
22210,0.02336613740422962
22211,0.7451555369073509
22212,1.4933007234097464e-06
22213,0.04084558038085985
22214,0.9999971334097196
22215,0.017709029589604814
22216,0.9897574622915767
22217,0.00016913258187474663
22218,0.04937581619628088
22219,5.64352171656985e-05
22220,0.6995759215257208
22221,0.049532482037976854
22222,0.12437877247617608
22223,0.421536483946496
22224,0.3671971383566242
22225,0.0050767944187028805
22226,0.0005332824964653796
22227,0.20701248692107
22228,0.00056098410813245
22229,0.13858720411252537
22230,0.6013076450847585
22231,7.611289913923501e-05
22232,0.9999998786077201
22233,6.2631805429936e-12
22234,0.14414511151220372
22235,0.5504989700167982
22236,1.630685984735543e-05
22237,0.19723249004191173
22238,0.3522523048296606
22239,0.006185094512896539
22240,0.5249811242859628
22241,0.09766925570451862
22242,0.018489725030179198
22243,0.37144092204091655
22244,0.006524300183030433
22245,0.3926312473322905
22246,0.9999876187560703
22247,0.011287765890073412
22248,0.022027067487919556
22249,0.7910826764521979
22250,0.015087127290516008
22251,0.02552091396384351
22252,0.10160445417779036
22253,0.9999997778402548
22254,0.0007146244567409033
22255,0.0759138316760873
22256,0.9415899420201054
22257,0.03424295788288383
22258,0.9860680032345599
22259,0.001517932611552478
22260,0.018456214374064802
22261,0.005673672615382747
22262,0.01670676565275725
22263,0.1540276202391121
22264,0.026654758584676006
22265,0.8135556403105801
22266,0.012981112187846018
22267,0.4075639976547305
22268,0.0005889709904307958
22269,0.16079975251679485
22270,0.6756313300041492
22271,8.744410129445568e-06
22272,0.004628964776668386
22273,0.4300107098620236
22274,0.054681590950760625
22275,0.047633409904520065
22276,0.9999444743102757
22277,0.08152733106760321
22278,0.9999999837848683
22279,0.8569495021956143
22280,0.0070995798476322924
22281,0.0562747202255979
22282,4.0305895798260996e-05
22283,0.7535955655300157
22284,0.0010422082203322208
22285,0.9996788746180817
22286,1.4265098566101532e-07
22287,0.02577609318889451
22288,0.013490882262607706
22289,0.15995091226579825
22290,0.6073032314408465
22291,0.000324317730999687
22292,0.9999958924225569
22293,0.4110032180037454
22294,0.1796741385469922
22295,0.7260654072421068
22296,4.129666954505727e-05
22297,0.4678935205458013
22298,0.0007383630223278402
22299,0.19840257345907586
22300,0.018427145499531995
22301,0.0185109987410915
22302,0.9999546389063986
22303,0.8258672814410837
22304,0.04611503300661886
22305,0.14307436083287073
22306,0.11622683773325429
22307,0.023626996053284433
22308,0.0008771180135720156
22309,0.00037121422604222365
22310,0.0025811838105603774
22311,0.040058087118470115
22312,0.7006749767398944
22313,0.9999999999955536
22314,0.8517635311410271
22315,0.3783072588260593
22316,0.6643991114878051
22317,0.046493491151579906
22318,4.5746065351297194e-05
22319,0.017983644650601333
22320,2.2390876494083405e-05
22321,0.03361297802734268
22322,0.0693128981104362
22323,4.629055178181125e-05
22324,0.09627245940330871
22325,0.9980431475551094
22326,0.041829670438878
22327,0.42090329197848686
22328,0.3725759988953783
22329,0.004512541960807829
22330,0.15993105846879702
22331,8.693528646070975e-07
22332,0.02636173790960808
22333,0.030905211662881293
22334,0.00099540242938805
22335,0.8606416429796907
22336,1.1254494459658568e-09
22337,0.018412118424985798
22338,0.029966936662735855
22339,0.9727805520514322
22340,1.3833401057583105e-06
22341,0.07848498263316979
22342,0.050378511718413246
22343,0.07915058925321672
22344,1.0
22345,0.13931182558287913
22346,0.5721448483720107
22347,0.5692511923161413
22348,0.999940018564092
22349,0.9999888943513847
22350,0.13038530291639658
22351,0.859112545916933
22352,2.4789646792629086e-07
22353,0.029781403303685165
22354,0.37497438395109767
22355,0.023932516131662727
22356,0.03225399387810969
22357,0.5865803153991094
22358,0.8579901809213961
22359,0.003203587391176263
22360,0.9999981783926795
22361,0.00336635052293432
22362,0.3008619614393621
22363,1.541145502614078e-06
22364,0.04908827377962486
22365,0.011013739825752086
22366,0.41724598328337853
22367,0.346335682115911
22368,0.1638467444266388
22369,0.06532125177896012
22370,0.15385829464576
22371,0.28352048868450913
22372,0.010718832274850062
22373,0.9992270184820358
22374,0.5326142953880261
22375,0.9972682349705821
22376,0.3288540905061003
22377,0.09293145115835674
22378,0.4512899066929556
22379,0.035531009821239586
22380,0.009714159979402481
22381,4.976571278055634e-10
22382,0.42436836001049005
22383,0.09326266225330952
22384,0.031435389569285106
22385,0.9999999999797442
22386,0.21395182695948908
22387,0.40285807648801925
22388,0.1148462200887745
22389,0.0010608259644735438
22390,0.999972110267944
22391,0.10597189344879342
22392,0.003891331791405249
22393,0.04112414835018603
22394,0.00178611342478164
22395,0.08554241933841829
22396,0.30088398653190945
22397,0.07636212262977406
22398,0.1290109360875526
22399,0.9999982965958573
22400,0.7873999834451877
22401,0.10101766254003762
22402,0.3691387561868496
22403,0.11699155730480391
22404,0.0025508084576469654
22405,0.9999889157183643
22406,0.0342474669164983
22407,0.02730552851034127
22408,0.9999830435847934
22409,0.00487828879492013
22410,0.43786839502548347
22411,0.20514923749915087
22412,1.0759268248441393e-06
22413,2.3116026164487216e-08
22414,0.7087334861720089
22415,0.9981053946955649
22416,0.9999995260410058
22417,0.005894969274679104
22418,0.17961877348867997
22419,0.3646535328708176
22420,0.006561033291917164
22421,0.9999999859398903
22422,0.005058346906268705
22423,0.031639152099261734
22424,0.13129740976766893
22425,0.0008776779815691055
22426,0.0006331822246641661
22427,0.9847470016186535
22428,0.291586560598241
22429,0.9999999979053407
22430,5.32992676367497e-05
22431,0.00023344871899893743
22432,0.9999999999999964
22433,0.026768995361207387
22434,9.887692735450752e-05
22435,0.9999976188014568
22436,0.0009931889457647574
22437,0.041822167614334174
22438,0.9999962667433226
22439,0.9999999999835754
22440,0.999633341922301
22441,0.0001870560137744917
22442,0.8656416551337348
22443,0.01696151134942312
22444,0.9999250084998094
22445,0.02650984248293672
22446,0.02382290530786457
22447,0.16800414563832883
22448,0.5094927035339621
22449,0.8224648871792312
22450,0.9999999999999627
22451,0.09150778371500795
22452,0.004404045029354889
22453,0.15841768265977457
22454,1.0
22455,0.0017877069387266249
22456,0.9999998619922035
22457,0.0010455538682825186
22458,1.0
22459,0.009249585969052143
22460,0.9999873218957713
22461,2.796925286307212e-13
22462,6.325498090937124e-05
22463,0.0023859240499893445
22464,0.10376853363928873
22465,0.7260176077274766
22466,0.999999825610463
22467,0.9999999999999338
22468,6.784753105090879e-06
22469,0.49173601712935167
22470,0.38283949797477873
22471,0.9999999999999989
22472,0.32511533640385104
22473,0.03058749821981199
22474,0.0022474360388743645
22475,0.08869557754903672
22476,0.023485637742964284
22477,0.05316227207032592
22478,0.42125048963507283
22479,5.388154326602664e-07
22480,0.03387153742367293
22481,0.0250360764947311
22482,0.23459424996969533
22483,0.014650346625259374
22484,0.9999999969167992
22485,0.0019306022194665675
22486,0.4405663735101249
22487,0.013401488797327013
22488,0.014115167301347433
22489,0.0014128175858375337
22490,0.0006717481038587077
22491,0.9999999928627124
22492,0.047325599807229626
22493,0.4894967302179813
22494,0.027616529671904574
22495,0.049625814510947865
22496,0.09759792635768871
22497,0.8668875984650382
22498,0.000583200614429152
22499,0.01611742925662388
22500,0.9999885742629118
22501,0.014647494897359063
22502,0.00032648427843922067
22503,0.6270935332263832
22504,0.002207149827872784
22505,0.0001160616023050302
22506,0.014956651358492232
22507,0.22486264592146232
22508,0.016664251211129515
22509,0.0009716275319948136
22510,5.513907420913705e-06
22511,0.0006561931690924068
22512,0.020426469918703633
22513,0.003491358272238834
22514,0.2115553931174311
22515,0.9999947378430151
22516,0.053675660206676745
22517,0.6893786375247155
22518,0.9999253164637691
22519,0.44391931858162115
22520,0.3396244985103125
22521,0.00023978021546686975
22522,8.047579259429862e-11
22523,0.008482477321437639
22524,5.070751881998296e-06
22525,0.09810726783415984
22526,0.4573278826792577
22527,0.010335580579470545
22528,0.629706174143484
22529,0.09026121636409448
22530,0.0584990681568196
22531,0.14599911371216853
22532,0.016961407745959178
22533,0.00012961352759753984
22534,0.9999773470802789
22535,0.034051173226074725
22536,0.26836483322716004
22537,0.0697312698758149
22538,0.0063477960127776
22539,4.958506412510037e-12
22540,0.029461413149869112
22541,0.7378324343049475
22542,0.3190033726207515
22543,0.7985220819467209
22544,0.45201999114042496
22545,0.14688647735528168
22546,0.0004721084901496134
22547,0.0039691039456797115
22548,0.10284159737333612
22549,0.7147970110728237
22550,0.5243076494628237
22551,0.022850604823803675
22552,0.023741293432720398
22553,0.7065792011328437
22554,0.7569461545938554
22555,6.629294887386678e-05
22556,0.09388164743096578
22557,0.002754129306422491
22558,0.0013830227550514177
22559,0.9825549051524363
22560,0.07849460051314294
22561,0.10759567013869104
22562,0.12508060234573665
22563,0.8858142036941034
22564,0.04452615754240349
22565,0.9983057907139103
22566,0.21963323200886992
22567,7.845458076144975e-08
22568,0.0026753306092785834
22569,0.9999999999999818
22570,0.9999998355575881
22571,0.07220827496956497
22572,0.03577262107584694
22573,0.00033640695266512385
22574,0.044465674502132416
22575,0.3651879670082646
22576,0.02642098205500646
22577,0.020208398646910958
22578,0.019422870518620298
22579,0.0007001781398757727
22580,0.98261800589719
22581,0.020457938340731258
22582,0.3394754057286297
22583,0.9997608539748719
22584,0.04734571452591599
22585,0.010324602161187196
22586,0.00027547995034746
22587,3.229375248347202e-08
22588,0.7886689541743225
22589,0.0061777173395405815
22590,0.9999729484427337
22591,0.9999999917260466
22592,0.02863276353593974
22593,0.006766063768155088
22594,0.0003304129535770497
22595,7.976012767576499e-10
22596,0.9983149611254376
22597,0.0014244192364769985
22598,0.0013545393352292917
22599,0.006821515442114747
22600,0.6122303842600912
22601,0.01063778934857287
22602,0.12739019749940914
22603,0.4717610971487452
22604,0.024503384080418335
22605,0.580076935048965
22606,5.547090176967167e-05
22607,0.020035081166618684
22608,5.096257969931908e-06
22609,0.00010842912509704552
22610,0.2215082036144651
22611,0.6118493408014363
22612,0.019736541880007074
22613,0.03309739295090067
22614,0.0003833726827049055
22615,0.9999796266814168
22616,0.00011152732938865075
22617,0.002395372897473296
22618,0.9999999999955536
22619,0.739977639084731
22620,0.022269681116000993
22621,0.002494113573713373
22622,0.021771344571717623
22623,0.321028994852208
22624,0.6672203405497115
22625,0.10044994831209787
22626,0.41784523112785577
22627,0.7054172122623897
22628,0.9096225225708515
22629,0.7497197467275254
22630,0.9999999999999991
22631,0.0007213879259706106
22632,0.6562541669126062
22633,6.422036859032449e-05
22634,0.045609248019683434
22635,4.136644842864712e-07
22636,0.9999644222262511
22637,0.3391916848408369
22638,0.00012684478774512307
22639,0.0014465317188714667
22640,0.0051299583808380265
22641,0.00586518827404003
22642,8.902523723440564e-06
22643,0.10673593360719352
22644,0.20159809652839356
22645,0.001312109951111122
22646,0.06523380041943297
22647,0.0412359096390109
22648,1.7574741810788512e-10
22649,0.06156572982064489
22650,0.9897574622915767
22651,0.3705885343059294
22652,0.025378990646885684
22653,0.9999999987497841
22654,4.7836721921594955e-08
22655,0.02578998599619557
22656,0.9999999936098076
22657,0.02201235059031972
22658,0.02806001418769696
22659,6.044111560791426e-05
22660,0.18847565242036005
22661,0.2714600164355255
22662,0.9999999898633448
22663,0.005458798122528578
22664,0.9999228619769351
22665,0.5101422306894903
22666,0.0005454297071066152
22667,0.668642395107054
22668,0.0003308036165500303
22669,0.006088733836657728
22670,0.7250128908827891
22671,0.0770817923163674
22672,0.009983470278222136
22673,0.6906905799400164
22674,0.07496931263465863
22675,0.4252181901609302
22676,0.03941674313903105
22677,0.008766128786766362
22678,0.3702674945454127
22679,0.06101663868747911
22680,0.346298679123469
22681,0.0006606442870700289
22682,0.09074548608049683
22683,0.06051097422030052
22684,0.09996863839179572
22685,0.9999999999995652
22686,0.0193175505350137
22687,3.2476555057886154e-07
22688,0.9999999999999567
22689,3.664572234592415e-05
22690,0.28863927000809414
22691,0.0006069124795290883
22692,0.002783317943610393
22693,0.9999999999988329
22694,0.028780801812011942
22695,0.044546724568474125
22696,0.9822757867722494
22697,0.463453238745698
22698,0.002129195966044734
22699,2.1381864423726245e-06
22700,6.981395559906764e-05
22701,0.0910030692119632
22702,0.9999999999955536
22703,0.9999992070514018
22704,0.7112373454096066
22705,0.9999999999995277
22706,0.7870772739872482
22707,0.6919887785392693
22708,0.9999444743102757
22709,1.026000019038038e-09
22710,0.8814920230689832
22711,0.033723839650163845
22712,0.003984950799902647
22713,0.00046067077198132093
22714,0.00022118373597437914
22715,0.4125264479667003
22716,0.03493777624897535
22717,0.4724234249680513
22718,0.004608068572404514
22719,0.003769681796127633
22720,0.5138439163122495
22721,2.1121979530950696e-07
22722,0.9999999999971372
22723,0.10701151821610268
22724,7.310879166875213e-11
22725,0.9999999999999991
22726,0.9999982588872195
22727,0.02980060390938794
22728,0.012760430206251595
22729,0.0011587529172853196
22730,0.0010968672234366768
22731,0.592283077946218
22732,0.9999995339630885
22733,0.6800915960884593
22734,0.054443590239519474
22735,0.0002292820773788941
22736,0.012237605437538221
22737,0.06835716860712386
22738,0.029218761186294868
22739,0.03277839724769145
22740,0.6800915960884593
22741,0.897445580711373
22742,0.6154415328405478
22743,0.00011291309053177223
22744,0.018207243309329005
22745,0.003384321492209609
22746,0.9999999999999991
22747,0.35799046090559417
22748,0.36552622282292513
22749,9.218073530469875e-05
22750,0.9999999959698642
22751,0.7339452996105646
22752,0.6953518357401498
22753,0.02965923525451565
22754,0.8622313730278661
22755,0.0768630851740835
22756,1.4272192636585453e-10
22757,1.8968024163177448e-11
22758,0.0661183424023701
22759,0.036589942527285764
22760,0.0053910624205808205
22761,0.9995891411652431
22762,0.7012324470352388
22763,0.00755995343818924
22764,0.0013894426451123137
22765,0.06559136522985029
22766,5.595122883933101e-15
22767,0.998400103738273
22768,0.01775956936998496
22769,0.06593101177222926
22770,0.22345240277212247
22771,0.04092069870359501
22772,0.8197980244008235
22773,0.00524959519551334
22774,0.009422426267411924
22775,0.9998613159405788
22776,0.5363643246323155
22777,0.0586914099189149
22778,0.9299219530020273
22779,0.9923191562237835
22780,4.274890990825346e-07
22781,0.0016262465865296237
22782,0.6212369490525195
22783,0.06096363284348206
22784,0.8681969032549472
22785,0.030310252658369504
22786,0.010059421834209829
22787,0.9999919030411119
22788,0.9999895156290874
22789,0.00016084502937339633
22790,0.46562064210708715
22791,0.9999762053653175
22792,0.5041031952800625
22793,0.08001108096771023
22794,0.9589034937620345
22795,7.454113815377222e-14
22796,0.11597019274264549
22797,0.0604903078701387
22798,0.0032173672189975584
22799,0.06563046744612401
22800,0.03723351062208052
22801,0.014797181389011918
22802,0.9999999505924788
22803,0.0003588611434374233
22804,0.04338141704812457
22805,0.03771739830064645
22806,0.09218489212721953
22807,0.00031543358863492195
22808,0.0010312150275942826
22809,0.11509790901660893
22810,0.04098952747527729
22811,0.15989270011299683
22812,0.0008857801645349564
22813,0.0054330369085056
22814,0.03127500199669232
22815,0.11037757448510316
22816,0.4882042456066799
22817,0.0018393404803886413
22818,3.0217980181754593e-06
22819,0.0010867028299674814
22820,0.02402793414436126
22821,1.6262621040943235e-05
22822,0.014275529439973077
22823,8.970760740629448e-07
22824,0.999999999999837
22825,0.04865193380500577
22826,0.0032894624503352907
22827,0.009576896022064931
22828,0.8713627436494594
22829,0.0005753283816576075
22830,0.0001216326569514368
22831,0.03371090806864525
22832,0.3264754859489173
22833,0.07287660236191605
22834,0.05304480839375781
22835,0.9999572387468417
22836,0.16319610469857013
22837,0.9999999960521184
22838,0.03641727589321132
22839,0.2208410957714023
22840,0.007631609922637681
22841,0.0004214238813658918
22842,0.20228868783403395
22843,0.005758302495071762
22844,0.13913166232622873
22845,0.0008071478445802938
22846,0.06312743890687243
22847,0.03128560753419904
22848,0.8867346012727769
22849,0.027598573784412776
22850,0.0003528817826750925
22851,0.9999999999999996
22852,0.9999982635378389
22853,0.8990025032595949
22854,0.09737882828694051
22855,0.4906140531111938
22856,0.5442990705450494
22857,0.348622085283934
22858,0.9995017202670925
22859,6.005300208266912e-05
22860,0.006761549419034911
22861,0.1608858530964686
22862,0.00020787954416224018
22863,0.42742808952916095
22864,0.023839991123430323
22865,0.1301148722134102
22866,0.9999999999999984
22867,0.05496329115299682
22868,0.10975345344628844
22869,0.7967621283526473
22870,0.0016901486117818917
22871,0.013937906842521738
22872,0.10212706946464654
22873,0.04805545304714302
22874,0.17852604066792535
22875,0.001517932611552478
22876,0.0027058735051077106
22877,0.0008405934480276419
22878,0.9997429245797382
22879,0.9999377848818787
22880,0.01580348153378407
22881,0.019347916946812465
22882,0.9999938703942096
22883,0.999999985703597
22884,0.27938064121452444
22885,0.02202329354112502
22886,0.1483470118404273
22887,0.024168932628961783
22888,0.033529023566479
22889,0.12252080548482784
22890,0.009266993745063207
22891,0.541158645237875
22892,1.3731200645318456e-05
22893,0.00024867977780898987
22894,0.04058799754857924
22895,0.01894962946871877
22896,0.9173678999259206
22897,0.4926751779149218
22898,0.023584447175676853
22899,0.030382244770792922
22900,0.4807103001392637
22901,0.032025932806142125
22902,0.030936552168241083
22903,0.9219058056791886
22904,0.0013901166855114762
22905,9.846124916921e-05
22906,0.40981667426272084
22907,0.10828767015568334
22908,0.5920067273261175
22909,0.11455883167858581
22910,0.025527586884648904
22911,0.9999999999097331
22912,0.52116413298347
22913,0.036082373583580726
22914,0.0002046248654619674
22915,0.011537524846350072
22916,0.9999999735545864
22917,0.022898199840066333
22918,0.018585440696126245
22919,0.000568622547806469
22920,0.030437392701364235
22921,0.00044464796923042476
22922,5.472119108525811e-09
22923,0.20672905642390446
22924,0.43189474535192757
22925,0.5156732256014611
22926,0.022934529598664277
22927,0.5354262724592731
22928,0.21866169912106695
22929,0.9999981331241272
22930,1.485396572767732e-06
22931,0.017926708122424993
22932,0.029709545479840557
22933,0.06297620444842855
22934,0.062335457892813244
22935,0.7952017618724367
22936,0.9999960313818536
22937,0.00022467268274340156
22938,0.45062361679015467
22939,0.05759795419062389
22940,0.061216976925309086
22941,0.001681677084685831
22942,0.9999999989075976
22943,0.05263327735506849
22944,0.3128905067704109
22945,0.04691333074165812
22946,0.0347126192978414
22947,0.9909788848066522
22948,0.9999978906382133
22949,3.296451533289706e-08
22950,0.6972653232698228
22951,0.7865520573040822
22952,0.017622406544132444
22953,2.5512976754538147e-07
22954,0.9999999999999996
22955,0.00358805078718363
22956,0.9999999969167992
22957,0.18233041049254137
22958,0.0003096338164501557
22959,3.3885472510292556e-05
22960,0.0279388130475745
22961,0.9999945915868409
22962,0.11705052058220122
22963,0.9999999999999627
22964,0.0004138217751176919
22965,0.8239941563753569
22966,0.003589678725260623
22967,0.8736118011484139
22968,0.0001371064061212512
22969,0.45932585242750196
22970,3.7309001753938254e-05
22971,0.027301146445686084
22972,1.3029433355153762e-05
22973,0.06504955256339047
22974,0.0016697650072884746
22975,0.11996576915365276
22976,0.034794540337340356
22977,0.7898248751878654
22978,5.733430571321832e-08
22979,0.0691636423220064
22980,0.9999999999997997
22981,0.18358658403021239
22982,0.0003715720201130519
22983,1.0153323723410722e-06
22984,0.5668600331713775
22985,0.0051299583808380265
22986,0.015582970265733319
22987,0.9999999901044377
22988,0.0002696196957648487
22989,0.053224868971707
22990,0.004671379388714947
22991,0.25764575925554034
22992,0.023524752932400087
22993,0.13740779070501122
22994,0.023482468438392325
22995,0.5916715384224013
22996,0.802632072425853
22997,0.12508611061699118
22998,0.043387593842593074
22999,0.3324312521771148
23000,0.04777203342739646
23001,1.9750395461330097e-07
23002,0.04226926256165638
23003,1.0
23004,0.0031345730920757393
23005,4.909919474306399e-05
23006,0.3756762927628363
23007,0.06516349035016206
23008,0.024941254364961273
23009,0.04361345299118524
23010,0.5724268329764179
23011,0.00014443392814153134
23012,0.07274724212690879
23013,0.010395866253277137
23014,0.0025294819633302473
23015,0.01566454042482968
23016,0.0010266883876103685
23017,0.040026181251334454
23018,0.006500856387369854
23019,0.035413055885460745
23020,0.00037759056401784027
23021,0.005686367203884821
23022,0.014935127334883279
23023,0.11442992996070855
23024,0.16378056171092173
23025,0.998400103738273
23026,0.045368900540333344
23027,0.9999999999999509
23028,0.0016326014664796884
23029,0.12782042670204452
23030,0.009163600822145422
23031,0.005065074826494895
23032,0.9999594272414375
23033,0.08791721913092553
23034,0.4406778246645151
23035,0.03800458559224941
23036,1.687283459433802e-08
23037,0.0005018488889912013
23038,1.1232052878204888e-07
23039,1.482357626765907e-07
23040,0.04583794245944523
23041,0.8151618415218267
23042,0.0010707355743910085
23043,0.01274186031914416
23044,0.0128166439106171
23045,0.44348569061169724
23046,0.8579901809213961
23047,0.1948423171409433
23048,0.010340436300488209
23049,0.5392553686244577
23050,0.10991825509147427
23051,0.009528471710346332
23052,0.05582487511278792
23053,0.41245701280832237
23054,0.05385180434723946
23055,0.1980277357905665
23056,0.9999998136340312
23057,0.00027487708855901085
23058,0.9999996601896832
23059,0.9996221556054471
23060,0.3145664299881451
23061,0.9999999994187463
23062,0.5853151304786357
23063,0.0106748435638011
23064,0.4672633040752714
23065,0.9690067660658795
23066,0.1816496406798218
23067,0.030177314135781622
23068,0.6732223162484705
23069,0.10211306100393813
23070,0.999552341913794
23071,0.8165335293666236
23072,0.04137793051330006
23073,0.004232917787972683
23074,0.9999662076950121
23075,1.0
23076,0.0004137013627103997
23077,1.2533184704575626e-11
23078,0.02846936901116659
23079,0.014102965153308632
23080,0.041663571154782766
23081,0.00041903609908180793
23082,0.003058442815707981
23083,0.037562137652912324
23084,0.03647001044230496
23085,0.4741506031524193
23086,0.23182733557759008
23087,0.003914118164890156
23088,0.05802678254754562
23089,0.37739553283852034
23090,0.6858965019435561
23091,0.8074079679482034
23092,0.2835649521654301
23093,1.4627164099777154e-06
23094,0.2009855028599588
23095,0.8604077317643642
23096,0.9999985102957084
23097,0.6816327358787126
23098,0.009902919921924816
23099,1.0
23100,0.42597911762274404
23101,0.5206950325518912
23102,0.057342863231170785
23103,0.02023770199948111
23104,0.01645326033037858
23105,0.00443787925107076
23106,0.0008160128280334027
23107,0.9999307651811087
23108,0.039590622465002175
23109,0.039267132005147296
23110,0.024558516690698026
23111,0.00034354506941643826
23112,0.010195230360790229
23113,0.0027423671842634087
23114,0.003129780273407533
23115,0.040544166544046474
23116,0.01868123677359541
23117,0.5693270183129538
23118,0.08269650032750002
23119,0.9999999999999973
23120,0.008247573991680572
23121,0.018316303222276207
23122,0.0030960787443042826
23123,0.005452008976941872
23124,0.8704662089712285
23125,0.9971252190504959
23126,0.0034852970303548823
23127,0.029269864175828525
23128,0.08642868007788787
23129,0.031507604968000126
23130,0.13116854163618152
23131,0.022300522752380786
23132,1.999823663832484e-07
23133,0.9999999724964256
23134,0.001997832053077623
23135,0.031162085382292967
23136,0.05068631385537732
23137,0.0011679720929751501
23138,3.226207948135416e-08
23139,0.022588967906605244
23140,0.4711003417174313
23141,0.9999999735545864
23142,0.7250128908827891
23143,0.9999962200890166
23144,0.9825549051524363
23145,0.020343282433367214
23146,0.4598262368310312
23147,0.07380225353732794
23148,0.011098509855961237
23149,0.9579427100158213
23150,0.1436701660704483
23151,0.023045815241810434
23152,0.9999999999999973
23153,0.0010867028299674814
23154,0.5381515690566484
23155,9.86396427911087e-06
23156,0.9999999699979254
23157,0.025431376019974437
23158,0.02439519698526701
23159,0.04124331872637286
23160,0.03068585728331742
23161,0.015781693656872427
23162,0.7657948277904317
23163,0.9999873218957713
23164,0.7871266626366349
23165,1.0345504217029985e-12
23166,7.280347739938778e-05
23167,0.39817833938578445
23168,0.000142869042386328
23169,0.05352110943244315
23170,0.5632882577438906
23171,0.030703672710771873
23172,0.351499197436683
23173,0.00010177966801730761
23174,0.03798503259602978
23175,0.6095089565614927
23176,0.9999999440054388
23177,0.006908018086597232
23178,0.9999915758726201
23179,0.0014941195228619266
23180,0.08178909511947438
23181,0.0013923800445550933
23182,0.40269687925253883
23183,0.0490451913066905
23184,0.9353088334894549
23185,0.9999494097848814
23186,0.21592905968955595
23187,0.9999999999428992
23188,0.014779887180115006
23189,0.5286406806779022
23190,0.5481315381594483
23191,0.015533469033357582
23192,0.0002980374020790006
23193,0.08395465174996657
23194,0.344508098586314
23195,0.03874939165328143
23196,0.9999999999626068
23197,0.07675454528145018
23198,2.801685400346485e-06
23199,0.97205746054642
23200,0.0040626659847918
23201,0.3930600941763564
23202,0.11193556553792791
23203,0.7280707584047766
23204,0.4768545846497828
23205,0.0006877745212439725
23206,0.9987432763200147
23207,0.36747256786686444
23208,0.02938503547670176
23209,0.008693310049149616
23210,0.0006771076563077503
23211,0.4451407970439879
23212,0.06132672623456084
23213,2.745260902336658e-05
23214,0.00012841905764988474
23215,0.9999997983755491
23216,0.7418629017823001
23217,0.015716652532388863
23218,4.1153036017778567e-07
23219,0.9999999999131917
23220,0.00018161617671756303
23221,0.940810027921564
23222,6.806394462870077e-08
23223,0.08330073364716337
23224,0.0038636157774842883
23225,0.5009769192770519
23226,0.9999706679984095
23227,1.0677375004814356e-05
23228,0.5694883978421972
23229,0.9999978553000727
23230,0.28953176851968726
23231,0.16525200697084705
23232,0.008616826155879416
23233,0.04350594073588978
23234,0.9999992332444584
23235,0.3513652221591623
23236,0.17106275272187116
23237,0.5605851943763354
23238,0.0019413267273408863
23239,0.16896163169661418
23240,0.9975791695849948
23241,0.002448230085259634
23242,0.007101692256483989
23243,0.0016769670107333913
23244,0.9999999999999449
23245,4.508436305278553e-10
23246,0.007029231255682142
23247,0.0003956732373831065
23248,0.10070234316831533
23249,0.02106663430763313
23250,0.5757210374675211
23251,0.006009447649446154
23252,1.330676144039414e-07
23253,0.723445139885747
23254,0.04111832985806782
23255,0.09474864854883616
23256,0.9860680032345599
23257,0.9997429245797382
23258,0.9999999974301574
23259,0.03195264761135476
23260,0.00023344871899893743
23261,0.005847828663065601
23262,0.9502528098214394
23263,0.023839697042913756
23264,0.7130122347791336
23265,0.7125652266111457
23266,0.04720138098478135
23267,0.027311857397222254
23268,0.0498943169024208
23269,0.34262727720228436
23270,0.009120225202460554
23271,0.05058469659727791
23272,0.8717259277528133
23273,0.1470988026429679
23274,0.11819134394972329
23275,0.030402469532219766
23276,0.06963746721981438
23277,0.09199418436874673
23278,0.11079921762889422
23279,1.3214847487632683e-05
23280,0.5688190518525467
23281,0.09905215033163171
23282,0.4420282807311022
23283,9.795242167621231e-06
23284,4.514589445572787e-09
23285,0.5107480888260484
23286,0.013245111969991378
23287,0.013038622955002015
23288,0.9999999999882585
23289,0.03324176868385953
23290,0.9998924508718726
23291,0.27242457997564656
23292,0.03302434543829293
23293,0.4736339145349189
23294,0.9999998201530088
23295,0.1309769450937804
23296,0.008128933764358907
23297,0.01707311396117417
23298,0.9999999999971372
23299,0.07238750592370699
23300,0.0016686193448944382
23301,0.9999999969167992
23302,0.825695146555192
23303,0.011986986660330884
23304,0.009836025017921477
23305,0.14049927605817128
23306,0.00031483223569685957
23307,0.019268274921740467
23308,0.03383298043040792
23309,0.010108506658401975
23310,0.379084624257255
23311,2.3958916550161518e-06
23312,0.0004586085105690905
23313,0.19284088035739808
23314,0.3149590003937516
23315,0.5561685426684699
23316,0.03183632604104572
23317,0.0011284963390487525
23318,1.8194152724744224e-05
23319,0.04966781108441854
23320,0.010107614537806115
23321,0.5073005954503934
23322,0.14306362684383353
23323,0.47259337753058933
23324,0.3970492632450779
23325,3.178572273624097e-10
23326,0.264112451975039
23327,0.020031366191248106
23328,0.5966622773758893
23329,0.0008135648254719413
23330,0.0032317513991846685
23331,0.028686830767261882
23332,1.1234808055513125e-05
23333,0.8045810396408183
23334,0.1223555156209538
23335,0.061715371390138093
23336,1.3447826531121897e-07
23337,0.36222183480237097
23338,0.07589701078753178
23339,0.9999613336318263
23340,0.5836159276008932
23341,0.06686571287390031
23342,0.5867547317631362
23343,0.6005763437955821
23344,0.2080205093122329
23345,0.017159498976875874
23346,0.670577161470734
23347,5.08404487560749e-08
23348,0.9998052994103476
23349,0.03306448083713243
23350,0.9769926492028486
23351,0.45062361679015467
23352,0.9999999999998144
23353,0.009847472143063415
23354,0.016181652863588754
23355,0.06243721247844482
23356,0.03316119158969648
23357,0.9999999999979088
23358,0.008321011564689543
23359,0.9999837780819271
23360,0.9999999999712252
23361,0.520828772270061
23362,0.0015994640160408172
23363,0.8399493033670269
23364,0.023567167536050045
23365,0.9999699984489611
23366,0.47071363395153587
23367,0.047984091806705244
23368,0.10239153838830199
23369,0.7531608832909743
23370,0.8489918149570191
23371,0.3513011322655965
23372,1.2437581434123182e-05
23373,0.4736339145349189
23374,0.06547199986451296
23375,0.0011086778585981374
23376,0.999999000886692
23377,0.9999971334097196
23378,0.022806594146426138
23379,0.0010477105673419927
23380,0.3256210118730167
23381,0.15258653166280936
23382,3.099079539089838e-06
23383,0.05890200527677007
23384,0.9999713024454969
23385,0.0025036924189606314
23386,0.6297653836018552
23387,0.0015967101756179018
23388,0.0060032131094554615
23389,0.28420662329416957
23390,0.005025322406671982
23391,0.9998908578332035
23392,0.4597403989371548
23393,2.59976215705071e-05
23394,0.08912244328174884
23395,0.21390362953226838
23396,0.00984891051456605
23397,0.9999999999999993
23398,8.297245144250669e-07
23399,0.5883445462849022
23400,0.9953040958722555
23401,0.026423718388538874
23402,9.873184892072796e-06
23403,0.008125110260294227
23404,0.0001641910892244674
23405,0.1883714536617199
23406,0.04453266571028034
23407,8.600432973061082e-05
23408,0.9999999689735762
23409,0.0019332075916284398
23410,0.2464737872276203
23411,0.4132296476863538
23412,0.07261775446824778
23413,0.05305979619649424
23414,0.1309262418541155
23415,0.3454057862923537
23416,0.007881916056027562
23417,0.019630501785897092
23418,0.6904937480694051
23419,0.010048446187895035
23420,0.2505556408599635
23421,1.5071804598891634e-06
23422,0.12665148412672467
23423,0.5529640743028243
23424,0.9994864791158415
23425,0.15314438244339235
23426,0.4630204586062979
23427,0.17135976107958786
23428,0.9999999999881595
23429,0.04306155618954884
23430,0.3219250404372844
23431,0.0014941195228619266
23432,0.9999999735545864
23433,0.04922182966267088
23434,0.21912343784420227
23435,0.7524558611105938
23436,0.999999999999998
23437,0.4691976459264447
23438,0.0027808615964095575
23439,1.3953489969240818e-07
23440,0.0008452340933695866
23441,0.3739682452066101
23442,0.02398856533093088
23443,0.45193200867150646
23444,0.5087919103370313
23445,0.3949848896728684
23446,0.2188565115478969
23447,0.999999999998729
23448,0.08350981729682054
23449,0.99999999999978
23450,0.09344360626645491
23451,0.17021247722544885
23452,0.9999999727870369
23453,4.902751783943154e-07
23454,0.014711352387807358
23455,2.510704992973259e-07
23456,0.015093376080981184
23457,1.0509480574908553e-06
23458,0.9999927865592151
23459,0.0008309865480391243
23460,0.023745314024689643
23461,0.8804152106951061
23462,0.14629691213203738
23463,0.2422398214699245
23464,0.00012189299617209763
23465,0.01477552707327007
23466,0.9999999999984592
23467,0.5423278331630844
23468,3.8781037095706844e-05
23469,0.9999954103636156
23470,0.17338554349411353
23471,0.33175659476178576
23472,0.19144078785333918
23473,0.05142895551611986
23474,0.0051299583808380265
23475,0.698883538291481
23476,0.0005197247692905033
23477,0.9999999936098076
23478,0.999999000886692
23479,6.0215170070254644e-05
23480,0.0026935541021788573
23481,0.031365990706609184
23482,0.020852880935006788
23483,0.3341329346032555
23484,0.35580967091147087
23485,0.04739877360904474
23486,0.9999994526886002
23487,0.9975791695849948
23488,0.0266511391016821
23489,0.002735956397188029
23490,0.4094999404014532
23491,0.08025416597112808
23492,0.07459528375752363
23493,0.016276080099771315
23494,0.3988830109204533
23495,0.048566158842803506
23496,0.54397080875743
23497,0.6345716532538952
23498,0.036016753672568645
23499,0.6324451005613191
23500,0.01319516445280488
23501,0.09949762214781642
23502,0.9999998477281881
23503,0.018339662609281954
23504,0.3088095584022886
23505,0.002090610307757699
23506,0.0018731707080230605
23507,0.020149604887599558
23508,0.011359496307923619
23509,0.020835009887012985
23510,0.000909976270689255
23511,0.004679442189883993
23512,8.487829125761732e-05
23513,0.6596184656221817
23514,0.9999999974811882
23515,0.010752736253257941
23516,5.623047646440218e-08
23517,0.017403808074394567
23518,0.029190638731645086
23519,0.004436429492564678
23520,0.00018319493621291564
23521,0.03093118077709255
23522,0.9962865857513226
23523,0.4379383231557117
23524,0.2592349578638526
23525,0.006573968976322374
23526,0.0004956463752981252
23527,0.9999815068673342
23528,0.7203420526425891
23529,0.022294497389048252
23530,0.001647114242402035
23531,0.42831916329945463
23532,0.022892744713515246
23533,0.04400992173918397
23534,0.04749845535937023
23535,0.041130646255602386
23536,0.011728814397700224
23537,0.9998683019925425
23538,0.00027487708855901085
23539,0.01676422344583809
23540,0.9999997778402548
23541,8.156266558145962e-05
23542,0.007266313270420455
23543,0.4445382911683129
23544,0.0025525565447365654
23545,0.9913985594912669
23546,0.7221890724926243
23547,0.11868144060264564
23548,0.07449184654171427
23549,0.04255350238327292
23550,0.08965997689530827
23551,0.9999999958034131
23552,0.014309563652632345
23553,0.02037595053075096
23554,0.0019089133610001817
23555,0.9999999999828686
23556,0.0011485233704395556
23557,0.013644645678930142
23558,0.9999941775678309
23559,0.9999813049087426
23560,1.315937766648571e-11
23561,1.613788239462735e-06
23562,0.0005984826871420878
23563,0.05895377984620408
23564,0.46031922877863124
23565,0.0009599660792523772
23566,0.5964430183468312
23567,0.4982983581611038
23568,0.24943468184071751
23569,0.748491876387292
23570,2.4745870471586915e-13
23571,0.08853703367311429
23572,0.0011167058243244513
23573,0.023140436777801716
23574,0.00045464524567346366
23575,0.03673025281126362
23576,0.6773663153220846
23577,0.9999999999652276
23578,0.4222406216750207
23579,0.9999978553000727
23580,0.2897286732648299
23581,0.05796606074958692
23582,0.24960571558468828
23583,0.27874598792612604
23584,0.000829871850700732
23585,0.6335822728155452
23586,0.44665213105341783
23587,0.19113379370916664
23588,0.9748558023841403
23589,0.018400592581122623
23590,0.04480735430980199
23591,0.02382105127830242
23592,0.05166588985282968
23593,0.0954846403566081
23594,0.00028225852222520527
23595,0.7340215334166397
23596,0.12556540474916283
23597,0.04065023845750727
23598,0.5180870873886807
23599,0.015551050354953997
23600,9.496062979611993e-05
23601,0.006737143782974649
23602,0.11871173946797738
23603,0.034987180766567975
23604,0.999999999998729
23605,0.044868515524315
23606,0.0323293243016446
23607,0.9999962667433226
23608,0.03656516804975752
23609,0.9999999947873253
23610,0.15084351368221152
23611,0.0015858814811121722
23612,0.019654739872369535
23613,0.04064005860761563
23614,0.6886332527951621
23615,0.03362912052641547
23616,0.00016588059672746999
23617,0.08247199991544865
23618,0.033011100180116514
23619,7.395024659966068e-07
23620,0.0682385802483761
23621,0.03311292724996365
23622,0.5509079766288497
23623,0.047318757475664275
23624,0.42489191317961095
23625,0.00016056235819532908
23626,0.7923211316975804
23627,6.30691746703658e-09
23628,0.002185903425265581
23629,0.9999564306420674
23630,0.05600965455299414
23631,0.04182614633399495
23632,0.13561510307607108
23633,0.024887524479618606
23634,0.6278477367439314
23635,0.3923543533351799
23636,0.3389361708418926
23637,0.0023775691211909613
23638,0.003722494346108054
23639,0.6797634589145981
23640,0.02379544093496502
23641,0.2793573538980569
23642,0.08988718126890459
23643,0.2677824080356779
23644,0.07031026370777625
23645,0.007004258822269669
23646,0.057763559079335204
23647,0.9986577500030152
23648,0.9999999999999987
23649,0.00506106595333165
23650,0.9999975517908087
23651,0.9998797152533498
23652,0.99999872398547
23653,0.8400598292810951
23654,0.014358329749776634
23655,0.2685371733732214
23656,0.02273266529772069
23657,0.9999888063275858
23658,0.7327865903238904
23659,0.999863825299234
23660,0.02535255034960263
23661,7.538976806134079e-14
23662,0.11600539728776439
23663,0.017915893990141988
23664,0.04043800684354032
23665,0.33198069820929926
23666,1.8117667185440053e-05
23667,0.0002579280431599209
23668,0.0021383167077816127
23669,0.07134244559282177
23670,0.020691740790819535
23671,1.0
23672,0.005253430651206814
23673,0.02622068002859106
23674,0.026758372672782575
23675,0.03223574563318292
23676,0.006092968664135299
23677,0.0596748233868634
23678,0.3360795443384498
23679,0.023213294633500147
23680,0.02667065562221234
23681,0.00023831600705903277
23682,0.49212283669643886
23683,0.0024510122051080714
23684,0.5157470698546753
23685,0.27944962865419987
23686,0.04183393230550561
23687,0.33112821806696796
23688,0.7698242588096812
23689,0.9175087933462609
23690,0.2900645895220829
23691,0.9999662076950121
23692,0.04053333838103931
23693,0.0003573112327478893
23694,0.3724281478108031
23695,0.8996021579867819
23696,0.03581851056142897
23697,0.5583301556748771
23698,0.9999999999998568
23699,0.05912499414955464
23700,0.0029957432738110285
23701,0.1480734958081632
23702,0.7236169168642593
23703,1.0
23704,0.999967283456212
23705,0.0011690939672552652
23706,0.042282163188221755
23707,9.716600518978788e-11
23708,0.0007061399790758826
23709,0.9999999999922757
23710,0.9994114910501434
23711,0.9999999997952791
23712,0.2712113007579379
23713,0.08972041386072123
23714,0.004106019177646478
23715,0.5778552298673563
23716,0.9999501394855682
23717,3.005921270894045e-08
23718,0.008154056499079179
23719,0.6258514330092873
23720,0.30679083208135266
23721,0.5474101101236157
23722,0.0019636764989413805
23723,0.8119404796868915
23724,0.9144310566249887
23725,0.999996980589338
23726,0.7242718450495141
23727,0.0022028356896700873
23728,0.06500916759635479
23729,0.4298426476454938
23730,1.0
23731,0.0971019176959227
23732,0.6477001962524468
23733,0.9999999936098076
23734,0.6327453546488905
23735,0.0002292820773788941
23736,0.7908041934017221
23737,0.09766296522328125
23738,0.9998331409504452
23739,0.060304868264188
23740,0.9999999959698642
23741,0.043253550941508775
23742,0.39092384126131957
23743,0.43180406272229327
23744,0.03844870633806643
23745,0.7500093791529524
23746,0.0010669109053240578
23747,0.9269695348928781
23748,0.2958512049342523
23749,0.04314927411768192
23750,0.6146325055406522
23751,0.042266654027821655
23752,0.00011836964618585608
23753,0.5065372191280648
23754,7.323471418959794e-11
23755,0.46468302682057816
23756,0.039045125757573504
23757,0.7388983887913956
23758,0.006005135079587519
23759,0.019718392411518834
23760,0.008730917859397336
23761,1.485396572767732e-06
23762,0.4388731320091318
23763,0.03591977143398772
23764,0.5668600331713775
23765,0.05897356796009309
23766,0.09484243860289358
23767,0.6204621961873272
23768,0.9999995033465252
23769,0.0010300470523238552
23770,7.545773017270284e-08
23771,0.09819242090891561
23772,0.027326485432498854
23773,0.06152992445458035
23774,0.02537587574865315
23775,0.02819234732327116
23776,0.9999998619922035
23777,0.12945852636086713
23778,0.9999967331064079
23779,0.0004798750668281036
23780,0.7419234196098979
23781,0.025043717060847542
23782,0.2867895229830987
23783,0.040866095072092753
23784,0.6860433199843257
23785,0.06182028449189576
23786,0.0009579704420815845
23787,0.00024867977780898987
23788,0.9999997202270997
23789,0.5831373706434542
23790,1.815520873516273e-06
23791,0.16763956747829295
23792,0.4757832559758986
23793,0.0011593917700336038
23794,0.008477126211384904
23795,0.003560762724733756
23796,0.4556157757321127
23797,0.9748558023841403
23798,0.06227104656723259
23799,0.4246554654948802
23800,0.34506339326986657
23801,0.03432612497633972
23802,0.9999998945785782
23803,0.9997482225862315
23804,0.018478403387777082
23805,0.002774740486034222
23806,3.98227503718057e-10
23807,0.4483951700756312
23808,0.014197295656649959
23809,0.26734067834264436
23810,0.01375905575023404
23811,0.03172327873315808
23812,0.9944186896485591
23813,0.3666125934560667
23814,0.0011176391918093162
23815,1.1588040804521723e-07
23816,0.12603883825661136
23817,0.00015441118029757312
23818,0.31758946648587366
23819,0.9999057881249208
23820,0.0019221671296679947
23821,0.3541309534300222
23822,0.02457888031831591
23823,0.46644185595801324
23824,0.003110079509052019
23825,7.467513241533638e-09
23826,0.09743781685274776
23827,6.253063920272079e-09
23828,0.04146614336994078
23829,0.43706396294607297
23830,0.0010407644471345373
23831,0.7980665942504805
23832,0.22182497640526538
23833,0.6943020875469313
23834,0.026599213757825816
23835,0.00016056235819532908
23836,0.00810853190671197
23837,0.01590763992125739
23838,3.638865192409345e-05
23839,0.8579901809213961
23840,0.03099306873549277
23841,0.7162495473589218
23842,0.20102660986517865
23843,1.2642669264641414e-08
23844,0.00035536520208050647
23845,2.3668163415156174e-05
23846,0.1571208536580715
23847,0.0892091082559113
23848,0.7804096266769739
23849,0.5291276474898762
23850,0.6433569802961556
23851,0.9986712126456335
23852,0.020395752734117808
23853,0.3196255141289512
23854,0.18722090683409104
23855,0.14078764432977536
23856,0.9999724699774986
23857,0.6995759215257208
23858,0.9999998247252057
23859,0.050330695196696223
23860,0.05447609642424264
23861,0.9844329178746402
23862,0.9068601590916974
23863,0.0809845203003206
23864,0.07474599828001786
23865,0.9999999999882585
23866,0.18371652729172186
23867,0.9998908578332035
23868,0.7257511487039752
23869,0.18312453382687888
23870,0.016182799814854643
23871,0.005998968612227374
23872,0.02338161940774899
23873,0.8098512439794546
23874,0.06749630247193666
23875,0.32756844011165437
23876,0.0008828041252505915
23877,0.018946877013393443
