id,score
0,1.0
1,0.03
2,0.33
3,0.01
4,0.54
5,0.05
6,0.18430976430976428
7,0.31
8,0.02
9,0.14076923076923076
10,0.06
11,0.99
12,0.99
13,0.05
14,0.1
15,1.0
16,0.14
17,0.95
18,0.99
19,0.19
20,0.09
21,0.0
22,0.01
23,0.39
24,0.09
25,0.02
26,0.36
27,0.25
28,0.98
29,0.03
30,0.07
31,0.25
32,0.98
33,0.15
34,1.0
35,0.18
36,0.07
37,0.78
38,0.08
39,0.01
40,1.0
41,1.0
42,0.02
43,0.4
44,0.045
45,0.1
46,1.0
47,0.66
48,0.88
49,0.16
50,0.05
51,1.0
52,0.01
53,0.24
54,0.08
55,0.07
56,0.14
57,0.01
58,0.02
59,0.03
60,0.775
61,0.2
62,0.3
63,0.26
64,0.02
65,0.27
66,0.05
67,0.29
68,0.01
69,0.27
70,0.424
71,0.0
72,0.26
73,0.09
74,0.18
75,0.22
76,0.37
77,0.16
78,0.07
79,0.12
80,0.06
81,0.23186741363211952
82,0.04
83,0.11
84,0.11
85,1.0
86,0.09
87,0.26
88,0.9621428571428572
89,0.995
90,0.17
91,0.15
92,0.1
93,0.34
94,0.16
95,0.09
96,0.025
97,0.25
98,0.2363177136770106
99,0.09
100,0.01
101,0.2
102,1.0
103,0.1
104,1.0
105,0.59
106,0.46
107,0.19
108,0.25
109,0.94
110,0.32
111,0.9507407407407408
112,0.11
113,0.1
114,0.18
115,0.29
116,0.09
117,0.55
118,0.66
119,0.2
120,0.09
121,0.06
122,0.79
123,0.05
124,0.1
125,1.0
126,0.09
127,0.32
128,0.02
129,1.0
130,0.04
131,0.030454545454545453
132,0.2
133,0.99
134,0.13
135,0.18
136,0.25
137,0.21
138,0.04
139,0.62
140,0.09
141,0.26
142,0.05
143,0.03
144,0.03
145,0.01
146,0.06
147,0.97
148,0.06
149,0.02846153846153846
150,0.1
151,1.0
152,0.10333333333333332
153,0.09
154,0.5018794538794539
155,0.13
156,0.03416666666666667
157,1.0
158,0.06
159,0.42
160,0.9374074074074074
161,0.21
162,0.09
163,0.05
164,0.04
165,0.23
166,0.02
167,0.75
168,0.13
169,0.01
170,0.06
171,0.0
172,0.29
173,0.3305833333333333
174,0.35
175,0.06
176,0.06
177,0.3
178,0.37
179,0.38
180,0.1
181,0.99
182,0.32
183,0.03
184,0.32
185,0.12
186,0.13
187,0.2
188,0.34
189,0.09
190,0.22
191,1.0
192,0.26
193,0.15
194,1.0
195,0.38
196,0.19
197,0.0
198,0.3273809523809524
199,0.3
200,0.01
201,0.23
202,0.05
203,0.11
204,0.3
205,0.22
206,0.52
207,1.0
208,0.16139386838651543
209,0.04
210,0.6
211,0.03
212,0.054000000000000006
213,0.29
214,0.13
215,0.98
216,0.08
217,0.07
218,0.03
219,0.03
220,0.01
221,0.94
222,0.16
223,0.02
224,0.05
225,0.04
226,0.56
227,0.09202380952380952
228,0.115
229,1.0
230,0.01
231,0.02
232,0.29
233,0.45
234,0.18
235,1.0
236,0.77
237,0.11
238,0.05
239,0.01
240,0.17
241,0.0
242,0.12
243,0.09
244,1.0
245,0.35
246,0.04
247,0.01
248,0.11029040404040405
249,0.44
250,0.15
251,0.04
252,0.98
253,1.0
254,0.04
255,0.02
256,0.95
257,0.3933333333333333
258,0.19
259,0.46
260,0.08
261,0.03
262,0.22
263,0.16833333333333333
264,0.15
265,0.0
266,0.08
267,0.22
268,0.05
269,0.11
270,0.15614086498297025
271,0.11
272,0.03
273,0.72
274,1.0
275,0.4
276,0.13333333333333333
277,0.49
278,0.85
279,0.88
280,0.0
281,0.08
282,0.36
283,0.28
284,0.14833333333333334
285,0.02
286,0.81
287,0.31
288,0.19
289,0.01
290,0.21
291,0.03
292,0.62
293,0.48
294,0.03
295,0.47
296,0.74
297,1.0
298,0.01
299,0.05
300,0.05
301,0.02
302,0.02
303,0.0
304,0.2
305,0.28
306,0.28
307,0.91
308,0.0
309,0.05
310,0.99
311,1.0
312,1.0
313,0.06
314,0.23
315,0.14
316,0.3
317,0.6
318,0.21
319,0.11
320,0.02
321,0.28
322,0.06
323,0.12
324,1.0
325,0.516008878065318
326,0.89
327,0.05545454545454545
328,0.05
329,0.05
330,0.02
331,0.02
332,0.12
333,0.22
334,0.14
335,0.03
336,0.09
337,0.19
338,0.01
339,0.006666666666666666
340,0.26
341,0.21
342,0.21
343,0.07
344,0.0
345,0.44
346,0.8155
347,0.08
348,1.0
349,0.99
350,0.05
351,0.13
352,1.0
353,0.0
354,0.15
355,0.22
356,0.11815039024443046
357,0.21
358,1.0
359,0.22
360,0.174
361,0.2
362,0.13
363,0.47
364,0.4
365,0.059500000000000004
366,0.51
367,0.08
368,0.0
369,1.0
370,0.3
371,0.13
372,0.56
373,0.2
374,0.545
375,0.24
376,0.06
377,0.75
378,0.18
379,0.5544444444444444
380,0.03
381,0.4
382,0.8
383,0.14
384,0.2
385,1.0
386,0.02
387,0.02
388,0.76
389,0.93
390,0.02
391,0.27
392,0.09
393,0.06
394,0.37
395,0.46
396,0.04
397,0.01
398,0.08
399,0.8592307692307692
400,0.11
401,1.0
402,0.0
403,0.03
404,0.04
405,0.19
406,0.25
407,1.0
408,0.05
409,0.07
410,0.83
411,0.18
412,0.99
413,0.76
414,0.2
415,0.15
416,0.01
417,0.44
418,0.01
419,0.26
420,0.04
421,0.23
422,0.96
423,0.48
424,0.12
425,0.85
426,0.0
427,0.49
428,0.12
429,0.88
430,0.64
431,0.26
432,0.02
433,0.48
434,0.32
435,0.175
436,0.35
437,0.11
438,0.19
439,0.09
440,0.42
441,0.09333333333333334
442,0.24
443,1.0
444,0.74
445,0.5066666666666667
446,0.06
447,0.06
448,1.0
449,0.16
450,0.38
451,0.31
452,0.7
453,1.0
454,0.16
455,0.17
456,0.9288888888888889
457,0.37
458,0.3
459,0.01
460,0.35
461,0.03
462,0.83
463,0.13
464,0.06
465,0.26
466,0.01
467,0.3275
468,1.0
469,0.31
470,0.09
471,0.18384078884078886
472,0.1
473,0.2
474,0.32
475,0.13
476,0.1825506801929605
477,0.02
478,0.95
479,0.11
480,0.03
481,0.8158215826571091
482,0.4742619047619047
483,0.18666666666666668
484,0.03
485,0.08
486,1.0
487,0.12
488,0.06
489,0.13
490,0.18
491,0.31
492,0.73
493,0.0675
494,0.43
495,0.12
496,0.37
497,0.18800921658986172
498,0.31
499,0.17
500,0.18
501,0.14
502,0.09
503,1.0
504,0.02
505,0.43
506,0.63
507,0.7339102564102565
508,0.2025
509,0.0375
510,0.05
511,0.0
512,0.29
513,0.355
514,0.17
515,0.09
516,0.24
517,0.21
518,0.82
519,0.1
520,0.3
521,0.12
522,0.1
523,0.07
524,0.17
525,0.04
526,0.28
527,0.05
528,0.08
529,1.0
530,0.2
531,0.51
532,0.37
533,0.01
534,0.52
535,0.05
536,0.09
537,0.8725
538,0.5
539,0.11
540,0.24
541,0.55
542,0.06
543,0.06
544,0.19
545,0.15
546,0.3
547,0.06
548,0.64
549,0.165
550,0.23
551,0.96
552,1.0
553,0.29
554,0.99
555,0.01
556,0.04
557,0.06
558,0.52
559,1.0
560,0.21
561,0.17
562,0.98
563,0.57
564,0.07
565,0.11046511627906977
566,0.44
567,0.04
568,0.09
569,0.08
570,0.85
571,0.29
572,0.11
573,0.13
574,0.16
575,1.0
576,0.11
577,0.04
578,0.48
579,1.0
580,0.1
581,0.0
582,0.04666666666666666
583,0.1
584,0.01
585,0.46
586,0.41125
587,1.0
588,0.12
589,0.41
590,1.0
591,0.3233333333333333
592,1.0
593,0.01
594,0.83
595,0.05
596,0.01
597,0.12
598,0.03
599,0.24
600,0.17857142857142858
601,0.77
602,0.24
603,0.98
604,0.17
605,0.08
606,0.26
607,0.16
608,0.02
609,0.01
610,0.06
611,0.33
612,0.21
613,0.05
614,0.11
615,0.31
616,0.18
617,0.33
618,0.04
619,0.026142857142857138
620,0.23
621,0.29
622,0.26
623,0.1
624,0.02
625,0.06
626,0.12
627,0.7339102564102565
628,0.97
629,0.05
630,0.99
631,0.09
632,0.97
633,0.07267857142857143
634,0.47
635,0.16
636,0.08
637,0.08
638,0.0
639,0.11
640,1.0
641,0.05
642,0.04
643,1.0
644,0.56
645,0.3015
646,0.15
647,0.4
648,0.11540630422209369
649,0.16
650,0.14
651,0.06
652,0.98
653,0.0
654,0.22
655,1.0
656,0.28
657,0.01
658,0.03
659,0.28
660,0.21
661,0.07
662,1.0
663,0.16
664,0.09
665,0.99
666,0.14
667,0.059444444444444446
668,0.0
669,0.98
670,0.09
671,0.46
672,0.3
673,1.0
674,0.99
675,0.2565932893960758
676,0.035
677,0.53
678,0.14
679,0.04
680,1.0
681,0.25
682,0.99
683,0.99
684,0.04
685,0.99
686,0.0
687,0.19
688,0.99
689,0.32
690,0.05
691,1.0
692,0.05
693,0.3
694,0.99
695,0.4104558512943373
696,0.18755086580086566
697,0.98
698,0.33
699,0.19
700,0.99
701,0.75
702,0.19633333333333333
703,0.12
704,0.08
705,0.25
706,0.0
707,0.99
708,0.01
709,0.09
710,0.99
711,0.11
712,0.08
713,0.56
714,0.43700000000000006
715,0.18
716,0.25678571428571423
717,1.0
718,0.025
719,0.98
720,0.66
721,0.18
722,0.63
723,0.89
724,0.91
725,0.94
726,0.22
727,0.3
728,0.02
729,0.1
730,0.01
731,0.1
732,1.0
733,0.78
734,0.291875
735,0.15
736,0.32
737,0.06
738,0.99
739,0.18
740,0.16
741,0.13
742,0.12970588235294117
743,0.05
744,0.02
745,0.44
746,0.01
747,0.6
748,0.0
749,0.28
750,0.04
751,0.12613125763125763
752,0.77
753,0.12
754,0.92
755,0.24
756,0.01
757,0.01
758,0.16
759,0.82
760,0.17
761,0.06
762,0.01
763,0.08
764,0.21
765,0.02
766,0.33
767,0.2
768,0.0
769,1.0
770,0.04
771,0.0590079365079365
772,0.91
773,0.33
774,0.45
775,0.39
776,0.2
777,0.12
778,0.04
779,0.91
780,0.16
781,0.05
782,0.12
783,0.2
784,0.1
785,1.0
786,0.16
787,0.51
788,0.0
789,0.003333333333333333
790,0.35
791,0.14
792,0.06
793,0.02
794,0.03
795,0.21
796,0.97
797,0.36
798,0.3
799,0.05
800,1.0
801,0.07
802,0.05
803,0.01
804,0.09
805,0.36
806,0.01
807,0.19
808,0.05
809,0.13
810,1.0
811,1.0
812,0.34
813,0.27
814,0.89
815,0.3
816,0.03
817,0.24
818,0.723393665158371
819,0.05
820,0.0
821,0.53
822,0.03
823,0.14
824,0.71
825,0.385
826,0.49
827,0.07
828,1.0
829,0.01
830,0.18
831,0.06
832,0.35
833,0.23333333333333336
834,0.045
835,0.13
836,0.04
837,0.003333333333333333
838,0.99
839,0.06
840,0.61
841,0.08
842,0.09023255813953489
843,0.15333333333333332
844,0.99
845,0.16
846,0.0
847,0.08
848,0.28
849,0.25
850,0.03
851,0.0
852,0.26
853,0.67
854,1.0
855,0.15
856,0.17
857,0.24
858,1.0
859,0.49
860,0.03
861,0.05
862,0.99
863,0.14
864,0.21
865,0.47
866,0.11
867,1.0
868,0.14
869,1.0
870,0.12
871,0.98
872,0.03
873,0.17
874,0.13
875,0.01
876,0.93
877,0.01
878,0.1
879,0.07
880,0.0
881,0.01
882,0.08
883,0.03
884,0.14
885,0.03
886,0.02
887,0.16
888,0.12
889,0.6
890,0.37
891,0.14
892,0.35
893,0.41
894,0.26666666666666666
895,0.005
896,0.17
897,0.2
898,0.15
899,0.0
900,0.65
901,0.22
902,0.17833333333333334
903,1.0
904,0.05
905,0.04
906,0.18
907,0.14
908,0.02
909,0.36
910,0.03
911,0.01
912,0.54
913,0.18
914,0.09
915,0.98
916,0.24
917,0.15
918,0.08
919,0.031875
920,0.59
921,0.39
922,0.02
923,0.39
924,0.315
925,0.53
926,0.0
927,0.5
928,0.32
929,0.26
930,0.02
931,0.13
932,0.10333333333333332
933,0.01
934,0.0
935,0.42
936,0.09
937,0.2
938,1.0
939,0.5075
940,1.0
941,0.04
942,0.07
943,0.51
944,0.22
945,0.26
946,0.06
947,0.11
948,0.15
949,0.4
950,0.42
951,0.14
952,0.99
953,0.28
954,0.06
955,0.18
956,0.31
957,0.22
958,0.07
959,0.05
960,0.69
961,0.13
962,0.05
963,0.39
964,0.23583333333333337
965,0.19
966,0.006666666666666666
967,0.27
968,0.12
969,0.99
970,0.31
971,0.29
972,0.21
973,0.05
974,0.06
975,0.03
976,0.85
977,0.98
978,1.0
979,0.49
980,0.995
981,0.24
982,0.12
983,0.563
984,0.22
985,0.0
986,0.99
987,0.45
988,0.33
989,0.01
990,0.99
991,0.4
992,0.21
993,0.03
994,0.01
995,1.0
996,0.8242250000000001
997,0.01
998,0.9386666666666668
999,0.15
1000,1.0
1001,0.58
1002,0.62
1003,0.06
1004,0.24
1005,0.03
1006,0.02
1007,0.14
1008,0.025
1009,0.04
1010,0.18083333333333332
1011,0.0
1012,0.23
1013,0.06
1014,0.35
1015,0.35
1016,0.035
1017,0.66
1018,0.74
1019,0.03
1020,0.05
1021,0.1434166666666667
1022,0.13
1023,0.33
1024,0.17
1025,0.5
1026,0.59
1027,0.36
1028,0.07
1029,0.215
1030,0.89
1031,0.08
1032,0.18
1033,0.11
1034,1.0
1035,0.83
1036,0.78
1037,0.02
1038,0.11583333333333332
1039,0.11
1040,0.27
1041,0.06
1042,0.02
1043,0.9396428571428572
1044,0.07
1045,0.18
1046,0.88
1047,0.01
1048,0.29
1049,0.01
1050,0.31
1051,0.43
1052,0.04742857142857143
1053,0.036000000000000004
1054,0.21
1055,0.28
1056,0.23
1057,0.56
1058,0.99
1059,0.04
1060,0.19119540696983717
1061,0.98
1062,0.04
1063,0.01
1064,0.03
1065,0.9895
1066,1.0
1067,0.02
1068,0.16
1069,0.8361344339622642
1070,0.05
1071,0.46
1072,0.9666666666666666
1073,1.0
1074,0.11
1075,0.36
1076,0.02
1077,0.26
1078,0.7022985347985349
1079,0.0
1080,0.30333333333333334
1081,0.1
1082,0.21
1083,0.18
1084,0.225
1085,0.18
1086,0.05
1087,0.05
1088,0.11
1089,0.13
1090,0.12
1091,0.01
1092,1.0
1093,0.03
1094,0.08
1095,0.55
1096,0.39
1097,0.4
1098,1.0
1099,0.18
1100,0.13
1101,0.12222222222222222
1102,0.37
1103,0.0
1104,0.01
1105,0.1
1106,0.13
1107,0.46877848385704435
1108,1.0
1109,0.262
1110,0.05
1111,0.49
1112,0.04
1113,0.2
1114,0.06
1115,0.19
1116,0.02
1117,0.29
1118,0.76
1119,0.25
1120,0.003333333333333333
1121,0.06
1122,0.04
1123,0.17285714285714285
1124,0.07
1125,0.04
1126,0.14
1127,0.37
1128,0.36
1129,0.35
1130,1.0
1131,0.18
1132,0.36
1133,1.0
1134,0.31
1135,0.02
1136,0.859090909090909
1137,1.0
1138,0.15
1139,0.1
1140,0.19119540696983717
1141,0.21
1142,0.18666666666666665
1143,0.14
1144,0.17
1145,0.06
1146,0.59
1147,0.21
1148,0.9266666666666665
1149,0.2
1150,0.08
1151,0.07
1152,0.17
1153,0.03
1154,0.6741666666666667
1155,0.2
1156,0.03
1157,0.64
1158,0.11
1159,0.42
1160,0.11
1161,0.0
1162,0.33
1163,0.0
1164,0.11
1165,0.16
1166,0.4
1167,0.03
1168,0.8958333333333335
1169,0.05
1170,0.43
1171,0.13
1172,0.96
1173,0.11
1174,0.16
1175,0.3
1176,0.08
1177,0.13
1178,0.91
1179,0.59
1180,0.06
1181,1.0
1182,0.53
1183,0.06
1184,1.0
1185,0.97
1186,0.22
1187,0.08
1188,0.0
1189,1.0
1190,0.07
1191,0.11
1192,0.01
1193,0.02
1194,0.04
1195,0.12
1196,0.09
1197,0.06
1198,0.14666666666666667
1199,0.37
1200,0.2
1201,0.805
1202,0.05
1203,0.02
1204,0.98
1205,0.93
1206,0.98
1207,0.2
1208,0.16
1209,0.04
1210,0.25
1211,0.1
1212,0.36
1213,0.01
1214,0.1
1215,0.05
1216,0.45
1217,0.1
1218,0.14
1219,0.01
1220,0.08
1221,0.06
1222,0.12
1223,0.16
1224,0.38
1225,1.0
1226,0.03
1227,0.02
1228,0.99
1229,0.04
1230,0.92
1231,0.01
1232,0.31
1233,0.38
1234,0.21
1235,0.22
1236,0.13
1237,0.97
1238,0.99
1239,0.34
1240,0.34
1241,0.01
1242,0.32
1243,0.01
1244,0.99
1245,0.14
1246,1.0
1247,0.99
1248,0.19
1249,0.05
1250,0.05
1251,0.04
1252,0.11
1253,0.23
1254,0.03
1255,0.8155
1256,0.97
1257,0.12
1258,0.06
1259,0.01
1260,0.56
1261,0.12
1262,0.01
1263,0.03
1264,0.1
1265,0.99
1266,0.2
1267,0.59
1268,0.14
1269,0.03
1270,0.12
1271,0.09
1272,0.96
1273,0.24
1274,0.12
1275,0.49413013244806714
1276,0.01
1277,0.09
1278,0.15
1279,0.06
1280,0.45
1281,0.05352995391705069
1282,0.22
1283,0.17
1284,0.41
1285,0.16
1286,0.13
1287,0.07
1288,0.01
1289,0.03
1290,1.0
1291,0.34295238095238095
1292,0.025531914893617023
1293,0.19
1294,0.16
1295,0.4
1296,0.02
1297,0.07
1298,0.0
1299,0.99
1300,0.14
1301,0.07
1302,0.03
1303,0.58
1304,0.322
1305,0.05
1306,0.33
1307,0.98
1308,0.06
1309,0.31
1310,0.16
1311,0.16
1312,0.25
1313,0.74
1314,0.45
1315,0.42
1316,0.18
1317,0.3433333333333334
1318,0.13
1319,0.1
1320,0.02
1321,0.175
1322,0.36
1323,0.11
1324,0.01
1325,0.1946651583710407
1326,0.24
1327,0.23234581105169344
1328,0.34
1329,0.0
1330,0.31
1331,0.61
1332,0.016
1333,0.01
1334,0.18
1335,1.0
1336,1.0
1337,0.1
1338,0.98
1339,0.2
1340,0.09
1341,0.23
1342,0.12
1343,0.17
1344,0.12
1345,0.02
1346,0.7783095238095238
1347,0.02
1348,0.46
1349,0.49
1350,1.0
1351,0.39
1352,0.39
1353,0.72
1354,0.6099999999999999
1355,0.09153846153846153
1356,0.25
1357,0.38
1358,0.27
1359,0.04
1360,0.01
1361,1.0
1362,0.13
1363,0.04
1364,0.15
1365,0.0
1366,0.21166666666666667
1367,0.04
1368,0.42
1369,0.1
1370,0.32
1371,0.01
1372,0.1
1373,0.39
1374,1.0
1375,0.03
1376,0.14
1377,1.0
1378,0.02
1379,0.6
1380,0.20857142857142857
1381,0.18
1382,0.1
1383,0.27
1384,1.0
1385,0.18
1386,0.04
1387,0.29583333333333334
1388,1.0
1389,0.83
1390,1.0
1391,0.02
1392,0.26
1393,0.39
1394,0.17
1395,0.15
1396,0.0
1397,0.22
1398,0.15333333333333335
1399,0.03
1400,0.21
1401,0.08
1402,0.17
1403,0.44
1404,0.0
1405,0.44
1406,0.03
1407,0.07
1408,0.09
1409,0.13
1410,0.0
1411,0.2
1412,0.94
1413,0.26
1414,0.01
1415,0.36
1416,0.47
1417,0.46
1418,0.99
1419,0.34
1420,0.99
1421,0.01
1422,0.37
1423,0.05
1424,0.07
1425,0.78
1426,0.09
1427,0.07
1428,0.24
1429,0.27
1430,1.0
1431,0.66
1432,0.08
1433,0.01
1434,1.0
1435,0.71685
1436,0.22338095238095235
1437,0.01
1438,1.0
1439,0.01
1440,0.16
1441,0.8055322455322456
1442,0.18
1443,0.05
1444,0.03
1445,0.93
1446,0.19
1447,0.36
1448,0.12
1449,0.46
1450,0.8158215826571091
1451,0.03
1452,0.05307692307692308
1453,0.28
1454,0.05
1455,0.22
1456,0.12
1457,0.99
1458,1.0
1459,0.095
1460,0.03
1461,0.36
1462,1.0
1463,0.22
1464,0.01
1465,0.7
1466,0.17
1467,0.16
1468,0.18
1469,0.34
1470,0.24
1471,0.14
1472,0.07
1473,0.465
1474,0.47
1475,0.02
1476,0.02
1477,0.92
1478,0.40969047619047616
1479,0.12
1480,0.48
1481,0.32
1482,0.27
1483,0.16
1484,0.14
1485,0.06
1486,0.01
1487,0.05
1488,0.01
1489,0.995
1490,0.04
1491,0.17
1492,0.12
1493,0.16
1494,0.5
1495,0.44
1496,0.29
1497,0.25
1498,0.01
1499,0.28
1500,1.0
1501,0.03
1502,0.07
1503,0.29
1504,0.09
1505,0.02
1506,0.13
1507,0.09
1508,0.07
1509,0.1993685943829132
1510,0.46
1511,0.23
1512,0.06
1513,0.06
1514,0.3
1515,0.245
1516,0.5882111217118713
1517,0.03
1518,0.22
1519,0.1
1520,0.06
1521,0.11
1522,0.15
1523,0.15
1524,0.14
1525,0.4
1526,0.08
1527,0.99
1528,0.28
1529,1.0
1530,0.33
1531,0.06
1532,0.4675
1533,0.14
1534,1.0
1535,0.34
1536,0.23
1537,0.09
1538,0.23
1539,0.07
1540,0.03
1541,0.38
1542,1.0
1543,0.09
1544,0.8455256410256411
1545,0.15
1546,0.01
1547,0.29
1548,0.37
1549,0.29
1550,0.13
1551,0.17
1552,0.03
1553,0.0
1554,0.04
1555,0.8
1556,0.09
1557,1.0
1558,0.47
1559,0.47
1560,0.35
1561,0.0
1562,0.14
1563,0.1
1564,0.03
1565,0.17
1566,0.0
1567,0.22
1568,0.58
1569,1.0
1570,0.05
1571,0.02
1572,0.4733333333333334
1573,0.89
1574,0.03
1575,1.0
1576,0.27
1577,0.02
1578,0.13
1579,0.8542857142857143
1580,0.03
1581,0.22
1582,0.02
1583,0.42
1584,1.0
1585,0.0
1586,0.11
1587,0.18
1588,0.49
1589,0.53
1590,0.04
1591,0.25
1592,0.14
1593,0.14
1594,0.09333333333333334
1595,0.97
1596,0.25
1597,0.62
1598,1.0
1599,0.36
1600,1.0
1601,0.6
1602,0.36
1603,0.02
1604,0.16333333333333336
1605,0.05
1606,0.0
1607,0.05
1608,0.05
1609,1.0
1610,0.05
1611,0.5
1612,0.43
1613,0.2
1614,0.17
1615,0.1
1616,1.0
1617,0.07
1618,0.04
1619,0.9006666666666666
1620,0.01
1621,0.01
1622,0.42
1623,0.34
1624,0.02
1625,0.37
1626,0.066
1627,0.07
1628,0.92
1629,0.35
1630,0.37
1631,0.04
1632,0.96
1633,1.0
1634,0.01
1635,0.06
1636,0.15
1637,0.52
1638,0.14
1639,0.66
1640,0.56
1641,0.0
1642,1.0
1643,0.01
1644,0.4
1645,0.48
1646,0.05
1647,0.03
1648,0.32
1649,0.06
1650,0.16
1651,0.13
1652,0.02
1653,0.18
1654,0.11
1655,0.82
1656,0.11
1657,0.34
1658,0.04
1659,0.08
1660,0.09
1661,0.25
1662,0.1
1663,0.07
1664,0.25
1665,0.64
1666,0.05
1667,0.62
1668,0.26
1669,0.0
1670,0.0
1671,0.46
1672,0.07142857142857142
1673,0.33
1674,0.17
1675,0.08
1676,0.09
1677,0.16
1678,0.15307692307692308
1679,0.3
1680,0.33
1681,0.07
1682,0.011000000000000001
1683,0.62
1684,0.22
1685,0.23
1686,0.26
1687,0.24
1688,0.94
1689,0.45
1690,0.07
1691,0.27
1692,0.12083333333333332
1693,0.19
1694,0.32
1695,0.98
1696,0.95
1697,0.33
1698,0.99
1699,0.94
1700,0.62
1701,0.0
1702,0.06
1703,0.02
1704,0.12333333333333334
1705,0.03
1706,1.0
1707,0.16
1708,0.02
1709,0.97
1710,0.12
1711,1.0
1712,0.14076923076923076
1713,0.01
1714,0.07
1715,0.26
1716,0.21
1717,0.71
1718,0.8335873015873015
1719,0.46
1720,0.9125
1721,0.57
1722,0.04
1723,0.67
1724,0.04
1725,0.03090579710144927
1726,0.57
1727,0.1
1728,0.16
1729,0.47
1730,0.37
1731,0.14
1732,0.33
1733,0.01
1734,0.45
1735,0.69
1736,1.0
1737,0.58
1738,0.99
1739,0.11
1740,0.18
1741,0.31
1742,0.09
1743,0.3
1744,0.05
1745,0.06
1746,0.10666666666666666
1747,0.28
1748,0.07
1749,0.18
1750,0.0
1751,0.026666666666666665
1752,0.01
1753,0.05
1754,0.06
1755,0.05
1756,0.7
1757,0.1
1758,0.02
1759,0.35
1760,0.01
1761,0.14
1762,0.98
1763,0.2
1764,0.11
1765,0.2
1766,0.14
1767,0.06
1768,0.27
1769,0.6657575524295839
1770,0.21
1771,0.3
1772,0.01
1773,0.36
1774,0.08
1775,0.03
1776,0.05
1777,0.23
1778,1.0
1779,0.13
1780,0.09
1781,0.3628571428571428
1782,0.05
1783,0.78
1784,0.08
1785,0.0
1786,1.0
1787,1.0
1788,0.45
1789,0.54
1790,0.34
1791,0.14
1792,0.3
1793,0.145
1794,0.63
1795,0.095
1796,0.25522871273503556
1797,0.13
1798,0.99
1799,0.27
1800,0.02
1801,1.0
1802,0.02
1803,0.08
1804,0.1
1805,0.18
1806,0.12
1807,0.28
1808,0.22
1809,0.04
1810,0.98
1811,0.25522871273503556
1812,0.06
1813,0.652
1814,0.24
1815,0.09
1816,0.31
1817,0.03
1818,0.07
1819,0.1
1820,1.0
1821,0.02
1822,0.01
1823,0.71
1824,0.09
1825,1.0
1826,0.05
1827,0.01
1828,0.24
1829,0.25666666666666665
1830,0.13
1831,0.73
1832,0.18
1833,0.05
1834,1.0
1835,0.32
1836,0.01
1837,0.8642105263157894
1838,0.36
1839,0.06
1840,0.11
1841,0.15
1842,0.08
1843,0.2
1844,0.01
1845,0.5202256823860129
1846,0.09
1847,0.2
1848,0.07
1849,0.22
1850,0.722
1851,0.0
1852,0.03
1853,0.11
1854,0.02
1855,0.0
1856,0.17
1857,0.14
1858,0.36
1859,0.29
1860,0.48
1861,0.53
1862,0.034166666666666665
1863,0.36
1864,1.0
1865,0.05
1866,0.1
1867,0.99
1868,0.06
1869,1.0
1870,0.2
1871,0.13
1872,0.03
1873,1.0
1874,0.14
1875,0.25
1876,0.02
1877,1.0
1878,0.1
1879,0.065
1880,0.38
1881,0.04
1882,0.06
1883,0.19
1884,0.52
1885,0.97
1886,0.01
1887,0.03
1888,0.4
1889,0.27
1890,0.67
1891,1.0
1892,0.01
1893,0.065
1894,0.02
1895,0.72
1896,0.16
1897,0.12
1898,0.08
1899,1.0
1900,0.02
1901,0.7965094339622641
1902,0.23
1903,0.68
1904,0.07
1905,0.21
1906,0.43
1907,0.41
1908,0.97
1909,0.7442122838401908
1910,0.82
1911,0.002
1912,0.06
1913,0.1
1914,0.39
1915,0.016666666666666666
1916,1.0
1917,0.31
1918,0.15
1919,0.7843095238095238
1920,1.0
1921,0.0
1922,0.99
1923,0.75
1924,0.06
1925,0.28
1926,0.94
1927,0.05
1928,0.05
1929,0.28
1930,1.0
1931,0.7733333333333334
1932,1.0
1933,0.43
1934,0.43
1935,0.01
1936,0.12
1937,0.04
1938,0.68
1939,0.15
1940,0.29
1941,0.02
1942,0.76
1943,0.99
1944,0.11
1945,0.06849999999999999
1946,0.02
1947,0.12
1948,0.91
1949,0.914
1950,0.23
1951,0.99375
1952,0.66
1953,0.25
1954,0.15
1955,0.3293333333333333
1956,0.22
1957,0.29
1958,0.18
1959,0.24
1960,0.06
1961,0.19
1962,0.03
1963,0.29
1964,0.0740909090909091
1965,0.05
1966,0.01
1967,0.03
1968,0.125
1969,0.8055322455322456
1970,1.0
1971,0.42
1972,0.39
1973,0.1
1974,0.0
1975,0.6
1976,0.0
1977,0.06
1978,0.15
1979,0.04
1980,0.115
1981,0.23
1982,0.62
1983,0.06
1984,0.17
1985,0.065
1986,0.04
1987,0.29
1988,0.0103559510567297
1989,0.11
1990,0.19
1991,0.1030800865800866
1992,0.06
1993,0.8353333333333333
1994,0.99
1995,0.04
1996,0.075
1997,1.0
1998,0.03
1999,0.71685
2000,0.35
2001,0.08
2002,0.0
2003,0.02
2004,0.05
2005,0.06
2006,0.42
2007,0.07
2008,0.44
2009,0.09
2010,0.49
2011,0.01
2012,0.99
2013,0.428
2014,0.07
2015,0.14396135265700483
2016,0.05
2017,0.04
2018,0.28
2019,0.02
2020,0.04
2021,0.20910256410256411
2022,0.19
2023,0.07
2024,1.0
2025,0.68
2026,0.97
2027,0.17
2028,0.54
2029,0.19
2030,0.03
2031,0.0
2032,0.06
2033,0.19
2034,0.12
2035,0.09
2036,0.44
2037,0.65
2038,0.125
2039,0.04
2040,0.16
2041,1.0
2042,0.22
2043,1.0
2044,1.0
2045,0.2
2046,0.014750000000000001
2047,0.04
2048,0.01
2049,0.5
2050,0.5
2051,0.01
2052,0.01
2053,0.06
2054,0.115
2055,0.07666666666666667
2056,0.09
2057,0.12
2058,0.2
2059,0.19
2060,0.0
2061,0.06
2062,0.21
2063,0.06
2064,0.44
2065,0.09
2066,0.77
2067,0.19
2068,0.92
2069,0.03
2070,0.8595238095238095
2071,0.26
2072,0.54
2073,0.36
2074,0.14
2075,0.11
2076,1.0
2077,0.44
2078,0.14
2079,0.59
2080,0.664
2081,0.23333333333333336
2082,1.0
2083,0.62
2084,0.9396428571428572
2085,0.05
2086,0.425
2087,0.11760073260073262
2088,0.7339102564102565
2089,0.01
2090,0.428
2091,0.04
2092,0.45
2093,0.51
2094,1.0
2095,0.01
2096,0.99
2097,0.92
2098,0.35
2099,1.0
2100,0.08
2101,0.17
2102,0.06
2103,0.05
2104,0.321
2105,0.14
2106,0.3
2107,1.0
2108,0.028333333333333335
2109,0.07
2110,0.8353333333333333
2111,0.36
2112,0.08
2113,0.07200000000000001
2114,0.36
2115,0.01
2116,0.26
2117,0.2925
2118,1.0
2119,0.012222222222222223
2120,0.23
2121,0.18
2122,0.09
2123,0.13
2124,0.05
2125,0.25
2126,0.94
2127,0.71685
2128,0.19
2129,1.0
2130,0.41
2131,1.0
2132,0.2
2133,1.0
2134,0.03
2135,0.15
2136,0.38
2137,0.08
2138,0.07
2139,0.02
2140,0.08
2141,0.08
2142,0.99
2143,1.0
2144,0.99
2145,0.06
2146,0.6
2147,1.0
2148,0.26
2149,0.18
2150,0.01
2151,0.0
2152,0.05333333333333334
2153,0.14
2154,0.24
2155,0.06
2156,0.16
2157,0.06
2158,0.31
2159,0.06
2160,0.1
2161,0.1733333333333333
2162,0.27
2163,0.7961904761904761
2164,0.05
2165,0.1
2166,0.05
2167,0.04
2168,0.892
2169,0.19119540696983717
2170,0.0
2171,0.16
2172,0.5202256823860129
2173,1.0
2174,1.0
2175,0.13
2176,0.14
2177,1.0
2178,0.03
2179,0.03
2180,0.0
2181,0.04
2182,0.12
2183,0.1
2184,0.11
2185,0.8513888888888889
2186,0.99
2187,0.43
2188,0.06
2189,1.0
2190,0.06
2191,0.1
2192,0.22
2193,0.04
2194,0.16
2195,0.32
2196,0.29
2197,0.21
2198,0.16
2199,0.69
2200,0.08
2201,0.0
2202,0.05
2203,0.4
2204,0.95
2205,0.14
2206,0.31
2207,0.66
2208,0.13
2209,0.99
2210,0.61
2211,0.06
2212,0.06
2213,0.98
2214,0.87
2215,0.17
2216,0.28
2217,0.01
2218,0.04
2219,0.3665818903318903
2220,0.05
2221,0.11
2222,0.38333333333333336
2223,0.05
2224,0.01
2225,0.41
2226,0.68
2227,0.24
2228,0.45
2229,0.07
2230,0.89
2231,0.24
2232,0.14
2233,0.4
2234,0.17
2235,0.8455256410256411
2236,0.11
2237,0.03
2238,0.09
2239,0.03
2240,0.03
2241,0.11
2242,0.02
2243,0.14
2244,0.5800757575757576
2245,0.04
2246,0.8725
2247,0.8325
2248,1.0
2249,0.41200000000000003
2250,0.7625
2251,1.0
2252,0.08
2253,0.97
2254,0.16
2255,0.12
2256,0.25
2257,0.42
2258,0.8414285714285714
2259,0.03888888888888889
2260,0.11
2261,0.13
2262,0.05
2263,0.99
2264,0.22
2265,0.1811111111111111
2266,0.15
2267,0.845
2268,0.16
2269,0.44
2270,0.07
2271,0.71
2272,0.55
2273,0.16
2274,0.13
2275,0.04
2276,0.09
2277,0.98
2278,0.99
2279,0.08
2280,0.57
2281,0.0
2282,0.02
2283,0.08
2284,0.8991861471861471
2285,0.456
2286,0.9
2287,0.15
2288,0.03
2289,0.8710091575091574
2290,0.13
2291,0.16
2292,1.0
2293,0.44
2294,0.09
2295,0.94
2296,0.05
2297,0.03
2298,0.06
2299,0.1
2300,1.0
2301,0.51
2302,0.94
2303,0.22
2304,0.39433333333333337
2305,0.24
2306,0.38
2307,0.31
2308,0.06
2309,0.02
2310,0.06269047619047619
2311,1.0
2312,0.95
2313,0.99
2314,0.02
2315,0.1
2316,1.0
2317,0.18193137254901962
2318,1.0
2319,0.15
2320,0.28
2321,0.16139386838651543
2322,0.01
2323,0.01
2324,0.5397940441122323
2325,0.42
2326,0.17
2327,0.36
2328,0.96
2329,0.99
2330,1.0
2331,0.05
2332,0.08
2333,0.55
2334,0.7392307692307692
2335,0.27
2336,0.2
2337,0.91
2338,0.41
2339,1.0
2340,0.02
2341,0.01
2342,0.28
2343,0.12
2344,0.98
2345,0.47
2346,0.02
2347,1.0
2348,1.0
2349,1.0
2350,0.25
2351,0.0
2352,0.0
2353,0.98
2354,0.99
2355,0.01
2356,0.3
2357,0.31
2358,0.04
2359,0.165
2360,0.22
2361,0.055
2362,1.0
2363,0.02
2364,0.12
2365,0.44
2366,0.21
2367,0.2927272727272727
2368,0.06
2369,0.03
2370,0.75
2371,0.02
2372,0.55
2373,0.16
2374,0.08
2375,1.0
2376,0.99
2377,0.27
2378,0.01
2379,0.21
2380,0.02
2381,1.0
2382,0.18
2383,0.01
2384,0.12
2385,0.98
2386,0.11
2387,0.08
2388,0.07
2389,0.25
2390,0.21
2391,0.085
2392,0.99
2393,0.17
2394,0.09
2395,0.19
2396,1.0
2397,0.31
2398,0.65
2399,0.41
2400,0.01
2401,0.16
2402,0.02
2403,0.35
2404,1.0
2405,1.0
2406,0.33
2407,0.09452380952380952
2408,0.2
2409,0.31
2410,0.03
2411,0.27
2412,0.35
2413,0.05
2414,0.1
2415,1.0
2416,0.01
2417,0.12
2418,0.8618181818181818
2419,0.02
2420,1.0
2421,0.12
2422,0.03
2423,0.01
2424,0.01
2425,0.01
2426,0.03
2427,0.0
2428,0.03
2429,0.06
2430,0.17
2431,0.2
2432,0.99
2433,0.09
2434,0.51
2435,0.15
2436,0.6741666666666667
2437,0.9333333333333335
2438,0.07
2439,0.07
2440,0.030454545454545453
2441,0.25
2442,0.45
2443,0.026142857142857138
2444,0.8032058823529411
2445,0.07
2446,0.495
2447,0.38
2448,0.11
2449,0.12
2450,0.02
2451,0.02
2452,0.2
2453,0.02
2454,0.09
2455,0.14
2456,0.15
2457,0.19
2458,0.026666666666666665
2459,0.95
2460,0.24
2461,0.23
2462,0.05
2463,0.05
2464,0.5344444444444444
2465,0.24
2466,0.92
2467,0.38
2468,0.1
2469,0.16
2470,0.17
2471,0.86
2472,1.0
2473,0.15
2474,0.03
2475,0.8719550648096311
2476,0.18
2477,0.08
2478,0.07
2479,0.03
2480,0.5055000000000001
2481,0.11
2482,0.5202256823860129
2483,0.06
2484,0.06
2485,0.25
2486,0.04
2487,0.05
2488,0.13
2489,0.03
2490,0.16
2491,0.22
2492,0.037000000000000005
2493,0.7699029635457646
2494,0.01
2495,0.12
2496,0.17
2497,0.57
2498,0.3
2499,0.0
2500,0.01
2501,0.14
2502,0.46
2503,0.51
2504,0.18
2505,0.02
2506,0.99
2507,0.4
2508,1.0
2509,0.03
2510,0.37
2511,0.14
2512,0.19119540696983717
2513,0.4
2514,0.99
2515,0.09
2516,0.105
2517,0.040625
2518,0.2
2519,0.02
2520,0.02
2521,0.05
2522,0.29
2523,0.49
2524,0.23
2525,0.12
2526,0.29
2527,1.0
2528,0.94
2529,0.58
2530,0.05
2531,0.37
2532,0.12
2533,0.19842105263157894
2534,0.22
2535,0.18
2536,0.017857142857142856
2537,0.58
2538,1.0
2539,0.43
2540,1.0
2541,0.05
2542,0.05
2543,0.93
2544,0.21
2545,0.04
2546,1.0
2547,0.27
2548,0.53
2549,0.13
2550,0.11
2551,0.11
2552,0.08
2553,0.0925
2554,0.18
2555,0.78
2556,0.03
2557,0.4
2558,0.05
2559,0.17
2560,0.14
2561,0.14
2562,0.05
2563,0.32
2564,0.02
2565,0.1
2566,0.04888888888888889
2567,0.14365079365079367
2568,0.02
2569,0.21
2570,0.011818181818181818
2571,0.17
2572,0.26333333333333336
2573,0.03
2574,0.16
2575,0.01
2576,0.04
2577,0.15
2578,0.68
2579,0.308
2580,0.07
2581,0.36
2582,0.88
2583,0.02
2584,0.14
2585,0.27399999999999997
2586,1.0
2587,0.75
2588,0.26
2589,0.03
2590,0.47
2591,0.99
2592,0.26
2593,0.13
2594,0.05
2595,0.07
2596,0.02
2597,0.08
2598,0.23
2599,0.02
2600,0.04742857142857143
2601,0.06
2602,1.0
2603,0.0
2604,0.14
2605,0.12
2606,0.8353333333333333
2607,0.99
2608,0.4
2609,0.0
2610,0.51
2611,0.53
2612,1.0
2613,0.17
2614,0.05
2615,0.027777777777777776
2616,0.99
2617,0.14
2618,0.08
2619,0.19
2620,0.26
2621,0.03
2622,0.42
2623,0.92
2624,1.0
2625,0.35
2626,0.1
2627,1.0
2628,0.1
2629,0.37
2630,0.7860492801771872
2631,0.27
2632,0.37
2633,0.19
2634,0.09
2635,0.03
2636,0.54
2637,0.04
2638,0.58
2639,0.15
2640,1.0
2641,0.5351851851851852
2642,0.3
2643,0.32
2644,0.06
2645,0.56
2646,0.29
2647,0.24
2648,0.7388888888888888
2649,0.0
2650,0.27
2651,0.188
2652,0.0175
2653,0.07
2654,0.6
2655,0.17
2656,0.68
2657,0.04
2658,0.26
2659,0.06
2660,0.07
2661,0.58
2662,0.24
2663,0.99
2664,0.21
2665,0.23
2666,0.08
2667,0.21
2668,1.0
2669,0.21
2670,1.0
2671,0.0
2672,1.0
2673,0.11
2674,0.01
2675,0.04
2676,0.15
2677,0.06
2678,0.97
2679,0.46
2680,0.93
2681,0.29
2682,0.05
2683,0.41
2684,0.8668218298555377
2685,0.38
2686,0.05
2687,0.21
2688,0.34
2689,0.06
2690,0.07
2691,0.06
2692,0.16
2693,0.03
2694,0.88
2695,0.4
2696,0.0
2697,0.21
2698,0.08
2699,0.23
2700,0.7106140350877194
2701,0.24
2702,1.0
2703,0.65
2704,0.45
2705,0.02
2706,0.99
2707,0.322
2708,0.14
2709,0.0026666666666666666
2710,0.03
2711,0.06
2712,0.22
2713,1.0
2714,0.72
2715,0.04
2716,0.01
2717,0.16
2718,0.01
2719,0.18
2720,0.01
2721,0.27
2722,0.07
2723,0.03
2724,0.11541666666666668
2725,0.22
2726,1.0
2727,0.39
2728,0.31
2729,0.09
2730,0.9396428571428572
2731,0.1
2732,0.5381282051282053
2733,0.13
2734,0.18
2735,0.02
2736,0.99
2737,0.07200000000000001
2738,0.02
2739,0.31
2740,0.62
2741,0.49
2742,0.23
2743,0.03
2744,1.0
2745,0.13
2746,0.06
2747,0.1110702291082932
2748,0.8991861471861471
2749,0.06
2750,0.05
2751,1.0
2752,0.02
2753,0.05
2754,1.0
2755,1.0
2756,0.98
2757,0.17
2758,0.25
2759,1.0
2760,0.0
2761,0.2
2762,0.14
2763,0.02
2764,0.87
2765,0.5499642857142857
2766,0.27
2767,0.09
2768,0.4221882959661597
2769,0.08
2770,0.97
2771,0.41
2772,0.02
2773,0.03
2774,0.5
2775,0.27
2776,0.9288888888888889
2777,0.17
2778,0.1212160062160062
2779,0.35
2780,0.06
2781,0.12
2782,0.17208973623249205
2783,0.25
2784,0.15
2785,0.8821428571428572
2786,0.04
2787,0.07
2788,0.12
2789,0.11
2790,0.02
2791,0.5466666666666666
2792,0.73
2793,0.1
2794,0.49
2795,1.0
2796,0.02
2797,0.68
2798,0.01
2799,0.47
2800,0.06
2801,0.2805263157894737
2802,0.13
2803,0.05
2804,0.44
2805,0.48
2806,0.45
2807,0.05242857142857142
2808,0.24
2809,0.08
2810,1.0
2811,0.23
2812,0.32
2813,0.017777777777777778
2814,0.48
2815,0.12
2816,0.05
2817,0.05
2818,0.2866666666666667
2819,0.31
2820,0.05
2821,0.08307692307692306
2822,0.01
2823,0.08
2824,0.03
2825,0.37
2826,0.52
2827,0.05
2828,0.1
2829,0.21
2830,0.52
2831,0.04166666666666666
2832,0.28
2833,0.06
2834,0.41
2835,0.08
2836,0.1
2837,0.01
2838,0.9895
2839,0.11
2840,0.98
2841,0.09
2842,0.03
2843,0.17
2844,0.06
2845,0.0
2846,0.18
2847,0.03
2848,0.02
2849,1.0
2850,0.0
2851,0.94
2852,0.11
2853,0.0575
2854,0.04
2855,0.02
2856,0.61
2857,0.34
2858,0.17
2859,0.03
2860,1.0
2861,0.0
2862,0.21
2863,0.9333333333333335
2864,0.16
2865,0.05
2866,1.0
2867,0.68
2868,0.254
2869,0.08
2870,1.0
2871,1.0
2872,0.08
2873,0.4
2874,0.07
2875,0.01
2876,1.0
2877,0.08
2878,0.28
2879,0.08
2880,0.05
2881,0.1425
2882,0.235
2883,0.99
2884,0.01
2885,0.11
2886,0.0
2887,0.01
2888,0.06
2889,0.49
2890,0.05333333333333333
2891,0.08
2892,0.22
2893,0.01
2894,0.04
2895,0.11
2896,0.0
2897,0.28
2898,0.385
2899,1.0
2900,1.0
2901,0.69
2902,0.02
2903,0.03
2904,0.22
2905,0.01
2906,0.07
2907,0.03
2908,0.06
2909,0.42
2910,0.47
2911,1.0
2912,0.26
2913,0.05
2914,0.5633333333333334
2915,0.02
2916,0.08
2917,1.0
2918,0.01
2919,0.24
2920,0.05
2921,0.8642105263157894
2922,0.39
2923,0.0
2924,0.03
2925,0.02
2926,0.11
2927,0.03
2928,0.24
2929,0.28
2930,0.0
2931,0.02
2932,0.03
2933,0.23
2934,0.027857142857142855
2935,0.0788888888888889
2936,0.29
2937,0.08
2938,0.13
2939,0.02
2940,0.29
2941,0.01
2942,0.98
2943,0.93
2944,0.22
2945,0.62
2946,0.31
2947,0.49
2948,1.0
2949,0.05
2950,0.08
2951,0.99
2952,0.2
2953,0.04
2954,1.0
2955,0.19119540696983717
2956,0.08
2957,0.06
2958,0.11
2959,0.1
2960,0.13
2961,0.49
2962,0.2
2963,0.15
2964,0.09966666666666668
2965,0.4
2966,0.27
2967,0.07200000000000001
2968,0.02
2969,0.03
2970,0.29
2971,0.07
2972,0.05
2973,0.03888888888888889
2974,0.07
2975,0.0
2976,0.03
2977,0.1
2978,0.99
2979,0.32
2980,1.0
2981,0.07
2982,0.05
2983,0.15
2984,0.7
2985,0.41
2986,1.0
2987,0.85
2988,0.23
2989,1.0
2990,0.0
2991,0.07
2992,0.81
2993,0.68
2994,1.0
2995,0.18
2996,0.64
2997,0.26
2998,0.06
2999,0.25
3000,0.03
3001,1.0
3002,0.94
3003,0.19645284614497519
3004,0.04
3005,0.32
3006,0.03
3007,0.14
3008,0.14
3009,0.39
3010,0.14
3011,0.17208973623249205
3012,0.61
3013,0.05
3014,0.9440000000000001
3015,0.16
3016,0.0
3017,0.11
3018,0.02
3019,0.96
3020,0.0
3021,0.99
3022,0.15
3023,0.54
3024,0.8906060606060606
3025,0.0
3026,0.038181818181818185
3027,0.68
3028,1.0
3029,0.12
3030,0.04
3031,0.0
3032,0.12
3033,0.1
3034,1.0
3035,0.21
3036,0.36
3037,0.01
3038,0.03
3039,0.26
3040,0.92
3041,0.22
3042,0.02
3043,0.16
3044,0.03
3045,0.68
3046,0.0125
3047,0.02
3048,0.03
3049,0.12
3050,0.05
3051,0.64
3052,0.018666666666666665
3053,0.01
3054,0.42
3055,0.66
3056,0.06
3057,0.29
3058,0.46
3059,0.0
3060,0.99
3061,0.695
3062,1.0
3063,0.16
3064,0.09
3065,0.55
3066,0.24
3067,1.0
3068,0.02
3069,0.01
3070,0.32
3071,0.88
3072,0.02142857142857143
3073,0.0
3074,0.5499642857142857
3075,0.0
3076,0.01
3077,0.07
3078,0.03
3079,0.1
3080,0.04
3081,0.21
3082,0.05
3083,0.06
3084,1.0
3085,0.99
3086,0.0811111111111111
3087,0.34
3088,0.04
3089,0.03
3090,0.02
3091,0.1
3092,1.0
3093,0.28
3094,0.12
3095,0.19
3096,0.34
3097,0.08
3098,0.26
3099,0.8158215826571091
3100,0.15
3101,0.3
3102,0.27
3103,0.05
3104,0.06
3105,0.16
3106,0.74
3107,0.4455575064539763
3108,0.08
3109,0.4296800142581876
3110,0.24
3111,1.0
3112,0.01
3113,0.76
3114,0.02
3115,0.0
3116,0.99
3117,1.0
3118,0.09
3119,0.25
3120,0.28
3121,0.22
3122,0.25
3123,0.34
3124,0.99
3125,0.155
3126,0.99
3127,0.07
3128,0.03
3129,0.38516666666666666
3130,0.8841666666666668
3131,0.64
3132,0.14
3133,1.0
3134,0.33
3135,0.0
3136,0.4
3137,0.99
3138,0.28
3139,0.52
3140,0.04
3141,0.0103559510567297
3142,1.0
3143,0.1
3144,0.7666666666666667
3145,0.16
3146,0.1
3147,0.09857142857142857
3148,0.16
3149,0.26
3150,0.4
3151,0.33
3152,0.51
3153,0.42
3154,0.33
3155,0.11
3156,0.0025
3157,0.32
3158,0.4
3159,0.9
3160,0.05
3161,0.8092307692307692
3162,0.11
3163,0.0
3164,0.49666666666666665
3165,0.08
3166,0.02
3167,1.0
3168,0.23
3169,0.98
3170,0.12
3171,0.19
3172,0.06
3173,0.19333333333333333
3174,0.97
3175,0.03
3176,0.38
3177,0.96
3178,0.34
3179,0.04
3180,0.08
3181,0.6
3182,0.0
3183,0.38
3184,0.1
3185,0.26
3186,0.0
3187,0.14
3188,0.26
3189,0.19
3190,0.04
3191,0.05
3192,0.0
3193,0.25
3194,1.0
3195,0.36
3196,0.01
3197,0.0
3198,0.24
3199,0.62
3200,0.29
3201,0.25
3202,0.99
3203,0.25
3204,0.98
3205,0.05
3206,0.98
3207,0.99
3208,0.48
3209,0.09
3210,0.05105263157894736
3211,0.800965909090909
3212,0.55
3213,0.914
3214,0.06
3215,1.0
3216,0.02
3217,0.0625
3218,0.04
3219,0.02
3220,0.15
3221,0.06
3222,1.0
3223,0.06
3224,0.06
3225,0.03
3226,0.11
3227,0.02
3228,0.98
3229,0.21
3230,0.14
3231,0.08
3232,0.13
3233,0.12
3234,0.04
3235,0.48085624098124086
3236,0.46
3237,0.06
3238,0.04333333333333334
3239,0.25
3240,0.08
3241,0.16
3242,0.11
3243,0.89
3244,0.14
3245,0.97
3246,0.11760073260073262
3247,0.12
3248,0.12
3249,0.33
3250,0.54
3251,0.02
3252,0.03
3253,0.17
3254,0.07
3255,0.31
3256,1.0
3257,0.47
3258,0.81
3259,0.23
3260,0.84
3261,0.15
3262,0.09
3263,0.01
3264,1.0
3265,0.08
3266,0.7033333333333335
3267,0.99
3268,0.02
3269,0.18
3270,0.31
3271,0.0
3272,0.17
3273,0.21850000000000003
3274,0.25
3275,0.12
3276,0.0
3277,0.25
3278,0.02
3279,0.91
3280,0.59
3281,0.52
3282,0.99
3283,0.11
3284,0.33
3285,0.39
3286,0.49
3287,0.04
3288,0.04
3289,0.02
3290,0.06999618029029793
3291,0.04
3292,0.01
3293,0.07
3294,0.01
3295,0.15
3296,0.016666666666666666
3297,0.06166666666666666
3298,0.97
3299,0.23
3300,0.06
3301,0.215
3302,0.46
3303,0.31
3304,1.0
3305,0.31
3306,0.01
3307,1.0
3308,0.03
3309,0.8335873015873015
3310,0.19
3311,0.03
3312,0.60625
3313,0.23
3314,0.03
3315,0.0
3316,0.0
3317,0.28
3318,0.51
3319,0.07
3320,0.0
3321,0.59
3322,0.3493333333333334
3323,0.37
3324,0.0
3325,0.46714285714285714
3326,0.01
3327,0.05
3328,0.867003835978836
3329,0.76
3330,0.07
3331,0.09
3332,0.07285714285714286
3333,0.7
3334,0.74
3335,0.02
3336,0.94
3337,0.48
3338,0.030625
3339,0.01
3340,0.01
3341,0.02
3342,0.49
3343,0.01
3344,0.405
3345,0.08
3346,0.01
3347,1.0
3348,0.344
3349,0.04
3350,0.3094166666666666
3351,0.51
3352,0.1
3353,0.0
3354,0.0
3355,0.038
3356,0.09
3357,0.23
3358,0.29
3359,0.0
3360,1.0
3361,0.25
3362,0.01
3363,0.24
3364,0.73
3365,0.27
3366,0.03
3367,0.15
3368,0.04
3369,0.01
3370,0.01
3371,0.52
3372,0.69
3373,0.0
3374,0.03
3375,0.6
3376,0.01
3377,0.18
3378,0.78
3379,0.63
3380,0.15
3381,0.27
3382,0.0525
3383,0.2
3384,0.19
3385,0.04
3386,0.7
3387,0.07
3388,0.0675
3389,0.06333333333333332
3390,0.1
3391,0.18
3392,0.04
3393,0.305
3394,1.0
3395,0.22
3396,0.48
3397,0.39
3398,0.19
3399,0.3
3400,0.55
3401,0.07
3402,0.08
3403,0.84
3404,0.43
3405,0.16
3406,1.0
3407,0.16
3408,0.63
3409,0.11
3410,0.01
3411,0.1509090909090909
3412,0.12
3413,0.45
3414,0.03
3415,0.99
3416,0.04
3417,0.08
3418,0.27
3419,0.27
3420,0.39
3421,0.17
3422,0.145
3423,0.17
3424,0.27
3425,0.05
3426,0.14
3427,0.03
3428,0.42
3429,0.11
3430,0.33
3431,0.15
3432,0.17
3433,0.93
3434,0.08
3435,0.03
3436,0.04
3437,0.16
3438,0.37
3439,0.22
3440,0.36
3441,0.02
3442,0.09
3443,0.21
3444,0.18
3445,0.05
3446,1.0
3447,0.06
3448,0.99
3449,0.09
3450,0.2875
3451,0.11
3452,0.12
3453,0.7711111111111112
3454,0.15
3455,0.22
3456,0.015833333333333335
3457,0.8427456140350877
3458,0.21
3459,1.0
3460,0.38
3461,0.09452380952380952
3462,0.01
3463,0.02
3464,0.3
3465,0.19
3466,0.01
3467,0.04
3468,0.08
3469,0.7735445030010248
3470,0.33
3471,0.07
3472,0.28
3473,0.17
3474,1.0
3475,0.07
3476,0.38
3477,0.24
3478,0.66
3479,0.07
3480,0.64
3481,0.27
3482,0.18
3483,1.0
3484,0.46
3485,0.97
3486,0.99
3487,0.7566666666666666
3488,0.06
3489,0.2
3490,0.11
3491,1.0
3492,0.03
3493,0.05
3494,0.19
3495,0.08
3496,0.03
3497,0.20823529411764707
3498,0.08
3499,0.03
3500,0.41555555555555557
3501,0.12833333333333333
3502,0.0
3503,0.14
3504,0.01
3505,0.3133333333333333
3506,0.05
3507,0.65
3508,0.24
3509,0.31
3510,0.76
3511,0.98
3512,0.32
3513,0.35
3514,0.17
3515,0.04
3516,0.15
3517,0.7339102564102565
3518,1.0
3519,0.4
3520,0.08
3521,0.99
3522,0.11
3523,0.23
3524,0.14
3525,0.31
3526,0.31
3527,0.16
3528,0.13
3529,0.02
3530,0.653359649122807
3531,0.22
3532,0.23
3533,0.19
3534,0.43
3535,0.23
3536,0.32
3537,0.22
3538,0.03
3539,0.27
3540,0.09
3541,0.15
3542,0.4
3543,1.0
3544,0.18875
3545,0.22
3546,0.06
3547,0.3326190476190476
3548,0.17
3549,0.96
3550,0.0
3551,0.39
3552,0.037894736842105266
3553,0.3
3554,0.48
3555,0.39
3556,0.6
3557,1.0
3558,0.09
3559,0.26
3560,0.22653846153846152
3561,0.12
3562,1.0
3563,0.16
3564,0.37
3565,0.29
3566,0.04
3567,0.2
3568,0.99
3569,0.04
3570,0.07
3571,0.17
3572,0.11
3573,0.07
3574,0.44
3575,0.0
3576,1.0
3577,0.13
3578,0.06
3579,0.07
3580,0.2
3581,0.06
3582,0.99
3583,0.03
3584,0.02
3585,0.67
3586,0.07
3587,0.49
3588,0.013333333333333332
3589,0.3
3590,0.42
3591,0.08
3592,0.42
3593,0.34
3594,0.19
3595,0.79
3596,0.65
3597,0.44
3598,0.05
3599,0.10023255813953488
3600,0.14
3601,0.0
3602,0.09166666666666667
3603,0.05285714285714285
3604,0.21
3605,0.04
3606,0.0
3607,0.9
3608,1.0
3609,0.37
3610,0.69
3611,0.05
3612,0.49
3613,0.03
3614,0.29
3615,0.08
3616,0.0
3617,0.19
3618,0.33333333333333337
3619,0.01
3620,0.38
3621,0.18
3622,0.18
3623,0.16
3624,0.2
3625,0.0
3626,0.74
3627,0.32
3628,0.14
3629,0.01
3630,0.11
3631,0.17
3632,0.13
3633,0.06333333333333332
3634,0.12
3635,0.02
3636,0.36
3637,1.0
3638,0.78
3639,0.31
3640,0.16
3641,0.8719550648096311
3642,0.02
3643,0.23
3644,0.01
3645,0.36
3646,0.011428571428571429
3647,0.1
3648,0.01
3649,0.03
3650,0.03
3651,0.25
3652,0.07
3653,0.28
3654,0.12
3655,0.1
3656,0.01
3657,0.08
3658,0.01
3659,0.12
3660,0.14
3661,0.26
3662,0.65
3663,0.21
3664,0.015
3665,0.1
3666,0.38147186147186146
3667,0.168
3668,0.12
3669,0.07
3670,0.04333333333333334
3671,0.17
3672,1.0
3673,0.16
3674,0.07
3675,0.06
3676,0.3
3677,0.0
3678,0.71
3679,0.07
3680,0.8219101950680898
3681,1.0
3682,0.04
3683,0.41
3684,0.01
3685,0.24
3686,0.45
3687,0.325
3688,0.38
3689,1.0
3690,0.13
3691,0.24
3692,0.19
3693,0.11
3694,0.12
3695,0.22
3696,0.1
3697,0.07
3698,0.08
3699,0.97
3700,0.5329999999999999
3701,0.04
3702,0.12
3703,0.11
3704,0.09
3705,0.14
3706,0.16
3707,0.66
3708,0.92
3709,0.42
3710,0.13
3711,0.01
3712,0.8
3713,0.06
3714,0.1
3715,0.09
3716,0.11
3717,0.01
3718,0.04
3719,0.02
3720,0.25
3721,0.11
3722,0.04
3723,0.015
3724,0.023333333333333334
3725,0.35
3726,0.14
3727,0.99
3728,0.5
3729,0.0
3730,0.19
3731,0.53
3732,0.63
3733,0.31
3734,0.05
3735,0.3046666666666667
3736,0.19
3737,0.09
3738,0.02
3739,0.01
3740,0.01
3741,0.32
3742,0.11
3743,0.0
3744,0.2
3745,0.40456991484404753
3746,0.34
3747,0.12
3748,1.0
3749,0.16
3750,0.11
3751,0.3
3752,0.0
3753,0.98
3754,0.08
3755,0.18
3756,0.34
3757,0.01
3758,0.09
3759,0.55
3760,0.08
3761,0.44
3762,0.13
3763,0.05
3764,0.43
3765,0.2295198135198135
3766,0.09
3767,0.2
3768,0.13
3769,0.04
3770,0.03
3771,0.18
3772,0.23
3773,0.13
3774,0.0
3775,0.49
3776,0.15
3777,0.22
3778,0.06
3779,0.05
3780,1.0
3781,0.02
3782,0.02
3783,0.09
3784,0.09636363636363637
3785,0.96
3786,0.16
3787,0.15
3788,0.2
3789,0.135
3790,0.78
3791,0.1509090909090909
3792,0.25
3793,0.05
3794,1.0
3795,0.98
3796,0.03
3797,0.99
3798,1.0
3799,0.48
3800,0.56
3801,0.05
3802,0.0
3803,0.13
3804,0.601466686091686
3805,0.03
3806,0.48
3807,0.21
3808,1.0
3809,0.1
3810,0.13
3811,0.03
3812,1.0
3813,0.06
3814,1.0
3815,0.1
3816,0.01
3817,0.96
3818,0.4296800142581876
3819,0.01
3820,0.16
3821,0.23
3822,0.01
3823,0.125
3824,0.02
3825,0.63
3826,0.12
3827,0.28
3828,0.28
3829,0.01
3830,0.94
3831,0.22
3832,1.0
3833,1.0
3834,0.09
3835,0.14
3836,0.02
3837,1.0
3838,0.27
3839,0.04
3840,0.99
3841,0.99
3842,1.0
3843,0.48
3844,1.0
3845,0.63
3846,0.7
3847,0.0
3848,0.05
3849,0.08
3850,0.08
3851,0.04742857142857143
3852,1.0
3853,0.07
3854,1.0
3855,0.31
3856,0.075
3857,0.01
3858,0.1
3859,0.09
3860,0.41
3861,0.37
3862,0.848235294117647
3863,0.17
3864,0.03
3865,0.3
3866,0.21
3867,1.0
3868,0.04
3869,0.02
3870,0.4
3871,0.29
3872,0.22
3873,0.04
3874,0.05
3875,0.01
3876,0.03
3877,0.03
3878,0.0045000000000000005
3879,0.25
3880,0.01
3881,0.02
3882,0.10827128427128427
3883,0.021
3884,0.43
3885,0.05
3886,0.07
3887,0.5
3888,0.19
3889,0.15
3890,0.12
3891,0.94
3892,0.13
3893,0.36
3894,0.05
3895,0.2
3896,0.01
3897,0.31
3898,0.05307692307692308
3899,0.09
3900,0.07
3901,0.15
3902,0.04
3903,0.83
3904,1.0
3905,0.26
3906,0.01
3907,0.04
3908,0.29
3909,0.21
3910,0.41
3911,0.04
3912,0.01
3913,0.03
3914,0.8275
3915,0.02
3916,0.02
3917,0.0
3918,0.6
3919,0.11
3920,1.0
3921,0.55
3922,0.37
3923,0.16
3924,0.47
3925,0.08
3926,0.8232732213438736
3927,0.0
3928,0.08
3929,0.292
3930,0.39
3931,0.48
3932,0.42
3933,0.73
3934,0.06
3935,0.02
3936,0.05
3937,0.08
3938,0.02
3939,0.39
3940,0.99
3941,0.7
3942,0.31
3943,0.13
3944,0.07
3945,0.97
3946,0.17
3947,0.11
3948,0.02
3949,0.2
3950,0.03
3951,0.66
3952,0.49
3953,0.0
3954,0.8275
3955,0.05
3956,0.08
3957,0.04
3958,0.135
3959,0.02
3960,0.02
3961,0.125
3962,1.0
3963,0.4104558512943373
3964,0.11
3965,0.06
3966,1.0
3967,0.14
3968,0.06
3969,0.1
3970,0.29
3971,0.11
3972,0.82
3973,0.07
3974,0.0
3975,0.02
3976,0.9388888888888889
3977,0.12
3978,0.04
3979,0.28
3980,0.06
3981,0.06
3982,0.41
3983,0.18
3984,0.94
3985,0.22
3986,0.98
3987,0.18
3988,0.17
3989,0.15
3990,0.59
3991,0.12
3992,0.57
3993,0.98
3994,0.21
3995,0.09
3996,0.02
3997,0.27
3998,0.04
3999,0.26
4000,0.01
4001,0.08
4002,0.25
4003,0.17
4004,0.38
4005,0.06
4006,0.34
4007,0.14
4008,0.3
4009,0.19
4010,0.31
4011,0.62
4012,0.19
4013,0.43
4014,0.15
4015,0.38
4016,0.9895
4017,0.05
4018,0.01
4019,0.77
4020,0.41
4021,0.29
4022,0.06
4023,0.99
4024,0.01
4025,0.61
4026,0.08
4027,0.38
4028,0.43
4029,0.37
4030,0.245
4031,0.0
4032,0.07
4033,0.12
4034,0.15
4035,0.23
4036,0.07
4037,0.2
4038,0.21
4039,0.96
4040,0.94
4041,1.0
4042,0.14
4043,0.4
4044,0.26
4045,0.11
4046,0.04
4047,0.18
4048,0.41
4049,0.04
4050,0.03
4051,0.23166666666666663
4052,0.17
4053,0.99
4054,0.09129186602870813
4055,0.1
4056,0.99
4057,0.21
4058,0.18
4059,0.46877848385704435
4060,0.78
4061,0.99
4062,0.27
4063,0.04
4064,0.0
4065,0.02
4066,0.24
4067,0.14
4068,0.21
4069,0.13
4070,0.43
4071,0.45
4072,0.48
4073,0.003333333333333333
4074,0.55
4075,0.02
4076,0.03
4077,0.04
4078,0.13
4079,0.04
4080,0.99
4081,0.8991861471861471
4082,0.12
4083,0.4
4084,0.96
4085,0.05
4086,0.23
4087,0.22
4088,1.0
4089,0.03
4090,0.71
4091,0.09202380952380952
4092,0.03
4093,0.4
4094,0.11
4095,0.14
4096,0.18
4097,0.03
4098,0.11
4099,0.94
4100,0.05
4101,0.37
4102,0.55
4103,0.33
4104,0.18
4105,0.2225
4106,0.48
4107,0.05
4108,0.12233333333333335
4109,0.11666666666666668
4110,0.24
4111,0.23
4112,0.11
4113,0.03
4114,0.07
4115,0.9666666666666666
4116,0.04
4117,0.1
4118,0.0
4119,0.06
4120,0.07
4121,0.09
4122,0.05
4123,0.99
4124,0.06
4125,0.3513793103448276
4126,0.39
4127,0.12
4128,0.24
4129,0.28
4130,0.29
4131,0.01
4132,0.37
4133,0.14
4134,0.98
4135,0.05
4136,0.06
4137,0.22
4138,0.04
4139,0.02
4140,0.15125
4141,0.43
4142,0.02
4143,0.36
4144,0.049411764705882356
4145,0.8740000000000001
4146,0.01
4147,0.33
4148,1.0
4149,0.09
4150,0.06
4151,0.01
4152,0.42
4153,0.7028571428571427
4154,0.28
4155,0.03
4156,0.08523809523809522
4157,0.95
4158,0.82
4159,0.03
4160,0.09
4161,0.9288888888888889
4162,0.07
4163,0.40456991484404753
4164,0.54
4165,0.33
4166,0.96
4167,0.27
4168,0.06
4169,0.04
4170,0.5962265381677145
4171,0.3
4172,0.48
4173,0.27
4174,0.35
4175,0.06
4176,0.215
4177,0.02
4178,0.28076923076923077
4179,0.32
4180,0.04
4181,0.01
4182,0.13
4183,1.0
4184,0.95
4185,0.05
4186,0.45
4187,0.8668218298555377
4188,0.25
4189,0.43
4190,0.0
4191,0.04
4192,0.325
4193,0.02
4194,0.03
4195,0.0
4196,0.42
4197,0.1
4198,0.2
4199,0.13
4200,0.66
4201,0.27
4202,0.24
4203,0.03
4204,0.03
4205,0.29
4206,0.68
4207,0.5
4208,0.31
4209,0.06
4210,1.0
4211,0.02
4212,0.31
4213,0.16666666666666669
4214,0.73
4215,0.09
4216,0.01
4217,0.05
4218,0.19
4219,0.19
4220,1.0
4221,0.1
4222,0.97
4223,0.33
4224,0.12
4225,0.8959498834498834
4226,0.06
4227,0.8
4228,0.17
4229,0.16
4230,0.04
4231,0.0976923076923077
4232,0.52
4233,0.78
4234,0.9333333333333335
4235,0.02
4236,0.17
4237,0.53
4238,1.0
4239,0.77
4240,0.02
4241,0.23
4242,0.08
4243,0.2325
4244,0.23234581105169344
4245,0.03
4246,1.0
4247,0.04
4248,0.2
4249,0.07333333333333333
4250,0.14
4251,0.15
4252,0.34
4253,0.18
4254,0.0
4255,0.3868333333333333
4256,0.17
4257,1.0
4258,0.22
4259,0.16
4260,0.62
4261,0.31
4262,0.99
4263,0.99
4264,0.40333333333333327
4265,0.4293855976754583
4266,0.01
4267,0.05
4268,0.1
4269,0.39
4270,0.1
4271,0.18
4272,0.19
4273,1.0
4274,0.05
4275,0.1
4276,0.25522871273503556
4277,0.66
4278,1.0
4279,0.1
4280,0.01
4281,0.02
4282,0.13
4283,0.12
4284,0.03
4285,0.54
4286,1.0
4287,0.0
4288,0.04
4289,0.26
4290,0.5692956171735242
4291,1.0
4292,0.13
4293,0.02
4294,0.07
4295,0.17
4296,0.13618406593406593
4297,0.0
4298,0.96
4299,0.77
4300,0.16
4301,1.0
4302,0.71
4303,0.22
4304,0.03
4305,0.26
4306,1.0
4307,0.13
4308,0.39
4309,0.25999999999999995
4310,0.08
4311,0.2
4312,0.47
4313,0.0
4314,0.9507407407407408
4315,0.06
4316,0.18
4317,1.0
4318,0.43200000000000005
4319,0.1
4320,0.11
4321,0.13
4322,0.1
4323,0.1946651583710407
4324,0.1
4325,0.18
4326,0.03452380952380952
4327,0.0
4328,0.0
4329,0.28
4330,0.185
4331,0.095
4332,0.22
4333,0.0
4334,0.05
4335,0.0
4336,0.0
4337,0.63
4338,0.06
4339,0.0665
4340,0.9588888888888889
4341,0.99375
4342,1.0
4343,0.12
4344,0.3
4345,0.01
4346,0.44
4347,1.0
4348,0.5
4349,0.6775
4350,0.36
4351,0.69
4352,0.28
4353,0.08
4354,0.0
4355,0.8470588235294118
4356,0.14438709677419354
4357,0.22
4358,1.0
4359,0.03
4360,0.07
4361,0.02
4362,0.05
4363,0.22
4364,0.1
4365,0.64
4366,0.64
4367,0.87
4368,0.04
4369,0.07
4370,0.0
4371,0.4
4372,0.23
4373,0.03
4374,0.2
4375,0.29
4376,0.20375
4377,0.01
4378,0.17107783882783878
4379,0.08
4380,0.59
4381,0.21
4382,0.02
4383,0.14
4384,0.13
4385,1.0
4386,0.265
4387,0.06
4388,0.17
4389,0.47
4390,0.67
4391,0.7843095238095238
4392,0.3
4393,0.56
4394,0.08
4395,0.04
4396,0.27
4397,0.28
4398,0.08
4399,0.3
4400,0.04
4401,1.0
4402,0.65
4403,0.18
4404,0.18
4405,0.18099999999999997
4406,0.402
4407,0.28
4408,0.14
4409,0.42
4410,0.33
4411,0.02
4412,0.12
4413,0.16
4414,0.05
4415,0.12
4416,0.53
4417,0.14
4418,0.014750000000000001
4419,0.92
4420,0.32
4421,0.36
4422,0.97
4423,0.7339102564102565
4424,0.49
4425,0.06
4426,0.27
4427,0.82
4428,0.38
4429,0.105
4430,0.02
4431,0.05
4432,0.36
4433,0.48
4434,0.14
4435,0.21
4436,0.92
4437,0.11
4438,0.22
4439,0.19
4440,0.26
4441,0.48
4442,0.25
4443,0.11
4444,0.19645284614497519
4445,1.0
4446,0.58
4447,0.6
4448,0.07
4449,0.12
4450,0.13
4451,0.03
4452,0.174
4453,0.94
4454,0.25
4455,0.88
4456,0.02
4457,0.95
4458,1.0
4459,0.83
4460,0.01
4461,0.19
4462,0.6755666392431098
4463,0.03
4464,0.05
4465,0.03
4466,0.07333333333333333
4467,0.28
4468,0.93
4469,0.04
4470,0.15180701754385967
4471,0.23
4472,0.39
4473,0.05
4474,0.34
4475,0.07
4476,0.99
4477,0.25
4478,0.18
4479,0.07
4480,0.71685
4481,0.08
4482,0.34
4483,0.22
4484,0.44
4485,0.01
4486,0.17
4487,0.01
4488,0.41
4489,0.22
4490,1.0
4491,0.03460317460317461
4492,0.05333333333333333
4493,0.34
4494,0.22
4495,0.35
4496,0.34
4497,0.06
4498,0.15
4499,0.09
4500,0.05
4501,0.1
4502,0.02
4503,0.91
4504,0.07
4505,0.37200000000000005
4506,0.03
4507,0.08
4508,0.39
4509,0.3
4510,0.07333333333333333
4511,0.15
4512,0.2
4513,0.02
4514,0.32
4515,0.36
4516,0.52
4517,0.06
4518,0.6
4519,0.22
4520,0.19
4521,0.05
4522,0.02
4523,0.05
4524,0.91
4525,0.45
4526,0.46
4527,0.99
4528,0.91
4529,0.37
4530,0.09
4531,0.12
4532,0.99
4533,0.41
4534,0.16
4535,0.01
4536,0.08
4537,1.0
4538,1.0
4539,0.04
4540,0.01
4541,0.37
4542,0.308
4543,0.15
4544,0.04
4545,0.34
4546,0.01
4547,0.64
4548,0.21
4549,0.23
4550,0.03125
4551,0.08
4552,0.25
4553,0.59
4554,0.31
4555,0.14
4556,0.97
4557,0.05
4558,0.24
4559,0.2
4560,0.43
4561,0.2
4562,0.12
4563,0.5534642857142856
4564,0.13
4565,0.05
4566,0.07
4567,0.14
4568,0.27
4569,0.23
4570,0.35
4571,0.01
4572,0.0
4573,0.0
4574,0.51
4575,0.43
4576,0.05
4577,0.09
4578,1.0
4579,0.17
4580,0.99
4581,1.0
4582,0.06
4583,0.08
4584,0.052000000000000005
4585,0.317
4586,0.1
4587,0.08
4588,0.21
4589,0.15
4590,0.29
4591,0.11
4592,0.0
4593,0.0
4594,0.05
4595,0.06
4596,1.0
4597,0.214
4598,0.09
4599,0.22
4600,1.0
4601,0.97
4602,0.0
4603,0.02
4604,0.22
4605,0.01
4606,0.40703274898476144
4607,0.0
4608,0.132
4609,0.33
4610,0.27
4611,0.1
4612,0.9666666666666666
4613,0.45
4614,0.23
4615,0.5
4616,0.33
4617,0.42
4618,0.22
4619,1.0
4620,0.40703274898476144
4621,0.99
4622,0.005
4623,1.0
4624,0.01
4625,0.578
4626,0.52
4627,0.03
4628,0.45
4629,0.16
4630,0.6741666666666667
4631,0.32
4632,0.18977272727272726
4633,0.06
4634,0.05
4635,0.17
4636,0.93
4637,0.06
4638,0.705531479390175
4639,0.06
4640,0.03
4641,0.5028571428571429
4642,0.0
4643,0.03
4644,0.25
4645,0.83
4646,0.07
4647,0.11
4648,0.24
4649,0.12
4650,0.08
4651,1.0
4652,0.01
4653,0.5202256823860129
4654,0.08
4655,0.03
4656,0.35
4657,0.41
4658,0.48
4659,0.09
4660,0.32
4661,0.99
4662,1.0
4663,0.05
4664,0.11
4665,0.35
4666,0.892
4667,0.02
4668,0.38
4669,0.3766666666666667
4670,0.89
4671,0.95
4672,0.13
4673,1.0
4674,0.15
4675,0.02
4676,0.23
4677,0.11
4678,1.0
4679,0.08
4680,1.0
4681,0.1
4682,0.22
4683,0.25
4684,1.0
4685,0.38
4686,0.44
4687,1.0
4688,0.07
4689,0.42
4690,0.06027777777777778
4691,0.1
4692,0.01
4693,0.14
4694,0.02
4695,0.15
4696,0.06
4697,0.03
4698,1.0
4699,0.03
4700,0.15
4701,1.0
4702,0.07
4703,0.026142857142857138
4704,0.02
4705,0.0
4706,0.08
4707,0.26
4708,1.0
4709,0.14
4710,0.01
4711,0.08
4712,0.01
4713,0.9588888888888889
4714,0.09
4715,0.01
4716,0.99
4717,0.8466666666666666
4718,0.14
4719,0.96
4720,0.22
4721,0.27
4722,0.02
4723,0.4438508833787471
4724,0.99
4725,0.16
4726,0.11
4727,0.26
4728,0.04
4729,0.4
4730,0.44
4731,0.03
4732,0.18
4733,0.8720238095238095
4734,0.36
4735,0.5
4736,1.0
4737,0.5089333333333333
4738,0.94
4739,0.18
4740,0.31
4741,0.03
4742,0.6
4743,0.01
4744,0.8125
4745,0.605
4746,0.12
4747,0.03
4748,0.12
4749,0.13
4750,1.0
4751,0.29
4752,0.06
4753,0.05
4754,0.16
4755,0.01
4756,0.09666666666666666
4757,0.83
4758,0.08
4759,0.28
4760,0.19
4761,0.06
4762,0.03
4763,0.05
4764,1.0
4765,0.05
4766,0.95
4767,0.32
4768,0.02
4769,0.2
4770,0.02928571428571429
4771,1.0
4772,0.24
4773,0.5
4774,0.08
4775,1.0
4776,0.01
4777,0.11
4778,0.49
4779,0.16
4780,0.99
4781,0.29
4782,0.1
4783,0.1
4784,0.22
4785,0.33
4786,0.31
4787,0.01
4788,0.395
4789,0.49
4790,1.0
4791,0.43
4792,0.01
4793,0.05
4794,0.36
4795,0.02
4796,0.91
4797,1.0
4798,0.14
4799,0.03
4800,0.9288888888888889
4801,0.10333333333333332
4802,0.02
4803,0.46
4804,0.19
4805,1.0
4806,0.67
4807,0.05
4808,0.9333333333333335
4809,0.13449999999999998
4810,0.0
4811,0.06
4812,0.31361596349387033
4813,0.99
4814,0.49
4815,0.08846491228070175
4816,0.7
4817,1.0
4818,0.11
4819,0.01
4820,0.49
4821,0.24
4822,1.0
4823,0.09
4824,0.09
4825,0.99
4826,0.51
4827,0.48
4828,1.0
4829,0.15
4830,0.02
4831,0.25
4832,0.98
4833,0.09
4834,0.21
4835,0.52
4836,0.0
4837,0.64
4838,1.0
4839,0.04
4840,0.01
4841,0.01
4842,0.18944444444444442
4843,0.13
4844,0.03
4845,0.005
4846,0.0
4847,0.48429158834271574
4848,0.05
4849,0.01
4850,1.0
4851,0.23
4852,0.39
4853,0.06
4854,0.02
4855,0.24
4856,0.34
4857,0.99
4858,0.63
4859,0.15
4860,0.2
4861,0.3
4862,0.3
4863,0.09
4864,0.4
4865,0.07
4866,0.26
4867,0.21
4868,0.44
4869,1.0
4870,0.26
4871,0.12
4872,1.0
4873,0.02
4874,0.52
4875,0.21
4876,0.03
4877,1.0
4878,0.3
4879,0.07
4880,0.08
4881,0.02
4882,0.13
4883,0.245
4884,0.01
4885,0.07
4886,0.14
4887,0.37
4888,0.44
4889,0.31
4890,0.99
4891,0.14
4892,1.0
4893,0.08
4894,0.028333333333333335
4895,0.05
4896,0.22
4897,0.04
4898,0.0
4899,0.45
4900,0.32
4901,0.17
4902,0.17
4903,1.0
4904,0.0
4905,0.01
4906,0.1
4907,0.03
4908,1.0
4909,0.57
4910,0.04
4911,0.29
4912,0.62
4913,0.4833333333333333
4914,0.09
4915,0.16
4916,0.32
4917,0.06
4918,0.25
4919,0.14
4920,0.07
4921,0.47
4922,0.11
4923,0.1
4924,0.07
4925,0.26
4926,0.09166666666666666
4927,0.14
4928,0.25522871273503556
4929,0.07
4930,0.19
4931,1.0
4932,0.3
4933,0.02
4934,0.27
4935,0.4
4936,0.15
4937,1.0
4938,0.0
4939,0.02
4940,0.08
4941,0.1
4942,0.01
4943,0.07385057471264368
4944,0.285
4945,0.17
4946,0.8025
4947,0.795
4948,0.085
4949,0.15
4950,0.28
4951,0.18235930735930736
4952,0.4
4953,1.0
4954,0.38
4955,0.01
4956,0.16
4957,0.11
4958,0.01
4959,0.19
4960,0.24
4961,0.01
4962,0.19
4963,1.0
4964,1.0
4965,0.19
4966,0.18
4967,0.07
4968,0.2
4969,0.06
4970,0.9
4971,0.19
4972,0.03
4973,0.79
4974,0.15
4975,0.18
4976,0.31
4977,0.1
4978,0.09
4979,0.03
4980,0.076
4981,0.38
4982,0.02
4983,0.14
4984,0.02
4985,0.04823529411764706
4986,0.0
4987,0.52
4988,0.04
4989,1.0
4990,0.99
4991,0.24
4992,0.11
4993,0.02
4994,0.05
4995,0.14
4996,1.0
4997,0.07
4998,0.07
4999,0.05
5000,0.6125196033562167
5001,0.39
5002,0.97
5003,0.01
5004,0.08
5005,0.37
5006,0.3766666666666667
5007,1.0
5008,0.204
5009,0.4133333333333333
5010,0.12
5011,0.22
5012,0.46
5013,0.07
5014,0.5033333333333333
5015,0.75
5016,0.98
5017,0.18
5018,0.53
5019,0.44
5020,0.08
5021,0.35
5022,0.0
5023,0.48
5024,0.11
5025,0.115
5026,0.07
5027,0.03
5028,1.0
5029,0.39
5030,0.24
5031,0.04
5032,0.24
5033,0.15
5034,0.25
5035,0.31
5036,0.7449949789943395
5037,0.7143999999999999
5038,1.0
5039,1.0
5040,0.32
5041,0.02
5042,0.53
5043,0.04
5044,0.45
5045,0.35
5046,0.42
5047,0.09
5048,0.14
5049,0.12
5050,1.0
5051,0.99
5052,0.12
5053,0.37
5054,0.02
5055,0.04
5056,0.15666666666666668
5057,0.31
5058,1.0
5059,0.16
5060,0.05
5061,0.66
5062,0.41
5063,0.06
5064,0.08
5065,0.03
5066,0.26
5067,0.09
5068,1.0
5069,0.35
5070,0.04
5071,0.01
5072,0.7
5073,0.08283333333333333
5074,0.14
5075,0.26
5076,0.71
5077,0.02
5078,0.02
5079,0.06
5080,0.75
5081,0.99
5082,1.0
5083,0.22
5084,0.23
5085,0.38
5086,0.08
5087,0.8991861471861471
5088,0.01
5089,0.11
5090,0.07
5091,0.33
5092,0.33
5093,0.58
5094,0.27
5095,0.09
5096,0.39
5097,0.13
5098,0.45
5099,0.08
5100,0.39
5101,0.06
5102,0.13
5103,0.5825
5104,0.1
5105,0.11
5106,0.03
5107,0.24
5108,0.01
5109,0.8455256410256411
5110,0.17
5111,0.01
5112,0.38
5113,0.29
5114,0.18
5115,0.63
5116,0.0
5117,0.36
5118,0.27
5119,0.31
5120,0.185
5121,0.99
5122,0.12
5123,0.41
5124,0.23234581105169344
5125,0.2125
5126,0.78
5127,0.06
5128,0.12
5129,1.0
5130,0.05
5131,0.25
5132,0.03
5133,0.07
5134,0.03
5135,0.21
5136,0.99
5137,0.04
5138,0.6741666666666667
5139,0.12
5140,0.01
5141,0.08
5142,0.05
5143,0.06
5144,0.9002222222222223
5145,0.13
5146,0.32
5147,0.21
5148,0.16
5149,0.19666666666666666
5150,0.12
5151,0.27
5152,0.01
5153,0.22333333333333333
5154,0.27
5155,0.35
5156,0.01
5157,0.04
5158,1.0
5159,0.38
5160,0.02
5161,0.415
5162,0.12
5163,0.06
5164,0.9333333333333335
5165,0.16
5166,0.51
5167,0.35
5168,0.46333333333333326
5169,0.05
5170,0.11
5171,0.1
5172,0.011739130434782608
5173,0.03
5174,0.37
5175,0.11
5176,0.01
5177,0.19963414634146343
5178,0.96
5179,0.03541666666666667
5180,0.07
5181,0.04
5182,0.01
5183,0.08
5184,0.05
5185,0.65
5186,1.0
5187,0.14396135265700483
5188,0.71
5189,0.06
5190,0.14
5191,1.0
5192,0.3
5193,1.0
5194,0.54
5195,0.43
5196,0.36
5197,0.25
5198,0.21
5199,1.0
5200,0.15
5201,0.02
5202,0.1
5203,0.44287209295953744
5204,0.02
5205,0.54
5206,0.03
5207,0.26
5208,0.1
5209,0.09
5210,1.0
5211,0.04
5212,0.01
5213,0.38
5214,0.31
5215,0.02
5216,0.98
5217,0.01
5218,0.97
5219,1.0
5220,0.315
5221,0.2
5222,0.1
5223,0.6767619047619046
5224,0.14
5225,0.18
5226,0.93
5227,0.14
5228,0.27
5229,0.03272727272727272
5230,0.62
5231,0.31
5232,0.04
5233,0.01
5234,0.1
5235,0.02
5236,0.02
5237,0.01
5238,0.24
5239,0.13
5240,0.01
5241,0.26
5242,0.33333333333333326
5243,0.08
5244,0.0
5245,0.25
5246,0.35
5247,0.1
5248,1.0
5249,0.23
5250,0.53
5251,0.7033333333333335
5252,0.195
5253,0.018333333333333333
5254,0.02
5255,0.72
5256,0.09
5257,0.07
5258,0.05
5259,0.05
5260,0.19
5261,0.02
5262,0.09
5263,1.0
5264,0.04
5265,0.16
5266,0.42
5267,0.92
5268,0.02
5269,0.08
5270,0.19
5271,0.21
5272,0.03
5273,1.0
5274,1.0
5275,0.09
5276,0.18
5277,0.25333333333333335
5278,1.0
5279,0.17
5280,0.96
5281,0.2
5282,0.19
5283,0.1
5284,0.0103559510567297
5285,0.11
5286,0.05
5287,0.85
5288,0.5672307692307692
5289,0.225
5290,0.2
5291,0.22
5292,0.54
5293,0.0
5294,0.24651297742764902
5295,1.0
5296,0.15
5297,0.24
5298,0.0
5299,1.0
5300,0.21684210526315786
5301,0.21
5302,0.09
5303,0.07
5304,0.99
5305,0.6709166666666667
5306,0.23
5307,0.38
5308,0.92
5309,0.09
5310,0.5543333333333335
5311,0.07
5312,0.51
5313,0.03
5314,0.52
5315,0.02
5316,0.48
5317,0.12
5318,0.27
5319,0.41
5320,1.0
5321,0.08
5322,0.44
5323,0.04
5324,0.49
5325,0.94
5326,0.385
5327,1.0
5328,0.11166666666666666
5329,0.22
5330,0.06
5331,0.98
5332,0.02
5333,0.11
5334,0.72
5335,0.17066666666666663
5336,0.04833333333333334
5337,0.995
5338,0.97
5339,0.07833333333333332
5340,0.36
5341,0.08
5342,0.03
5343,0.13
5344,0.01
5345,0.13
5346,0.62
5347,0.38
5348,0.83
5349,1.0
5350,0.46
5351,0.08
5352,0.03
5353,0.01
5354,0.55
5355,0.09
5356,0.06
5357,0.21
5358,0.01
5359,0.19
5360,0.004
5361,1.0
5362,0.0
5363,0.97
5364,0.42
5365,0.09
5366,0.09
5367,0.09752380952380953
5368,0.93
5369,0.0
5370,1.0
5371,0.180625
5372,0.29
5373,0.99
5374,0.06
5375,0.12
5376,1.0
5377,0.29
5378,0.21
5379,0.01
5380,0.99
5381,0.28
5382,0.06
5383,0.052000000000000005
5384,0.14
5385,0.34
5386,0.42
5387,0.052000000000000005
5388,0.95
5389,0.15
5390,0.2
5391,0.46
5392,0.04
5393,0.11
5394,0.98
5395,0.41
5396,0.2
5397,1.0
5398,0.78
5399,0.05
5400,0.03
5401,0.22
5402,0.39
5403,0.71
5404,0.06
5405,0.03
5406,0.36
5407,0.13
5408,0.28
5409,0.1
5410,0.49
5411,0.01
5412,0.07
5413,0.45
5414,0.05
5415,0.63
5416,0.4
5417,0.015833333333333335
5418,0.05
5419,1.0
5420,0.38
5421,0.05
5422,0.26
5423,0.17
5424,0.43
5425,0.6
5426,0.1
5427,0.914
5428,0.12
5429,0.21666666666666665
5430,0.07647058823529412
5431,0.29
5432,0.02
5433,0.88
5434,0.14
5435,0.99
5436,0.12
5437,0.32
5438,0.1
5439,0.07
5440,0.04
5441,0.17
5442,0.27
5443,0.2
5444,0.5202256823860129
5445,0.4460229539981863
5446,0.47
5447,0.08
5448,0.22
5449,0.02142857142857143
5450,0.8522443814355579
5451,0.185
5452,0.24
5453,0.01
5454,0.11399999999999999
5455,0.41
5456,0.35
5457,0.51
5458,0.3
5459,0.0
5460,0.28
5461,0.3
5462,1.0
5463,0.06
5464,0.08
5465,0.47
5466,0.16
5467,0.14
5468,0.65
5469,0.22
5470,0.14
5471,0.22
5472,1.0
5473,0.33666666666666667
5474,0.01
5475,0.7358333333333333
5476,0.27
5477,0.99
5478,0.5121785714285715
5479,1.0
5480,0.01
5481,0.36
5482,0.98
5483,0.04
5484,0.0
5485,0.36
5486,0.08
5487,1.0
5488,0.56
5489,1.0
5490,0.28
5491,0.98
5492,0.36
5493,0.01
5494,0.56
5495,0.19
5496,0.03
5497,0.05
5498,0.11
5499,0.38
5500,0.5
5501,0.05
5502,0.46
5503,0.99
5504,0.47
5505,0.01
5506,0.5489999999999999
5507,0.01
5508,0.05
5509,0.15
5510,0.43
5511,0.25
5512,0.48
5513,0.18
5514,0.02
5515,0.1
5516,0.27
5517,0.2975
5518,0.1
5519,0.21
5520,0.63
5521,0.31
5522,0.19
5523,0.06
5524,0.03
5525,0.01
5526,0.04
5527,0.04
5528,0.98
5529,0.31
5530,0.05
5531,0.35
5532,0.98
5533,0.04
5534,0.27
5535,0.18
5536,0.19
5537,0.14
5538,0.32
5539,0.31
5540,0.19
5541,0.664
5542,0.03
5543,0.38
5544,0.17
5545,0.05
5546,0.39
5547,0.03
5548,1.0
5549,1.0
5550,0.47
5551,0.11
5552,0.17
5553,0.08
5554,0.462
5555,0.27
5556,0.67
5557,0.94
5558,0.99
5559,0.02
5560,0.54
5561,0.14416666666666667
5562,0.12
5563,0.96
5564,0.23
5565,0.13
5566,0.3
5567,0.09
5568,0.88
5569,0.16
5570,0.03
5571,0.01
5572,0.05
5573,0.92
5574,0.15
5575,0.008
5576,0.14
5577,0.03
5578,0.08
5579,0.15
5580,0.02
5581,0.29
5582,0.17
5583,0.31
5584,0.28
5585,0.5
5586,0.13
5587,0.15
5588,1.0
5589,0.5566666666666666
5590,0.055
5591,0.02
5592,0.0
5593,0.97
5594,0.13
5595,1.0
5596,0.07333333333333333
5597,0.01
5598,0.17208973623249205
5599,0.95
5600,0.18
5601,0.28
5602,0.04
5603,0.39
5604,0.12547368421052632
5605,0.05
5606,0.18
5607,0.02
5608,0.02
5609,0.15
5610,0.16
5611,0.03166666666666666
5612,0.016666666666666666
5613,0.04
5614,0.14
5615,0.04
5616,0.51
5617,0.26
5618,0.29333333333333333
5619,0.01
5620,0.99
5621,0.78
5622,0.33
5623,0.48
5624,0.04
5625,0.59
5626,0.0026666666666666666
5627,0.44
5628,0.19699999999999995
5629,0.04166666666666667
5630,0.37
5631,0.47
5632,0.12
5633,0.1
5634,0.01
5635,0.06681818181818182
5636,0.7
5637,0.2
5638,0.28
5639,0.4
5640,0.78
5641,1.0
5642,0.0
5643,0.67
5644,0.34
5645,0.32
5646,0.33
5647,0.5
5648,0.04
5649,0.38
5650,0.43
5651,0.02
5652,0.04
5653,0.08
5654,0.37
5655,0.3
5656,1.0
5657,0.06
5658,0.13
5659,0.07
5660,0.13
5661,0.03
5662,1.0
5663,0.11
5664,0.2
5665,0.06
5666,0.09
5667,0.06
5668,0.09
5669,0.48
5670,0.48
5671,0.660078431372549
5672,0.03
5673,0.02
5674,0.01
5675,1.0
5676,0.4
5677,0.24
5678,0.15
5679,0.055
5680,0.5202256823860129
5681,0.06
5682,0.21
5683,0.35
5684,0.2
5685,1.0
5686,0.44
5687,0.05
5688,0.03
5689,0.8306666666666668
5690,0.03
5691,0.18
5692,0.07
5693,0.01
5694,0.39
5695,0.41204761904761916
5696,0.06
5697,0.98
5698,0.23
5699,0.8288888888888889
5700,0.0
5701,0.34
5702,0.03
5703,0.23
5704,0.09542857142857143
5705,0.49200000000000005
5706,0.12466666666666666
5707,1.0
5708,0.245
5709,0.06
5710,0.29
5711,0.37
5712,0.42
5713,0.08
5714,0.07
5715,0.9002222222222223
5716,0.26
5717,0.81
5718,0.08
5719,0.31
5720,1.0
5721,0.9666666666666666
5722,1.0
5723,0.33
5724,0.15
5725,0.27
5726,0.02
5727,0.25
5728,0.1
5729,0.8325
5730,0.7533333333333334
5731,0.32
5732,0.27375
5733,0.28
5734,0.26
5735,0.08
5736,0.1
5737,0.21
5738,0.02
5739,1.0
5740,0.17
5741,0.26
5742,0.02
5743,0.06
5744,0.99
5745,0.19
5746,0.45
5747,0.11
5748,0.88
5749,0.04
5750,0.19
5751,1.0
5752,0.0
5753,0.27
5754,0.16
5755,0.03
5756,0.03
5757,0.1
5758,0.02
5759,0.01
5760,0.18
5761,0.32
5762,0.1110702291082932
5763,0.22
5764,0.08
5765,0.16
5766,0.16
5767,1.0
5768,0.02
5769,0.03
5770,0.13
5771,0.04058333333333333
5772,0.22
5773,0.04
5774,0.99
5775,0.23
5776,1.0
5777,0.11
5778,0.08
5779,0.35
5780,0.99
5781,0.29
5782,0.42
5783,0.22
5784,0.08
5785,0.17
5786,0.17
5787,0.34
5788,0.07
5789,0.04
5790,0.01
5791,0.55
5792,0.03
5793,0.03
5794,0.0
5795,0.37
5796,0.77
5797,0.3
5798,0.05
5799,0.25
5800,0.99
5801,0.04
5802,0.19142857142857142
5803,0.01
5804,0.21
5805,0.11
5806,0.03
5807,1.0
5808,0.36
5809,1.0
5810,0.03
5811,0.33333333333333326
5812,0.3266666666666667
5813,0.057272727272727274
5814,0.69
5815,0.99
5816,0.35
5817,0.08
5818,0.09
5819,0.3504344889081942
5820,0.24
5821,0.98
5822,0.08
5823,0.44
5824,1.0
5825,0.36
5826,0.9056578947368421
5827,0.95
5828,0.57
5829,0.5
5830,0.14
5831,0.03
5832,0.08
5833,0.08
5834,0.7860492801771872
5835,0.26
5836,0.52
5837,0.06
5838,0.39
5839,0.93
5840,0.02
5841,0.31
5842,0.02
5843,1.0
5844,0.67
5845,1.0
5846,0.9433333333333335
5847,0.89
5848,0.08
5849,0.8081666666666668
5850,0.25
5851,0.12
5852,0.04058333333333333
5853,1.0
5854,0.08
5855,0.48
5856,0.01
5857,0.21
5858,0.34
5859,0.94
5860,0.54
5861,0.05
5862,0.09
5863,0.12666666666666665
5864,0.0
5865,0.16
5866,0.05
5867,0.19
5868,0.33
5869,0.11
5870,0.44
5871,0.03
5872,0.06
5873,0.0
5874,1.0
5875,0.07
5876,0.01
5877,0.1
5878,1.0
5879,0.26
5880,0.41
5881,0.5
5882,0.04
5883,0.58
5884,0.99
5885,0.07
5886,0.723393665158371
5887,0.99
5888,0.05
5889,0.0
5890,0.14
5891,0.63
5892,0.47
5893,0.53
5894,0.11
5895,0.13
5896,0.13
5897,0.99
5898,1.0
5899,0.1
5900,0.08472727272727272
5901,1.0
5902,0.075
5903,0.180625
5904,1.0
5905,0.92
5906,0.12
5907,0.14
5908,0.04
5909,0.05
5910,0.13
5911,0.85
5912,0.24
5913,0.09
5914,0.02
5915,0.53
5916,0.05
5917,0.06
5918,0.04
5919,0.2
5920,0.45
5921,0.18
5922,0.08
5923,0.07
5924,0.13
5925,0.34
5926,0.13
5927,0.06999999999999999
5928,1.0
5929,0.2
5930,0.08
5931,0.02
5932,0.5614285714285715
5933,0.03
5934,0.12
5935,0.95
5936,0.04
5937,1.0
5938,0.3
5939,0.01
5940,0.11
5941,0.32
5942,0.26
5943,0.135
5944,0.04
5945,0.18
5946,0.05
5947,0.03
5948,0.16
5949,0.93
5950,0.0
5951,0.1
5952,1.0
5953,0.48
5954,1.0
5955,0.28
5956,0.03
5957,0.07830432318491698
5958,0.06
5959,0.08
5960,0.34
5961,0.39
5962,0.31
5963,0.01
5964,0.04
5965,0.99
5966,0.29
5967,1.0
5968,0.07
5969,0.3
5970,0.13
5971,0.13
5972,0.01
5973,0.98
5974,1.0
5975,0.05333333333333333
5976,0.24
5977,0.18
5978,0.2
5979,0.43
5980,0.12
5981,0.22
5982,0.58
5983,0.04
5984,0.15
5985,0.030294117647058822
5986,0.02
5987,0.4
5988,0.36
5989,0.93
5990,0.12
5991,0.11
5992,0.29
5993,0.13
5994,0.09
5995,0.15
5996,0.39
5997,1.0
5998,0.05
5999,0.12
6000,0.17
6001,0.18
6002,0.08
6003,0.63
6004,0.02
6005,0.007857142857142858
6006,0.35
6007,0.2
6008,0.49
6009,0.13
6010,0.05
6011,0.38
6012,0.11
6013,0.4598333333333334
6014,0.05
6015,0.25
6016,0.02
6017,0.21719298245614035
6018,0.25
6019,0.16
6020,0.32
6021,0.97
6022,0.99
6023,0.29
6024,0.0
6025,0.19
6026,1.0
6027,0.14
6028,0.18
6029,0.1
6030,0.11
6031,0.05
6032,0.05
6033,0.041578947368421056
6034,0.08
6035,0.15
6036,0.16
6037,0.6733333333333335
6038,0.31
6039,0.01
6040,0.14
6041,0.8466666666666666
6042,0.07
6043,0.047142857142857146
6044,1.0
6045,0.7954054834054834
6046,0.47
6047,0.02
6048,0.17
6049,0.36
6050,0.23
6051,0.05444444444444445
6052,0.3665818903318903
6053,0.26
6054,1.0
6055,0.0
6056,0.13
6057,0.1
6058,0.07
6059,0.06
6060,0.06
6061,0.34
6062,0.08
6063,0.15
6064,0.01
6065,0.19
6066,0.27
6067,1.0
6068,0.77
6069,0.07
6070,0.03
6071,0.32
6072,0.05
6073,0.25076923076923074
6074,0.19645284614497519
6075,0.1
6076,0.98
6077,0.02
6078,0.723393665158371
6079,0.35
6080,0.17
6081,0.02
6082,0.14
6083,0.06
6084,0.04
6085,0.1
6086,0.165
6087,0.29
6088,0.21
6089,0.03
6090,0.13
6091,0.75
6092,0.0
6093,0.01
6094,0.07
6095,0.04
6096,0.39
6097,0.46
6098,0.5
6099,0.07
6100,0.43
6101,0.17474489865279338
6102,0.21
6103,0.11
6104,0.27
6105,0.01
6106,0.15
6107,0.03
6108,0.35
6109,0.06
6110,0.19
6111,0.18
6112,0.06
6113,0.05
6114,0.14
6115,0.06
6116,0.21807234432234432
6117,0.03
6118,0.64
6119,1.0
6120,0.02
6121,0.0
6122,0.23
6123,0.12652884615384616
6124,0.01
6125,0.04
6126,0.45
6127,0.91
6128,0.01
6129,0.24666666666666667
6130,0.03
6131,1.0
6132,0.01
6133,0.12
6134,0.03
6135,0.02
6136,0.47
6137,0.15
6138,0.13
6139,0.46
6140,0.57
6141,1.0
6142,1.0
6143,0.15
6144,0.04
6145,0.34
6146,0.27
6147,0.31
6148,1.0
6149,0.01
6150,0.35
6151,0.32
6152,0.28
6153,0.03
6154,0.11
6155,1.0
6156,0.20041344766344768
6157,0.06
6158,0.0
6159,0.96
6160,1.0
6161,0.26
6162,0.88
6163,0.99
6164,0.31
6165,1.0
6166,0.98
6167,0.04
6168,0.22
6169,0.38
6170,0.039375
6171,0.01
6172,0.24
6173,0.09
6174,0.01
6175,0.08
6176,0.10833333333333332
6177,0.21
6178,0.06755681818181819
6179,0.31
6180,0.19119540696983717
6181,0.026521739130434784
6182,0.06
6183,0.01
6184,0.03
6185,0.44
6186,0.08
6187,0.9097222222222223
6188,0.04
6189,0.08
6190,1.0
6191,0.07
6192,0.06
6193,0.07
6194,0.09
6195,0.795
6196,0.03
6197,0.06
6198,0.05
6199,0.97
6200,0.97
6201,0.3
6202,1.0
6203,0.07
6204,0.08
6205,0.04
6206,0.32
6207,0.32
6208,0.32
6209,0.27
6210,0.39
6211,0.25
6212,0.12
6213,0.14
6214,0.9
6215,0.02
6216,0.95
6217,0.07
6218,0.2
6219,0.39
6220,1.0
6221,0.12
6222,1.0
6223,0.06
6224,0.07083333333333333
6225,0.01
6226,0.85
6227,0.0
6228,0.03
6229,0.06
6230,0.79
6231,0.06
6232,0.5962265381677145
6233,0.02
6234,0.045
6235,0.68
6236,0.99
6237,0.63
6238,1.0
6239,0.013333333333333332
6240,0.915
6241,0.0
6242,0.44
6243,0.14
6244,0.14
6245,0.48
6246,0.28
6247,0.02
6248,0.09
6249,0.01
6250,0.34
6251,0.26
6252,0.02
6253,0.39
6254,0.1
6255,0.258
6256,1.0
6257,0.31
6258,0.13
6259,0.0
6260,0.13
6261,0.21066666666666667
6262,0.14
6263,1.0
6264,1.0
6265,0.04
6266,0.39
6267,0.516008878065318
6268,0.06
6269,1.0
6270,0.88
6271,0.05
6272,0.07
6273,0.58
6274,1.0
6275,0.09
6276,0.16
6277,0.24
6278,0.05
6279,0.07
6280,0.98
6281,0.09
6282,0.904
6283,0.5316666666666667
6284,0.55
6285,0.1
6286,0.43
6287,1.0
6288,0.0
6289,0.42200000000000004
6290,0.31
6291,0.23
6292,0.54
6293,0.795
6294,0.14
6295,0.4396111111111112
6296,0.12
6297,0.34
6298,0.9288888888888889
6299,0.51
6300,0.14
6301,0.04
6302,0.19
6303,0.19
6304,0.0575
6305,0.04
6306,0.24
6307,0.4
6308,0.99
6309,0.36
6310,0.11
6311,0.16
6312,0.24
6313,1.0
6314,0.26
6315,0.28
6316,0.09
6317,0.8353333333333333
6318,0.09
6319,0.26571428571428574
6320,0.06
6321,0.99
6322,0.05307692307692308
6323,0.9388888888888889
6324,0.125
6325,1.0
6326,0.0
6327,0.13
6328,0.08
6329,0.08
6330,0.18
6331,0.01
6332,0.28
6333,0.02
6334,0.1
6335,0.17
6336,0.3
6337,0.08
6338,1.0
6339,0.44287209295953744
6340,0.08
6341,0.4
6342,1.0
6343,0.03
6344,0.086
6345,0.72
6346,0.18
6347,1.0
6348,0.54
6349,0.37
6350,0.99
6351,0.018181818181818184
6352,0.03
6353,0.04
6354,0.36
6355,0.32
6356,0.07
6357,0.39
6358,0.25
6359,0.04
6360,0.01
6361,0.02
6362,0.16261904761904764
6363,0.24
6364,0.04
6365,0.0
6366,0.18
6367,0.09
6368,0.17
6369,0.15
6370,0.16
6371,0.28
6372,0.06
6373,0.08
6374,0.03
6375,0.2
6376,0.215
6377,0.69
6378,0.08663461538461538
6379,0.17
6380,0.97
6381,0.07
6382,1.0
6383,0.88
6384,1.0
6385,0.17
6386,0.4
6387,0.03
6388,0.14
6389,0.33
6390,0.22
6391,0.4
6392,0.0
6393,1.0
6394,0.05
6395,0.33
6396,0.43
6397,0.21
6398,0.04
6399,0.16
6400,0.57
6401,0.21
6402,0.52
6403,0.09
6404,0.39
6405,0.22
6406,0.01
6407,0.24
6408,0.01
6409,0.1
6410,0.19
6411,0.62
6412,0.02
6413,0.42
6414,0.03
6415,0.83
6416,0.05
6417,0.03
6418,0.1
6419,0.38
6420,0.11
6421,0.21
6422,0.27
6423,0.12
6424,1.0
6425,0.5
6426,0.1
6427,0.04
6428,0.65
6429,0.0
6430,0.16
6431,0.17
6432,0.35
6433,0.98
6434,0.98
6435,0.02
6436,1.0
6437,0.08
6438,0.22
6439,0.18
6440,0.05
6441,0.14
6442,0.34
6443,0.05
6444,0.21
6445,0.02
6446,1.0
6447,0.09
6448,0.64
6449,0.01
6450,0.92
6451,0.16666666666666669
6452,0.12
6453,0.99
6454,0.39
6455,0.04
6456,0.07
6457,0.13
6458,0.19
6459,0.5121785714285715
6460,0.26
6461,0.85
6462,0.29
6463,0.25
6464,0.23
6465,0.44
6466,0.02
6467,0.11
6468,0.03
6469,1.0
6470,1.0
6471,1.0
6472,0.07
6473,0.24
6474,0.17
6475,0.0
6476,0.7
6477,0.08
6478,0.04
6479,0.93
6480,0.14
6481,0.125
6482,0.33
6483,0.0
6484,0.20831832056832048
6485,0.32
6486,0.27
6487,0.06
6488,0.08333333333333331
6489,0.42
6490,0.7616754385964913
6491,0.68
6492,0.99
6493,0.16
6494,0.17208973623249205
6495,0.7403571428571428
6496,0.31
6497,0.04
6498,0.68
6499,0.03
6500,0.18
6501,0.1
6502,0.39
6503,0.02
6504,0.24
6505,0.93
6506,0.08
6507,0.0
6508,0.04
6509,0.1
6510,0.05
6511,0.09
6512,0.25522871273503556
6513,0.6833333333333335
6514,0.06
6515,0.17
6516,0.31
6517,0.145
6518,0.39
6519,0.041578947368421056
6520,1.0
6521,0.01
6522,0.21
6523,0.49
6524,0.04
6525,0.41
6526,0.4
6527,1.0
6528,0.49
6529,0.08
6530,0.93
6531,1.0
6532,0.77
6533,0.92
6534,0.11
6535,0.01
6536,0.5423333333333333
6537,0.3
6538,0.3
6539,0.013333333333333332
6540,0.4975
6541,0.57
6542,0.72
6543,0.7603809523809524
6544,0.1
6545,0.71
6546,0.43
6547,0.11
6548,0.23
6549,0.345
6550,0.06
6551,0.0
6552,0.02
6553,0.16
6554,1.0
6555,0.0
6556,0.16
6557,1.0
6558,0.03
6559,0.82
6560,0.02
6561,0.88
6562,0.268
6563,0.09
6564,0.21
6565,0.12
6566,0.03191697191697192
6567,0.11333333333333333
6568,0.15
6569,0.22
6570,0.1
6571,0.98
6572,1.0
6573,0.09
6574,0.02
6575,0.89
6576,0.18
6577,0.34
6578,0.4
6579,0.15
6580,0.01
6581,0.15
6582,0.98
6583,0.06
6584,0.36
6585,0.24
6586,0.08
6587,0.0
6588,0.01
6589,0.11
6590,0.05
6591,0.7339102564102565
6592,0.14
6593,0.03
6594,0.0
6595,0.92
6596,1.0
6597,0.04
6598,0.09
6599,0.11
6600,0.125
6601,0.15
6602,0.21
6603,0.35
6604,0.18666666666666668
6605,0.04
6606,0.14
6607,0.28
6608,0.09776470588235295
6609,0.04
6610,0.02
6611,0.298
6612,0.19
6613,0.1
6614,0.07
6615,0.52
6616,0.0
6617,0.09
6618,0.03
6619,0.07
6620,0.13
6621,0.05
6622,0.24
6623,0.36
6624,0.87
6625,0.09333333333333334
6626,0.87
6627,0.06
6628,0.17
6629,0.05
6630,0.07333333333333333
6631,1.0
6632,0.24
6633,1.0
6634,0.33
6635,0.6
6636,0.12
6637,0.15
6638,0.07
6639,0.01
6640,0.01
6641,0.07333333333333333
6642,0.19
6643,0.26
6644,0.09
6645,0.04166666666666667
6646,0.9440000000000001
6647,0.6071532591664779
6648,0.27
6649,0.06
6650,0.93
6651,0.16
6652,0.8
6653,0.16
6654,1.0
6655,0.0
6656,0.3
6657,0.01
6658,0.07
6659,0.29
6660,0.04
6661,1.0
6662,0.99
6663,0.91
6664,0.8821428571428572
6665,0.09
6666,0.26
6667,0.29
6668,0.18
6669,0.05
6670,0.09066666666666666
6671,0.04
6672,0.11540630422209369
6673,0.98
6674,0.02
6675,0.06
6676,1.0
6677,0.99
6678,0.09
6679,0.17
6680,0.04
6681,1.0
6682,0.26
6683,0.05
6684,0.4086666666666667
6685,0.02
6686,0.02
6687,0.01
6688,0.1690909090909091
6689,0.1
6690,0.23
6691,0.24
6692,0.02
6693,0.23
6694,0.02
6695,0.19833333333333336
6696,0.04
6697,0.0
6698,1.0
6699,0.98
6700,0.55
6701,0.04
6702,0.1
6703,0.0875
6704,0.99
6705,0.15
6706,0.32871428571428574
6707,0.0225
6708,0.19
6709,0.04
6710,1.0
6711,0.03
6712,0.15
6713,0.05
6714,0.0
6715,0.99
6716,0.09
6717,0.16
6718,0.16
6719,0.88
6720,0.0
6721,1.0
6722,1.0
6723,0.54
6724,0.19
6725,0.07385057471264368
6726,0.15
6727,0.04
6728,0.24651297742764902
6729,0.11
6730,0.03
6731,0.4
6732,0.04
6733,0.415
6734,0.5
6735,0.97
6736,0.14
6737,0.07
6738,0.13
6739,0.01
6740,0.59
6741,0.29
6742,0.33
6743,0.45
6744,1.0
6745,0.18
6746,0.11820512820512821
6747,0.24
6748,0.0725
6749,0.06
6750,0.462
6751,0.11
6752,0.29333333333333333
6753,0.53
6754,0.12
6755,0.21
6756,0.47
6757,0.08
6758,0.2295198135198135
6759,0.48
6760,0.97
6761,0.06
6762,0.59
6763,0.16139386838651543
6764,0.06
6765,0.034
6766,0.12
6767,0.01
6768,0.06
6769,0.97
6770,0.35
6771,0.37
6772,0.0
6773,0.15
6774,1.0
6775,0.08583333333333334
6776,0.53
6777,0.1
6778,0.28
6779,0.06
6780,0.33
6781,0.02
6782,0.07
6783,0.13
6784,0.15
6785,0.18
6786,0.0
6787,0.31
6788,0.36
6789,0.0
6790,0.045
6791,0.26
6792,0.18
6793,0.17
6794,0.97
6795,0.04
6796,0.008333333333333333
6797,0.02
6798,0.07
6799,0.46333333333333326
6800,0.11
6801,0.16
6802,0.08
6803,0.02861111111111111
6804,0.0
6805,0.96
6806,0.5
6807,0.06
6808,1.0
6809,0.15
6810,0.02
6811,0.16
6812,0.18
6813,0.18
6814,0.06
6815,0.38
6816,0.095
6817,0.2
6818,0.07
6819,0.02
6820,0.19
6821,0.02
6822,0.33
6823,0.97
6824,0.33
6825,0.97
6826,0.37
6827,0.33
6828,1.0
6829,0.7339102564102565
6830,0.18
6831,0.092
6832,0.0
6833,1.0
6834,0.18546689584924878
6835,0.78
6836,0.3
6837,1.0
6838,0.05
6839,0.03
6840,0.18
6841,1.0
6842,0.32
6843,0.095
6844,0.34
6845,0.13625
6846,0.05
6847,0.08
6848,0.67
6849,0.07
6850,0.5
6851,0.04
6852,0.04
6853,0.0
6854,0.63
6855,0.24
6856,0.04
6857,0.19
6858,0.94
6859,0.06
6860,0.97
6861,0.05
6862,0.04
6863,0.47
6864,0.45
6865,0.23
6866,0.8648696264975335
6867,0.27
6868,0.0
6869,0.13333333333333333
6870,0.14
6871,0.0
6872,0.61
6873,0.99
6874,0.9307407407407408
6875,0.49
6876,0.14
6877,0.18
6878,0.91
6879,0.28
6880,0.06
6881,0.03
6882,1.0
6883,0.4379169719169719
6884,0.1
6885,0.12
6886,0.47
6887,0.27
6888,0.21
6889,0.05
6890,0.1
6891,0.09
6892,0.355
6893,0.08
6894,0.0875
6895,0.35
6896,0.13
6897,0.99
6898,1.0
6899,0.34
6900,0.0
6901,0.059000000000000004
6902,0.0
6903,0.39
6904,0.04
6905,0.49413013244806714
6906,0.0
6907,0.2
6908,0.34
6909,0.33
6910,0.28
6911,0.17
6912,0.2
6913,0.02
6914,0.14076923076923076
6915,0.63
6916,0.84
6917,0.53
6918,0.07
6919,1.0
6920,0.63
6921,0.35
6922,0.01
6923,0.1925
6924,0.45
6925,0.04
6926,0.08
6927,0.12
6928,0.06
6929,0.05
6930,0.64
6931,0.07
6932,0.09
6933,0.95
6934,0.0
6935,0.04
6936,0.01
6937,0.08
6938,0.2
6939,0.42
6940,0.21
6941,0.18
6942,0.29
6943,0.07
6944,0.11
6945,0.09
6946,0.01
6947,0.31
6948,0.51
6949,0.14
6950,0.8524074074074075
6951,0.22
6952,0.68
6953,0.3
6954,0.195
6955,0.38
6956,0.13
6957,0.1875
6958,0.17
6959,0.07
6960,0.045
6961,0.03
6962,0.3
6963,0.06
6964,0.25
6965,0.25
6966,0.01
6967,0.99
6968,0.03
6969,0.03
6970,0.05
6971,0.05
6972,0.71
6973,0.19
6974,0.342
6975,0.26
6976,0.5
6977,1.0
6978,0.06
6979,0.47
6980,0.1
6981,0.09
6982,0.04
6983,0.15
6984,0.03
6985,0.21
6986,0.03
6987,0.08
6988,0.06
6989,0.039999999999999994
6990,1.0
6991,0.99
6992,0.99
6993,0.25
6994,0.32
6995,0.05
6996,0.56
6997,0.35
6998,0.1
6999,0.05
7000,0.3064204545454545
7001,0.0225
7002,0.1
7003,1.0
7004,0.17
7005,0.06
7006,1.0
7007,0.03
7008,0.49
7009,0.72
7010,0.35
7011,0.03
7012,0.37
7013,0.024
7014,0.0
7015,0.15210526315789472
7016,1.0
7017,0.0
7018,0.26
7019,0.09
7020,1.0
7021,0.03
7022,0.27
7023,0.02
7024,0.2866666666666666
7025,0.76
7026,0.08
7027,0.29
7028,0.39
7029,0.08
7030,0.99
7031,0.33
7032,0.9
7033,0.99
7034,0.795
7035,0.75
7036,0.08
7037,0.95
7038,0.7100100114883395
7039,0.1
7040,0.95
7041,0.27
7042,0.32
7043,0.08
7044,0.11
7045,0.28
7046,0.98
7047,0.04
7048,0.07
7049,0.13
7050,0.96
7051,0.15
7052,0.06
7053,0.8
7054,0.0013157894736842105
7055,1.0
7056,0.15
7057,0.98
7058,0.69
7059,1.0
7060,0.04
7061,0.95
7062,0.0
7063,0.0
7064,0.01
7065,0.57
7066,0.16333333333333336
7067,0.68
7068,0.27
7069,0.20199999999999999
7070,0.07
7071,0.02
7072,0.03
7073,0.37
7074,0.2
7075,0.41
7076,0.68
7077,0.13
7078,0.7100100114883395
7079,0.0
7080,0.09
7081,0.06
7082,0.21
7083,0.08
7084,0.03
7085,0.02
7086,0.02
7087,0.14
7088,0.05
7089,1.0
7090,0.33
7091,0.26
7092,1.0
7093,0.28
7094,0.98
7095,0.54
7096,0.42
7097,0.19
7098,0.49
7099,0.99
7100,0.1
7101,0.52
7102,0.03666666666666667
7103,0.836
7104,0.34
7105,0.16
7106,0.17
7107,0.69
7108,0.5
7109,0.18
7110,0.15
7111,0.13
7112,0.29
7113,0.31
7114,0.21
7115,0.8335873015873015
7116,0.08
7117,0.14
7118,0.0
7119,0.01
7120,0.05
7121,0.48
7122,0.06
7123,0.07
7124,0.0
7125,0.42
7126,0.12
7127,0.28
7128,0.25
7129,0.02
7130,0.47
7131,0.5
7132,1.0
7133,1.0
7134,0.46
7135,0.02
7136,0.19
7137,0.01
7138,0.27
7139,0.13
7140,0.12
7141,0.0
7142,0.37
7143,0.08
7144,0.88
7145,0.04
7146,0.38
7147,0.07
7148,0.38
7149,0.15
7150,0.0008333333333333333
7151,0.8958333333333335
7152,0.14
7153,0.09
7154,0.12
7155,0.18
7156,1.0
7157,0.16
7158,0.48
7159,0.03
7160,0.43
7161,0.14
7162,1.0
7163,0.08
7164,0.01
7165,0.01
7166,1.0
7167,0.14
7168,0.47
7169,0.4162121212121212
7170,0.01
7171,0.17
7172,0.17
7173,0.0
7174,0.28
7175,0.03
7176,0.4
7177,0.11833333333333332
7178,0.35
7179,0.42
7180,0.36
7181,0.02
7182,0.01
7183,0.03
7184,0.13
7185,0.08
7186,0.12
7187,1.0
7188,0.2
7189,0.1
7190,0.06
7191,0.32
7192,0.26
7193,0.48
7194,0.29
7195,1.0
7196,0.06
7197,0.3
7198,0.21
7199,0.04
7200,0.86
7201,0.89
7202,0.2766666666666666
7203,0.05
7204,0.45
7205,0.05
7206,0.99
7207,0.23
7208,0.5
7209,0.19
7210,0.0
7211,0.06
7212,0.27
7213,0.43
7214,0.12466666666666669
7215,0.02
7216,0.61
7217,0.99
7218,0.02
7219,0.08
7220,0.03
7221,0.14
7222,0.04
7223,0.01
7224,0.03
7225,0.03
7226,1.0
7227,0.03
7228,0.22
7229,0.19
7230,0.18
7231,0.99
7232,0.01
7233,0.16
7234,0.02
7235,0.01
7236,0.24
7237,0.0
7238,0.02
7239,0.07941176470588235
7240,0.01
7241,0.33
7242,1.0
7243,0.29
7244,0.05
7245,0.05
7246,0.1946651583710407
7247,0.182
7248,0.01
7249,0.19666666666666668
7250,0.04
7251,0.13
7252,0.2
7253,0.15
7254,0.11
7255,1.0
7256,0.96
7257,0.16
7258,0.03
7259,0.06
7260,1.0
7261,0.04875
7262,0.02
7263,0.34
7264,0.47
7265,0.18
7266,0.01
7267,0.2814673202614379
7268,0.1
7269,0.03
7270,0.2
7271,0.11
7272,0.02
7273,0.06
7274,0.04
7275,0.19
7276,0.35
7277,0.02
7278,0.99
7279,0.07
7280,0.17
7281,1.0
7282,0.52
7283,0.08
7284,0.03
7285,0.18
7286,0.01
7287,0.02
7288,0.03
7289,0.24
7290,0.06
7291,1.0
7292,0.02
7293,0.28
7294,0.23
7295,1.0
7296,0.01
7297,0.02
7298,0.03
7299,0.97
7300,0.5
7301,0.99
7302,0.16
7303,0.02
7304,0.1
7305,1.0
7306,0.97
7307,1.0
7308,0.26
7309,0.17
7310,0.99
7311,0.23
7312,0.1225
7313,0.99
7314,0.96
7315,0.16
7316,0.23
7317,0.54
7318,0.25
7319,1.0
7320,0.52
7321,0.14954545454545454
7322,0.78
7323,0.13
7324,0.13
7325,0.17
7326,0.05
7327,0.01
7328,0.02
7329,0.13
7330,0.01
7331,0.09
7332,0.2775
7333,0.09
7334,0.14
7335,0.05
7336,0.41
7337,0.0
7338,0.09
7339,0.03
7340,0.664
7341,0.08
7342,1.0
7343,0.17
7344,0.24
7345,0.19
7346,0.215
7347,0.2658333333333333
7348,0.8642105263157894
7349,0.05
7350,0.01
7351,0.01
7352,0.02
7353,0.45
7354,0.03
7355,0.03
7356,0.11
7357,0.98
7358,0.2
7359,0.03
7360,0.97
7361,0.91
7362,0.23
7363,0.03485294117647059
7364,0.5202256823860129
7365,0.85
7366,0.32
7367,0.26
7368,1.0
7369,0.02
7370,0.08
7371,0.13
7372,0.8320000000000001
7373,0.39
7374,0.04
7375,0.26107875457875457
7376,0.02
7377,0.09
7378,0.04090909090909091
7379,0.44
7380,0.17
7381,0.22
7382,0.03
7383,0.03
7384,0.01
7385,1.0
7386,0.02
7387,0.18
7388,0.07
7389,0.3
7390,0.98
7391,1.0
7392,0.83
7393,0.03
7394,0.31
7395,0.1
7396,0.35
7397,0.18
7398,0.03
7399,0.03
7400,0.48
7401,0.11
7402,0.99
7403,0.03
7404,0.9288888888888889
7405,0.02
7406,0.035
7407,0.22
7408,0.3025
7409,0.04789473684210527
7410,0.41
7411,0.23
7412,0.24
7413,0.045
7414,0.03
7415,0.06
7416,0.16
7417,0.56
7418,0.13
7419,0.04
7420,0.14
7421,0.28
7422,0.3521159663187966
7423,0.14666666666666667
7424,0.892
7425,0.99375
7426,0.05
7427,0.22
7428,0.8232732213438736
7429,0.04
7430,0.16
7431,0.99
7432,0.38
7433,0.31
7434,0.07
7435,0.42
7436,0.06
7437,0.02
7438,0.32
7439,0.78
7440,0.0013157894736842105
7441,0.19916666666666663
7442,0.03
7443,0.21
7444,0.04
7445,0.49
7446,0.07333333333333333
7447,0.06
7448,0.07
7449,0.17
7450,0.44
7451,0.21
7452,0.99
7453,0.93
7454,0.01
7455,0.0
7456,0.4
7457,0.05
7458,0.23
7459,0.99
7460,1.0
7461,0.40478246753246766
7462,0.32
7463,1.0
7464,0.14
7465,1.0
7466,0.17
7467,0.22
7468,0.21
7469,0.35
7470,0.07
7471,1.0
7472,0.35
7473,0.02
7474,0.69
7475,0.05
7476,0.05
7477,0.932
7478,0.03
7479,0.06
7480,0.09
7481,0.76
7482,0.66
7483,0.03
7484,0.09
7485,0.1
7486,0.1
7487,0.85
7488,0.69
7489,0.2
7490,0.17
7491,0.6833333333333335
7492,0.28
7493,0.48
7494,0.065
7495,0.01
7496,0.05
7497,0.2
7498,0.23
7499,0.04
7500,0.01
7501,0.9666666666666666
7502,0.0
7503,0.15
7504,0.58
7505,0.99
7506,0.39
7507,0.63
7508,0.0
7509,0.2
7510,0.0
7511,0.13
7512,0.061818181818181814
7513,0.26
7514,0.2
7515,0.06
7516,1.0
7517,0.32
7518,0.99
7519,0.0
7520,0.07
7521,0.13452317290552585
7522,1.0
7523,0.35
7524,0.05
7525,0.47
7526,0.06
7527,0.18
7528,0.011739130434782608
7529,0.28
7530,0.19
7531,1.0
7532,0.11333333333333333
7533,0.01
7534,0.08
7535,0.99
7536,0.06
7537,0.47
7538,0.44083333333333335
7539,0.1
7540,0.05
7541,0.67
7542,0.24
7543,0.12
7544,0.38
7545,0.3
7546,0.37
7547,0.14
7548,0.29
7549,1.0
7550,0.15
7551,0.28
7552,0.09666666666666666
7553,0.15
7554,0.09
7555,0.18
7556,0.1
7557,0.15300790875790873
7558,0.15
7559,0.8991861471861471
7560,0.01
7561,0.02
7562,1.0
7563,0.0825
7564,0.29
7565,0.015
7566,0.08
7567,0.02
7568,0.29
7569,0.98
7570,0.03
7571,0.02
7572,0.49
7573,0.185
7574,0.98
7575,0.7812043314872263
7576,0.11
7577,0.02
7578,0.71
7579,0.21
7580,0.92
7581,0.03166666666666666
7582,0.48
7583,0.45
7584,0.04
7585,0.14266666666666666
7586,0.01
7587,0.18
7588,0.26
7589,0.24
7590,0.15
7591,0.63
7592,0.26
7593,0.29
7594,1.0
7595,0.23294444444444445
7596,0.155
7597,0.01
7598,0.7735445030010248
7599,0.33
7600,0.07
7601,0.43
7602,0.13
7603,0.02
7604,0.05
7605,1.0
7606,0.19
7607,0.03
7608,0.99
7609,0.57
7610,0.04
7611,0.29
7612,0.0
7613,0.29
7614,0.01
7615,0.21333333333333335
7616,0.6
7617,0.03
7618,1.0
7619,0.94
7620,0.04
7621,0.26
7622,0.45
7623,0.02
7624,1.0
7625,0.45
7626,0.455
7627,0.31357142857142856
7628,0.08
7629,0.47
7630,0.16
7631,0.08
7632,0.06
7633,0.49
7634,0.845
7635,0.03
7636,0.23
7637,0.05
7638,0.08
7639,0.29
7640,0.05
7641,0.19
7642,0.03
7643,0.54
7644,0.12
7645,0.28
7646,0.01
7647,0.94
7648,0.23777777777777778
7649,0.7091960784313726
7650,0.01
7651,0.05
7652,0.42
7653,0.09
7654,0.23
7655,0.13
7656,0.09
7657,0.04
7658,0.02
7659,0.1
7660,0.93
7661,0.06
7662,0.04
7663,0.24
7664,0.42
7665,0.1525
7666,0.27
7667,1.0
7668,0.99
7669,0.35
7670,0.18
7671,0.08333333333333331
7672,0.095
7673,0.0
7674,0.01
7675,0.34
7676,0.41
7677,0.05
7678,0.03
7679,0.2
7680,0.99
7681,0.16
7682,0.23
7683,0.02
7684,0.08
7685,1.0
7686,0.04
7687,0.16
7688,0.99
7689,0.21
7690,0.09
7691,0.38
7692,0.25
7693,0.08
7694,0.04
7695,0.97
7696,1.0
7697,0.73
7698,0.04333333333333334
7699,0.51
7700,0.31
7701,0.23
7702,0.44
7703,0.1
7704,0.26
7705,0.03
7706,0.28
7707,0.23234581105169344
7708,0.15
7709,0.21
7710,0.48
7711,0.74
7712,0.1
7713,0.0375
7714,0.99
7715,0.18666666666666665
7716,0.41
7717,0.41
7718,1.0
7719,0.33
7720,1.0
7721,0.09
7722,0.28
7723,0.2
7724,0.65
7725,0.15
7726,1.0
7727,0.1
7728,0.03
7729,0.16
7730,0.01
7731,1.0
7732,0.05
7733,0.13
7734,0.01
7735,0.58
7736,0.07400000000000001
7737,0.05
7738,0.94
7739,0.32
7740,0.58
7741,0.25
7742,0.02
7743,0.26
7744,0.19
7745,0.21
7746,0.1
7747,0.21
7748,1.0
7749,1.0
7750,0.99
7751,0.99
7752,0.14
7753,0.165
7754,0.58
7755,0.07
7756,0.04
7757,0.97
7758,0.42200000000000004
7759,0.1
7760,0.03
7761,0.15
7762,0.9509302325581396
7763,0.26107875457875457
7764,0.41
7765,0.16
7766,0.14
7767,0.1175
7768,0.0
7769,0.015
7770,0.13
7771,0.28
7772,0.26
7773,0.93
7774,0.6733840535969019
7775,0.22
7776,0.01
7777,1.0
7778,0.2
7779,0.625583028083028
7780,0.05
7781,0.05
7782,0.0
7783,0.7843095238095238
7784,0.97
7785,0.62
7786,0.22
7787,0.8522443814355579
7788,1.0
7789,0.29
7790,0.31
7791,0.02
7792,0.28
7793,0.11
7794,0.44
7795,0.11
7796,0.27
7797,0.14097222222222222
7798,0.0
7799,0.07
7800,0.02861111111111111
7801,0.04
7802,0.21
7803,0.78
7804,0.09
7805,0.19645284614497519
7806,0.11
7807,0.38
7808,0.19645284614497519
7809,0.9032352941176469
7810,0.59
7811,0.0
7812,0.78
7813,0.14
7814,0.25
7815,0.02
7816,0.09
7817,0.05
7818,0.44
7819,0.36
7820,0.01
7821,0.3
7822,0.19119540696983717
7823,0.15333333333333332
7824,0.24408333333333332
7825,0.97
7826,0.8390000000000001
7827,0.04
7828,0.15
7829,0.0
7830,0.06
7831,0.73
7832,0.71
7833,0.15
7834,0.06
7835,0.03
7836,0.89
7837,0.12
7838,0.31
7839,0.31
7840,0.22233333333333336
7841,0.05
7842,0.13
7843,0.04
7844,0.16
7845,0.01
7846,0.035
7847,0.5202256823860129
7848,0.27
7849,0.13
7850,0.13
7851,1.0
7852,0.01
7853,1.0
7854,0.01
7855,0.81
7856,0.01
7857,0.49200000000000005
7858,0.82
7859,0.16
7860,0.225
7861,0.56
7862,0.04
7863,0.22
7864,0.0
7865,0.84
7866,1.0
7867,0.04
7868,0.13
7869,0.29
7870,0.05
7871,0.01
7872,0.9421052631578948
7873,0.03
7874,0.17
7875,0.16
7876,0.06
7877,0.16
7878,0.04
7879,0.19
7880,0.03
7881,0.17
7882,0.06
7883,0.18
7884,0.04
7885,0.03
7886,1.0
7887,0.01
7888,1.0
7889,0.27
7890,0.27
7891,0.99
7892,0.06
7893,0.06
7894,0.06
7895,0.15
7896,0.43
7897,0.08
7898,0.23433333333333334
7899,1.0
7900,0.03
7901,1.0
7902,0.16
7903,0.6
7904,0.04
7905,0.03
7906,0.9266666666666665
7907,0.03
7908,1.0
7909,0.15
7910,1.0
7911,0.27
7912,0.49
7913,0.01
7914,0.01
7915,0.01
7916,0.12
7917,0.12
7918,0.94
7919,0.02
7920,0.65
7921,0.18
7922,1.0
7923,0.06
7924,0.17
7925,0.05277472527472527
7926,0.17710526315789474
7927,0.98
7928,0.08
7929,0.01
7930,0.27
7931,0.16
7932,0.71685
7933,0.01
7934,0.34
7935,1.0
7936,0.42
7937,0.04
7938,0.37
7939,0.28
7940,0.06
7941,0.09
7942,0.043125
7943,0.3
7944,0.36
7945,0.07
7946,0.99
7947,0.7304939431913116
7948,0.36
7949,0.05
7950,0.15
7951,0.03
7952,0.46
7953,0.27
7954,0.04
7955,0.09
7956,0.24
7957,0.23
7958,0.06
7959,0.42
7960,0.02
7961,0.05
7962,0.43
7963,1.0
7964,0.28
7965,0.1
7966,0.87
7967,1.0
7968,0.28
7969,0.01
7970,0.07
7971,0.76
7972,0.3
7973,0.29
7974,0.02
7975,0.3
7976,0.04
7977,0.11
7978,0.93
7979,0.32
7980,0.06
7981,0.16
7982,0.03333333333333333
7983,0.04789473684210527
7984,0.49
7985,0.44
7986,0.32
7987,0.21
7988,0.04
7989,0.02
7990,0.01
7991,0.21
7992,0.435
7993,0.14
7994,0.5376856991305907
7995,0.03
7996,0.46
7997,0.98
7998,0.14
7999,0.01
8000,0.04
8001,0.14
8002,0.03
8003,0.05
8004,0.13
8005,0.12
8006,0.22
8007,0.04
8008,0.16
8009,0.0
8010,1.0
8011,1.0
8012,0.34
8013,0.6775
8014,0.11
8015,0.05
8016,0.98
8017,0.02
8018,0.31
8019,0.01
8020,0.02
8021,0.02
8022,0.06
8023,0.3
8024,0.1
8025,0.97
8026,0.12
8027,0.99
8028,0.16
8029,0.02
8030,0.4
8031,0.25
8032,1.0
8033,0.06
8034,0.02
8035,0.15076923076923077
8036,0.0
8037,0.3
8038,0.1
8039,0.01
8040,0.01
8041,0.19
8042,0.27
8043,0.02
8044,0.03
8045,0.001
8046,1.0
8047,0.51
8048,0.012692307692307692
8049,0.18
8050,0.0
8051,0.02
8052,0.21
8053,0.04
8054,0.2817391304347826
8055,0.15
8056,0.18
8057,1.0
8058,0.95
8059,0.06
8060,0.45
8061,0.32
8062,0.387502790622827
8063,0.93
8064,0.01
8065,0.76
8066,0.13
8067,0.96
8068,0.06
8069,0.02
8070,0.37
8071,0.0
8072,0.014750000000000001
8073,0.06
8074,0.12
8075,0.02
8076,0.09
8077,0.21
8078,0.16
8079,1.0
8080,0.78
8081,0.03
8082,0.8541666666666667
8083,0.07200000000000001
8084,0.98
8085,0.04
8086,0.23
8087,0.04941316526610644
8088,0.14
8089,1.0
8090,0.11540630422209369
8091,0.37
8092,0.05
8093,0.14
8094,0.0
8095,0.13
8096,0.24499523809523807
8097,0.77
8098,0.8455256410256411
8099,0.52
8100,0.01
8101,0.65
8102,0.01
8103,0.9588888888888889
8104,0.16
8105,1.0
8106,0.15
8107,0.01
8108,0.19
8109,0.94
8110,0.02
8111,0.44
8112,1.0
8113,0.29
8114,0.08
8115,1.0
8116,0.08
8117,0.0
8118,0.22
8119,0.42
8120,0.39
8121,0.24499523809523807
8122,1.0
8123,1.0
8124,0.04
8125,0.07
8126,0.8740000000000001
8127,0.03
8128,0.01
8129,0.07
8130,0.45
8131,0.17
8132,0.1425
8133,0.31
8134,0.33
8135,0.18099999999999997
8136,0.09
8137,0.01
8138,0.55
8139,0.38
8140,0.99
8141,0.48
8142,0.01
8143,0.14
8144,0.04
8145,0.11
8146,0.05
8147,0.02
8148,0.15
8149,0.66
8150,0.11
8151,0.01
8152,0.03
8153,0.97
8154,0.17
8155,0.26
8156,0.02
8157,0.21
8158,0.99
8159,0.8
8160,0.63
8161,0.94
8162,0.08
8163,0.02
8164,0.1
8165,0.54
8166,0.04
8167,0.11
8168,0.03
8169,0.13
8170,0.99
8171,0.29
8172,0.28
8173,0.99
8174,0.02
8175,0.09
8176,0.25
8177,0.09
8178,0.25
8179,0.01
8180,0.49
8181,0.08
8182,0.13
8183,0.8706060606060606
8184,0.25
8185,0.25
8186,0.11
8187,0.1
8188,0.15
8189,0.3
8190,0.23
8191,0.29
8192,0.06
8193,0.02
8194,0.005
8195,1.0
8196,0.44
8197,0.11
8198,0.06
8199,0.085
8200,0.02
8201,0.31
8202,0.01
8203,0.39
8204,0.18
8205,0.036875
8206,0.66
8207,0.06
8208,0.34
8209,0.9333333333333335
8210,0.15
8211,0.06
8212,1.0
8213,0.67
8214,0.9166666666666665
8215,0.03
8216,0.31
8217,0.44
8218,0.48
8219,0.01
8220,0.04
8221,0.26
8222,0.26
8223,0.77
8224,0.04
8225,0.08
8226,0.56
8227,0.28
8228,0.24
8229,0.23
8230,0.1708333333333333
8231,0.14
8232,0.98
8233,0.02
8234,0.04
8235,0.04
8236,0.99
8237,0.43
8238,0.19
8239,0.04058333333333333
8240,0.01
8241,0.18800921658986172
8242,0.19
8243,0.0
8244,0.26
8245,1.0
8246,0.07
8247,0.0
8248,0.06
8249,0.16
8250,1.0
8251,0.6
8252,0.01
8253,0.13031280788177338
8254,0.9666666666666666
8255,0.03
8256,0.99
8257,1.0
8258,0.04
8259,0.58
8260,0.07
8261,0.16
8262,0.1
8263,0.01
8264,0.58
8265,0.3
8266,0.03525
8267,0.6233333333333333
8268,0.5202256823860129
8269,0.04333333333333334
8270,0.23
8271,0.15
8272,0.03
8273,0.205
8274,0.99
8275,0.12
8276,0.04125
8277,0.172
8278,0.38
8279,0.1515
8280,0.5376856991305907
8281,0.99
8282,1.0
8283,0.2815322708978695
8284,0.07
8285,0.39
8286,1.0
8287,0.285
8288,1.0
8289,0.5
8290,1.0
8291,0.28
8292,0.2
8293,0.02
8294,0.0
8295,0.29
8296,0.18545454545454546
8297,1.0
8298,0.66
8299,0.33
8300,0.06
8301,0.51
8302,0.06
8303,0.88125
8304,0.01
8305,0.06
8306,0.94
8307,0.06
8308,1.0
8309,0.09
8310,0.23
8311,0.09
8312,0.0
8313,0.04
8314,0.02
8315,0.14396135265700483
8316,0.86
8317,0.84
8318,0.34
8319,0.14
8320,0.15
8321,0.17
8322,1.0
8323,0.32
8324,0.15
8325,0.97
8326,0.09
8327,0.3
8328,0.1
8329,0.22
8330,0.17
8331,0.14
8332,0.9
8333,0.05
8334,0.8861960784313726
8335,0.15
8336,0.05
8337,0.08800000000000001
8338,0.02
8339,1.0
8340,0.26
8341,0.03
8342,0.04
8343,0.19
8344,0.27
8345,0.99
8346,0.426884833585971
8347,0.04
8348,0.23
8349,1.0
8350,0.05
8351,0.27
8352,0.09
8353,0.02
8354,0.24
8355,0.92
8356,0.03
8357,0.18
8358,0.06
8359,0.19119540696983717
8360,0.06
8361,0.31
8362,0.01
8363,0.62
8364,0.92
8365,0.065
8366,0.33
8367,1.0
8368,0.28
8369,0.02
8370,0.91
8371,0.06
8372,0.08
8373,0.22
8374,0.11
8375,1.0
8376,1.0
8377,1.0
8378,0.18
8379,0.9509302325581396
8380,0.88
8381,0.21
8382,0.42
8383,0.02
8384,0.04
8385,0.98
8386,0.02
8387,0.77
8388,0.08
8389,1.0
8390,0.75
8391,0.2
8392,0.16
8393,0.86
8394,0.09
8395,0.02
8396,0.18
8397,0.28
8398,0.02
8399,0.71
8400,0.22
8401,0.28
8402,0.05
8403,0.1
8404,1.0
8405,0.43
8406,0.3
8407,0.015833333333333335
8408,1.0
8409,0.02
8410,0.51
8411,0.99
8412,0.13
8413,0.61
8414,0.26
8415,1.0
8416,0.01
8417,0.46
8418,0.28
8419,0.33
8420,0.03
8421,0.05
8422,0.0
8423,0.01
8424,0.08
8425,0.4228717948717949
8426,0.5202256823860129
8427,0.04
8428,0.08
8429,0.12
8430,0.2
8431,0.13
8432,0.27
8433,1.0
8434,0.5582261904761905
8435,1.0
8436,0.18
8437,0.6
8438,0.16
8439,1.0
8440,1.0
8441,0.2
8442,0.02
8443,0.25
8444,0.05
8445,0.0
8446,0.07
8447,0.33
8448,0.05
8449,0.04
8450,0.52
8451,0.03
8452,0.36
8453,0.79
8454,0.09
8455,0.03
8456,0.9333333333333335
8457,1.0
8458,0.16
8459,0.39
8460,1.0
8461,0.03
8462,0.28363636363636363
8463,0.22
8464,0.12
8465,0.05
8466,0.05
8467,0.1
8468,0.8297745726495727
8469,0.08
8470,0.03
8471,0.17079844961240312
8472,0.07
8473,0.19545454545454546
8474,0.08
8475,1.0
8476,0.36
8477,0.22
8478,0.11
8479,1.0
8480,0.11
8481,0.19
8482,0.3
8483,0.28
8484,0.12
8485,0.17
8486,0.26
8487,0.04
8488,0.19
8489,0.11
8490,0.13
8491,0.02
8492,0.02
8493,0.4
8494,0.99
8495,0.99
8496,0.1
8497,0.71
8498,0.2725
8499,1.0
8500,0.05
8501,1.0
8502,0.03
8503,0.11
8504,0.99
8505,0.8
8506,0.01
8507,0.05
8508,0.06
8509,0.026521739130434784
8510,0.98
8511,0.0
8512,0.26
8513,0.18
8514,0.1
8515,0.05
8516,0.9392307692307692
8517,0.13
8518,0.7339102564102565
8519,0.03
8520,0.02
8521,0.37
8522,0.12
8523,0.73
8524,1.0
8525,0.22
8526,0.36
8527,0.06
8528,0.01
8529,0.1
8530,0.01
8531,0.1
8532,0.2
8533,0.14438709677419354
8534,0.06
8535,0.51
8536,0.08
8537,0.3
8538,0.04833333333333334
8539,0.06
8540,0.04
8541,0.7635416666666667
8542,0.01
8543,0.99
8544,0.47
8545,0.05
8546,0.01
8547,0.99
8548,0.21
8549,0.28
8550,0.02
8551,0.16139386838651543
8552,0.8335873015873015
8553,0.22
8554,1.0
8555,0.28
8556,0.24
8557,0.38
8558,0.1
8559,0.03333333333333333
8560,0.2725
8561,0.99
8562,1.0
8563,0.16
8564,0.17
8565,0.02
8566,0.2
8567,0.57
8568,1.0
8569,0.085
8570,0.09766666666666665
8571,0.3
8572,0.34
8573,0.1
8574,0.07
8575,0.42
8576,0.5499642857142857
8577,1.0
8578,0.06
8579,0.9333333333333335
8580,0.11
8581,0.03
8582,0.395
8583,0.11
8584,0.34
8585,0.021697792869269948
8586,0.01
8587,0.2
8588,0.015555555555555555
8589,1.0
8590,0.99
8591,1.0
8592,0.09
8593,0.37
8594,0.0
8595,0.16
8596,0.26
8597,0.03
8598,1.0
8599,0.42
8600,0.24
8601,0.8306666666666668
8602,1.0
8603,0.97
8604,0.02
8605,0.96375
8606,0.02
8607,0.04
8608,0.01
8609,0.09
8610,0.44287209295953744
8611,0.03
8612,0.14
8613,0.71
8614,0.16
8615,0.04
8616,0.94
8617,0.21
8618,0.31
8619,0.7836
8620,0.02
8621,0.14
8622,0.35
8623,0.28
8624,1.0
8625,0.06
8626,0.02
8627,0.06
8628,0.01
8629,0.94
8630,0.17704545454545453
8631,0.16
8632,0.06
8633,0.99
8634,0.54
8635,0.13
8636,0.06
8637,1.0
8638,0.07
8639,0.13176470588235292
8640,0.37
8641,0.11
8642,0.1
8643,0.0
8644,0.99
8645,0.23
8646,0.35
8647,0.12
8648,0.97
8649,0.05
8650,0.11
8651,0.09
8652,0.37
8653,0.53
8654,0.45
8655,0.19
8656,0.04
8657,0.25
8658,0.09
8659,0.0
8660,0.98
8661,0.5158333333333333
8662,0.14
8663,0.009000000000000001
8664,0.03272727272727272
8665,0.12
8666,0.01
8667,0.04
8668,0.2
8669,0.04
8670,0.095
8671,1.0
8672,0.0
8673,0.06
8674,0.0
8675,0.04
8676,0.2850787545787546
8677,0.06
8678,0.15
8679,0.03
8680,0.245
8681,1.0
8682,0.33
8683,0.3663510101010102
8684,0.15
8685,1.0
8686,0.14
8687,0.44
8688,0.820952380952381
8689,0.08
8690,0.18
8691,0.0
8692,0.15
8693,0.0
8694,0.03
8695,0.05833333333333333
8696,0.25
8697,0.09
8698,0.13
8699,0.06
8700,0.09
8701,1.0
8702,0.56876026272578
8703,0.08
8704,0.32
8705,0.03
8706,0.38
8707,0.03
8708,0.01
8709,0.9666666666666666
8710,0.04
8711,0.98
8712,0.20041344766344768
8713,0.11
8714,0.04
8715,0.21
8716,0.02
8717,0.9292307692307692
8718,0.78
8719,0.14
8720,0.11
8721,0.4
8722,0.99
8723,0.03
8724,0.99
8725,0.38
8726,0.28
8727,0.06
8728,0.01
8729,0.27
8730,0.92
8731,0.09
8732,0.75
8733,0.26
8734,0.11
8735,0.99
8736,0.54
8737,0.11
8738,0.4
8739,0.03
8740,0.04
8741,0.01
8742,0.085
8743,0.26
8744,1.0
8745,1.0
8746,0.1
8747,1.0
8748,0.16
8749,0.21
8750,0.11
8751,1.0
8752,0.07
8753,0.03
8754,1.0
8755,0.29
8756,0.62
8757,0.24
8758,0.09
8759,0.8233333333333333
8760,0.22
8761,0.14
8762,0.16
8763,0.42
8764,0.03
8765,0.06
8766,0.05
8767,0.2733333333333333
8768,0.38
8769,0.04
8770,0.05
8771,0.037894736842105266
8772,0.25
8773,0.23
8774,0.37
8775,0.03
8776,0.02
8777,0.114
8778,0.26
8779,1.0
8780,0.0
8781,0.36
8782,0.19
8783,1.0
8784,1.0
8785,0.01
8786,0.15
8787,0.6622336328626445
8788,0.6
8789,0.63
8790,0.19
8791,0.44
8792,0.026666666666666665
8793,0.02
8794,0.02
8795,0.05
8796,1.0
8797,0.06
8798,0.11
8799,0.06833333333333333
8800,0.96
8801,0.08
8802,0.24
8803,0.34
8804,0.29
8805,0.45
8806,0.24
8807,0.0675
8808,0.35
8809,0.125
8810,0.8158215826571091
8811,0.38
8812,0.13421052631578947
8813,0.33
8814,0.12
8815,0.11
8816,0.892
8817,0.07
8818,0.03
8819,0.27
8820,0.05
8821,0.14
8822,0.01
8823,0.47
8824,0.23
8825,0.08
8826,0.98
8827,1.0
8828,0.05
8829,0.22
8830,0.03
8831,0.05
8832,0.16333333333333336
8833,0.1
8834,0.99
8835,0.08
8836,0.02
8837,0.02
8838,0.21
8839,0.05
8840,1.0
8841,0.32
8842,0.91
8843,0.09
8844,0.05
8845,1.0
8846,0.54
8847,0.049411764705882356
8848,0.24
8849,0.21
8850,0.06
8851,0.19952558552558552
8852,0.1743514492753623
8853,0.05
8854,0.39
8855,0.09
8856,0.03
8857,0.07
8858,0.77
8859,0.01
8860,0.53
8861,0.1
8862,0.95
8863,0.21
8864,0.0
8865,0.12547368421052632
8866,1.0
8867,0.04
8868,0.16
8869,0.21
8870,0.35
8871,0.23166666666666663
8872,0.98
8873,0.33333333333333326
8874,0.24785714285714286
8875,0.91
8876,0.17
8877,0.8066666666666668
8878,0.1
8879,1.0
8880,0.32
8881,0.27
8882,0.23
8883,0.06
8884,0.8783391608391607
8885,0.49
8886,0.8242250000000001
8887,0.75
8888,0.01
8889,0.09
8890,0.22
8891,0.46
8892,0.20910256410256411
8893,1.0
8894,0.17
8895,0.02
8896,1.0
8897,0.13
8898,0.05
8899,1.0
8900,0.04
8901,0.03
8902,1.0
8903,0.2075
8904,0.25
8905,0.15
8906,0.18
8907,0.07
8908,0.47
8909,0.0725
8910,0.03
8911,0.06
8912,0.9895
8913,0.1110702291082932
8914,0.97
8915,0.03333333333333333
8916,0.6873333333333334
8917,0.01
8918,0.88
8919,0.39
8920,0.64
8921,0.12
8922,0.09
8923,0.0
8924,0.35
8925,0.64
8926,0.04
8927,0.12
8928,0.98
8929,0.08
8930,0.01
8931,0.25
8932,0.99
8933,0.17
8934,0.02
8935,0.05
8936,0.2
8937,0.02
8938,0.27
8939,0.9666666666666666
8940,0.95
8941,0.01
8942,0.06
8943,0.22
8944,0.22
8945,0.9097222222222223
8946,0.04
8947,0.01
8948,0.78
8949,0.09
8950,0.09
8951,0.53
8952,1.0
8953,0.88
8954,1.0
8955,0.23
8956,1.0
8957,0.49
8958,1.0
8959,0.11
8960,0.3825
8961,0.14
8962,0.015
8963,0.04
8964,0.14
8965,0.13
8966,0.11
8967,0.99
8968,0.55
8969,0.04
8970,0.91
8971,1.0
8972,1.0
8973,0.02
8974,0.26
8975,0.12
8976,0.16
8977,0.04
8978,0.34
8979,0.72
8980,0.0
8981,0.16
8982,0.8275
8983,0.5202256823860129
8984,0.58
8985,0.2
8986,0.8425
8987,0.07666666666666667
8988,0.35
8989,0.05
8990,0.95
8991,0.79
8992,0.03
8993,0.27
8994,1.0
8995,1.0
8996,0.9588888888888889
8997,0.31
8998,0.07
8999,0.57
9000,0.65
9001,0.2
9002,0.07
9003,0.01888888888888889
9004,0.11
9005,0.21
9006,0.15
9007,0.27
9008,0.94
9009,0.48200000000000004
9010,0.03
9011,0.49
9012,0.06
9013,0.3
9014,0.91
9015,1.0
9016,0.9440000000000001
9017,0.195
9018,0.08
9019,0.23
9020,0.125
9021,0.04
9022,0.58
9023,0.2
9024,0.5
9025,0.032
9026,0.75
9027,0.94
9028,0.06
9029,0.42
9030,0.94
9031,0.57
9032,0.03
9033,0.03
9034,0.1225
9035,0.21
9036,0.04
9037,0.11
9038,0.1
9039,0.07
9040,0.29
9041,0.15
9042,1.0
9043,0.08
9044,0.04
9045,0.13
9046,0.13
9047,0.18433333333333335
9048,0.05
9049,0.14
9050,1.0
9051,1.0
9052,0.02
9053,0.7566666666666666
9054,1.0
9055,0.38
9056,0.05
9057,0.35
9058,0.09
9059,0.0
9060,0.02
9061,0.01
9062,0.57
9063,0.0026666666666666666
9064,0.21
9065,0.26
9066,0.02
9067,0.22
9068,0.2
9069,0.05
9070,0.29
9071,0.07
9072,0.04
9073,0.02
9074,0.39
9075,0.21
9076,0.05
9077,0.3
9078,0.04
9079,1.0
9080,0.13
9081,0.05708333333333334
9082,0.36
9083,0.01
9084,0.02
9085,0.08
9086,0.96
9087,0.99
9088,0.13
9089,0.07
9090,0.55
9091,0.15
9092,0.33
9093,0.06
9094,1.0
9095,0.15
9096,0.75
9097,0.14
9098,1.0
9099,0.33
9100,0.2
9101,0.9288888888888889
9102,0.075
9103,0.05
9104,0.27
9105,0.06
9106,1.0
9107,0.01
9108,0.029333333333333336
9109,0.01
9110,1.0
9111,0.77
9112,0.27
9113,0.01
9114,0.96
9115,1.0
9116,0.07
9117,1.0
9118,0.16139386838651543
9119,0.02
9120,1.0
9121,0.11
9122,0.19
9123,0.1825
9124,0.07
9125,0.27
9126,0.1
9127,0.9288888888888889
9128,0.02
9129,0.28
9130,0.03
9131,0.31
9132,1.0
9133,0.03
9134,0.39
9135,1.0
9136,0.1637222222222222
9137,0.04
9138,0.42
9139,0.0
9140,0.8307692307692308
9141,0.49
9142,1.0
9143,0.15917094017094016
9144,0.05
9145,0.76
9146,0.08
9147,0.45
9148,0.05
9149,0.01
9150,0.19
9151,0.24651297742764902
9152,0.02
9153,0.11
9154,0.03
9155,0.99375
9156,0.07810905468800206
9157,0.9045294117647059
9158,0.24
9159,0.35
9160,0.07
9161,0.01
9162,0.44
9163,0.30342440565969975
9164,0.0325
9165,0.06
9166,0.62
9167,1.0
9168,0.2
9169,0.3521159663187966
9170,0.23
9171,0.03
9172,0.02
9173,0.11760073260073262
9174,0.24
9175,0.1
9176,0.07
9177,0.15
9178,0.03
9179,0.58
9180,0.0
9181,0.97
9182,0.24
9183,0.08
9184,0.0
9185,0.9588888888888889
9186,0.11
9187,0.02
9188,0.3
9189,0.02861111111111111
9190,0.13
9191,0.16
9192,0.12
9193,0.2
9194,0.6125196033562167
9195,0.05
9196,0.63
9197,0.19
9198,0.0
9199,0.03
9200,0.02
9201,0.115
9202,0.02
9203,0.35
9204,0.23
9205,1.0
9206,0.07
9207,0.01
9208,0.13
9209,0.47293789091343447
9210,0.19
9211,0.03
9212,0.24
9213,0.01
9214,0.45
9215,0.723393665158371
9216,0.09
9217,0.27
9218,0.44
9219,0.05
9220,0.11
9221,0.07
9222,0.31
9223,1.0
9224,0.63
9225,0.04
9226,0.03
9227,0.14
9228,0.06
9229,0.07
9230,0.21
9231,0.11
9232,0.22
9233,0.0
9234,0.4455575064539763
9235,0.43
9236,0.047692307692307694
9237,0.08
9238,0.9976470588235294
9239,1.0
9240,0.29
9241,0.46
9242,0.99
9243,0.0
9244,0.12
9245,0.63
9246,0.11363636363636363
9247,0.04
9248,0.67
9249,0.13
9250,0.35
9251,0.19
9252,1.0
9253,1.0
9254,0.115
9255,0.05
9256,0.12
9257,0.38
9258,0.13
9259,0.35
9260,0.4150767321829544
9261,1.0
9262,0.16
9263,0.17
9264,0.4
9265,0.09
9266,0.01
9267,0.11
9268,0.01
9269,0.46292105263157896
9270,0.0
9271,1.0
9272,1.0
9273,0.07
9274,0.014750000000000001
9275,1.0
9276,0.0
9277,0.0
9278,0.19
9279,0.99
9280,0.18
9281,0.26
9282,1.0
9283,0.99
9284,0.11
9285,0.0
9286,0.06
9287,0.31
9288,0.4
9289,0.01
9290,0.3375
9291,0.29
9292,0.0
9293,0.29
9294,0.21
9295,0.01
9296,0.18
9297,0.93
9298,0.09
9299,0.03
9300,0.05
9301,0.11
9302,0.01
9303,0.61
9304,0.33
9305,0.02
9306,0.15
9307,0.12
9308,0.27
9309,0.19
9310,0.5
9311,0.06
9312,0.08
9313,0.27
9314,0.08
9315,0.11
9316,0.99375
9317,0.15
9318,0.02
9319,0.09
9320,0.1
9321,0.03
9322,0.09
9323,0.01
9324,0.34
9325,0.29
9326,0.09
9327,0.08
9328,0.11
9329,0.28
9330,0.32
9331,0.03
9332,0.02
9333,1.0
9334,0.62
9335,0.13
9336,0.08
9337,0.05
9338,0.12
9339,0.02
9340,0.09
9341,0.04
9342,0.99
9343,0.06
9344,1.0
9345,0.07
9346,0.02
9347,0.02
9348,0.26744444444444443
9349,0.07
9350,0.09
9351,0.01
9352,0.17
9353,0.88
9354,0.05
9355,0.42
9356,0.57
9357,0.9386666666666668
9358,0.27
9359,0.09
9360,0.05
9361,1.0
9362,0.01
9363,0.45
9364,0.03
9365,0.0
9366,0.02
9367,0.45
9368,0.92
9369,0.02
9370,0.09
9371,0.88
9372,0.27
9373,0.23
9374,0.22
9375,0.49
9376,0.22
9377,0.32
9378,0.02
9379,0.08
9380,0.07200000000000001
9381,0.03
9382,0.3
9383,0.18
9384,0.04
9385,0.15
9386,0.16
9387,0.7812043314872263
9388,0.01
9389,0.2
9390,0.06
9391,0.28
9392,0.15
9393,0.62
9394,0.03
9395,0.28
9396,0.2775
9397,0.003333333333333333
9398,0.0
9399,0.01
9400,0.07
9401,0.29
9402,0.17
9403,0.93
9404,0.20666666666666667
9405,0.12
9406,0.12
9407,0.705531479390175
9408,0.24
9409,0.14
9410,0.26
9411,0.05
9412,0.05
9413,0.03
9414,0.1
9415,0.23
9416,0.16
9417,0.31
9418,0.0
9419,0.324
9420,0.02
9421,0.21
9422,0.04
9423,0.14
9424,0.87
9425,0.72
9426,0.0
9427,0.21
9428,1.0
9429,0.01
9430,0.13
9431,0.20041344766344768
9432,0.03666666666666667
9433,0.98
9434,0.14
9435,0.01
9436,0.092
9437,0.01
9438,0.18
9439,0.3
9440,0.04
9441,0.06
9442,0.07
9443,0.12
9444,0.95
9445,0.08
9446,0.08
9447,0.11
9448,1.0
9449,0.42
9450,0.40285714285714286
9451,0.26
9452,0.99
9453,0.46
9454,0.02
9455,0.035
9456,0.13
9457,0.018181818181818184
9458,0.8522443814355579
9459,0.7351851851851852
9460,0.05
9461,0.13
9462,0.1
9463,0.16
9464,0.8
9465,1.0
9466,0.45
9467,0.88
9468,0.14
9469,0.3
9470,0.01
9471,0.03
9472,0.53
9473,1.0
9474,0.07
9475,0.06
9476,0.34
9477,0.01
9478,0.59
9479,1.0
9480,0.36
9481,0.0
9482,0.06
9483,0.18
9484,0.08
9485,0.09
9486,0.08
9487,0.07
9488,0.08
9489,0.0
9490,0.172
9491,0.06
9492,0.16139386838651543
9493,0.21
9494,0.11
9495,0.13
9496,0.13
9497,0.47
9498,0.19
9499,0.44
9500,0.1325
9501,0.21
9502,0.02
9503,0.2
9504,0.2
9505,0.08
9506,0.36368117451340626
9507,0.02
9508,0.4
9509,0.27
9510,0.105
9511,0.07
9512,1.0
9513,1.0
9514,0.52
9515,0.81
9516,0.09
9517,0.09
9518,0.01
9519,0.45
9520,0.02
9521,0.19
9522,0.7339102564102565
9523,0.11
9524,1.0
9525,0.06
9526,0.58
9527,0.22
9528,0.92
9529,0.64
9530,0.49
9531,1.0
9532,0.94
9533,1.0
9534,0.47
9535,0.0
9536,0.02
9537,0.99
9538,0.45
9539,0.0695
9540,0.4
9541,0.01
9542,0.11
9543,0.92
9544,1.0
9545,0.32
9546,0.1
9547,0.27
9548,0.19
9549,0.84
9550,0.09427128427128427
9551,0.08
9552,0.06
9553,0.10416666666666669
9554,0.35
9555,1.0
9556,0.28
9557,0.27
9558,0.96
9559,0.15
9560,0.11
9561,0.07
9562,0.24
9563,0.25
9564,0.2
9565,0.05
9566,0.04
9567,0.53
9568,0.31
9569,0.23
9570,0.37
9571,0.24
9572,0.8719550648096311
9573,0.18
9574,0.025
9575,0.5
9576,0.74
9577,0.35
9578,0.12
9579,0.3
9580,1.0
9581,0.54
9582,1.0
9583,0.0
9584,0.04
9585,0.23
9586,0.22
9587,0.685
9588,0.15
9589,1.0
9590,0.26
9591,1.0
9592,0.48
9593,1.0
9594,0.0
9595,0.7783095238095238
9596,0.16
9597,0.14
9598,0.03166666666666666
9599,0.085
9600,0.09
9601,0.06
9602,0.9
9603,0.07
9604,0.04
9605,0.03
9606,0.25
9607,0.11760073260073262
9608,0.08
9609,0.23
9610,0.03
9611,0.07
9612,0.86
9613,0.1
9614,0.16
9615,0.01
9616,0.31
9617,0.32
9618,0.013846153846153847
9619,0.0
9620,0.01
9621,0.01
9622,0.14
9623,0.04
9624,0.53
9625,0.27
9626,1.0
9627,0.3
9628,0.32
9629,1.0
9630,0.01
9631,0.05
9632,0.016666666666666666
9633,0.0
9634,0.24
9635,0.03
9636,0.09
9637,0.22
9638,0.46333333333333326
9639,0.12
9640,0.36
9641,0.11
9642,0.17
9643,0.39
9644,0.02
9645,0.01
9646,0.19
9647,0.99
9648,0.21
9649,0.99
9650,0.36
9651,0.18
9652,0.75
9653,0.17
9654,1.0
9655,0.26
9656,0.02
9657,0.16
9658,0.01
9659,0.26
9660,1.0
9661,0.27
9662,0.5
9663,0.57
9664,0.67
9665,1.0
9666,0.29
9667,1.0
9668,0.19
9669,0.36
9670,0.14
9671,0.16139386838651543
9672,0.68
9673,0.83
9674,1.0
9675,0.06
9676,0.03
9677,1.0
9678,0.15
9679,0.37
9680,0.8242250000000001
9681,0.04
9682,1.0
9683,0.06
9684,0.7
9685,0.21
9686,0.42
9687,0.03
9688,0.29
9689,0.6733840535969019
9690,0.3133333333333333
9691,0.11
9692,0.21
9693,0.14
9694,0.14
9695,0.06
9696,0.03
9697,1.0
9698,0.05083333333333333
9699,0.653359649122807
9700,0.8833333333333334
9701,0.05
9702,0.03
9703,0.26
9704,0.03
9705,0.4
9706,0.14
9707,0.03
9708,0.65
9709,0.83
9710,0.16
9711,0.0
9712,1.0
9713,0.8306666666666668
9714,0.17
9715,0.11
9716,0.88125
9717,0.15
9718,0.0
9719,0.02
9720,0.05
9721,0.65
9722,1.0
9723,0.37
9724,0.16
9725,0.12
9726,0.11
9727,0.89
9728,0.01
9729,0.03333333333333333
9730,0.35
9731,0.0026666666666666666
9732,0.14
9733,0.5202256823860129
9734,0.02
9735,0.1
9736,0.04058333333333333
9737,0.25
9738,0.03
9739,0.13
9740,0.04
9741,0.94
9742,1.0
9743,0.11
9744,0.25
9745,0.92
9746,0.39
9747,0.34
9748,0.1018888888888889
9749,0.07
9750,0.42
9751,1.0
9752,0.17
9753,0.2
9754,0.21
9755,0.3913809523809524
9756,0.24
9757,0.11
9758,0.27
9759,0.16
9760,0.0
9761,0.05
9762,0.24408333333333332
9763,0.37
9764,0.12
9765,0.21
9766,0.5
9767,0.01
9768,0.39
9769,0.15
9770,0.15
9771,0.99
9772,0.15
9773,0.99
9774,0.04
9775,0.49
9776,0.08
9777,0.05
9778,1.0
9779,0.09
9780,0.11
9781,0.0
9782,0.075
9783,0.09
9784,0.17474489865279338
9785,0.15
9786,0.11
9787,0.22
9788,0.21
9789,0.3
9790,0.32
9791,0.52
9792,0.94
9793,0.11
9794,0.38
9795,0.34
9796,0.12
9797,0.09
9798,0.13
9799,0.09
9800,1.0
9801,0.48
9802,0.02
9803,0.1
9804,0.26
9805,0.21
9806,0.08
9807,0.16
9808,0.19035714285714284
9809,0.16
9810,0.07
9811,0.23
9812,0.35
9813,0.02
9814,0.7113157894736841
9815,0.014750000000000001
9816,0.15
9817,0.03
9818,0.0
9819,0.21
9820,0.23
9821,0.27
9822,0.06755681818181819
9823,0.23
9824,0.11
9825,0.02
9826,0.3
9827,0.16
9828,0.21
9829,0.05
9830,0.01
9831,0.27
9832,1.0
9833,0.02
9834,0.01
9835,0.17
9836,0.7255952380952381
9837,0.02
9838,1.0
9839,0.03
9840,0.05
9841,0.03
9842,0.15
9843,0.05
9844,1.0
9845,1.0
9846,0.02
9847,0.03
9848,0.04
9849,0.28
9850,0.24651297742764902
9851,0.5793427672955975
9852,0.14
9853,0.08
9854,0.43
9855,0.1
9856,0.08
9857,0.16
9858,0.46
9859,0.5203293172690763
9860,0.04
9861,0.4015816993464052
9862,0.06
9863,0.38
9864,0.12
9865,0.175
9866,1.0
9867,0.22
9868,0.11
9869,0.02
9870,0.01
9871,0.16
9872,0.44
9873,0.34
9874,0.18
9875,0.37
9876,0.40456991484404753
9877,0.08
9878,0.04
9879,0.01
9880,0.28
9881,0.18
9882,0.65
9883,0.96
9884,0.59
9885,0.05
9886,0.06
9887,0.22
9888,0.99
9889,0.05
9890,0.11
9891,0.24
9892,0.77
9893,0.02
9894,0.21
9895,1.0
9896,0.9032352941176469
9897,0.5
9898,0.98
9899,0.73
9900,0.17
9901,0.19842105263157894
9902,0.06
9903,0.53
9904,0.44
9905,0.98
9906,0.01
9907,0.21
9908,0.08
9909,0.08
9910,0.01
9911,0.33
9912,0.04
9913,0.08
9914,0.1
9915,0.0
9916,0.03
9917,0.04
9918,0.6
9919,0.035
9920,0.41
9921,0.4
9922,0.24
9923,0.4
9924,0.46
9925,0.052000000000000005
9926,0.28
9927,0.1
9928,0.42
9929,0.03
9930,0.15
9931,0.04
9932,0.22
9933,0.09
9934,0.97
9935,1.0
9936,0.3
9937,0.03
9938,1.0
9939,0.06
9940,1.0
9941,0.017812807881773397
9942,0.62
9943,0.39
9944,0.42
9945,0.135
9946,0.33
9947,0.4
9948,0.09
9949,0.3
9950,0.15
9951,0.01
9952,0.07
9953,0.05
9954,1.0
9955,0.01
9956,0.51
9957,0.08
9958,0.04
9959,0.26
9960,0.38
9961,0.63
9962,0.24
9963,0.18
9964,1.0
9965,0.0
9966,0.36
9967,0.53
9968,0.16
9969,0.43
9970,0.13
9971,0.02
9972,0.40703274898476144
9973,0.13
9974,0.05
9975,0.01
9976,0.7339102564102565
9977,0.76
9978,0.35
9979,0.08
9980,0.15
9981,0.88
9982,0.99
9983,0.91
9984,0.18
9985,0.17
9986,0.61
9987,0.45
9988,0.02
9989,0.01
9990,0.57
9991,0.19
9992,0.44
9993,0.01
9994,0.18
9995,0.53
9996,0.04
9997,0.64
9998,1.0
9999,0.61
10000,0.12
10001,1.0
10002,0.9288888888888889
10003,0.07
10004,0.28
10005,1.0
10006,0.07
10007,0.2
10008,0.27
10009,0.14
10010,0.05
10011,0.0
10012,1.0
10013,0.13
10014,0.69
10015,0.99
10016,0.02
10017,0.27
10018,0.465
10019,0.0
10020,0.039999999999999994
10021,0.19
10022,0.06
10023,0.22
10024,0.44
10025,0.14
10026,0.07
10027,0.06
10028,0.03
10029,0.22
10030,0.01
10031,0.014750000000000001
10032,0.02
10033,0.03
10034,0.01
10035,0.35
10036,0.08
10037,0.05
10038,0.02
10039,0.02
10040,0.35
10041,0.02
10042,0.27
10043,0.04
10044,0.07
10045,0.0
10046,0.5205263157894737
10047,0.06
10048,0.04
10049,0.36
10050,0.05
10051,0.15
10052,0.03
10053,0.73
10054,0.23
10055,0.43
10056,0.05
10057,0.99
10058,0.99
10059,0.68
10060,0.01
10061,0.01
10062,0.12
10063,0.3
10064,0.02
10065,0.12
10066,0.07
10067,0.14
10068,0.53
10069,0.4916
10070,0.18
10071,0.08
10072,0.5202256823860129
10073,0.04
10074,0.4
10075,0.08
10076,0.29
10077,0.06
10078,0.01
10079,0.07
10080,0.13
10081,1.0
10082,0.34
10083,0.03
10084,0.06
10085,0.99
10086,0.99
10087,0.08
10088,0.01
10089,0.02
10090,0.0
10091,0.42
10092,0.49
10093,0.08
10094,0.0
10095,0.35
10096,0.705531479390175
10097,0.13
10098,1.0
10099,0.21
10100,0.0
10101,0.06
10102,0.14
10103,0.28
10104,0.006666666666666666
10105,0.12
10106,0.08
10107,0.36
10108,0.43
10109,0.11
10110,0.44
10111,0.04
10112,1.0
10113,0.78
10114,0.17
10115,0.06
10116,0.03
10117,0.02
10118,0.06
10119,0.5
10120,0.96375
10121,0.05729323308270677
10122,0.09
10123,0.04
10124,0.7100100114883395
10125,0.59
10126,0.09066666666666666
10127,0.11
10128,0.19
10129,0.07
10130,0.26
10131,0.04
10132,1.0
10133,0.03333333333333333
10134,0.17
10135,0.61
10136,0.1
10137,0.99
10138,0.01
10139,0.22
10140,0.29
10141,0.1
10142,1.0
10143,0.31
10144,0.54
10145,0.19
10146,0.08
10147,1.0
10148,0.03
10149,0.13
10150,0.05
10151,0.06
10152,0.04
10153,0.23
10154,0.33
10155,0.94
10156,0.05
10157,0.02
10158,0.88
10159,0.45
10160,0.19399999999999998
10161,0.31
10162,1.0
10163,0.02
10164,0.04
10165,0.018333333333333333
10166,0.04
10167,0.01
10168,0.26
10169,0.46
10170,0.77
10171,1.0
10172,0.02
10173,0.33
10174,0.46
10175,0.135
10176,1.0
10177,0.24
10178,1.0
10179,0.05
10180,1.0
10181,0.27
10182,0.99
10183,0.26
10184,0.04
10185,0.02
10186,0.04
10187,0.96
10188,0.99
10189,0.13
10190,0.04
10191,0.14
10192,0.51
10193,0.22333333333333333
10194,0.19
10195,0.99
10196,0.09
10197,0.11566666666666667
10198,0.11
10199,0.43
10200,0.03
10201,0.335
10202,0.03
10203,0.4293855976754583
10204,1.0
10205,0.0
10206,0.3
10207,0.01
10208,0.05
10209,0.015714285714285715
10210,0.2625
10211,0.02
10212,0.09
10213,1.0
10214,0.4075
10215,0.13
10216,0.16
10217,0.18
10218,0.07
10219,0.04
10220,0.2
10221,0.35
10222,0.05
10223,0.24
10224,0.9571428571428572
10225,0.16
10226,0.25
10227,0.21
10228,0.32
10229,0.27
10230,0.24661363636363634
10231,0.03
10232,0.07
10233,0.026142857142857138
10234,0.35
10235,0.2016666666666667
10236,0.9166666666666665
10237,0.27
10238,0.95
10239,0.20531233850129196
10240,0.23
10241,0.02
10242,0.13
10243,0.04
10244,0.0
10245,0.0
10246,0.2
10247,0.27
10248,0.46
10249,0.6833333333333335
10250,0.01
10251,0.37
10252,0.07
10253,0.23
10254,0.14
10255,0.02
10256,0.016
10257,0.22
10258,0.18
10259,0.16
10260,0.03
10261,0.13
10262,1.0
10263,0.16
10264,0.37
10265,0.03
10266,0.06
10267,0.35
10268,0.09
10269,0.01
10270,0.01
10271,0.01
10272,0.29
10273,0.32
10274,0.4
10275,0.035666666666666666
10276,0.145
10277,0.02
10278,0.09
10279,0.04
10280,0.54
10281,0.16
10282,0.12
10283,1.0
10284,0.14
10285,0.56
10286,0.816
10287,0.53
10288,0.01
10289,0.36
10290,0.48
10291,0.19
10292,0.03
10293,0.0
10294,0.02
10295,0.13
10296,0.02
10297,0.63
10298,0.19
10299,0.22
10300,0.35
10301,0.125
10302,0.36
10303,0.17
10304,0.01
10305,1.0
10306,0.11
10307,0.02
10308,0.94
10309,0.003333333333333333
10310,0.07
10311,0.0
10312,0.09
10313,0.07
10314,0.12
10315,0.13
10316,0.08
10317,0.04
10318,0.67
10319,0.01
10320,0.07
10321,0.6125196033562167
10322,1.0
10323,0.1
10324,0.18
10325,0.07
10326,1.0
10327,0.1
10328,0.38
10329,0.12
10330,0.12
10331,0.82
10332,0.03
10333,0.05
10334,0.09
10335,0.9383870967741936
10336,0.06
10337,0.08
10338,0.05
10339,0.02
10340,0.16
10341,0.15
10342,0.24
10343,0.826
10344,1.0
10345,0.01
10346,0.73
10347,0.05
10348,0.19666666666666666
10349,0.92
10350,0.99
10351,1.0
10352,0.01
10353,0.7
10354,0.09
10355,0.11
10356,0.9374074074074074
10357,0.8242250000000001
10358,0.07
10359,0.07
10360,0.40456991484404753
10361,0.25
10362,1.0
10363,0.91
10364,0.01
10365,0.91
10366,0.13
10367,0.22503326970960572
10368,0.21
10369,0.0
10370,0.05
10371,0.09
10372,0.18
10373,1.0
10374,0.99
10375,0.45
10376,0.24
10377,0.33
10378,0.08
10379,0.1
10380,0.04
10381,0.6741666666666667
10382,0.4
10383,0.0
10384,0.35
10385,0.19
10386,0.46
10387,0.05
10388,0.29
10389,0.04
10390,0.07
10391,0.4
10392,1.0
10393,0.01
10394,0.02
10395,0.05
10396,0.66
10397,0.03
10398,0.94
10399,0.06
10400,0.17
10401,0.9
10402,0.19
10403,0.723393665158371
10404,0.04
10405,0.01
10406,0.18333333333333335
10407,0.54
10408,0.03
10409,0.19119540696983717
10410,0.06
10411,1.0
10412,0.05
10413,0.1993685943829132
10414,0.05
10415,0.0
10416,1.0
10417,0.19666666666666666
10418,0.98
10419,0.92
10420,0.03
10421,0.46
10422,0.01
10423,0.09
10424,0.05
10425,0.06
10426,0.05
10427,0.06
10428,0.14
10429,0.5
10430,1.0
10431,0.5
10432,0.38
10433,0.1
10434,0.16
10435,1.0
10436,0.98
10437,0.8
10438,0.37446031746031744
10439,0.97
10440,0.06
10441,0.44
10442,0.01
10443,0.04
10444,0.27
10445,0.15
10446,0.22
10447,0.04
10448,0.07
10449,0.05
10450,0.11
10451,0.03
10452,0.038
10453,0.11
10454,0.02
10455,0.2
10456,0.01
10457,0.04
10458,0.99
10459,0.99
10460,0.09
10461,0.97
10462,0.09
10463,1.0
10464,0.99
10465,0.01
10466,0.25
10467,0.04
10468,0.98
10469,0.0103559510567297
10470,0.14
10471,0.1
10472,0.2
10473,1.0
10474,0.23
10475,0.07
10476,0.0
10477,0.03
10478,0.07
10479,0.16
10480,0.0375
10481,0.05
10482,1.0
10483,1.0
10484,0.16
10485,0.04
10486,0.11
10487,0.19
10488,0.2
10489,0.99
10490,0.52
10491,0.07
10492,0.36
10493,0.11540630422209369
10494,0.64
10495,0.92
10496,0.15
10497,0.0325
10498,0.35
10499,0.92
10500,0.1
10501,0.02
10502,0.05
10503,1.0
10504,0.4
10505,0.04166666666666667
10506,0.0
10507,0.15
10508,0.2
10509,0.36
10510,0.99
10511,0.91
10512,0.09
10513,0.21
10514,0.19
10515,0.12
10516,0.02
10517,0.1
10518,0.13
10519,0.030625
10520,0.26
10521,0.15
10522,0.29
10523,0.07
10524,0.16
10525,1.0
10526,0.5018794538794539
10527,0.0
10528,1.0
10529,0.01
10530,0.99
10531,0.31
10532,0.5202256823860129
10533,0.2
10534,0.32
10535,0.16
10536,0.57
10537,0.07
10538,0.08
10539,0.97
10540,0.39
10541,0.25
10542,0.015
10543,0.99
10544,0.28
10545,0.4
10546,0.31
10547,0.06
10548,0.39
10549,0.24
10550,0.35
10551,0.46
10552,1.0
10553,0.17
10554,0.85
10555,0.2
10556,0.04
10557,0.01
10558,0.20676470588235293
10559,0.6492970505586605
10560,1.0
10561,0.08
10562,0.18
10563,0.45
10564,0.16
10565,0.05
10566,0.66
10567,0.01
10568,0.83
10569,0.06
10570,0.1
10571,0.02
10572,0.41
10573,1.0
10574,1.0
10575,0.11
10576,1.0
10577,0.71
10578,0.39
10579,1.0
10580,0.01
10581,0.12
10582,0.06
10583,1.0
10584,0.99
10585,0.4
10586,0.14
10587,1.0
10588,0.335
10589,0.1
10590,0.08
10591,0.26
10592,0.99
10593,0.06
10594,0.38
10595,1.0
10596,0.65
10597,0.08
10598,0.25
10599,0.18
10600,0.0026666666666666666
10601,0.1
10602,0.31
10603,0.99
10604,0.07
10605,0.12
10606,0.12
10607,0.02
10608,0.15
10609,0.05
10610,0.93
10611,0.99
10612,0.29
10613,0.01
10614,0.485
10615,0.27
10616,0.99
10617,0.99
10618,0.01
10619,0.04
10620,0.09
10621,0.13666666666666666
10622,0.1625
10623,0.03
10624,0.15
10625,0.09
10626,0.01
10627,0.24
10628,0.01
10629,0.131
10630,0.06
10631,0.15
10632,0.37
10633,0.04
10634,0.01
10635,0.13
10636,0.0
10637,0.18
10638,0.27
10639,0.12
10640,0.06424603174603175
10641,0.05
10642,1.0
10643,0.03
10644,0.08
10645,1.0
10646,0.03
10647,0.035
10648,0.11
10649,0.07
10650,0.52
10651,1.0
10652,0.71
10653,0.49
10654,0.99
10655,0.05
10656,0.99
10657,0.18
10658,0.12
10659,0.05
10660,0.08
10661,0.11
10662,0.19
10663,0.0
10664,0.32
10665,0.02
10666,0.99
10667,0.25
10668,0.04
10669,0.11
10670,0.21
10671,0.25
10672,0.02
10673,0.07
10674,0.96
10675,0.037894736842105266
10676,0.38
10677,0.55
10678,0.12
10679,0.19
10680,0.09
10681,0.2
10682,0.15
10683,0.04
10684,0.53
10685,0.05
10686,0.358
10687,1.0
10688,0.34
10689,0.01
10690,0.046
10691,0.07
10692,0.33
10693,0.04333333333333333
10694,0.0
10695,0.0525
10696,0.8288888888888889
10697,0.04
10698,0.46
10699,0.15
10700,0.025
10701,0.67
10702,0.0
10703,0.06
10704,0.05
10705,0.39
10706,1.0
10707,0.27
10708,0.02
10709,0.52
10710,0.13
10711,1.0
10712,0.27
10713,0.06
10714,0.61
10715,1.0
10716,0.42
10717,1.0
10718,0.3
10719,0.54
10720,0.28
10721,0.99
10722,0.12
10723,0.0
10724,0.02861111111111111
10725,0.99
10726,0.02
10727,0.03
10728,0.88
10729,1.0
10730,0.08
10731,0.59
10732,0.21
10733,0.07
10734,0.0
10735,0.01
10736,0.09333333333333332
10737,0.12
10738,0.1
10739,0.04
10740,0.15
10741,0.1
10742,1.0
10743,0.05
10744,0.18
10745,0.0
10746,0.99
10747,0.99
10748,0.66
10749,0.25
10750,0.14
10751,0.28
10752,0.03
10753,0.26
10754,1.0
10755,0.09
10756,0.04
10757,0.17
10758,0.5
10759,0.04
10760,0.72
10761,0.05
10762,0.54
10763,0.13
10764,0.08
10765,0.43
10766,0.11
10767,0.1
10768,0.99
10769,0.04
10770,0.61
10771,0.28
10772,0.35
10773,0.12
10774,0.08
10775,0.0642857142857143
10776,0.02
10777,0.51
10778,0.34
10779,0.2
10780,0.17
10781,0.26
10782,0.43
10783,0.91
10784,1.0
10785,0.18
10786,0.09
10787,1.0
10788,0.63071114996115
10789,0.22
10790,0.4633333333333334
10791,0.04
10792,0.02
10793,0.37535714285714283
10794,0.94
10795,0.01
10796,0.01
10797,0.07
10798,0.35
10799,0.01
10800,0.52
10801,0.31
10802,0.29
10803,0.11
10804,0.07
10805,1.0
10806,0.06
10807,0.03
10808,0.2
10809,0.805
10810,0.05
10811,0.16291666666666665
10812,0.14
10813,0.16
10814,0.03
10815,0.05
10816,0.99
10817,0.04
10818,0.3
10819,0.39
10820,0.1
10821,0.29
10822,0.85
10823,0.17
10824,0.02
10825,0.01
10826,1.0
10827,0.02
10828,0.21
10829,0.2
10830,0.18
10831,1.0
10832,0.03
10833,0.05
10834,0.5543333333333335
10835,0.07
10836,0.13
10837,0.13
10838,0.22
10839,0.52
10840,0.53
10841,0.11
10842,0.45
10843,0.0013157894736842105
10844,0.08
10845,0.96
10846,0.06
10847,0.06
10848,0.04
10849,0.07
10850,0.07
10851,0.02
10852,0.04
10853,0.3391666666666666
10854,0.94
10855,0.07
10856,0.51
10857,0.35
10858,0.98
10859,0.21
10860,0.05
10861,0.0
10862,0.06
10863,0.24
10864,0.28
10865,0.57
10866,0.03
10867,1.0
10868,0.15
10869,0.3
10870,0.43
10871,1.0
10872,0.99
10873,0.426884833585971
10874,0.04
10875,0.02
10876,0.75
10877,0.5
10878,0.02
10879,0.89
10880,1.0
10881,0.01
10882,0.11
10883,0.003333333333333333
10884,0.73
10885,0.06
10886,0.12
10887,0.06
10888,0.17
10889,0.53
10890,0.07
10891,0.5
10892,0.13
10893,1.0
10894,0.21
10895,0.0
10896,0.06027777777777778
10897,1.0
10898,0.2
10899,0.1599047619047619
10900,0.08
10901,0.41
10902,0.15
10903,0.59
10904,0.08
10905,0.13
10906,0.32
10907,0.41
10908,0.38
10909,0.16
10910,0.3
10911,0.3
10912,0.21
10913,0.98
10914,0.08
10915,0.16
10916,0.12
10917,0.03333333333333333
10918,0.34
10919,0.39305555555555555
10920,0.28
10921,0.65
10922,0.09652941176470589
10923,0.19
10924,0.23012121212121214
10925,0.23
10926,0.15
10927,0.49
10928,0.14
10929,0.01
10930,0.17
10931,0.2
10932,0.03
10933,0.08333333333333334
10934,0.15833333333333333
10935,0.16
10936,0.53
10937,0.98
10938,0.33
10939,0.1
10940,0.1
10941,0.07
10942,0.14
10943,0.99375
10944,0.33
10945,0.08
10946,0.26
10947,0.04
10948,0.32
10949,0.36
10950,1.0
10951,0.04
10952,0.04
10953,0.02
10954,0.19
10955,0.02
10956,1.0
10957,0.18
10958,0.0
10959,0.4
10960,1.0
10961,0.0
10962,0.02
10963,0.6833333333333335
10964,0.04
10965,0.22
10966,0.12
10967,0.16
10968,0.42
10969,0.09542857142857143
10970,0.28
10971,0.28
10972,0.14
10973,0.5
10974,0.11
10975,0.03
10976,0.99
10977,0.18
10978,0.03
10979,0.19
10980,0.98
10981,0.45
10982,0.07
10983,0.06
10984,0.96
10985,0.35
10986,0.05
10987,0.03
10988,0.04
10989,0.22
10990,0.23399999999999999
10991,0.05
10992,1.0
10993,0.06
10994,0.11
10995,0.98
10996,0.06
10997,0.99
10998,0.28
10999,0.16
11000,0.6
11001,0.53
11002,0.0
11003,0.08
11004,0.12
11005,0.05
11006,1.0
11007,1.0
11008,0.1
11009,0.28
11010,0.1
11011,0.49
11012,0.72
11013,0.5188235294117647
11014,0.41
11015,0.25
11016,0.13
11017,1.0
11018,0.23
11019,0.57
11020,0.04
11021,0.5920000000000001
11022,0.99
11023,0.1
11024,0.17
11025,0.05
11026,0.12
11027,0.4
11028,0.01
11029,0.02
11030,0.22
11031,0.99
11032,0.09
11033,0.0
11034,1.0
11035,0.6
11036,0.0
11037,0.62
11038,0.02
11039,0.24
11040,0.01
11041,0.03
11042,0.3
11043,0.35
11044,0.13
11045,1.0
11046,0.01
11047,0.55
11048,1.0
11049,0.88125
11050,0.09
11051,0.23
11052,0.43
11053,0.1925
11054,0.19
11055,0.31
11056,0.0
11057,0.115
11058,0.84
11059,0.08
11060,0.8275
11061,0.08
11062,0.9116666666666667
11063,0.83
11064,0.07
11065,0.5633333333333334
11066,0.25
11067,0.36368117451340626
11068,0.8353333333333333
11069,0.05
11070,0.01
11071,0.1
11072,1.0
11073,0.33
11074,0.23
11075,0.15
11076,0.04
11077,0.06
11078,0.06
11079,0.97
11080,0.18
11081,0.11
11082,0.02
11083,0.14
11084,0.24
11085,0.21
11086,0.11
11087,0.03
11088,0.07
11089,0.06
11090,0.01
11091,0.24408333333333332
11092,0.0
11093,0.21
11094,0.22
11095,0.06
11096,0.44
11097,0.1
11098,0.27
11099,0.42
11100,0.08
11101,0.01
11102,0.0
11103,0.03
11104,0.02
11105,0.312
11106,0.12
11107,0.05
11108,0.28
11109,0.03
11110,0.06
11111,0.9388888888888889
11112,0.01
11113,0.0
11114,0.026000000000000002
11115,0.19
11116,0.07
11117,1.0
11118,0.18
11119,0.09
11120,1.0
11121,0.21
11122,0.68
11123,0.02625
11124,0.53
11125,0.42
11126,0.39
11127,0.27
11128,0.07
11129,0.47
11130,0.01
11131,0.16
11132,0.99
11133,1.0
11134,0.47
11135,0.15
11136,0.05
11137,0.61
11138,0.47
11139,0.53
11140,0.15866666666666668
11141,0.41
11142,0.01
11143,0.37
11144,1.0
11145,0.6434285714285715
11146,0.13
11147,0.28
11148,0.12
11149,0.1
11150,0.15
11151,1.0
11152,1.0
11153,0.19645284614497519
11154,1.0
11155,0.22
11156,1.0
11157,0.08
11158,0.09
11159,1.0
11160,0.98
11161,0.14
11162,0.13
11163,0.15
11164,0.09
11165,0.13
11166,0.11
11167,0.20823529411764707
11168,0.03
11169,0.22
11170,0.3
11171,0.4
11172,1.0
11173,0.98
11174,0.03
11175,0.16
11176,0.07
11177,0.04
11178,0.01
11179,0.8
11180,0.43
11181,0.58
11182,0.08
11183,0.24
11184,0.36
11185,0.12
11186,0.03
11187,0.32
11188,0.07
11189,0.01
11190,0.37
11191,0.94
11192,0.26
11193,0.19
11194,0.14
11195,1.0
11196,0.21
11197,0.19
11198,0.21
11199,1.0
11200,0.37
11201,0.24
11202,0.14
11203,0.06
11204,0.37
11205,0.45
11206,0.36
11207,0.03
11208,0.14
11209,0.02
11210,0.14
11211,0.3
11212,0.29
11213,0.5
11214,1.0
11215,0.42
11216,0.07
11217,0.08
11218,0.0
11219,0.97
11220,0.4
11221,0.02
11222,0.04
11223,0.2
11224,0.15
11225,0.6
11226,1.0
11227,0.19
11228,0.2
11229,0.01
11230,0.2833333333333334
11231,0.25
11232,0.04
11233,0.12
11234,0.19
11235,0.06
11236,0.27
11237,0.08
11238,0.25
11239,0.02
11240,0.0
11241,0.07
11242,1.0
11243,0.652
11244,0.20910256410256411
11245,0.06
11246,0.006
11247,0.15
11248,0.01
11249,0.13
11250,0.32
11251,1.0
11252,0.02
11253,0.1
11254,0.02
11255,0.08
11256,0.26
11257,0.03
11258,0.03
11259,0.02
11260,0.4
11261,0.13
11262,0.1
11263,0.22133333333333333
11264,0.17
11265,0.295
11266,0.09
11267,0.52
11268,0.05333333333333333
11269,0.05
11270,0.22
11271,0.15
11272,0.02
11273,0.17
11274,0.36
11275,0.8307692307692308
11276,0.2
11277,0.38
11278,0.56
11279,1.0
11280,0.4
11281,0.011428571428571429
11282,0.07
11283,0.81
11284,0.04
11285,0.3
11286,0.23
11287,0.14
11288,0.02
11289,0.36
11290,0.79
11291,0.67
11292,0.05
11293,0.57
11294,0.13
11295,0.15
11296,0.01
11297,0.25
11298,0.39
11299,0.98
11300,0.01
11301,0.43
11302,0.07
11303,0.19
11304,0.1
11305,0.94
11306,0.38
11307,0.06
11308,0.09
11309,0.09
11310,0.6
11311,0.06
11312,0.92
11313,0.28
11314,0.1
11315,0.11
11316,0.36
11317,0.94
11318,0.04
11319,1.0
11320,0.23
11321,0.02
11322,0.06
11323,0.07
11324,0.01
11325,0.02
11326,0.31
11327,1.0
11328,0.03
11329,0.11
11330,0.31
11331,0.09
11332,0.75
11333,0.26
11334,1.0
11335,1.0
11336,0.02
11337,0.14
11338,0.76
11339,0.01
11340,0.23
11341,0.4756043956043956
11342,0.03
11343,0.58
11344,0.01
11345,0.41
11346,0.06433333333333334
11347,0.011739130434782608
11348,0.20891666666666667
11349,0.3
11350,0.21
11351,0.04
11352,0.36
11353,0.04
11354,0.6
11355,0.14
11356,0.23
11357,0.19645284614497519
11358,0.03
11359,0.24076923076923076
11360,0.07
11361,0.95
11362,0.19
11363,0.31
11364,0.038
11365,0.01
11366,0.3
11367,0.99
11368,0.19
11369,0.12
11370,0.1110702291082932
11371,0.02
11372,0.08
11373,0.5139974937343358
11374,0.19333333333333336
11375,0.99
11376,0.36120734999767257
11377,0.05
11378,0.05
11379,0.08
11380,0.26
11381,0.2
11382,0.19
11383,0.19
11384,0.185
11385,0.04
11386,0.26
11387,0.17
11388,0.01
11389,0.5202256823860129
11390,0.05
11391,0.03
11392,0.12
11393,0.08
11394,0.05823529411764706
11395,0.05
11396,0.1875
11397,0.22
11398,0.05
11399,0.99
11400,0.43
11401,0.04
11402,0.05
11403,0.018666666666666665
11404,0.99
11405,0.32
11406,0.42
11407,0.18
11408,1.0
11409,0.95
11410,0.5
11411,0.41
11412,0.05
11413,0.35
11414,0.99
11415,0.14
11416,0.36
11417,0.07
11418,0.21
11419,0.06666666666666667
11420,0.99
11421,0.42
11422,0.12
11423,0.21
11424,0.01
11425,0.36
11426,0.69
11427,0.53
11428,0.11
11429,0.09
11430,0.314
11431,0.38
11432,0.53
11433,0.99
11434,0.6
11435,0.03
11436,0.1725
11437,0.08
11438,0.3
11439,0.23
11440,0.93
11441,0.19
11442,0.16333333333333333
11443,0.11
11444,0.52
11445,1.0
11446,0.04
11447,0.14
11448,0.003333333333333333
11449,0.03
11450,0.03
11451,0.47037878787878784
11452,0.68
11453,0.88
11454,1.0
11455,0.01
11456,0.21
11457,0.07
11458,0.1
11459,0.98
11460,0.29
11461,0.12
11462,0.47
11463,0.2015357142857143
11464,1.0
11465,0.03
11466,0.37
11467,0.17745765449296427
11468,0.03
11469,1.0
11470,0.6075
11471,0.17
11472,0.07
11473,0.05
11474,0.4
11475,0.36
11476,0.22
11477,0.18
11478,0.03
11479,0.18
11480,0.45
11481,0.0
11482,0.07
11483,0.74
11484,0.26
11485,0.02
11486,0.12
11487,0.34
11488,0.06
11489,0.27
11490,0.22
11491,0.35
11492,0.04
11493,0.11
11494,0.05
11495,0.05
11496,0.21
11497,0.2
11498,0.4984210526315789
11499,0.0
11500,0.601466686091686
11501,0.27
11502,0.09
11503,0.1110702291082932
11504,0.01
11505,0.33
11506,0.1
11507,0.04
11508,0.7766666666666666
11509,0.98
11510,0.0
11511,0.26
11512,0.91
11513,0.054000000000000006
11514,0.26
11515,0.23
11516,0.81
11517,1.0
11518,1.0
11519,0.05
11520,0.5133333333333333
11521,0.22
11522,0.05
11523,1.0
11524,0.03
11525,0.05
11526,1.0
11527,0.15
11528,0.1
11529,0.27
11530,0.02
11531,0.99
11532,0.1
11533,0.99
11534,0.09949999999999999
11535,0.14
11536,0.12
11537,0.21
11538,0.18
11539,0.09
11540,0.37
11541,0.87
11542,0.41
11543,0.05
11544,0.01
11545,0.01
11546,0.07
11547,0.06
11548,0.055
11549,0.095
11550,1.0
11551,0.155
11552,0.9266666666666665
11553,0.525
11554,0.15
11555,0.3922222222222222
11556,0.064
11557,0.16
11558,1.0
11559,1.0
11560,0.03
11561,0.34340342500636617
11562,1.0
11563,0.52
11564,0.25
11565,0.26
11566,0.16
11567,0.66
11568,0.71
11569,0.9000000000000001
11570,0.14
11571,0.13
11572,0.04
11573,0.16
11574,0.2
11575,0.01
11576,0.06166666666666667
11577,0.021739130434782608
11578,0.04888888888888889
11579,0.43
11580,0.08
11581,0.11
11582,0.1
11583,1.0
11584,0.03888888888888889
11585,0.29
11586,0.18
11587,0.26
11588,0.05
11589,0.17
11590,0.03
11591,0.06
11592,0.29
11593,0.23
11594,0.131
11595,1.0
11596,0.065
11597,0.99
11598,0.46
11599,0.2
11600,0.0725
11601,0.98
11602,0.17
11603,0.33
11604,0.11
11605,0.11
11606,0.07
11607,0.08
11608,0.38
11609,0.14
11610,0.05
11611,0.25
11612,0.34
11613,0.37
11614,0.01
11615,1.0
11616,0.67
11617,0.4
11618,0.01
11619,0.09
11620,0.3
11621,0.07
11622,0.02
11623,0.07
11624,0.1
11625,0.3133333333333333
11626,0.31
11627,0.235
11628,0.03
11629,0.01
11630,1.0
11631,1.0
11632,0.05
11633,1.0
11634,0.11
11635,0.16
11636,1.0
11637,0.105
11638,0.09
11639,0.85
11640,0.93
11641,0.1
11642,1.0
11643,0.08
11644,0.24
11645,0.19
11646,0.05
11647,0.1
11648,0.17
11649,0.92
11650,1.0
11651,0.516008878065318
11652,0.02
11653,0.06
11654,0.02
11655,0.04
11656,0.19
11657,0.47
11658,0.98
11659,0.5605
11660,0.085
11661,0.14
11662,0.1
11663,0.26
11664,0.01
11665,0.98
11666,0.29
11667,0.2015357142857143
11668,0.48
11669,1.0
11670,0.14
11671,0.17
11672,0.02
11673,0.14
11674,0.5433333333333333
11675,0.29
11676,0.08
11677,0.0
11678,0.15
11679,0.12333333333333332
11680,0.13
11681,0.04
11682,0.99
11683,0.03
11684,0.34
11685,0.11
11686,0.24
11687,0.24
11688,1.0
11689,0.06
11690,0.04
11691,0.99
11692,0.97
11693,0.48
11694,0.26
11695,0.04
11696,0.18
11697,0.1944736842105263
11698,0.07
11699,0.31
11700,0.95
11701,0.26
11702,1.0
11703,0.11
11704,0.8783391608391607
11705,0.99
11706,0.01
11707,0.6833333333333335
11708,1.0
11709,1.0
11710,0.8797777777777779
11711,0.77
11712,0.08
11713,0.13
11714,0.64
11715,0.26
11716,0.07
11717,0.1025
11718,1.0
11719,0.06
11720,0.08
11721,0.42
11722,0.01
11723,0.01
11724,0.22
11725,1.0
11726,0.1509090909090909
11727,0.99
11728,1.0
11729,0.01
11730,0.18
11731,0.34
11732,0.52
11733,0.18875
11734,0.05
11735,0.46
11736,0.08
11737,0.19
11738,0.17
11739,0.94
11740,1.0
11741,0.41
11742,0.5
11743,0.03
11744,0.4
11745,0.59
11746,0.5202256823860129
11747,0.05
11748,0.0
11749,0.22
11750,0.95
11751,0.0
11752,0.18
11753,0.1
11754,0.75
11755,0.41
11756,0.16
11757,0.5
11758,0.42
11759,0.1714676113360324
11760,0.13
11761,0.23
11762,0.07
11763,0.11
11764,0.16
11765,1.0
11766,0.11
11767,0.06
11768,0.21
11769,0.02
11770,0.05
11771,0.04
11772,0.06
11773,0.33
11774,0.31
11775,0.1
11776,0.27
11777,0.41
11778,0.39
11779,0.04
11780,0.27
11781,0.35
11782,0.02
11783,0.01
11784,0.6
11785,0.1725
11786,0.7633333333333334
11787,0.37
11788,0.77
11789,0.23
11790,0.04
11791,0.05
11792,1.0
11793,0.09
11794,0.94
11795,0.05
11796,0.1
11797,0.046
11798,0.05
11799,0.18
11800,0.07
11801,0.05
11802,0.19
11803,0.13
11804,0.18
11805,1.0
11806,0.08
11807,0.374
11808,0.68
11809,0.91
11810,0.22
11811,0.15
11812,0.99
11813,0.93
11814,1.0
11815,0.03
11816,0.19399999999999998
11817,0.93
11818,0.31
11819,0.62
11820,0.03
11821,0.05
11822,0.17
11823,0.0225
11824,0.10333333333333332
11825,0.23
11826,0.02
11827,0.0
11828,0.15
11829,0.69
11830,0.26
11831,0.16
11832,0.07
11833,0.03
11834,0.165
11835,1.0
11836,0.09
11837,0.42
11838,0.26
11839,0.53
11840,0.66
11841,1.0
11842,0.27
11843,0.66
11844,0.96
11845,0.04
11846,1.0
11847,0.08
11848,0.14
11849,0.25
11850,0.47
11851,1.0
11852,0.05
11853,0.2992732213438735
11854,1.0
11855,0.66
11856,0.25
11857,0.04
11858,0.41166666666666674
11859,0.37
11860,0.08
11861,0.2
11862,0.98
11863,0.26
11864,0.615
11865,0.1
11866,0.29
11867,0.03
11868,0.26
11869,0.22
11870,0.34
11871,0.01
11872,0.06777777777777778
11873,0.99
11874,0.07
11875,0.3
11876,0.14
11877,0.56
11878,0.13
11879,0.07
11880,0.94
11881,0.07
11882,0.0
11883,0.045
11884,0.15
11885,0.0
11886,0.44
11887,0.16
11888,0.28
11889,0.18
11890,0.11
11891,0.06
11892,0.05
11893,1.0
11894,1.0
11895,0.99
11896,1.0
11897,0.7075
11898,0.4
11899,0.073
11900,0.99
11901,0.34
11902,0.02
11903,0.0
11904,0.84
11905,0.19
11906,0.49
11907,0.22
11908,0.20666666666666664
11909,0.92
11910,1.0
11911,0.7
11912,0.13
11913,0.68
11914,0.06
11915,1.0
11916,0.02
11917,0.38050000000000006
11918,0.08
11919,1.0
11920,0.02
11921,0.45
11922,0.25
11923,0.32
11924,0.99
11925,0.06
11926,0.38
11927,0.03
11928,0.28
11929,0.24
11930,0.03
11931,0.35
11932,0.18
11933,0.02
11934,1.0
11935,0.095
11936,0.04
11937,0.09
11938,0.06
11939,0.06
11940,0.12
11941,0.53
11942,0.0
11943,0.09
11944,0.012727272727272728
11945,0.99
11946,0.02
11947,0.17
11948,0.9509302325581396
11949,0.1
11950,0.31
11951,0.0590079365079365
11952,0.13
11953,0.51
11954,0.33
11955,0.92
11956,0.25
11957,0.24
11958,0.23
11959,0.11
11960,0.2565932893960758
11961,0.4
11962,0.12
11963,0.06
11964,0.25
11965,0.52
11966,0.93
11967,0.0
11968,0.01
11969,0.17
11970,0.16
11971,0.02
11972,0.24
11973,0.1
11974,0.32
11975,0.51
11976,0.11
11977,0.01
11978,0.09
11979,0.1
11980,0.01
11981,0.01
11982,0.01
11983,0.04
11984,0.02
11985,0.04
11986,0.07
11987,0.03
11988,0.2
11989,0.07
11990,0.0
11991,0.4
11992,0.11540630422209369
11993,1.0
11994,0.97
11995,0.49
11996,0.33616666666666667
11997,0.96
11998,0.99
11999,0.09
12000,0.05
12001,0.42
12002,0.22333333333333333
12003,0.29
12004,0.92
12005,0.09120238095238094
12006,0.25
12007,0.05
12008,0.07
12009,0.21
12010,0.07
12011,0.0
12012,1.0
12013,0.98
12014,0.1537222222222222
12015,0.09
12016,0.03
12017,0.06
12018,0.15
12019,0.21
12020,0.91
12021,0.19333333333333333
12022,0.45
12023,0.06
12024,0.01
12025,0.05
12026,0.98
12027,0.11
12028,0.08
12029,0.12
12030,1.0
12031,0.02
12032,0.98
12033,0.18
12034,0.89
12035,0.03
12036,0.12
12037,0.11
12038,0.09042461924040872
12039,0.17
12040,0.0
12041,0.36
12042,0.24
12043,0.11
12044,0.38
12045,1.0
12046,0.18
12047,0.97
12048,0.07
12049,0.02
12050,0.09416666666666668
12051,0.12
12052,0.37
12053,0.25
12054,0.09
12055,0.97
12056,0.02
12057,1.0
12058,1.0
12059,0.0
12060,0.44
12061,0.91
12062,0.32
12063,1.0
12064,0.1
12065,1.0
12066,0.9588888888888889
12067,0.04
12068,0.17107783882783878
12069,0.04
12070,0.04083333333333333
12071,0.003333333333333333
12072,0.72
12073,1.0
12074,0.75
12075,0.15
12076,0.22
12077,0.13
12078,0.07
12079,1.0
12080,0.32
12081,0.2
12082,0.01
12083,0.14
12084,0.06
12085,0.46
12086,0.03
12087,0.22
12088,0.7
12089,1.0
12090,0.07
12091,0.08
12092,0.4
12093,0.03
12094,0.25
12095,1.0
12096,0.03
12097,0.08
12098,0.09
12099,0.51
12100,0.0
12101,0.1025
12102,0.02375
12103,0.43
12104,1.0
12105,0.47
12106,0.9002222222222223
12107,0.11
12108,0.11833333333333332
12109,0.03
12110,0.94
12111,0.09
12112,0.0
12113,0.16
12114,0.1
12115,0.26
12116,0.13
12117,0.19
12118,0.08
12119,0.2225
12120,0.4
12121,0.39
12122,0.26333333333333336
12123,0.1
12124,0.98
12125,0.12
12126,0.25
12127,0.96
12128,0.06
12129,0.2
12130,0.01
12131,0.20633333333333334
12132,0.32
12133,0.07
12134,0.08
12135,0.39
12136,1.0
12137,0.11
12138,0.49
12139,0.05
12140,0.9507407407407408
12141,0.33616666666666667
12142,0.13
12143,0.23428571428571426
12144,0.09
12145,0.03
12146,1.0
12147,0.99
12148,0.71
12149,0.39
12150,0.02
12151,0.4616129148629149
12152,0.02
12153,0.09
12154,0.19
12155,0.0
12156,0.97
12157,0.07
12158,0.02
12159,0.17
12160,0.24
12161,0.64
12162,0.65
12163,0.1
12164,1.0
12165,0.97
12166,0.13
12167,0.06
12168,0.01
12169,0.99
12170,0.02
12171,0.1
12172,0.28
12173,0.22
12174,0.2814673202614379
12175,0.02
12176,0.13
12177,0.12
12178,0.03
12179,0.0
12180,0.555
12181,0.99
12182,0.22
12183,0.59
12184,0.16
12185,0.51
12186,0.03
12187,0.19
12188,1.0
12189,0.18
12190,0.94
12191,0.73
12192,0.09666666666666666
12193,0.0
12194,0.01
12195,0.99
12196,0.1825
12197,0.17
12198,0.49
12199,0.02
12200,0.02
12201,0.42
12202,0.05
12203,0.39
12204,0.19
12205,0.03
12206,0.06
12207,0.11
12208,0.17
12209,0.32
12210,0.0
12211,0.08
12212,0.195
12213,0.0
12214,0.01
12215,0.14
12216,0.07
12217,0.04
12218,0.08
12219,1.0
12220,0.08
12221,0.43
12222,0.12
12223,0.96
12224,0.0
12225,0.98
12226,0.22
12227,0.12666666666666665
12228,0.08
12229,0.03
12230,0.02
12231,0.19
12232,0.38
12233,0.18
12234,0.41
12235,0.5
12236,0.3
12237,0.34
12238,0.98
12239,0.09
12240,0.04
12241,0.09
12242,0.1
12243,0.05
12244,0.026454545454545456
12245,0.05
12246,0.19
12247,0.16
12248,0.39
12249,0.09
12250,1.0
12251,0.48
12252,0.99
12253,1.0
12254,0.99
12255,0.02
12256,0.6
12257,0.45
12258,1.0
12259,0.5
12260,0.06
12261,0.89
12262,1.0
12263,0.0
12264,1.0
12265,1.0
12266,0.02
12267,0.47
12268,0.11
12269,0.92
12270,0.23
12271,0.525
12272,0.87
12273,0.1
12274,0.04
12275,0.63
12276,0.0
12277,0.17
12278,0.06
12279,0.98
12280,0.81
12281,0.51
12282,0.028333333333333335
12283,0.14
12284,0.01
12285,0.98
12286,0.9396428571428572
12287,0.17125
12288,0.08
12289,1.0
12290,0.05
12291,0.09225
12292,0.94
12293,0.07
12294,0.05
12295,0.08
12296,0.02
12297,0.2
12298,0.03
12299,0.16
12300,0.37
12301,0.12
12302,0.0
12303,0.71
12304,0.37
12305,0.02
12306,0.02
12307,0.2
12308,0.14
12309,0.14
12310,0.27
12311,0.19
12312,0.03125
12313,0.3434642857142858
12314,0.0
12315,0.06
12316,0.58
12317,1.0
12318,0.18
12319,0.17
12320,0.9666666666666666
12321,0.41
12322,0.13
12323,0.37
12324,0.1
12325,0.8392307692307692
12326,0.23173913043478261
12327,0.97
12328,0.51
12329,0.02
12330,1.0
12331,0.37
12332,0.12
12333,0.23
12334,0.23234581105169344
12335,0.175
12336,0.02
12337,0.8466666666666666
12338,0.26
12339,0.2
12340,0.18
12341,0.0925
12342,0.43
12343,0.1
12344,0.07
12345,0.4455575064539763
12346,1.0
12347,0.24408333333333332
12348,0.09
12349,0.5
12350,0.11
12351,1.0
12352,0.2
12353,0.19
12354,0.9692857142857143
12355,0.68
12356,0.056666666666666664
12357,1.0
12358,0.0
12359,0.06
12360,0.02
12361,0.08
12362,0.4075
12363,0.17
12364,0.03977272727272727
12365,0.428
12366,0.14
12367,0.15
12368,0.65
12369,0.04
12370,1.0
12371,0.20666666666666664
12372,0.12
12373,0.08
12374,0.17
12375,0.25
12376,0.07
12377,1.0
12378,0.08
12379,0.16
12380,0.27
12381,0.27
12382,0.38
12383,0.17
12384,0.16
12385,0.34
12386,0.13
12387,0.09
12388,0.4133333333333333
12389,0.38
12390,0.18
12391,0.27
12392,0.26
12393,0.94
12394,0.96
12395,0.09
12396,0.31
12397,0.16
12398,0.37
12399,0.05
12400,0.06
12401,0.11
12402,0.05
12403,0.06
12404,0.01
12405,0.03
12406,0.3
12407,0.13
12408,0.09
12409,0.16010470085470085
12410,0.08
12411,0.02
12412,0.01
12413,0.99
12414,0.18
12415,0.08
12416,1.0
12417,0.0675
12418,0.04
12419,0.18
12420,1.0
12421,0.7783095238095238
12422,0.0
12423,0.04
12424,1.0
12425,1.0
12426,0.07
12427,0.04
12428,0.11433333333333334
12429,0.42
12430,0.21
12431,0.03
12432,0.11
12433,0.05
12434,0.62
12435,0.09
12436,0.06
12437,0.22
12438,0.03
12439,0.06
12440,0.7
12441,0.02
12442,0.34
12443,0.36
12444,0.13
12445,0.22
12446,0.04
12447,0.42
12448,0.29
12449,0.2
12450,1.0
12451,0.01
12452,0.34
12453,0.09
12454,0.06
12455,0.11
12456,0.49
12457,0.0
12458,0.03
12459,0.01
12460,0.18
12461,0.26
12462,0.7403809523809524
12463,0.42
12464,0.12
12465,0.16
12466,0.61
12467,0.02
12468,1.0
12469,0.07
12470,0.06
12471,0.11
12472,0.01
12473,0.99
12474,0.08
12475,0.17
12476,0.02
12477,0.26
12478,0.07
12479,0.8
12480,0.1
12481,0.08
12482,0.88
12483,0.02
12484,0.01
12485,0.21
12486,0.06
12487,0.66
12488,0.08
12489,0.28
12490,0.26
12491,0.99
12492,0.35
12493,0.01
12494,0.99
12495,0.33
12496,0.25
12497,0.68
12498,0.2
12499,0.28
12500,0.02
12501,0.42
12502,1.0
12503,0.02
12504,0.15
12505,0.02
12506,0.0
12507,0.35
12508,0.96
12509,0.03
12510,0.35
12511,0.11
12512,0.95
12513,0.99
12514,0.37
12515,0.95
12516,0.695
12517,0.6926666666666667
12518,0.5376856991305907
12519,0.33
12520,0.4293855976754583
12521,0.0
12522,0.03
12523,0.38
12524,0.06
12525,0.97
12526,0.1
12527,0.29
12528,0.94
12529,0.19
12530,0.04
12531,0.09
12532,0.09
12533,1.0
12534,0.58
12535,0.01
12536,1.0
12537,1.0
12538,0.13
12539,1.0
12540,0.04
12541,0.08333333333333331
12542,0.05
12543,0.97
12544,0.35
12545,0.05
12546,0.18
12547,0.18
12548,0.0
12549,0.99
12550,0.2
12551,0.51
12552,0.0
12553,0.09
12554,0.12
12555,0.02
12556,0.0
12557,0.33
12558,0.94
12559,0.13910714285714287
12560,0.04
12561,0.18
12562,0.02
12563,0.99
12564,0.31
12565,0.02
12566,0.0
12567,0.22
12568,0.35
12569,0.55
12570,0.31
12571,0.07
12572,0.33
12573,0.41
12574,0.01
12575,0.99
12576,0.04
12577,0.04058333333333333
12578,0.3
12579,0.01
12580,0.06
12581,0.15
12582,0.3
12583,0.9440000000000001
12584,0.78
12585,0.05
12586,0.09
12587,0.01
12588,0.03
12589,0.05
12590,0.38
12591,0.12
12592,0.93
12593,1.0
12594,0.19
12595,1.0
12596,0.08
12597,0.31361596349387033
12598,0.99
12599,0.12
12600,0.22
12601,0.9
12602,0.6833333333333335
12603,0.5708333333333333
12604,0.27
12605,0.28
12606,0.04
12607,0.03
12608,0.06
12609,0.03
12610,1.0
12611,0.11
12612,0.19333333333333336
12613,0.02
12614,0.02
12615,0.57
12616,0.05
12617,0.43
12618,0.2
12619,0.45
12620,0.06
12621,0.09
12622,0.31
12623,0.49
12624,0.135
12625,0.16
12626,0.24
12627,0.99
12628,0.28
12629,0.13
12630,0.47
12631,0.5083333333333333
12632,0.16
12633,0.99
12634,0.39
12635,0.16
12636,0.15
12637,0.23
12638,0.13
12639,0.34
12640,0.26
12641,0.5
12642,0.12
12643,0.08
12644,0.24
12645,0.0
12646,0.22
12647,0.98
12648,0.1814825581395349
12649,0.22
12650,0.31
12651,0.02
12652,0.26
12653,0.13
12654,0.16
12655,0.06
12656,0.26
12657,0.05
12658,0.15
12659,0.08
12660,0.19
12661,0.05
12662,0.24
12663,0.22
12664,0.16
12665,0.06
12666,1.0
12667,0.53
12668,0.02
12669,0.12
12670,0.26
12671,0.36
12672,0.02
12673,0.04
12674,0.03
12675,0.09
12676,0.25
12677,0.13
12678,1.0
12679,0.54
12680,0.0
12681,0.12
12682,0.14
12683,0.98
12684,0.38
12685,1.0
12686,0.02
12687,0.13
12688,0.07
12689,0.0
12690,0.3
12691,0.0
12692,0.82
12693,0.0
12694,0.99
12695,0.23
12696,0.38
12697,0.05
12698,0.085
12699,0.02
12700,0.22
12701,1.0
12702,0.31
12703,0.026000000000000002
12704,0.0
12705,0.16
12706,0.2
12707,0.98
12708,1.0
12709,1.0
12710,1.0
12711,1.0
12712,0.05333333333333333
12713,0.44
12714,0.145
12715,0.33
12716,0.47
12717,0.85
12718,0.11
12719,0.01
12720,0.38
12721,1.0
12722,0.12
12723,0.28
12724,0.0
12725,0.72
12726,0.05
12727,0.028181818181818183
12728,0.02
12729,0.07
12730,0.23
12731,1.0
12732,0.23
12733,0.10400000000000001
12734,0.03
12735,0.255
12736,0.03333333333333333
12737,0.24
12738,0.06333333333333332
12739,0.07851731601731601
12740,0.16
12741,0.37
12742,0.97
12743,0.02
12744,1.0
12745,0.39
12746,1.0
12747,0.02
12748,0.25
12749,0.38
12750,0.2
12751,1.0
12752,0.06
12753,0.12
12754,0.01
12755,0.75
12756,1.0
12757,0.04
12758,0.54
12759,0.015
12760,0.03
12761,0.99
12762,0.03
12763,0.05
12764,0.0
12765,0.0
12766,0.11
12767,0.29
12768,0.0
12769,0.06
12770,0.97
12771,0.51
12772,0.01
12773,0.1
12774,0.08
12775,1.0
12776,0.11
12777,0.08
12778,0.04
12779,0.97
12780,0.04
12781,0.0
12782,0.33
12783,0.91
12784,0.14
12785,0.19
12786,0.03
12787,0.66
12788,0.17
12789,0.73
12790,0.03
12791,0.24
12792,0.03
12793,0.06
12794,0.22
12795,0.06
12796,0.13
12797,0.0
12798,0.42
12799,0.01
12800,0.48
12801,0.01
12802,0.05
12803,0.06
12804,0.68
12805,1.0
12806,0.16
12807,0.6775
12808,0.99
12809,0.95
12810,0.0
12811,0.12
12812,0.07027777777777777
12813,0.11
12814,0.5333333333333333
12815,0.13857142857142857
12816,1.0
12817,0.15
12818,0.48
12819,0.04
12820,0.07
12821,0.55
12822,0.16666666666666669
12823,0.44
12824,0.13
12825,1.0
12826,0.08
12827,0.2733333333333334
12828,0.08
12829,0.03
12830,0.10166666666666666
12831,0.01
12832,0.37
12833,0.3
12834,0.37
12835,0.13
12836,1.0
12837,1.0
12838,0.11
12839,0.43
12840,0.09
12841,0.1
12842,0.16
12843,0.88125
12844,0.12
12845,0.18
12846,0.99
12847,0.06
12848,0.39
12849,0.2
12850,0.34
12851,0.02
12852,0.01
12853,0.51
12854,0.23
12855,0.57
12856,0.01
12857,0.0
12858,0.18
12859,0.02
12860,0.22
12861,0.99
12862,0.215025641025641
12863,0.57
12864,0.01
12865,0.13
12866,0.9666666666666666
12867,0.21
12868,0.03
12869,0.1
12870,0.11
12871,0.03
12872,0.16
12873,0.12
12874,0.33
12875,0.10666666666666666
12876,0.04
12877,0.03
12878,1.0
12879,0.99
12880,0.98
12881,0.4
12882,0.22
12883,0.18
12884,0.7442122838401908
12885,0.47
12886,0.92
12887,0.09
12888,0.0
12889,0.25
12890,1.0
12891,0.18
12892,0.22
12893,0.0
12894,0.01
12895,0.04
12896,0.17
12897,1.0
12898,0.14
12899,0.03
12900,0.16
12901,0.67
12902,0.32785714285714285
12903,0.495
12904,0.09
12905,0.02
12906,0.0
12907,0.03
12908,0.97
12909,0.01
12910,0.28
12911,0.02
12912,0.12
12913,0.45
12914,0.31
12915,0.01
12916,0.044000000000000004
12917,0.22
12918,0.99
12919,0.1
12920,0.15
12921,0.14666666666666667
12922,1.0
12923,0.05
12924,0.6
12925,0.11
12926,0.21
12927,0.4
12928,0.1
12929,0.34
12930,0.99
12931,0.2875
12932,0.07
12933,0.04
12934,0.23
12935,0.24
12936,0.12
12937,0.15
12938,0.54
12939,0.22
12940,0.92
12941,1.0
12942,0.06
12943,0.04
12944,0.17
12945,0.031
12946,0.01
12947,1.0
12948,0.44
12949,1.0
12950,0.0
12951,0.49
12952,1.0
12953,1.0
12954,0.05
12955,0.18
12956,1.0
12957,0.17
12958,0.34
12959,0.35
12960,0.01
12961,0.2866666666666667
12962,0.3
12963,1.0
12964,0.36
12965,0.14
12966,0.06
12967,0.02
12968,0.06
12969,0.02
12970,0.29083333333333333
12971,0.78
12972,1.0
12973,0.15
12974,0.05
12975,0.05
12976,0.21
12977,0.52
12978,0.7
12979,0.0038461538461538464
12980,0.39
12981,0.7735445030010248
12982,0.05
12983,0.02
12984,0.04
12985,0.16399999999999998
12986,0.16
12987,0.04
12988,1.0
12989,0.95
12990,0.12
12991,0.535
12992,0.57
12993,0.01
12994,0.84
12995,0.01
12996,0.0
12997,1.0
12998,0.4
12999,0.04
13000,0.245
13001,0.05
13002,0.27
13003,0.03
13004,0.08
13005,0.12
13006,0.02
13007,0.155
13008,1.0
13009,0.99
13010,0.04
13011,0.16
13012,0.94
13013,0.45
13014,1.0
13015,0.023333333333333334
13016,0.03
13017,0.01
13018,0.12
13019,0.0
13020,0.1525
13021,0.09
13022,0.02
13023,0.06
13024,0.29
13025,0.05
13026,0.13
13027,0.48
13028,1.0
13029,0.14
13030,0.01
13031,0.2
13032,0.03
13033,1.0
13034,0.36
13035,0.31
13036,0.35416666666666663
13037,0.28
13038,0.26
13039,0.02
13040,0.14
13041,0.32
13042,0.38
13043,0.21
13044,0.01
13045,0.38
13046,0.15333333333333335
13047,0.16
13048,0.06
13049,0.06
13050,0.27
13051,0.35
13052,0.2
13053,0.2
13054,0.045
13055,0.13
13056,0.07
13057,0.96
13058,1.0
13059,0.1
13060,0.26
13061,0.65
13062,0.07
13063,0.94
13064,0.45
13065,0.35
13066,1.0
13067,0.99
13068,0.99
13069,0.05
13070,0.15
13071,0.03
13072,0.1
13073,0.04
13074,0.49
13075,0.11
13076,0.23
13077,0.99
13078,0.69
13079,0.0
13080,0.03
13081,0.07
13082,0.33
13083,0.02
13084,0.01
13085,0.08
13086,0.09
13087,0.98
13088,0.1
13089,0.39
13090,0.83
13091,0.99
13092,0.04
13093,1.0
13094,0.09
13095,1.0
13096,0.11
13097,0.08
13098,0.08
13099,0.01
13100,0.18
13101,0.35
13102,0.07
13103,0.01
13104,0.77
13105,1.0
13106,0.78
13107,0.17
13108,0.24
13109,0.15
13110,0.01
13111,0.52
13112,0.56
13113,0.25
13114,0.845
13115,0.37333333333333335
13116,0.07
13117,0.1113468992248062
13118,0.085
13119,0.4455575064539763
13120,0.48
13121,0.05
13122,1.0
13123,0.07
13124,0.41
13125,0.94
13126,0.4
13127,0.31
13128,0.4460229539981863
13129,0.91
13130,0.07
13131,0.34573705329608545
13132,0.545
13133,0.2
13134,0.3566666666666667
13135,0.97
13136,0.3
13137,0.09
13138,0.3
13139,0.44
13140,0.27
13141,1.0
13142,0.43
13143,0.42
13144,0.23
13145,0.02
13146,0.66
13147,0.01
13148,0.57
13149,0.08
13150,0.11
13151,0.74
13152,0.01
13153,0.013333333333333332
13154,0.32
13155,0.19
13156,0.35
13157,0.027999999999999997
13158,0.99
13159,0.07
13160,0.485
13161,0.18
13162,0.05
13163,0.05
13164,0.125
13165,0.09
13166,0.31
13167,0.01
13168,0.18
13169,0.050333333333333334
13170,1.0
13171,0.09
13172,0.51
13173,0.04
13174,0.23
13175,0.27
13176,0.08
13177,0.53
13178,0.3529835164835165
13179,0.45
13180,0.0
13181,0.17
13182,0.28
13183,0.36
13184,0.08
13185,0.28
13186,0.07
13187,0.04
13188,0.01
13189,0.48
13190,0.69
13191,0.01
13192,0.08
13193,0.39
13194,0.23
13195,0.3
13196,0.24
13197,0.8542857142857143
13198,0.18
13199,0.27
13200,0.42
13201,0.06
13202,0.42
13203,0.33
13204,0.45
13205,0.03
13206,0.43
13207,0.98
13208,0.08
13209,1.0
13210,0.09
13211,0.13
13212,0.14
13213,0.39
13214,0.0
13215,0.15
13216,0.27
13217,0.026521739130434784
13218,0.98
13219,0.99
13220,0.14
13221,0.1
13222,0.29
13223,0.22
13224,0.12
13225,0.19
13226,0.05
13227,0.23
13228,0.06
13229,0.705531479390175
13230,1.0
13231,0.03
13232,0.14
13233,0.1
13234,0.1993685943829132
13235,0.0
13236,0.18416666666666667
13237,0.99
13238,0.24
13239,0.33
13240,0.0
13241,0.98
13242,0.25
13243,0.98
13244,1.0
13245,0.3266666666666667
13246,0.2
13247,0.12
13248,0.07
13249,0.18
13250,0.3529835164835165
13251,0.03333333333333333
13252,0.7937777777777778
13253,0.51
13254,0.07
13255,1.0
13256,0.14
13257,0.34
13258,0.02
13259,0.64
13260,0.32
13261,0.21
13262,0.18
13263,0.06
13264,0.06
13265,0.57
13266,0.22
13267,0.17
13268,0.11
13269,0.06
13270,0.3
13271,1.0
13272,0.19
13273,0.04
13274,0.25957142857142856
13275,0.63
13276,0.11
13277,0.47
13278,0.01
13279,0.0625
13280,0.01
13281,1.0
13282,0.029333333333333336
13283,0.02
13284,0.18514285714285716
13285,0.07
13286,0.08
13287,0.09
13288,0.52
13289,0.005
13290,0.23
13291,1.0
13292,0.06
13293,0.07
13294,0.99
13295,0.05
13296,0.99
13297,0.22
13298,1.0
13299,0.44
13300,0.26
13301,0.94
13302,0.03
13303,1.0
13304,0.28
13305,0.15
13306,0.63071114996115
13307,0.04058333333333333
13308,0.03
13309,0.03
13310,0.0
13311,0.41
13312,0.07
13313,0.03
13314,0.18
13315,1.0
13316,0.52
13317,0.98
13318,0.06
13319,0.08
13320,0.09
13321,0.94
13322,0.5366666666666667
13323,0.23
13324,0.03
13325,0.13
13326,0.02
13327,0.1
13328,0.96
13329,1.0
13330,0.02
13331,1.0
13332,0.04
13333,0.1375
13334,0.05
13335,1.0
13336,0.01
13337,0.14
13338,0.4
13339,0.17
13340,0.08
13341,0.06
13342,0.01
13343,0.0
13344,0.03
13345,0.15
13346,0.18
13347,0.42
13348,0.0
13349,0.15
13350,0.51
13351,0.4
13352,0.03
13353,0.45
13354,0.09
13355,1.0
13356,0.18
13357,0.5337738095238096
13358,0.98
13359,0.22333333333333336
13360,0.13
13361,0.11
13362,0.1
13363,0.22
13364,0.06
13365,0.61
13366,0.28
13367,0.03
13368,0.018666666666666665
13369,0.06
13370,0.26
13371,0.44
13372,0.19916666666666663
13373,0.75
13374,0.17
13375,0.27
13376,0.1
13377,0.185
13378,0.14
13379,0.06
13380,0.42
13381,0.21
13382,0.16
13383,0.1706666666666667
13384,0.19
13385,0.02
13386,0.03
13387,0.9288888888888889
13388,0.12
13389,0.008181818181818182
13390,0.14
13391,0.19
13392,0.06
13393,0.11
13394,0.15
13395,0.255
13396,0.07
13397,1.0
13398,0.06
13399,0.17
13400,0.02
13401,0.06
13402,0.0
13403,0.02
13404,0.09
13405,0.20633333333333334
13406,0.11
13407,0.16
13408,0.29
13409,0.5499642857142857
13410,0.17
13411,0.24
13412,1.0
13413,0.03
13414,0.33
13415,1.0
13416,0.24
13417,0.03
13418,0.21
13419,0.01
13420,0.15
13421,0.04
13422,0.38
13423,0.12
13424,0.08
13425,0.55
13426,0.24
13427,0.35
13428,0.99
13429,0.02
13430,0.94
13431,0.08
13432,0.07
13433,0.37
13434,0.44
13435,0.01
13436,0.18
13437,0.06
13438,1.0
13439,0.49
13440,0.28
13441,0.99
13442,0.06
13443,0.3
13444,0.31
13445,0.26483333333333337
13446,1.0
13447,0.42
13448,0.46
13449,0.0
13450,0.0
13451,0.9190909090909091
13452,0.03
13453,0.55
13454,0.02
13455,0.47
13456,1.0
13457,0.42
13458,0.97
13459,0.15
13460,0.03
13461,0.21
13462,0.99
13463,0.24
13464,0.08
13465,0.15571428571428572
13466,0.03
13467,0.03
13468,0.6741666666666667
13469,0.11
13470,0.14
13471,0.14
13472,0.06
13473,0.04
13474,0.42
13475,0.3
13476,0.18
13477,0.12
13478,0.0
13479,0.94
13480,0.065
13481,0.0
13482,0.3
13483,0.8719550648096311
13484,0.29
13485,0.21
13486,0.13
13487,0.14
13488,0.4375
13489,0.11
13490,0.17208973623249205
13491,0.13490476190476192
13492,0.42
13493,1.0
13494,0.17
13495,0.14
13496,0.35
13497,0.25
13498,0.05
13499,0.04
13500,0.02
13501,0.02
13502,0.06
13503,0.11
13504,0.99375
13505,0.01
13506,0.99
13507,0.04349206349206349
13508,1.0
13509,0.04
13510,0.42
13511,0.0
13512,0.16
13513,0.05
13514,0.7339102564102565
13515,0.21
13516,1.0
13517,0.04
13518,0.27
13519,0.41
13520,0.19
13521,0.04
13522,0.53
13523,0.16
13524,0.21
13525,1.0
13526,0.17
13527,0.4
13528,0.99
13529,0.05
13530,0.01
13531,0.13
13532,0.12757539682539684
13533,0.52
13534,0.26
13535,0.7
13536,0.32
13537,0.14
13538,0.38
13539,0.14
13540,0.26
13541,0.06
13542,0.13
13543,1.0
13544,0.08
13545,0.08
13546,0.39
13547,0.0
13548,1.0
13549,0.17
13550,0.32
13551,0.06
13552,0.016666666666666666
13553,0.1
13554,1.0
13555,0.01
13556,0.07
13557,0.09
13558,0.21
13559,0.74
13560,0.22666666666666668
13561,0.15
13562,0.51
13563,0.1
13564,0.01
13565,0.22
13566,0.11
13567,0.15
13568,0.99
13569,0.38
13570,0.31
13571,0.12
13572,0.17
13573,0.36
13574,0.1113468992248062
13575,0.96
13576,0.0225
13577,0.12
13578,1.0
13579,0.07
13580,0.08
13581,1.0
13582,0.34573705329608545
13583,0.99
13584,0.41
13585,0.03
13586,0.3111111111111111
13587,0.3460891608391608
13588,1.0
13589,0.4
13590,0.16
13591,0.97
13592,0.29
13593,0.15
13594,0.02
13595,0.14
13596,0.04
13597,0.0
13598,0.06
13599,0.05333333333333333
13600,0.36
13601,0.94
13602,0.05
13603,0.2641441441441441
13604,0.5128571428571429
13605,0.88
13606,0.51
13607,0.39
13608,0.5962265381677145
13609,0.0
13610,0.42
13611,0.04
13612,0.17
13613,0.32
13614,0.43
13615,0.5
13616,0.03
13617,1.0
13618,0.06
13619,0.5
13620,0.21
13621,0.98
13622,0.56
13623,0.18
13624,0.21
13625,0.05
13626,0.74
13627,0.17
13628,0.91
13629,0.0875
13630,1.0
13631,0.26
13632,0.05
13633,0.61
13634,0.03
13635,0.64
13636,1.0
13637,0.26
13638,0.01
13639,0.17
13640,0.33
13641,0.13
13642,0.18
13643,0.1
13644,0.03
13645,0.42
13646,0.03
13647,0.39
13648,0.05131578947368421
13649,0.02
13650,0.22
13651,0.11
13652,0.99
13653,0.07
13654,0.02
13655,1.0
13656,0.23
13657,0.76
13658,0.14
13659,0.03
13660,0.05
13661,0.03
13662,0.02
13663,0.516008878065318
13664,0.08
13665,0.17
13666,0.03
13667,0.025
13668,0.54
13669,0.1375
13670,0.07
13671,0.34
13672,0.07
13673,0.32
13674,0.19119540696983717
13675,0.02
13676,0.28
13677,0.39
13678,0.82
13679,0.09
13680,0.22
13681,0.8081666666666668
13682,0.6
13683,1.0
13684,0.06
13685,0.11
13686,0.11
13687,0.08
13688,0.11
13689,0.13
13690,0.01
13691,0.01
13692,0.01
13693,0.3
13694,0.99
13695,0.0
13696,0.12
13697,0.1925
13698,0.0
13699,0.01
13700,0.05
13701,0.35
13702,0.42
13703,1.0
13704,0.72
13705,0.16
13706,0.01
13707,0.26
13708,0.45
13709,0.0026666666666666666
13710,0.01
13711,0.95
13712,0.9248986928104574
13713,0.01
13714,0.0
13715,0.54
13716,0.99
13717,0.05
13718,0.29
13719,0.52
13720,0.154
13721,0.02
13722,0.28
13723,0.02
13724,0.05
13725,0.02
13726,0.01
13727,0.05
13728,0.97
13729,0.94
13730,0.08
13731,0.35
13732,0.03
13733,0.1
13734,0.48
13735,0.15
13736,0.09
13737,0.92
13738,0.07
13739,0.06466666666666666
13740,1.0
13741,0.3583333333333333
13742,1.0
13743,0.06
13744,0.05
13745,0.13
13746,0.38
13747,0.12
13748,0.21
13749,0.16
13750,0.27
13751,0.01
13752,0.05
13753,0.4460229539981863
13754,0.55
13755,0.32
13756,0.05
13757,0.33
13758,0.11
13759,0.05
13760,1.0
13761,0.5202256823860129
13762,0.25
13763,0.04058333333333333
13764,0.57
13765,0.22
13766,0.2
13767,0.45
13768,0.43
13769,0.14
13770,0.085
13771,1.0
13772,1.0
13773,1.0
13774,0.01
13775,0.29
13776,0.23
13777,0.723393665158371
13778,1.0
13779,0.23
13780,0.19
13781,0.15
13782,0.77
13783,0.02
13784,0.07
13785,0.52
13786,1.0
13787,0.03
13788,0.14714285714285716
13789,0.16
13790,0.26
13791,0.02
13792,0.3
13793,0.07
13794,0.07
13795,0.19
13796,0.9190909090909091
13797,1.0
13798,0.76
13799,0.23
13800,0.28
13801,0.26
13802,0.28
13803,0.23234581105169344
13804,0.19
13805,0.0
13806,0.02
13807,0.9374074074074074
13808,0.37
13809,0.08
13810,0.13
13811,0.59
13812,1.0
13813,0.01
13814,0.98
13815,0.14
13816,0.32
13817,0.07
13818,0.11
13819,0.03
13820,0.4
13821,0.98
13822,0.24
13823,0.0
13824,0.46
13825,0.11
13826,0.15
13827,0.02
13828,0.9571428571428572
13829,0.17
13830,0.06
13831,0.27
13832,0.11
13833,0.22
13834,0.53
13835,0.04
13836,0.06
13837,0.08
13838,0.08
13839,0.11
13840,0.39
13841,0.62
13842,0.08
13843,0.52
13844,0.17
13845,0.24
13846,0.16
13847,0.12
13848,0.5202256823860129
13849,0.15
13850,0.21
13851,1.0
13852,0.07
13853,0.02
13854,1.0
13855,0.02
13856,0.019545454545454546
13857,0.06
13858,0.28
13859,0.39
13860,0.06
13861,0.22
13862,0.05
13863,0.12
13864,0.11590909090909092
13865,0.02
13866,0.15
13867,1.0
13868,0.99
13869,0.97
13870,0.2284090909090909
13871,0.3460891608391608
13872,0.15071428571428572
13873,0.05
13874,1.0
13875,0.09
13876,0.99
13877,0.06
13878,1.0
13879,0.07
13880,0.5079166666666667
13881,0.49
13882,0.34
13883,0.18
13884,0.76
13885,0.1
13886,0.08
13887,0.07
13888,0.98
13889,0.12
13890,0.31
13891,0.27
13892,0.31
13893,1.0
13894,0.08
13895,0.59
13896,0.16
13897,0.62
13898,0.08
13899,0.05
13900,0.55
13901,0.025
13902,0.02
13903,0.0
13904,0.37
13905,0.5376856991305907
13906,0.17
13907,0.14
13908,0.18
13909,0.30376190476190473
13910,0.16
13911,1.0
13912,0.11
13913,0.2
13914,0.03
13915,0.36
13916,0.22
13917,0.4
13918,0.99
13919,0.32
13920,0.05
13921,0.11
13922,0.02
13923,0.34
13924,0.325
13925,0.03
13926,0.19
13927,0.5775
13928,0.0
13929,0.34
13930,0.7735445030010248
13931,0.78
13932,0.32
13933,0.01
13934,0.18
13935,0.03
13936,0.22
13937,0.037894736842105266
13938,1.0
13939,0.21
13940,0.03
13941,0.38
13942,0.01
13943,0.02
13944,0.39
13945,0.0
13946,0.49
13947,0.03
13948,0.195
13949,0.01
13950,0.07
13951,0.13
13952,0.81
13953,0.17
13954,0.08
13955,0.05
13956,0.27
13957,0.17
13958,1.0
13959,0.8719550648096311
13960,0.51
13961,0.18
13962,0.93
13963,0.40456991484404753
13964,0.02
13965,0.08
13966,0.96375
13967,0.11
13968,0.02
13969,0.01
13970,0.27
13971,0.155
13972,0.1
13973,0.05
13974,0.48
13975,0.79
13976,0.42
13977,0.12
13978,0.11
13979,0.55
13980,0.04
13981,0.01
13982,0.12
13983,0.51
13984,0.3975
13985,0.26
13986,0.35
13987,0.13
13988,0.01
13989,0.03
13990,0.08
13991,0.0
13992,0.8297745726495727
13993,1.0
13994,0.21
13995,0.17
13996,0.61
13997,0.01
13998,0.03
13999,0.0
14000,0.31
14001,0.7
14002,0.97
14003,0.03
14004,0.01
14005,0.2
14006,0.2
14007,0.03
14008,0.01
14009,0.18
14010,0.08
14011,0.07
14012,0.17
14013,0.28
14014,0.26
14015,0.16
14016,0.04
14017,0.04
14018,0.01
14019,0.18
14020,0.06
14021,0.82
14022,0.91
14023,0.11
14024,0.49
14025,0.085
14026,0.19
14027,0.38
14028,0.57
14029,0.07866666666666666
14030,0.29
14031,0.25
14032,0.49
14033,0.05
14034,0.04
14035,0.19
14036,0.47
14037,0.3048333333333333
14038,0.18
14039,0.22
14040,0.09
14041,0.27
14042,0.03666666666666667
14043,0.11
14044,0.55
14045,0.7
14046,0.48085624098124086
14047,0.03
14048,0.11
14049,0.010571428571428572
14050,0.15
14051,0.03
14052,0.08
14053,0.44
14054,0.99
14055,1.0
14056,0.19
14057,0.19
14058,0.21
14059,1.0
14060,0.22
14061,0.91
14062,0.02
14063,0.24
14064,0.19
14065,0.04
14066,0.13
14067,0.19
14068,0.0
14069,0.15
14070,0.63
14071,0.14
14072,0.48
14073,0.03
14074,1.0
14075,0.1
14076,0.05
14077,0.09
14078,0.17
14079,0.24
14080,0.08
14081,0.13
14082,0.01
14083,0.03
14084,0.25
14085,0.16139386838651543
14086,0.93
14087,0.17
14088,0.41
14089,0.42
14090,0.04
14091,0.05
14092,0.11
14093,1.0
14094,0.94
14095,0.47
14096,0.4325
14097,0.15923076923076923
14098,0.01
14099,0.66
14100,0.0
14101,0.07
14102,0.15
14103,0.41
14104,0.03
14105,0.29
14106,0.15
14107,0.05
14108,0.14
14109,0.05
14110,0.49
14111,0.01
14112,0.04
14113,0.1110702291082932
14114,0.31
14115,0.01
14116,0.19
14117,0.0
14118,0.12
14119,0.56
14120,0.12
14121,0.39
14122,0.039375
14123,0.06
14124,0.2
14125,0.2
14126,0.76
14127,0.03
14128,0.43
14129,0.17
14130,0.13
14131,0.05
14132,0.03
14133,0.97
14134,0.13
14135,0.29
14136,0.01
14137,0.02
14138,0.95
14139,0.9666666666666666
14140,0.99
14141,0.02
14142,0.22
14143,1.0
14144,0.26
14145,0.28
14146,1.0
14147,0.1
14148,0.02
14149,0.21
14150,1.0
14151,1.0
14152,0.34
14153,0.83
14154,0.05
14155,0.14
14156,0.32
14157,0.03
14158,0.98
14159,0.05
14160,1.0
14161,0.18
14162,0.19333333333333336
14163,0.01
14164,0.27
14165,0.1
14166,0.22
14167,1.0
14168,0.01
14169,0.1
14170,0.11333333333333333
14171,1.0
14172,0.26
14173,0.8275
14174,0.2
14175,0.1
14176,0.23142857142857143
14177,0.01
14178,0.8253676470588235
14179,0.3
14180,0.04
14181,0.05
14182,0.26
14183,0.2275
14184,0.16
14185,0.36
14186,0.15
14187,0.24
14188,0.99
14189,0.09
14190,0.08
14191,1.0
14192,0.32
14193,0.21
14194,0.16
14195,0.715
14196,0.32
14197,0.15
14198,0.04
14199,0.1946651583710407
14200,0.11
14201,0.07
14202,0.0
14203,0.23
14204,1.0
14205,0.5941679203669322
14206,0.27
14207,0.26
14208,0.13
14209,0.33
14210,0.1
14211,0.04
14212,0.28
14213,1.0
14214,1.0
14215,0.24
14216,0.04
14217,0.03
14218,0.03
14219,0.36
14220,1.0
14221,1.0
14222,0.58
14223,0.35
14224,0.18
14225,0.42
14226,0.14333333333333334
14227,0.02571428571428571
14228,0.37
14229,0.07
14230,0.02
14231,0.04
14232,0.013999999999999999
14233,0.12
14234,0.19
14235,0.52
14236,0.04
14237,0.13
14238,0.21
14239,1.0
14240,0.7
14241,0.88
14242,0.31
14243,0.74
14244,0.14
14245,0.03
14246,1.0
14247,0.2931231377318334
14248,0.0275
14249,0.35
14250,0.11
14251,0.03
14252,0.23
14253,0.525
14254,0.01
14255,0.085
14256,0.12
14257,0.16
14258,0.42
14259,0.01
14260,0.3868333333333333
14261,0.02
14262,0.99
14263,0.16
14264,1.0
14265,0.51
14266,0.14
14267,0.06
14268,0.08
14269,0.03
14270,0.0
14271,0.41
14272,0.19
14273,0.023
14274,0.15
14275,0.76
14276,0.4525
14277,0.67
14278,0.16
14279,0.04
14280,0.06
14281,0.01
14282,0.2
14283,1.0
14284,0.43
14285,0.3975
14286,0.09
14287,0.39
14288,0.215
14289,0.2
14290,0.12
14291,0.11
14292,0.075
14293,0.11
14294,0.03
14295,0.11
14296,0.17
14297,0.25
14298,0.40358333333333335
14299,1.0
14300,0.03
14301,0.16
14302,0.15
14303,0.11
14304,0.22
14305,0.04
14306,0.11
14307,0.99
14308,0.36
14309,0.08
14310,0.07333333333333333
14311,0.02
14312,0.0
14313,0.01
14314,1.0
14315,0.28
14316,0.15
14317,0.98
14318,0.17107783882783878
14319,0.49413013244806714
14320,0.03
14321,1.0
14322,0.29
14323,1.0
14324,0.31
14325,0.0
14326,0.23
14327,0.7783095238095238
14328,0.0
14329,0.31
14330,0.02
14331,0.03
14332,0.57
14333,0.08
14334,0.03
14335,0.09
14336,0.14
14337,0.29
14338,1.0
14339,0.0
14340,0.27
14341,0.88
14342,0.820952380952381
14343,0.39
14344,0.04
14345,0.03
14346,0.08
14347,1.0
14348,0.095
14349,0.18
14350,0.0
14351,0.76
14352,0.47394444444444445
14353,0.05
14354,0.62
14355,0.59
14356,0.2
14357,0.1577511961722488
14358,0.95
14359,0.71
14360,0.05
14361,0.42
14362,0.03
14363,0.48
14364,0.12
14365,0.37
14366,0.037894736842105266
14367,0.05
14368,0.05833333333333333
14369,0.07
14370,0.06
14371,0.42
14372,0.0
14373,0.97
14374,0.28
14375,0.01
14376,0.49
14377,0.13
14378,1.0
14379,0.99
14380,0.02
14381,0.04
14382,0.3529835164835165
14383,0.06
14384,0.0
14385,0.08
14386,0.3
14387,0.0
14388,0.21
14389,0.0
14390,0.05
14391,1.0
14392,0.05
14393,0.25
14394,0.7073171936758892
14395,0.09
14396,0.26
14397,0.32
14398,0.07
14399,0.4
14400,0.65
14401,0.13
14402,0.5202256823860129
14403,0.01
14404,0.0
14405,0.02
14406,0.99
14407,1.0
14408,0.23
14409,0.05
14410,0.03
14411,0.39
14412,0.19
14413,0.33
14414,0.04
14415,0.25
14416,0.03
14417,0.36
14418,0.05
14419,0.12
14420,0.24
14421,0.05
14422,0.63
14423,0.16
14424,0.33
14425,0.041578947368421056
14426,0.255
14427,0.4
14428,0.05
14429,0.06916666666666665
14430,0.2
14431,0.04
14432,0.09
14433,0.08
14434,0.04058333333333333
14435,0.97
14436,0.03
14437,0.01
14438,0.14
14439,0.96
14440,0.18
14441,0.184
14442,1.0
14443,0.1
14444,0.31
14445,0.67
14446,0.46
14447,0.37
14448,0.04
14449,0.02
14450,0.28
14451,0.47
14452,0.13
14453,0.12
14454,0.003333333333333333
14455,0.2
14456,0.03
14457,0.46
14458,0.23
14459,0.27
14460,1.0
14461,0.07
14462,0.4
14463,0.27
14464,0.10014285714285714
14465,0.8353333333333333
14466,0.05
14467,0.25
14468,0.19
14469,0.205
14470,0.13
14471,0.0
14472,0.62
14473,0.09
14474,0.5944444444444444
14475,0.06
14476,0.84
14477,0.16
14478,0.39
14479,0.4
14480,0.0
14481,0.07
14482,0.272
14483,0.34
14484,1.0
14485,0.33
14486,0.16
14487,0.05
14488,1.0
14489,0.12
14490,0.3
14491,0.03
14492,0.562
14493,0.1
14494,0.99
14495,0.9000000000000001
14496,0.11
14497,0.41
14498,0.8
14499,0.18
14500,0.01
14501,0.0
14502,0.13
14503,0.12
14504,0.28
14505,0.2
14506,0.06
14507,0.07
14508,0.68
14509,0.45
14510,0.0
14511,0.83
14512,0.03
14513,0.33
14514,0.19
14515,1.0
14516,0.56
14517,1.0
14518,0.07
14519,0.06
14520,1.0
14521,1.0
14522,0.21
14523,0.28
14524,0.05
14525,0.02
14526,0.05
14527,0.59125
14528,0.99
14529,0.03
14530,0.02
14531,0.05
14532,0.11
14533,0.09066666666666666
14534,0.10166666666666666
14535,1.0
14536,1.0
14537,0.09
14538,0.0
14539,0.48
14540,0.16
14541,0.9440575767801458
14542,0.64
14543,0.8158215826571091
14544,0.51
14545,0.97
14546,0.13
14547,0.24
14548,0.0
14549,0.84
14550,0.38
14551,0.05
14552,0.02
14553,0.13
14554,0.07
14555,0.02
14556,0.0
14557,0.24
14558,0.09
14559,0.17
14560,0.1993685943829132
14561,0.23
14562,0.05
14563,0.02
14564,0.31
14565,0.1
14566,0.03
14567,0.03
14568,0.01
14569,0.15
14570,0.3
14571,0.51
14572,0.14
14573,0.13
14574,0.01
14575,0.91
14576,0.11
14577,0.74
14578,0.9396428571428572
14579,0.08875
14580,0.03
14581,1.0
14582,0.9333333333333335
14583,0.2658333333333333
14584,0.15
14585,0.35
14586,0.98
14587,0.55
14588,0.34
14589,0.06
14590,0.37
14591,0.021739130434782608
14592,0.03
14593,0.94
14594,1.0
14595,0.04
14596,0.07666666666666667
14597,1.0
14598,0.434
14599,0.02
14600,0.15
14601,0.14
14602,1.0
14603,0.03
14604,0.415
14605,0.96
14606,0.0
14607,0.05
14608,1.0
14609,0.09
14610,0.37
14611,0.01
14612,0.12
14613,0.02
14614,0.11
14615,0.7783095238095238
14616,0.015
14617,0.19333333333333336
14618,0.1
14619,0.52
14620,0.18
14621,0.35
14622,0.18
14623,0.99
14624,0.09
14625,0.2
14626,0.41
14627,0.27
14628,0.29
14629,0.39
14630,0.016
14631,0.01
14632,1.0
14633,0.1
14634,0.12
14635,0.02
14636,0.08
14637,0.14076923076923076
14638,0.06
14639,0.45
14640,0.068
14641,0.99375
14642,0.030625
14643,1.0
14644,1.0
14645,0.1691111111111111
14646,1.0
14647,0.03
14648,0.24
14649,1.0
14650,0.24
14651,0.14
14652,0.29
14653,0.1
14654,0.07
14655,0.97
14656,1.0
14657,0.44
14658,1.0
14659,0.23
14660,0.48
14661,0.29
14662,0.19
14663,0.28
14664,0.46
14665,0.05441666666666666
14666,1.0
14667,0.51
14668,0.04
14669,0.24
14670,0.95
14671,0.09
14672,0.03
14673,0.04
14674,0.28
14675,0.03
14676,1.0
14677,0.24
14678,0.17
14679,0.13
14680,0.77
14681,0.17
14682,0.67
14683,0.26
14684,0.99
14685,0.14
14686,0.05
14687,0.02
14688,0.23
14689,0.05307692307692308
14690,0.43
14691,0.22
14692,0.97
14693,0.43
14694,0.16
14695,0.7014285714285714
14696,0.29
14697,0.5
14698,0.53
14699,0.01
14700,0.29
14701,0.99
14702,0.05
14703,0.14
14704,1.0
14705,0.26
14706,1.0
14707,0.15
14708,0.36
14709,0.24486904761904765
14710,0.28
14711,0.13
14712,0.98
14713,0.57
14714,0.32
14715,0.23555555555555557
14716,1.0
14717,0.01
14718,0.07
14719,0.08
14720,1.0
14721,0.1
14722,0.03
14723,0.8915384615384616
14724,0.56
14725,0.39
14726,0.13
14727,0.03
14728,0.01
14729,1.0
14730,0.22
14731,0.36
14732,1.0
14733,0.39
14734,0.8991861471861471
14735,0.52
14736,0.36
14737,0.1
14738,0.35
14739,0.28
14740,0.12
14741,1.0
14742,0.64
14743,0.4293855976754583
14744,0.23
14745,0.08
14746,0.03
14747,0.23
14748,1.0
14749,0.99
14750,0.034
14751,0.08
14752,0.94
14753,0.95
14754,0.07
14755,0.38
14756,0.09
14757,0.18
14758,0.03
14759,0.13
14760,0.24
14761,0.02
14762,0.12
14763,1.0
14764,0.23
14765,0.56
14766,0.03
14767,0.07
14768,0.37
14769,0.255
14770,0.1
14771,0.5
14772,0.57
14773,0.03
14774,0.21
14775,0.04
14776,0.96
14777,0.02
14778,0.1
14779,0.6
14780,1.0
14781,0.28
14782,0.06
14783,0.23
14784,0.16
14785,0.97
14786,0.41
14787,0.05
14788,0.41
14789,0.17
14790,0.65
14791,0.07
14792,0.8642105263157894
14793,0.06
14794,0.09
14795,1.0
14796,0.43
14797,0.24
14798,0.03
14799,0.93
14800,0.04
14801,1.0
14802,0.06
14803,0.03
14804,0.02
14805,0.07
14806,0.99
14807,0.31
14808,0.02
14809,0.16925438596491227
14810,0.03
14811,0.15
14812,0.31
14813,0.03
14814,1.0
14815,0.25
14816,0.25
14817,0.05
14818,0.08
14819,0.03
14820,0.15
14821,0.9113333333333332
14822,0.04
14823,0.15166666666666667
14824,0.065
14825,0.018666666666666665
14826,1.0
14827,0.785
14828,0.13
14829,0.32
14830,0.01
14831,0.43
14832,0.83
14833,0.02
14834,0.99
14835,0.15
14836,0.33
14837,0.22
14838,0.06
14839,0.13
14840,0.97
14841,0.18
14842,0.9059739149739149
14843,0.14
14844,0.01
14845,0.185
14846,0.02
14847,0.42
14848,0.21
14849,0.99
14850,0.97
14851,0.07
14852,0.08
14853,0.53
14854,0.44287209295953744
14855,0.02
14856,0.03
14857,1.0
14858,0.1
14859,1.0
14860,0.27
14861,0.09142857142857143
14862,0.22
14863,0.06
14864,0.48
14865,1.0
14866,0.09
14867,0.9396428571428572
14868,0.13
14869,0.42
14870,0.07
14871,0.07
14872,0.33
14873,0.72
14874,0.08
14875,0.12
14876,0.23
14877,0.38
14878,0.09
14879,1.0
14880,0.26
14881,1.0
14882,0.38
14883,0.99
14884,0.03
14885,0.04
14886,0.04
14887,0.14
14888,0.23
14889,0.21
14890,0.03
14891,0.0
14892,0.07
14893,0.97
14894,0.61
14895,0.93
14896,0.01
14897,1.0
14898,0.17
14899,0.09
14900,0.12
14901,0.08
14902,0.03333333333333333
14903,0.11
14904,0.53
14905,0.16
14906,0.05
14907,0.9288888888888889
14908,0.02
14909,0.61
14910,0.99
14911,0.17
14912,0.19119540696983717
14913,0.1
14914,0.25
14915,0.04
14916,0.09
14917,0.02
14918,0.21444444444444444
14919,0.18
14920,0.26
14921,0.99
14922,0.06
14923,0.04
14924,0.08
14925,0.02
14926,0.07
14927,0.12
14928,0.54
14929,0.99
14930,0.99
14931,0.05
14932,0.02
14933,0.23
14934,0.31
14935,0.93
14936,0.29
14937,0.96
14938,0.99
14939,0.26
14940,0.35
14941,0.53
14942,0.263
14943,0.34
14944,0.01
14945,0.11
14946,0.175
14947,0.04
14948,0.63
14949,0.02
14950,0.26
14951,0.51
14952,0.23
14953,0.04
14954,0.17
14955,1.0
14956,0.9316410256410257
14957,0.07
14958,0.13
14959,0.16
14960,1.0
14961,0.19
14962,0.8898176398764632
14963,0.07
14964,0.0
14965,0.01
14966,0.48
14967,0.11
14968,0.08
14969,0.08
14970,0.3
14971,0.55
14972,0.013333333333333332
14973,0.01
14974,0.12
14975,0.16
14976,0.0
14977,0.14
14978,0.59
14979,0.03
14980,0.07
14981,0.06
14982,0.14
14983,0.5978571428571428
14984,0.23
14985,0.36
14986,0.49
14987,0.22
14988,0.21
14989,0.08
14990,0.12
14991,0.1
14992,0.03
14993,0.01
14994,0.03571428571428571
14995,0.01
14996,0.07
14997,0.23
14998,0.16
14999,0.41
15000,0.28
15001,0.0
15002,0.16
15003,0.64
15004,0.9666666666666666
15005,0.35
15006,0.24
15007,0.11
15008,0.0
15009,0.07
15010,0.21
15011,0.59
15012,0.13
15013,0.12
15014,0.15
15015,1.0
15016,0.95
15017,0.06
15018,0.2
15019,0.08
15020,0.05
15021,0.12
15022,0.27
15023,0.65
15024,0.05
15025,0.2
15026,0.43
15027,1.0
15028,0.27
15029,0.9097222222222223
15030,0.07
15031,0.13
15032,0.08
15033,0.03666666666666667
15034,0.09
15035,0.13
15036,0.10583333333333333
15037,0.05
15038,0.09
15039,0.04
15040,0.08
15041,0.22919047619047622
15042,0.01
15043,0.34
15044,0.1
15045,0.34
15046,0.4
15047,0.08
15048,0.02
15049,0.19
15050,0.23
15051,0.39
15052,1.0
15053,0.5
15054,0.27
15055,0.09
15056,0.49
15057,0.005
15058,0.41
15059,0.37
15060,0.99
15061,0.1
15062,0.99
15063,0.59
15064,0.32
15065,0.99
15066,0.18
15067,0.04
15068,0.31
15069,0.09
15070,1.0
15071,0.74
15072,0.99375
15073,0.05
15074,0.72
15075,0.57
15076,0.0103559510567297
15077,0.01
15078,0.214
15079,0.09
15080,0.85
15081,0.24
15082,0.18
15083,0.4
15084,0.01
15085,0.03
15086,0.13
15087,0.9388888888888889
15088,0.10400000000000001
15089,0.07
15090,0.9
15091,0.14
15092,0.08
15093,0.01
15094,0.35
15095,0.46
15096,0.215
15097,0.1
15098,0.01
15099,0.08
15100,0.51
15101,0.3
15102,0.46
15103,0.6
15104,0.05
15105,0.37
15106,0.14
15107,0.07333333333333333
15108,0.27
15109,0.19
15110,0.09
15111,0.81
15112,0.18
15113,1.0
15114,0.3868333333333333
15115,0.15
15116,0.03
15117,0.24
15118,0.05
15119,0.07
15120,0.1
15121,0.8527272727272727
15122,0.16
15123,0.31
15124,0.12
15125,0.16
15126,0.0
15127,0.13
15128,0.2918947368421053
15129,0.09
15130,0.26
15131,0.22
15132,0.2
15133,0.03
15134,0.61
15135,0.05
15136,0.03
15137,1.0
15138,0.01
15139,0.16
15140,0.19
15141,0.12
15142,0.99
15143,0.08
15144,0.09
15145,0.37
15146,0.0
15147,0.09
15148,0.02
15149,0.36
15150,0.99
15151,0.23
15152,0.11
15153,0.11
15154,0.23
15155,0.05
15156,0.2325
15157,0.34883333333333333
15158,0.09
15159,0.055
15160,0.35
15161,0.04
15162,0.96
15163,0.71
15164,1.0
15165,0.01
15166,0.26
15167,0.04
15168,0.28
15169,0.05
15170,0.035
15171,0.0975
15172,0.17
15173,0.04
15174,0.04
15175,0.9440000000000001
15176,0.06416666666666666
15177,0.12
15178,0.99
15179,0.3
15180,0.12
15181,0.0
15182,0.12
15183,0.35
15184,0.9333333333333335
15185,0.03
15186,0.03
15187,0.07809523809523809
15188,1.0
15189,0.34
15190,0.36
15191,1.0
15192,0.17
15193,0.10852380952380955
15194,0.047692307692307694
15195,0.13
15196,0.07
15197,0.01
15198,0.04
15199,0.15
15200,0.02
15201,0.12
15202,1.0
15203,0.08
15204,0.2
15205,0.0
15206,0.09
15207,0.06
15208,0.21
15209,0.35
15210,0.7442122838401908
15211,0.03
15212,0.47
15213,0.37
15214,0.78
15215,0.43
15216,0.21
15217,0.09
15218,0.1425
15219,0.15
15220,0.37
15221,0.68
15222,1.0
15223,0.34
15224,0.61
15225,0.15
15226,0.25999999999999995
15227,0.35
15228,0.26
15229,0.99
15230,0.01
15231,0.33
15232,0.99
15233,0.01
15234,1.0
15235,0.19
15236,0.13
15237,0.02
15238,0.22
15239,0.1
15240,0.63
15241,1.0
15242,0.41
15243,0.24
15244,0.69
15245,0.66
15246,0.13
15247,0.49
15248,0.46
15249,0.44
15250,0.14
15251,0.99
15252,0.93
15253,0.86
15254,0.46
15255,1.0
15256,1.0
15257,0.06
15258,0.02
15259,0.9059739149739149
15260,0.3
15261,0.99
15262,0.11333333333333334
15263,0.12
15264,0.675
15265,0.02
15266,0.1
15267,0.1
15268,0.14
15269,0.275
15270,0.04
15271,0.74
15272,0.05
15273,0.28
15274,0.08
15275,0.05
15276,1.0
15277,0.76
15278,0.14
15279,0.15
15280,0.06
15281,0.235
15282,0.96
15283,0.01
15284,0.99
15285,0.625
15286,0.92
15287,0.15
15288,0.01
15289,0.02
15290,0.16
15291,0.4
15292,0.38
15293,0.9992857142857143
15294,0.2
15295,0.365
15296,0.16
15297,0.06
15298,0.44
15299,0.23
15300,1.0
15301,0.72
15302,0.15
15303,0.01
15304,0.2
15305,0.45
15306,0.06
15307,0.09
15308,0.98
15309,0.05
15310,0.09
15311,0.12
15312,0.31
15313,0.23
15314,0.23
15315,0.3434642857142858
15316,0.01
15317,0.09
15318,0.19
15319,0.02
15320,0.06
15321,0.16
15322,0.03666666666666667
15323,0.05
15324,0.3
15325,0.25
15326,0.06
15327,0.01
15328,0.23
15329,1.0
15330,0.31
15331,0.05
15332,0.02
15333,0.19
15334,0.9
15335,0.08
15336,0.45
15337,0.21
15338,0.35
15339,0.38
15340,0.03
15341,0.2
15342,0.07
15343,0.7
15344,0.37
15345,0.075
15346,0.1
15347,0.0
15348,0.41
15349,0.0
15350,0.91
15351,0.08
15352,0.35
15353,0.16
15354,0.07
15355,0.13
15356,0.17
15357,0.28
15358,0.17
15359,0.01
15360,0.67
15361,0.18
15362,0.41
15363,0.31
15364,0.23
15365,0.09
15366,0.15
15367,0.0
15368,0.05277472527472527
15369,0.02
15370,0.12
15371,0.2
15372,0.13
15373,0.48
15374,0.26
15375,0.516008878065318
15376,0.32
15377,0.05
15378,0.2
15379,0.79
15380,0.17
15381,0.21555395575468933
15382,0.7
15383,0.09
15384,0.06
15385,0.27
15386,0.59
15387,0.15
15388,0.19
15389,0.02
15390,0.14
15391,0.4
15392,0.46
15393,0.04
15394,0.34
15395,0.05
15396,0.2
15397,0.13333333333333333
15398,0.06
15399,0.723393665158371
15400,0.32
15401,0.26
15402,0.08
15403,0.02
15404,0.27166666666666667
15405,0.16
15406,0.5
15407,0.07
15408,0.08
15409,0.3
15410,0.03
15411,1.0
15412,0.03
15413,0.28091559642725017
15414,0.29
15415,0.05333333333333333
15416,0.32
15417,0.34
15418,0.24
15419,0.38
15420,0.02
15421,0.46
15422,0.28
15423,0.7885416666666667
15424,1.0
15425,0.66
15426,0.39
15427,0.15
15428,0.67
15429,1.0
15430,0.8335873015873015
15431,0.03
15432,0.125
15433,0.22
15434,0.29
15435,0.601466686091686
15436,0.38
15437,0.34
15438,0.09887903396174721
15439,0.21
15440,0.05
15441,0.47
15442,0.03
15443,0.12
15444,0.11540630422209369
15445,0.01
15446,0.31
15447,0.37
15448,0.25
15449,0.07
15450,0.34
15451,0.04
15452,0.43
15453,0.22
15454,0.27
15455,0.175
15456,0.34
15457,0.13
15458,0.04
15459,0.01
15460,0.18
15461,0.14076923076923076
15462,0.02
15463,0.01
15464,0.47
15465,0.84
15466,0.16
15467,0.02
15468,0.16
15469,0.562
15470,0.99
15471,0.08333333333333334
15472,0.53
15473,0.21
15474,0.2633333333333333
15475,0.39
15476,0.0
15477,0.27
15478,0.02
15479,0.39
15480,0.37
15481,0.8648696264975335
15482,0.07
15483,0.794611111111111
15484,0.03
15485,0.86
15486,0.39
15487,0.07666666666666666
15488,0.6833333333333335
15489,0.02
15490,1.0
15491,0.21
15492,0.07
15493,0.653359649122807
15494,0.18666666666666668
15495,0.21
15496,0.91
15497,0.29
15498,0.03
15499,0.81
15500,0.01
15501,0.0
15502,0.6
15503,0.09
15504,0.705531479390175
15505,0.67
15506,0.1
15507,0.88
15508,0.04
15509,0.13
15510,0.03
15511,0.23
15512,0.34
15513,0.01
15514,0.97
15515,0.04
15516,0.45
15517,0.12
15518,1.0
15519,0.34
15520,0.08
15521,0.17
15522,0.0
15523,0.07
15524,0.94
15525,1.0
15526,0.07
15527,0.175
15528,0.39
15529,0.01
15530,0.03
15531,0.08
15532,0.11
15533,0.43
15534,0.01
15535,0.2
15536,0.63
15537,0.22
15538,0.23
15539,0.335
15540,0.02
15541,0.07
15542,0.09
15543,0.06
15544,0.09916666666666667
15545,0.01
15546,0.23
15547,0.35700000000000004
15548,0.05307692307692308
15549,0.15
15550,0.11
15551,0.09
15552,0.16
15553,0.05
15554,0.27
15555,0.13
15556,1.0
15557,0.08
15558,0.4684848484848485
15559,0.05
15560,0.25
15561,1.0
15562,0.99
15563,0.01
15564,0.06
15565,0.27
15566,0.08
15567,0.075
15568,0.29
15569,1.0
15570,0.12
15571,0.3
15572,0.01
15573,0.08
15574,0.8242250000000001
15575,0.14
15576,0.14
15577,0.15
15578,1.0
15579,0.09
15580,1.0
15581,0.22
15582,0.27
15583,0.77
15584,1.0
15585,0.02
15586,0.03
15587,0.0
15588,0.04
15589,0.19
15590,0.01
15591,0.1637222222222222
15592,0.45
15593,0.31
15594,0.78
15595,0.1
15596,0.39
15597,0.14
15598,0.21
15599,0.02
15600,0.01
15601,0.1
15602,1.0
15603,0.0
15604,0.08
15605,0.19
15606,0.01
15607,0.71
15608,0.11
15609,0.52
15610,0.0
15611,0.03
15612,0.37
15613,1.0
15614,0.63
15615,0.06
15616,0.92
15617,0.34
15618,0.08
15619,0.9390000000000001
15620,0.26
15621,0.25
15622,0.2683333333333333
15623,0.52
15624,0.11
15625,0.05
15626,0.06
15627,0.1
15628,1.0
15629,1.0
15630,0.11
15631,0.022727272727272724
15632,0.02
15633,0.15
15634,0.01
15635,0.4
15636,0.05
15637,0.04
15638,0.1
15639,0.26
15640,0.54
15641,0.02
15642,1.0
15643,0.3323139645012711
15644,0.82
15645,0.1
15646,0.09
15647,0.01
15648,0.02
15649,0.05
15650,0.06
15651,0.06
15652,0.03
15653,0.275
15654,0.17
15655,0.01
15656,0.19
15657,1.0
15658,0.61
15659,0.19
15660,0.35
15661,0.35
15662,0.28
15663,0.36
15664,1.0
15665,0.0
15666,0.05
15667,0.99
15668,0.1
15669,0.09
15670,0.07
15671,0.0
15672,0.27
15673,0.12
15674,0.48
15675,0.15
15676,0.02
15677,0.15
15678,0.39
15679,0.19
15680,0.19
15681,1.0
15682,0.14
15683,0.43
15684,0.41
15685,0.01
15686,0.02
15687,0.13
15688,1.0
15689,0.25
15690,0.05
15691,0.31
15692,0.04
15693,0.6909090909090908
15694,0.0
15695,0.15
15696,0.55
15697,0.45
15698,0.98
15699,0.1
15700,1.0
15701,0.8242250000000001
15702,0.11
15703,0.07
15704,0.08
15705,0.24
15706,0.8466750208855472
15707,0.38
15708,0.8397087727087726
15709,0.12
15710,0.18
15711,0.13
15712,0.22
15713,0.6628571428571428
15714,0.22
15715,0.08
15716,0.36
15717,0.05
15718,0.14
15719,0.99
15720,0.28
15721,0.27
15722,0.99
15723,0.3
15724,1.0
15725,0.14
15726,0.48
15727,0.24
15728,0.03
15729,0.11
15730,0.28
15731,0.19
15732,0.26
15733,0.33
15734,0.01
15735,0.83825
15736,0.03
15737,0.98
15738,0.33
15739,0.03
15740,0.03
15741,1.0
15742,0.11
15743,1.0
15744,0.10333333333333333
15745,1.0
15746,0.99
15747,0.02
15748,0.0
15749,0.15
15750,0.1
15751,0.1
15752,0.02
15753,0.34
15754,0.2
15755,1.0
15756,0.44
15757,0.18
15758,0.16
15759,0.2475
15760,0.01
15761,0.89
15762,0.21
15763,0.35
15764,0.18
15765,0.02333333333333333
15766,0.31
15767,1.0
15768,0.07
15769,0.06
15770,0.11
15771,0.09
15772,0.865
15773,0.03
15774,1.0
15775,0.12
15776,0.08
15777,0.53
15778,0.18
15779,0.32
15780,0.11
15781,0.02
15782,0.62
15783,0.21
15784,0.05
15785,0.23234581105169344
15786,0.45
15787,0.47
15788,0.055
15789,0.91
15790,0.32416666666666666
15791,0.08
15792,0.33
15793,0.51
15794,0.07
15795,0.98
15796,0.17
15797,0.97
15798,0.76
15799,0.11363636363636363
15800,0.24
15801,0.21
15802,0.15
15803,0.33
15804,0.02
15805,0.135
15806,0.07
15807,0.1
15808,0.99
15809,0.37
15810,0.17
15811,0.7339102564102565
15812,0.33
15813,0.17
15814,0.29
15815,0.17
15816,0.0525
15817,0.98
15818,0.01
15819,0.04
15820,0.3
15821,0.44
15822,0.01
15823,0.02
15824,0.46
15825,0.98
15826,0.26
15827,1.0
15828,0.3
15829,0.03
15830,0.01
15831,0.02
15832,0.01
15833,0.19119540696983717
15834,0.16
15835,0.31361596349387033
15836,0.08
15837,0.18
15838,0.14
15839,1.0
15840,0.12
15841,0.99
15842,0.09
15843,0.0
15844,0.68
15845,0.37
15846,0.2867142857142857
15847,0.01
15848,0.08
15849,0.2
15850,0.96
15851,0.77
15852,0.04
15853,0.07
15854,0.18
15855,0.03
15856,0.23
15857,0.05
15858,0.04
15859,0.25
15860,0.05
15861,0.04
15862,0.5
15863,0.96
15864,0.04
15865,0.02
15866,1.0
15867,0.13
15868,0.28
15869,0.22
15870,0.01
15871,0.795
15872,0.15
15873,0.19666666666666666
15874,0.031
15875,0.09333333333333334
15876,0.13
15877,0.21
15878,0.15
15879,0.23
15880,0.05
15881,0.1
15882,0.19
15883,0.06
15884,0.06
15885,0.24366666666666667
15886,0.02
15887,0.04
15888,0.28
15889,0.07
15890,0.01
15891,0.14
15892,0.48
15893,0.05
15894,0.99
15895,0.19
15896,0.21
15897,1.0
15898,0.19
15899,1.0
15900,0.38
15901,0.07
15902,0.92
15903,0.638468628583881
15904,0.0
15905,0.01
15906,0.97
15907,0.01
15908,0.165
15909,0.25522871273503556
15910,0.13
15911,0.99
15912,0.69
15913,0.34
15914,1.0
15915,0.19119540696983717
15916,0.02
15917,0.11887878787878789
15918,0.08
15919,0.21
15920,0.055
15921,0.9059739149739149
15922,0.15
15923,0.33
15924,0.02
15925,0.36
15926,0.14
15927,0.43
15928,0.17
15929,0.32266666666666666
15930,0.36
15931,0.18
15932,0.3
15933,0.23
15934,0.05
15935,0.13
15936,0.17
15937,0.5
15938,0.2
15939,0.16
15940,0.01
15941,0.012
15942,0.03
15943,0.08
15944,1.0
15945,0.03
15946,1.0
15947,1.0
15948,0.13
15949,0.1
15950,0.24
15951,0.06
15952,0.03
15953,0.35
15954,1.0
15955,0.37
15956,0.02
15957,0.79
15958,0.005
15959,0.14076923076923076
15960,0.28
15961,0.14
15962,0.15
15963,0.0
15964,0.19
15965,0.14
15966,0.16
15967,0.0
15968,0.32
15969,0.74
15970,1.0
15971,0.02
15972,1.0
15973,0.07
15974,0.21
15975,0.22666666666666668
15976,0.0
15977,1.0
15978,0.4
15979,0.72
15980,0.29
15981,0.07
15982,0.44
15983,0.54
15984,1.0
15985,0.49
15986,0.0
15987,0.33
15988,0.6
15989,0.25
15990,0.13
15991,0.5
15992,0.8466666666666666
15993,0.175
15994,0.06
15995,0.15
15996,0.1110702291082932
15997,0.9588888888888889
15998,0.99
15999,0.14
16000,0.14
16001,0.3060614035087719
16002,0.13
16003,0.22
16004,0.1
16005,0.15
16006,0.02
16007,1.0
16008,0.07
16009,0.0
16010,0.02
16011,0.23
16012,0.06
16013,0.29
16014,1.0
16015,0.06
16016,0.3
16017,0.06
16018,0.07
16019,0.034375
16020,0.86
16021,0.46
16022,0.05
16023,0.02
16024,0.66
16025,0.15
16026,0.06
16027,1.0
16028,0.9588888888888889
16029,0.08
16030,0.25
16031,0.07
16032,0.75
16033,0.04
16034,0.71
16035,1.0
16036,0.08
16037,1.0
16038,0.02
16039,0.14
16040,0.19
16041,0.49
16042,0.2
16043,0.1
16044,0.17107783882783878
16045,0.21
16046,0.97
16047,0.01
16048,0.38
16049,0.49
16050,0.99
16051,0.59
16052,0.68
16053,1.0
16054,0.08
16055,0.35
16056,0.23
16057,0.01
16058,0.43
16059,0.44
16060,0.3
16061,0.07
16062,0.42
16063,0.06
16064,0.03
16065,0.24
16066,0.09427128427128427
16067,0.04
16068,0.14
16069,0.14
16070,0.0
16071,0.03
16072,1.0
16073,0.98
16074,1.0
16075,0.84
16076,0.22
16077,0.02
16078,0.65
16079,0.41
16080,1.0
16081,0.05352995391705069
16082,0.51
16083,0.04
16084,0.94
16085,0.1
16086,0.16
16087,0.05
16088,0.32
16089,0.32
16090,0.31
16091,0.02
16092,0.26
16093,0.92
16094,0.99
16095,0.24
16096,0.44
16097,0.01
16098,1.0
16099,0.19
16100,0.44
16101,0.065
16102,0.09333333333333334
16103,0.14
16104,0.02
16105,0.38
16106,0.18
16107,0.45
16108,0.12
16109,0.42
16110,0.9006666666666666
16111,0.31
16112,0.04
16113,0.215
16114,1.0
16115,0.06
16116,0.51
16117,0.11
16118,0.03
16119,0.01
16120,0.07385057471264368
16121,0.08
16122,0.02
16123,0.04
16124,0.46
16125,0.29
16126,0.02
16127,0.32
16128,0.22
16129,0.0
16130,0.28
16131,0.04
16132,0.19
16133,0.25
16134,0.04
16135,0.07
16136,0.43
16137,0.06
16138,0.03
16139,0.05
16140,0.71
16141,0.01
16142,0.05
16143,0.06
16144,0.03
16145,1.0
16146,0.05
16147,0.07
16148,0.8425
16149,0.0
16150,0.16
16151,0.43
16152,0.23971428571428569
16153,0.01
16154,0.05307692307692308
16155,0.1
16156,0.32679761904761906
16157,0.0
16158,0.44287209295953744
16159,0.805
16160,0.47
16161,0.38
16162,0.99
16163,0.01
16164,0.01
16165,0.043125
16166,0.99
16167,0.0013157894736842105
16168,0.07200000000000001
16169,0.25
16170,0.24
16171,0.07
16172,0.83
16173,0.2
16174,0.1
16175,0.16
16176,0.05
16177,0.0
16178,0.08
16179,0.19
16180,0.13
16181,0.02
16182,0.18
16183,0.55
16184,0.08
16185,0.25
16186,0.04
16187,0.16
16188,0.09
16189,0.06
16190,0.27
16191,0.08
16192,0.7735445030010248
16193,0.07
16194,0.01
16195,0.07
16196,0.04
16197,0.39
16198,0.98
16199,0.16
16200,0.54
16201,0.26
16202,0.04
16203,0.36
16204,0.88
16205,0.22
16206,0.05
16207,0.14
16208,0.182
16209,0.15
16210,0.32
16211,0.09
16212,0.08
16213,0.01
16214,0.11
16215,0.32
16216,0.02
16217,0.9911111111111112
16218,0.01
16219,0.08
16220,0.21
16221,0.02
16222,0.56
16223,0.03
16224,0.07
16225,0.04
16226,0.18
16227,0.18
16228,0.25
16229,0.09
16230,0.24
16231,0.95
16232,0.04
16233,0.41
16234,0.19399999999999998
16235,0.1771666666666667
16236,0.98
16237,0.97
16238,1.0
16239,0.98
16240,1.0
16241,0.08
16242,0.06
16243,0.175
16244,0.02
16245,0.03
16246,0.08
16247,0.02
16248,0.18
16249,0.18
16250,0.29
16251,0.04
16252,0.18
16253,0.0
16254,0.0
16255,0.02
16256,0.04
16257,0.33
16258,0.115
16259,0.1
16260,0.13
16261,0.25
16262,0.0
16263,0.21
16264,0.25
16265,0.07
16266,0.07
16267,0.13
16268,0.53
16269,0.07142857142857142
16270,0.16
16271,1.0
16272,0.13
16273,0.63071114996115
16274,0.01
16275,0.21
16276,0.4
16277,0.04
16278,0.05
16279,0.23
16280,0.39
16281,0.24
16282,0.05
16283,0.04
16284,0.16
16285,0.31
16286,0.17208973623249205
16287,0.62
16288,0.105
16289,0.02
16290,0.11
16291,0.23
16292,1.0
16293,0.05
16294,0.36
16295,0.01
16296,0.75
16297,0.25
16298,0.32
16299,0.98
16300,0.05
16301,0.78
16302,0.11
16303,0.44
16304,0.36368117451340626
16305,0.07
16306,0.91
16307,0.92
16308,0.1425
16309,0.01875
16310,0.01
16311,0.66
16312,0.17
16313,0.1
16314,1.0
16315,0.01
16316,0.0875
16317,0.8958333333333335
16318,0.47200000000000003
16319,0.03
16320,0.02
16321,1.0
16322,0.45
16323,1.0
16324,0.83
16325,0.04
16326,0.32
16327,0.03954545454545454
16328,0.99
16329,0.14
16330,0.4
16331,0.99
16332,0.08
16333,0.8390000000000001
16334,0.01
16335,0.32
16336,0.06
16337,0.9666666666666666
16338,0.1
16339,0.01
16340,0.6141666666666667
16341,0.97
16342,0.18396135265700483
16343,0.09333333333333332
16344,0.02
16345,0.28
16346,0.05
16347,0.17
16348,0.02
16349,0.04
16350,0.095
16351,0.02
16352,0.0
16353,0.75
16354,0.09
16355,0.2
16356,0.11760073260073262
16357,0.76
16358,0.29
16359,0.17
16360,0.15
16361,0.12
16362,0.08552380952380952
16363,0.12
16364,0.01
16365,0.12
16366,0.3
16367,0.01
16368,0.22
16369,1.0
16370,0.95
16371,0.43
16372,1.0
16373,0.41
16374,0.067
16375,0.04
16376,0.0
16377,0.44
16378,0.26
16379,1.0
16380,0.932
16381,0.33
16382,0.34
16383,0.11
16384,0.08
16385,0.07
16386,1.0
16387,0.89
16388,1.0
16389,0.36
16390,0.13
16391,0.98
16392,0.14
16393,0.06
16394,0.12
16395,0.43
16396,0.1
16397,0.03
16398,0.52
16399,0.13
16400,0.0
16401,0.08
16402,0.05
16403,0.3
16404,0.06
16405,0.4
16406,0.41
16407,0.29
16408,0.12
16409,0.43
16410,0.0
16411,0.14
16412,0.02
16413,0.02
16414,0.12
16415,0.18
16416,0.91
16417,0.25
16418,1.0
16419,0.75
16420,0.03
16421,0.18
16422,0.43
16423,0.08
16424,0.08
16425,0.03
16426,0.16
16427,0.11
16428,0.14
16429,0.12
16430,0.1
16431,0.04
16432,0.27
16433,0.23
16434,0.15
16435,0.04
16436,0.5202256823860129
16437,0.17
16438,0.2
16439,0.06
16440,0.13
16441,0.74
16442,0.27
16443,0.12
16444,0.03
16445,0.55
16446,0.39
16447,0.12
16448,0.05
16449,0.19
16450,0.1
16451,0.46
16452,1.0
16453,0.68
16454,0.02
16455,0.03
16456,0.47
16457,0.69
16458,0.98
16459,0.72
16460,0.05
16461,0.01
16462,0.05
16463,0.69
16464,0.01
16465,0.42
16466,0.25
16467,0.13
16468,0.4
16469,0.02
16470,0.11
16471,0.4
16472,0.026142857142857138
16473,0.0
16474,0.62
16475,0.205
16476,0.04
16477,0.04
16478,0.05
16479,0.09
16480,0.08
16481,0.0
16482,0.39
16483,0.11
16484,0.26
16485,0.08
16486,0.19
16487,0.24
16488,0.11
16489,1.0
16490,0.04
16491,0.15
16492,0.26
16493,1.0
16494,0.03
16495,0.2
16496,0.14
16497,0.46
16498,0.33
16499,0.99
16500,1.0
16501,0.0
16502,0.16
16503,0.03
16504,0.7
16505,0.13
16506,0.98
16507,0.16
16508,0.26
16509,0.94
16510,0.08
16511,0.07
16512,0.06
16513,0.6741666666666667
16514,0.244
16515,1.0
16516,0.06
16517,0.43
16518,0.11
16519,0.03
16520,0.19
16521,0.17
16522,0.08
16523,0.01
16524,0.91
16525,0.0
16526,0.06
16527,0.36
16528,0.01
16529,0.02
16530,0.08
16531,0.09
16532,0.18
16533,0.0
16534,0.145
16535,0.04
16536,0.1
16537,0.49
16538,0.01
16539,0.25
16540,0.07333333333333333
16541,0.04
16542,0.42
16543,1.0
16544,0.13
16545,0.43
16546,0.2
16547,0.0
16548,0.41
16549,0.09
16550,0.03
16551,0.14076923076923076
16552,0.04
16553,0.07150000000000001
16554,0.11416666666666668
16555,0.04333333333333334
16556,0.09285714285714285
16557,1.0
16558,0.04
16559,0.18
16560,0.03
16561,0.1
16562,0.7603809523809524
16563,0.37
16564,0.9333333333333335
16565,0.018666666666666665
16566,0.535
16567,0.76
16568,0.43
16569,0.07
16570,0.4333333333333333
16571,0.14
16572,0.8
16573,0.1
16574,0.27375
16575,0.07
16576,0.07
16577,0.64
16578,0.05
16579,0.33
16580,0.02
16581,0.14
16582,0.01
16583,0.03
16584,0.03
16585,0.15
16586,0.06
16587,1.0
16588,0.06
16589,1.0
16590,0.22
16591,0.9666666666666666
16592,0.07791666666666666
16593,0.04
16594,0.0
16595,0.05307692307692308
16596,0.04
16597,0.07
16598,0.99
16599,0.7843095238095238
16600,0.085
16601,0.14
16602,0.06
16603,0.37
16604,0.06
16605,0.45799999999999996
16606,0.16
16607,0.478
16608,0.39
16609,0.97
16610,0.03
16611,0.01
16612,0.28
16613,0.1
16614,0.03
16615,0.2622222222222222
16616,0.34
16617,0.06
16618,0.08
16619,0.02
16620,0.23
16621,1.0
16622,0.49
16623,0.05
16624,0.03
16625,1.0
16626,0.19
16627,0.05
16628,0.15
16629,0.02
16630,0.11
16631,0.01
16632,0.23
16633,0.05
16634,0.07
16635,0.8
16636,0.21
16637,0.36
16638,0.04125
16639,0.36
16640,0.64
16641,0.0
16642,0.43
16643,0.39
16644,0.3
16645,0.48
16646,0.39
16647,0.1
16648,0.28
16649,0.0
16650,0.15052631578947367
16651,0.12
16652,0.5
16653,0.11
16654,0.41
16655,0.18549999999999997
16656,0.03
16657,0.03
16658,0.43
16659,0.02
16660,0.6388888888888888
16661,0.23
16662,0.1
16663,0.14396135265700483
16664,0.23
16665,0.17208973623249205
16666,0.18
16667,0.04
16668,0.03
16669,0.07
16670,0.36
16671,0.48
16672,0.0278128078817734
16673,0.12
16674,0.03
16675,0.39
16676,0.2
16677,0.61
16678,0.0
16679,1.0
16680,1.0
16681,0.32
16682,1.0
16683,0.21
16684,0.11
16685,0.26
16686,0.29
16687,0.16
16688,0.204
16689,0.41
16690,0.01
16691,0.52
16692,0.01
16693,0.29
16694,0.01
16695,0.13
16696,0.02
16697,0.93
16698,0.23
16699,0.0976923076923077
16700,0.34
16701,0.08
16702,0.14
16703,0.09642857142857145
16704,1.0
16705,0.43
16706,0.2975
16707,0.06
16708,0.21
16709,0.02
16710,0.99
16711,0.43
16712,0.06833333333333334
16713,0.39
16714,0.1
16715,0.03
16716,0.97
16717,0.37
16718,0.6476923076923078
16719,0.34
16720,0.31
16721,0.7735686274509804
16722,0.31
16723,0.18
16724,0.02
16725,0.61
16726,1.0
16727,0.07
16728,0.4
16729,0.02
16730,0.06
16731,0.07
16732,0.08
16733,0.8527272727272727
16734,0.07
16735,0.03
16736,0.39
16737,0.07
16738,1.0
16739,0.1
16740,0.03
16741,0.7635416666666667
16742,0.99
16743,0.275
16744,0.2
16745,1.0
16746,0.12
16747,0.92
16748,0.08
16749,0.3
16750,1.0
16751,0.08
16752,0.12
16753,0.11
16754,0.14
16755,0.02
16756,0.32799999999999996
16757,0.83
16758,0.19
16759,0.57
16760,0.06
16761,0.02
16762,1.0
16763,0.31
16764,0.07
16765,0.0
16766,0.08
16767,0.17
16768,0.19
16769,1.0
16770,0.37
16771,0.99
16772,0.12
16773,0.44
16774,0.62
16775,0.43
16776,0.01
16777,0.03
16778,0.26
16779,0.723393665158371
16780,0.01
16781,0.24408333333333332
16782,0.31
16783,0.44
16784,0.08
16785,0.723393665158371
16786,0.3
16787,0.17
16788,0.0
16789,0.1
16790,0.99
16791,0.01
16792,0.22
16793,0.05
16794,0.13
16795,1.0
16796,1.0
16797,0.19
16798,0.2
16799,1.0
16800,0.75
16801,0.28
16802,0.22
16803,0.96
16804,1.0
16805,0.051351351351351354
16806,0.033
16807,0.22454545454545452
16808,0.08
16809,0.10566666666666666
16810,0.31666666666666665
16811,0.04
16812,0.49
16813,0.21
16814,0.13
16815,1.0
16816,0.11
16817,0.021
16818,0.0
16819,1.0
16820,0.08
16821,0.14666666666666667
16822,0.07
16823,0.0225
16824,0.09
16825,0.48
16826,0.06
16827,0.723393665158371
16828,0.98
16829,0.63
16830,0.09
16831,0.18
16832,0.16
16833,0.09
16834,1.0
16835,0.17
16836,0.56
16837,0.51
16838,0.02
16839,0.31
16840,0.05
16841,0.11
16842,0.07
16843,0.0
16844,0.24
16845,0.08
16846,0.22
16847,0.18546689584924878
16848,1.0
16849,0.96
16850,1.0
16851,0.54
16852,0.01
16853,1.0
16854,0.02
16855,0.08
16856,0.04
16857,0.2
16858,0.13
16859,0.0
16860,0.01
16861,0.07
16862,0.04
16863,0.45
16864,0.05
16865,0.06
16866,0.14
16867,0.31
16868,0.21
16869,0.71
16870,0.08
16871,1.0
16872,0.07
16873,0.04
16874,0.23
16875,0.01
16876,0.88
16877,0.99
16878,0.06
16879,0.16666666666666669
16880,0.1
16881,0.0
16882,0.02
16883,0.18
16884,0.13
16885,1.0
16886,0.07333333333333333
16887,0.14
16888,0.25
16889,0.28
16890,0.08
16891,0.58
16892,0.09
16893,0.6472413793103448
16894,0.92
16895,0.20333333333333337
16896,0.55
16897,0.59
16898,0.31
16899,0.37
16900,0.28
16901,0.46
16902,0.03
16903,0.04
16904,0.11
16905,0.37
16906,0.95
16907,0.54
16908,1.0
16909,0.64
16910,0.11
16911,0.02
16912,0.04
16913,0.8325
16914,1.0
16915,0.27
16916,0.0
16917,0.21
16918,0.17
16919,0.35
16920,0.26
16921,0.38
16922,0.35
16923,0.04
16924,0.33
16925,0.69
16926,0.06
16927,0.19333333333333336
16928,0.24
16929,0.05
16930,0.02
16931,0.13
16932,0.35
16933,0.02
16934,0.15
16935,0.94
16936,0.06
16937,0.19
16938,0.07
16939,0.09
16940,0.12
16941,0.18
16942,0.99
16943,0.07285714285714286
16944,0.14
16945,0.01
16946,1.0
16947,0.105
16948,0.99
16949,0.03
16950,0.24
16951,0.07
16952,0.7
16953,0.8353333333333333
16954,0.02
16955,0.45
16956,0.2
16957,0.04466666666666667
16958,0.2
16959,0.03
16960,0.94
16961,0.29
16962,0.13
16963,0.71
16964,0.02
16965,0.01
16966,0.04
16967,0.22699999999999998
16968,0.3
16969,0.02
16970,0.44
16971,0.08333333333333331
16972,0.0
16973,0.99
16974,0.08
16975,0.3
16976,0.06
16977,0.99
16978,0.01
16979,0.03
16980,0.99
16981,0.9571428571428572
16982,0.23
16983,1.0
16984,0.29
16985,0.15
16986,0.09
16987,0.89
16988,0.33
16989,0.105
16990,0.01
16991,0.04
16992,0.72
16993,0.25
16994,0.41
16995,0.03
16996,0.16
16997,0.13
16998,0.87
16999,1.0
17000,0.06
17001,0.03
17002,0.26
17003,0.71
17004,0.35
17005,0.42
17006,0.075
17007,1.0
17008,0.04
17009,0.16
17010,0.22
17011,0.31
17012,0.03
17013,0.33
17014,0.17208973623249205
17015,0.31
17016,0.72
17017,0.02
17018,0.06
17019,0.023805555555555555
17020,0.03
17021,0.02
17022,0.7118333333333333
17023,0.06
17024,0.99
17025,0.13
17026,1.0
17027,0.11
17028,0.0
17029,0.07
17030,0.05
17031,0.252
17032,0.05
17033,0.09777777777777778
17034,0.01
17035,0.11
17036,0.4
17037,0.042727272727272725
17038,1.0
17039,0.32
17040,0.25
17041,0.24
17042,0.016666666666666666
17043,0.45
17044,0.5
17045,0.225
17046,0.26
17047,0.07
17048,0.02
17049,0.995
17050,0.11
17051,0.0
17052,0.435
17053,0.19083333333333335
17054,0.02
17055,0.04
17056,0.32
17057,0.96
17058,0.06
17059,0.14
17060,0.2
17061,1.0
17062,0.12
17063,0.22
17064,0.15
17065,0.14
17066,0.15
17067,0.17
17068,0.05
17069,0.225
17070,0.15
17071,0.49
17072,0.03
17073,1.0
17074,0.85
17075,0.05
17076,0.11
17077,0.0
17078,0.41
17079,0.19
17080,0.49
17081,0.24
17082,0.7783095238095238
17083,0.01
17084,0.02
17085,0.17875
17086,0.9392307692307692
17087,0.01
17088,0.34
17089,0.02
17090,1.0
17091,1.0
17092,0.0
17093,0.99
17094,0.45
17095,0.04
17096,0.98
17097,0.1993685943829132
17098,0.32
17099,0.12
17100,0.05
17101,0.1
17102,0.14
17103,0.5541132756132756
17104,0.13
17105,0.21
17106,0.06
17107,0.41
17108,0.07
17109,0.17
17110,0.17
17111,0.12
17112,1.0
17113,0.1
17114,0.54
17115,0.060534759358288774
17116,0.8353333333333333
17117,0.17
17118,0.15
17119,0.07
17120,0.02
17121,0.33
17122,1.0
17123,0.14
17124,0.09
17125,0.24
17126,0.92
17127,0.49
17128,0.09
17129,0.35
17130,0.08
17131,0.16
17132,0.3675
17133,0.03
17134,0.21
17135,1.0
17136,0.2
17137,0.97
17138,0.3
17139,0.64
17140,0.06
17141,0.05
17142,0.45
17143,0.12
17144,0.12
17145,0.264
17146,0.17066666666666663
17147,0.03
17148,0.0
17149,0.26
17150,0.05
17151,0.31
17152,0.08
17153,1.0
17154,0.99
17155,1.0
17156,0.13
17157,1.0
17158,0.44
17159,0.99
17160,0.45
17161,0.01
17162,0.25
17163,0.07
17164,0.21
17165,0.18
17166,0.21
17167,0.99
17168,0.17
17169,1.0
17170,0.14
17171,0.348952380952381
17172,1.0
17173,0.09
17174,0.1
17175,0.9266666666666665
17176,0.99
17177,0.27
17178,0.89
17179,0.33
17180,0.01
17181,1.0
17182,0.41
17183,0.52
17184,0.01
17185,0.27
17186,0.07166666666666667
17187,0.0
17188,0.03
17189,0.02
17190,0.13
17191,0.29
17192,1.0
17193,0.2
17194,0.08
17195,0.24
17196,0.0
17197,0.05
17198,0.29
17199,0.06
17200,0.16
17201,0.0
17202,1.0
17203,0.11
17204,0.71
17205,0.11
17206,0.0725
17207,0.21244444444444444
17208,1.0
17209,0.24
17210,0.05
17211,0.07
17212,0.23234581105169344
17213,0.01
17214,0.1
17215,0.3316666666666667
17216,0.225
17217,0.134
17218,0.17
17219,0.37
17220,0.0
17221,0.67
17222,0.41
17223,0.01
17224,0.38
17225,0.06
17226,0.05
17227,0.09
17228,0.02
17229,0.22
17230,0.01
17231,0.51
17232,0.05333333333333334
17233,0.29
17234,0.464797619047619
17235,0.16
17236,0.06
17237,0.1425
17238,0.09
17239,1.0
17240,0.01
17241,0.11
17242,1.0
17243,0.42
17244,0.01
17245,0.14666666666666667
17246,0.0
17247,0.27
17248,0.08
17249,0.92
17250,0.0
17251,0.7442122838401908
17252,0.04
17253,0.46
17254,0.09
17255,0.11
17256,0.18875
17257,0.08
17258,0.07
17259,1.0
17260,0.44
17261,0.9925
17262,0.11
17263,0.02
17264,0.03
17265,0.052000000000000005
17266,0.8320000000000001
17267,0.83
17268,0.0125
17269,1.0
17270,0.026142857142857138
17271,0.15
17272,0.0
17273,0.02
17274,0.04
17275,0.31
17276,1.0
17277,0.56
17278,0.21
17279,0.32
17280,0.8833333333333334
17281,0.08
17282,1.0
17283,0.1
17284,0.1
17285,0.08833333333333332
17286,0.17
17287,1.0
17288,0.02
17289,1.0
17290,0.27
17291,0.05
17292,0.5
17293,0.12
17294,0.0
17295,0.96
17296,0.0
17297,0.09
17298,0.12
17299,0.99
17300,0.19666666666666668
17301,0.98
17302,0.98
17303,0.01
17304,0.01
17305,0.6187713675213675
17306,0.03
17307,0.19
17308,0.038235294117647055
17309,0.1
17310,0.97
17311,0.2
17312,0.12
17313,0.1
17314,0.19
17315,0.02
17316,0.98
17317,0.264
17318,0.98
17319,0.06
17320,0.94
17321,0.78
17322,0.27
17323,0.09
17324,0.07
17325,0.07142857142857142
17326,0.03
17327,0.12
17328,0.44
17329,0.18
17330,0.32
17331,0.37460732323232326
17332,0.16
17333,0.09
17334,0.008181818181818182
17335,0.09
17336,0.09
17337,1.0
17338,0.08
17339,0.47
17340,0.07
17341,0.14
17342,0.01
17343,0.08
17344,0.29643897768897776
17345,0.18
17346,1.0
17347,0.2
17348,0.23
17349,0.01
17350,0.13
17351,0.12
17352,0.36
17353,0.04125
17354,0.18
17355,0.99
17356,0.06
17357,0.99
17358,0.01
17359,0.74
17360,0.32
17361,0.13
17362,0.99
17363,0.89
17364,0.23
17365,0.01
17366,0.13
17367,0.355
17368,0.99
17369,0.42
17370,0.06
17371,0.17
17372,0.01
17373,1.0
17374,0.07
17375,1.0
17376,0.7073171936758892
17377,0.19
17378,1.0
17379,0.95
17380,1.0
17381,1.0
17382,0.37
17383,0.36
17384,0.63
17385,0.08
17386,0.45
17387,0.014750000000000001
17388,0.68
17389,0.01
17390,0.08
17391,0.01
17392,0.63
17393,0.275
17394,1.0
17395,0.12
17396,0.04
17397,0.48
17398,0.13
17399,0.37
17400,0.0
17401,0.14142857142857143
17402,0.27
17403,0.22
17404,0.37
17405,0.98
17406,0.14666666666666667
17407,0.3989473684210526
17408,0.0
17409,0.2
17410,0.04
17411,0.22
17412,0.07
17413,0.14
17414,0.01
17415,0.28
17416,0.07
17417,0.03
17418,1.0
17419,0.52
17420,0.89
17421,0.15
17422,0.27
17423,0.41
17424,0.24
17425,0.18
17426,0.07
17427,0.08
17428,0.54
17429,0.055
17430,0.09666666666666668
17431,0.10333333333333332
17432,0.14
17433,0.02
17434,0.12
17435,0.25
17436,0.18
17437,0.34
17438,0.13
17439,1.0
17440,1.0
17441,0.03
17442,0.05
17443,0.36383333333333334
17444,0.15
17445,0.19
17446,0.085
17447,0.04
17448,0.0
17449,0.0
17450,0.03
17451,0.02
17452,0.06
17453,1.0
17454,0.03
17455,0.21
17456,0.05
17457,0.18
17458,0.01375
17459,0.24
17460,0.3
17461,0.14
17462,0.16
17463,0.51
17464,0.0
17465,0.03
17466,1.0
17467,0.4199722777222775
17468,0.06
17469,0.2
17470,0.04
17471,0.3
17472,0.12333333333333334
17473,0.0
17474,0.23
17475,0.15
17476,0.25
17477,1.0
17478,0.02
17479,0.003333333333333333
17480,0.25
17481,0.06
17482,0.035
17483,1.0
17484,0.1
17485,0.09928571428571428
17486,0.4
17487,0.02
17488,0.21
17489,0.41
17490,0.365
17491,0.04
17492,1.0
17493,0.3
17494,0.25
17495,1.0
17496,0.02
17497,0.01
17498,0.8353333333333333
17499,0.008
17500,0.95
17501,0.99
17502,0.08
17503,0.08
17504,0.195
17505,0.09
17506,0.01
17507,0.0
17508,0.03
17509,0.31361596349387033
17510,0.01
17511,0.03
17512,0.99
17513,0.285
17514,0.13
17515,0.93
17516,0.45
17517,0.08
17518,0.0013157894736842105
17519,0.09
17520,0.46399999999999997
17521,0.21
17522,0.28
17523,0.08
17524,0.91
17525,0.07
17526,0.38
17527,0.07
17528,0.04
17529,0.15
17530,0.41
17531,0.01
17532,0.03
17533,0.08
17534,0.1110702291082932
17535,0.03
17536,0.07
17537,0.15
17538,0.12
17539,0.07
17540,0.16
17541,1.0
17542,0.03
17543,0.41
17544,0.06
17545,0.02
17546,0.16
17547,0.85375
17548,0.325
17549,0.02
17550,0.1
17551,0.33
17552,0.11
17553,0.64
17554,0.09
17555,0.09
17556,0.03
17557,0.33
17558,0.07
17559,0.05
17560,0.04
17561,0.04
17562,0.09
17563,0.04888888888888889
17564,0.16
17565,0.07
17566,0.01
17567,0.59
17568,0.34
17569,0.01
17570,0.34
17571,0.18
17572,0.26
17573,0.15333333333333335
17574,0.58
17575,0.5888888888888889
17576,0.63
17577,0.02
17578,1.0
17579,0.44
17580,0.43
17581,0.07
17582,0.03
17583,0.12
17584,0.99
17585,0.12
17586,0.12
17587,0.3
17588,0.275
17589,1.0
17590,0.07
17591,0.0
17592,0.18
17593,0.99
17594,0.17
17595,0.31109848484848485
17596,0.03
17597,0.97
17598,0.03
17599,0.02
17600,0.66
17601,0.63
17602,0.04
17603,1.0
17604,0.27
17605,0.12
17606,0.99
17607,0.7596804511278197
17608,0.09
17609,0.7
17610,0.723393665158371
17611,0.27
17612,0.02
17613,0.10666666666666666
17614,0.41
17615,0.151
17616,1.0
17617,1.0
17618,0.25
17619,0.07
17620,0.02
17621,0.06
17622,0.04
17623,0.03
17624,0.03
17625,0.07
17626,0.43
17627,1.0
17628,0.11
17629,0.04
17630,0.1
17631,0.8427456140350877
17632,0.56
17633,0.33
17634,0.04
17635,0.15
17636,0.44
17637,0.36
17638,0.02
17639,0.32
17640,0.18
17641,0.02
17642,0.05
17643,0.26
17644,0.01
17645,0.29
17646,0.06
17647,0.8527272727272727
17648,0.04
17649,0.0
17650,0.13
17651,0.26
17652,0.12
17653,0.09
17654,0.0
17655,0.03
17656,0.07
17657,0.06
17658,0.27
17659,0.1325
17660,0.27
17661,0.07
17662,0.124
17663,0.11
17664,0.13
17665,0.02
17666,0.44
17667,0.03541666666666667
17668,0.01
17669,0.01
17670,0.12
17671,0.9666666666666666
17672,1.0
17673,0.07
17674,0.41
17675,0.11
17676,0.05
17677,1.0
17678,0.0
17679,0.02
17680,0.57
17681,0.02
17682,0.17
17683,0.08
17684,0.02
17685,0.03
17686,0.99
17687,0.01
17688,0.02
17689,0.03
17690,0.11
17691,0.44
17692,0.18
17693,0.18
17694,0.07
17695,0.1
17696,0.04
17697,0.22
17698,1.0
17699,0.045
17700,0.0
17701,0.28
17702,0.47
17703,0.02
17704,0.16
17705,0.07
17706,0.04
17707,0.1
17708,0.06
17709,0.05
17710,0.13
17711,0.17
17712,0.02
17713,0.04
17714,0.3070355161634231
17715,0.47
17716,0.73
17717,1.0
17718,0.01
17719,0.02
17720,0.99
17721,0.0
17722,0.98
17723,1.0
17724,0.31
17725,0.14
17726,0.0
17727,0.07
17728,1.0
17729,0.16
17730,0.22
17731,0.01
17732,0.82
17733,1.0
17734,0.04
17735,0.03
17736,0.12333333333333334
17737,0.97
17738,0.01
17739,0.13
17740,0.38
17741,0.09
17742,0.32
17743,0.9509302325581396
17744,0.01
17745,0.09
17746,0.27
17747,1.0
17748,0.21
17749,0.2575
17750,0.12
17751,1.0
17752,0.22
17753,1.0
17754,0.13
17755,0.14
17756,0.11
17757,1.0
17758,0.08
17759,0.09
17760,1.0
17761,0.54
17762,0.19
17763,1.0
17764,0.03
17765,0.98
17766,0.08
17767,0.28729166666666667
17768,0.0
17769,0.22
17770,0.02
17771,0.77
17772,0.02
17773,0.18
17774,0.39
17775,0.22
17776,0.03
17777,0.25
17778,0.05
17779,0.18
17780,0.01
17781,0.22
17782,0.12
17783,0.09
17784,0.05
17785,0.99
17786,0.01388888888888889
17787,0.03333333333333333
17788,1.0
17789,1.0
17790,0.01
17791,0.9266666666666665
17792,0.14
17793,0.13
17794,0.26
17795,0.03
17796,0.11
17797,1.0
17798,0.17
17799,0.44
17800,0.46
17801,0.1
17802,0.51
17803,0.06
17804,0.03
17805,0.09
17806,0.02
17807,0.99
17808,0.07
17809,0.34
17810,0.05
17811,0.5
17812,0.91
17813,0.83
17814,0.13
17815,0.17800000000000005
17816,0.14
17817,0.18
17818,0.08
17819,0.03
17820,0.03
17821,0.38
17822,0.185
17823,0.08
17824,0.07
17825,0.01
17826,0.06
17827,0.03
17828,0.62
17829,0.03
17830,0.01
17831,0.02
17832,1.0
17833,0.14
17834,0.1
17835,0.56
17836,0.34
17837,0.25
17838,0.19
17839,0.69
17840,0.05
17841,0.172
17842,0.4789333333333333
17843,0.17
17844,1.0
17845,0.0
17846,0.05
17847,0.93
17848,0.09
17849,0.235
17850,0.42
17851,0.03
17852,0.16
17853,0.14
17854,0.53
17855,0.12
17856,0.01
17857,0.28
17858,0.24
17859,0.0
17860,1.0
17861,0.98
17862,0.2
17863,0.05
17864,0.41
17865,0.05
17866,0.0
17867,0.2
17868,0.056666666666666664
17869,0.44
17870,0.23
17871,0.2733333333333333
17872,0.1
17873,0.05
17874,0.23
17875,0.04
17876,0.97
17877,0.49
17878,1.0
17879,1.0
17880,0.04844155844155844
17881,0.01
17882,0.92
17883,0.04
17884,0.08
17885,1.0
17886,0.22
17887,0.01
17888,0.13
17889,0.06
17890,0.7040000000000001
17891,0.02
17892,0.98
17893,0.02
17894,0.32
17895,0.99
17896,0.03
17897,0.06
17898,0.27
17899,0.43
17900,0.09
17901,0.35
17902,1.0
17903,1.0
17904,0.01
17905,0.06
17906,0.15
17907,0.05
17908,0.14
17909,0.06
17910,0.16
17911,0.1
17912,0.24
17913,0.02
17914,0.02
17915,0.06
17916,0.14
17917,0.53
17918,0.13
17919,0.09
17920,0.13
17921,0.97
17922,0.2
17923,0.28
17924,0.33
17925,0.04
17926,0.6
17927,0.15
17928,0.27
17929,0.12
17930,0.07
17931,0.5536826441102757
17932,0.14
17933,0.18
17934,0.12
17935,1.0
17936,0.08
17937,0.0
17938,0.22
17939,0.1
17940,0.4506666666666667
17941,0.055999999999999994
17942,0.075
17943,0.28
17944,0.23
17945,0.27
17946,0.04
17947,0.0
17948,0.06
17949,0.08
17950,0.26
17951,0.21
17952,1.0
17953,0.26
17954,0.09
17955,1.0
17956,0.06
17957,0.2
17958,0.99
17959,0.05
17960,0.27
17961,0.03
17962,1.0
17963,0.18
17964,0.37
17965,0.24
17966,0.3
17967,0.14
17968,0.19119540696983717
17969,0.03
17970,0.235
17971,0.16
17972,0.07
17973,0.2
17974,0.08
17975,0.06
17976,0.33
17977,0.05
17978,0.99
17979,0.48
17980,0.31
17981,0.28
17982,0.04
17983,0.6933333333333332
17984,0.05
17985,0.14
17986,0.28
17987,0.068
17988,0.36
17989,0.1
17990,0.07
17991,0.23
17992,0.8032058823529411
17993,0.6
17994,0.03
17995,0.33
17996,0.2
17997,0.2
17998,0.8788011006289308
17999,0.99
18000,0.14
18001,0.32
18002,0.21
18003,0.05
18004,0.1
18005,0.05
18006,0.43
18007,0.09
18008,0.136
18009,0.13
18010,0.05
18011,0.12666666666666665
18012,0.04
18013,0.1
18014,1.0
18015,1.0
18016,0.33
18017,0.16333333333333336
18018,0.2
18019,0.01
18020,0.24
18021,1.0
18022,0.06
18023,0.75
18024,0.05
18025,0.09
18026,0.65
18027,0.9266666666666665
18028,0.105
18029,0.23
18030,0.041798245614035084
18031,0.0
18032,0.13
18033,0.13
18034,0.06
18035,0.04
18036,1.0
18037,0.98
18038,0.245
18039,0.01
18040,0.03
18041,0.6526666666666666
18042,0.19
18043,1.0
18044,0.99
18045,0.324
18046,0.3
18047,0.04
18048,0.94
18049,0.81
18050,0.37
18051,0.145
18052,0.92
18053,0.09
18054,0.06
18055,0.73
18056,0.28
18057,0.09
18058,0.19
18059,0.01
18060,0.43
18061,0.07
18062,0.037142857142857144
18063,0.03
18064,0.35
18065,0.29
18066,0.07
18067,0.9666666666666666
18068,0.19
18069,0.29
18070,0.9507407407407408
18071,0.02
18072,0.7
18073,0.98
18074,0.01
18075,0.86
18076,1.0
18077,0.25
18078,1.0
18079,0.0
18080,0.94
18081,0.387502790622827
18082,0.05
18083,0.0
18084,0.05
18085,0.1
18086,0.58
18087,0.8025
18088,1.0
18089,0.21
18090,0.06
18091,0.08
18092,0.75
18093,0.25
18094,0.31
18095,0.42
18096,0.13
18097,0.11
18098,0.13
18099,1.0
18100,0.04
18101,0.07
18102,0.5202256823860129
18103,0.16
18104,0.0
18105,0.07
18106,0.030833333333333334
18107,0.02
18108,0.07
18109,0.17
18110,0.7107692307692308
18111,0.24
18112,0.03
18113,0.07
18114,0.99
18115,0.36
18116,0.7783095238095238
18117,0.26166666666666666
18118,0.15
18119,0.39
18120,0.424
18121,0.1197738095238095
18122,1.0
18123,0.54
18124,0.1
18125,0.653359649122807
18126,0.8959498834498834
18127,0.09
18128,0.06433333333333334
18129,0.32
18130,0.5205555555555555
18131,0.8420000000000001
18132,0.01
18133,0.22
18134,0.08
18135,0.09
18136,0.05
18137,0.08
18138,0.05
18139,0.06
18140,0.03
18141,0.2
18142,0.12
18143,0.3
18144,0.04
18145,0.06
18146,0.39
18147,0.36
18148,0.03
18149,0.09
18150,0.29
18151,0.07
18152,1.0
18153,1.0
18154,0.44
18155,0.56
18156,0.44
18157,0.07
18158,0.87
18159,0.12
18160,0.24
18161,0.92
18162,0.28
18163,0.16
18164,0.3015
18165,0.14
18166,0.26
18167,1.0
18168,0.36
18169,0.05
18170,0.11
18171,0.0225
18172,1.0
18173,0.02
18174,0.27
18175,0.25
18176,0.03
18177,0.92
18178,0.99
18179,0.07
18180,0.07
18181,0.05
18182,0.13
18183,0.29
18184,0.05
18185,0.98
18186,0.29
18187,0.52
18188,0.11
18189,0.08
18190,0.06
18191,0.15
18192,0.03
18193,0.73
18194,0.03
18195,0.44
18196,0.59
18197,0.07
18198,0.08
18199,0.39
18200,0.1
18201,0.04
18202,0.73
18203,0.31
18204,0.2
18205,0.03
18206,0.94
18207,0.01
18208,0.05
18209,0.05
18210,0.13
18211,0.662
18212,0.19
18213,0.55
18214,0.06
18215,0.075
18216,0.06
18217,0.01
18218,0.29
18219,0.82
18220,0.35
18221,0.11
18222,0.02
18223,0.6865000000000001
18224,1.0
18225,0.04
18226,1.0
18227,0.305
18228,0.13
18229,0.21
18230,0.07
18231,0.1
18232,1.0
18233,0.10773255813953489
18234,1.0
18235,0.09
18236,0.08
18237,1.0
18238,0.08
18239,0.12583333333333335
18240,0.99
18241,0.21
18242,0.07777777777777778
18243,0.52
18244,0.17
18245,1.0
18246,0.06
18247,0.131875
18248,0.32
18249,0.5341666666666667
18250,0.15
18251,0.0525
18252,0.19
18253,0.42
18254,0.18
18255,0.05
18256,0.25
18257,0.15
18258,0.166
18259,0.1
18260,0.94
18261,0.32
18262,0.0
18263,1.0
18264,1.0
18265,0.02
18266,0.12701754385964914
18267,0.05
18268,0.04
18269,0.06
18270,0.16
18271,0.35
18272,0.06
18273,0.19
18274,0.19
18275,0.06
18276,0.27
18277,0.20531233850129196
18278,0.09
18279,0.31
18280,0.6
18281,0.1375
18282,0.8706060606060606
18283,0.02
18284,0.06755681818181819
18285,0.22
18286,0.31
18287,0.99
18288,0.16
18289,0.05
18290,0.0
18291,0.075
18292,0.06
18293,0.03
18294,0.26
18295,0.05
18296,0.175
18297,0.585
18298,0.47
18299,0.02928571428571429
18300,0.06
18301,0.51
18302,0.18
18303,0.25958333333333333
18304,0.03416666666666667
18305,0.04
18306,0.05
18307,1.0
18308,0.37
18309,0.4455575064539763
18310,0.99
18311,0.0
18312,1.0
18313,0.16139386838651543
18314,0.28
18315,0.17
18316,0.065
18317,0.2
18318,0.12
18319,0.05
18320,0.37
18321,0.11
18322,1.0
18323,0.3
18324,0.11
18325,1.0
18326,0.01
18327,0.07
18328,0.13
18329,0.15
18330,0.74
18331,0.76
18332,0.40703274898476144
18333,0.8833333333333334
18334,0.6
18335,0.03
18336,0.03
18337,0.7783095238095238
18338,1.0
18339,0.20531233850129196
18340,0.28
18341,0.12
18342,0.01
18343,0.08
18344,0.4
18345,0.16
18346,0.32
18347,1.0
18348,0.09846153846153846
18349,0.12
18350,0.34
18351,0.02
18352,0.0
18353,0.24
18354,0.8242250000000001
18355,1.0
18356,0.56
18357,0.14
18358,0.85
18359,0.08
18360,0.13
18361,0.05
18362,0.34
18363,1.0
18364,0.54
18365,0.3
18366,0.914
18367,0.14
18368,0.36
18369,0.98
18370,0.58
18371,0.17
18372,0.57
18373,0.13333333333333333
18374,0.35
18375,0.9621428571428572
18376,0.03
18377,0.22
18378,0.03
18379,0.32
18380,0.7
18381,0.27
18382,0.06
18383,0.06
18384,0.56
18385,0.48
18386,0.12
18387,0.19
18388,0.07
18389,0.49
18390,0.73
18391,0.21
18392,0.4
18393,0.09
18394,0.18
18395,0.07
18396,0.32
18397,0.88
18398,1.0
18399,0.23
18400,0.15
18401,0.04
18402,0.08
18403,0.11
18404,0.68
18405,0.01
18406,0.13
18407,0.48
18408,0.05
18409,0.97
18410,0.02
18411,0.13
18412,0.30333333333333334
18413,0.59
18414,0.01
18415,0.1
18416,0.01
18417,0.28
18418,0.94
18419,0.0425
18420,0.23
18421,0.9666666666666666
18422,0.37
18423,1.0
18424,0.54
18425,1.0
18426,0.06
18427,0.08
18428,0.07
18429,0.37
18430,0.07
18431,0.04
18432,0.44
18433,0.12
18434,0.95
18435,0.07
18436,0.01
18437,0.04
18438,0.08
18439,0.04
18440,0.69
18441,0.05
18442,0.11
18443,0.0
18444,1.0
18445,0.03
18446,0.62
18447,1.0
18448,0.16
18449,0.0
18450,0.08
18451,0.99
18452,0.19
18453,0.02
18454,0.05
18455,1.0
18456,0.009137254901960785
18457,0.09666666666666668
18458,0.36
18459,0.96
18460,0.67
18461,0.05
18462,0.9166666666666665
18463,0.02
18464,0.26
18465,1.0
18466,1.0
18467,0.22
18468,0.14
18469,0.18
18470,0.28
18471,0.25
18472,0.15
18473,0.15
18474,0.04
18475,0.05
18476,0.02
18477,0.12
18478,0.0
18479,1.0
18480,0.02
18481,1.0
18482,0.03
18483,0.02
18484,1.0
18485,0.44287209295953744
18486,1.0
18487,1.0
18488,0.04888888888888889
18489,0.01
18490,0.09
18491,0.16
18492,0.21
18493,0.135
18494,0.3975
18495,0.27
18496,0.16
18497,0.99
18498,0.09
18499,0.1
18500,0.29966666666666664
18501,0.05
18502,0.531404761904762
18503,0.29
18504,0.01
18505,0.008333333333333333
18506,1.0
18507,1.0
18508,0.31
18509,0.39
18510,0.02
18511,0.0
18512,0.21
18513,0.05
18514,0.32
18515,0.03
18516,0.387502790622827
18517,0.49
18518,0.05
18519,0.6671428571428573
18520,0.025
18521,0.2
18522,0.04
18523,0.8668218298555377
18524,0.28
18525,0.3
18526,0.7
18527,0.02
18528,0.13
18529,0.7
18530,0.14
18531,0.22
18532,0.95
18533,0.71
18534,0.1
18535,0.69
18536,0.07
18537,0.64
18538,0.14
18539,0.14
18540,0.3
18541,0.07
18542,0.03
18543,0.02
18544,0.09
18545,0.01
18546,1.0
18547,1.0
18548,0.26
18549,0.8466666666666666
18550,0.36
18551,0.03
18552,0.01
18553,0.35
18554,0.01
18555,0.03
18556,0.25
18557,0.05
18558,0.05
18559,0.38
18560,0.12
18561,0.325
18562,0.9
18563,1.0
18564,1.0
18565,0.53
18566,0.71
18567,0.21
18568,0.06
18569,0.1
18570,0.723393665158371
18571,0.0
18572,0.02
18573,0.28
18574,0.12
18575,0.01
18576,0.19
18577,0.98
18578,0.02
18579,1.0
18580,1.0
18581,0.07
18582,0.4
18583,1.0
18584,0.29
18585,1.0
18586,0.98
18587,0.17
18588,0.16139386838651543
18589,0.12
18590,0.01
18591,0.011428571428571429
18592,0.18
18593,0.26
18594,0.8797777777777779
18595,0.0
18596,0.05
18597,0.06
18598,0.08
18599,0.23
18600,0.27
18601,1.0
18602,0.02
18603,0.0
18604,0.42
18605,0.06
18606,0.76
18607,0.23
18608,0.03
18609,0.07
18610,0.04
18611,0.99
18612,1.0
18613,0.664
18614,0.27
18615,0.15
18616,0.02
18617,0.185
18618,0.02
18619,0.94
18620,0.04
18621,0.29
18622,0.08
18623,0.23
18624,0.15
18625,0.0
18626,0.02
18627,0.36
18628,0.02
18629,0.003333333333333333
18630,0.33
18631,0.06
18632,0.0
18633,0.7
18634,0.4
18635,0.04
18636,0.0
18637,0.16
18638,0.05
18639,0.1
18640,0.04
18641,0.63
18642,0.04
18643,0.08
18644,0.1
18645,0.13083333333333333
18646,0.19
18647,0.03
18648,0.03
18649,0.39
18650,0.01
18651,0.325
18652,0.22
18653,0.10833333333333332
18654,1.0
18655,0.09
18656,0.02846153846153846
18657,0.29
18658,0.23
18659,0.065
18660,0.99
18661,0.09
18662,0.0
18663,0.27
18664,0.99
18665,0.0
18666,0.05
18667,0.34
18668,0.22
18669,0.05
18670,0.02
18671,0.08
18672,0.06
18673,0.01
18674,0.08
18675,1.0
18676,0.53
18677,0.11
18678,0.07
18679,0.36
18680,0.23
18681,1.0
18682,1.0
18683,0.011428571428571429
18684,0.892
18685,1.0
18686,0.1
18687,0.4
18688,0.3709090909090909
18689,0.9666666666666666
18690,0.88
18691,0.06755681818181819
18692,0.18
18693,0.385
18694,0.15
18695,0.13
18696,0.03
18697,0.01
18698,0.07
18699,0.11566666666666667
18700,0.23
18701,0.18
18702,0.015
18703,0.15
18704,0.01
18705,0.28
18706,0.2
18707,0.03
18708,0.03
18709,0.02
18710,0.1
18711,0.03
18712,0.02
18713,0.26
18714,1.0
18715,0.1
18716,0.03
18717,0.21
18718,0.19
18719,0.15
18720,0.19
18721,0.36
18722,0.38
18723,0.1
18724,0.31
18725,0.09
18726,0.01
18727,0.2
18728,1.0
18729,0.03
18730,0.03
18731,0.13
18732,0.03
18733,0.77
18734,0.06
18735,0.03
18736,0.47
18737,0.05
18738,0.24
18739,0.51
18740,0.13
18741,0.82
18742,0.12
18743,0.0818452380952381
18744,0.13
18745,0.97
18746,0.22
18747,1.0
18748,0.04
18749,0.19
18750,0.13030266955266956
18751,0.19
18752,0.67
18753,0.04166666666666667
18754,0.17
18755,0.21
18756,0.055
18757,0.06
18758,0.32
18759,0.35
18760,0.7625
18761,0.03
18762,0.07
18763,0.723393665158371
18764,0.18755086580086566
18765,0.1
18766,0.04
18767,0.069
18768,0.02
18769,0.23
18770,0.19
18771,0.11
18772,0.9
18773,1.0
18774,0.5
18775,0.33
18776,0.19
18777,0.08
18778,0.04
18779,0.97
18780,1.0
18781,0.07
18782,0.32
18783,0.04
18784,0.08
18785,0.99
18786,0.0
18787,0.39
18788,0.42
18789,0.12
18790,0.02
18791,0.91
18792,0.04
18793,0.08
18794,0.23007575757575754
18795,0.465
18796,0.91
18797,0.09
18798,0.25
18799,0.24
18800,0.03
18801,0.7699029635457646
18802,0.01
18803,0.1
18804,1.0
18805,0.02
18806,0.99
18807,0.1
18808,0.99
18809,0.1
18810,0.25
18811,1.0
18812,0.21
18813,0.06
18814,0.23
18815,0.26
18816,0.66
18817,0.05
18818,0.4
18819,0.03
18820,0.06
18821,0.14
18822,1.0
18823,0.16
18824,0.99
18825,0.08
18826,0.05
18827,0.15
18828,0.31
18829,0.3
18830,0.21
18831,0.17
18832,0.027857142857142855
18833,0.04
18834,0.03
18835,0.05
18836,0.36
18837,0.06433333333333334
18838,0.17
18839,0.99
18840,0.2
18841,0.02
18842,0.79
18843,0.02
18844,0.04
18845,0.16
18846,0.14
18847,0.226
18848,0.07
18849,0.51
18850,0.09
18851,0.8542857142857143
18852,0.65
18853,0.19
18854,0.99
18855,0.39
18856,1.0
18857,0.03
18858,0.41
18859,0.05
18860,0.03
18861,0.72
18862,0.17
18863,0.99
18864,0.15
18865,0.01
18866,0.12
18867,0.07
18868,0.23
18869,0.02
18870,0.13
18871,0.34
18872,0.45
18873,0.2
18874,0.13
18875,0.14076923076923076
18876,0.02
18877,1.0
18878,1.0
18879,0.01
18880,0.05
18881,0.06
18882,0.14
18883,0.03
18884,0.26
18885,0.26
18886,0.46
18887,0.62
18888,0.31
18889,0.19
18890,0.04
18891,0.06
18892,0.28
18893,1.0
18894,0.02
18895,0.88
18896,0.25
18897,0.35333333333333333
18898,0.94
18899,0.92
18900,0.03
18901,0.03
18902,0.38
18903,0.77
18904,0.04
18905,0.19
18906,0.05
18907,0.31
18908,0.17
18909,0.02
18910,0.97
18911,0.04
18912,0.26
18913,0.61
18914,0.34
18915,0.99
18916,0.28
18917,0.8466666666666666
18918,0.4
18919,0.26
18920,0.44
18921,0.03
18922,0.11
18923,0.08
18924,0.97
18925,0.14
18926,0.27
18927,0.47
18928,0.9025885225885226
18929,0.14
18930,0.02125
18931,0.03
18932,0.15
18933,0.62
18934,0.93
18935,0.65
18936,0.07
18937,0.47
18938,0.99
18939,0.01
18940,0.6114285714285714
18941,0.02
18942,0.01
18943,1.0
18944,0.19
18945,0.36383333333333334
18946,0.13
18947,0.56
18948,0.15
18949,1.0
18950,0.03125
18951,0.05
18952,0.876378835978836
18953,0.09666666666666668
18954,0.06
18955,0.132
18956,0.01
18957,0.28
18958,1.0
18959,0.2
18960,0.28
18961,0.57
18962,0.02
18963,0.18
18964,0.01
18965,0.29
18966,0.99
18967,0.014750000000000001
18968,0.11
18969,0.22
18970,0.55
18971,0.42
18972,0.04
18973,0.04
18974,0.21
18975,0.62
18976,0.63
18977,0.08
18978,0.09
18979,0.66
18980,0.43
18981,0.15
18982,0.3
18983,0.03
18984,0.19
18985,0.2
18986,0.03
18987,0.1
18988,0.892
18989,0.31
18990,0.27
18991,0.0
18992,0.41
18993,0.13
18994,0.09
18995,0.99375
18996,0.15
18997,0.02
18998,0.04
18999,0.19035714285714284
19000,0.26
19001,0.62
19002,0.07
19003,0.03
19004,0.6274023199023199
19005,1.0
19006,0.12
19007,0.91
19008,0.03
19009,0.03
19010,0.3
19011,0.8392307692307692
19012,0.7
19013,0.02
19014,0.08
19015,0.93
19016,0.0
19017,0.13783333333333336
19018,0.97
19019,0.14
19020,0.21
19021,0.1
19022,0.1
19023,0.29
19024,0.0
19025,0.01
19026,0.02
19027,0.31
19028,0.09
19029,0.1
19030,0.27
19031,0.5202256823860129
19032,0.03
19033,0.03
19034,0.18
19035,0.3
19036,0.99
19037,0.39
19038,0.98
19039,0.39
19040,0.31
19041,0.02
19042,0.04
19043,0.13
19044,0.12
19045,0.99
19046,0.98
19047,0.44
19048,0.44287209295953744
19049,0.37
19050,0.025
19051,0.94
19052,0.24
19053,0.32
19054,0.05
19055,0.14
19056,0.47
19057,0.05083333333333333
19058,0.15
19059,0.05
19060,0.11547368421052631
19061,1.0
19062,0.28
19063,1.0
19064,0.32
19065,0.02
19066,0.01
19067,0.01
19068,0.24
19069,0.39
19070,1.0
19071,0.21
19072,0.01
19073,0.02
19074,0.98
19075,0.44
19076,0.32
19077,0.12
19078,0.54
19079,0.28
19080,0.135
19081,0.03
19082,0.05
19083,0.7
19084,0.09
19085,0.1375
19086,0.45
19087,0.06
19088,0.01
19089,0.9571428571428572
19090,0.1113468992248062
19091,0.01
19092,0.38
19093,0.14
19094,0.1
19095,0.24
19096,0.5202256823860129
19097,0.26
19098,0.09
19099,0.6
19100,1.0
19101,0.4433333333333333
19102,0.914
19103,0.17
19104,0.01
19105,0.12
19106,0.23
19107,0.07
19108,0.44
19109,0.03
19110,0.1
19111,0.09
19112,0.820952380952381
19113,0.0
19114,0.27
19115,1.0
19116,0.11
19117,0.05
19118,0.13
19119,0.16
19120,0.0
19121,0.028181818181818183
19122,0.07
19123,1.0
19124,0.05
19125,0.08
19126,0.21
19127,0.1
19128,1.0
19129,0.04
19130,0.02
19131,0.68
19132,0.23
19133,0.03
19134,0.025
19135,0.0
19136,0.7100100114883395
19137,0.09
19138,0.13
19139,0.99
19140,0.02
19141,0.02
19142,0.09
19143,0.7965094339622641
19144,0.13
19145,0.21
19146,0.54
19147,0.6833333333333335
19148,0.13
19149,0.04
19150,0.03
19151,0.27
19152,0.0
19153,0.0
19154,0.03
19155,0.3
19156,0.32
19157,0.0
19158,0.02
19159,0.49
19160,0.59
19161,0.37
19162,0.0325
19163,0.3263022667233193
19164,0.03
19165,0.02
19166,0.46
19167,0.16
19168,0.04
19169,0.12
19170,0.35
19171,0.45
19172,0.0
19173,0.06
19174,0.16
19175,0.01
19176,0.11
19177,0.18
19178,0.56
19179,0.04
19180,0.01
19181,0.4296800142581876
19182,0.1
19183,0.28
19184,0.17
19185,0.33
19186,0.05
19187,0.29
19188,1.0
19189,0.25
19190,0.07
19191,0.12
19192,0.085
19193,0.72
19194,0.05333333333333333
19195,0.30333333333333334
19196,0.34573705329608545
19197,1.0
19198,0.2
19199,0.15
19200,0.77
19201,0.03
19202,0.32
19203,0.06
19204,0.17
19205,0.99
19206,0.2175
19207,0.03
19208,0.2
19209,0.056666666666666664
19210,0.31
19211,0.28
19212,0.22
19213,0.19
19214,0.03
19215,0.32
19216,0.18
19217,0.08
19218,0.54
19219,1.0
19220,0.03
19221,1.0
19222,0.17
19223,0.99
19224,0.04
19225,0.2
19226,0.8
19227,0.0
19228,0.01
19229,0.56
19230,0.46
19231,0.03
19232,0.23234581105169344
19233,1.0
19234,0.06
19235,0.02846153846153846
19236,0.13
19237,0.22
19238,0.45
19239,0.8740000000000001
19240,0.03
19241,0.04
19242,0.45
19243,0.18
19244,0.03
19245,0.09
19246,0.45
19247,0.02
19248,0.03
19249,1.0
19250,0.06
19251,0.12
19252,0.17
19253,0.99
19254,1.0
19255,0.12547368421052632
19256,0.3
19257,0.34
19258,1.0
19259,0.13
19260,0.24
19261,0.20875
19262,0.365
19263,0.13
19264,0.04
19265,0.2633333333333333
19266,0.08
19267,1.0
19268,0.2
19269,0.25
19270,0.36
19271,0.04166666666666667
19272,0.27
19273,1.0
19274,0.02
19275,0.03
19276,0.04
19277,0.11
19278,0.15
19279,0.47
19280,0.09
19281,1.0
19282,0.01
19283,0.03
19284,0.92
19285,0.03
19286,1.0
19287,0.07333333333333333
19288,0.03
19289,0.93
19290,0.9288888888888889
19291,1.0
19292,0.97
19293,1.0
19294,0.21
19295,0.9248986928104574
19296,0.75
19297,0.07
19298,0.2157142857142857
19299,0.32
19300,0.39
19301,0.19
19302,0.04
19303,0.83
19304,0.01
19305,0.04
19306,0.05
19307,0.18
19308,0.1
19309,0.16
19310,0.2
19311,0.38
19312,0.38
19313,0.59
19314,0.01
19315,0.99
19316,0.08
19317,0.3
19318,1.0
19319,0.96
19320,0.15
19321,0.16
19322,0.11
19323,0.08
19324,0.99
19325,0.25
19326,0.32
19327,0.11566666666666667
19328,0.02
19329,0.54
19330,0.53
19331,0.06
19332,0.33
19333,1.0
19334,0.04
19335,0.96
19336,0.01
19337,0.02
19338,0.99
19339,0.04
19340,0.99
19341,0.58
19342,0.01
19343,0.41
19344,0.03
19345,0.49
19346,0.47
19347,0.1
19348,0.4
19349,0.32799999999999996
19350,0.08
19351,0.04
19352,0.14
19353,1.0
19354,0.28
19355,0.35
19356,0.08
19357,0.02
19358,0.0
19359,0.05
19360,0.07
19361,0.98
19362,0.49
19363,0.09
19364,1.0
19365,0.99375
19366,0.04
19367,0.01
19368,0.66
19369,0.51
19370,0.01
19371,0.18
19372,1.0
19373,0.07
19374,0.05
19375,0.34
19376,0.19
19377,0.17
19378,0.16
19379,0.19
19380,0.3
19381,0.08
19382,0.12
19383,0.01
19384,0.05
19385,1.0
19386,0.29
19387,0.93
19388,0.23
19389,0.25
19390,0.09
19391,1.0
19392,1.0
19393,0.04058333333333333
19394,0.39
19395,0.601466686091686
19396,0.99
19397,0.04
19398,0.48085624098124086
19399,0.0840909090909091
19400,0.9006666666666666
19401,0.67
19402,0.06
19403,0.1
19404,1.0
19405,0.38
19406,0.03
19407,0.02
19408,0.09
19409,0.21
19410,0.12
19411,0.13
19412,1.0
19413,0.26
19414,0.22
19415,0.12
19416,0.48
19417,0.24
19418,0.2
19419,0.08
19420,0.15
19421,1.0
19422,0.08
19423,0.18
19424,0.04
19425,0.04
19426,0.18
19427,0.03954545454545454
19428,0.16
19429,0.76
19430,0.02
19431,0.17
19432,0.7741666666666667
19433,0.15
19434,0.54
19435,0.2525
19436,0.07
19437,0.15
19438,0.8232732213438736
19439,0.02
19440,0.98
19441,0.02
19442,0.06
19443,0.02
19444,0.16
19445,0.98
19446,0.39
19447,0.27
19448,0.06
19449,0.55
19450,0.08
19451,0.23
19452,0.39
19453,0.31
19454,0.07
19455,0.02
19456,0.94
19457,0.05
19458,0.8320000000000001
19459,0.05
19460,0.68
19461,0.06
19462,0.12
19463,0.21
19464,0.35
19465,0.1
19466,0.12
19467,0.12
19468,0.9396428571428572
19469,0.46
19470,0.06
19471,1.0
19472,0.15
19473,0.4
19474,0.08
19475,0.93
19476,0.07
19477,0.04
19478,0.22
19479,0.99
19480,0.34573705329608545
19481,0.37
19482,0.23
19483,0.2
19484,0.2
19485,0.41
19486,0.2611111111111111
19487,0.19633333333333333
19488,0.05
19489,0.37
19490,0.0
19491,0.49
19492,1.0
19493,0.7735686274509804
19494,0.1
19495,0.35
19496,0.06111111111111111
19497,0.39
19498,0.17
19499,0.1
19500,0.65
19501,0.08
19502,0.105
19503,0.01
19504,0.31
19505,0.4104558512943373
19506,0.15
19507,0.24
19508,1.0
19509,0.26
19510,0.32
19511,1.0
19512,0.06333333333333332
19513,0.02
19514,0.3
19515,0.02
19516,1.0
19517,0.32
19518,0.28
19519,0.12
19520,0.2
19521,0.06
19522,0.3041666666666667
19523,0.94
19524,0.47
19525,0.026666666666666665
19526,0.99
19527,0.01
19528,1.0
19529,0.02125
19530,0.22
19531,0.7985915777692094
19532,1.0
19533,0.18
19534,0.7339102564102565
19535,0.33
19536,0.62
19537,0.13
19538,0.12
19539,0.03
19540,0.01
19541,0.01
19542,0.01
19543,0.17
19544,0.16
19545,0.35
19546,0.19
19547,0.07
19548,0.16
19549,0.28
19550,0.18
19551,0.145
19552,0.11
19553,0.15
19554,0.07
19555,0.01
19556,0.28
19557,0.28
19558,0.02
19559,0.02
19560,0.32
19561,0.1725
19562,1.0
19563,0.27
19564,0.27
19565,0.02
19566,0.96
19567,1.0
19568,0.16480519480519484
19569,0.53
19570,0.5833333333333333
19571,0.1
19572,0.1
19573,0.21583333333333332
19574,1.0
19575,0.12
19576,0.22
19577,0.46
19578,0.02
19579,0.21
19580,0.38
19581,0.08
19582,0.04
19583,0.03
19584,0.15
19585,0.15
19586,0.11
19587,0.16
19588,0.56
19589,0.21
19590,0.26
19591,0.008
19592,0.05
19593,0.27
19594,0.76
19595,0.24
19596,0.26
19597,0.07
19598,0.19
19599,0.06
19600,0.11
19601,0.15
19602,0.94
19603,0.0
19604,0.8915384615384616
19605,0.04
19606,0.11
19607,0.15
19608,0.21
19609,0.02
19610,0.18
19611,0.24
19612,0.28
19613,0.99
19614,0.3
19615,0.22
19616,0.02
19617,0.03
19618,0.13
19619,0.01
19620,0.0
19621,0.13
19622,0.45
19623,0.13
19624,0.1
19625,0.6
19626,1.0
19627,0.39
19628,0.24
19629,0.03858333333333333
19630,0.03
19631,0.06
19632,0.2
19633,0.026666666666666665
19634,0.17
19635,0.06
19636,0.16
19637,0.8308655788655789
19638,0.0625
19639,1.0
19640,0.92
19641,0.01
19642,0.02
19643,0.038235294117647055
19644,0.41
19645,0.12
19646,0.17
19647,0.97
19648,1.0
19649,0.15
19650,0.09
19651,0.98
19652,0.16
19653,1.0
19654,0.26
19655,0.1
19656,0.29
19657,0.2
19658,0.02
19659,0.45
19660,0.18
19661,0.36
19662,0.32
19663,0.515531914893617
19664,0.5107142857142857
19665,0.006
19666,0.03
19667,0.021739130434782608
19668,0.18
19669,0.5
19670,0.09
19671,0.18
19672,0.03
19673,0.48
19674,0.66
19675,0.0
19676,0.02
19677,0.04
19678,0.43
19679,0.23
19680,0.05
19681,0.04
19682,0.14
19683,1.0
19684,0.04
19685,0.92
19686,0.02
19687,0.01
19688,0.12
19689,0.76
19690,0.07
19691,0.08
19692,0.05
19693,0.02
19694,0.3
19695,0.28
19696,0.05
19697,0.19
19698,0.09727272727272726
19699,0.218
19700,1.0
19701,0.17
19702,0.45
19703,0.09
19704,0.36
19705,0.03
19706,0.1
19707,0.59
19708,0.14
19709,0.32
19710,1.0
19711,0.19
19712,0.4455575064539763
19713,0.01
19714,0.04
19715,0.08
19716,1.0
19717,0.49
19718,0.15
19719,0.93
19720,0.8123333333333335
19721,0.29
19722,0.22
19723,0.28
19724,0.14
19725,0.22
19726,0.13
19727,0.11
19728,0.42
19729,0.2692966994246063
19730,0.0
19731,0.723393665158371
19732,0.05
19733,0.37
19734,0.36
19735,0.03
19736,0.38
19737,0.12
19738,0.11
19739,0.03
19740,0.03
19741,0.010149081854964208
19742,0.01
19743,0.3866666666666667
19744,0.14
19745,0.59
19746,0.35
19747,0.92
19748,1.0
19749,0.07647058823529412
19750,0.32
19751,0.23399999999999999
19752,0.99
19753,0.24
19754,0.04
19755,0.6634210526315789
19756,0.13
19757,0.7797715924426452
19758,0.01
19759,0.155
19760,0.01
19761,1.0
19762,0.24
19763,0.09
19764,0.34295238095238095
19765,0.08875
19766,0.08
19767,1.0
19768,0.47
19769,0.02
19770,1.0
19771,0.06
19772,0.89
19773,0.31
19774,0.39
19775,0.03
19776,0.04333333333333334
19777,0.12
19778,0.2
19779,0.03
19780,0.01
19781,0.07
19782,0.09
19783,0.37
19784,0.34
19785,0.98
19786,0.8455256410256411
19787,0.31
19788,1.0
19789,0.1
19790,0.13
19791,0.66
19792,0.02
19793,0.02
19794,0.14
19795,0.41
19796,1.0
19797,0.15
19798,0.3
19799,0.820952380952381
19800,0.07
19801,0.06007581695947223
19802,0.32
19803,0.63
19804,0.51
19805,0.08
19806,0.7240000000000001
19807,0.02
19808,0.09
19809,0.27
19810,0.27
19811,0.6535686274509804
19812,1.0
19813,0.21
19814,0.83
19815,0.05166666666666666
19816,0.04
19817,0.46
19818,0.11
19819,0.19
19820,0.15
19821,1.0
19822,0.07
19823,0.12
19824,0.99
19825,0.165
19826,0.04
19827,0.36
19828,0.22
19829,0.3
19830,0.4296800142581876
19831,0.05
19832,1.0
19833,0.16139386838651543
19834,1.0
19835,0.04
19836,0.11375
19837,1.0
19838,0.99
19839,0.06
19840,0.03
19841,0.11
19842,0.14
19843,0.01
19844,0.06
19845,0.12
19846,1.0
19847,0.21
19848,0.14
19849,0.1
19850,0.0
19851,0.36
19852,0.01
19853,0.09
19854,0.16
19855,0.32
19856,1.0
19857,0.97
19858,0.0
19859,0.01
19860,0.0
19861,1.0
19862,0.33
19863,0.04
19864,0.97
19865,0.3375
19866,0.99
19867,0.45
19868,0.87
19869,0.09
19870,0.08
19871,0.02
19872,1.0
19873,0.12
19874,0.31
19875,0.22
19876,0.8086666666666668
19877,0.93
19878,0.4
19879,0.3346969696969697
19880,0.2
19881,1.0
19882,0.09
19883,0.0
19884,0.1834126436781609
19885,1.0
19886,0.16
19887,0.99
19888,0.69
19889,0.07
19890,0.26125
19891,1.0
19892,0.23
19893,0.92
19894,0.01
19895,0.04
19896,0.12
19897,0.1
19898,0.18
19899,0.01
19900,0.08
19901,0.1
19902,0.015833333333333335
19903,0.14
19904,0.93
19905,0.04
19906,0.78
19907,0.08
19908,0.06
19909,0.8466666666666666
19910,0.32
19911,0.04
19912,0.02
19913,0.94
19914,1.0
19915,0.33
19916,1.0
19917,0.38
19918,0.03
19919,0.19399999999999998
19920,0.61
19921,0.16
19922,0.39
19923,0.01
19924,0.17
19925,0.33
19926,0.04
19927,0.13
19928,0.08
19929,0.03
19930,0.51
19931,0.04
19932,0.02
19933,0.54
19934,0.64
19935,0.04
19936,0.085
19937,0.41200000000000003
19938,0.11
19939,0.53
19940,0.19035714285714284
19941,0.2033333333333333
19942,0.19
19943,0.95
19944,0.08
19945,0.6
19946,0.08
19947,0.99
19948,0.09
19949,0.06
19950,0.93
19951,1.0
19952,0.14
19953,0.13
19954,0.29
19955,0.04
19956,0.47
19957,0.06
19958,0.13
19959,0.16
19960,0.27
19961,0.15666666666666668
19962,0.01
19963,0.91
19964,0.13
19965,0.07
19966,0.15
19967,0.05
19968,0.14
19969,0.16
19970,0.02
19971,0.19
19972,0.26
19973,0.01
19974,0.364
19975,0.98
19976,0.03
19977,0.27
19978,0.055
19979,0.14
19980,0.97
19981,0.05
19982,0.14333333333333334
19983,0.29
19984,0.98
19985,0.38
19986,0.97
19987,0.1
19988,0.01
19989,1.0
19990,0.96
19991,0.47200000000000003
19992,0.82
19993,0.06
19994,0.29
19995,0.58
19996,0.1
19997,0.1
19998,0.01
19999,0.12
20000,0.14
20001,0.17
20002,0.13
20003,0.03
20004,0.77
20005,0.04
20006,0.05
20007,0.05
20008,0.892
20009,0.01
20010,0.049411764705882356
20011,0.06
20012,0.8032058823529411
20013,0.03
20014,0.04
20015,0.49
20016,0.04
20017,0.2
20018,0.01
20019,0.04
20020,0.16
20021,0.27
20022,0.17
20023,0.24
20024,0.04
20025,0.35
20026,0.49413013244806714
20027,0.09
20028,0.46
20029,0.08
20030,0.06
20031,0.27
20032,0.4
20033,0.22
20034,0.69
20035,0.008181818181818182
20036,0.03
20037,0.95
20038,0.21
20039,0.02857142857142857
20040,0.01
20041,0.03
20042,0.11
20043,0.02
20044,0.04
20045,0.9
20046,1.0
20047,0.13
20048,0.99
20049,0.64
20050,1.0
20051,0.6098571428571427
20052,1.0
20053,1.0
20054,0.37
20055,0.05
20056,0.35
20057,0.23
20058,0.12
20059,0.01
20060,0.2
20061,0.07
20062,0.2
20063,0.01
20064,0.0
20065,0.98
20066,0.45
20067,0.08
20068,0.05
20069,1.0
20070,0.19
20071,0.07
20072,0.14
20073,0.41
20074,1.0
20075,0.01
20076,0.02
20077,0.43
20078,0.45
20079,0.21
20080,0.03
20081,0.46
20082,0.17
20083,0.11
20084,0.36
20085,0.64
20086,0.07
20087,0.2
20088,1.0
20089,0.13
20090,0.06
20091,0.9588888888888889
20092,0.37
20093,1.0
20094,0.18
20095,0.01
20096,0.01
20097,0.605
20098,1.0
20099,0.17
20100,0.040999999999999995
20101,0.19
20102,0.15
20103,0.95
20104,0.3
20105,0.71
20106,0.03
20107,0.34
20108,0.25
20109,0.0
20110,1.0
20111,1.0
20112,1.0
20113,0.02
20114,0.99
20115,0.13
20116,0.5
20117,0.15
20118,0.19
20119,0.1
20120,0.09
20121,0.03
20122,0.36
20123,0.26
20124,0.65
20125,0.428
20126,0.06
20127,0.25
20128,0.16
20129,0.06
20130,0.28
20131,0.36
20132,0.15
20133,0.17
20134,0.01
20135,0.34
20136,0.21
20137,0.29
20138,1.0
20139,1.0
20140,0.03
20141,0.03
20142,0.24408333333333332
20143,0.22
20144,0.8032058823529411
20145,0.21
20146,0.19
20147,0.0
20148,0.28
20149,0.27
20150,0.054000000000000006
20151,0.1225
20152,0.24
20153,0.27
20154,0.29333333333333333
20155,0.02
20156,0.08
20157,0.0
20158,1.0
20159,1.0
20160,0.008181818181818182
20161,1.0
20162,0.665
20163,0.18
20164,0.27
20165,0.07
20166,0.33
20167,1.0
20168,1.0
20169,0.47
20170,0.11
20171,0.02
20172,0.03
20173,0.205
20174,0.34
20175,0.01
20176,0.15
20177,0.015
20178,0.8466666666666666
20179,0.98
20180,0.05
20181,0.34
20182,0.31
20183,0.04
20184,1.0
20185,0.12
20186,0.03
20187,0.08
20188,0.21
20189,0.06
20190,0.0
20191,0.003333333333333333
20192,0.47
20193,0.48
20194,0.1
20195,0.2
20196,0.03
20197,0.1
20198,0.13
20199,0.29
20200,0.72
20201,0.08
20202,0.029166666666666664
20203,0.31
20204,0.07400000000000001
20205,0.38
20206,0.09
20207,0.57
20208,0.03
20209,0.17208973623249205
20210,0.4
20211,0.5
20212,0.14
20213,0.07
20214,0.04
20215,0.0875
20216,0.3325
20217,0.82
20218,0.15
20219,0.04
20220,0.26
20221,0.05307692307692308
20222,0.01
20223,0.36
20224,0.09
20225,0.41
20226,0.2
20227,0.16
20228,0.06
20229,0.33799852695593513
20230,0.19
20231,0.1
20232,0.94
20233,0.4
20234,0.98
20235,0.03
20236,0.55
20237,1.0
20238,0.2
20239,0.14438709677419354
20240,0.13
20241,0.01
20242,0.02
20243,1.0
20244,0.24
20245,0.98
20246,0.05
20247,0.52
20248,0.19
20249,0.37
20250,0.07
20251,0.03
20252,0.13909090909090907
20253,0.8504999999999999
20254,0.0875
20255,0.03
20256,0.1
20257,0.36
20258,0.02
20259,0.98
20260,0.07
20261,0.02
20262,0.99
20263,0.22
20264,0.15
20265,0.95
20266,0.64
20267,0.04
20268,0.08
20269,0.48
20270,1.0
20271,0.1375
20272,1.0
20273,1.0
20274,0.39
20275,0.18
20276,0.42
20277,0.52
20278,0.95
20279,0.8466750208855472
20280,0.02
20281,0.04
20282,0.38
20283,0.28
20284,0.09
20285,0.07
20286,0.26
20287,0.21
20288,0.04
20289,0.14
20290,0.08
20291,0.0
20292,0.22
20293,0.25
20294,0.17
20295,0.01
20296,1.0
20297,0.86
20298,0.35
20299,0.07
20300,0.01
20301,0.826
20302,0.09
20303,0.14
20304,0.32
20305,0.17
20306,0.05
20307,0.2
20308,0.13
20309,0.02
20310,0.53
20311,0.44
20312,1.0
20313,0.56
20314,0.125
20315,0.23
20316,0.15
20317,0.99
20318,0.14
20319,1.0
20320,0.03
20321,0.21
20322,0.26
20323,0.5531428571428572
20324,0.1
20325,0.24
20326,0.99
20327,0.12
20328,0.01
20329,0.63
20330,0.05
20331,0.21
20332,0.72
20333,0.61
20334,0.14
20335,0.3025
20336,0.63
20337,0.14
20338,0.14
20339,1.0
20340,0.05
20341,0.08
20342,0.09
20343,0.23
20344,0.1946651583710407
20345,0.41
20346,0.1088888888888889
20347,0.19
20348,0.1
20349,0.61
20350,0.51
20351,0.11
20352,0.39
20353,0.355
20354,0.98
20355,0.07021428571428572
20356,0.05916666666666666
20357,0.04
20358,0.03
20359,0.05
20360,0.03
20361,0.05
20362,0.12
20363,0.02
20364,0.03
20365,0.2015357142857143
20366,0.13
20367,0.94
20368,0.18
20369,0.23
20370,0.31
20371,0.0
20372,0.07
20373,0.19
20374,0.14
20375,1.0
20376,0.12
20377,0.99
20378,0.09
20379,0.21
20380,0.04
20381,0.14
20382,0.18666666666666668
20383,0.33
20384,0.03
20385,0.3
20386,0.99
20387,0.32
20388,0.25
20389,0.26
20390,0.37
20391,0.08
20392,0.39
20393,0.17
20394,0.05
20395,0.04
20396,0.57
20397,0.99
20398,0.99
20399,0.93
20400,0.03
20401,0.13
20402,0.17
20403,0.49
20404,1.0
20405,0.06
20406,0.02
20407,0.02
20408,0.44
20409,0.04
20410,1.0
20411,0.7783095238095238
20412,1.0
20413,0.08
20414,1.0
20415,0.12
20416,0.06
20417,0.48333333333333334
20418,0.22
20419,0.013333333333333332
20420,0.12707692307692306
20421,0.4
20422,0.13
20423,0.11179824561403509
20424,0.6833333333333335
20425,0.01
20426,0.02
20427,0.98
20428,0.175
20429,0.12
20430,0.97
20431,0.6913636363636363
20432,0.18
20433,0.03
20434,0.13
20435,0.04
20436,0.05
20437,1.0
20438,0.07
20439,0.1
20440,0.43
20441,0.08
20442,0.94
20443,1.0
20444,0.38
20445,0.18
20446,0.03
20447,1.0
20448,0.11
20449,0.33
20450,0.01
20451,0.21
20452,0.096
20453,0.27
20454,1.0
20455,0.06
20456,0.19
20457,0.33
20458,0.58
20459,0.42
20460,0.19
20461,0.01
20462,0.35
20463,0.49
20464,0.04
20465,0.6
20466,0.19
20467,0.65
20468,0.16
20469,0.35
20470,0.0
20471,0.02
20472,1.0
20473,0.33
20474,0.02
20475,0.7339102564102565
20476,0.47
20477,0.25
20478,0.04
20479,0.88
20480,0.05
20481,0.99
20482,0.1
20483,0.25
20484,0.465
20485,0.13
20486,0.63
20487,0.03
20488,0.99
20489,0.28
20490,1.0
20491,0.02
20492,0.02
20493,0.205
20494,0.09
20495,0.03
20496,0.13
20497,0.01
20498,0.17
20499,0.04
20500,0.37
20501,0.01
20502,0.016
20503,1.0
20504,0.09
20505,0.02
20506,0.085
20507,0.12
20508,0.28
20509,0.1
20510,0.43
20511,0.01
20512,0.033
20513,0.15
20514,0.07
20515,0.05
20516,1.0
20517,0.22
20518,0.14
20519,0.836078947368421
20520,0.08
20521,0.26
20522,0.06
20523,0.06
20524,0.3
20525,0.41
20526,0.11
20527,0.17947275273745864
20528,0.05
20529,0.45
20530,0.88
20531,0.27
20532,0.11
20533,0.04
20534,0.7304939431913116
20535,0.09
20536,0.01
20537,0.29
20538,0.04
20539,0.0325
20540,0.1
20541,0.06
20542,0.62
20543,0.01
20544,0.914
20545,1.0
20546,0.27
20547,1.0
20548,0.06
20549,0.41
20550,1.0
20551,0.11
20552,0.54
20553,0.01
20554,0.14
20555,0.9307407407407408
20556,0.06
20557,0.0
20558,0.99
20559,0.04
20560,0.01
20561,0.25
20562,0.06
20563,0.22
20564,0.19
20565,1.0
20566,0.76
20567,0.21
20568,1.0
20569,0.14
20570,0.08
20571,0.24292060880296176
20572,0.07
20573,0.2
20574,0.0
20575,0.24
20576,0.5941679203669322
20577,1.0
20578,0.07
20579,1.0
20580,0.15
20581,0.28
20582,0.02
20583,0.16
20584,0.09
20585,0.67
20586,0.0
20587,1.0
20588,0.07
20589,0.045
20590,0.06
20591,0.2575454545454545
20592,0.24
20593,0.36
20594,0.13
20595,0.54
20596,0.05
20597,1.0
20598,0.37
20599,0.325
20600,0.39
20601,0.3
20602,0.0
20603,0.26
20604,0.5202256823860129
20605,0.13
20606,0.19
20607,0.95
20608,0.99
20609,0.43
20610,0.605
20611,0.19
20612,0.2
20613,0.53
20614,0.05
20615,0.28
20616,0.01
20617,0.97
20618,0.2
20619,0.46
20620,0.014750000000000001
20621,0.07
20622,0.24
20623,0.94
20624,0.08
20625,0.99
20626,0.34
20627,0.15
20628,0.09
20629,0.17
20630,0.35
20631,0.35
20632,0.01
20633,0.25
20634,0.09
20635,1.0
20636,0.05
20637,0.11
20638,0.05
20639,0.14
20640,0.29
20641,0.15
20642,0.01
20643,0.01
20644,0.35
20645,0.11
20646,0.38
20647,0.01
20648,0.99
20649,0.08
20650,0.07
20651,0.92
20652,0.08
20653,0.08
20654,0.0
20655,0.08
20656,0.3
20657,0.005
20658,0.03
20659,0.23
20660,0.16
20661,0.02
20662,0.6873333333333334
20663,0.01
20664,1.0
20665,0.2
20666,1.0
20667,0.04
20668,0.77
20669,0.08
20670,0.16
20671,1.0
20672,1.0
20673,0.11
20674,0.21
20675,0.11
20676,0.08
20677,0.02
20678,0.03
20679,0.02
20680,0.98
20681,0.26
20682,0.47
20683,0.1925
20684,0.2425
20685,0.17
20686,0.99
20687,0.34
20688,0.17
20689,0.14
20690,0.05
20691,0.15
20692,0.01
20693,0.7339102564102565
20694,0.23
20695,0.03
20696,0.82
20697,0.06
20698,0.78
20699,0.35
20700,0.39
20701,0.04
20702,0.32
20703,0.01
20704,0.33
20705,0.05
20706,0.18
20707,1.0
20708,0.27
20709,0.26
20710,0.13
20711,0.24
20712,0.21
20713,0.40456991484404753
20714,1.0
20715,0.09
20716,0.99
20717,0.99
20718,0.03
20719,0.78
20720,0.19842105263157894
20721,0.12
20722,0.34
20723,0.69
20724,0.03
20725,0.32
20726,0.15545454545454546
20727,0.02
20728,0.2
20729,0.664
20730,0.8455256410256411
20731,0.41
20732,0.27
20733,0.13
20734,0.2
20735,0.13
20736,0.5
20737,0.56
20738,0.04
20739,0.62
20740,1.0
20741,0.0
20742,0.42
20743,0.0
20744,0.26
20745,0.26
20746,0.02
20747,0.03
20748,0.12
20749,0.49
20750,1.0
20751,0.01
20752,0.01
20753,0.31
20754,0.15
20755,0.892
20756,0.06
20757,0.18
20758,0.3
20759,0.99
20760,0.39
20761,0.2
20762,0.23
20763,0.99
20764,0.06
20765,0.09
20766,0.59
20767,0.99
20768,0.07
20769,0.19
20770,0.04
20771,0.18
20772,0.045
20773,0.88
20774,0.29
20775,1.0
20776,0.09
20777,0.33
20778,0.27
20779,0.5
20780,0.45
20781,0.31
20782,1.0
20783,0.33666666666666667
20784,0.1110702291082932
20785,0.21
20786,0.14
20787,1.0
20788,0.92
20789,0.17
20790,0.23
20791,0.29
20792,0.1
20793,0.04
20794,1.0
20795,0.03
20796,0.08
20797,0.04
20798,0.16
20799,0.12
20800,0.01
20801,1.0
20802,0.182
20803,0.4
20804,0.105
20805,1.0
20806,0.92
20807,0.12
20808,0.32
20809,0.06
20810,0.11
20811,0.01
20812,1.0
20813,0.02
20814,0.62
20815,0.8289473684210527
20816,0.05
20817,0.09
20818,0.19
20819,0.02
20820,0.99
20821,0.05
20822,0.99
20823,1.0
20824,0.36
20825,0.03
20826,0.8288888888888889
20827,0.16
20828,0.28
20829,0.07
20830,0.18666666666666668
20831,0.2
20832,0.03
20833,0.09
20834,0.3
20835,0.3
20836,0.02
20837,0.98
20838,0.27
20839,0.36
20840,0.02
20841,0.99
20842,1.0
20843,1.0
20844,0.14
20845,0.49
20846,0.028666666666666663
20847,0.06
20848,0.25833333333333336
20849,0.67
20850,0.08
20851,0.11
20852,0.99
20853,0.21
20854,0.75
20855,0.05
20856,0.23571428571428568
20857,0.03
20858,0.16
20859,0.38
20860,0.1
20861,0.16
20862,0.11
20863,0.36
20864,0.05
20865,0.06
20866,0.23
20867,0.39
20868,0.49
20869,0.21
20870,0.94
20871,0.34
20872,0.51
20873,0.24
20874,0.28
20875,0.07
20876,0.12
20877,0.05
20878,0.35
20879,0.08
20880,0.13618406593406593
20881,0.09
20882,0.09
20883,0.02
20884,0.03333333333333333
20885,0.22
20886,0.07
20887,0.04
20888,0.6315000000000001
20889,0.0
20890,0.03
20891,0.14
20892,0.21
20893,1.0
20894,0.27
20895,0.06
20896,0.03
20897,0.02
20898,0.51
20899,0.01
20900,0.01
20901,0.07
20902,0.03
20903,0.01
20904,0.66
20905,0.065
20906,0.18
20907,0.29
20908,0.99
20909,0.01
20910,0.02
20911,1.0
20912,1.0
20913,0.41
20914,0.68
20915,0.64
20916,0.1
20917,0.85
20918,0.05
20919,1.0
20920,0.27
20921,0.05
20922,0.1075
20923,0.4296800142581876
20924,0.0
20925,0.03
20926,0.02
20927,0.12
20928,0.99
20929,0.16
20930,0.1
20931,0.03
20932,0.28
20933,0.3067954545454546
20934,0.07
20935,0.14
20936,0.25
20937,0.98
20938,0.24
20939,0.99
20940,0.0
20941,0.97
20942,0.7467619047619047
20943,0.5633333333333334
20944,0.09
20945,0.12
20946,0.14
20947,0.73
20948,0.07
20949,0.06
20950,0.3
20951,0.21
20952,0.14
20953,0.064
20954,0.18
20955,0.19
20956,0.96
20957,0.14
20958,0.21
20959,0.19
20960,0.25
20961,0.67
20962,0.028333333333333335
20963,0.33
20964,0.8991861471861471
20965,0.15
20966,0.75
20967,0.07
20968,0.5
20969,0.53
20970,0.01
20971,0.31
20972,0.13
20973,0.99
20974,0.1
20975,0.05
20976,1.0
20977,0.05
20978,0.9066666666666667
20979,0.99
20980,0.13
20981,0.22
20982,0.14904761904761904
20983,0.31
20984,0.03
20985,0.06
20986,0.09
20987,0.4
20988,1.0
20989,0.53
20990,0.15
20991,0.06
20992,0.15
20993,0.03
20994,0.1
20995,0.05
20996,1.0
20997,1.0
20998,0.79
20999,0.0
21000,0.25
21001,0.03
21002,0.07
21003,0.35
21004,1.0
21005,0.42
21006,0.74
21007,1.0
21008,0.24
21009,0.15
21010,0.06
21011,1.0
21012,0.12
21013,0.2452709536839972
21014,0.18
21015,0.05307692307692308
21016,0.88
21017,0.3
21018,0.10333333333333333
21019,0.0
21020,0.69
21021,0.05
21022,0.18
21023,0.07
21024,0.15
21025,0.8719550648096311
21026,0.99
21027,0.20333333333333337
21028,0.15
21029,0.723393665158371
21030,0.26
21031,0.06
21032,0.17
21033,0.09
21034,0.47
21035,0.21
21036,0.9066666666666667
21037,0.63
21038,0.9571428571428572
21039,0.21
21040,0.06
21041,0.75
21042,0.9440000000000001
21043,0.07
21044,0.265
21045,0.1
21046,0.33
21047,0.05
21048,0.76
21049,0.06
21050,0.14
21051,0.01
21052,0.17
21053,1.0
21054,0.16
21055,0.91
21056,0.25
21057,0.02
21058,0.99
21059,0.94
21060,0.01
21061,0.32
21062,0.02
21063,0.0
21064,0.17474489865279338
21065,0.01
21066,0.29
21067,0.4
21068,0.39
21069,1.0
21070,0.14
21071,0.19
21072,0.28
21073,1.0
21074,1.0
21075,0.93
21076,0.07
21077,0.98
21078,0.04
21079,1.0
21080,0.15
21081,0.92
21082,0.07
21083,0.01
21084,0.03
21085,0.9571428571428572
21086,0.02
21087,0.09
21088,0.27
21089,0.28
21090,0.84
21091,0.02
21092,0.03
21093,0.0
21094,0.05
21095,0.8242250000000001
21096,0.13
21097,0.43
21098,0.06
21099,0.02
21100,0.9233333333333333
21101,0.54
21102,0.08
21103,0.1
21104,0.58
21105,0.18
21106,0.04
21107,0.24
21108,0.2
21109,0.08683188435650814
21110,0.01
21111,0.35
21112,0.02
21113,0.18
21114,0.0
21115,0.1
21116,0.05
21117,0.06
21118,0.3
21119,0.34
21120,0.2533333333333333
21121,0.03
21122,0.04
21123,0.376
21124,0.04
21125,0.38
21126,0.1
21127,0.02
21128,0.7954054834054834
21129,0.34
21130,0.21
21131,1.0
21132,0.06
21133,0.72
21134,0.08
21135,0.0
21136,0.1
21137,0.97
21138,0.03
21139,0.03
21140,0.01
21141,0.46
21142,0.02
21143,0.01
21144,0.44
21145,0.03
21146,0.01
21147,0.04
21148,1.0
21149,0.21
21150,0.76
21151,0.39
21152,1.0
21153,0.94
21154,0.02
21155,1.0
21156,0.33
21157,0.06
21158,0.01
21159,0.03
21160,0.12
21161,1.0
21162,0.11
21163,0.6741666666666667
21164,0.12
21165,0.1
21166,0.05
21167,0.1025
21168,0.26
21169,0.74
21170,0.0
21171,0.135
21172,0.38
21173,0.24
21174,0.12875
21175,0.02
21176,0.05
21177,0.03
21178,0.04
21179,0.07
21180,0.25
21181,0.22
21182,0.02
21183,0.96
21184,0.23
21185,0.18
21186,0.0625
21187,0.02
21188,0.2
21189,0.1
21190,0.02
21191,0.06
21192,0.36
21193,0.005
21194,0.99
21195,0.09
21196,0.24
21197,0.43
21198,1.0
21199,0.06
21200,0.05
21201,0.02
21202,0.09
21203,0.04
21204,0.09
21205,0.04888888888888889
21206,0.43
21207,0.09
21208,0.04
21209,0.39
21210,0.41333333333333333
21211,0.89
21212,0.10330519480519479
21213,0.09
21214,0.53
21215,0.11
21216,0.25
21217,0.11833333333333335
21218,1.0
21219,0.19
21220,0.13
21221,0.02
21222,0.56
21223,0.03
21224,0.6
21225,0.0
21226,0.03
21227,0.16
21228,0.16
21229,0.08
21230,0.07
21231,0.06
21232,0.04
21233,0.03
21234,0.1
21235,0.10666666666666666
21236,0.05
21237,0.28
21238,0.2733485958485959
21239,0.04
21240,0.34
21241,0.03
21242,0.22
21243,1.0
21244,0.38
21245,1.0
21246,0.44
21247,0.1
21248,0.18
21249,0.02
21250,0.27
21251,0.8915384615384616
21252,0.0
21253,0.35
21254,0.06166666666666667
21255,0.08
21256,0.29
21257,0.04
21258,0.0
21259,0.0
21260,0.0
21261,0.18
21262,0.31
21263,0.26
21264,0.08
21265,0.07
21266,0.51
21267,0.99
21268,0.22
21269,0.01
21270,0.02
21271,0.02
21272,0.2
21273,0.14
21274,0.17
21275,0.15
21276,0.52
21277,0.2
21278,0.21
21279,0.59
21280,0.9
21281,0.5018794538794539
21282,0.98
21283,0.01
21284,0.07
21285,0.07
21286,0.11
21287,0.3
21288,0.99
21289,1.0
21290,1.0
21291,0.06
21292,0.11
21293,0.07
21294,0.12
21295,0.09
21296,0.22
21297,0.06
21298,0.03
21299,0.04
21300,0.2
21301,0.03
21302,0.07
21303,0.06
21304,0.18
21305,0.04
21306,0.42
21307,0.19
21308,0.2
21309,0.46
21310,0.15
21311,0.93
21312,0.21
21313,0.6
21314,0.02
21315,0.02
21316,0.12
21317,0.06
21318,0.07
21319,0.07
21320,0.07
21321,0.11
21322,0.03
21323,0.99
21324,0.17
21325,0.17
21326,0.915
21327,0.28
21328,0.02
21329,1.0
21330,0.97
21331,0.07
21332,0.33
21333,0.16
21334,0.14
21335,0.18546689584924878
21336,0.2983333333333333
21337,0.15
21338,0.55
21339,0.04
21340,0.23
21341,0.095
21342,0.16
21343,0.605
21344,0.18396135265700483
21345,0.36368117451340626
21346,0.94
21347,1.0
21348,0.29
21349,0.09
21350,0.37
21351,0.17
21352,0.32
21353,0.1
21354,0.2
21355,0.99
21356,0.16
21357,0.5
21358,1.0
21359,0.08
21360,0.07
21361,1.0
21362,0.41285714285714287
21363,0.045
21364,0.25
21365,0.02
21366,0.13
21367,0.07
21368,0.99
21369,0.4666666666666666
21370,0.36
21371,0.01
21372,0.09
21373,1.0
21374,0.76
21375,0.17
21376,0.58
21377,0.92
21378,1.0
21379,0.22
21380,0.03
21381,0.31
21382,0.38
21383,0.51
21384,0.07
21385,0.11
21386,0.97
21387,0.0
21388,0.9396428571428572
21389,0.1577511961722488
21390,0.16
21391,0.0
21392,0.2
21393,0.0
21394,0.46
21395,0.16
21396,0.28
21397,0.07
21398,0.0
21399,0.21
21400,0.8032058823529411
21401,0.07
21402,0.23
21403,0.02
21404,0.02
21405,0.15
21406,0.88
21407,0.09
21408,0.27
21409,0.08
21410,0.05
21411,1.0
21412,0.65
21413,0.23
21414,0.46
21415,0.54
21416,0.455
21417,0.13
21418,0.16
21419,0.08
21420,0.0
21421,0.04
21422,0.25
21423,0.09
21424,0.04
21425,0.26
21426,0.12
21427,0.25
21428,0.24
21429,0.0
21430,1.0
21431,0.99
21432,0.98
21433,0.11333333333333333
21434,1.0
21435,0.08
21436,0.07
21437,0.27
21438,0.0
21439,0.29
21440,0.95
21441,0.23
21442,0.04
21443,0.21
21444,0.04
21445,0.1
21446,0.09
21447,0.27
21448,0.73
21449,0.17
21450,0.99
21451,0.48
21452,0.24
21453,0.09
21454,0.07
21455,0.01
21456,0.04
21457,0.13
21458,0.06
21459,0.1
21460,0.10933333333333334
21461,0.06
21462,0.27
21463,0.06
21464,0.0
21465,0.5202256823860129
21466,0.07
21467,0.15
21468,0.02
21469,0.02
21470,0.06
21471,0.0
21472,0.2
21473,1.0
21474,0.14
21475,0.99
21476,0.04
21477,0.33
21478,0.1
21479,0.06
21480,0.2
21481,0.2
21482,0.055
21483,0.14
21484,0.77
21485,0.01
21486,0.535
21487,0.11
21488,0.0175
21489,0.1
21490,0.11
21491,0.06
21492,0.94
21493,0.57
21494,1.0
21495,0.04
21496,0.99
21497,0.09
21498,0.387502790622827
21499,0.32
21500,0.14833333333333334
21501,0.12
21502,0.05
21503,0.14
21504,0.03
21505,0.56
21506,0.1
21507,0.03
21508,0.07
21509,1.0
21510,0.01
21511,0.5978439153439153
21512,0.05
21513,0.16
21514,0.06
21515,0.36
21516,0.46
21517,0.8542857142857143
21518,0.04
21519,1.0
21520,0.19
21521,0.6833333333333335
21522,0.02
21523,0.11989296810897633
21524,0.48
21525,0.06
21526,0.07
21527,0.16
21528,0.05
21529,0.0
21530,0.07
21531,0.17
21532,0.24
21533,0.28
21534,0.0
21535,0.01
21536,0.3
21537,1.0
21538,0.01
21539,0.43
21540,0.28
21541,0.05
21542,0.09
21543,0.01
21544,0.62
21545,0.07
21546,0.025
21547,0.37
21548,0.44
21549,0.1
21550,0.07785714285714286
21551,0.02
21552,0.21
21553,1.0
21554,0.23
21555,0.05
21556,0.99
21557,0.52
21558,0.02
21559,0.013999999999999999
21560,0.14
21561,0.914
21562,0.01
21563,0.62
21564,0.04
21565,0.18
21566,0.03
21567,0.63
21568,0.01
21569,0.42
21570,0.21
21571,0.68
21572,0.33
21573,0.31
21574,0.01
21575,0.01
21576,0.32
21577,0.78
21578,1.0
21579,0.20534632034632036
21580,0.13
21581,0.13
21582,0.8466666666666666
21583,0.03
21584,0.04
21585,0.24
21586,0.01
21587,0.26
21588,0.01
21589,0.98
21590,0.11
21591,0.165
21592,0.09
21593,1.0
21594,0.08
21595,0.4
21596,0.08
21597,1.0
21598,0.035
21599,0.01
21600,0.37
21601,0.17
21602,0.05
21603,0.44
21604,0.34
21605,0.78
21606,0.899090909090909
21607,0.03
21608,0.08
21609,0.91
21610,0.05
21611,1.0
21612,0.31
21613,0.008181818181818182
21614,1.0
21615,0.16
21616,0.07
21617,1.0
21618,0.37
21619,0.02
21620,0.12
21621,0.99
21622,0.19
21623,1.0
21624,0.06
21625,0.06
21626,0.9666666666666666
21627,0.01
21628,0.02
21629,0.22
21630,0.03
21631,0.0
21632,0.11
21633,0.99
21634,0.09
21635,0.94
21636,0.59
21637,0.57
21638,0.08
21639,0.13
21640,0.82
21641,0.22
21642,0.0
21643,1.0
21644,0.02
21645,0.05
21646,0.21
21647,0.03
21648,0.03
21649,0.08
21650,0.02
21651,0.01
21652,1.0
21653,0.45
21654,1.0
21655,0.02
21656,0.11
21657,1.0
21658,0.97
21659,0.1
21660,0.13
21661,0.09
21662,0.91
21663,0.17
21664,0.47
21665,0.3
21666,0.11
21667,0.9097222222222223
21668,0.2
21669,0.21
21670,0.660078431372549
21671,0.96
21672,0.01
21673,0.03
21674,0.0103559510567297
21675,0.07
21676,0.11
21677,1.0
21678,0.26
21679,0.96
21680,0.23
21681,0.17
21682,0.58
21683,0.42
21684,0.11
21685,0.09
21686,0.01
21687,0.3
21688,0.09
21689,0.41333333333333333
21690,0.16
21691,0.54
21692,0.01
21693,0.02
21694,0.45
21695,0.13
21696,0.07
21697,0.05
21698,0.0
21699,0.48
21700,0.03142857142857143
21701,0.0
21702,0.010833333333333332
21703,0.07
21704,0.02
21705,0.99
21706,0.53
21707,0.54
21708,0.07
21709,0.43
21710,0.05
21711,0.34
21712,0.03
21713,0.99
21714,1.0
21715,0.17
21716,0.17
21717,0.13
21718,0.39
21719,0.99
21720,0.98
21721,0.1
21722,0.05
21723,0.035
21724,1.0
21725,0.03
21726,0.35
21727,0.99
21728,0.9288888888888889
21729,0.31666666666666665
21730,1.0
21731,0.516008878065318
21732,0.03
21733,0.44
21734,0.47
21735,0.07
21736,0.03
21737,0.11
21738,1.0
21739,0.17
21740,0.1
21741,0.08
21742,0.3
21743,0.03
21744,0.36
21745,0.07
21746,0.16
21747,0.04
21748,0.855
21749,0.47
21750,0.05
21751,0.9
21752,0.0
21753,0.003333333333333333
21754,0.3205263157894737
21755,0.09
21756,0.055
21757,0.26
21758,0.09
21759,0.09
21760,0.075
21761,0.55
21762,0.66
21763,0.1
21764,0.005217391304347826
21765,0.1
21766,1.0
21767,0.99
21768,0.89
21769,0.21749486461251166
21770,0.46
21771,0.0
21772,0.39
21773,0.12
21774,0.1
21775,0.0
21776,0.03
21777,0.04
21778,0.39
21779,0.41
21780,0.02
21781,0.02
21782,0.22
21783,0.68
21784,0.20266666666666666
21785,0.02
21786,0.7625
21787,0.15
21788,0.01
21789,0.24
21790,0.29
21791,0.35
21792,0.06
21793,0.26
21794,1.0
21795,0.055999999999999994
21796,0.15
21797,0.03
21798,0.94
21799,0.02
21800,0.0
21801,0.03
21802,0.08
21803,1.0
21804,0.39
21805,0.08
21806,0.06
21807,0.01
21808,0.13
21809,0.02
21810,0.21
21811,0.02
21812,0.03
21813,0.27
21814,0.98
21815,0.12
21816,0.26
21817,0.71
21818,0.08
21819,0.29
21820,0.02
21821,0.45
21822,0.05
21823,0.09
21824,0.01
21825,1.0
21826,0.03
21827,0.5202256823860129
21828,0.27
21829,0.8242250000000001
21830,0.19
21831,0.09
21832,0.05
21833,0.25
21834,0.23
21835,0.17
21836,0.31
21837,0.58
21838,0.07
21839,0.03
21840,0.05
21841,0.31
21842,0.02
21843,0.03
21844,0.175
21845,0.39
21846,0.0
21847,0.11
21848,0.12
21849,0.32
21850,0.2
21851,0.11
21852,0.12
21853,0.21120454545454545
21854,0.01
21855,1.0
21856,0.23
21857,0.25
21858,0.16
21859,0.42
21860,0.01
21861,0.13
21862,0.1
21863,0.08
21864,0.354
21865,0.4
21866,1.0
21867,1.0
21868,0.92
21869,1.0
21870,0.28
21871,0.98
21872,0.523
21873,0.47
21874,0.14
21875,0.2
21876,0.0
21877,0.29
21878,0.16
21879,0.29
21880,0.32
21881,0.09
21882,0.18
21883,0.28
21884,0.37
21885,0.23007575757575754
21886,0.35
21887,0.04
21888,0.12
21889,0.1
21890,0.46877848385704435
21891,1.0
21892,0.15
21893,0.02
21894,0.38
21895,1.0
21896,0.39
21897,0.31
21898,0.69
21899,0.06755681818181819
21900,0.9113333333333332
21901,0.40456991484404753
21902,0.06
21903,0.99
21904,0.59
21905,0.04
21906,0.02
21907,0.42
21908,0.0
21909,0.22
21910,0.46
21911,0.18
21912,0.99
21913,0.18916666666666665
21914,0.29
21915,0.11
21916,0.04
21917,0.47
21918,0.13
21919,0.05
21920,1.0
21921,0.03
21922,0.11
21923,0.92
21924,0.08666666666666668
21925,0.14
21926,0.06
21927,0.01
21928,0.07
21929,0.47200000000000003
21930,0.04
21931,0.5171428571428571
21932,0.01
21933,0.05
21934,0.37
21935,0.7
21936,0.22
21937,0.05
21938,0.28
21939,0.0
21940,0.02
21941,0.03
21942,0.03
21943,0.19
21944,0.3
21945,0.06
21946,1.0
21947,0.03
21948,0.0
21949,0.67
21950,0.96
21951,1.0
21952,0.97
21953,0.04
21954,0.99
21955,0.06
21956,1.0
21957,0.12
21958,0.16
21959,0.01
21960,0.0675
21961,0.01
21962,0.28
21963,0.07
21964,0.94
21965,0.39
21966,0.07
21967,0.11
21968,0.36
21969,0.3
21970,0.04
21971,0.215
21972,0.03090579710144927
21973,0.05
21974,0.7843095238095238
21975,0.17
21976,0.15
21977,0.27
21978,0.17
21979,0.42
21980,0.07777777777777778
21981,0.298
21982,0.49
21983,0.62
21984,0.14
21985,0.23
21986,0.09
21987,0.836
21988,0.49413013244806714
21989,0.09
21990,0.195
21991,0.75
21992,0.91
21993,0.25
21994,0.99
21995,0.14087301587301587
21996,0.28
21997,0.10166666666666666
21998,0.04
21999,0.11
22000,0.18
22001,0.02
22002,0.11
22003,0.02
22004,0.73
22005,0.11760073260073262
22006,0.0
22007,0.06
22008,0.02
22009,0.65
22010,0.53
22011,0.19
22012,0.2
22013,0.13
22014,0.99
22015,0.37
22016,0.06
22017,0.95
22018,0.33
22019,0.26
22020,0.058499999999999996
22021,0.1
22022,0.0
22023,0.95
22024,0.03
22025,0.22
22026,0.5
22027,0.054000000000000006
22028,0.09
22029,0.04
22030,1.0
22031,1.0
22032,0.03
22033,0.42
22034,0.11
22035,0.33
22036,0.1
22037,0.37
22038,0.64
22039,0.3
22040,1.0
22041,0.03
22042,0.98
22043,0.16
22044,0.14
22045,0.05
22046,1.0
22047,0.04
22048,0.97
22049,0.02
22050,0.012692307692307692
22051,0.15
22052,0.34
22053,0.23
22054,0.55
22055,0.37
22056,0.08
22057,0.25
22058,0.05
22059,0.19
22060,0.24
22061,0.03
22062,0.75
22063,0.97
22064,0.14076923076923076
22065,0.03
22066,0.92
22067,0.04
22068,0.02
22069,0.19
22070,0.02
22071,0.03
22072,0.32
22073,0.04
22074,0.07
22075,0.07
22076,0.09
22077,0.7066666666666667
22078,0.12
22079,0.18
22080,0.52
22081,0.12
22082,1.0
22083,0.08
22084,1.0
22085,0.05
22086,0.03
22087,0.22
22088,0.51
22089,0.76
22090,0.07
22091,0.16
22092,1.0
22093,0.22
22094,0.18666666666666668
22095,0.04
22096,0.04
22097,0.19
22098,0.07
22099,0.02
22100,0.02
22101,0.96
22102,0.27
22103,0.18
22104,0.03
22105,0.07
22106,0.02
22107,0.34
22108,0.31
22109,0.13
22110,0.21
22111,1.0
22112,0.15
22113,0.17
22114,0.8320000000000001
22115,0.16
22116,0.912
22117,0.515
22118,0.38
22119,0.26
22120,0.03
22121,0.723393665158371
22122,0.06
22123,0.0788888888888889
22124,0.26
22125,0.66
22126,0.05
22127,0.51
22128,0.0
22129,0.38
22130,0.13
22131,0.0
22132,0.21
22133,0.07
22134,0.03
22135,0.39
22136,0.77
22137,0.18
22138,0.625
22139,0.03
22140,0.8275
22141,0.39
22142,0.28
22143,0.07
22144,0.215
22145,1.0
22146,0.4
22147,0.12
22148,0.01
22149,0.08
22150,0.314
22151,0.07
22152,0.05
22153,0.17666666666666664
22154,0.015
22155,0.32
22156,0.17
22157,0.13
22158,0.35
22159,0.06
22160,0.285
22161,0.5202256823860129
22162,0.09
22163,0.21
22164,0.115
22165,0.12
22166,0.27
22167,0.02
22168,0.44
22169,0.03
22170,0.04333333333333333
22171,0.49
22172,0.01
22173,0.54
22174,0.05
22175,0.74
22176,0.24
22177,0.15
22178,0.2531111111111111
22179,1.0
22180,0.26
22181,0.03
22182,0.14
22183,0.04
22184,0.07
22185,0.22
22186,0.19514285714285712
22187,0.14
22188,0.05
22189,0.06
22190,0.07
22191,0.96
22192,0.2641441441441441
22193,0.25
22194,0.15
22195,0.2
22196,0.33666666666666667
22197,1.0
22198,0.0
22199,0.76
22200,0.3
22201,1.0
22202,0.25
22203,1.0
22204,0.6833333333333335
22205,0.01
22206,1.0
22207,0.04
22208,0.04
22209,0.01
22210,0.07
22211,0.72
22212,0.02
22213,0.21
22214,0.9571428571428572
22215,0.07
22216,0.93
22217,0.05
22218,0.25
22219,0.17
22220,0.7783095238095238
22221,0.04
22222,0.22
22223,0.33
22224,0.43
22225,0.0
22226,0.02
22227,0.41
22228,0.02
22229,0.28
22230,0.48
22231,0.03
22232,1.0
22233,0.11
22234,0.1
22235,0.045
22236,0.02
22237,0.02
22238,0.06
22239,0.04
22240,0.49
22241,0.08
22242,0.23
22243,0.17
22244,0.11
22245,0.34
22246,1.0
22247,0.03
22248,0.12
22249,0.57
22250,0.09
22251,0.24
22252,0.24
22253,1.0
22254,0.08
22255,0.39
22256,0.715
22257,0.1411904761904762
22258,0.99375
22259,0.04789473684210527
22260,0.09
22261,0.0
22262,0.1
22263,0.38
22264,0.11
22265,0.8087777777777778
22266,0.1
22267,0.44
22268,0.03
22269,0.23
22270,0.13
22271,0.08
22272,0.07
22273,0.15
22274,0.03
22275,0.39
22276,0.99
22277,0.17
22278,0.99
22279,0.516008878065318
22280,0.01
22281,0.12
22282,0.08
22283,0.89
22284,0.01
22285,0.99
22286,0.03
22287,0.04333333333333334
22288,0.21
22289,0.17
22290,0.87
22291,0.03
22292,1.0
22293,0.21
22294,0.45
22295,0.62
22296,0.05
22297,0.07
22298,0.02375
22299,0.5
22300,0.1
22301,0.07
22302,0.94
22303,0.53
22304,0.19
22305,0.32
22306,0.135
22307,0.17
22308,0.01
22309,0.01
22310,0.01
22311,0.23
22312,0.09
22313,0.95
22314,0.7339102564102565
22315,0.37
22316,0.67
22317,0.26
22318,0.0
22319,0.105
22320,0.06
22321,0.1
22322,0.25
22323,0.12
22324,0.41
22325,1.0
22326,0.39
22327,0.48
22328,0.0
22329,0.03
22330,0.07200000000000001
22331,0.1
22332,0.124
22333,0.08
22334,0.09375
22335,0.85
22336,0.05
22337,0.12
22338,0.25
22339,0.99
22340,0.039
22341,0.01
22342,0.15
22343,0.14
22344,0.97
22345,0.37
22346,0.48
22347,0.43
22348,0.93
22349,0.99
22350,0.3
22351,0.48
22352,0.06
22353,0.09
22354,0.42
22355,0.04
22356,0.03
22357,0.3
22358,0.664
22359,0.04
22360,0.99
22361,0.12
22362,0.25
22363,0.01
22364,0.21
22365,0.16
22366,0.36
22367,0.15666666666666668
22368,0.12214285714285715
22369,0.4
22370,0.205
22371,0.1471111111111111
22372,0.11
22373,1.0
22374,0.79
22375,1.0
22376,0.17
22377,0.17396135265700483
22378,0.38
22379,0.05
22380,0.13
22381,0.03
22382,0.55
22383,0.18
22384,0.14
22385,1.0
22386,0.24
22387,0.05
22388,0.4133333333333333
22389,0.40703274898476144
22390,1.0
22391,0.23
22392,0.03
22393,0.1
22394,0.09
22395,0.09
22396,0.17
22397,0.13
22398,0.16
22399,1.0
22400,0.58
22401,0.43
22402,0.64
22403,0.13
22404,0.11
22405,1.0
22406,0.01
22407,0.18
22408,0.99
22409,0.0
22410,0.19
22411,0.16
22412,0.06
22413,0.06
22414,0.7
22415,0.87
22416,1.0
22417,0.02
22418,0.4
22419,0.44
22420,0.01
22421,1.0
22422,0.21
22423,0.05
22424,0.35
22425,0.02
22426,0.01
22427,1.0
22428,0.28
22429,0.99
22430,0.23
22431,0.01
22432,0.99
22433,0.14
22434,0.04
22435,1.0
22436,0.05
22437,0.11
22438,0.99
22439,1.0
22440,0.8466666666666666
22441,0.0
22442,0.6
22443,0.06
22444,0.98
22445,0.18
22446,0.12
22447,0.26
22448,0.15
22449,0.78
22450,1.0
22451,0.23
22452,0.01
22453,0.28
22454,1.0
22455,0.03
22456,1.0
22457,0.0
22458,0.97
22459,0.03
22460,0.98
22461,0.0
22462,0.02
22463,0.04
22464,0.29
22465,0.5202256823860129
22466,1.0
22467,0.9666666666666666
22468,0.13
22469,0.8214756871035941
22470,0.39
22471,0.96
22472,0.1825
22473,0.26
22474,0.18
22475,0.14
22476,0.21
22477,0.41
22478,0.44
22479,0.0
22480,0.15
22481,0.12
22482,0.54
22483,0.01
22484,0.99
22485,0.02
22486,0.14
22487,0.03
22488,0.2
22489,0.04
22490,0.61
22491,1.0
22492,0.12
22493,0.15
22494,0.26
22495,0.27
22496,0.28
22497,0.86
22498,0.006666666666666666
22499,0.12
22500,0.8288888888888889
22501,0.09
22502,0.09825771324863883
22503,0.8583571428571429
22504,0.08
22505,0.07
22506,0.15
22507,0.17
22508,0.05
22509,0.01
22510,0.0
22511,0.03
22512,0.18
22513,0.03
22514,0.45
22515,1.0
22516,0.23
22517,0.81
22518,0.69
22519,0.135
22520,0.24
22521,0.0
22522,0.08
22523,0.04
22524,0.03666666666666667
22525,0.12125
22526,0.32
22527,0.0
22528,0.31
22529,0.2
22530,0.21
22531,0.56
22532,0.11
22533,0.01
22534,1.0
22535,0.15
22536,0.16
22537,0.16
22538,0.06
22539,0.03
22540,0.17
22541,0.9
22542,0.33
22543,0.8066666666666668
22544,0.65
22545,0.37
22546,0.04
22547,0.031818181818181815
22548,0.42
22549,0.36
22550,0.73
22551,0.165
22552,0.17
22553,0.36
22554,0.5
22555,0.0
22556,0.07
22557,0.11
22558,0.02
22559,1.0
22560,0.24
22561,0.06
22562,0.2
22563,0.82
22564,0.06
22565,0.98
22566,0.16
22567,0.02
22568,0.01
22569,1.0
22570,0.99
22571,0.03
22572,0.24
22573,0.02157894736842105
22574,0.29
22575,0.1
22576,0.05
22577,0.16
22578,0.3
22579,0.0013157894736842105
22580,0.74
22581,0.13
22582,0.33
22583,1.0
22584,0.32
22585,0.1
22586,0.03
22587,0.0
22588,0.79
22589,0.16
22590,1.0
22591,0.9440000000000001
22592,0.12
22593,0.035
22594,0.1
22595,0.07
22596,0.9
22597,0.01
22598,0.08
22599,0.17
22600,0.34666666666666673
22601,0.03
22602,0.24
22603,0.21
22604,0.13
22605,0.15
22606,0.0
22607,0.12
22608,0.05
22609,0.08166666666666667
22610,0.03
22611,0.31361596349387033
22612,0.34
22613,0.03
22614,0.08
22615,1.0
22616,0.15
22617,0.11
22618,0.95
22619,0.7
22620,0.07
22621,0.0103559510567297
22622,0.04
22623,0.02
22624,0.17
22625,0.22
22626,0.16
22627,0.0625
22628,0.74
22629,0.67
22630,1.0
22631,0.19
22632,0.65
22633,0.03
22634,0.13
22635,0.01
22636,1.0
22637,0.1
22638,0.09
22639,0.08
22640,0.07385057471264368
22641,0.06
22642,0.05
22643,0.07
22644,0.07125
22645,0.05
22646,0.17
22647,0.14
22648,0.01
22649,0.16
22650,0.93
22651,0.5969782157413737
22652,0.06
22653,1.0
22654,0.09
22655,0.13
22656,1.0
22657,0.15
22658,0.26
22659,0.01
22660,0.13
22661,0.31
22662,1.0
22663,0.0605
22664,0.914
22665,0.34
22666,0.05
22667,0.62
22668,0.04071428571428571
22669,0.01
22670,0.7843095238095238
22671,0.05
22672,0.03
22673,0.57
22674,0.11210526315789472
22675,0.19
22676,0.22
22677,0.03
22678,0.13
22679,0.48
22680,0.44
22681,0.02
22682,0.06
22683,0.04
22684,0.308
22685,0.99
22686,0.06
22687,0.0
22688,0.9374074074074074
22689,0.01
22690,0.11
22691,0.027999999999999997
22692,0.02
22693,1.0
22694,0.02
22695,0.08
22696,0.634
22697,0.58
22698,0.04
22699,0.03
22700,0.07
22701,0.31
22702,0.95
22703,0.97
22704,0.62
22705,0.91
22706,0.61
22707,0.32
22708,0.99
22709,0.03
22710,0.47
22711,0.01
22712,0.07
22713,0.02
22714,0.04
22715,0.19
22716,0.1
22717,0.59
22718,0.04
22719,0.02
22720,0.25
22721,0.01
22722,0.99
22723,0.36
22724,0.185
22725,1.0
22726,1.0
22727,0.22
22728,0.1
22729,0.008181818181818182
22730,0.05
22731,0.09887903396174721
22732,1.0
22733,0.8068333333333334
22734,0.26
22735,0.02
22736,0.04
22737,0.25
22738,0.04
22739,0.27
22740,0.8068333333333334
22741,0.6733840535969019
22742,0.34
22743,0.01
22744,0.05
22745,0.02
22746,1.0
22747,0.26
22748,0.44
22749,0.11
22750,1.0
22751,0.13
22752,0.7033333333333335
22753,0.19
22754,0.78
22755,0.34
22756,0.045
22757,0.18
22758,0.0
22759,0.13
22760,0.03
22761,0.9388888888888889
22762,0.24
22763,0.01
22764,0.03333333333333333
22765,0.19
22766,0.01
22767,0.97
22768,0.05
22769,0.15
22770,0.16
22771,0.32
22772,0.89
22773,0.04
22774,0.08
22775,0.99
22776,0.6209215686274511
22777,0.14
22778,0.5
22779,1.0
22780,0.02
22781,0.04
22782,0.19
22783,0.26
22784,0.73
22785,0.12
22786,0.43
22787,0.8543498168498168
22788,0.93
22789,0.02
22790,0.205
22791,0.88
22792,0.59
22793,0.23
22794,0.73
22795,0.04
22796,0.27
22797,0.21
22798,0.04
22799,0.3
22800,0.28
22801,0.01
22802,1.0
22803,0.03
22804,0.1735
22805,0.11
22806,0.35
22807,0.02
22808,0.0
22809,0.17
22810,0.1
22811,0.19
22812,0.07
22813,0.01
22814,0.16
22815,0.35
22816,0.44
22817,0.06
22818,0.02
22819,0.20633333333333334
22820,0.02
22821,0.0
22822,0.18
22823,0.02
22824,0.94
22825,0.14
22826,0.04888888888888889
22827,0.19
22828,0.45
22829,0.04
22830,0.04
22831,0.37
22832,0.29
22833,0.16
22834,0.01
22835,0.97
22836,0.29
22837,1.0
22838,0.17
22839,0.42
22840,0.03
22841,0.08
22842,0.36
22843,0.04
22844,0.3575
22845,0.36368117451340626
22846,0.26
22847,0.09
22848,0.78
22849,0.04
22850,0.06
22851,0.98
22852,1.0
22853,0.34
22854,0.18
22855,0.21
22856,0.155
22857,0.15
22858,0.7
22859,0.05
22860,0.03
22861,0.38
22862,0.02
22863,0.26
22864,0.15
22865,0.37
22866,1.0
22867,0.05
22868,0.36
22869,0.73
22870,0.04
22871,0.34
22872,0.04
22873,0.04
22874,0.42
22875,0.04789473684210527
22876,0.0
22877,0.01375
22878,0.94
22879,0.96375
22880,0.05
22881,0.04
22882,1.0
22883,0.99
22884,0.44
22885,0.12
22886,0.45
22887,0.2
22888,0.01
22889,0.37
22890,0.21
22891,0.42
22892,0.02
22893,0.02
22894,0.03
22895,0.1
22896,0.93
22897,0.52
22898,0.08
22899,0.15
22900,0.39
22901,0.03
22902,0.14
22903,0.387502790622827
22904,0.01
22905,0.02
22906,0.37
22907,0.41
22908,0.08
22909,0.08
22910,0.29
22911,1.0
22912,0.57
22913,0.18
22914,0.02
22915,0.02
22916,1.0
22917,0.04
22918,0.08
22919,0.02
22920,0.13
22921,0.05
22922,0.08
22923,0.15
22924,0.45
22925,0.32
22926,0.1
22927,0.43
22928,0.07
22929,1.0
22930,0.01
22931,0.09
22932,0.13
22933,0.27
22934,0.37
22935,0.23
22936,1.0
22937,0.34600000000000003
22938,0.653359649122807
22939,0.09
22940,0.32
22941,0.02
22942,0.99
22943,0.02
22944,0.27
22945,0.04
22946,0.31
22947,0.98
22948,0.8606666666666666
22949,0.0
22950,0.72
22951,0.63
22952,0.15
22953,0.02
22954,1.0
22955,0.0
22956,0.99
22957,0.11
22958,0.01
22959,0.12
22960,0.1
22961,1.0
22962,0.1
22963,1.0
22964,0.03
22965,0.5890000000000001
22966,0.027999999999999997
22967,0.81
22968,0.0
22969,0.06
22970,0.0
22971,0.16
22972,0.01
22973,0.4
22974,0.26
22975,0.2
22976,0.29
22977,0.71
22978,0.07
22979,0.17
22980,1.0
22981,0.13
22982,0.0
22983,0.01
22984,0.6833333333333335
22985,0.07385057471264368
22986,0.235
22987,0.99
22988,0.04324975024975026
22989,0.07
22990,0.04
22991,0.17
22992,0.23
22993,0.52
22994,0.01
22995,0.545
22996,0.9025885225885226
22997,0.35
22998,0.09
22999,0.38
23000,0.04
23001,0.12
23002,0.06333333333333332
23003,1.0
23004,0.0
23005,0.02
23006,0.34
23007,0.31
23008,0.07
23009,0.06
23010,0.43799999999999994
23011,0.03
23012,0.23
23013,0.24
23014,0.03
23015,0.04
23016,0.05
23017,0.35
23018,0.01
23019,0.07
23020,0.08
23021,0.05
23022,0.07
23023,0.1
23024,0.41
23025,0.97
23026,0.03
23027,0.9288888888888889
23028,0.05
23029,0.31
23030,0.04
23031,0.01
23032,0.98
23033,0.207
23034,0.17
23035,0.05
23036,0.35
23037,0.0
23038,0.01
23039,0.02
23040,0.165
23041,0.72
23042,0.02
23043,0.21
23044,0.05
23045,0.6
23046,0.664
23047,0.23338095238095238
23048,0.03
23049,0.28
23050,0.29
23051,0.03
23052,0.04
23053,0.02
23054,0.15
23055,0.49
23056,1.0
23057,0.01
23058,1.0
23059,1.0
23060,0.13
23061,0.97
23062,0.33
23063,0.16
23064,0.25522871273503556
23065,0.168
23066,0.33
23067,0.16
23068,0.74
23069,0.08
23070,0.8320000000000001
23071,0.7073171936758892
23072,0.04
23073,0.03
23074,0.9233333333333333
23075,1.0
23076,0.01
23077,0.07
23078,0.09
23079,0.09
23080,0.08
23081,0.0
23082,0.05
23083,0.11
23084,0.13
23085,0.03182857142857143
23086,0.41
23087,0.0
23088,0.3
23089,0.46
23090,0.23
23091,0.40456991484404753
23092,0.12
23093,0.02
23094,0.21
23095,0.899090909090909
23096,0.94
23097,0.72
23098,0.03
23099,0.99
23100,0.46
23101,0.44
23102,0.34
23103,0.11
23104,0.23
23105,0.13
23106,0.05
23107,1.0
23108,0.41
23109,0.03
23110,0.24
23111,0.02
23112,0.27
23113,0.12
23114,0.1
23115,0.18
23116,0.06
23117,0.16
23118,0.3
23119,0.99
23120,0.06
23121,0.26
23122,0.09
23123,0.0
23124,0.48
23125,1.0
23126,0.03
23127,0.08
23128,0.46
23129,0.18
23130,0.17
23131,0.12
23132,0.01
23133,1.0
23134,0.11
23135,0.18
23136,0.08
23137,0.01
23138,0.04
23139,0.06
23140,0.26
23141,1.0
23142,0.7843095238095238
23143,0.99
23144,1.0
23145,0.1
23146,0.4
23147,0.13
23148,0.1125
23149,0.8841666666666668
23150,0.191
23151,0.1025
23152,0.99
23153,0.20633333333333334
23154,0.53
23155,0.0
23156,0.99
23157,0.15
23158,0.29
23159,0.16
23160,0.27
23161,0.16
23162,0.0
23163,0.98
23164,0.75
23165,0.05
23166,0.05
23167,0.08
23168,0.08
23169,0.35
23170,0.31
23171,0.13
23172,0.04
23173,0.01
23174,0.17
23175,0.43
23176,1.0
23177,0.0840909090909091
23178,1.0
23179,0.01
23180,0.05
23181,0.01
23182,0.1
23183,0.06
23184,0.4460229539981863
23185,1.0
23186,0.54
23187,0.99
23188,0.14
23189,0.23
23190,0.28733333333333333
23191,0.17
23192,0.013333333333333332
23193,0.3
23194,0.40275
23195,0.32
23196,0.9976470588235294
23197,0.32
23198,0.01
23199,0.95
23200,0.07
23201,0.42
23202,0.02
23203,0.3623650793650794
23204,0.20045454545454547
23205,0.03
23206,1.0
23207,0.52
23208,0.135
23209,0.1
23210,0.12
23211,0.24
23212,0.12
23213,0.01
23214,0.04166666666666667
23215,1.0
23216,0.38
23217,0.14
23218,0.04666666666666667
23219,0.98
23220,0.02
23221,0.8455256410256411
23222,0.02
23223,0.2525
23224,0.06
23225,0.32
23226,1.0
23227,0.07
23228,0.095
23229,0.98
23230,0.02
23231,0.06
23232,0.04
23233,0.09
23234,1.0
23235,0.23444444444444443
23236,0.09
23237,0.40714285714285714
23238,0.08
23239,0.04
23240,1.0
23241,0.06
23242,0.01
23243,0.09129186602870813
23244,1.0
23245,0.03
23246,0.04
23247,0.08
23248,0.49
23249,0.14
23250,0.17
23251,0.0
23252,0.02
23253,0.9
23254,0.1
23255,0.15666666666666665
23256,0.99375
23257,0.94
23258,0.96
23259,0.13
23260,0.01
23261,0.027999999999999997
23262,0.94
23263,0.18
23264,0.428
23265,0.28
23266,0.14
23267,0.02
23268,0.32
23269,0.21
23270,0.16
23271,0.03
23272,0.57
23273,0.47
23274,0.24
23275,0.024444444444444446
23276,0.102
23277,0.0
23278,0.23
23279,0.03
23280,0.63
23281,0.41
23282,0.24083333333333334
23283,0.01
23284,0.01
23285,0.18
23286,0.08
23287,0.06
23288,0.99
23289,0.09
23290,1.0
23291,0.42
23292,0.17
23293,0.16925438596491227
23294,0.99
23295,0.18
23296,0.04
23297,0.1
23298,0.99
23299,0.0
23300,0.145
23301,0.99
23302,0.49
23303,0.03
23304,0.19
23305,0.68
23306,0.06
23307,0.13
23308,0.12666666666666665
23309,0.02
23310,0.36
23311,0.02
23312,0.01
23313,0.23
23314,0.39
23315,0.06
23316,0.13
23317,0.045
23318,0.15
23319,0.13
23320,0.29
23321,0.61
23322,0.46
23323,0.53
23324,0.2641441441441441
23325,0.03
23326,0.18
23327,0.18
23328,0.3875
23329,0.05
23330,0.0925
23331,0.14
23332,0.04
23333,0.8991861471861471
23334,0.3933333333333333
23335,0.11
23336,0.04
23337,0.21
23338,0.29
23339,1.0
23340,0.42
23341,0.04
23342,0.2875
23343,0.85
23344,0.21
23345,0.12
23346,0.2814673202614379
23347,0.03
23348,1.0
23349,0.225
23350,0.79
23351,0.653359649122807
23352,1.0
23353,0.23
23354,0.025357142857142856
23355,0.28
23356,0.14
23357,1.0
23358,0.1
23359,1.0
23360,1.0
23361,0.29
23362,0.01
23363,0.81
23364,0.08
23365,1.0
23366,0.35
23367,0.11
23368,0.11
23369,0.6
23370,0.59
23371,0.04
23372,0.0
23373,0.16925438596491227
23374,0.25666666666666665
23375,0.04285714285714286
23376,1.0
23377,0.9571428571428572
23378,0.08
23379,0.2069047619047619
23380,0.12833333333333333
23381,0.52
23382,0.17
23383,0.13
23384,1.0
23385,0.055
23386,0.09449999999999999
23387,0.01
23388,0.0
23389,0.23
23390,0.0
23391,1.0
23392,0.1
23393,0.01
23394,0.7
23395,0.53
23396,0.19
23397,0.99
23398,0.17
23399,0.6558333333333333
23400,0.98
23401,0.07
23402,0.11
23403,0.01
23404,0.08
23405,0.3
23406,0.21
23407,0.08
23408,0.95
23409,0.04
23410,0.09333333333333334
23411,0.16
23412,0.33
23413,0.34
23414,0.08
23415,0.68
23416,0.04
23417,0.13
23418,0.64
23419,0.0
23420,0.29
23421,0.0
23422,0.32
23423,0.12
23424,0.99
23425,0.13
23426,0.05
23427,0.18
23428,0.95
23429,0.13
23430,0.53
23431,0.01
23432,1.0
23433,0.21
23434,0.45
23435,0.5
23436,0.98
23437,0.1
23438,0.25
23439,0.19
23440,0.03
23441,0.31
23442,0.11
23443,0.48
23444,0.58
23445,0.0225
23446,0.02
23447,0.99
23448,0.07
23449,0.9666666666666666
23450,0.31
23451,0.37
23452,0.92
23453,0.04
23454,0.12
23455,0.07
23456,0.15666666666666665
23457,0.07
23458,1.0
23459,0.0325
23460,0.18
23461,0.73
23462,0.38
23463,0.44
23464,0.01
23465,0.0
23466,1.0
23467,0.48
23468,0.02
23469,1.0
23470,0.13666666666666666
23471,0.35
23472,0.09
23473,0.13
23474,0.07385057471264368
23475,0.69
23476,0.04
23477,1.0
23478,1.0
23479,0.07333333333333333
23480,0.01
23481,0.18
23482,0.07
23483,0.74
23484,0.44
23485,0.29
23486,0.99
23487,1.0
23488,0.24
23489,0.02142857142857143
23490,0.04
23491,0.31
23492,0.45
23493,0.03
23494,0.21
23495,0.16
23496,0.72
23497,0.32
23498,0.05
23499,0.48
23500,0.06
23501,0.01
23502,0.98
23503,0.14
23504,0.56
23505,0.12
23506,0.08
23507,0.33
23508,0.07
23509,0.05
23510,0.01
23511,0.03
23512,0.06
23513,0.73
23514,1.0
23515,0.05
23516,0.0
23517,0.23
23518,0.22
23519,0.09
23520,0.01
23521,0.19
23522,0.97
23523,0.106
23524,0.18384078884078886
23525,0.02
23526,0.07
23527,0.9097222222222223
23528,0.4
23529,0.05
23530,0.0
23531,0.21
23532,0.2
23533,0.24
23534,0.2
23535,0.2
23536,0.12
23537,0.9507407407407408
23538,0.01
23539,0.36
23540,1.0
23541,0.0
23542,0.06
23543,0.43
23544,0.0
23545,0.83
23546,0.81
23547,0.22
23548,0.04
23549,0.16
23550,0.04
23551,1.0
23552,0.04
23553,0.02
23554,0.03
23555,0.99
23556,0.06
23557,0.06
23558,1.0
23559,1.0
23560,0.17
23561,0.012222222222222223
23562,0.0
23563,0.1
23564,0.16266666666666665
23565,0.02
23566,0.335
23567,0.29
23568,0.1
23569,0.35
23570,0.01
23571,0.2
23572,0.0
23573,0.02
23574,0.11
23575,0.07
23576,0.72
23577,0.93
23578,0.18
23579,0.98
23580,0.12
23581,0.11
23582,0.07
23583,0.17
23584,0.01
23585,0.62
23586,0.26
23587,0.22
23588,0.8242250000000001
23589,0.11
23590,0.12
23591,0.11
23592,0.034
23593,0.32
23594,0.01
23595,0.2033333333333333
23596,0.35
23597,0.31
23598,0.19
23599,0.11
23600,0.02
23601,0.22
23602,0.24
23603,0.195
23604,0.99
23605,0.09919047619047619
23606,0.09
23607,0.99
23608,0.04
23609,0.95
23610,0.02
23611,0.05
23612,0.07
23613,0.1
23614,0.5
23615,0.37
23616,0.03
23617,0.42
23618,0.1
23619,0.02
23620,0.26
23621,0.03
23622,0.52
23623,0.25
23624,0.38
23625,0.01
23626,0.69
23627,0.03
23628,0.02
23629,1.0
23630,0.05
23631,0.21
23632,0.2
23633,0.0775
23634,0.63
23635,0.41
23636,0.47
23637,0.1
23638,0.03
23639,0.14083333333333334
23640,0.11
23641,0.39
23642,0.32
23643,0.42
23644,0.16
23645,0.03
23646,0.37
23647,0.94
23648,1.0
23649,0.01
23650,1.0
23651,1.0
23652,0.98
23653,0.254
23654,0.08333333333333334
23655,0.2
23656,0.27
23657,1.0
23658,0.47
23659,0.94
23660,0.21
23661,0.0
23662,0.105
23663,0.02
23664,0.08
23665,0.03
23666,0.08
23667,0.02
23668,0.15
23669,0.16
23670,0.22
23671,1.0
23672,0.0
23673,0.25
23674,0.19
23675,0.17
23676,0.02
23677,0.37
23678,0.01
23679,0.1
23680,0.1
23681,0.12
23682,0.33
23683,0.06
23684,0.48
23685,0.16
23686,0.04
23687,0.16
23688,0.69
23689,0.63
23690,0.19
23691,0.9233333333333333
23692,0.05352995391705069
23693,0.014750000000000001
23694,0.29
23695,0.7625
23696,0.17
23697,0.4
23698,1.0
23699,0.2
23700,0.01
23701,0.41
23702,0.51
23703,0.995
23704,0.92
23705,0.0
23706,0.22
23707,0.16
23708,0.11
23709,0.94
23710,0.99
23711,0.99
23712,0.41
23713,0.31
23714,0.02
23715,0.30439457943490206
23716,0.97
23717,0.0
23718,0.12
23719,0.15
23720,0.64
23721,0.3263022667233193
23722,0.03
23723,0.9440575767801458
23724,0.8390000000000001
23725,1.0
23726,0.91
23727,0.04
23728,0.39
23729,0.151
23730,0.99
23731,0.12
23732,0.82
23733,1.0
23734,0.19
23735,0.02
23736,0.8783391608391607
23737,0.47
23738,0.99
23739,0.03
23740,1.0
23741,0.07666666666666666
23742,0.47
23743,0.04
23744,0.16
23745,0.78
23746,0.06
23747,0.795
23748,0.09
23749,0.19
23750,0.77
23751,0.26
23752,0.03
23753,0.13
23754,0.05
23755,0.5
23756,0.18
23757,0.8679750249750245
23758,0.16
23759,0.02
23760,0.03
23761,0.01
23762,0.31
23763,0.35
23764,0.6833333333333335
23765,0.41
23766,0.34
23767,0.69
23768,0.91
23769,0.01
23770,0.06
23771,0.35
23772,0.04
23773,0.25
23774,0.31
23775,0.11
23776,1.0
23777,0.0
23778,0.9092307692307692
23779,0.02
23780,0.68
23781,0.11
23782,0.38
23783,0.12
23784,0.84
23785,0.08
23786,0.06
23787,0.02
23788,1.0
23789,0.2
23790,0.01
23791,0.17
23792,0.1
23793,0.0
23794,0.05
23795,0.0
23796,0.64
23797,0.8242250000000001
23798,0.2
23799,0.155
23800,0.24
23801,0.31857142857142856
23802,1.0
23803,1.0
23804,0.25
23805,0.05
23806,0.02
23807,0.35
23808,0.0
23809,0.45
23810,0.04
23811,0.16
23812,0.54
23813,0.174
23814,0.04
23815,0.01
23816,0.30916666666666665
23817,0.03
23818,0.33
23819,0.96
23820,0.02
23821,0.07
23822,0.23
23823,0.51
23824,0.01
23825,0.01
23826,0.3
23827,0.03
23828,0.16
23829,0.22
23830,0.02
23831,0.44
23832,0.15
23833,0.36
23834,0.04
23835,0.01
23836,0.02
23837,0.09
23838,0.016
23839,0.664
23840,0.205
23841,0.71
23842,0.47
23843,0.07
23844,0.1
23845,0.01
23846,0.19035714285714284
23847,0.25
23848,0.59
23849,0.53
23850,0.26
23851,0.93
23852,0.17149999999999999
23853,0.25
23854,0.01
23855,0.12
23856,1.0
23857,0.7783095238095238
23858,0.97
23859,0.1
23860,0.22
23861,0.97
23862,0.36
23863,0.28
23864,0.05
23865,0.99
23866,0.37
23867,1.0
23868,0.68
23869,0.22
23870,0.02
23871,0.16
23872,0.17
23873,0.53
23874,0.19
23875,0.37
23876,0.09
23877,0.175
