id,score
0,0.999548755909269
1,0.0002568088981900814
2,0.13725084621804096
3,0.000474221954188702
4,0.4876729851531478
5,0.03151866879147347
6,0.021322318192691973
7,0.6569203784745672
8,0.0003864419214880716
9,0.028003576635703027
10,7.088329420306961e-05
11,0.9994659373673813
12,0.9998704162837054
13,0.07690671717332703
14,0.2523931214810534
15,0.9999422736442072
16,0.15094045275552773
17,0.9983836700433376
18,0.9990496116835864
19,0.6971487610200146
20,9.209367606761885e-05
21,0.002283486575007459
22,0.0027770236752086936
23,0.47870012331235867
24,0.01570600601311749
25,0.0058604574272419704
26,0.15798862273459616
27,0.3307911462153228
28,0.9992688624273456
29,0.003554393063992903
30,0.013674383828671925
31,0.6579572195522327
32,0.9994357604813109
33,0.00018509444736083437
34,0.9997440387119436
35,0.23396336354748634
36,0.010156696108794307
37,0.8884240511449809
38,0.014478042847218481
39,0.0038814305569749206
40,0.9991943495064869
41,0.9998959088428638
42,0.10252122653026054
43,0.8125925700443966
44,0.08181195414674743
45,0.25653871642686205
46,0.9999691528149475
47,0.8528166615759503
48,0.9922936229777242
49,0.2574165230427731
50,0.012669853308140057
51,0.999620369007414
52,0.002038810360548417
53,0.7270527950902061
54,0.008352605025989245
55,0.14629142847949436
56,0.6513350742885236
57,0.061498286341824006
58,0.0003320009346944961
59,0.0038804539721871813
60,0.9424172369559409
61,0.04280535495919094
62,0.6655598327905525
63,0.5762696864713841
64,0.019397362390998617
65,0.341999320417481
66,0.0481778679060188
67,0.6147353517721081
68,0.0005752807874962875
69,0.850745605545641
70,0.6116947297461549
71,0.00025080460334087735
72,0.7834430564865531
73,0.045966976005250355
74,0.15789003433147356
75,0.5676422291716474
76,0.6545410657328115
77,0.13627398595239756
78,0.04038819925519152
79,0.11792541446400621
80,0.004346321981088089
81,0.47029152824520126
82,0.002489542023123255
83,0.07896712014207971
84,0.40447926543005497
85,0.9997861987105239
86,0.021181686282284933
87,0.3291998776377623
88,0.9991818355879741
89,0.9999282706469728
90,0.009768227702953856
91,0.23457870609547976
92,0.22275611466347556
93,0.7836023814792794
94,0.05800479775218312
95,0.2831256075427188
96,0.005250797294503957
97,0.05201529028962644
98,0.5433498652571113
99,0.00024029844182052007
100,0.0002908190842482409
101,0.5027505664869569
102,0.9999270451740746
103,0.08181984000134908
104,0.999814928456154
105,0.726408494350742
106,0.7343693131654624
107,0.4811928654492534
108,0.0795134240916778
109,0.7401083691386902
110,0.8024638493810652
111,0.9989274180942594
112,0.00355049958911472
113,0.0002695542752651982
114,0.5729976147803962
115,0.05403005386818871
116,0.0005096392795043647
117,0.5600490525104842
118,0.7286424938486671
119,0.3796003807660484
120,0.00016324734884292323
121,0.11067091532310268
122,0.9969114167078396
123,0.1191087587256213
124,0.016166008753930435
125,0.9999364441705685
126,0.004218388951387563
127,0.034259514220473394
128,0.00013121603126638596
129,0.9995011009752958
130,0.004227579376233128
131,0.0032888873581727006
132,0.39725779493366936
133,0.9997807879144255
134,0.1935434420416183
135,0.32130732190998385
136,0.7449908339636078
137,0.6590673635940035
138,0.010114818363037301
139,0.7947482498289424
140,0.010936682790772412
141,0.3572196758999385
142,0.0024349485445993215
143,0.008209625416918458
144,0.002036361565588466
145,0.0025255839450601452
146,0.001387778382334781
147,0.9994285616106388
148,0.2666617026914082
149,0.0022989242479017975
150,0.04552236228819463
151,0.9999312596496137
152,0.07054468355025438
153,0.3250777090644926
154,0.44336967802128346
155,0.02958059267405396
156,0.02548652519507756
157,0.9999050379667717
158,0.00036975668873712154
159,0.6920801026920687
160,0.9995607346868597
161,0.18881889771867374
162,0.00019713369273428476
163,0.008372330644299597
164,0.005052973945572763
165,0.10842969196699065
166,0.012334232125708902
167,0.9148899817541748
168,0.00020602340646345296
169,0.00018455586305517687
170,0.023112675393834537
171,0.0015891482433732008
172,0.8178291662415499
173,0.5883092819257808
174,0.6338375456055285
175,0.009497006332950598
176,0.014738939593670456
177,0.8456129508117681
178,0.5633388914858501
179,0.9195491309172052
180,0.19878468589736906
181,0.9999219791324048
182,0.6967611440208655
183,0.00021166478647437854
184,0.5863488126071351
185,0.3687936725671137
186,0.007214977139979224
187,0.20716067542197067
188,0.6905674175443947
189,0.050696939711076125
190,0.010108860010315631
191,0.9995473273360095
192,0.6698791702241947
193,0.014117219804649092
194,0.9999543093291324
195,0.328370680639592
196,0.1514470599502086
197,0.0004098788680119481
198,0.002349133570962529
199,0.6335577779209444
200,0.00471060890762492
201,0.5054631580578427
202,0.0029130593413428047
203,0.007511777726175086
204,0.26919052422637524
205,0.1720830694426
206,0.6950227255330719
207,0.9996524855960205
208,0.018455610823780017
209,2.567835935028193e-05
210,0.7664589942906812
211,0.02644701350095428
212,0.019367405612842222
213,0.1014733412217124
214,0.01681648764700211
215,0.9997404932194537
216,0.004496319145100669
217,0.04409740523027835
218,0.0011693824810254467
219,0.01659568752115592
220,0.0075562755357077615
221,0.9983934363023304
222,0.2034253271311753
223,0.059767934322850234
224,0.007907150314544156
225,0.017297877066215776
226,0.9455663662845583
227,0.21558236998023686
228,0.014552128186982915
229,0.9997843460828961
230,0.001272205965673906
231,0.0018524268565302624
232,0.5765008963181383
233,0.40698141188792086
234,0.3344757836059736
235,0.9993197299943488
236,0.7387700720086309
237,0.018447205781373637
238,0.010242856674264127
239,0.00013256912977474423
240,0.17613693663321767
241,0.018427327945226633
242,0.30533621377776565
243,0.13845513888492209
244,0.9995781819570394
245,0.6403509971527824
246,0.030408884567956367
247,0.002993974717972298
248,0.05549891510998024
249,0.7724959666449667
250,0.2052186437718434
251,0.004377775001190356
252,0.9994467688487024
253,0.99947817992549
254,0.0036179515624151256
255,0.0010942655717835102
256,0.9988111814980287
257,0.3501242473531832
258,0.13695381677744517
259,0.914779693315631
260,7.287585662208487e-05
261,0.0025126257980943247
262,0.012890963992853164
263,0.08776532816198417
264,0.05041854489981679
265,0.0005560541119581048
266,0.004770447319715288
267,0.3192316645006286
268,0.00013843791216515885
269,0.11727905914240028
270,0.029281915972717554
271,0.028488629698554965
272,0.025300507456897194
273,0.8001310576883193
274,0.9998970438633309
275,0.09273806519556617
276,0.04215136152362903
277,0.767025841032979
278,0.9804764304159935
279,0.9056381170852531
280,0.002283486575007459
281,0.19778148067555987
282,0.9198734905015237
283,0.4943021809541446
284,0.023922644380700596
285,0.016195600957185887
286,0.9981792542373111
287,0.00029444813170566525
288,0.5253306009513433
289,0.00013363695649349467
290,0.00046265507128172523
291,0.006554459869190767
292,0.833012193983913
293,0.43594161148964267
294,0.0014008698235224435
295,0.6716185633989313
296,0.9410742511153978
297,0.9990051294527309
298,0.0008212832771254665
299,0.15005639402020285
300,0.016905905579436935
301,0.00692809305601657
302,0.00040370313505615435
303,7.136986799081513e-05
304,0.3404755032188113
305,0.010699897076951712
306,0.8782582537114482
307,0.9993853831723645
308,0.0016999225217155186
309,0.015595815342262129
310,0.999563261867387
311,0.9990051294527309
312,0.9996511541797248
313,0.041854164805446
314,0.365257555587059
315,0.0002984854052549526
316,0.3711143758897678
317,0.7769884716727012
318,0.03594894981597343
319,0.2257238143505459
320,0.00026890406932235714
321,0.6951256728247956
322,0.00021068793934625137
323,0.06373706939035449
324,0.9998481284934239
325,0.49296658638135427
326,0.7481620274749909
327,0.033350829962572645
328,0.03736341648774357
329,0.00026697787708673603
330,0.00019256374634049763
331,0.0018524268565302624
332,0.13365841666497272
333,0.40580521446236373
334,0.030399668583342556
335,0.006323646336498004
336,0.1334315344443711
337,0.008297057188233667
338,0.006998646433055935
339,0.004001997051650979
340,0.3825497854946881
341,0.7424428865282092
342,0.49072904133403933
343,0.005430915852032593
344,0.002229745632116114
345,0.8621774868485985
346,0.7158960924727676
347,0.04808896962746028
348,0.999506138346977
349,0.9997058921069456
350,0.09034549416106957
351,0.1330961619445608
352,0.9998611543394631
353,0.0011300637792638563
354,0.03260011958022296
355,0.19996802283161635
356,0.08698069305926079
357,0.004013474258123155
358,0.9996572181919964
359,0.1308892874207584
360,0.28622713202718864
361,0.0640173131714792
362,0.2650727260204702
363,0.4262919020299889
364,0.738605275791444
365,0.001343805365454989
366,0.7430685226888505
367,5.0249828969855114e-05
368,0.0191459289388187
369,0.9999255414090258
370,0.5447141338384931
371,0.08663731216246119
372,0.8624989998483608
373,0.757657668440172
374,0.7969437548806356
375,0.25815642558493684
376,0.004333595597338099
377,0.8926649009208933
378,0.2127437783689819
379,0.4756812224200732
380,0.01306008720873189
381,0.8127634447919608
382,0.9958367009906846
383,0.0003292042283223292
384,0.2432948788110657
385,0.9994314362506218
386,0.003154005287239245
387,0.001741795965227217
388,0.9569910426742477
389,0.999396684619105
390,0.011305727745200882
391,0.3799767222288165
392,0.03566776417957113
393,0.0006577793131943098
394,0.5118250659469565
395,0.8216391409329408
396,0.00020879441982989846
397,0.019610334378922747
398,0.00037066090229199777
399,0.9987934036234606
400,0.015972910805175513
401,0.99947817992549
402,0.000112336040324316
403,0.00015422583701023315
404,0.0420259054076338
405,0.4865009654356188
406,0.5481651806963176
407,0.9981159906355216
408,0.6069925476157768
409,0.012472733246509791
410,0.9958306023535474
411,0.09788455854386245
412,0.9997303693781457
413,0.851630375019246
414,0.1843913928865568
415,0.67761399385806
416,4.209865215614841e-05
417,0.7535062109807545
418,0.0007799371131042044
419,0.6204334806577342
420,0.01903207581503365
421,0.7166183741530038
422,0.9992246986531228
423,0.7203269198295168
424,0.003977792776304143
425,0.9961897852288042
426,0.0008720474833328898
427,0.6929450015359103
428,0.00010960536431945491
429,0.7810981670186085
430,0.7251907515216851
431,0.6727798524859676
432,0.0010620893605509526
433,0.9408374338788801
434,0.8450766226493799
435,0.06755534256724899
436,0.6693712146873387
437,0.13281829225708763
438,0.6589137992637463
439,0.0004111654063352043
440,0.1800463664389097
441,0.052548727480904014
442,0.021748151032855663
443,0.9998963952931639
444,0.8657688529695919
445,0.7043055314014793
446,7.787405438912923e-05
447,0.006319336394898815
448,0.9998247634448995
449,0.25113600966063293
450,0.24221556446706574
451,0.5755029496295267
452,0.881342747428321
453,0.9988824359995679
454,0.2895705211142839
455,0.0317575691582166
456,0.9996205987736354
457,0.5943733016019549
458,0.28981481540476517
459,0.00010697118803618489
460,0.862589499397331
461,0.012116826523964942
462,0.9453746364567015
463,0.8086311359765884
464,0.18079149876567435
465,0.2810999491952916
466,0.0003576186732154929
467,0.35916461466501987
468,0.9993711860036805
469,0.5847091450961732
470,0.004839578205718888
471,0.06773990784159843
472,0.0006460073494974288
473,0.03789858154491265
474,0.20284123227528436
475,0.12473424136956558
476,0.2974178874694031
477,0.002470816271318547
478,0.9996829977336692
479,0.00961670986394384
480,0.0033435471650046684
481,0.9047803367205454
482,0.1469921931550973
483,0.28511065249469697
484,0.0008934137438468304
485,0.008667625874660174
486,0.9993249733448629
487,0.14507096854397605
488,0.00044746208938878287
489,0.039759618085806525
490,0.28838371436287835
491,0.2864392352376945
492,0.9572681305599925
493,0.0610440726644981
494,0.18885207840087673
495,0.0762499545982535
496,0.8562930281952755
497,0.3489807349417136
498,0.5102233118957399
499,0.14115427299269784
500,0.5423456253085265
501,0.05136719213746327
502,0.11073647175531896
503,0.999555370523253
504,5.309504705958811e-05
505,0.6349336270873895
506,0.6863108022078966
507,0.9470602337592977
508,0.006442660543881574
509,0.099715172340365
510,0.0001951178827734877
511,0.0005587000619489987
512,0.760237859780344
513,0.6515290047835746
514,0.16738948563509348
515,0.06289514984982922
516,0.06602281514420867
517,0.4529733153470495
518,0.9484682148459814
519,0.2344408444577787
520,0.7912817769094267
521,0.40234432871146586
522,0.001687319581439631
523,0.004358505846488254
524,0.7607505626798835
525,0.04581095891588597
526,0.41230562586123176
527,0.0011356103706354646
528,0.07092647315065308
529,0.9996327988201954
530,0.2066893256917296
531,0.9312672315223123
532,0.8533908908604088
533,0.0031429728170064425
534,0.9761819201117927
535,0.014724565423050683
536,0.044059856533853796
537,0.994045850537096
538,0.4214116296941116
539,0.02427705871203855
540,0.012795117242805689
541,0.80786936707943
542,0.0002310606908747368
543,0.1527059462370721
544,0.047299611969608565
545,0.06615874493839605
546,0.0003842577097642904
547,0.0885772775380923
548,0.9612569909362196
549,0.2428992183080951
550,0.34734126995238185
551,0.999515879975246
552,0.9987540749782311
553,0.8701453344540399
554,0.9999697468293665
555,0.051042709433135096
556,0.00013175441120670105
557,0.0044802145630965995
558,0.7736710663473205
559,0.9999784738108163
560,0.5366035814565322
561,0.07479404177406496
562,0.99968254703227
563,0.7506175972213
564,0.008680093291106486
565,0.004887981918278906
566,0.6440371339709677
567,0.0544568901184995
568,0.47458520440145074
569,0.09862474419063394
570,0.6499708297696717
571,0.64274939706881
572,0.21325040151598806
573,0.3635880797872065
574,0.03856136342646849
575,0.9995466024518899
576,0.4993173532168653
577,0.033635786157496086
578,0.27178387623806854
579,0.9438645331191532
580,0.00018415740786970438
581,0.0020598578369414155
582,0.0023442475827332937
583,0.23260619368315902
584,0.0003376298607005223
585,0.7637784153072317
586,0.4401107746329296
587,0.9994774433791054
588,0.341259653428159
589,0.7583970485924918
590,0.9998771574896798
591,0.22623593013095003
592,0.9998219556284126
593,0.03852185617962933
594,0.8860768794498528
595,0.00015223577926339022
596,0.00040891293720608633
597,0.3201626031972647
598,0.0006104432767716257
599,0.32187758232686553
600,0.4763889430369092
601,0.8563026946340904
602,0.3119012916098661
603,0.8842471319663058
604,0.2392319092461576
605,0.06315970618220663
606,0.24709984566181487
607,0.5583512390978288
608,0.0011514246243192756
609,0.11770927668572302
610,0.009756941972455298
611,0.6491402800831776
612,0.06010754408132226
613,0.024638180459317004
614,0.336697223413106
615,0.6936883000875438
616,0.007239255956549957
617,0.6989248491580565
618,0.05475171903206223
619,0.0009439943079018181
620,0.7654101738004426
621,0.6604858714396723
622,0.8676746060445036
623,0.005937860957609799
624,0.025698232729444107
625,0.039467897878304244
626,0.007257026408138932
627,0.9470602337592977
628,0.9999722862076992
629,0.08168994211892147
630,0.9999591902111453
631,0.26676583678349686
632,0.9996396881542292
633,0.27886422864821675
634,0.9249786487387158
635,0.5242022837442708
636,0.0030281020912227073
637,0.015432093657933058
638,0.013370085028415192
639,0.20133997493352487
640,0.9998771574896798
641,0.00042647134037457595
642,0.08753104167161439
643,0.9998611543394631
644,0.970084903890651
645,0.240586840004761
646,0.037435569115172526
647,0.7730356066729557
648,0.13616099659472322
649,0.00893865698098732
650,0.0017845251555066717
651,0.061167149669371944
652,0.8842471319663058
653,0.0010989200191108199
654,0.4569249495131636
655,0.9998487393337693
656,0.7315750456500186
657,0.00022246962493712417
658,0.04057619926564256
659,0.7857226483969183
660,0.7802543575257936
661,0.2125320582616624
662,0.9997516205605174
663,0.0020710505577982057
664,0.047924212300972255
665,0.9997678009770118
666,0.00016915011257187998
667,0.004099405759962484
668,0.03125337025531816
669,0.9997827622947707
670,0.02696700219549972
671,0.503549379334631
672,0.19402981163387006
673,0.9995728033124269
674,0.9995191986943253
675,0.170162667949638
676,0.00015689065918951097
677,0.5456944046825611
678,0.07586094321469213
679,0.01206641804313233
680,0.9999422736442072
681,0.7711365210118822
682,0.9997410948863343
683,0.8790185916647468
684,6.0111694214447146e-05
685,0.999563261867387
686,0.004589026666754167
687,0.6265679330669549
688,0.9999117010584393
689,0.6878092945727541
690,0.01037488268327807
691,0.9996905130665825
692,0.00011138445716937591
693,0.9371651807566239
694,0.9992291905912508
695,0.6441956032769566
696,0.2046659787227957
697,0.9997349468755209
698,0.4302296969080711
699,0.06037985471475769
700,0.9998549538771617
701,0.9970588706894934
702,0.09468408052291409
703,0.7474494513516209
704,0.07705926973660303
705,0.8229512243691895
706,0.008675350942816422
707,0.9998814695025698
708,0.00031758706861536305
709,0.06375386486857142
710,0.9992536236980566
711,0.0031975304520080613
712,0.17233198833090574
713,0.7142753652821158
714,0.5718345536713837
715,0.38447013352573145
716,0.06164444829177732
717,0.9995262668123734
718,0.011006995199086532
719,0.9998964601879093
720,0.6094934027232632
721,0.08321250963221859
722,0.9198119803955304
723,0.9965750147308478
724,0.9996571114847964
725,0.9995047105160518
726,0.24817093182666417
727,0.964981434349884
728,0.008097234683745827
729,0.19966155712291533
730,5.975680770132833e-05
731,0.12170335939606704
732,0.999506138346977
733,0.8228921673293179
734,0.49208083702240935
735,0.12884401748935553
736,0.7225228114662821
737,0.04282326042312833
738,0.9995761861991088
739,0.4230255186738348
740,0.2157068627695404
741,0.04038305799858812
742,0.20829618672664982
743,0.18878461957514756
744,9.822806577949881e-05
745,0.04734572075510374
746,0.0008865131612066762
747,0.33260631409520724
748,0.0011902998601436808
749,0.3902811412984915
750,0.021569571992431258
751,0.07074012969821965
752,0.8840613761258265
753,0.2438448668134203
754,0.999034243770422
755,0.7258531968995905
756,0.0013297178895191432
757,0.00041612042402290427
758,0.056215203076082014
759,0.8508669033760101
760,0.4042226080088636
761,0.04107172364583277
762,0.003660263053802707
763,0.08440824400944469
764,0.3013923786868077
765,0.0028967631309239996
766,0.0002716265211356949
767,0.09427661364805037
768,0.0004726514294980737
769,0.9988824359995679
770,0.005283161920063039
771,0.023590687189318477
772,0.9994008188338315
773,0.8736113415389164
774,0.9445364396872084
775,0.5574239634203564
776,0.0056719855035920145
777,0.09763119054879318
778,5.1227800524234936e-05
779,0.9997006824583661
780,0.33928040064428394
781,0.016376907885894052
782,0.003141189067872813
783,0.35536551154593854
784,0.015275324218898724
785,0.9994395569034238
786,0.29355715742427113
787,0.8062202613434964
788,0.00023214344981603536
789,0.003089683560875803
790,0.6654957206061196
791,0.057445707237041864
792,0.031131576239605673
793,0.022005499863701573
794,0.016942344202053074
795,0.30143042068103
796,0.9996114433097345
797,0.11139783082855403
798,0.589106259578299
799,0.04844678543277533
800,0.9997718305143011
801,0.0027673068261808613
802,0.06494284265962817
803,0.003962066208079955
804,0.06164589705016064
805,0.6460904555754513
806,0.00011629204331630434
807,0.00019850349215146197
808,0.00026697787708673603
809,0.026159130987930594
810,0.9998690334312649
811,0.9995624275569132
812,0.8018076926886147
813,0.6198216681513209
814,0.9965750147308478
815,0.7731071828420658
816,0.017367757999610593
817,0.4009028489590917
818,0.8721929363848383
819,0.2770575181901716
820,0.019013035503975585
821,0.8402215794698531
822,0.0001520528358013121
823,0.009042823319980303
824,0.347581325032442
825,0.43754594334955405
826,0.5017173638471262
827,0.0009174613881376217
828,0.9992567833984433
829,0.0003728894534585975
830,0.3736515371839802
831,0.0033519067214479573
832,0.6176149357939078
833,0.1868487456102554
834,0.004312027140701417
835,0.09838485553697197
836,0.005480325955816192
837,0.0010738259715353318
838,0.9998197263286934
839,0.2844201642512553
840,0.8292275050130916
841,0.07749127254753672
842,0.006375598462172302
843,0.10092579597900354
844,0.999680889090472
845,0.5673175660086045
846,0.00959299900384555
847,0.008645949352257978
848,0.06518672134513794
849,0.8149642855658864
850,2.073699425414111e-05
851,0.029433386433983605
852,0.5166082379593024
853,0.8569607319756162
854,0.9996461606466575
855,0.14862060960504103
856,0.21430699288118082
857,0.29350387980573744
858,0.9995703846977534
859,0.9323666784633148
860,0.002260492955264934
861,6.972449381777953e-05
862,0.9993962546929599
863,0.02171048066803552
864,0.0523768282841942
865,0.6687225182692241
866,0.0030751825125544465
867,0.9999691528149475
868,0.34183072352849986
869,0.9996511541797248
870,0.00013737273284376232
871,0.9994571105478101
872,0.0012114997868545429
873,0.012372810639855134
874,0.1189155767212659
875,0.0005698099690657205
876,0.996948163535284
877,0.0006978042009299807
878,0.1804075511417268
879,0.09058222243297535
880,0.005053419304271431
881,0.0001581542183045479
882,0.5727516788941649
883,0.004298857154905017
884,0.005833112212948005
885,0.014238648861275441
886,0.002935832997727767
887,0.00834922620608237
888,0.007588732953699605
889,0.7875389072131932
890,0.8641801912951471
891,0.04686295142452461
892,0.7698181834667772
893,0.5628607877654955
894,0.2702897067504754
895,0.0004227615279775049
896,0.0004279905458866193
897,0.13190433554797182
898,0.46299610941162156
899,0.02336995716633647
900,0.9018574005561699
901,0.06389017853410443
902,0.1520743682433303
903,0.9992680655927223
904,0.013716882977171193
905,0.003538047890805732
906,0.3967110577497577
907,0.04209245814038204
908,0.07853461846465067
909,0.39336383772301764
910,0.0030791488476611976
911,0.0021463647791698094
912,0.5119453771112081
913,0.3511283040573896
914,0.008717007621831712
915,0.9999308461696204
916,0.470586150505312
917,0.06938117212707182
918,0.1427552429842277
919,0.012543371362379842
920,0.9757125046628469
921,0.9586154570364511
922,0.063976900310159
923,0.3006127784110152
924,0.3772777581991214
925,0.7125781240205089
926,0.03780457455865158
927,0.9329703948835155
928,0.3579694891555172
929,0.5379499504049922
930,0.0001033258281544879
931,0.31610577847960203
932,0.2624036258538195
933,0.0001239299262335105
934,0.0013289937662900033
935,0.9366789780814694
936,0.011831305717309058
937,0.21659474819328048
938,0.999813541556598
939,0.4207903230784345
940,0.9996187860689761
941,0.024113118346071192
942,0.009372875979552048
943,0.8536952881612799
944,0.11013217662540749
945,0.1396302263565381
946,0.02219338879902459
947,0.0054440102628625486
948,0.422164244649995
949,0.6838682349375319
950,0.6819744506945892
951,0.28401354882089214
952,0.9998397421750914
953,0.8590343783107716
954,0.00876774193117919
955,0.01182423501059357
956,0.0007079343976000458
957,0.6862479788266247
958,0.1708843516533752
959,0.0036512096550880163
960,0.7181798432021521
961,0.04063953660263578
962,0.0006210669892605703
963,0.8220133945617671
964,0.07464032431468251
965,0.1309850456364301
966,0.00031625702197243376
967,0.8420933345867516
968,0.04082142511404165
969,0.999973115377271
970,0.4870775967034526
971,0.7289082438313542
972,0.192503952855885
973,0.12725982221257945
974,0.0013685957218563312
975,0.005968671642331244
976,0.9965826142658347
977,0.9996591428369765
978,0.8556131360989768
979,0.8097094998713268
980,0.9999282706469728
981,0.05856975576383606
982,0.20130349735124778
983,0.2612083680657334
984,0.21000395428065935
985,0.012975850712730075
986,0.9996365758420503
987,0.5523268900066302
988,0.55180767926202
989,0.001763246669783897
990,0.9997428109332847
991,0.8838400760524145
992,0.5035821431364252
993,0.00625091998923144
994,0.025388030889641835
995,0.9997575351101686
996,0.8914258124324683
997,0.0010913550599055304
998,0.9981297728676142
999,0.21765695087968118
1000,0.9999308470783885
1001,0.7802420124706531
1002,0.7937203410923722
1003,0.0011712864889998102
1004,0.5066799387650738
1005,0.00028348813356805395
1006,0.08447308936659044
1007,0.3231620725313958
1008,0.0004315248077758709
1009,0.0047643059800305905
1010,0.135812502975841
1011,0.0007947512263244494
1012,0.5181087051181432
1013,0.0002662879610922312
1014,0.8016821728636008
1015,0.33820589610531665
1016,0.0012524307782211354
1017,0.7622688976915708
1018,0.6513798736948135
1019,0.003591905021957986
1020,0.2971922280360704
1021,0.33450098789311733
1022,0.46373346964739043
1023,0.49189657553487515
1024,0.11986066076812463
1025,0.695585631718837
1026,0.7297375690217163
1027,0.2699221795242216
1028,0.00024061017282921214
1029,0.7039799773293389
1030,0.9965750147308478
1031,0.03185090133207064
1032,0.5335822366018359
1033,0.11594964227825665
1034,0.9999187889230255
1035,0.9994709909148572
1036,0.9243939856813653
1037,0.04799490542930893
1038,0.0030024066996779523
1039,0.07357020406367487
1040,0.6049004587907649
1041,0.013831091945972948
1042,0.004043686324001004
1043,0.9996788687464264
1044,0.007362157362957272
1045,0.2254411308490086
1046,0.7317012509415641
1047,0.0003917477254421617
1048,0.2237042621411396
1049,0.03796299509652301
1050,0.06704052064349039
1051,0.7304151157753073
1052,0.025273172112249165
1053,0.009492393137226196
1054,0.4001437059018395
1055,0.24544125739841516
1056,0.5266493499417294
1057,0.8542613462284462
1058,0.9997901343623908
1059,0.16076829331177564
1060,0.17940599823539943
1061,0.9998722786759866
1062,0.020770179112365006
1063,0.36219320264519356
1064,0.05209471804591193
1065,0.9998909013938798
1066,0.9993496812754782
1067,0.0004057592321457897
1068,0.28689057062059736
1069,0.7953016801374427
1070,0.005884322438043313
1071,0.9581591879228707
1072,0.9996780930018876
1073,0.9998963952931639
1074,0.1391548864490334
1075,0.6654998347023856
1076,0.0015694394741668925
1077,0.8228829507317748
1078,0.9690291912228278
1079,0.04611889895586075
1080,0.3960794435771292
1081,0.000950836429226044
1082,0.08220739218209046
1083,0.0249302149622107
1084,0.3057243032685926
1085,0.3720184056860061
1086,0.00031120473027042804
1087,0.006499128416307249
1088,0.050357676761028605
1089,0.1512057868795436
1090,0.00021558765620171777
1091,0.0006985983008512719
1092,0.9993197299943488
1093,0.0004489747339676092
1094,0.00020533716900917814
1095,0.5605102234580435
1096,0.6648962216260867
1097,0.9018132036717158
1098,0.9999364441705685
1099,0.01157467704441658
1100,0.03271630662417826
1101,0.3468559514630466
1102,0.6584737705037725
1103,3.8240125495879144e-05
1104,0.00030457109813012085
1105,0.0003581110798772363
1106,0.4292015723664345
1107,0.44695641092760097
1108,0.9996848232913549
1109,0.013864792572220163
1110,0.006514562189729547
1111,0.873142880680086
1112,0.003665240109860201
1113,0.008578646632922326
1114,0.15060268673115387
1115,0.4296707484240762
1116,0.01259637151791621
1117,0.7920165703684753
1118,0.2901018078764256
1119,0.8325860755979871
1120,0.0004548468935052814
1121,0.0002625960512046748
1122,0.01847396337334006
1123,0.44351626757540863
1124,0.02122445262411802
1125,0.0035725802434459926
1126,0.006716462078753835
1127,0.5660959097315578
1128,0.5202709499675006
1129,0.12933072273682805
1130,0.9999122716636379
1131,0.8678240817052705
1132,0.2385893423553108
1133,0.9993036202447331
1134,0.4846977925343289
1135,0.00031254667032493144
1136,0.8046259270601944
1137,0.9996608488107642
1138,0.05630052999971645
1139,0.015608139351963595
1140,0.17940599823539943
1141,0.15873843815034186
1142,0.24457388447068606
1143,0.08155110455881216
1144,0.19933288003725602
1145,0.005112375542849553
1146,0.6478693599215506
1147,0.5082720718100818
1148,0.9995430468258565
1149,0.10143191831715921
1150,0.007192418338633464
1151,0.0005175911665890556
1152,0.6024579846911633
1153,0.0013668151282206335
1154,0.8539071505500394
1155,0.3607253672616145
1156,0.0037078373706316736
1157,0.5476439834967669
1158,0.005345503831726739
1159,0.282446981096628
1160,0.2614251777197988
1161,0.024393573206699683
1162,0.5151070356790548
1163,0.005053419304271431
1164,0.007080324710694982
1165,0.1312319615786256
1166,0.9018132036717158
1167,0.00028271198171244636
1168,0.9995996544068503
1169,0.00024191884025881623
1170,0.8738809799281381
1171,0.3374337244968039
1172,0.9999618893166523
1173,0.08084869096717678
1174,0.044893783291093205
1175,0.3459306715055403
1176,0.34293367089530413
1177,0.15373965865086547
1178,0.9997985217275712
1179,0.74041826796127
1180,0.00010306137985728267
1181,0.9994947603848401
1182,0.543841054655985
1183,0.031152423840635945
1184,0.9438645331191532
1185,0.9997495709741165
1186,0.27963191195072085
1187,0.104892783797338
1188,0.00961806890753037
1189,0.9995301733114041
1190,0.11936035701975747
1191,0.2576638789315774
1192,0.0003173303143423508
1193,0.01684901772697278
1194,0.006075123906622593
1195,0.2716417593554676
1196,0.015064877403131676
1197,0.00010012659856124259
1198,0.2624280203791665
1199,0.775653067520308
1200,0.20387483871257966
1201,0.9111626623278257
1202,4.416683164803206e-05
1203,0.017569328274284184
1204,0.99968254703227
1205,0.9997693236947158
1206,0.9995084445741358
1207,0.4092786547444724
1208,0.20683395668577942
1209,9.262956905506756e-05
1210,0.00020526746824933194
1211,0.04156161979890728
1212,0.5442918799997284
1213,0.00012485491341677666
1214,0.01365554293737941
1215,0.006940269797157354
1216,0.14272608447027335
1217,0.09703072516639369
1218,0.06433434692319256
1219,0.0013297178895191432
1220,0.3398503011486278
1221,0.004023670495092196
1222,0.01194711695691032
1223,0.21657834670929776
1224,0.1972112733972972
1225,0.9996869069705021
1226,0.005242631894908911
1227,0.0001620286886073846
1228,0.9997981490055415
1229,0.00033056499956536384
1230,0.9994900305169079
1231,0.005390916434425724
1232,0.4759609456652603
1233,0.8030783558803879
1234,0.4571407201476324
1235,0.2206248901374318
1236,0.3319400929447735
1237,0.9999240009909476
1238,0.999559144029639
1239,0.3657082882833321
1240,0.6276088394115006
1241,0.0004574629046889618
1242,0.8006210535555495
1243,0.000744265282038885
1244,0.9997410948863343
1245,0.2585878613915439
1246,0.9999807954951554
1247,0.9998441812431935
1248,0.41836156954394343
1249,0.0007555589088175865
1250,0.007203252434387506
1251,0.0035725802434459926
1252,0.0023246493149378647
1253,0.33066533229871614
1254,0.003554393063992903
1255,0.7158960924727676
1256,0.9957361465806546
1257,0.11223115955120358
1258,0.021026649294319456
1259,0.0006253410545053301
1260,0.7180388883980732
1261,0.0153018834427315
1262,9.208752092376651e-05
1263,0.007098391877303383
1264,0.050427497346731714
1265,0.9995773623459072
1266,0.01803261770176174
1267,0.8514486409563992
1268,0.013144478904060803
1269,0.0002020350271050716
1270,0.15969229803424848
1271,0.05869283324674758
1272,0.9982324030506915
1273,0.574941242999967
1274,0.006368682290634873
1275,0.2980393569107884
1276,0.0003728894534585975
1277,0.0031912372354781456
1278,0.047502348915738006
1279,0.18193172402504687
1280,0.6681617885781229
1281,0.02160379990760736
1282,0.4336610583863043
1283,0.5412315776342551
1284,0.8030597957843828
1285,0.06938429832534691
1286,0.06527977572400533
1287,0.009411729775886495
1288,1.3445538073852583e-05
1289,0.08425875748738948
1290,0.9997818553731932
1291,0.8219767169062263
1292,0.0007867263111159547
1293,0.3132812740636627
1294,0.010877658783723028
1295,0.6989764732219992
1296,0.04522643632948094
1297,0.020750634690388233
1298,0.0005727530528763185
1299,0.999680889090472
1300,0.054195015031097526
1301,0.08445847255630642
1302,0.005868071582624877
1303,0.7869492963036689
1304,0.7932775488074008
1305,7.747886824077174e-05
1306,0.4303674001212764
1307,0.9994357604813109
1308,0.005445916141523917
1309,0.7869302277996026
1310,0.22819946370184377
1311,0.19565866608181204
1312,0.32004523954887876
1313,0.9175946121195194
1314,0.9679191519936681
1315,0.2345501935075849
1316,0.025182016662639757
1317,0.7883309788647361
1318,0.27645585553380864
1319,0.20466954619849054
1320,0.0002235320210009095
1321,0.3811296481058613
1322,0.8201527407024313
1323,0.2992091934039557
1324,0.00396872751228119
1325,0.037972065863032686
1326,0.6912782499977366
1327,0.022553248997652882
1328,0.6029983914123914
1329,0.002212217692736957
1330,0.3759702408610385
1331,0.9962742740124141
1332,0.0004926751634925307
1333,0.013879260242949932
1334,0.11684461660285846
1335,0.9992274488257629
1336,0.9997128906389872
1337,0.026979536643375095
1338,0.9991118856657372
1339,0.07188928414883312
1340,0.5128984367449171
1341,0.07717829497892231
1342,0.2536092152755115
1343,0.32817936372619827
1344,0.18594983909993046
1345,0.001072625630836603
1346,0.9640550935300264
1347,0.006116497736284997
1348,0.7593640049307017
1349,0.8975294181984191
1350,0.9995624275569132
1351,0.9543448793034637
1352,0.4173544226793131
1353,0.8531391686950097
1354,0.6476182956827253
1355,0.08046282194318487
1356,0.512606950413033
1357,0.4736991492752628
1358,0.0992024545752951
1359,0.03090278824939115
1360,0.0005541316386881394
1361,0.9995357236789374
1362,0.15077229118302551
1363,0.0002782226331404562
1364,0.00027225395134781446
1365,0.0015459059635494238
1366,0.14465725639793967
1367,0.003665240109860201
1368,0.9173457247220113
1369,0.11449890051222374
1370,0.06437272193624265
1371,0.00016408894494560357
1372,0.09332701933118397
1373,0.564076838235222
1374,0.9998690334312649
1375,0.1098360592595848
1376,0.17648536715139154
1377,0.9998855035880545
1378,0.025525323863464185
1379,0.6749982178001758
1380,0.040673557458468984
1381,0.2882337432696531
1382,0.008887521655474052
1383,0.7561516176070436
1384,0.9999459325614675
1385,0.32195899183230553
1386,0.0018333133994177778
1387,0.16815145507985754
1388,0.99947817992549
1389,0.9890611870939043
1390,0.9995560591595821
1391,0.0070367046299186775
1392,0.2558880891970486
1393,0.9002747512617737
1394,0.025802265759610782
1395,0.024514726457899677
1396,0.0042621371911627706
1397,0.0587767116405558
1398,0.11201509781740118
1399,0.0002867335267886936
1400,0.1413208526366391
1401,0.019874042518251624
1402,0.28324860496518844
1403,0.26298593355035543
1404,0.005531069322699945
1405,0.6772214304372904
1406,0.0009407450638018681
1407,0.07470754062425053
1408,0.003534065518003648
1409,0.16244757701057544
1410,0.0017430877675424956
1411,0.10766435593331196
1412,0.9996811569143697
1413,0.7834430564865531
1414,0.0005528510964765489
1415,0.8241427726459626
1416,0.852144754085423
1417,0.8592364984485791
1418,0.999925437185554
1419,0.12284692064117562
1420,0.9995921404411323
1421,0.0014685141092319735
1422,0.20699657707837632
1423,0.0380918581187897
1424,0.00047336800818859704
1425,0.9331969052812327
1426,0.05560537410389107
1427,0.04409740523027835
1428,0.39452083006295163
1429,0.26990847737007145
1430,0.999484515451382
1431,0.61996287986532
1432,0.006681755380836886
1433,0.0007898237417428005
1434,0.9997976474777631
1435,0.8829121339832149
1436,0.12049759848583343
1437,0.001136186509670628
1438,0.9997764883396204
1439,0.06753553475979318
1440,0.07324899026293681
1441,0.9665983057723703
1442,0.3624904528797302
1443,0.004217675218243647
1444,0.07855923973854623
1445,0.996948163535284
1446,0.5616822530601812
1447,0.5399537914286977
1448,0.00022384575260843577
1449,0.8044727745159104
1450,0.9047803367205454
1451,0.0031712022204967794
1452,0.0006562194380047844
1453,0.027546100257579368
1454,0.0027625291985092872
1455,0.24430351554167357
1456,0.03779479039390926
1457,0.9998197263286934
1458,0.999324669673014
1459,0.20002146215903666
1460,0.0016000184800684793
1461,0.6029545306247889
1462,0.9996511541797248
1463,0.029760625262453363
1464,0.0008583073704741352
1465,0.842897786637224
1466,0.04632160643091976
1467,0.006954838056631437
1468,0.3178505494074292
1469,0.7662573900372851
1470,0.7307538679374358
1471,0.011713301139195144
1472,0.008206398977344301
1473,0.3491121102107977
1474,0.764720043946448
1475,0.002074398343684569
1476,0.003864202779932229
1477,0.9994900305169079
1478,0.33866773703788
1479,0.01194711695691032
1480,0.8920866843349233
1481,0.031913502055799604
1482,0.7018521447772533
1483,0.00018573495946883867
1484,0.060415321369278276
1485,0.006097331576925704
1486,0.004641851692540907
1487,0.007318455328360559
1488,0.0028479588882605743
1489,0.9999474597952895
1490,0.06922480028720233
1491,0.09221576780745892
1492,0.21653545672442237
1493,0.23388644305638912
1494,0.954078160884009
1495,0.9108846710214853
1496,0.7692372355357218
1497,0.332644123233531
1498,0.0028387743835602683
1499,0.7529871396703584
1500,0.9996524855960205
1501,0.000739096785157095
1502,0.03370770340825224
1503,0.7902073530777727
1504,0.008282198830323266
1505,0.0007304579194129547
1506,0.056894965292602566
1507,0.09889855113059089
1508,0.291290636969358
1509,0.4329355938862865
1510,0.903631844054307
1511,0.7906068278912479
1512,0.0039397363762797765
1513,0.012774735747841121
1514,0.7157672785532427
1515,0.2287793899399804
1516,0.7024408640666311
1517,0.002973550502101255
1518,0.44080488914866295
1519,0.022560402665917117
1520,0.0641709546320581
1521,0.3011265362933503
1522,0.21476839638083128
1523,0.013185322010594582
1524,0.034359147097479205
1525,0.496060118734937
1526,0.30949510621886794
1527,0.9992536236980566
1528,0.5781155690268418
1529,0.9996101455312355
1530,0.6418437317835751
1531,0.0001785847487187986
1532,0.6356752119772916
1533,0.006475859368199631
1534,0.9999255414090258
1535,0.47097771807447236
1536,0.09224994513472622
1537,0.011443551863638443
1538,0.2193410642276662
1539,0.011889584452156064
1540,0.00010835389983848307
1541,0.10103987253902837
1542,0.9980062546879267
1543,0.15593355019408406
1544,0.9649525088078701
1545,0.11239907355258656
1546,0.00011391860606739166
1547,0.699404053777923
1548,0.9267012942112007
1549,0.34199858766377833
1550,0.4074338387800882
1551,0.03134961215450872
1552,0.0021510629836543646
1553,0.000991698389082359
1554,0.05329957155333387
1555,0.9985253081298424
1556,0.15869358582766796
1557,0.9994807358729794
1558,0.6794244686176648
1559,0.9413559997844291
1560,0.8569579788113907
1561,0.00441544152805441
1562,0.0029719873873934304
1563,0.12130071414414435
1564,0.00012318576344396003
1565,0.1670632748847978
1566,0.009389053898478203
1567,0.014021635128014373
1568,0.826727770343153
1569,0.9996900025573824
1570,0.008009049710984033
1571,0.004531231144662214
1572,0.5334608842527023
1573,0.9311305237656872
1574,3.106633920833658e-05
1575,0.9999039848033272
1576,0.9134922853524315
1577,0.000300283782201395
1578,0.46729998973417736
1579,0.8603367817120728
1580,0.021571655305562067
1581,0.16207697274502578
1582,0.00040665012064755856
1583,0.6487293482885964
1584,0.9996182826875794
1585,0.045379641869897194
1586,0.10427465696159584
1587,0.18089706615970874
1588,0.637262650059156
1589,0.7325451213241856
1590,0.008197551826671432
1591,0.5864829279405117
1592,0.1092488382790178
1593,0.20673943126067715
1594,0.02200789797882399
1595,0.9994285616106388
1596,0.014134798853196207
1597,0.606461774087978
1598,0.9997229510364227
1599,0.7906492501761417
1600,0.9984494579348531
1601,0.9714548641562235
1602,0.5774999345251713
1603,0.012061805686726105
1604,0.0001233235119748501
1605,0.0028253800655125096
1606,0.001450638516431173
1607,0.012587836528148096
1608,0.024525285701859603
1609,0.9998445137181696
1610,0.3378353798517721
1611,0.35918045416595556
1612,0.9240907373695385
1613,0.052467208904815064
1614,0.23281557147328794
1615,0.040926875270766994
1616,0.9999270451740746
1617,0.07202718958624206
1618,0.0010860491079709431
1619,0.9981483228062634
1620,0.0005525027689686323
1621,0.06730768942329014
1622,0.21089719930572084
1623,0.5920683017266948
1624,0.011305727745200882
1625,0.6005064994047656
1626,0.008285726954804663
1627,0.03688363964947542
1628,0.9995600397669068
1629,0.1679054280052888
1630,0.9015560530278862
1631,0.006818987272233069
1632,0.9997672926103712
1633,0.9993143983068229
1634,0.018607222021809658
1635,0.01872154636575776
1636,0.0026965205296888223
1637,0.5910914898774301
1638,0.0062274077283867
1639,0.464755682064912
1640,0.8308022269975408
1641,0.004229842078165154
1642,0.9995227884064404
1643,0.008404516411992103
1644,0.8217822895926955
1645,0.4855697641041891
1646,0.005110226803022649
1647,4.460319617486919e-05
1648,0.6602483630700422
1649,0.00013120693441707521
1650,0.07018691857781169
1651,0.05970709707873424
1652,0.015587820414537278
1653,0.17301409101369375
1654,0.04726050661059599
1655,0.965797700001084
1656,0.20571585936268016
1657,0.42229644429025276
1658,0.2763488635847043
1659,0.11305294656192884
1660,0.10506433325466964
1661,0.444711396985434
1662,0.03426747246423897
1663,0.00024124411116498292
1664,0.6097986843783133
1665,0.8775079655910738
1666,0.05826329372902128
1667,0.7891259785138913
1668,0.6333607718491318
1669,0.0019387285123152694
1670,0.0009806376259443373
1671,0.4318980574171732
1672,0.005166993613202418
1673,0.6191894797005655
1674,0.01749017352327507
1675,0.010706122900531754
1676,0.18249860964070647
1677,0.4563926197075122
1678,0.034492097597259554
1679,0.5189512587550026
1680,0.8437478775106907
1681,8.285677423405829e-05
1682,0.0030015806874161104
1683,0.5445042802531133
1684,0.009709683540267468
1685,0.6488985077280657
1686,0.5392509764594169
1687,0.6395562529005414
1688,0.9969058993074875
1689,0.7555097523936187
1690,0.08644117382883461
1691,0.24525624353339548
1692,0.16160346605669895
1693,0.33648231280459057
1694,0.6211558891296292
1695,0.9998639684301062
1696,0.3660267197645526
1697,0.7993409757064038
1698,0.9997678009770118
1699,0.9969058993074875
1700,0.736909226919583
1701,0.0006116056265645489
1702,0.008160140760809538
1703,7.471507038565353e-05
1704,0.09677211448009856
1705,0.00022739221091346216
1706,0.9998625834251481
1707,0.007952894984966213
1708,0.009420513990518006
1709,0.9997313722308496
1710,0.04965789870098765
1711,0.9996524855960205
1712,0.028003576635703027
1713,0.005704375775925732
1714,0.030418797009640276
1715,0.10264686044714062
1716,0.48837450240148816
1717,0.8892545474532676
1718,0.8470659638918911
1719,0.8811104194467784
1720,0.9999558540594695
1721,0.8328371696477337
1722,0.29081153647740043
1723,0.6636143376341425
1724,0.024166771914939225
1725,0.0017528140909744557
1726,0.8963400967614918
1727,0.11725952123588934
1728,0.17989724850058747
1729,0.32041415415697416
1730,0.2408726850436582
1731,0.34450977256603116
1732,0.42136366086677257
1733,0.0001412025819581991
1734,0.75221461278886
1735,0.7108513487244117
1736,0.9997156688272456
1737,0.9851621112676601
1738,0.9996365758420503
1739,0.09065023264342999
1740,0.6051039470957926
1741,0.6568002230005902
1742,0.35392119573537584
1743,0.22580314746268576
1744,0.03399454529477572
1745,0.2631694722410106
1746,0.41582320937348277
1747,0.7887530423434301
1748,0.00010528839059097716
1749,0.06455724719865066
1750,0.007408726443448795
1751,0.027973251950521368
1752,0.0002887177490890368
1753,0.0003790870842698112
1754,0.16511722256967065
1755,0.001966011898653076
1756,0.8810675081037367
1757,0.06009704777996755
1758,0.025314609125881436
1759,0.7604176407838333
1760,0.025913238934794643
1761,0.5708116636965821
1762,0.9998722786759866
1763,0.05403112739909881
1764,0.2781782101419934
1765,0.23723590648609974
1766,0.2713816467642101
1767,0.039745591978021654
1768,0.5835157260975181
1769,0.8219216677022712
1770,0.37067999596967055
1771,0.8038928211508364
1772,0.0002398593711384022
1773,0.8220751200610692
1774,0.012889920322483945
1775,0.003513965157091163
1776,0.009455466933931499
1777,0.6210836473350408
1778,0.9997607634484209
1779,0.06697397548925761
1780,0.1719245662104555
1781,0.5647597118380627
1782,0.0038760263401154565
1783,0.8543985445938524
1784,0.02641292287737792
1785,0.09665894861497468
1786,0.9995703846977534
1787,0.9994314362506218
1788,0.7716881252145585
1789,0.6724027716968334
1790,0.621834677358415
1791,0.33633635894664676
1792,0.48546523207976855
1793,0.23533336472020708
1794,0.9923547137664336
1795,0.005541106091222025
1796,0.21251115975179197
1797,0.1749136929953644
1798,0.9993336517016168
1799,0.23263711746031923
1800,0.0003003910859879524
1801,0.9998176213140284
1802,0.001056362253432949
1803,0.10844975299243687
1804,0.00011140521145028094
1805,0.34819903557542153
1806,0.15033362477916207
1807,0.29267178904366997
1808,0.37861338124181065
1809,0.0015516088890975492
1810,0.9992499768088454
1811,0.21251115975179197
1812,0.0001872324057718006
1813,0.8542597110059325
1814,0.5785095001598478
1815,0.0018315603771379223
1816,0.8110257562855925
1817,0.0013167991685392353
1818,8.729762477032745e-05
1819,0.09762953695815332
1820,0.9997284265958364
1821,0.007697446056160339
1822,0.0020488705228756694
1823,0.652433976358487
1824,0.012406951264795248
1825,0.9999266495401228
1826,0.0021820244325386658
1827,0.015382789037989614
1828,0.509484657786316
1829,0.6506710841840636
1830,0.0503004548636763
1831,0.895548718212851
1832,0.34185420344363554
1833,0.003535625099029095
1834,0.9997703967436925
1835,0.6300987961585378
1836,0.0008933913938763891
1837,0.6944101415131808
1838,0.267446182213825
1839,8.971224114431716e-05
1840,0.003944322789917048
1841,0.045623317663595335
1842,0.17292988698843786
1843,0.4300848899814594
1844,0.011468157426995976
1845,0.5197270204637896
1846,0.1021753719673711
1847,0.6894825110732196
1848,0.014728168814735116
1849,0.5228384039770672
1850,0.7485521338237607
1851,0.000279158506187522
1852,0.020202999149485684
1853,0.05665502711844961
1854,0.0070367046299186775
1855,0.00329898927040323
1856,0.7282727088701023
1857,0.27966362966863034
1858,0.32838645340158834
1859,0.704533763317884
1860,0.6334828151001449
1861,0.4689477507475334
1862,0.0019675634485381206
1863,0.7914892650723155
1864,0.9997657726368168
1865,2.4246695570256884e-05
1866,0.008680725384701559
1867,0.9999697468293665
1868,0.002658558264528159
1869,0.9981159906355216
1870,0.5912338282332491
1871,0.024163106401583704
1872,0.0001485152880817384
1873,0.9997229510364227
1874,0.0019427296864790043
1875,0.430539526673772
1876,0.003137567112445426
1877,0.9995574966193886
1878,0.0373982687975326
1879,0.018116187706002193
1880,0.8551059733984459
1881,0.003665240109860201
1882,0.0895256378440599
1883,0.7458130800806257
1884,0.8633136040448149
1885,0.9994578980614803
1886,3.222249152303919e-05
1887,0.05177394818856448
1888,0.2632164112048092
1889,0.03336627988744144
1890,0.6591824883815534
1891,0.9998611543394631
1892,0.004188106071065318
1893,0.09415239786956445
1894,0.00490790936708993
1895,0.7417719094846873
1896,0.2597356570214229
1897,0.09092633108750701
1898,0.0023205459104069345
1899,0.9997267309680048
1900,0.00027317840526776846
1901,0.8710500756389256
1902,0.4784015812195815
1903,0.8575778299670873
1904,0.003269305369470101
1905,0.6063462308980707
1906,0.6789053510892556
1907,0.836018862593721
1908,0.9997313722308496
1909,0.6231533806891468
1910,0.9484682148459814
1911,0.010489028619050433
1912,0.22225557297701656
1913,0.13965960906685285
1914,0.9655673486409236
1915,0.0015740340781458452
1916,0.9994314362506218
1917,0.31887724929516
1918,0.2065190621301007
1919,0.9568413869418714
1920,0.9998611543394631
1921,0.010739857400479868
1922,0.9999562912726505
1923,0.7303854075802276
1924,0.06098037893501582
1925,0.22885353616683188
1926,0.9998187436491534
1927,0.01528139209315956
1928,0.1990195578771408
1929,0.053287784420787375
1930,0.999484515451382
1931,0.7973432273002556
1932,0.9996608488107642
1933,0.8348536711414644
1934,0.7760106197187426
1935,0.0003728894534585975
1936,0.17071514705777022
1937,0.06773055162828222
1938,0.8027966878283281
1939,0.11798884334102949
1940,0.6227709992468035
1941,0.00010523102586072164
1942,0.786871753371253
1943,0.9993336517016168
1944,0.03630060085964271
1945,0.010999858174028383
1946,0.0030940190462921276
1947,0.04551340611302057
1948,0.9993916039159197
1949,0.999344273166265
1950,0.23841438801076018
1951,0.9994706120060642
1952,0.464755682064912
1953,0.06165246153000366
1954,0.05325817162639346
1955,0.33129373786216454
1956,0.013473136890124636
1957,0.012411293511609679
1958,0.2900433175185558
1959,0.3657376792912359
1960,0.028064881157310335
1961,0.14470922289989943
1962,0.0006483699534488984
1963,0.46786930785072234
1964,0.0057791554659578975
1965,0.20053438805028642
1966,0.001484596364098185
1967,0.00010278315464288698
1968,0.1183865121674606
1969,0.9665983057723703
1970,0.999673126570884
1971,0.8643582994775074
1972,0.5787893295645692
1973,0.2546224890559505
1974,1.6887057154349622e-05
1975,0.43324492093518735
1976,0.24944436407104184
1977,0.13566943370588513
1978,0.0628116162084947
1979,0.028605789557048032
1980,0.08617293723336578
1981,0.028278645739943244
1982,0.6266152708564136
1983,0.02724968238461484
1984,0.1494348003650634
1985,0.03621460884289723
1986,0.00016649069194770726
1987,0.8068308712239461
1988,0.011095871265881822
1989,0.1785916810047445
1990,0.05507723228901979
1991,0.28909021418271125
1992,0.024021524776427508
1993,0.9912031299518127
1994,0.999973115377271
1995,0.047384424913451746
1996,0.035893154327944016
1997,0.9993496812754782
1998,0.0006665824810275664
1999,0.8829121339832149
2000,0.24042584909973078
2001,0.26479374358855834
2002,0.0011962270663886752
2003,0.001263924610047561
2004,0.013711147431146011
2005,0.040702998702702185
2006,0.8159348156890761
2007,0.1293465136795564
2008,0.9504920660708179
2009,0.14409991504068706
2010,0.9886315352253042
2011,0.0003728894534585975
2012,0.9998197263286934
2013,0.2741955510115599
2014,0.15550256965891593
2015,0.024649916956427587
2016,0.06151227765074679
2017,0.006957369044784119
2018,0.26885955392689814
2019,0.0013020727032972217
2020,0.007167944128758106
2021,0.09909895987421599
2022,0.2154458347991846
2023,0.3082627749322331
2024,0.9995965210393848
2025,0.7772791954160346
2026,0.9997495709741165
2027,0.23520881725623652
2028,0.6410468000654957
2029,0.15562604275468567
2030,0.01410529802112366
2031,0.002778181774100888
2032,0.14222944063610185
2033,0.23676056517802888
2034,0.03515092226561247
2035,0.004036434755390112
2036,0.8213533084499492
2037,0.7582897020180622
2038,0.09965764654157061
2039,0.011063811498468986
2040,0.0703971668415751
2041,0.9999029313405201
2042,0.060040726939105664
2043,0.9999364441705685
2044,0.9988824359995679
2045,0.41557348748736744
2046,0.00025247278800821966
2047,0.0018562573778165082
2048,0.0028216398452090663
2049,0.9669618807750567
2050,0.6384984734018423
2051,0.020239740609443363
2052,0.009289037277215445
2053,0.007663485402203331
2054,0.2602740292208483
2055,0.017762864724653618
2056,0.008690290964928665
2057,0.0986269624821022
2058,0.026799446182528764
2059,0.39924066921982004
2060,0.030441456516470962
2061,0.006012675176729726
2062,0.33293917807837153
2063,0.006284700802353053
2064,0.7502296065523179
2065,0.021709203877604485
2066,0.9991173823829356
2067,0.13664916527754242
2068,0.9986211987720303
2069,0.006323646336498004
2070,0.6091353862456613
2071,0.012907225061975374
2072,0.9008651539116298
2073,0.9173497395433522
2074,0.4653775416574611
2075,9.251775328354559e-05
2076,0.9992237584357746
2077,0.5108092954534039
2078,0.1464549708844933
2079,0.08643073658152801
2080,0.9222995864492051
2081,0.4947317276767421
2082,0.9995536881494053
2083,0.31817080181518137
2084,0.9996788687464264
2085,0.005556056361452484
2086,0.1860103733771779
2087,0.08402427355404364
2088,0.9470602337592977
2089,0.004341062080588205
2090,0.2741955510115599
2091,0.00023697836166306573
2092,0.7800885236387858
2093,0.518910990185152
2094,0.9996741839935197
2095,0.00012308641149611405
2096,0.9999907435230843
2097,0.9996655264180665
2098,0.277120558858126
2099,0.9997153891236222
2100,0.005616353402561995
2101,0.2738174308983163
2102,0.35050795675878144
2103,0.0016228991073880272
2104,0.1530258992507535
2105,0.0003513438442798514
2106,0.9329959398139491
2107,0.9996648660218873
2108,0.0020689311352328128
2109,0.10943008101048782
2110,0.9912031299518127
2111,0.7738916842417847
2112,0.288986267312817
2113,0.018864806313636528
2114,0.4827998051366028
2115,0.41354891876356353
2116,0.8650428234556244
2117,0.26732163139765036
2118,0.9998611543394631
2119,0.0014400486913406015
2120,0.5044685727817371
2121,0.36495628141265657
2122,0.007209779687551648
2123,0.22592926396912075
2124,0.0006266298106747627
2125,0.3797495996372621
2126,0.9990036124201354
2127,0.8829121339832149
2128,0.8759050591130365
2129,0.9995748273396287
2130,0.4034183208676364
2131,0.9995321735965664
2132,0.019915437934387433
2133,0.9306274761945269
2134,0.05850364237785086
2135,0.061180612565477424
2136,0.21073905829330894
2137,0.00012228421397860196
2138,0.13959562888117943
2139,0.006544983911126966
2140,0.08936653973207564
2141,0.0783006292299126
2142,0.9998268336769098
2143,0.9998986372375684
2144,0.9999562912726505
2145,0.5219057253887933
2146,0.7600020592277177
2147,0.9998970438633309
2148,0.13660090242412334
2149,0.29607203098354473
2150,0.006449651899475241
2151,0.1112433654215222
2152,0.002050809406608037
2153,0.14559931063477224
2154,0.06640337037135995
2155,0.024863327537375912
2156,0.3388716754498031
2157,0.015464721308712221
2158,0.21221978297350616
2159,0.00058111499576839
2160,0.00015086938492784593
2161,0.3115122186582208
2162,0.7623207266169078
2163,0.7136849269608894
2164,0.009068745312079208
2165,0.014588785407558745
2166,0.16435056117745067
2167,0.002846255651629701
2168,0.9792677551595076
2169,0.17940599823539943
2170,0.001201425879095509
2171,0.4832919349514913
2172,0.5197270204637896
2173,0.9996523533296412
2174,0.9999270451740746
2175,0.00023152037902524704
2176,0.0531381254975811
2177,0.9998447780117197
2178,0.005966649291479127
2179,0.0002720438196258868
2180,0.013082592657664354
2181,0.005046126653094885
2182,0.004905340107910227
2183,0.07484308580583701
2184,0.08028466922484814
2185,0.9929736549170186
2186,0.9998557320633004
2187,0.35127653997734687
2188,0.00019582762930910066
2189,0.9995466024518899
2190,0.00019676471955004017
2191,0.09093786467904319
2192,0.03891526770432312
2193,0.017188795736420556
2194,0.42018311503064065
2195,0.7130211764368729
2196,0.734308077445146
2197,0.24061588839634482
2198,0.12605355615761663
2199,0.4599644861929113
2200,0.00030586500763194255
2201,0.0005541824312627338
2202,0.0002016371045165414
2203,0.47209221669931956
2204,0.9987685488435509
2205,0.2773835117822869
2206,0.7649619619858253
2207,0.8101617707624928
2208,0.075702560209754
2209,0.9997863721700495
2210,0.8184177423403765
2211,0.005358542461826265
2212,0.02965603201701615
2213,0.9991118856657372
2214,0.9981819948526753
2215,0.20335657516169608
2216,0.8834873877446275
2217,0.00018428093160378437
2218,0.00015005035261501565
2219,0.7356986734512564
2220,0.009303241125336401
2221,0.00030794557161603533
2222,0.8527095704293912
2223,0.2694070139318678
2224,0.025005969309060353
2225,0.6953289596526909
2226,0.9324622287991898
2227,0.22566941437208285
2228,0.5683720981396869
2229,0.0032280378067993925
2230,0.9990846130682494
2231,0.7223687178410482
2232,0.00011393736115214029
2233,0.8535988495286352
2234,0.24440424232014854
2235,0.9649525088078701
2236,0.42317290283121334
2237,0.03905879357035445
2238,0.07477170738214467
2239,0.011692118629781744
2240,0.0003359223917652659
2241,0.004038323346777665
2242,0.015784877012642144
2243,0.06258335193131406
2244,0.8302639805912665
2245,0.0005592844176027617
2246,0.9983399773474066
2247,0.8927220836579383
2248,0.9998470000369628
2249,0.4340768943643935
2250,0.7851816979137471
2251,0.9994910555937943
2252,0.00019787168123987776
2253,0.9993466169592782
2254,0.00893865698098732
2255,0.06337345372622946
2256,0.26210019799240636
2257,0.9138274892328209
2258,0.8876601776678225
2259,0.00045368024341835316
2260,0.12422723236047557
2261,0.037608890679348445
2262,0.01114789913260963
2263,0.9992553800751742
2264,0.2864770817792886
2265,0.09335553062201693
2266,0.36126672742294463
2267,0.7581826617500576
2268,0.10195995099972201
2269,0.6171286598835676
2270,0.1533690813675803
2271,0.9857056438904839
2272,0.6980864810998614
2273,0.2251917403016103
2274,0.14799710225861767
2275,0.04200896191120176
2276,0.0027973197140707595
2277,0.999289581474063
2278,0.5062238472977914
2279,0.013506663073226406
2280,0.7340542173340008
2281,0.0012498093059388322
2282,0.001954488388539844
2283,0.08424126034860993
2284,0.9883416361502647
2285,0.66660645336377
2286,0.8562663592767114
2287,0.02304648379487027
2288,0.0018669609549757753
2289,0.9570166426099757
2290,0.30938587720213423
2291,0.22452832450531354
2292,0.9998904562988747
2293,0.8580049747843348
2294,0.15681880724050928
2295,0.9987236992067033
2296,0.00034238841096939177
2297,0.0013869747340123952
2298,0.036147113742358176
2299,0.22275611466347556
2300,0.9995809189857174
2301,0.6652118615116491
2302,0.9987236992067033
2303,0.1985106426068268
2304,0.6802937190564085
2305,0.10867631115610632
2306,0.705994323290281
2307,0.6142352135193158
2308,0.00981874520089738
2309,0.0038048176644071303
2310,0.00668151478548445
2311,0.9995783796758239
2312,0.9995431623285498
2313,0.9998329855713413
2314,0.00036188765496846404
2315,0.18395918403826586
2316,0.8015811724418644
2317,0.6898956303878622
2318,0.9996431823673618
2319,0.2723653141428323
2320,0.24323170298146166
2321,0.018455610823780017
2322,0.00012995275824692412
2323,0.0015829154312729005
2324,0.5931307958115067
2325,0.7703543850696203
2326,0.4045966089129055
2327,0.06059732518088292
2328,0.999515879975246
2329,0.9997462795507895
2330,0.999554912594639
2331,0.0465615555134131
2332,0.011627180625183225
2333,0.8787920212513299
2334,0.9427067615369158
2335,0.5706721013271874
2336,0.3912840418534614
2337,0.9997006824583661
2338,0.7357997303858432
2339,0.9995473273360095
2340,0.007058791005754432
2341,0.0019393831633529258
2342,0.000505260906300483
2343,0.0407846913880416
2344,0.9993911726874215
2345,0.38748079756340464
2346,0.00010477966759787433
2347,0.9998611543394631
2348,0.9995574966193886
2349,0.999813541556598
2350,0.2963610345092605
2351,0.0017132888814148234
2352,0.0014842950739599652
2353,0.9995084445741358
2354,0.9986242895646849
2355,0.0002243848006073661
2356,0.3544040136668258
2357,0.6345708256357018
2358,0.00014297318427352842
2359,0.478680764620667
2360,0.43341751472559925
2361,0.1521690028013279
2362,0.9996511541797248
2363,0.00020579481852186818
2364,0.04383622880222251
2365,0.690149346950335
2366,0.6082670556642259
2367,0.025558770377835504
2368,0.1644101697632912
2369,0.0017040782737017994
2370,0.9265250174523705
2371,0.00022466156328484224
2372,0.4231268743025579
2373,0.1393709695338082
2374,0.007485954047533507
2375,0.999839854212449
2376,0.9995985088513702
2377,0.7468784757898236
2378,0.049850155508646514
2379,0.4464557929005659
2380,0.0003433809559132562
2381,0.9994900725958821
2382,0.15143970930379824
2383,0.0013955037865321335
2384,0.1865248336561602
2385,0.9992319874878447
2386,0.49498223438210626
2387,0.10385444071322253
2388,0.000841318991106536
2389,0.20754310028901604
2390,0.11290904913708606
2391,0.0027436799080891873
2392,0.9999329886732777
2393,0.36942856008788566
2394,0.3788724487122202
2395,0.3424073800090097
2396,0.9990646292634114
2397,0.770937815696672
2398,0.7582897020180622
2399,0.8156319757030318
2400,0.005390916434425724
2401,0.18666434347113492
2402,0.0007636587641204417
2403,0.7573295000846391
2404,0.9995188686824839
2405,0.9997052328962903
2406,0.9296428280606509
2407,0.29845639106274857
2408,0.6413692663970929
2409,0.6169793579693346
2410,0.009409658624016028
2411,0.6060684992424702
2412,0.7316168970199063
2413,0.0035552088895672617
2414,0.3713103034832783
2415,0.9993759122419318
2416,0.00011816158846446624
2417,0.004894983390128892
2418,0.6947377482024396
2419,7.790991287874532e-05
2420,0.9999317452036011
2421,0.18616809630510067
2422,0.0004120384119903322
2423,0.006506551227741075
2424,0.0015585980672301071
2425,0.005038591483069656
2426,0.0018789848202362266
2427,0.009667234818963304
2428,0.000748616369089922
2429,0.006201094397243719
2430,0.013933058949535252
2431,0.02225208309574024
2432,0.999911546182346
2433,0.22428273652923036
2434,0.5935717019017892
2435,0.08527181361533065
2436,0.8539071505500394
2437,0.9964578207508703
2438,0.0004565404831043436
2439,0.010510152316552382
2440,0.0032888873581727006
2441,0.7486596882095138
2442,0.8770595598965684
2443,0.0009439943079018181
2444,0.914902525029087
2445,0.010316733476336278
2446,0.49838236177089873
2447,0.8245332144300014
2448,0.018382034805952543
2449,0.02144325894915055
2450,0.0008984570324274544
2451,0.01313194889390075
2452,0.28601714608415807
2453,0.05398623012571635
2454,0.2296016595923925
2455,0.01396920945169827
2456,0.28699075302557286
2457,0.5003731156934959
2458,0.014670196161736494
2459,0.9980814220392975
2460,0.26494365652687274
2461,0.28002053020127216
2462,0.013996081178758522
2463,0.021168948103180627
2464,0.5174778266652417
2465,0.3204771259654191
2466,0.9991340337909369
2467,0.5060440725198323
2468,0.00017169048480282788
2469,0.21927031188113497
2470,0.21999984287423693
2471,0.998107441876257
2472,0.9992237584357746
2473,0.3278490673051654
2474,0.01209288149466871
2475,0.7337014746985985
2476,0.10014705432467454
2477,0.00014911785841709407
2478,0.00023921298088434018
2479,0.0021021962412119204
2480,0.8598525979736846
2481,0.41152601926275273
2482,0.5197270204637896
2483,0.04457163108987117
2484,0.043432984081938644
2485,0.5890119668195917
2486,0.0833258753505764
2487,0.006635628242316373
2488,0.2925327911872071
2489,0.07751819087432879
2490,0.36085720580952974
2491,0.3371028730423332
2492,0.002584575036834913
2493,0.600647441339463
2494,0.010898376996031923
2495,0.1683370704379478
2496,0.2028736285001294
2497,0.8545679786534561
2498,0.6771475480178233
2499,0.0001479930471240601
2500,0.0013717060453667439
2501,0.07730583685368221
2502,0.8529442981627878
2503,0.7230549098572838
2504,0.0206723215500259
2505,0.0013477242252193248
2506,0.9998814695025698
2507,0.5746680472686705
2508,0.9999208904857733
2509,0.029616692123523868
2510,0.42332898046953876
2511,0.20838715749605316
2512,0.17940599823539943
2513,0.7108418928772865
2514,0.9992536236980566
2515,0.0787744799005043
2516,0.011093598577639153
2517,0.0009365809093086872
2518,0.10212682378913739
2519,0.00016993722126118689
2520,0.0005409508846341349
2521,0.0019388405142506165
2522,0.6874100263982102
2523,0.8412400784183556
2524,0.15772578955175798
2525,0.4492727339112934
2526,0.7050107617252863
2527,0.9992539045831207
2528,0.9995849899636525
2529,0.7966859226017943
2530,0.06434696030554679
2531,0.27627252608120945
2532,0.1176481282463583
2533,0.04952945042230473
2534,0.4820178962877917
2535,0.19773826144172835
2536,0.0007239338612397299
2537,0.6153445053797183
2538,0.9991858153933683
2539,0.9162567604435286
2540,0.999779004323364
2541,0.0002463225572349715
2542,0.0003301321545204284
2543,0.9996327784772536
2544,0.5364608123674516
2545,0.05979257690882924
2546,0.9996741839935197
2547,0.00021563256391073104
2548,0.4592632092294197
2549,0.027137041977367455
2550,0.12799423012027625
2551,0.01696679912124718
2552,0.24445481613408213
2553,0.010376657453434817
2554,0.05517838583431316
2555,0.9248081897451346
2556,0.0013934463011786957
2557,0.8687193219697764
2558,0.00012935145559862078
2559,0.5158533408920463
2560,0.13529482312156904
2561,0.057891420531282003
2562,0.13315054159309242
2563,0.4944185779602592
2564,0.010836662515849662
2565,0.08153597650744471
2566,0.001091379138182891
2567,0.06521952515963608
2568,0.00011410141523089302
2569,0.09921676073008161
2570,0.0001332959078037591
2571,0.7204687139205954
2572,0.13890537522149507
2573,0.0006483699534488984
2574,0.07428130459159178
2575,0.049769877445385836
2576,0.008690192122704353
2577,0.2034975908276995
2578,0.9820718373278565
2579,0.4324385857473809
2580,0.19745151074762624
2581,0.27365875921884064
2582,0.9646460345674015
2583,0.0026330136077313986
2584,0.0006955347387677866
2585,0.39282951020282875
2586,0.9997023020587968
2587,0.7818425774377662
2588,0.8516391692293133
2589,0.03518596226812867
2590,0.4884513889645135
2591,0.9998704162837054
2592,0.46341667549937593
2593,0.05256216536870978
2594,0.002494148423592257
2595,0.0360196052981364
2596,0.0019121056286497055
2597,0.06938941294227602
2598,0.36395798289757286
2599,0.0004085845011116747
2600,0.025273172112249165
2601,0.0010931770111283277
2602,0.9998611543394631
2603,0.0018766328189379015
2604,0.29954944551301255
2605,0.18749295573713276
2606,0.9912031299518127
2607,0.9993336517016168
2608,0.648554883289901
2609,0.013370085028415192
2610,0.8316996414311986
2611,0.8147883390477928
2612,0.9998939055184133
2613,0.33068201347333304
2614,0.018516074054515178
2615,0.0074858018164801815
2616,0.9988702376698231
2617,0.5757658434528858
2618,0.00327099719283724
2619,0.29990342309591844
2620,0.4206067655449652
2621,0.025453442670369402
2622,0.9366789780814694
2623,0.9997396015332854
2624,0.9996182826875794
2625,0.5177856677990418
2626,0.009237263784758264
2627,0.9998247634448995
2628,0.0029976994960777947
2629,0.3651420804955579
2630,0.8308409573578769
2631,0.376871743673366
2632,0.47310484685202214
2633,0.30385728678629415
2634,0.09874469065844586
2635,0.0009443328058890326
2636,0.4561742560600606
2637,2.1186187217177372e-05
2638,0.8217526144323153
2639,0.12052653217073041
2640,0.9988824359995679
2641,0.6431798917150293
2642,0.4938530464714218
2643,0.5510978478612466
2644,0.0012086121429997821
2645,0.2036616043387944
2646,0.7503580331280467
2647,0.49167731561938266
2648,0.8522361753851417
2649,0.001535218727079895
2650,0.44244144247439426
2651,0.4463850739449285
2652,0.0007600587354544667
2653,0.08933801039806004
2654,0.8429244882913043
2655,0.011359944622889586
2656,0.8313188122572447
2657,0.048808546390916197
2658,0.29437125048284046
2659,0.02506745437357635
2660,0.0002009584511381551
2661,0.8475099403548539
2662,0.583271635554217
2663,0.9998197263286934
2664,0.15552139388456968
2665,0.6361144428581831
2666,0.0014900430084528742
2667,0.06096423188903914
2668,0.8569368379881718
2669,0.014756956342178015
2670,0.9994832696495052
2671,0.0008268833358157856
2672,0.999483193820825
2673,0.03181796273953401
2674,0.000819467404421591
2675,0.003910073292529647
2676,0.15208010132211225
2677,0.013230059312265077
2678,0.9651185221827663
2679,0.5334637253684852
2680,0.9983070632864042
2681,0.43699105758414336
2682,0.0006198191040294029
2683,0.6851378704997664
2684,0.9318180079409193
2685,0.8627940435781466
2686,0.00041608915848279575
2687,0.3240581369417583
2688,0.8401179232196082
2689,0.0032754581029686945
2690,0.025404861699743733
2691,0.00012013592374556503
2692,0.08051464518572812
2693,0.005631890903268507
2694,0.9438814627953053
2695,0.9217761924099163
2696,0.0016549254267868557
2697,0.6189036454377952
2698,0.027706989588212143
2699,0.5242198328712547
2700,0.6803713518088411
2701,0.24296151332260066
2702,0.9995728033124269
2703,0.8312993960357408
2704,0.7914357871132756
2705,0.04408744142290324
2706,0.9997981490055415
2707,0.3720237126461875
2708,0.0002546241290016194
2709,0.0008260834362279472
2710,0.02260195770788721
2711,0.006820381417795232
2712,0.7649991864394629
2713,0.9996431823673618
2714,0.9985181146873142
2715,0.14740964192600578
2716,0.0007739747228575575
2717,0.007199759099571263
2718,0.0013487014036775407
2719,0.2910741263175019
2720,0.0028387743835602683
2721,0.8490592463421249
2722,0.00650068442270656
2723,0.01736197691898294
2724,0.28182392651780674
2725,0.7047929410768913
2726,0.999555370523253
2727,0.9669248667731213
2728,0.10956196366088185
2729,0.08426249016183987
2730,0.9996788687464264
2731,0.1650982401111215
2732,0.7109081505642992
2733,0.24487899585379888
2734,0.5971119950694045
2735,0.0008316164750814555
2736,0.9993336517016168
2737,0.018864806313636528
2738,0.037818063028148406
2739,0.22068256857385896
2740,0.4354033622972422
2741,0.9323666784633148
2742,0.6376718396743121
2743,0.004566419645889786
2744,0.9993249733448629
2745,0.009278612152596896
2746,0.2795243165406874
2747,0.05329843060401134
2748,0.9883416361502647
2749,0.031629776792281517
2750,0.03808423765860173
2751,0.9996682067600998
2752,0.012310969396937108
2753,0.04689913477372084
2754,0.9981159906355216
2755,0.9995236778940882
2756,0.999354965896044
2757,0.04569468694062534
2758,0.09476923138464213
2759,0.8569368379881718
2760,2.1741543269568892e-05
2761,0.05032381923135916
2762,0.009294139773622487
2763,0.001957059261259911
2764,0.9038627289440864
2765,0.447754186649455
2766,0.21992620002153196
2767,0.006921004785193977
2768,0.5002933287048124
2769,0.06256849568277704
2770,0.9997666097225817
2771,0.9140409222959359
2772,0.022812820391948273
2773,0.16373218457233257
2774,0.8346824557520485
2775,0.6616662429658104
2776,0.9996205987736354
2777,0.2802676569973472
2778,0.294260481724416
2779,0.8249653416903985
2780,0.020661340990029167
2781,0.41978685780072
2782,0.17329021689384289
2783,0.572304555569537
2784,0.07076818392937922
2785,0.8875518490770177
2786,0.016163537318843207
2787,0.028068927577391146
2788,0.2958551744499808
2789,0.00873615221937395
2790,0.007398948442144499
2791,0.7145444816481227
2792,0.6134180301240658
2793,0.5267845720627733
2794,0.9782818756832945
2795,0.9994314362506218
2796,0.011059140282215652
2797,0.7332538940925737
2798,0.001875642493501884
2799,0.9637760353778118
2800,0.001844041048122989
2801,0.00025299546729898596
2802,0.026316736033483827
2803,0.0007555589088175865
2804,0.4364265727288587
2805,0.5049544306672931
2806,0.6942827727835988
2807,0.2765443059783329
2808,0.2741274692567226
2809,0.014604401762516522
2810,0.9998219556284126
2811,0.6488985077280657
2812,0.8699653474856398
2813,0.18018809778507072
2814,0.8228818667493221
2815,0.038462568632241595
2816,0.0007555589088175865
2817,0.00018190556042482425
2818,0.43105494170217507
2819,0.24041907075718624
2820,0.005857024110388687
2821,0.007456828869417345
2822,0.002619451521213975
2823,1.0403839654926912e-05
2824,2.056092975776787e-05
2825,0.8726176102272498
2826,0.7548847371958095
2827,0.02361612981003283
2828,0.11903648124541706
2829,0.7403296082958456
2830,0.5950091380745104
2831,0.2774514300764581
2832,0.14287169056648868
2833,0.004161079417295618
2834,0.8649906951838294
2835,0.008530141242132225
2836,0.18058038794277387
2837,0.005082039959943437
2838,0.9998909013938798
2839,0.1081229130592491
2840,0.9993410951481452
2841,0.6128136273217423
2842,7.306792537013791e-05
2843,0.335362936022198
2844,0.002565248039448624
2845,9.182592585526861e-05
2846,0.07455171972987336
2847,0.0018750713378932215
2848,0.010280564359501743
2849,0.9992720872356241
2850,0.0008152633781471937
2851,0.9996087508782151
2852,0.060403679081666106
2853,0.005019455993236559
2854,0.0036442575997230895
2855,0.004127701671477677
2856,0.6555165144140526
2857,0.7352919483384414
2858,0.026397412548373043
2859,0.006976101379569608
2860,0.9994900725958821
2861,0.00011444509284384877
2862,0.013370893256929651
2863,0.9964578207508703
2864,0.00016401255524705463
2865,0.03538806550120976
2866,0.9994363547009741
2867,0.7832300257095894
2868,0.1890195182772819
2869,0.20804999597618531
2870,0.9999506312216214
2871,0.9995473273360095
2872,0.006441202522825504
2873,0.8706423961363685
2874,0.0391253004000608
2875,0.024514691850375043
2876,0.9989290058525521
2877,0.18000072718060864
2878,0.5718913735279784
2879,0.004657175159885324
2880,0.060307374586564835
2881,0.1438186021075919
2882,0.026450750866554015
2883,0.9997678009770118
2884,0.006357166570962253
2885,0.24932388888509796
2886,0.017443135640169995
2887,0.013627193521689063
2888,0.027956984126092627
2889,0.34452803499720513
2890,0.0002454575201123066
2891,0.00022769036545602914
2892,0.14514069208951344
2893,0.040306949943492744
2894,0.00016066393605813068
2895,0.0005004171332365984
2896,0.0010270780424094588
2897,0.6686138659310198
2898,0.5082730439137931
2899,0.9998219556284126
2900,0.9993711860036805
2901,0.8839823992421544
2902,0.001072625630836603
2903,0.001234689057671205
2904,0.44014404435358384
2905,0.0012817227733845
2906,0.031501289383975464
2907,0.0009443328058890326
2908,0.10283062461827715
2909,0.6508855261688995
2910,0.8257755515837644
2911,0.9992567833984433
2912,0.39795475134111763
2913,0.07317922904656887
2914,0.5870092689122386
2915,0.000325264935851062
2916,0.020710372468794744
2917,0.9995526620384678
2918,0.0010202357664992063
2919,0.913098836383825
2920,0.0001079271347010554
2921,0.6944101415131808
2922,0.5118492130213151
2923,0.0023398745292459106
2924,0.01404459887469375
2925,0.0020797376090078493
2926,0.28208840249815514
2927,0.0006104432767716257
2928,0.7212390556133139
2929,0.0348409769499215
2930,0.005298079966309679
2931,0.006441025798945494
2932,2.9663571463223317e-05
2933,0.022504418515071695
2934,0.03519577158096745
2935,0.17507915133031374
2936,0.6502045347936681
2937,0.05188310592496752
2938,0.08053989646631837
2939,0.0006808507369262951
2940,0.4923710387838705
2941,0.007275287896639421
2942,0.9997404932194537
2943,0.9996327784772536
2944,0.18635766258794279
2945,0.8393020690052984
2946,0.6291933971331727
2947,0.8826329821969081
2948,0.9997043534156574
2949,0.0016949419476290294
2950,0.10914588424896207
2951,0.9999029708119284
2952,0.007772279872747672
2953,0.002470162682224184
2954,0.9993759122419318
2955,0.17940599823539943
2956,0.2928149353748174
2957,0.19558061887728545
2958,0.15896723547853403
2959,0.24470227166145767
2960,0.2551723381992566
2961,0.8103926225852657
2962,0.06537529363871265
2963,0.19982588158437542
2964,0.07425539648222794
2965,0.7816251614503004
2966,0.9045593033551849
2967,0.018864806313636528
2968,0.008854406031077284
2969,0.008617801283778084
2970,0.4365891814857142
2971,0.026311139796627015
2972,0.0009089170163600799
2973,0.0012643604859046015
2974,0.05748969274341096
2975,0.0015769478705763124
2976,0.0007283974688865396
2977,0.16134980896134524
2978,0.9995199414722826
2979,0.6603174916356156
2980,0.9995748273396287
2981,0.01973115458109876
2982,0.0002266262565174717
2983,0.47607761662723463
2984,0.8852481223177939
2985,0.9628066868556882
2986,0.9997516205605174
2987,0.9961897852288042
2988,0.33150016146597383
2989,0.9997814102038588
2990,0.002816103669526153
2991,0.011177033279670007
2992,0.8176215146753868
2993,0.7769544506298458
2994,0.9996456703118978
2995,0.28673153821008107
2996,0.505551907375341
2997,0.19113638196985103
2998,0.06369887278075494
2999,0.6075010605511864
3000,0.003122351917844856
3001,0.9996511541797248
3002,0.9996811569143697
3003,0.25345123409762743
3004,0.04192784954787261
3005,0.5431660033201196
3006,7.794529523713301e-05
3007,0.01776894334955685
3008,0.19269558851908342
3009,0.769815522449375
3010,0.1516895036107655
3011,0.17329021689384289
3012,0.771257469094402
3013,0.07790440096797936
3014,0.9995239414562674
3015,0.18986839908148034
3016,0.031119164796663414
3017,0.02406401200589755
3018,0.04046369645781851
3019,0.9986513014599252
3020,0.0011291256707959554
3021,0.9992803795967115
3022,0.37191257635210917
3023,0.4351986214423369
3024,0.9951936301283013
3025,0.003658980719969237
3026,0.0020515429686020696
3027,0.20643806157838954
3028,0.9996848232913549
3029,0.00041699632495747905
3030,0.03756397484068421
3031,0.008818940589154368
3032,0.130540273574397
3033,0.0006207479641871987
3034,0.9996187860689761
3035,0.04353665400370629
3036,0.7399694217409161
3037,0.0007141318432843301
3038,0.04576864516760837
3039,0.6148094990444198
3040,0.9991340337909369
3041,0.2105816033182785
3042,0.006626704470204549
3043,0.3077914106959405
3044,0.009494966295395042
3045,0.8755088090176211
3046,0.037712270455079314
3047,0.035999151252171284
3048,0.08982836860429916
3049,0.00789780491004433
3050,0.06785060034186763
3051,0.7724754954309043
3052,0.0017991343788387013
3053,0.012466731498532077
3054,0.41025513253791845
3055,0.9846197255636108
3056,0.11364989446358215
3057,0.8572755854287765
3058,0.9794526019076206
3059,0.0016437159516785767
3060,0.9998397421750914
3061,0.9622112654341248
3062,0.9996395238570055
3063,0.34272012688435954
3064,0.2519888819817371
3065,0.49031319179384925
3066,0.07768728774331256
3067,0.9994823976019458
3068,0.07122929517807594
3069,0.0010310883936908793
3070,0.1749800788825945
3071,0.9973305759609603
3072,0.029384365382307168
3073,0.00020383756725963405
3074,0.447754186649455
3075,0.000577783281918812
3076,0.010532484699198456
3077,0.11483738440744089
3078,0.0006483699534488984
3079,0.07216442864214327
3080,0.07315795109459794
3081,0.4194499206200359
3082,0.2943363697317175
3083,0.09352069565246598
3084,0.999431058326329
3085,0.9997303693781457
3086,0.07408041845319137
3087,0.29076054830253745
3088,0.007688594116849763
3089,0.0028381574563383525
3090,0.0012018264154564607
3091,0.00013122234786059616
3092,0.9994807358729794
3093,0.8598208801950686
3094,0.2520526882639441
3095,0.4973276071441722
3096,0.45898187826733183
3097,0.018130598046372355
3098,0.007966267760096034
3099,0.9047803367205454
3100,0.18068320406218552
3101,0.703234964700267
3102,0.38351474043520434
3103,0.00039113824223890685
3104,0.00031902200997014295
3105,0.34842337884393415
3106,0.8244223850636091
3107,0.34279087203153424
3108,0.02922105416833331
3109,0.43559154773100106
3110,0.8031201013011185
3111,0.9991623821032659
3112,0.0004137534903923455
3113,0.9177076838017584
3114,0.017366135515264187
3115,0.002525065312166658
3116,0.9996775520486391
3117,0.9994314362506218
3118,0.0121674490006298
3119,0.6590260833366467
3120,0.2905504309536313
3121,0.005158434476717644
3122,0.26548194440022876
3123,0.5660359794941807
3124,0.9998814695025698
3125,0.26285823054750634
3126,0.999742937101724
3127,0.0009713742700308401
3128,0.008238588532531696
3129,0.747331693282408
3130,0.7481438524942341
3131,0.7834158803460849
3132,0.4896049960833525
3133,0.9995748273396287
3134,0.8894314338581674
3135,0.0006280112189420708
3136,0.6719550218245257
3137,0.999909619079461
3138,0.8161563017595002
3139,0.7600321249680626
3140,0.010969246618235793
3141,0.011095871265881822
3142,0.9997976474777631
3143,0.00030903234247698453
3144,0.10769112762046015
3145,0.030933489938384663
3146,0.005858871392965486
3147,0.027465735116138392
3148,0.0077221385820264695
3149,0.24226833529430247
3150,0.4145733300654193
3151,0.30361732896728205
3152,0.015786741675172043
3153,0.8631741796336243
3154,0.7481264631003176
3155,0.1193092782839914
3156,0.007146562238425451
3157,0.7404615361919828
3158,0.1626226768230077
3159,0.999508942673257
3160,0.009219341354051684
3161,0.9988316685762835
3162,0.029040445407691327
3163,0.001667432376355362
3164,0.8866870123379617
3165,0.00010766795675003687
3166,0.0001749333348554013
3167,0.9987228925374281
3168,0.2104191653859692
3169,0.9997121867270569
3170,0.008684613778340327
3171,0.5433988342023809
3172,0.01254137284528003
3173,0.152894189660128
3174,0.9998029212037286
3175,0.0007277401017291155
3176,0.7592859090939839
3177,0.9997672926103712
3178,0.685646949255659
3179,0.001415667219585022
3180,0.2681248337835455
3181,0.6612160773636641
3182,0.03535025862099748
3183,0.8987941870895134
3184,0.10212684491387779
3185,0.30027544488729047
3186,0.001787643330629323
3187,0.25968301697230084
3188,0.48571149087704774
3189,0.08507934886903279
3190,0.017415836192940713
3191,0.0012566213052597455
3192,0.0006479840938549091
3193,0.649297973834917
3194,0.9999422736442072
3195,0.7532401757342999
3196,0.06641532665945855
3197,0.004166035072156832
3198,0.6993613635675967
3199,0.7230011229617126
3200,0.6981831729897059
3201,0.5615306015077238
3202,0.9999029708119284
3203,0.4986958212138168
3204,0.999532300468535
3205,0.10133481961946972
3206,0.9989772757626689
3207,0.9993962546929599
3208,0.7223611797194749
3209,0.0407964801075861
3210,0.003942260146001585
3211,0.7910415194397181
3212,0.9391056085574692
3213,0.999344273166265
3214,0.004676015848609584
3215,0.9998475756380479
3216,0.04872560969739105
3217,0.07769747484584624
3218,0.00132453884659867
3219,0.0027097408889558273
3220,0.23356251336147935
3221,0.00012885372480684536
3222,0.9995540848184009
3223,0.00845155506931855
3224,0.23895861413296182
3225,4.7531050032306554e-05
3226,0.27892752560571565
3227,0.0035377439327190538
3228,0.9999512695705507
3229,0.03390430781374802
3230,0.11828363542296241
3231,0.11258808578598628
3232,0.005502868468188728
3233,0.17483578423862783
3234,0.0035725802434459926
3235,0.5548830754201765
3236,0.9075744893073168
3237,0.08893826782501923
3238,0.07464711896897101
3239,0.17753358540036587
3240,0.007185722459102832
3241,0.327942653304721
3242,0.08041798615784644
3243,0.6927489849712969
3244,0.31723401386868494
3245,0.9997666097225817
3246,0.08402427355404364
3247,0.20028368058834728
3248,0.23009882048087893
3249,0.43253121165502406
3250,0.7740834034702554
3251,0.028019609519078868
3252,0.033305971581356765
3253,0.2174221431245225
3254,0.0005016256361736741
3255,0.1405742278967383
3256,0.9995728033124269
3257,0.9413559997844291
3258,0.5356190314923186
3259,0.545836492435552
3260,0.7173441862328482
3261,0.1955573097515383
3262,0.06417636334190809
3263,0.0013016504419682082
3264,0.9999351110072078
3265,0.005513483230365849
3266,0.6021894478528489
3267,0.9999220118151623
3268,0.00570737573170529
3269,0.0003923210421986904
3270,0.09866192807009912
3271,0.005169031793227058
3272,0.02656357685326978
3273,0.1683526877136306
3274,0.9255115142651292
3275,0.346967801119843
3276,0.0013410563120008175
3277,0.8333991528069089
3278,0.0003308441842720421
3279,0.9996571114847964
3280,0.4374924227617017
3281,0.17310018665432403
3282,0.9996899659151031
3283,0.3389980785819242
3284,0.5873089142809125
3285,0.555644303055361
3286,0.4713231316879932
3287,0.0060717092065169075
3288,0.0020042156080082806
3289,0.003603172404800456
3290,0.0005833352202888098
3291,0.019066855219459704
3292,0.0014700624501435941
3293,0.009533628440437354
3294,0.0062260163765929235
3295,0.2222310203278497
3296,0.0016866194350406943
3297,0.07092720049777299
3298,0.9999722862076992
3299,0.2865452729707655
3300,0.018717309972149813
3301,0.45136559882534444
3302,0.4950008644642669
3303,0.5247114555880418
3304,0.9995236778940882
3305,0.7994149338887591
3306,0.0001769847054771412
3307,0.9988824359995679
3308,0.00962575101678045
3309,0.8470659638918911
3310,0.16381798933325767
3311,0.0008934137438468304
3312,0.44458826142699903
3313,0.34419341019340866
3314,0.008885183312309511
3315,0.006434911273709043
3316,0.0021896316925411234
3317,0.5277081164890822
3318,0.747243611518916
3319,0.04145412213251464
3320,0.06075030788463445
3321,0.6372113419590524
3322,0.06545017601261612
3323,0.5774561640664958
3324,5.739385617422596e-05
3325,0.8616077050496076
3326,0.000869018019602703
3327,0.0001822547491028416
3328,0.9711679028488803
3329,0.7738013606689907
3330,0.16482979817385046
3331,0.017434029608690615
3332,0.0022277596321383874
3333,0.7734393396553243
3334,0.5989508820267443
3335,0.00021945929013808066
3336,0.9987236992067033
3337,0.7194808541315802
3338,0.0007220747706559201
3339,0.005274816768080928
3340,0.0001508979145738806
3341,0.005281354096160618
3342,0.5017173638471262
3343,0.017078642293821254
3344,0.596489113582615
3345,0.00024638690081714936
3346,0.0007143353527764323
3347,0.9997000596848941
3348,0.624858105218797
3349,0.014176481511895992
3350,0.1987903880376807
3351,0.5396453226453505
3352,0.01918758862123199
3353,0.005214754846812016
3354,0.002539493091447867
3355,0.036571960159416425
3356,0.17010118092897278
3357,0.38740963683778534
3358,0.27512823066811404
3359,0.002618037537530604
3360,0.9997358982723642
3361,0.1703159964829631
3362,1.2428487335783248e-05
3363,0.013658393926163684
3364,0.7731825537676478
3365,0.8891723348859114
3366,6.988353002794647e-05
3367,0.0002772022398293985
3368,0.0018632878168589517
3369,0.022798897410888457
3370,0.02349791710361262
3371,0.8279607236842687
3372,0.7212876708787173
3373,0.006585518476358004
3374,0.04872454496001075
3375,0.6445174762549297
3376,0.00010535777361692624
3377,0.339757427097923
3378,0.9119463770920346
3379,0.5209584132722895
3380,0.11993361055597722
3381,0.015032828606119411
3382,0.07728580228928614
3383,0.21506337122584931
3384,0.2910541151260067
3385,0.01815411556867059
3386,0.7721974436428185
3387,0.007321416782414315
3388,0.009939441002652386
3389,0.0021063464190633156
3390,0.009636492572936797
3391,0.07188323876978497
3392,0.0026063184962078195
3393,0.7712236469217842
3394,0.9995227884064404
3395,0.4901425369484598
3396,0.9426629173281273
3397,0.5668936089968792
3398,0.43394690674489145
3399,0.005904543623138992
3400,0.154248818380708
3401,0.00027210779794255654
3402,0.005168993278078801
3403,0.9972206161288658
3404,0.7209202535001663
3405,0.1885514659148664
3406,0.9997227238349675
3407,0.2248649506711324
3408,0.4969704577804554
3409,0.002075696773970904
3410,0.0002601173245307514
3411,0.1643253995287101
3412,0.48294400951882716
3413,0.8994010705725929
3414,8.539918795026234e-06
3415,0.9996365758420503
3416,0.0012729381560412567
3417,0.003312091377447724
3418,0.1901251741657086
3419,0.6119784000748821
3420,0.6499846591030238
3421,0.08119883242219228
3422,0.00023285569950845254
3423,0.010609988472654167
3424,0.7456502203329536
3425,0.012319081616659514
3426,0.1932624377421423
3427,0.002886878630341295
3428,0.37715086149317634
3429,0.03558974418072762
3430,0.79942893765132
3431,0.00012723095464489597
3432,0.09497669746383752
3433,0.8700799377450467
3434,0.00032542776557099054
3435,0.16901307091903275
3436,0.029555991946814887
3437,0.22655758351200206
3438,0.8569584394615102
3439,0.05353520352130409
3440,0.5937182843900025
3441,0.006247992191122859
3442,0.11144176001378188
3443,0.3284692131840234
3444,0.2769495547796693
3445,0.0003705704131180942
3446,0.9999255414090258
3447,0.24773570086733332
3448,0.9998347857388117
3449,0.007031885373328771
3450,0.22446792857848227
3451,0.061459466634177486
3452,0.15454605551915115
3453,0.9229812969448968
3454,0.23421446155521963
3455,0.15850843484145752
3456,8.611176453391932e-05
3457,0.9175914344550764
3458,0.32093583702163436
3459,0.99947817992549
3460,0.7935663185863927
3461,0.29845639106274857
3462,0.00016907711548978666
3463,0.02549327066002742
3464,0.3425245955535799
3465,0.5870481441577506
3466,0.00042375686387382595
3467,0.03190345065576689
3468,0.07953359054310129
3469,0.6322394842451721
3470,0.28573463287734396
3471,0.007168539233146035
3472,0.6908239058434588
3473,0.7646527174452995
3474,0.9996407630722979
3475,0.0009294361858689876
3476,0.7888063765165193
3477,0.056635681417882916
3478,0.6754242053820528
3479,0.0002383096627850692
3480,0.7311335606724657
3481,0.14516377065104324
3482,0.0003358616867069377
3483,0.9996803013613903
3484,0.9800320842256975
3485,0.9996114433097345
3486,0.9997981490055415
3487,0.8015757374450416
3488,0.05240598823090442
3489,0.5306717574148785
3490,0.04964110299958738
3491,0.9989481638194598
3492,0.002497192991128437
3493,0.0024340277860869274
3494,0.4270499176654946
3495,0.03332237315693352
3496,0.0050060901209068405
3497,0.057230996838750846
3498,0.018614189080421402
3499,0.00011667861495024175
3500,0.2649205768098883
3501,0.17145355498454126
3502,0.0007999877274580292
3503,0.01026271946483962
3504,0.004337838662653966
3505,0.08734250208247378
3506,0.00305657236296754
3507,0.4472658673163382
3508,0.7293734103832054
3509,0.7769236978855446
3510,0.8268044056443978
3511,0.9993410951481452
3512,0.7192398406668216
3513,0.9580531332288288
3514,0.09069326001579492
3515,0.0008805082458544884
3516,0.00022802225021020022
3517,0.9470602337592977
3518,0.9995809189857174
3519,0.3263876126084067
3520,0.009899964734015143
3521,0.9996963922445339
3522,0.2779295642333966
3523,0.38827315773279375
3524,0.47436813940776634
3525,0.2678529001188291
3526,0.7435925536779753
3527,0.009163698641258987
3528,0.8808850589318523
3529,0.1473927149498656
3530,0.792968164884004
3531,0.04722562044255971
3532,0.28227104976635903
3533,0.29609671944155613
3534,0.55517703224136
3535,0.4452795369386829
3536,0.27701287033294586
3537,0.12522561405602006
3538,0.0002026969118945133
3539,0.009398550906111894
3540,0.0004929887029885949
3541,0.014899776184130303
3542,0.8247970934693787
3543,0.9996271970799889
3544,0.05508747909876099
3545,0.1097233841267282
3546,0.00017901259742439594
3547,0.8664897303819316
3548,0.7618701843998231
3549,0.9992246986531228
3550,0.002229745632116114
3551,0.11808935105958149
3552,0.004798679963913846
3553,0.1386058045527043
3554,0.5506998282950764
3555,0.6200242177511579
3556,0.8372213483392777
3557,0.9998452880340445
3558,0.017120729267002817
3559,0.08661101915805046
3560,0.41542659557126094
3561,0.04565036779415534
3562,0.9998771574896798
3563,0.014254228621926152
3564,0.9041897890476626
3565,0.43069197804072096
3566,0.0001921235979453491
3567,0.6484105005657657
3568,0.9996775520486391
3569,0.011642495861186599
3570,0.026447797687974582
3571,0.16182310706168362
3572,0.014681885077623361
3573,0.014664180082137296
3574,0.6736311707219313
3575,0.0010411198043677567
3576,0.999925288954087
3577,0.034371695339718004
3578,0.012711317286562865
3579,0.12921631980187384
3580,0.6157868237369752
3581,0.0723791600595552
3582,0.9999881611349023
3583,0.0008157842864941886
3584,0.004500114718828718
3585,0.991514562389784
3586,0.010221457494297285
3587,0.5085766278691182
3588,6.16760637479147e-05
3589,0.5378106114885293
3590,0.825240385780296
3591,0.2755950417274064
3592,0.5327248237261453
3593,0.27648453850032945
3594,0.011426746708331147
3595,0.7906045785678585
3596,0.8195877118938688
3597,0.17533887924272423
3598,0.03290739181461276
3599,0.18315573486456055
3600,0.2946505239044354
3601,0.017590551376861607
3602,0.006246863833011846
3603,0.002638210536282738
3604,0.00803627650802109
3605,0.03110636164437237
3606,0.0014473051421277805
3607,0.999508942673257
3608,0.9998481266597455
3609,0.6292740948263897
3610,0.736768983725304
3611,0.0019407962131763096
3612,0.9458640431997207
3613,0.0016659755677844292
3614,0.08702765700398614
3615,0.028922835633006093
3616,0.0034935270586794603
3617,0.4345799648727442
3618,0.43128280557151916
3619,0.03055387679540109
3620,0.8022606326775785
3621,0.5957972890244311
3622,0.01471298152398306
3623,0.5491323976931397
3624,0.21536065537977814
3625,0.0037387606723261147
3626,0.9017093723784725
3627,0.6878092945727541
3628,0.21789568400030984
3629,7.965488541817878e-05
3630,0.24915170925871788
3631,0.11024725074365595
3632,0.027137041977367455
3633,0.13525678538448657
3634,0.006967361554935637
3635,0.012400507004454178
3636,0.25090622288245185
3637,0.9667459413160354
3638,0.8294993726410607
3639,0.36586142019890017
3640,0.12663792917256309
3641,0.7337014746985985
3642,0.022157486514827615
3643,0.6014278789635886
3644,0.00046375921759742446
3645,0.4943040443634695
3646,0.062012962848241045
3647,0.05059450093374277
3648,0.009602322490556772
3649,0.0017643378093811076
3650,0.0002712444669094941
3651,0.08372450151944534
3652,0.29155620032234825
3653,0.41699332703553077
3654,0.03798875504361235
3655,0.0004416506052750989
3656,0.0019335840845030455
3657,0.0002612906787909507
3658,0.0022698730905918976
3659,0.18908809366359683
3660,0.04663436191016952
3661,0.7821109233006253
3662,0.7948328302592752
3663,0.0189651336453456
3664,0.0037061788454013094
3665,0.0016525759357100187
3666,0.3319940545948597
3667,0.16816298272815935
3668,0.20123989039928442
3669,0.012966103024417747
3670,0.0695659445276758
3671,0.3676750656115785
3672,0.999409621151641
3673,0.7265501559385683
3674,0.014910331463152156
3675,0.005405271748945197
3676,0.725220602675654
3677,0.000112336040324316
3678,0.8892545474532676
3679,0.012567451774559167
3680,0.7368823159253133
3681,0.9995296912168098
3682,0.1456064811397469
3683,0.9157058718917027
3684,0.00016280411591080725
3685,0.16554123271826138
3686,0.907606399853504
3687,0.25422342731262165
3688,0.4858845025096234
3689,0.9995560591595821
3690,0.025507864425580055
3691,0.40502316540786615
3692,0.40457815939664266
3693,0.03857085166253583
3694,0.14626097737842447
3695,0.10145367673874932
3696,8.924136439743772e-05
3697,0.5868528824370021
3698,0.030281369650743788
3699,0.9997666097225817
3700,0.753005234491555
3701,0.019502739174682385
3702,0.006384254348012299
3703,0.003104032600603659
3704,0.05457563765698915
3705,0.020877537224329085
3706,0.0030245845211128858
3707,0.70018420964577
3708,0.9875086091454502
3709,0.5113088659428425
3710,0.011784725669337512
3711,0.005204382551966839
3712,0.9985485033863897
3713,0.03839286292331448
3714,0.00041845957702797275
3715,0.007964613434861288
3716,0.17458468799189134
3717,0.060356720627153276
3718,0.023704865697004238
3719,0.0002045166616041442
3720,0.08558162129785832
3721,0.012225076280576008
3722,0.0002060276515284079
3723,0.00337004782664836
3724,0.00032888137333756296
3725,0.34247137241954506
3726,0.17825834819200204
3727,0.999909619079461
3728,0.6574989918775519
3729,0.0049272993631873565
3730,0.25533747557461023
3731,0.6634926797263379
3732,0.8195139439589226
3733,0.1438986934313237
3734,0.0021112430997951306
3735,0.260238467339625
3736,0.05829166468177736
3737,0.04577435405990651
3738,0.0005654016541010477
3739,0.0031238532335810935
3740,0.06878692612965373
3741,0.6882413758602584
3742,0.18324229604312361
3743,0.005400076920929224
3744,0.20385146653051717
3745,0.22049292431364745
3746,0.7392141952576167
3747,0.001169316178001968
3748,0.9994947603848401
3749,0.050830612584138464
3750,0.16012118775252196
3751,0.5440021573032557
3752,0.006975927216177729
3753,0.9997129856303334
3754,0.02454217267439173
3755,0.26502412265534964
3756,0.8733341200619863
3757,0.008478272421489654
3758,0.003474781878787152
3759,0.8063506251752438
3760,0.019684438484384517
3761,0.9287385185764446
3762,0.03701752369150937
3763,0.008666212129214547
3764,0.4871859821306329
3765,0.1164684406447452
3766,0.04353344760283977
3767,0.07499350703180312
3768,0.2773771764765387
3769,0.00020926261186882253
3770,0.045542620420322734
3771,0.1909473094577217
3772,0.8312095157516767
3773,0.05995560818740698
3774,7.79070629390313e-05
3775,0.9602874154462431
3776,0.5627708703589895
3777,0.3573868536542019
3778,0.21031023152991005
3779,0.023907045356906596
3780,0.9995544571490925
3781,0.0030101301714153743
3782,0.0023930158823477527
3783,0.02888623926337948
3784,0.03617540855161056
3785,0.9999471619643481
3786,0.14114792764580766
3787,0.06872177531291337
3788,0.5382132851526968
3789,0.10947484519450564
3790,0.602296053564774
3791,0.1643253995287101
3792,0.0001262780672957605
3793,0.0015065742807870324
3794,0.9996682067600998
3795,0.9995084445741358
3796,0.023649711846932837
3797,0.9997303693781457
3798,0.9995949625908972
3799,0.8566321222411738
3800,0.7910117513330003
3801,0.00025469440966678
3802,0.0015769478705763124
3803,0.2148563362344512
3804,0.5734527131956104
3805,0.00012589707679577498
3806,0.7133050217812066
3807,0.34809967859060287
3808,0.9996511541797248
3809,0.032846906606037965
3810,0.0033014614362040485
3811,0.2296096465534655
3812,0.9995236778940882
3813,0.007030758046919887
3814,0.9998690334312649
3815,0.00034512037420593927
3816,9.178559254448742e-05
3817,0.9999471619643481
3818,0.43559154773100106
3819,0.00821324257756097
3820,0.5632623624390759
3821,0.5658094413276638
3822,0.009791717630500942
3823,0.17166017590052873
3824,0.0003227604095735199
3825,0.7732751846691288
3826,0.06766078324676028
3827,0.12759818646781493
3828,0.046372922489635024
3829,0.0008027168962374939
3830,0.9995047105160518
3831,0.5476222292088699
3832,0.9993197299943488
3833,0.9997345525621321
3834,0.07596261779507711
3835,0.5136141559797017
3836,0.005287280644526679
3837,0.9992680655927223
3838,0.1680725943725279
3839,0.0020107406411498216
3840,0.9996899659151031
3841,0.9994704296180155
3842,0.9999308470783885
3843,0.8537150104119132
3844,0.9996283021450161
3845,0.8387447113341464
3846,0.6082018687339169
3847,0.0015891045671545807
3848,0.0003568800634133469
3849,0.29039635093034827
3850,0.00750215274117771
3851,0.025273172112249165
3852,0.9995999528805428
3853,0.4072805484288406
3854,0.9999122716636379
3855,0.6044044239516947
3856,0.0326718161285475
3857,0.0009453437064444026
3858,0.012334946790167582
3859,0.17958010126651872
3860,0.7614004967142327
3861,0.36403079150124834
3862,0.9410631338641163
3863,0.19548498233366193
3864,0.15471125472196948
3865,0.7425288592610995
3866,0.8094495045017354
3867,0.9999208904857733
3868,0.0011439557455790383
3869,0.0018944250791214478
3870,0.7220777799066588
3871,0.1714719224110386
3872,0.3537965497577069
3873,0.09826623364000908
3874,0.10692239526226827
3875,0.0009206944485694034
3876,0.00040475498186605955
3877,0.001905403379493828
3878,0.00022682978194730257
3879,0.3396083549287954
3880,0.00021399167683429043
3881,0.011166817283680993
3882,0.1440909764707368
3883,0.17947069986892236
3884,0.46471661148365984
3885,0.00010855617299176552
3886,0.08777791995595355
3887,0.952680522677995
3888,0.08989369219049519
3889,0.390786499768667
3890,0.014451238440801133
3891,0.9386022707323519
3892,0.0003920010050550016
3893,0.3176962019188479
3894,0.07752328026248086
3895,0.007721394960718353
3896,0.0005127253951715891
3897,0.49351474224289466
3898,0.0006562194380047844
3899,0.059145043220891494
3900,0.14387258918009438
3901,0.009464011611794247
3902,0.011832728141497639
3903,0.9874870171408209
3904,0.9995739621556083
3905,0.4010032004734168
3906,0.0013983294556232087
3907,0.00979148678457292
3908,0.11985205080132973
3909,0.5430399961466844
3910,0.9086447028114961
3911,0.0002214177125457122
3912,0.003076447779389299
3913,0.06556175842822841
3914,0.960711244409998
3915,0.0015075571531269134
3916,0.08223384660045743
3917,3.3351614610178153e-05
3918,0.7151972789552377
3919,0.00015672637416342286
3920,0.999786833738551
3921,0.9318633762855374
3922,0.39008178450818143
3923,0.0002600969463975202
3924,0.2563270799874383
3925,0.09739429920370792
3926,0.9489143147684819
3927,0.000297197669024468
3928,0.24448675615124907
3929,0.7353283697709928
3930,0.48074575475040066
3931,0.6914304659390629
3932,0.6491088753082452
3933,0.9061956172387651
3934,0.0007611932118922277
3935,6.781228411724496e-05
3936,0.043991570497339164
3937,0.00022805009989661156
3938,0.06970865770463673
3939,0.584714415177185
3940,0.999742937101724
3941,0.8777453322166777
3942,0.8407807457338898
3943,0.3205094257164225
3944,0.0017733425957405144
3945,0.9997313722308496
3946,0.10170581126695531
3947,0.2931916462557435
3948,0.031203425246403602
3949,0.07734569955696577
3950,0.016605281293783206
3951,0.8354322461249317
3952,0.5712731167512551
3953,0.03780457455865158
3954,0.960711244409998
3955,0.0009005942703402067
3956,0.02189959120124559
3957,0.002396568310723985
3958,0.35463380240811
3959,4.744846511732216e-05
3960,0.02586672244347832
3961,0.43462905946186836
3962,0.9999187889230255
3963,0.6441956032769566
3964,0.10179388929263027
3965,0.2401258766131952
3966,0.999813541556598
3967,0.0048966885453484675
3968,0.000979961000997914
3969,0.4956402280524766
3970,0.79128150789799
3971,0.018102196388809368
3972,0.5148140280103537
3973,0.1580623817662031
3974,1.4105118373767832e-05
3975,0.006309704057954512
3976,0.9984362597658446
3977,0.14234885313145468
3978,0.00017983526694648728
3979,0.11030842189504401
3980,0.09740595658181214
3981,0.004279792969536985
3982,0.28582719487578045
3983,0.009635852338788517
3984,0.9994693567457746
3985,5.1054230429980784e-05
3986,0.9997800107469587
3987,0.0843510121698607
3988,0.03728836875264833
3989,0.036996534524576394
3990,0.6589745196063852
3991,0.1978997799659609
3992,0.8395435339713258
3993,0.9995860782741538
3994,0.3247872577496433
3995,0.1448087090804396
3996,1.8943848084938226e-05
3997,0.4075185513089489
3998,0.002042980906126805
3999,0.6512742740957731
4000,0.004112400961822571
4001,0.006561499093640866
4002,0.003115876508766133
4003,0.3130124564921434
4004,0.4480480097173448
4005,0.33391297632058536
4006,0.5849983229390645
4007,0.3193699880426667
4008,0.3784366069655307
4009,0.008914022096919381
4010,0.26044497479011597
4011,0.9900355444099626
4012,0.5126022796869485
4013,0.813580239708483
4014,0.16255701449799145
4015,0.9604918521091406
4016,0.9998909013938798
4017,0.0645073121639848
4018,0.0018792185788257447
4019,0.5169293563546424
4020,0.7813199077507583
4021,0.3282124493245304
4022,0.000563386412753832
4023,0.9996775520486391
4024,0.008309801419229792
4025,0.8184177423403765
4026,0.047416369130773725
4027,0.7016695203208977
4028,0.6384206600730713
4029,0.22376029422764665
4030,0.2677772892885195
4031,0.00023466618437775888
4032,0.33025829790142197
4033,0.011706575167584351
4034,0.01001928160727055
4035,0.2541110193691454
4036,0.0052200866117359124
4037,0.09508337878219308
4038,0.46177144528369823
4039,0.9996304690803428
4040,0.9976709610206831
4041,0.999839854212449
4042,0.2530417220936129
4043,0.13357786704668956
4044,0.6709720797070202
4045,0.05174566299866068
4046,0.01043908266620148
4047,0.2599106396345742
4048,0.4724367837968339
4049,0.03521512323218378
4050,0.0012878597554080654
4051,0.7850555792241625
4052,0.2682107959109124
4053,0.9992712724512643
4054,0.10957499333310658
4055,0.001702274908613963
4056,0.9996899659151031
4057,0.36371619419059403
4058,0.11110288120491849
4059,0.44695641092760097
4060,0.8666224425036103
4061,0.9994848693618307
4062,0.07111184563714201
4063,0.03605677549357719
4064,0.00016623169546895123
4065,0.00020535334604073835
4066,0.46782848371604097
4067,0.5141524301370517
4068,0.1867936253218667
4069,6.718350111298201e-05
4070,0.6595974156515158
4071,0.6814275605606727
4072,0.7891923838547807
4073,0.0010738259715353318
4074,0.8249551059023524
4075,0.0009883330945022956
4076,8.103362814518412e-05
4077,0.0035725802434459926
4078,0.11917658008367994
4079,0.0019008963887003816
4080,0.9998394586118978
4081,0.9883416361502647
4082,0.24302750688051966
4083,0.2770421734769046
4084,0.9996179313407902
4085,0.06577380159572031
4086,0.3482935183472574
4087,0.5776330182520527
4088,0.9984494579348531
4089,0.005968671642331244
4090,0.9336519851458432
4091,0.21558236998023686
4092,7.515273799820961e-05
4093,0.7928646202292358
4094,0.004983373522081623
4095,0.17295625656608343
4096,0.7035035028992054
4097,0.0011270733997577052
4098,0.10385328938618245
4099,0.9979404211468587
4100,0.00902306173710003
4101,0.41302910086412076
4102,0.7469653423809722
4103,0.8406232053562323
4104,0.48792358536592845
4105,0.15122637569438113
4106,0.9772760684456907
4107,0.006499128416307249
4108,0.4077269063874374
4109,0.01627947527920107
4110,0.2500921487737484
4111,0.04442967257767645
4112,0.006217818539019264
4113,0.0006665824810275664
4114,0.012742852838187848
4115,0.9996780930018876
4116,0.0052306790469770475
4117,0.002417643533375602
4118,0.05720350545801992
4119,0.18780988697910073
4120,0.0026748691524310243
4121,0.18444954317432996
4122,0.00023584290671120871
4123,0.9992505015344231
4124,0.022843140592562833
4125,0.5487389640093518
4126,0.8499716967413589
4127,0.6263469626238326
4128,0.7430539420210259
4129,0.36390243328888405
4130,0.04030991093688694
4131,0.01654268094343718
4132,0.7919676945452715
4133,0.23482973175736754
4134,0.9992499768088454
4135,0.015505167954144777
4136,0.0034449236358040634
4137,0.09526437229079539
4138,0.0016091781652319095
4139,0.002184541498232296
4140,0.223400908144858
4141,0.6726212901789388
4142,0.013351707571402839
4143,0.3176962019188479
4144,0.007741089995464259
4145,0.8954194782552677
4146,0.0398744201559549
4147,0.2896911440735092
4148,0.9999762333744708
4149,0.03420454211171368
4150,0.0027633860507079934
4151,0.3248828888644763
4152,0.3721775129436623
4153,0.6935413645832722
4154,0.6126425905301749
4155,0.008994859612496353
4156,0.06998660917168545
4157,0.9992907723817248
4158,0.866775712265995
4159,0.0009434306919103342
4160,0.022497832214193946
4161,0.9996205987736354
4162,0.005263350676409358
4163,0.22049292431364745
4164,0.9409228830896853
4165,0.38749014097170176
4166,0.9999523163948594
4167,0.6806401478862784
4168,0.006284700802353053
4169,0.07588304047864684
4170,0.3768367331988891
4171,0.29648138407086316
4172,0.6902095556812374
4173,0.36049451603386984
4174,0.4641415636505455
4175,0.02110346991149096
4176,0.13032993506985402
4177,5.419470521757906e-06
4178,0.18652815497336167
4179,0.8925338294769898
4180,0.0013459983614243032
4181,0.03554725758362711
4182,0.00026176868568774465
4183,0.9994141524396067
4184,0.9994264672948838
4185,0.12818680538331556
4186,0.739573374667713
4187,0.9318180079409193
4188,0.27792670264370867
4189,0.8543061773799759
4190,0.013370085028415192
4191,0.15793913366215898
4192,0.2959385130279487
4193,8.713804364661243e-05
4194,0.0004962654167277293
4195,0.0008524673727197974
4196,0.6037882034705129
4197,0.01702657573540139
4198,0.7974122789419588
4199,0.0008430945513833013
4200,0.978081891746576
4201,0.5356854733446377
4202,0.7111215186427909
4203,9.971425079277255e-05
4204,0.11650261038709983
4205,0.3882066682876845
4206,0.9689570771536962
4207,0.8189169375658795
4208,0.2662958921951725
4209,0.026739357589874016
4210,0.9995227362796865
4211,0.0007290956815142442
4212,0.13842739913296248
4213,0.15639240014357003
4214,0.9912888309453692
4215,0.0739366760813451
4216,0.0018591788014337956
4217,0.24178825585642802
4218,0.28624924794737777
4219,0.16911396065800205
4220,0.9996008796111369
4221,0.19481308551875628
4222,0.999837012811801
4223,0.8251548828891573
4224,0.3304172347590576
4225,0.9596796848558976
4226,0.02384458885153022
4227,0.9789582863410737
4228,0.062166385064481154
4229,0.281494913677838
4230,0.00017077335564580907
4231,0.056986598365234294
4232,0.6600459004834602
4233,0.9321611769447179
4234,0.9978680555092209
4235,0.0060404218521878435
4236,0.15844619695856965
4237,0.24805588753932623
4238,0.9993711860036805
4239,0.8711732283896763
4240,0.003166867594807176
4241,0.6679966811900201
4242,5.8470657150872294e-05
4243,0.29364850590593383
4244,0.022553248997652882
4245,0.003185274499767817
4246,0.9995908456906984
4247,0.0009935955472463575
4248,0.4165180148197
4249,0.0026379594667769206
4250,0.09496273533352015
4251,0.0036934540170100887
4252,0.7591697261478347
4253,0.004079597338636944
4254,0.002617919836944499
4255,0.9384615305707487
4256,0.045008028084392235
4257,0.9998611543394631
4258,0.3557921019535509
4259,0.0767727893000237
4260,0.5954296998999886
4261,0.4419117270175866
4262,0.9998394586118978
4263,0.9997303693781457
4264,0.5763846346489937
4265,0.5465357397924733
4266,0.0021904538330591496
4267,0.012176445649202306
4268,0.009272775704607094
4269,0.13645434658830422
4270,0.00781837652572768
4271,0.3155749048401348
4272,0.06505753180446328
4273,0.9998176213140284
4274,0.01306851932607271
4275,0.0036171156700917488
4276,0.21251115975179197
4277,0.969250953741455
4278,0.9995560591595821
4279,0.07554210473096655
4280,0.00032487998202684025
4281,0.005646576445503559
4282,0.009116495304280851
4283,0.016316987089465898
4284,0.05390943244569746
4285,0.5852334911994638
4286,0.9994134225900931
4287,0.040491525110485836
4288,0.0014122063119596491
4289,0.6545922315254976
4290,0.7206024032027264
4291,0.99947817992549
4292,0.10672362738545757
4293,0.013996738381351981
4294,0.000999185395057934
4295,0.05637035471683496
4296,0.12115165311391465
4297,0.0007932633020620507
4298,0.9995915905433891
4299,0.9599327856888625
4300,0.5009853581671355
4301,0.9999316082189914
4302,0.9745652699463003
4303,0.7217916093693264
4304,0.03042364206160551
4305,0.7334575260932005
4306,0.9995301733114041
4307,0.0001281136939591674
4308,0.8015212278489537
4309,0.2448584011836213
4310,0.10363837866470332
4311,0.10425193807812053
4312,0.5913619503311603
4313,0.0008611578019664745
4314,0.9989274180942594
4315,0.06668845842260969
4316,0.3241188138193257
4317,0.8828207616924579
4318,0.534612818127694
4319,0.31739615337357957
4320,0.00027573538741942156
4321,0.09104702164263426
4322,0.10447924537712684
4323,0.037972065863032686
4324,0.030882289124822705
4325,0.004461887885071125
4326,0.06113172980761706
4327,0.011393620352003123
4328,0.0011962270663886752
4329,0.3424501659987515
4330,0.09123491532287349
4331,0.002516529001628045
4332,0.022180481524291543
4333,0.030523286731257804
4334,0.1090085676205074
4335,0.00011470360330956652
4336,0.0009806376259443373
4337,0.5852341098465836
4338,0.037102631620236214
4339,0.002542684440972035
4340,0.9993491643568999
4341,0.9994706120060642
4342,0.9993496812754782
4343,0.011294682095947672
4344,0.643962655082496
4345,0.0011882890721082006
4346,0.8777686942510547
4347,0.9995999528805428
4348,0.7467954050593101
4349,0.6546307495486652
4350,0.8267210345587658
4351,0.8656862666127727
4352,0.7783243280432192
4353,0.05295354814197929
4354,0.0006915454202274453
4355,0.8186141491827271
4356,0.0916412767529037
4357,0.7677644588735747
4358,0.9999270451740746
4359,0.00038329135827603277
4360,0.0016943078631438933
4361,6.215894483653793e-05
4362,0.036968085594421426
4363,0.5419948706540547
4364,0.005285301925804278
4365,0.8301582383889948
4366,0.8703968201174381
4367,0.9175715693975404
4368,0.016977879615431624
4369,0.04621089043054255
4370,8.663522185837328e-05
4371,0.7452174060059455
4372,0.358081511612313
4373,0.005868071582624877
4374,0.09933974488494608
4375,0.6612217385424313
4376,0.5185290957612257
4377,0.00394964604267548
4378,0.5201872069563562
4379,0.00024408670627950666
4380,0.6989826564671817
4381,0.06061936418563186
4382,0.014807594009526763
4383,0.5388357754801378
4384,0.04930574189583345
4385,0.9995739621556083
4386,0.6642865183513762
4387,0.048404476665307124
4388,0.04241793064401435
4389,0.6024206691699627
4390,0.6273116201733174
4391,0.9568413869418714
4392,0.7620436115846277
4393,0.4717516808380192
4394,0.17721844173306125
4395,0.00017256093400694515
4396,0.6652647853125697
4397,0.6964266314340122
4398,0.04192922021262066
4399,0.38430670538223566
4400,0.004547524854988821
4401,0.9993496812754782
4402,0.7658281733729494
4403,0.48412316647095655
4404,0.16752936853660416
4405,0.385321962172279
4406,0.8729086007993
4407,0.5654714864996763
4408,0.14569639321996142
4409,0.48703776206498983
4410,0.5373468459900302
4411,0.005152891033198571
4412,0.2860308191441594
4413,0.04034983433555642
4414,0.19827363489782063
4415,0.36539925954649605
4416,0.7113109298885233
4417,0.4896049960833525
4418,0.00025247278800821966
4419,0.9995600397669068
4420,0.8965917637677315
4421,0.44141497473259356
4422,0.9997533163785236
4423,0.9470602337592977
4424,0.547476553647078
4425,0.0011712864889998102
4426,0.6847993191913935
4427,0.9484682148459814
4428,0.6727988185980144
4429,0.3750720865901319
4430,0.0012331626998436597
4431,0.00016143691285142392
4432,0.9590171503371516
4433,0.9894425257182667
4434,0.011914293008164963
4435,0.09097820840029301
4436,0.9994900305169079
4437,8.28291212880797e-05
4438,0.7152826316133927
4439,0.013205112384934409
4440,0.02919565133110528
4441,0.6907592101605894
4442,0.6417691199487754
4443,0.5531313897380424
4444,0.25345123409762743
4445,0.9999050379667717
4446,0.5204988588803405
4447,0.71560013057809
4448,0.015843186885115206
4449,0.00025317795385540893
4450,5.7474951702897085e-05
4451,0.0009776987355106623
4452,0.19242945562512578
4453,0.9972347465630699
4454,0.6871400391558786
4455,0.9922936229777242
4456,0.00026320821955086205
4457,0.9995732123242959
4458,0.9999784738108163
4459,0.7816890715645435
4460,0.0001472653610966236
4461,0.0002661638003419888
4462,0.8297135413788964
4463,0.0032809978286472076
4464,0.0002448959207076455
4465,0.010874498561133154
4466,0.03120769827746158
4467,0.40407945251084654
4468,0.9995049538841312
4469,0.012654326151969646
4470,0.03435396479186441
4471,0.0587467820113279
4472,0.9051195514866667
4473,0.0033810054535690034
4474,0.35295142115804595
4475,0.07115796289907624
4476,0.9994479975684769
4477,0.2716926710621468
4478,0.05497010280908409
4479,0.003822216751034963
4480,0.8829121339832149
4481,0.03494756970275125
4482,0.3153339974268971
4483,0.25583782627299356
4484,0.8902448435455361
4485,0.0004502183271624926
4486,0.11712419560439649
4487,0.00131549322043754
4488,0.24596053351503863
4489,0.5179576707793531
4490,0.999515950955773
4491,0.00047224597616933015
4492,0.08132616272550217
4493,0.8770984624914393
4494,2.0355335944356346e-05
4495,0.6659867437304919
4496,0.790438609990272
4497,0.12983023068531774
4498,0.07192779479179173
4499,0.07183936984396534
4500,0.0029330580873833598
4501,0.006361012685798702
4502,0.0002862876394351562
4503,0.9993853831723645
4504,0.00017529582835868317
4505,0.8427550986806174
4506,0.2395092178747629
4507,0.013168343644709177
4508,0.3919860362601995
4509,0.6848849350850252
4510,0.05588360709384419
4511,0.029859813592878467
4512,0.1288991253146139
4513,0.01306407185199414
4514,0.11959922648516635
4515,0.5493548708959861
4516,0.9800270647282384
4517,0.0020190627082562356
4518,0.9709196312959905
4519,0.019170074093281222
4520,0.25911358889177133
4521,3.599228637059786e-05
4522,0.0005854170759322279
4523,0.008631552972861124
4524,0.9996571114847964
4525,0.5758791624691939
4526,0.5274494654037655
4527,0.9995225709038618
4528,0.9993916039159197
4529,0.2758052801873811
4530,0.012740025450024674
4531,0.03204892827614028
4532,0.9996809125536111
4533,0.8311065036885404
4534,0.07352263441357164
4535,0.0017711590927963717
4536,0.005626454506955826
4537,0.9987540749782311
4538,0.9996083192137359
4539,0.0019008963887003816
4540,0.011244696007694467
4541,0.2879453050142742
4542,0.4927738412967514
4543,0.05719068019443176
4544,0.0009516149783760485
4545,0.7332222496533276
4546,0.0026077619862541488
4547,0.7566006883179401
4548,0.7129631040371608
4549,0.250223770702541
4550,0.0008945189930781906
4551,0.1925076864264897
4552,0.23212378590933144
4553,0.5145005964614148
4554,0.2129119622782699
4555,0.38272006977782397
4556,0.9994285616106388
4557,8.29567097927503e-05
4558,0.2972869416667979
4559,0.010329251925357032
4560,0.7171555881910412
4561,0.09192553364602876
4562,0.028647423969939974
4563,0.85375297124097
4564,0.054168064921207376
4565,0.1857011925195814
4566,0.0002724938236946365
4567,0.0003015993061618639
4568,0.38959778221196617
4569,0.031089499352907998
4570,0.26683342285600015
4571,0.07753055957659782
4572,0.00018665047467948198
4573,0.04779015701745586
4574,0.6194895014775537
4575,0.46022084542473496
4576,0.33152876801322323
4577,0.10465603490884325
4578,0.9997524514715835
4579,0.07796229049670549
4580,0.9992505015344231
4581,0.999784626370222
4582,0.0012036479856279362
4583,0.03699650190545494
4584,0.08362120691535473
4585,0.8538473466549824
4586,0.28413788961461817
4587,0.0011948859034956426
4588,0.8107745856068284
4589,0.17952486971099416
4590,0.9595308687370377
4591,0.005587735037348891
4592,0.0026774619253618084
4593,0.0021073797929344923
4594,0.03189345049106232
4595,0.08000405241030066
4596,0.9998983101824852
4597,0.00016849663708470795
4598,0.013682841891193067
4599,0.5555586456369389
4600,0.9998986372375684
4601,0.9998029212037286
4602,0.006434911273709043
4603,0.16031972140259035
4604,0.3325000957666444
4605,0.002417878029120664
4606,0.5215649024309227
4607,0.00017105802465292952
4608,0.0036200629549203063
4609,0.4780863003479609
4610,0.2551055181525163
4611,0.25834415339782674
4612,0.9996780930018876
4613,0.30340545479784786
4614,0.22492039601902164
4615,0.900626931047474
4616,0.611545646930658
4617,0.6443994410698035
4618,0.0002667969900090599
4619,0.9995748273396287
4620,0.5215649024309227
4621,0.9998615057030716
4622,0.0007203420483028712
4623,0.9996187860689761
4624,0.0003804278210340937
4625,0.23119444716465265
4626,0.596025093726309
4627,0.0024256541342732125
4628,0.8284058882167937
4629,0.26477041673955454
4630,0.8539071505500394
4631,0.41615551559684877
4632,0.4740219548607331
4633,0.002106532395001946
4634,0.04272972199396518
4635,0.4399221047655305
4636,0.97081525504691
4637,0.12201664796948218
4638,0.9036524144040464
4639,0.02852460999333825
4640,0.02675300271090443
4641,0.30690486061844857
4642,0.000569396160756838
4643,0.001973926347092623
4644,0.7537671168820449
4645,0.9375802284106857
4646,0.007375895652666698
4647,0.01824592275773194
4648,0.04693486482823672
4649,0.00023610371857507
4650,0.000929360083855029
4651,0.9996461606466575
4652,0.007457104340260035
4653,0.5197270204637896
4654,0.06807068614631794
4655,0.0019269337201934737
4656,0.8433811436802138
4657,0.927709567007182
4658,0.5039665021314976
4659,0.0005656675570286725
4660,0.8357871069345502
4661,0.9997678009770118
4662,0.9991623821032659
4663,0.0014124364967851503
4664,0.00023588805632453996
4665,0.369511895997609
4666,0.9792677551595076
4667,0.0002102945196284076
4668,0.8054595682740442
4669,0.4292127025212635
4670,0.9965750147308478
4671,0.9993370659712333
4672,0.02349170528391987
4673,0.999839854212449
4674,0.005947855242007764
4675,0.007025249651643287
4676,0.05246430361085455
4677,0.08333635557773728
4678,0.999850171603575
4679,0.0012751588312322083
4680,0.999409621151641
4681,0.025931142936046127
4682,0.05605982820864024
4683,0.1964665503286962
4684,0.9740303883012138
4685,0.9558767855688464
4686,0.8129566806765521
4687,0.999409621151641
4688,0.0005053710897737178
4689,0.39396035554905323
4690,0.06547560980945777
4691,0.04444094709842773
4692,0.0035521803819854366
4693,0.1536647029979901
4694,5.2980272242762924e-05
4695,0.00012098007493164544
4696,0.00019676329847206992
4697,0.009285416408691722
4698,0.9996786040118752
4699,0.014011755286497932
4700,0.17199887217558743
4701,0.9995739621556083
4702,0.12924964984041995
4703,0.0009439943079018181
4704,0.0009642188433239297
4705,0.0001125565875831977
4706,0.03848042630337618
4707,0.04633949374884584
4708,0.999484515451382
4709,0.3827174739809137
4710,0.06683243306644898
4711,0.0001511705245592292
4712,0.0008177342449027837
4713,0.9993491643568999
4714,0.03705041420806163
4715,0.008859237205894844
4716,0.9992893364335703
4717,0.9963831731241032
4718,0.36815138290864774
4719,0.9996822043264688
4720,0.3178556411373146
4721,0.543869950604176
4722,0.0002640798093024853
4723,0.5002933287048124
4724,0.9999329886732777
4725,0.2208198551056384
4726,0.04775561723105919
4727,0.44583217982043966
4728,0.0008920006459567304
4729,0.14043375192743268
4730,0.7149716890131994
4731,0.0012038577537835337
4732,0.31401610609500824
4733,0.9943572152562336
4734,0.7267713227349245
4735,0.9390738722687522
4736,0.9996951936355856
4737,0.6514407542103663
4738,0.9996811569143697
4739,0.03746193397980311
4740,0.5788574138866535
4741,0.0008934137438468304
4742,0.9081304252041543
4743,0.030573852072620315
4744,0.817953679973472
4745,0.6364657579558499
4746,0.00017544853299452954
4747,0.18132151247170883
4748,0.08144754195445936
4749,0.0016747851464844444
4750,0.9987540749782311
4751,0.1623664231144135
4752,0.03904778202857716
4753,9.691164733521967e-05
4754,0.2574165230427731
4755,0.001603213638237527
4756,0.018568998895369483
4757,0.9978709920070133
4758,0.08325105626640773
4759,0.6352351363072709
4760,0.001243043095672955
4761,0.022327664718174257
4762,0.016802479329040547
4763,0.3339515051689011
4764,0.999555370523253
4765,0.044277482939708894
4766,0.9996829977336692
4767,0.20938280981218363
4768,0.0031680059575179783
4769,0.3233968572276045
4770,0.4642372300685197
4771,0.9997000596848941
4772,0.13430687175333733
4773,0.4870082955814466
4774,0.14642194138579293
4775,0.9998611543394631
4776,0.005762759933754126
4777,0.21553061728553566
4778,0.44485271068864796
4779,0.1964451754681294
4780,0.9997833471277803
4781,0.33735412316493774
4782,0.0047727378736437485
4783,0.052558231350375226
4784,0.4340596961891198
4785,0.8130546933344799
4786,0.4592540880911651
4787,0.003940861123332801
4788,0.9194859199183608
4789,0.8486654036278541
4790,0.9997348958249287
4791,0.8373424129319464
4792,0.002926445989399781
4793,0.009877245136860268
4794,0.6465063965992421
4795,8.362776737953098e-05
4796,0.9067664935970358
4797,0.9998771574896798
4798,0.024320468776450957
4799,0.0036095792042294215
4800,0.9996205987736354
4801,0.0010165122485597494
4802,0.0002745890526147888
4803,0.9531738946286311
4804,0.32892234405126974
4805,0.9993036202447331
4806,0.829968160391599
4807,0.004217675218243647
4808,0.9978680555092209
4809,0.2634209349299085
4810,0.0027992126758923266
4811,0.004880980619715501
4812,0.27898086815771767
4813,0.999742937101724
4814,0.6867055830593913
4815,0.19706906551841563
4816,0.9943174931099278
4817,0.9993759122419318
4818,0.12407776625367684
4819,0.009641219829377929
4820,0.8185252433228656
4821,0.563986837260222
4822,0.9999506312216214
4823,0.18444954317432996
4824,0.08725708312069351
4825,0.9999421958032678
4826,0.6729914839686102
4827,0.8131160186356801
4828,0.9995227362796865
4829,0.08328514975659335
4830,0.0007723422448076869
4831,0.00015026810447811985
4832,0.9999308461696204
4833,0.3886289797055284
4834,0.31055258699307026
4835,0.8207404836823489
4836,0.0017956348532636335
4837,0.8964663828767988
4838,0.9999691528149475
4839,0.0002520108063466265
4840,0.001092575914461985
4841,0.0013297178895191432
4842,0.45464121567960913
4843,0.18166352319226725
4844,0.006323646336498004
4845,0.0004227615279775049
4846,0.18755904633121973
4847,0.6952059566644041
4848,0.05438856707098034
4849,0.02370787740931045
4850,0.9995728033124269
4851,0.7680582764552536
4852,0.48334000208563627
4853,0.023728443832533287
4854,0.005157477023126496
4855,0.4144837876399937
4856,0.79581759106972
4857,0.9999755411518962
4858,0.6170989209761282
4859,0.014103491963820453
4860,0.07961763063297529
4861,0.18964016259713254
4862,0.3711143758897678
4863,0.004243636713340205
4864,0.9033808533159203
4865,0.21359017706425182
4866,0.4581758811427864
4867,0.6010967974944808
4868,0.8947865400940906
4869,0.9994900725958821
4870,0.21457616723675088
4871,0.46224711323410533
4872,0.9995301733114041
4873,0.003408759088269929
4874,0.9430678802182004
4875,0.3718838336353969
4876,0.006042818866861829
4877,0.9997128906389872
4878,0.20012707936445945
4879,0.004016890505151085
4880,0.003751533613647534
4881,0.02033092982238636
4882,0.19441251862797784
4883,0.24282877545539477
4884,0.0013955037865321335
4885,0.2269879069485168
4886,0.009939542612432753
4887,0.5633388914858501
4888,0.9143118168230914
4889,0.8784042471006293
4890,0.999559144029639
4891,0.011427657600618481
4892,0.999555370523253
4893,0.04727407845027742
4894,0.0020689311352328128
4895,0.06412816359578406
4896,0.07012540301028156
4897,5.034884783622013e-05
4898,0.033431796157068414
4899,0.5378477621051636
4900,0.7105710103662648
4901,0.011271688486977354
4902,0.4567540549615167
4903,0.999484515451382
4904,0.0016037748338321607
4905,0.006264348543222817
4906,0.6979243919767456
4907,0.08661415246611522
4908,0.9995618006181946
4909,0.5208351037064832
4910,0.0001831646533112989
4911,0.07883522846099991
4912,0.7598148204349565
4913,0.6955909787931247
4914,0.12770635075250716
4915,0.28134651345754585
4916,0.7897982129295733
4917,0.00020633518022529748
4918,0.1120602845559756
4919,0.5567180940671794
4920,0.18712957620607065
4921,0.6501233963918038
4922,0.00838543938252534
4923,0.34948322874103227
4924,0.022214276930978064
4925,0.11579551960119584
4926,0.012051567481101363
4927,0.2316743689029935
4928,0.21251115975179197
4929,0.07668177295722121
4930,0.0395706018748238
4931,0.9994314362506218
4932,0.023298719251968192
4933,0.012061805686726105
4934,0.4965838876344197
4935,0.44354247764497273
4936,0.01321655227702833
4937,0.9999029642249432
4938,0.0002395182020834276
4939,0.00013713908038724302
4940,0.016111351178574363
4941,0.1403778659670455
4942,3.5218829684729984e-05
4943,0.0038374627467808987
4944,0.09074321683073752
4945,0.31497931887521374
4946,0.9539072980288205
4947,0.7461285835006027
4948,0.01366849989146493
4949,0.00011982370906802242
4950,0.3199943213217611
4951,0.10444268622510557
4952,0.881597634210312
4953,0.999538404803149
4954,0.10876090544463034
4955,0.0030216870375995575
4956,0.05881393467960104
4957,0.13781036257332177
4958,0.00010513517103064915
4959,0.17459361282543753
4960,0.2586063989180556
4961,0.002399429235473416
4962,0.24168510404266869
4963,0.9999268237011831
4964,0.9998835075861441
4965,0.0001703602504656943
4966,0.1523608173980215
4967,0.000230409485751227
4968,0.7150685762358213
4969,0.0062891140543667335
4970,0.9204937474705842
4971,0.09444817453466976
4972,0.03748467808416974
4973,0.9004824268179865
4974,0.46616021542819464
4975,0.3662175142956076
4976,0.21041389331821156
4977,0.16183963049872122
4978,0.0008858649597268163
4979,0.00021598456548659785
4980,0.11676612790566886
4981,0.1546766327820041
4982,9.855965793089035e-05
4983,0.013426697254738959
4984,0.00034324058231420545
4985,0.007944829244830079
4986,0.00018645931106646822
4987,0.7344566858501753
4988,0.0023791479303913138
4989,0.9740465211688134
4990,0.9984723965604495
4991,0.09612441930313728
4992,0.02427705871203855
4993,0.00010982455501112445
4994,0.006221510111995497
4995,0.31084429865565516
4996,0.9999316082189914
4997,0.23703210747275713
4998,0.14227714833552121
4999,0.011987082826824546
5000,0.8692886499974918
5001,0.8635316173834783
5002,0.9651185221827663
5003,0.0023798082277469487
5004,0.02620361147546818
5005,0.3087104493669467
5006,0.5025005925958252
5007,0.9989290058525521
5008,0.06402982583927876
5009,0.8369394849743504
5010,0.0272354819550345
5011,0.24566320824998067
5012,0.6015827802702141
5013,0.04455069391656048
5014,0.490879575047858
5015,0.9708029348859046
5016,0.9996591428369765
5017,0.0009156485040832975
5018,0.723438307129516
5019,0.9104652138760367
5020,0.3318258254349361
5021,0.5618383388229433
5022,0.004338083194684822
5023,0.7705840270258175
5024,0.352605448307168
5025,0.00041350488191685696
5026,0.04291195648493177
5027,0.057174406239179576
5028,0.9998771574896798
5029,0.9412770553449304
5030,0.5603951893798859
5031,0.00016237908555909934
5032,0.23598197710358235
5033,0.20265177933796358
5034,0.581859694384676
5035,0.29276584749795875
5036,0.7227789886356734
5037,0.7378620736623689
5038,0.9998611543394631
5039,0.9998529501023748
5040,0.8002865037427578
5041,0.01027372684343369
5042,0.9405174139539288
5043,0.0050176142610738285
5044,0.7431136320562824
5045,0.23427923340536144
5046,0.8399510608979591
5047,0.13103388498143317
5048,0.01724304342786828
5049,0.18551516923734956
5050,0.9997657726368168
5051,0.9997564195940568
5052,0.16545758902862995
5053,0.9132400598257883
5054,0.0011234461402999344
5055,0.005599585735306882
5056,0.06842742848783179
5057,0.8592984849399786
5058,0.9994380864061757
5059,0.1186024710816842
5060,0.08744976813136254
5061,0.5863449403982768
5062,0.8646680132966914
5063,0.17399566301788838
5064,0.6133811057044601
5065,0.00020263109588471124
5066,0.024097770549922282
5067,0.007444798671398409
5068,0.9995227884064404
5069,0.8714541981213378
5070,0.010402391074274642
5071,0.010381984429250367
5072,0.7132034059767091
5073,0.17949126453878042
5074,0.7525045117268081
5075,0.23883456987363189
5076,0.7370542451399051
5077,0.053448627760247544
5078,0.020624638270118578
5079,0.015716534279842848
5080,0.8907861543888648
5081,0.9997863721700495
5082,0.9996435247189838
5083,0.06669443267076978
5084,0.4685855258647087
5085,0.9275529935846757
5086,0.0121597002174625
5087,0.9883416361502647
5088,0.005390916434425724
5089,0.2816980002216162
5090,0.004989893353226753
5091,0.6897658799198616
5092,0.35037549761549147
5093,0.7536961844897574
5094,0.0169712636038881
5095,7.78422053404058e-05
5096,0.8292933697317616
5097,0.11653941574721143
5098,0.8702325551610491
5099,0.013017528206458028
5100,0.5627227876327076
5101,0.030509469364364404
5102,0.15347981920312284
5103,0.6335325932477023
5104,0.09565703185904594
5105,0.011151413632618044
5106,0.0009443328058890326
5107,0.13372973285617742
5108,0.0002135846347426829
5109,0.9649525088078701
5110,0.04855999766631013
5111,0.0017357244083350612
5112,0.7678540836998667
5113,0.1107039851331699
5114,0.07952929978636207
5115,0.7918159334660445
5116,0.006975927216177729
5117,0.24348016187885207
5118,0.38091820706418955
5119,0.17526560317583742
5120,0.1863869382838405
5121,0.9996516518776984
5122,0.181773209402908
5123,0.6953289596526909
5124,0.022553248997652882
5125,0.1188870607605169
5126,0.8234168279390883
5127,0.00022078193410624767
5128,0.2130425759765485
5129,0.9980264580957812
5130,0.003402535391246157
5131,0.09089382636028945
5132,0.0015550402565002984
5133,0.085912100120443
5134,0.020260320133498995
5135,0.049370515049815156
5136,0.9995191986943253
5137,0.00015866954973391115
5138,0.8539071505500394
5139,0.04098105142217825
5140,0.014362254315813392
5141,0.019705309957716435
5142,0.0003640532959938298
5143,0.1917756834582689
5144,0.9646019240680795
5145,0.18862332809015048
5146,0.7977077063055533
5147,0.12166597483090046
5148,0.404249274310406
5149,0.11280457928766562
5150,0.1883152412082328
5151,0.9228648231294126
5152,0.0007653691721124044
5153,0.6723016288607345
5154,0.0001908893039001386
5155,0.8034585702242492
5156,0.0026485336219809223
5157,0.10219329206097923
5158,0.9995624275569132
5159,0.43680803290516473
5160,0.00013103162383294771
5161,0.5198209889822197
5162,0.4132416048548371
5163,0.044279432569959996
5164,0.9964578207508703
5165,0.24859574249325178
5166,0.7825779211667004
5167,0.8462733072945323
5168,0.5985442459191083
5169,0.033575012165703536
5170,0.08942788540750451
5171,0.18522044008468264
5172,0.0018655324941328243
5173,6.24879921056971e-05
5174,0.5901701883132714
5175,0.3551185659586032
5176,0.023218062985103673
5177,0.06103888493017161
5178,0.9992246986531228
5179,0.07613870984876023
5180,0.03668001869080221
5181,0.008418774207805915
5182,0.0006784223153887722
5183,0.0002833797087874038
5184,0.0002957867737526986
5185,0.9975070300332134
5186,0.9995743746884126
5187,0.024649916956427587
5188,0.873247707307827
5189,0.004533421652854228
5190,0.12384414779716908
5191,0.9993711860036805
5192,0.8316689817486983
5193,0.9999050379667717
5194,0.7911581430944334
5195,0.48643041284139926
5196,0.5850891968751434
5197,0.6284570029457001
5198,0.004456003371125698
5199,0.9998091976137039
5200,0.0002143095890616481
5201,0.05270845039895007
5202,0.160906508638913
5203,0.6466847624734728
5204,0.0008470940785129981
5205,0.3693948747904604
5206,0.001905403379493828
5207,0.468634103272603
5208,0.1149204488483356
5209,0.2519888819817371
5210,0.9995999528805428
5211,6.270055292319011e-05
5212,0.004891626957557065
5213,0.7757456210557215
5214,0.8645606378030048
5215,0.009305062049026033
5216,0.9997121867270569
5217,2.3307480028301013e-05
5218,0.9997517694280983
5219,0.9995188686824839
5220,0.727588780115386
5221,0.3922935192636987
5222,0.008082388691952262
5223,0.6750654508801575
5224,0.08046511445564761
5225,0.0003587532114918837
5226,0.9992723524338993
5227,0.059623620574211965
5228,0.27633526617126114
5229,0.0032573023219433267
5230,0.8054855983256899
5231,0.7510564705047089
5232,0.025811784063085808
5233,0.018658368521668668
5234,0.01073310237564658
5235,0.002547849905929741
5236,0.00014803972537659935
5237,0.0025859055124583
5238,0.7485288144504485
5239,0.5638223712515424
5240,0.0009707289233041824
5241,0.3947990618624125
5242,0.5896419992976104
5243,0.09172658220465411
5244,0.06132822310547423
5245,0.0159954630493383
5246,0.29606880789288664
5247,0.10110898361255309
5248,0.9980264580957812
5249,0.535058002207435
5250,0.7209290839914493
5251,0.6021894478528489
5252,0.03822313698179152
5253,3.934664593555713e-05
5254,0.000166757049840852
5255,0.9355441173416047
5256,0.05156252020646747
5257,0.06243603686673378
5258,0.07291951206550536
5259,0.0006379428168738046
5260,0.0743797729024477
5261,0.010090728527393322
5262,0.01296960918963875
5263,0.9998062692846335
5264,0.014640267513647734
5265,0.008058747165414668
5266,0.9685311072010804
5267,0.9991507841673286
5268,0.007649454435732903
5269,0.2616352344195111
5270,0.335331228904782
5271,0.7128590970762205
5272,0.005623177286647635
5273,0.9998346221381011
5274,0.9994314362506218
5275,0.1937691526720523
5276,0.04000883918248559
5277,0.2590877834899897
5278,0.9999364441705685
5279,0.1643622132474642
5280,0.9992246986531228
5281,0.1158302051186442
5282,0.009136683084796253
5283,0.021886047874410522
5284,0.011095871265881822
5285,0.09322307365712246
5286,0.02574596985640962
5287,0.99863758617005
5288,0.8484764387918265
5289,0.14941815876491432
5290,0.00031815782185663603
5291,0.3252658335324307
5292,0.8459446449236422
5293,0.0004554916297622379
5294,0.4597379127926082
5295,0.9996511541797248
5296,0.4031529783899342
5297,0.2500921487737484
5298,0.003406938394512988
5299,0.9998880980107413
5300,0.15020194773402235
5301,0.00886254791304015
5302,0.029676438587558154
5303,0.1382012919321079
5304,0.999925437185554
5305,0.4672707483752669
5306,0.11765614837440928
5307,0.8058986241977628
5308,0.9995600397669068
5309,0.11187379051716467
5310,0.482036702774803
5311,0.14560391389035002
5312,0.8117479295387058
5313,4.8575100328198516e-05
5314,0.9681385844064583
5315,0.0008843379898792935
5316,0.8952575625278623
5317,0.004877202614927032
5318,0.8319497142796729
5319,0.9027620149060909
5320,0.9996663279172785
5321,0.013622251862526583
5322,0.7562773734463147
5323,0.006172884357483023
5324,0.21202206871072626
5325,0.9995617766552871
5326,0.26999972458638505
5327,0.9995999528805428
5328,0.12459753330004382
5329,0.5205948126445693
5330,0.01033815943841819
5331,0.9995326888609314
5332,0.001445552837748474
5333,0.1414607826205395
5334,0.8804514302867944
5335,0.5928511987159204
5336,0.003374311326100711
5337,0.9999282706469728
5338,0.9994460534412183
5339,0.018200758168853394
5340,0.792730265898825
5341,0.00029901322480882666
5342,0.11813491554960663
5343,0.18727825047676006
5344,0.0012220122112845684
5345,0.04329701243091871
5346,0.9534249374319729
5347,0.8699502486036027
5348,0.9512998740403354
5349,0.9996741839935197
5350,0.6720332893616244
5351,0.06106869426854481
5352,0.00016054884021119502
5353,0.014603419916324935
5354,0.5075737963683818
5355,0.005438699620437307
5356,7.097357737570805e-05
5357,0.49571837973188354
5358,0.0007141318432843301
5359,0.3882360035081761
5360,0.00025623365817477203
5361,0.999548755909269
5362,0.0026136568318843555
5363,0.9997163865284479
5364,0.8077390046545687
5365,0.00023364404344007156
5366,0.185877354443002
5367,0.007709110797227664
5368,0.996948163535284
5369,0.0010324622653003275
5370,0.9997440387119436
5371,0.18704593399089625
5372,0.5609827591322141
5373,0.9995191986943253
5374,0.0038187799668928223
5375,0.1110788789670764
5376,0.9998771574896798
5377,0.6635604626412263
5378,0.5604287683237931
5379,0.00587944514562076
5380,0.9999755411518962
5381,0.81619435199537
5382,0.02954235579661678
5383,0.0033265552421722615
5384,0.06750062083017985
5385,0.04546461812453173
5386,0.5718557897613449
5387,0.004282598902611121
5388,0.9980814220392975
5389,0.27761028185333164
5390,0.43312813164765496
5391,0.40418556693451463
5392,0.0026932701384451037
5393,0.4995253971931544
5394,0.9999308461696204
5395,0.711742884135606
5396,0.09655689700537338
5397,0.9997324084621292
5398,0.9528732652096257
5399,0.0007555589088175865
5400,0.004215614693924721
5401,0.16449514671993404
5402,0.3983203918340543
5403,0.8396310236243545
5404,0.03346655290024023
5405,0.004341864335672793
5406,0.9058491118280524
5407,0.018802965446905164
5408,0.1805081336553076
5409,8.788282369902363e-05
5410,0.9733874920870305
5411,0.007272884215363928
5412,0.004348123447272102
5413,0.49938613484203104
5414,0.016383831650751638
5415,0.6696968089394238
5416,0.7234966662531613
5417,8.611176453391932e-05
5418,0.02570212903129476
5419,0.998803000502367
5420,0.8615307963472887
5421,0.01708486833015352
5422,0.36193789526288617
5423,0.2839805051901545
5424,0.9495573893566671
5425,0.6196790076356803
5426,0.01964024633880472
5427,0.999344273166265
5428,0.0020178223460642093
5429,0.16472933648470342
5430,0.28760917994467666
5431,0.41344521545547847
5432,0.01982747044593588
5433,0.9818866360902525
5434,0.15269778963650743
5435,0.9996365758420503
5436,0.04947559017910189
5437,0.6663853544366006
5438,0.22361763429941842
5439,0.007105083207326449
5440,0.11960766801905638
5441,0.30699007740558065
5442,0.14364618218653025
5443,0.004651611432209892
5444,0.5197270204637896
5445,0.49398461945847233
5446,0.8054294300277437
5447,0.07617258150071876
5448,0.4917667087157139
5449,0.03529532472701712
5450,0.8865478029433957
5451,0.278512100366886
5452,0.026211651739428774
5453,0.0014849989711979861
5454,0.26086009216659584
5455,0.9485859407214327
5456,0.8259068653675856
5457,0.9282924985367602
5458,0.5618481313642011
5459,0.0043333497798767615
5460,0.7281035481687875
5461,0.39518205256438543
5462,0.999548755909269
5463,0.15021390934798723
5464,0.07065222751042903
5465,0.5451847923934974
5466,0.6867518468244325
5467,0.675842130640173
5468,0.8033059522766364
5469,0.8262087448085986
5470,0.007457028965281419
5471,0.4670016686028633
5472,0.9987540749782311
5473,0.2407135042642955
5474,0.005195930228355885
5475,0.7463305854441554
5476,0.4954541215608595
5477,0.9993962546929599
5478,0.39671352927698517
5479,0.715480285447009
5480,0.00012245961083879223
5481,0.6296439731098046
5482,0.9993911726874215
5483,0.09253687376854086
5484,9.393892328444427e-05
5485,0.636810118848783
5486,0.33830792604398047
5487,0.9996373889138573
5488,0.7487987291584048
5489,0.99836209650185
5490,0.7828945421145814
5491,0.9997800107469587
5492,0.10873606915269567
5493,0.013742605448811326
5494,0.876574079466949
5495,0.005004746963081818
5496,0.16638730136529098
5497,0.05820387207065132
5498,0.20036839307475332
5499,0.6263944471121063
5500,0.30988191591202285
5501,0.0025067488444249753
5502,0.7435459062447137
5503,0.9994848693618307
5504,0.38296398177327323
5505,0.028414188325866604
5506,0.3358707471624151
5507,4.1809155245552056e-05
5508,0.3476511686667767
5509,0.2593795777322493
5510,0.4636546294027077
5511,0.4059449936441731
5512,0.6534589723746723
5513,0.21138367515177214
5514,0.0037992816032547017
5515,0.22046187199905276
5516,0.4800834022048229
5517,0.703021135422772
5518,0.12864526292960857
5519,0.16405759084189817
5520,0.6760168017614475
5521,0.8161532539561208
5522,0.6995977869225235
5523,0.1512785844344791
5524,0.0009478021195856153
5525,0.0003727263143311437
5526,0.1556076357041844
5527,0.1970094463159391
5528,0.999894569782393
5529,0.007225002217540835
5530,0.0035948919172344093
5531,0.5742450806985997
5532,0.9996591428369765
5533,0.0022231146722356985
5534,0.47019383172707496
5535,0.09381079781720121
5536,0.4309310311633001
5537,0.4262851531491824
5538,0.7353391085735349
5539,0.7182044950696153
5540,0.28226254245145893
5541,0.9222995864492051
5542,0.0008418753432056214
5543,0.8995217446885038
5544,0.18446679021459547
5545,0.1825643428579814
5546,0.8555659880528161
5547,0.001415752181878116
5548,0.9988824359995679
5549,0.9996951375426228
5550,0.777464251813651
5551,0.003863916670776173
5552,0.09205337440233975
5553,0.08230297437875604
5554,0.7138835289408582
5555,0.009635060504264215
5556,0.991514562389784
5557,0.9987236992067033
5558,0.9997678009770118
5559,0.0018076081088683126
5560,0.5184916763372504
5561,0.06466356278505131
5562,0.29539315281412354
5563,0.9999618893166523
5564,0.2017815490206359
5565,0.021333326988777913
5566,0.03257401690526389
5567,0.059287342772205584
5568,0.8719559879365205
5569,0.11658156420246711
5570,0.004233300821342723
5571,0.00010575427514556953
5572,8.112367394728584e-05
5573,0.9991507841673286
5574,0.1930435672884697
5575,0.00548774370000577
5576,0.004178591028161912
5577,0.02483915364936507
5578,0.07852589570525502
5579,0.1717538245798989
5580,0.02171029878190483
5581,0.0272516951375024
5582,0.6198521450192147
5583,0.637561961992476
5584,0.5919559171417249
5585,0.44895888930473826
5586,0.004993610134317517
5587,0.03474132883068468
5588,0.9996524855960205
5589,0.3608827319599385
5590,0.09722128004423497
5591,0.023031965432545386
5592,0.0021161077284797573
5593,0.9989900539637812
5594,0.05744932450912193
5595,0.99836209650185
5596,0.03120769827746158
5597,0.0001630656956437537
5598,0.17329021689384289
5599,0.9980814220392975
5600,0.20971761106273137
5601,0.3116470686975704
5602,0.007169243576623157
5603,0.8976216485042273
5604,0.1268640062295554
5605,0.006065007190715914
5606,0.3223328550195291
5607,0.0011609063640110888
5608,0.0011633445245417247
5609,0.21980353951018236
5610,0.27868748526229475
5611,0.017523302823686
5612,0.001391000907966644
5613,2.207014787759393e-05
5614,0.016680343875993795
5615,0.004442197448637712
5616,0.8630892664860303
5617,0.4222998155584718
5618,0.35721141151217317
5619,0.00043151246310292124
5620,0.9999219791324048
5621,0.9333219679782294
5622,0.07264737910746202
5623,0.6575789338008946
5624,0.00440923632820787
5625,0.8145519224025218
5626,0.0008260834362279472
5627,0.8669811951754917
5628,0.07976403079912368
5629,0.0034041142216452254
5630,0.6237811208929218
5631,0.8998501001230206
5632,0.023556909156468707
5633,0.09393246516099715
5634,0.0011607394209108871
5635,0.0018475787856791672
5636,0.9970158646382652
5637,0.0736243947363117
5638,0.39179659789150123
5639,0.8080170013506295
5640,0.9491499382352924
5641,0.9997710774652279
5642,0.00140754893273008
5643,0.8485608337485487
5644,0.18160579860816578
5645,0.615240812782345
5646,0.7358930853306953
5647,0.40025869563706135
5648,0.00023050089912565
5649,0.4924001751169954
5650,0.94169096311891
5651,6.954791120927025e-05
5652,0.30212322735584246
5653,0.04364441072424032
5654,0.9258962452701441
5655,0.8001735409788497
5656,0.9995236778940882
5657,0.005796208477323174
5658,0.039236761177023544
5659,0.0762583496789855
5660,0.1963537057588513
5661,0.007275678717615384
5662,0.9996741839935197
5663,0.3584242188643
5664,0.1808137264814964
5665,0.049211983229243104
5666,0.1346435987599949
5667,0.11476791118343406
5668,0.031478350077598624
5669,0.7405525324220741
5670,0.9088212466831456
5671,0.7829539120838267
5672,0.01554101452043003
5673,0.0065950771778888325
5674,0.003227876103005246
5675,0.9998970438633309
5676,0.7510619453624967
5677,0.6648592841874761
5678,0.004686721791626152
5679,0.1521690028013279
5680,0.5197270204637896
5681,0.14943916688370865
5682,0.45114331459330476
5683,0.8335404060739343
5684,0.3125710699039195
5685,0.9995999528805428
5686,0.7580102581934266
5687,0.004217675218243647
5688,0.012647240675153262
5689,0.7839677906443339
5690,0.029202587495414732
5691,0.4385396128473065
5692,0.024863427188284857
5693,0.06522745890960856
5694,0.6136282042741132
5695,0.5224442775102807
5696,0.00013176695314232362
5697,0.9993911726874215
5698,0.15777654227865173
5699,0.9599791241331916
5700,0.0008542972522353477
5701,0.524470042697538
5702,0.08349411328028764
5703,0.05974181116644215
5704,0.09681936983543811
5705,0.22562889528352167
5706,0.05943333173242077
5707,0.9994807358729794
5708,0.4197156065465544
5709,0.07845058131811294
5710,0.8146432036793868
5711,0.5364486214346971
5712,0.27872134497591855
5713,0.27204536172594956
5714,0.04291195648493177
5715,0.9646019240680795
5716,0.677430607760241
5717,0.9986604009678273
5718,0.029284011696693552
5719,0.422249188755859
5720,0.9998771574896798
5721,0.9996179000581937
5722,0.9995949625908972
5723,0.8663554695852758
5724,0.23736453824752493
5725,0.7005264026806176
5726,0.00012659593571385166
5727,0.8541521478850499
5728,0.09016534156037925
5729,0.8927220836579383
5730,0.6731242018015445
5731,0.8284581025128636
5732,0.14037598120314335
5733,0.6880847061311155
5734,0.1667452746248209
5735,0.33857724440999165
5736,0.16624351372718377
5737,0.05027868531321899
5738,0.001603213638237527
5739,0.9995227884064404
5740,0.18501399482880374
5741,0.01439307003556565
5742,0.04056030655373703
5743,0.06302339384309912
5744,0.9997498529679368
5745,0.04765913446612291
5746,0.8129665496743208
5747,0.09243734164713342
5748,0.9981819221075515
5749,0.6192087316637285
5750,0.06773491436363187
5751,0.999813541556598
5752,0.0010411198043677567
5753,0.6546677999940725
5754,0.0038577027454736864
5755,0.015384144580888043
5756,0.0055284193820609
5757,0.014824391569917886
5758,0.029731444859205106
5759,5.7418599129314857e-05
5760,0.007534072871181563
5761,0.3083501976658204
5762,0.05329843060401134
5763,0.2990172546636162
5764,0.014603437125191621
5765,0.48663349662080385
5766,0.00426103415617793
5767,0.9995236778940882
5768,0.01027372684343369
5769,0.32618835071071794
5770,0.0007331843441296062
5771,0.005134688186454341
5772,0.40327038978570384
5773,0.00012578414443091703
5774,0.9997678009770118
5775,0.05234632809168724
5776,0.999555370523253
5777,0.1466404332995382
5778,0.07065222751042903
5779,0.7991233395649451
5780,0.9994848693618307
5781,0.6819287768916483
5782,0.7796830059089378
5783,0.7787293978072005
5784,0.15460128615229868
5785,0.13166016434015965
5786,0.42353207538940674
5787,0.842870070179274
5788,0.014097122232933532
5789,0.0018071575143759676
5790,0.0015911237813308636
5791,0.7306721667099259
5792,0.016950099638368927
5793,0.008540621110641671
5794,0.0009507690892405183
5795,0.6713738993108811
5796,0.9589988272835754
5797,0.9214164469727908
5798,0.00947566223342074
5799,0.11397226722367729
5800,0.9998092954865335
5801,0.000716819904409212
5802,0.026919087969488886
5803,0.002192087986155112
5804,0.5733577329662117
5805,0.0068552385922239995
5806,0.006172373100982794
5807,0.9995544571490925
5808,0.2368735191985486
5809,0.9993496812754782
5810,0.08088690116278811
5811,0.044647853195908006
5812,0.39621467897745405
5813,0.01105164566719335
5814,0.8802425059881621
5815,0.9993934019111588
5816,0.7954798530664968
5817,0.21702492089233416
5818,0.03149376934765985
5819,0.2581409146943066
5820,0.36324450030069627
5821,0.9995084445741358
5822,0.006904684234280526
5823,0.4550095064077948
5824,0.9995321735965664
5825,0.4945926650911646
5826,0.9178672071397351
5827,0.9995732123242959
5828,0.8361999804924007
5829,0.8885498383364273
5830,0.017310963244773606
5831,0.0030943170617612073
5832,0.02118764633293779
5833,0.0004557712998458383
5834,0.8308409573578769
5835,0.1076172520080647
5836,0.8109701495173892
5837,0.00010365562439235592
5838,0.6830270454451973
5839,0.9992723524338993
5840,0.0006808507369262951
5841,0.2517463066281709
5842,0.001964211093142575
5843,0.999548755909269
5844,0.8523034638049056
5845,0.9997976474777631
5846,0.9733808862888266
5847,0.9965750147308478
5848,0.1139810560755118
5849,0.8513054790728447
5850,0.6370296281863682
5851,0.30987059747533724
5852,0.005134688186454341
5853,0.9988824359995679
5854,0.030716453283111334
5855,0.8987823592761448
5856,0.000720175450213706
5857,0.4922701878244506
5858,0.8127020564649592
5859,0.9991315610360857
5860,0.6492760054609227
5861,0.00199455360943827
5862,0.05735139787237701
5863,0.05429793235736447
5864,0.1779616159296375
5865,0.06425008670560853
5866,0.0005617249892510668
5867,0.19234135420362386
5868,0.8440766714133845
5869,0.15331433770332706
5870,0.588981822575832
5871,0.005500338805071844
5872,0.14479181487906953
5873,0.003233155561680895
5874,0.9993036202447331
5875,0.05868480532034081
5876,0.007174080539184554
5877,0.38820351611936404
5878,0.9992567833984433
5879,0.24842907980574358
5880,0.7868550815084803
5881,0.9498435856397781
5882,0.039597114491919695
5883,0.9282041853587575
5884,0.9998704162837054
5885,0.04291195648493177
5886,0.8721929363848383
5887,0.9997892248527358
5888,0.09447745285645431
5889,0.0019483876995073806
5890,0.4053413490742821
5891,0.7593840749963925
5892,0.6632430886263879
5893,0.3691316142818034
5894,0.07702606774345397
5895,0.05768823106303256
5896,0.12158930400813484
5897,0.9995842359451568
5898,0.9993901049143069
5899,0.055215354576093584
5900,0.018837460682720644
5901,0.999506138346977
5902,0.18427184891716586
5903,0.18704593399089625
5904,0.999839854212449
5905,0.9997396015332854
5906,0.046575671641636215
5907,0.24122654832704754
5908,0.006709009512110829
5909,5.747552162157779e-05
5910,0.39484246932496575
5911,0.8769797652804887
5912,0.7238937468771571
5913,0.11079597706265756
5914,0.03217579742163167
5915,0.5921006790956783
5916,0.0033530449355465832
5917,0.0001005145549559054
5918,0.0015516088890975492
5919,0.14564640086290753
5920,0.5972168103862674
5921,0.2898672358106725
5922,0.0002486995257126562
5923,0.1330053607651061
5924,0.11007837341075417
5925,0.23729216450624638
5926,0.5022810531710203
5927,0.003339826307428426
5928,0.9990051294527309
5929,0.005443628820863706
5930,0.13937192257770714
5931,0.001072625630836603
5932,0.8618439782108631
5933,0.053497545837251366
5934,4.4033946286732475e-05
5935,0.9995158737954354
5936,0.222486787353356
5937,0.9993496812754782
5938,0.44726839969744986
5939,0.0029012604473274963
5940,0.05288010700140991
5941,0.33741189894817886
5942,0.09850801311001783
5943,0.37289515832924647
5944,0.0017160862397074005
5945,0.36914764626017105
5946,0.003752320265676361
5947,0.3071695799093304
5948,0.3265436248358789
5949,0.9962985135409205
5950,0.011767467350019422
5951,0.14861269036613114
5952,0.9998611543394631
5953,0.6877771314404814
5954,0.9991623821032659
5955,0.14101246313411342
5956,0.009963803808922388
5957,0.010080454510573425
5958,0.0821775307997436
5959,0.09949678355439828
5960,0.08637488252666997
5961,0.7542338913572604
5962,0.02468120634673998
5963,0.00010522272718970648
5964,0.0003039597322730954
5965,0.999953014711548
5966,0.7436952329573313
5967,0.9994855861500054
5968,0.08753362664459066
5969,0.029375447321733937
5970,0.2290668767985807
5971,0.0001523993435579157
5972,0.23118298734960807
5973,0.9999243816335729
5974,0.999484515451382
5975,0.18791727782067305
5976,0.36624094924636497
5977,0.35952305518072286
5978,0.05304366711899855
5979,0.8425858792826143
5980,0.09559024874169435
5981,0.3900437260981432
5982,0.2998683182873417
5983,0.0068102376534702955
5984,0.1935486313974421
5985,0.04038915058159156
5986,0.024544032978624588
5987,0.11556420052696698
5988,0.332844887721306
5989,0.97081525504691
5990,0.19073621444420594
5991,0.05414149648997994
5992,0.49085195283992117
5993,0.022606806303620802
5994,0.06425605256884714
5995,0.10161004158589429
5996,0.7583524173642521
5997,0.999548755909269
5998,0.001933562633413704
5999,0.04517187161164507
6000,0.03216280051953991
6001,0.7601684950233705
6002,0.016910841801400737
6003,0.9280853925503242
6004,0.005946994101087688
6005,0.0032666463836244163
6006,0.7382317269672878
6007,0.4095699017630066
6008,0.9171116575872055
6009,0.29782151025416864
6010,0.00977879530434332
6011,0.5900696776379883
6012,0.024903807835032783
6013,0.4061703223209955
6014,0.047866161289347745
6015,0.40056075228895827
6016,1.7825800432945073e-05
6017,0.41246973902458883
6018,0.7902565125192741
6019,0.16069256739492713
6020,0.6395238166107893
6021,0.9998913689895503
6022,0.999680889090472
6023,0.2005382306793209
6024,0.0008264555079688136
6025,0.1106504609726649
6026,0.9994847650415528
6027,0.25968301697230084
6028,0.00033147381491098487
6029,0.0027613096827635913
6030,0.26679145945156535
6031,0.005210806292067044
6032,0.0007343202737206032
6033,0.0021340781805262504
6034,0.01998060717638552
6035,0.17320770974417798
6036,0.00893865698098732
6037,0.789345974566908
6038,0.7037329456779711
6039,0.0040771523066750765
6040,0.31751936525096947
6041,0.9963831731241032
6042,0.1398762825458583
6043,0.21832111902518075
6044,0.9997626540081153
6045,0.9079294262183465
6046,0.7617992829182372
6047,0.327305539503993
6048,0.2822921289543844
6049,0.6274876687419683
6050,0.08235037796894133
6051,0.00017950893173242574
6052,0.7356986734512564
6053,0.4801085860558569
6054,0.9998959088428638
6055,0.0009501842271977404
6056,0.05787876275374926
6057,0.11159418086737298
6058,0.01591685936203665
6059,0.03207608178670974
6060,0.024416491552084123
6061,0.8003146225830104
6062,0.036611359147374595
6063,0.42685668195191695
6064,0.018188372632952695
6065,0.7019853599836999
6066,0.2813386018033791
6067,0.9996182826875794
6068,0.8538958449886819
6069,0.08741277558164617
6070,4.556180336548485e-05
6071,0.5109372617669724
6072,0.06923326528698726
6073,0.07141561328099681
6074,0.25345123409762743
6075,0.15384367842214872
6076,0.9999567486955467
6077,0.004086171646177484
6078,0.8721929363848383
6079,0.7095897471404436
6080,0.29952141086216233
6081,0.0010618376091236883
6082,0.14150427169538873
6083,0.21871337609641983
6084,0.033071961491016065
6085,0.23356216811340588
6086,0.13961276778374446
6087,0.034937172270689404
6088,0.07569332530037888
6089,0.004556496114825544
6090,0.037241677480432965
6091,0.8097135624578249
6092,0.001749825706356368
6093,0.07889356449650968
6094,0.008941386231740506
6095,0.00012061720525818374
6096,0.23184410886571447
6097,0.914779693315631
6098,0.8026979117894596
6099,0.016735806173419764
6100,0.2601448823805632
6101,0.20222923470983606
6102,0.782579703288844
6103,0.06381664775965562
6104,0.4939740285186963
6105,0.0018223028225946543
6106,0.6655753393500179
6107,5.780500267723618e-05
6108,0.9415627893373605
6109,0.01146862071442793
6110,0.3532183146951862
6111,0.09636609409708798
6112,0.034830642970055725
6113,0.09680494697439551
6114,0.00020404650111976164
6115,0.000397239972914739
6116,0.4108457156433854
6117,0.00038693949491878016
6118,0.9089271546191974
6119,0.9993759122419318
6120,0.00023400574220318242
6121,0.0010122798784409693
6122,0.025264009741445763
6123,0.01800829749492237
6124,0.00047662886919587266
6125,0.0029842897004523678
6126,0.386914968751613
6127,0.9997006824583661
6128,0.0001717995963490978
6129,0.07858594763538554
6130,0.08442071408079857
6131,0.9996523533296412
6132,0.006144815906882954
6133,0.020741308288135106
6134,0.00013254151976610309
6135,0.02033092982238636
6136,0.6566993468029373
6137,0.3598153413623704
6138,0.026197926293261013
6139,0.8465709886350927
6140,0.74884439186041
6141,0.9998452880340445
6142,0.9984494579348531
6143,0.3097046241734214
6144,0.2510554835211004
6145,0.3894667233589767
6146,0.07221179135330554
6147,0.41154316917170763
6148,0.99947817992549
6149,0.0012788933001260149
6150,0.3800501959028715
6151,0.42994417641456395
6152,0.5767947036415751
6153,0.0010425256238365318
6154,0.07506716006974229
6155,0.9998445137181696
6156,0.28705625280553554
6157,0.09915904569584809
6158,0.0025684191174245225
6159,0.999515879975246
6160,0.999839854212449
6161,0.2911169889615382
6162,0.9922936229777242
6163,0.9997250351828642
6164,0.17458938971498572
6165,0.9999122716636379
6166,0.9998911415095005
6167,0.013503267125467889
6168,0.07826725997423054
6169,0.47102064412608585
6170,0.006307541094303532
6171,9.189915595427224e-05
6172,0.7622537528679275
6173,0.10275871301417372
6174,0.004442389564555774
6175,0.12910389574330589
6176,0.09697442677336834
6177,0.4622147255459961
6178,0.00861467010116454
6179,0.894826642160284
6180,0.17940599823539943
6181,0.0008304101192017007
6182,0.01390637649290302
6183,0.013400150642329802
6184,0.017550288480890436
6185,0.39507096650265455
6186,0.014709531846168048
6187,0.999280903012029
6188,0.0002214839718457574
6189,9.802735270289298e-05
6190,0.9996531708715394
6191,0.004036147279379602
6192,0.027888826789156766
6193,0.012312295993534816
6194,0.024772356383988572
6195,0.7461285835006027
6196,0.048992512870940266
6197,0.0070122977717936375
6198,0.00021538811613091807
6199,0.9994847016473641
6200,0.9997517694280983
6201,0.34278926257737197
6202,0.999813541556598
6203,0.005813226224976716
6204,0.2890487045090958
6205,0.004763670383630594
6206,0.8389160247619923
6207,0.1922688202315802
6208,0.2549635938559798
6209,0.6966056095068704
6210,0.6963512903558482
6211,0.28775013706336705
6212,0.2045051980771765
6213,0.1484025377233452
6214,0.9411298929795111
6215,0.001072625630836603
6216,0.9992907723817248
6217,0.03787335525995441
6218,0.11138498042653577
6219,0.5404928802899062
6220,0.9997449474060245
6221,0.05044054647181093
6222,0.9995748273396287
6223,9.11734886535941e-05
6224,0.09464473734473083
6225,2.6962790944325908e-05
6226,0.9961897852288042
6227,0.0001082846911912003
6228,0.0002863806115592206
6229,0.004533421652854228
6230,0.9359433357034626
6231,0.12284736976224021
6232,0.3768367331988891
6233,0.003923183155515239
6234,0.21207812773229648
6235,0.6100775562893554
6236,0.9994704296180155
6237,0.37546636962096036
6238,0.9998690334312649
6239,0.008917319155760405
6240,0.9981109703075488
6241,4.4483456642352384e-05
6242,0.5830557656012229
6243,0.295750813822814
6244,0.06356551892321691
6245,0.8874737069363071
6246,0.6857845139256655
6247,0.0042596116212885605
6248,0.00013086073311526387
6249,0.01452907336460287
6250,0.33419682360674763
6251,0.45252168427501505
6252,0.0033533770115648973
6253,0.7876315877618714
6254,0.006671220713331773
6255,0.46591255529931686
6256,0.9993249733448629
6257,0.023417648884600992
6258,0.3163893803518711
6259,0.0010001325190708461
6260,0.0781301339895305
6261,0.3129676582968159
6262,0.0034568464775329984
6263,0.9994807358729794
6264,0.9990051294527309
6265,0.3927258162945375
6266,0.7700543491235664
6267,0.49296658638135427
6268,0.032820583431215584
6269,0.999839854212449
6270,0.9922936229777242
6271,0.008631552972861124
6272,0.1983043258035693
6273,0.7936706384801007
6274,0.9996283021450161
6275,0.15989775104704118
6276,0.09338562690659825
6277,0.004043985114789376
6278,0.005628606242594427
6279,0.011331810533420212
6280,0.999532300468535
6281,0.024038244610474713
6282,0.8700631709666538
6283,0.944839701111872
6284,0.9508188338463772
6285,0.05272854775227728
6286,0.6227268321551133
6287,0.9995748273396287
6288,0.007126274977924554
6289,0.8314688054893897
6290,0.3232593842099897
6291,0.47211783956767117
6292,0.6850477023399938
6293,0.8668246374416804
6294,0.0786825970111405
6295,0.6077526046595324
6296,0.007966566558530536
6297,0.35370995392541277
6298,0.9996205987736354
6299,0.22661492753342577
6300,0.0002341480217161562
6301,0.04235994139359466
6302,0.07374370910716586
6303,0.14309931494023517
6304,0.13117737832340673
6305,0.00016333723995282622
6306,0.30788939936230053
6307,0.89938472072585
6308,0.9986321627939515
6309,0.5562808100297157
6310,0.520361945764295
6311,0.0127968406958509
6312,0.14871119632019278
6313,0.999555370523253
6314,0.10897377091833586
6315,0.31548703199717093
6316,0.14428791841055572
6317,0.9912031299518127
6318,0.000238404515048165
6319,0.06074290403580501
6320,0.0004911071316488296
6321,0.999925437185554
6322,0.0006562194380047844
6323,0.9984362597658446
6324,0.010452966236771357
6325,0.9997128906389872
6326,0.007096421823754584
6327,0.012133317780140592
6328,0.023771211824378587
6329,0.040708792143473796
6330,0.5775101924255431
6331,0.08045198884720156
6332,0.10635897918787433
6333,0.0005171568071226683
6334,0.012967434833928761
6335,0.1228801851249755
6336,0.7369469177829377
6337,0.005935503017158846
6338,0.9998639023968607
6339,0.6466847624734728
6340,0.2232568801041227
6341,0.5944635461477165
6342,0.9996951936355856
6343,0.02934864714892581
6344,0.013672981422899593
6345,0.888660487693587
6346,0.39111869044615827
6347,0.9995188686824839
6348,0.9204348362916683
6349,0.7001154865918933
6350,0.9995391638962738
6351,0.0004909403312414034
6352,0.007654460165539011
6353,9.142617088443161e-05
6354,0.5172864517185295
6355,0.10640762415587696
6356,0.0002077105871162182
6357,0.5446590897888808
6358,0.05860821900024359
6359,0.00711777685843541
6360,0.0010633534135331044
6361,0.00017182494283363292
6362,0.3960009524344672
6363,0.6437048949883302
6364,0.048808546390916197
6365,0.0014354524738137107
6366,0.20527921620571668
6367,0.3375353990341096
6368,0.00018615629982892998
6369,0.0556294782423431
6370,0.0016240913313704433
6371,0.3379616769430537
6372,0.0025810967546283487
6373,0.17956026686327833
6374,0.0281147525439203
6375,0.589477868519728
6376,0.19298674974649957
6377,0.8106750745749426
6378,0.28805631237369883
6379,0.14261177228938351
6380,0.9994285616106388
6381,0.0003812895348518765
6382,0.9998904562988747
6383,0.991923009794544
6384,0.9992815807706777
6385,0.38828625783497667
6386,0.7579864510519291
6387,0.00032978306733148945
6388,0.05606591085347905
6389,0.9378365695324715
6390,0.75320355199767
6391,0.762869618945305
6392,8.41600853301812e-05
6393,0.9998154911570314
6394,0.0015682457404437983
6395,0.8187183808001488
6396,0.8629009004501451
6397,0.15902119010192647
6398,0.004490876645621117
6399,0.28382392362389586
6400,0.6978309181511475
6401,0.6645745133725508
6402,0.7391723530745423
6403,0.044594788273449176
6404,0.14741598491793506
6405,0.07068394906837676
6406,0.02410347855311181
6407,0.28763297577779645
6408,0.00027603872152065555
6409,0.0005187669489072248
6410,0.7248576471355954
6411,0.6694463209485757
6412,0.00017905826603317697
6413,0.9419696740163985
6414,0.002036361565588466
6415,0.9063013427735639
6416,0.025504360831338148
6417,0.023128983355770346
6418,0.2179944501368865
6419,0.36074541719422426
6420,0.010064510554532105
6421,0.13622796875569673
6422,0.7447326205146843
6423,0.14605995476273273
6424,0.9999270451740746
6425,0.9329703948835155
6426,0.025841919166535762
6427,0.00013067034154976703
6428,0.8573433669173534
6429,0.00045907642131277725
6430,0.7265501559385683
6431,0.42918615845744196
6432,0.7628783589753235
6433,0.9996089753226334
6434,0.9999513919307581
6435,0.034440586995886674
6436,0.9987540749782311
6437,0.013168343644709177
6438,0.01919766822344877
6439,0.067691100229876
6440,0.017623950803669755
6441,0.4739887655919321
6442,0.6209356048894429
6443,0.0298935647432461
6444,0.41436039424052296
6445,0.008186860988389713
6446,0.9984494579348531
6447,0.1448087090804396
6448,0.2504315009647245
6449,0.0008467333556019914
6450,0.9981451127820872
6451,0.13498437736275118
6452,0.008659313105644531
6453,0.9996899659151031
6454,0.25843679106722695
6455,0.0036831002833615386
6456,0.03197776350077324
6457,0.4416030023873102
6458,0.12570662459476972
6459,0.39671352927698517
6460,0.21456796239392675
6461,0.9961897852288042
6462,0.3371723459334107
6463,0.7214730692856991
6464,0.5408131474631886
6465,0.6335562087330291
6466,0.018037994201780254
6467,0.26176044385880426
6468,0.0015352918038804026
6469,0.9997156688272456
6470,0.9999070628590069
6471,0.9999029642249432
6472,0.2473307012436338
6473,0.31959899682479975
6474,0.12428998895227575
6475,0.0028109874036903954
6476,0.8849454939047241
6477,0.3173726155606956
6478,0.00240765667041113
6479,0.9996327784772536
6480,0.13191308038976096
6481,0.003133557833377178
6482,0.28786580576854454
6483,0.0023052752322500524
6484,0.10092707154036261
6485,0.7610765008884861
6486,0.48851009851834504
6487,0.25261720674743543
6488,0.09433642079757722
6489,0.7568205650610129
6490,0.8552288331160726
6491,0.8558894634192123
6492,0.999742937101724
6493,0.2875258323885969
6494,0.17329021689384289
6495,0.7074151086116058
6496,0.34034885069948617
6497,0.000716819904409212
6498,0.44246272411575355
6499,0.0015547752272700901
6500,0.24998369628099784
6501,0.030779050494166862
6502,0.42401878314518704
6503,0.011305727745200882
6504,0.5543885896509043
6505,0.7091964055313498
6506,0.025924635902568056
6507,0.012285471051078833
6508,0.048157604899920624
6509,0.00017546208478235012
6510,0.00533502551344193
6511,0.022470780391812634
6512,0.21251115975179197
6513,0.969118964394088
6514,0.006403669246206225
6515,0.2422620974588266
6516,0.7730198303182655
6517,0.0790400444016416
6518,0.8119331172667905
6519,0.0021340781805262504
6520,0.9996435247189838
6521,0.0033194698119502265
6522,0.2793475257053961
6523,0.21202206871072626
6524,0.00690457976367424
6525,0.6133915579528103
6526,0.5329954279887417
6527,0.9998986372375684
6528,0.49386808583708197
6529,0.0002154051797566261
6530,0.9997693236947158
6531,0.9995618006181946
6532,0.9973001876911989
6533,0.9971830757757819
6534,0.005646174494659939
6535,0.0015475447175309152
6536,0.8824251949313304
6537,0.7155829693795348
6538,0.9115555605378742
6539,0.060632532495615954
6540,0.45742053789908194
6541,0.8068359124714833
6542,0.5508064940177249
6543,0.8340748788314234
6544,0.218731280597766
6545,0.8759916951017065
6546,0.01615022665803776
6547,0.07979737320091791
6548,0.36166932208041935
6549,0.24993379684355072
6550,0.17644751136168718
6551,0.001071195762628929
6552,0.00022575996301698153
6553,0.15277640390849873
6554,0.9994847650415528
6555,0.08244403798224317
6556,0.24968043501803394
6557,0.9996283021450161
6558,0.00023105150080701274
6559,0.9981792542373111
6560,0.0001598448236393758
6561,0.9989132093660799
6562,0.645931609952037
6563,0.12606022720853
6564,0.4163691599035854
6565,0.021158982608367474
6566,0.005494981165422585
6567,0.8750549999949725
6568,0.3915536329989047
6569,0.4426535696970162
6570,0.00024576525455116715
6571,0.9998552768131309
6572,0.999484515451382
6573,0.002834045190498167
6574,0.011058163491656432
6575,0.9965750147308478
6576,0.48607123134271185
6577,0.8275513397651862
6578,0.6045892447389793
6579,0.20007689391412828
6580,8.441295306697377e-05
6581,0.00927292639711059
6582,0.999988311377206
6583,0.011705841603672452
6584,0.5379620204441613
6585,0.2500921487737484
6586,0.00588868497752682
6587,9.787284790589234e-05
6588,0.005624341581982666
6589,0.011853431423297983
6590,0.07744713849945103
6591,0.9470602337592977
6592,0.026250323444127612
6593,0.00026534282448836827
6594,0.007683326603238924
6595,0.9897495456490298
6596,0.9996510917439676
6597,0.0015278439015536374
6598,0.00029074418032601725
6599,0.043913558700914644
6600,0.12142078820706421
6601,0.41586740336218964
6602,0.12450147699754643
6603,0.6556875853979046
6604,0.28511065249469697
6605,0.0026409642894194927
6606,0.07408124114035386
6607,0.016039793124701378
6608,0.07280733766146077
6609,0.00816579115164417
6610,0.12949583684292632
6611,0.05207795985202312
6612,0.5202198718104557
6613,0.07897611480960916
6614,0.017725558065391726
6615,0.5131848232529143
6616,0.002116232614984742
6617,0.00615947288077588
6618,0.06501796772582884
6619,0.013597683441881558
6620,0.01559985429595561
6621,0.3682643860958873
6622,0.7208015999153721
6623,0.39336383772301764
6624,0.9090096596547559
6625,0.00010192418361369456
6626,0.9978786623446216
6627,7.563509704819651e-05
6628,0.2875178712523993
6629,0.0038492307201420024
6630,0.15243330656243873
6631,0.999839854212449
6632,0.3031631076009224
6633,0.9998176213140284
6634,0.79942893765132
6635,0.7809420565575382
6636,0.025356946343553812
6637,0.16779980139102021
6638,0.0017279808865123215
6639,0.0018581772310230715
6640,0.032262308962548315
6641,0.006502970827760682
6642,0.518359450721267
6643,0.7350840458742064
6644,0.1574625109608784
6645,0.0037310899792684102
6646,0.9995239414562674
6647,0.8783313778465437
6648,0.29315535887515176
6649,0.09273946206731024
6650,0.999396684619105
6651,0.4232873556487038
6652,0.9909133313785264
6653,0.0021394019304332595
6654,0.9996407630722979
6655,2.3384711655855958e-05
6656,0.3403233716047867
6657,0.03921414917121403
6658,0.002201667955734869
6659,0.027538660868531007
6660,0.00023599530268115146
6661,0.9999308470783885
6662,0.9998814695025698
6663,0.999418062973209
6664,0.8875518490770177
6665,0.0001651765275925034
6666,0.7004085882533961
6667,0.9515109979843656
6668,0.1518249133546101
6669,0.0031534271463221873
6670,0.005373842991247296
6671,0.00021352340874199085
6672,0.13616099659472322
6673,0.9997121867270569
6674,0.00017175413279361859
6675,0.22871529969690557
6676,0.9997023020587968
6677,0.99966616556887
6678,0.02782122078877023
6679,0.48530417305843065
6680,0.0008102510315459569
6681,0.9995618006181946
6682,0.7503130323709073
6683,0.0024256898508607334
6684,0.3694495256316834
6685,0.006016995575947805
6686,0.0009713564668904211
6687,0.0001628021813152935
6688,0.07273945892497363
6689,0.00035676386570519504
6690,0.3268057672889408
6691,0.5126569467084184
6692,0.03830670827378304
6693,0.5259687579816259
6694,0.022559692669285886
6695,0.275843580554586
6696,0.014176481511895992
6697,0.0016794467467990178
6698,0.9998963952931639
6699,0.9992319874878447
6700,0.18794458915321927
6701,0.00011836467498864753
6702,0.04761237666778086
6703,0.13086263198549425
6704,0.999973115377271
6705,0.6323282802599375
6706,0.5479122649052983
6707,0.048523275988467555
6708,0.1941699622630125
6709,0.006671282749325913
6710,0.9997324084621292
6711,0.01463496433661052
6712,0.30614090377243575
6713,9.638555344406204e-05
6714,0.004166035072156832
6715,0.9999266889802447
6716,0.04012926999835039
6717,0.23087117823374417
6718,0.3693621748564053
6719,0.9922936229777242
6720,0.0006338397869272629
6721,0.9997374775896319
6722,0.9998281878252265
6723,0.6024465502650442
6724,0.13434336819263373
6725,0.0038374627467808987
6726,0.027323587987717293
6727,0.0017496790572089677
6728,0.4597379127926082
6729,0.029335353203350237
6730,0.00027036318839700077
6731,0.7902981682478288
6732,7.784252708422966e-05
6733,0.6534823143966527
6734,0.8339821465899792
6735,0.9989900539637812
6736,0.058032320409888816
6737,0.04975135890598115
6738,0.3404096891952496
6739,0.000578370132290567
6740,0.8826865326770122
6741,0.11122732783071847
6742,0.08491644387505154
6743,0.9579130278261863
6744,0.9919682499040026
6745,0.28805041934824865
6746,0.1177802274442511
6747,0.6105185119048543
6748,0.011818173676495496
6749,0.1327794034971569
6750,0.8958675477044216
6751,0.013364816262143451
6752,0.3706215220251888
6753,0.9205279073582436
6754,0.48692739813538316
6755,0.00019140622282080136
6756,0.5724629194918206
6757,0.020007910326312273
6758,0.1164684406447452
6759,0.7095185359587831
6760,0.9987607214158564
6761,0.007246811771324544
6762,0.36232174048985794
6763,0.018455610823780017
6764,0.034553093393578246
6765,0.02630281600856353
6766,0.01581165102500259
6767,0.00019049447099792004
6768,0.050863262299786126
6769,0.9993870058770137
6770,0.42751324464276014
6771,0.7759922185634472
6772,0.002105999500991863
6773,0.23562211619695902
6774,0.9999364441705685
6775,0.03345519853885353
6776,0.7510107305327495
6777,0.07336025731096031
6778,0.6340103711187706
6779,0.4576359493185404
6780,0.9249344562762638
6781,0.0024857457297328377
6782,0.04698587450048393
6783,0.04124709684779334
6784,0.006908235128697764
6785,0.3716750660902967
6786,0.050033432696061794
6787,0.3133801135052562
6788,0.755458630048239
6789,0.0008249497947720088
6790,0.08810447186916995
6791,0.5678890265456128
6792,0.6634099426746056
6793,0.34487689799763255
6794,0.9987749563650368
6795,0.08991043070576603
6796,1.869486603135217e-05
6797,0.015353598413134861
6798,0.116389316187576
6799,0.7882376954203434
6800,0.04122769420566014
6801,0.013439117104098144
6802,0.3116329159853748
6803,0.0027665626567821857
6804,2.3231032490559205e-05
6805,0.9992246986531228
6806,0.4513120975069552
6807,0.051629804682477146
6808,0.9994807358729794
6809,0.04702491213466654
6810,0.0034699913265214613
6811,0.19575969424937403
6812,0.08148658963540178
6813,0.08396360638594702
6814,0.010869402460872887
6815,0.6973243487410389
6816,0.09643520790581024
6817,0.2145411195248106
6818,0.041728539905084745
6819,0.00680176515076235
6820,0.34615844377616034
6821,0.022963913752583068
6822,0.7798497879216874
6823,0.9993870058770137
6824,0.4096866915777161
6825,0.9996396881542292
6826,0.9179331909215074
6827,0.20331115174494543
6828,0.9994823976019458
6829,0.9470602337592977
6830,0.47702239113958955
6831,0.00033084868708051977
6832,0.003181658815625294
6833,0.999925288954087
6834,0.0316601001998798
6835,0.9090128098477398
6836,0.9244412524052713
6837,0.999538404803149
6838,0.14305026526160242
6839,0.06917720687802506
6840,0.07889581929941168
6841,0.9993711860036805
6842,0.584459392744525
6843,0.012588779966582933
6844,0.8724285836183844
6845,0.07023267723603431
6846,0.01552175382326119
6847,0.06635342335550004
6848,0.7166206426498789
6849,0.31568728992966955
6850,0.8189169375658795
6851,0.00022101138749535033
6852,0.00034228733149831294
6853,0.007524948968093531
6854,0.8217416919318332
6855,0.201907441495299
6856,0.02198007271590989
6857,0.2400727010448071
6858,0.9969058993074875
6859,0.016039771796615906
6860,0.9994578980614803
6861,0.0003568800634133469
6862,0.009285138748853812
6863,0.7654499495839139
6864,0.9778964124157373
6865,0.4038565393725659
6866,0.9995022176941539
6867,0.8855587814721735
6868,0.004660186945776203
6869,0.09279635588517034
6870,0.31701449209619653
6871,0.057812935413151155
6872,0.8711505870415256
6873,0.9999718846290591
6874,0.9993057612099676
6875,0.2658787225489973
6876,0.0665616391169405
6877,0.33294541520530907
6878,0.9993853831723645
6879,0.8159538128601883
6880,0.027628475947907592
6881,0.030530405335856606
6882,0.9997043534156574
6883,0.7827960082419957
6884,0.04948209379453789
6885,0.07003511647593051
6886,0.9075915088672856
6887,0.7109438811744663
6888,0.006585654741334766
6889,0.009352652427548248
6890,0.0772496461172852
6891,0.005291380040110614
6892,0.7172808242641012
6893,0.0020856891005906235
6894,0.06583091924002751
6895,0.7224283063256811
6896,0.3278210720674845
6897,0.9997342423438442
6898,0.9987540749782311
6899,0.8535803147483586
6900,0.00021184099984185813
6901,0.05741005238772396
6902,0.0253079112184599
6903,0.47533300977946574
6904,0.035950971164779015
6905,0.2980393569107884
6906,0.003586239912780217
6907,0.22828842028948282
6908,0.7307716789387563
6909,0.7723980559031579
6910,0.3640217209717014
6911,0.4462561556754349
6912,0.07736686084692782
6913,0.002049385748754698
6914,0.028003576635703027
6915,0.6427522888132479
6916,0.6018719371674733
6917,0.5409227866173142
6918,0.009650725882666454
6919,0.9997128906389872
6920,0.7313801302525123
6921,0.5029441558237173
6922,0.00430448285309874
6923,0.18576184288121628
6924,0.7024657970551037
6925,0.005881188364794332
6926,0.05953640965659729
6927,0.402150126606203
6928,0.22763464199761654
6929,0.0002154416504923782
6930,0.9983978120188863
6931,0.04072947981552051
6932,0.0023891120113517512
6933,0.9996829977336692
6934,0.007179841521051552
6935,0.004085281668386525
6936,0.0018223028225946543
6937,0.008459840190597643
6938,0.27264956393351786
6939,0.84410718957523
6940,0.574964758415724
6941,0.1669616325995206
6942,0.7533637441005624
6943,0.28675420593161055
6944,0.36120246344282086
6945,0.31649864697418356
6946,0.003660263053802707
6947,0.7649619619858253
6948,0.12900272143736755
6949,0.42909541148608915
6950,0.9487662096515815
6951,0.48782391522373036
6952,0.9312241863602985
6953,0.7136048809835358
6954,0.4578506771375517
6955,0.8306060796540732
6956,0.23280257972859056
6957,0.1297173765835614
6958,0.12249670044348324
6959,0.051336735540094824
6960,0.0043289335398838365
6961,0.03990751396245989
6962,0.2047903725149879
6963,0.0017044055276585891
6964,0.5311661011006578
6965,0.08595624252964959
6966,0.0006985983008512719
6967,0.9994659373673813
6968,0.004015813290970475
6969,0.0005322324024982141
6970,0.0023917576818005964
6971,0.010623993732077399
6972,0.8773908123489099
6973,0.0942124501490288
6974,0.9222123911956452
6975,0.21070437931044644
6976,0.9329703948835155
6977,0.9995748273396287
6978,0.004824533843910773
6979,0.8391076475492756
6980,0.015465421567024705
6981,0.03353818982865354
6982,0.0006551095576511313
6983,0.0559638042227488
6984,0.0072837752181103945
6985,0.13424520616328656
6986,0.010819841457011243
6987,0.024799340794481754
6988,0.00011118840435465243
6989,0.07149580140238328
6990,0.9995574966193886
6991,0.9998347857388117
6992,0.9952648605446761
6993,0.07946458575836828
6994,0.7364362509448416
6995,0.005903553300142831
6996,0.7703047054794568
6997,0.6493615394359868
6998,0.0042948122005474956
6999,0.00023908993888703875
7000,0.5856851869095538
7001,0.000714814334419538
7002,0.10725916490624117
7003,0.9992982292290908
7004,0.05239400815920281
7005,0.022059794114226105
7006,0.9998961760461855
7007,0.002853325595316848
7008,0.8625960673186523
7009,0.7367767820864474
7010,0.6246944256753881
7011,0.0019269337201934737
7012,0.5444308310476264
7013,0.0006662964763706148
7014,0.0013484908604558114
7015,0.010152474385754718
7016,0.9997052328962903
7017,5.6299047273138404e-05
7018,0.7396235428940012
7019,0.004806673641352054
7020,0.9994363547009741
7021,0.019742093718954155
7022,0.46114334099499776
7023,0.011944865325940243
7024,0.5050994116819258
7025,0.9232618445053298
7026,0.0004874737649603814
7027,0.6794585449011975
7028,0.8042920342204147
7029,0.00977589727204698
7030,0.9995225709038618
7031,0.8367385038985468
7032,0.9975633972721326
7033,0.9993962546929599
7034,0.8989108115762311
7035,0.9994509352611256
7036,0.2320154618271659
7037,0.9996163273617402
7038,0.7227082497322663
7039,0.00179545506209708
7040,0.9996163273617402
7041,0.7395410367451899
7042,0.8182008615385611
7043,0.11387071968567304
7044,0.12694745223560705
7045,0.49570248956035967
7046,0.999988311377206
7047,0.0008022659716769102
7048,0.1946174567827891
7049,0.011625753516590122
7050,0.9995135488549148
7051,0.029257186155735585
7052,0.04395793010125101
7053,0.9913389764877087
7054,0.0005930684456119348
7055,0.9995321735965664
7056,0.04827571684810323
7057,0.999289581474063
7058,0.6644257547978784
7059,0.9995834418875225
7060,0.03759321435302392
7061,0.9996829977336692
7062,0.004559349839410034
7063,0.0018817548698624835
7064,8.960267282897926e-05
7065,0.8831670585266939
7066,0.24511936647217009
7067,0.984729560390226
7068,0.05476492177215378
7069,0.5112349330498517
7070,0.06002024618144465
7071,0.0011704730376771112
7072,0.002768674187624363
7073,0.6873287015352777
7074,0.18192162964207578
7075,0.26652388078986816
7076,0.6845927168280425
7077,0.4084228171694081
7078,0.7227082497322663
7079,0.017443135640169995
7080,0.08501895538289835
7081,0.00028926213769772885
7082,0.33782437318816416
7083,0.4359219689017879
7084,0.0013888485385699246
7085,0.00026304679293177765
7086,0.003489561134919666
7087,0.016503171912244735
7088,0.0010115741728640919
7089,0.9998771574896798
7090,0.7723980559031579
7091,0.46410600159750265
7092,0.9996951375426228
7093,0.749678598894356
7094,0.9997800107469587
7095,0.7485690174183502
7096,0.9111857085821179
7097,0.12861010636264647
7098,0.5517043441814197
7099,0.9995391638962738
7100,0.00016064249113779977
7101,0.9430678802182004
7102,0.023411605877991574
7103,0.8699593792385124
7104,0.8816515954046332
7105,0.1606483931369943
7106,0.0896679501572759
7107,0.7219357950775406
7108,0.8283911231137013
7109,0.167025671119711
7110,0.12520978585392933
7111,0.036434501456055465
7112,0.5583397783476859
7113,0.6417281709294553
7114,0.5668030534654045
7115,0.8470659638918911
7116,1.4095432926013718e-05
7117,0.00025950026452816865
7118,0.0015769478705763124
7119,0.0005541316386881394
7120,0.0007231707356623972
7121,0.9414200670962729
7122,0.06080141849131918
7123,0.22648713207799787
7124,0.0037359003368745867
7125,0.8975248074883023
7126,0.12736441180802827
7127,0.6513468809959873
7128,0.78627234572451
7129,0.008541521657793875
7130,0.5190297571102979
7131,0.503175643104039
7132,0.9984494579348531
7133,0.9993759122419318
7134,0.9102808702995862
7135,2.805380893565583e-05
7136,0.2800146047138172
7137,0.015382789037989614
7138,0.6719450601969029
7139,0.34382204685907813
7140,0.0858640968097917
7141,8.961890110942319e-05
7142,0.17644482125603136
7143,0.0058225839509271045
7144,0.9922936229777242
7145,0.00098210827926619
7146,0.7595224735580037
7147,0.07408443560753324
7148,0.8778351685397296
7149,0.0960624949859791
7150,0.0031377655183768972
7151,0.9995996544068503
7152,0.19000072990209713
7153,0.13030181323861195
7154,0.06382094756625928
7155,0.16079913004276336
7156,0.9999050379667717
7157,0.3202628470126809
7158,0.5427344689851258
7159,0.003040762441829472
7160,0.8790950580927112
7161,0.35033742138869706
7162,0.9995574966193886
7163,0.17468571535986394
7164,0.00045550610455988224
7165,0.00019455359629721514
7166,0.999409621151641
7167,0.07828155971918117
7168,0.47293583940349565
7169,0.21258344405167864
7170,0.0055940359048012225
7171,0.39366024888208423
7172,0.10386731866565913
7173,0.0001390512674727781
7174,0.4842774069266596
7175,0.001302455763728988
7176,0.7375136186836501
7177,0.23070470594019746
7178,0.49067086939077065
7179,0.951559828747212
7180,0.14281682786467037
7181,0.12949583684292632
7182,0.0013839818533876592
7183,0.16092314828796964
7184,0.012590245234260066
7185,0.008567064891513987
7186,0.1362381331520206
7187,0.9996951936355856
7188,0.04864269560426416
7189,0.09336305189374093
7190,0.16602562224822748
7191,0.1726130067935369
7192,0.7772721183157855
7193,0.7360519981214635
7194,0.24650287600079157
7195,0.9997626540081153
7196,0.018853958470000858
7197,0.561518012942746
7198,0.17530514142040826
7199,0.009508537824718158
7200,0.9987657277506504
7201,0.798375635990297
7202,0.3794108236190184
7203,0.0062286995806488926
7204,0.24402856623661348
7205,0.00882075999669289
7206,0.9997957235608228
7207,0.6302488533769666
7208,0.6556638283763151
7209,0.3156953299125028
7210,0.0037870553516145982
7211,0.01786310792061634
7212,0.3585318763639158
7213,0.2803375751054984
7214,0.1415265489249966
7215,0.0010137892711695171
7216,0.42737258968337183
7217,0.9998397421750914
7218,0.00020504234567311742
7219,0.03469171914373597
7220,0.00018367249333205946
7221,0.00024571616896581344
7222,9.58223225278841e-05
7223,0.0006308092468357643
7224,0.0140274926414293
7225,0.014918667174931365
7226,0.9994314362506218
7227,0.13283648645265267
7228,0.3443692984088315
7229,0.08616951510691731
7230,0.24554113962447957
7231,0.9996809125536111
7232,0.0036414330909603906
7233,0.6867518468244325
7234,0.0011518971640756012
7235,0.004687932374068975
7236,0.6393631426997132
7237,0.005096445639143918
7238,0.006074106368470472
7239,0.010421975093616557
7240,0.0009814833821511213
7241,0.8157406728970892
7242,0.9998219556284126
7243,0.828265479222301
7244,0.0001417232319649501
7245,0.00637843417988176
7246,0.037972065863032686
7247,0.19831864926188636
7248,0.0029044978280173953
7249,0.07853989246945943
7250,0.00017442995069140085
7251,0.1997331465454846
7252,0.4136308972697643
7253,0.06982965174308771
7254,0.10347434499145461
7255,0.9996608488107642
7256,0.9999504658711689
7257,0.21111380610966607
7258,0.0003916923937847163
7259,0.501498689786939
7260,0.9997421658299348
7261,0.011860170236928123
7262,0.004631137730737441
7263,0.9573722387582158
7264,0.7473005827073088
7265,0.35048585232901225
7266,0.000959801554614555
7267,0.31236361027336007
7268,0.30231216690948753
7269,0.004203968748617394
7270,0.44522214289927586
7271,0.18583975150393056
7272,0.0094304755059083
7273,0.0032895931621723844
7274,0.0001400752377213432
7275,0.00889629439196329
7276,0.7224783544657729
7277,0.007010248527935535
7278,0.9999438275324406
7279,0.14498672659109713
7280,0.39835069592858907
7281,0.999813541556598
7282,0.5348886491583589
7283,0.4814198699915405
7284,0.029301009581791816
7285,0.7837918646957517
7286,0.00013399516415839825
7287,0.0006834002254981868
7288,0.0008934137438468304
7289,0.05009715235252024
7290,0.005469985804484388
7291,0.9997632583499344
7292,0.0005334653122767445
7293,0.07417445837195255
7294,0.18398247738216197
7295,0.9984494579348531
7296,0.005060858372805064
7297,0.006339387243921186
7298,3.454585635667142e-05
7299,0.9958515958045745
7300,0.9207674286275027
7301,0.9995391638962738
7302,0.16088516598578925
7303,0.0032109482872895246
7304,0.0939300540626207
7305,0.9998411885134655
7306,0.9996396881542292
7307,0.9994314362506218
7308,0.24735099118730075
7309,0.19405346877757945
7310,0.6672115584484363
7311,0.016872770922233608
7312,0.18009129615750574
7313,0.999563261867387
7314,0.9994823251242084
7315,0.005833008536538484
7316,0.10573534793244752
7317,0.755625404636202
7318,0.08110692857426148
7319,0.9999691528149475
7320,0.2443005620484857
7321,0.5990624948012793
7322,0.9397696582232297
7323,0.0063816925819118455
7324,0.03607530709119688
7325,0.05589317237539278
7326,0.018121078646436552
7327,0.0014370036093227438
7328,0.01645729979433192
7329,0.04915857669240432
7330,0.0013487014036775407
7331,0.04823639657742363
7332,0.09936226576568949
7333,0.2447675496004829
7334,0.03939328415604761
7335,0.008289768087244258
7336,0.7721371016431084
7337,0.00140754893273008
7338,0.26845753199194733
7339,0.001063773347554265
7340,0.9222995864492051
7341,0.008436609869460663
7342,0.9995301733114041
7343,0.13299245175651042
7344,0.5755092829802886
7345,0.40535108208554954
7346,0.30432667315221607
7347,0.582321283257108
7348,0.6944101415131808
7349,0.0029570282928267203
7350,2.6456998619429247e-05
7351,0.0053382696918863074
7352,0.0010910351761999133
7353,0.5069881393010256
7354,0.019643001889295228
7355,0.034694439978087854
7356,0.14767222797324242
7357,0.9996429750733369
7358,0.384257005291207
7359,0.0016659755677844292
7360,0.9998029212037286
7361,0.999418062973209
7362,0.463929611619281
7363,0.003133982443743801
7364,0.5197270204637896
7365,0.9454282257952586
7366,0.5206255674146403
7367,0.04417255239029361
7368,0.9999534985660126
7369,0.0008843379898792935
7370,0.0039062116055159943
7371,0.044840356443165766
7372,0.9762387261945297
7373,0.5372126062946013
7374,0.0340027423316384
7375,0.1337112960182984
7376,0.022844559210130698
7377,0.03766753179647649
7378,0.00582094548954591
7379,0.7485676300380321
7380,0.16995877292193964
7381,0.45130987294834385
7382,0.13191622102208658
7383,0.005447013265236529
7384,0.003153800841192656
7385,0.9999316082189914
7386,0.00032290473266477363
7387,0.04734397052919154
7388,0.054145990907222
7389,0.5730455514760574
7390,0.9997404932194537
7391,0.9999331278440812
7392,0.9958306023535474
7393,0.10694070768615258
7394,0.8692090465834243
7395,0.028978574799284066
7396,0.8141428887720409
7397,0.4725534375619941
7398,0.008956991844723079
7399,6.686460550596933e-05
7400,0.47057971764366646
7401,0.3581913957492296
7402,0.9996516518776984
7403,0.007635652690368502
7404,0.9996205987736354
7405,0.00019200553685469793
7406,0.010199346223978296
7407,0.5824092713682751
7408,0.1929751315029376
7409,0.005361569169345994
7410,0.3446656217051661
7411,0.5186118687878
7412,0.2500921487737484
7413,0.00029364174120364493
7414,0.0025290285466889875
7415,3.14746145773327e-05
7416,0.19164207437209374
7417,0.7884619072101718
7418,0.15848945849745785
7419,0.058427823845176106
7420,0.112922261957281
7421,0.05163933002844477
7422,0.1850811426828299
7423,0.07278659862988504
7424,0.9792677551595076
7425,0.9994706120060642
7426,0.02158287102497159
7427,0.12325655028520006
7428,0.9489143147684819
7429,0.054219507918654805
7430,0.006490729358803432
7431,0.99941683666359
7432,0.39476092140948266
7433,0.46426776097208733
7434,0.0563629797511716
7435,0.6379064177665394
7436,0.00024685667625379444
7437,0.005110893957741834
7438,0.49051562475867494
7439,0.48606334298660775
7440,0.0005930684456119348
7441,0.22606622723802078
7442,0.0030198891440456014
7443,0.05217801033659097
7444,0.0047460171417675195
7445,0.607469237415645
7446,0.07202075014587356
7447,0.003514887562020117
7448,0.02232882998808387
7449,0.0630400005509204
7450,0.8031829428811894
7451,0.08565200328881872
7452,0.9997134260055291
7453,0.999396684619105
7454,0.00036673547255599144
7455,0.013370085028415192
7456,0.864653640997587
7457,0.005206072070687439
7458,0.014558072307400027
7459,0.9999219791324048
7460,0.9996101455312355
7461,0.3246749276908164
7462,0.6895625301074522
7463,0.9998611543394631
7464,0.10989851324673092
7465,0.9998771574896798
7466,0.2501516011266346
7467,0.2199319869094224
7468,0.18352221484976233
7469,0.4427973390638507
7470,0.00021167073203854584
7471,0.9995739621556083
7472,0.7945922264582405
7473,0.0009202671923666899
7474,0.8607292097617514
7475,0.005272010944758763
7476,0.0014355054331842152
7477,0.9961441536290959
7478,0.00012701453886475626
7479,0.0029227620422855754
7480,0.03995470502615508
7481,0.7402841819931467
7482,0.8787092381564642
7483,0.012086647961486853
7484,0.0033111220814996505
7485,0.00023357833224515908
7486,0.04201914097803501
7487,0.8556109423048867
7488,0.6985464640959652
7489,0.48921454915689555
7490,0.3088315158008257
7491,0.969118964394088
7492,0.013482564566313129
7493,0.47141356985586247
7494,0.06068343910792173
7495,0.009354614670696775
7496,0.0005285683118259101
7497,0.7014830929858353
7498,0.44866756745886194
7499,0.0005577370949978589
7500,0.0017684829689626849
7501,0.9995808837714645
7502,0.0035002868406974917
7503,0.28059135500730176
7504,0.8386470321360825
7505,0.9997859621855122
7506,0.8314241978267894
7507,0.8815416716766478
7508,0.0019103364389078832
7509,0.39165352442166523
7510,9.820002927437085e-05
7511,0.16643369336327268
7512,0.0011022852644227662
7513,0.3351432523753561
7514,0.11793073768729095
7515,0.15021390934798723
7516,0.9996271970799889
7517,0.12384592438184121
7518,0.9998197263286934
7519,0.0011393621909140928
7520,0.11923066285725033
7521,0.032338702375772105
7522,0.9998487393337693
7523,0.791195132294377
7524,0.07790440096797936
7525,0.6864935011239863
7526,7.909945313481748e-05
7527,0.40466350079649377
7528,0.0018655324941328243
7529,0.5247528434310513
7530,0.2806477254091762
7531,0.999324669673014
7532,0.014665716474438643
7533,0.0019427814707869667
7534,0.1413432825403454
7535,0.9999343388402087
7536,0.016901387851780227
7537,0.9503654396448908
7538,0.4020372479520044
7539,0.031571254441182243
7540,0.047724982199450774
7541,0.9239895681862175
7542,0.6478059566503713
7543,0.0004464210631110728
7544,0.7302084091178882
7545,0.0370956765525021
7546,0.8816598166016768
7547,0.02731025530062583
7548,0.3984882533742379
7549,0.9997335138292903
7550,0.0922703384451797
7551,0.4084113535161905
7552,0.03055767680405675
7553,0.2189353895298477
7554,9.379621119006975e-05
7555,0.48062615729576363
7556,0.00034283835756271884
7557,0.022296729785985944
7558,0.3650501117434142
7559,0.9883416361502647
7560,0.0017299326804293643
7561,0.014452077276350412
7562,0.9998487393337693
7563,0.11705174314907313
7564,0.4279344671618836
7565,0.002836724100992901
7566,0.047528884526583506
7567,0.0010619899647552294
7568,0.878294600658173
7569,0.9993410951481452
7570,0.01619664624624668
7571,9.898061530226903e-05
7572,0.6271722429706199
7573,0.0005206790648414763
7574,0.999894569782393
7575,0.9458774802512911
7576,0.05013742845160581
7577,0.008392664230507422
7578,0.9113387703176987
7579,0.33866617951453404
7580,0.9997396015332854
7581,0.017523302823686
7582,0.6339308509302234
7583,0.9172604702659248
7584,0.006688074286662461
7585,0.03680491096300477
7586,0.006264348543222817
7587,0.36970955250429755
7588,0.03214593823764458
7589,0.13803071385921314
7590,0.12179846473056806
7591,0.8071965617202654
7592,0.5450101857249945
7593,0.8238156979730543
7594,0.9995296912168098
7595,0.019628231185913593
7596,0.004120684607778258
7597,1.051195469241639e-05
7598,0.6322394842451721
7599,0.45011813601147166
7600,0.2893977783317625
7601,0.7066320977647971
7602,0.27523761004128433
7603,0.08835273040554507
7604,0.00398875286275382
7605,0.9995949625908972
7606,0.6367743260386663
7607,0.017361976494416502
7608,0.9997859621855122
7609,0.6828579476213857
7610,0.0009559439642164993
7611,0.7355215613393561
7612,0.008354266093281965
7613,0.16393665513904412
7614,0.0003243809242263929
7615,0.07313411858507525
7616,0.6749982178001758
7617,0.002036361565588466
7618,0.9997077590462575
7619,0.9995047105160518
7620,0.1967799071561566
7621,0.1604745254385492
7622,0.8122866331599159
7623,0.0070967608281179255
7624,0.9994807358729794
7625,0.4307809312037798
7626,0.7676696815191909
7627,0.20050357352845102
7628,0.0949091561702841
7629,0.7979786208786513
7630,0.6031254398558409
7631,0.2706416396876524
7632,0.171012405958391
7633,0.9187202587361841
7634,0.7581826617500576
7635,0.0018223437397850576
7636,0.09039137296294618
7637,0.009349176795479367
7638,0.020367764566510065
7639,0.3518191153363833
7640,0.00023687272010068387
7641,0.10360831570940311
7642,0.0010522870866310258
7643,0.9151353123730481
7644,0.12116757084038446
7645,0.5828101106698419
7646,8.81056078395623e-05
7647,0.9969058993074875
7648,0.235806634552288
7649,0.954428180109096
7650,0.0003230827482602096
7651,0.0017075172681827407
7652,0.33326272763202824
7653,0.00563656327063525
7654,0.8802893910876439
7655,0.005274108516683237
7656,0.024201533963555212
7657,0.018534719375259474
7658,0.03012742731158191
7659,0.12001480131857788
7660,0.999769437079721
7661,0.004533421652854228
7662,0.08067861066665745
7663,0.7634140831463028
7664,0.3733388253929516
7665,0.23083229676011185
7666,0.31359046190726086
7667,0.9997626540081153
7668,0.9999697468293665
7669,0.7425429907890108
7670,0.44372395283051785
7671,0.11358204166090978
7672,0.02775321591734335
7673,0.0010946875084783308
7674,0.001254968933217358
7675,0.35295142115804595
7676,0.6953289596526909
7677,0.07793005336227102
7678,0.002166733517248414
7679,0.14781937150192478
7680,0.9996365758420503
7681,0.06529423762365934
7682,0.014558072307400027
7683,0.0005432480267624436
7684,0.004651550736449153
7685,0.999790634910745
7686,0.2216586989202112
7687,0.22190116702350307
7688,0.9995391638962738
7689,0.19479178691862908
7690,0.04523345181219712
7691,0.7718610159684403
7692,0.8408550578457734
7693,0.1848876100765037
7694,0.00018989935508067398
7695,0.9957361465806546
7696,0.999816528563738
7697,0.5588435790187845
7698,0.05398011665214187
7699,0.7701706205248419
7700,0.6924333901523919
7701,0.4204708791430271
7702,0.7580102581934266
7703,0.14076095945634787
7704,0.6538671031494997
7705,0.03314394861161083
7706,0.5360447338727431
7707,0.022553248997652882
7708,0.005741887004071948
7709,0.5474546570762395
7710,0.603416868788606
7711,0.8725873868564848
7712,0.044835224198748934
7713,0.055552899955617095
7714,0.9993336517016168
7715,0.0061623071299035026
7716,0.9270040274388357
7717,0.7098393213665922
7718,0.9989469895691123
7719,0.742730369823167
7720,0.9999784738108163
7721,0.061308979591045684
7722,0.16718095821783924
7723,0.23856177803099982
7724,0.1878276112349991
7725,0.020361602205684406
7726,0.9998180778954218
7727,0.06706861359582551
7728,0.006338943240929158
7729,0.3752878738901886
7730,0.0007137605080152328
7731,0.999925288954087
7732,0.27707050294179514
7733,0.040271795762166544
7734,9.949723479986312e-05
7735,0.9662650807690489
7736,0.24116907977862329
7737,7.575631721330682e-05
7738,0.9976709610206831
7739,0.2697688921824889
7740,0.7866199294917005
7741,0.6200508558626907
7742,0.0009110364896629733
7743,0.6256045329233716
7744,0.7345688709116214
7745,0.037036788945811056
7746,0.30949174575932215
7747,0.4001652314435796
7748,0.9996524855960205
7749,0.9997274931873702
7750,0.9999562912726505
7751,0.9992893364335703
7752,0.07626278428363545
7753,0.8158105216454501
7754,0.8060510856939737
7755,0.013114340112504038
7756,0.0004091114834053193
7757,0.9792779068137943
7758,0.27139279549111534
7759,0.15350504346721938
7760,0.05054163820295203
7761,0.01177576649384434
7762,0.9995966391650123
7763,0.1337112960182984
7764,0.6508850363959402
7765,0.013190247998491235
7766,0.03337458278694997
7767,0.007131343443302467
7768,0.0038401258574009213
7769,0.022835994097921752
7770,0.008139593037466914
7771,0.5803382030765466
7772,0.5741836618061453
7773,0.9996327784772536
7774,0.7504449405655751
7775,0.1372856472699238
7776,0.0006985983008512719
7777,0.9995326650337986
7778,0.24245724666639615
7779,0.12513736832727607
7780,0.145486752911031
7781,0.002425639175231079
7782,0.0005650811849793378
7783,0.9568413869418714
7784,0.9993870058770137
7785,0.9924039512682239
7786,0.15085024657650764
7787,0.8865478029433957
7788,0.9997284265958364
7789,0.18478581578927972
7790,0.5921054669613761
7791,0.0003433809559132562
7792,0.6472009307063549
7793,0.24189659092646498
7794,0.7823609573827254
7795,0.01177524155728907
7796,0.6655052528822387
7797,0.0024830038497400497
7798,0.011492838453173995
7799,0.005777793643641536
7800,0.0027665626567821857
7801,0.0003838837395393013
7802,0.10430641426690584
7803,0.7893047278123335
7804,0.0010500284738543205
7805,0.25345123409762743
7806,0.04956363300550857
7807,0.2198554956208409
7808,0.25345123409762743
7809,0.9076143790543098
7810,0.4755422425810911
7811,0.06662409113372401
7812,0.5562108540700774
7813,0.1455064396381071
7814,0.4465126846914585
7815,0.04419942967545545
7816,0.4781401769748417
7817,0.00017031568699088644
7818,0.7182758987116583
7819,0.8067585984932267
7820,0.0001808343747830288
7821,0.270473245175446
7822,0.17940599823539943
7823,0.007146153727847512
7824,0.05512005241508962
7825,0.9994578980614803
7826,0.9766544964321564
7827,0.0029917590122035083
7828,0.0005318162458955023
7829,1.334939017611465e-05
7830,0.007377944536024592
7831,0.9876042689260911
7832,0.8067068747775894
7833,0.11401256743658403
7834,0.006745117912479157
7835,0.23784241115935648
7836,0.7675034656581247
7837,0.011567667885624014
7838,0.03456152491500475
7839,0.047023709607422706
7840,0.23799628403019307
7841,0.25465021061527704
7842,0.0037017683632607295
7843,0.02380300932236865
7844,0.32107136595593055
7845,0.00022411652458490325
7846,0.001228824349057224
7847,0.5197270204637896
7848,0.8312287225052707
7849,0.012434303846228236
7850,0.23079602541730387
7851,0.9996373889138573
7852,0.004530545987225522
7853,0.999548755909269
7854,0.025896798871018638
7855,0.998163542184039
7856,0.007847373878417522
7857,0.22562889528352167
7858,0.9484682148459814
7859,0.14154388388507444
7860,0.30532147362966033
7861,0.6939088908636241
7862,0.004684254515951456
7863,0.17184381379687905
7864,0.000577783281918812
7865,0.885414885414771
7866,0.9998771574896798
7867,0.014727443232086326
7868,0.0145276465513898
7869,0.26679090304891295
7870,0.023706002161046652
7871,0.010793859783373824
7872,0.9985902506236987
7873,0.0719088281189513
7874,0.4242702087383549
7875,0.044876859020364514
7876,0.004844397128779634
7877,0.07514322833688243
7878,0.062408968658597214
7879,0.009867235177319984
7880,0.0009703154627644161
7881,0.24824742035498346
7882,0.011991753972538717
7883,0.08260782833940286
7884,0.07967926293063173
7885,0.032152533579787514
7886,0.9997871998005066
7887,0.002139554826902936
7888,0.9998693536850786
7889,0.33475130857106733
7890,0.5308112263330239
7891,0.9999877955874008
7892,0.02678035431046099
7893,0.017851279170427815
7894,0.038551093847377794
7895,0.003456690229565819
7896,0.7905301788845406
7897,0.02318995859978763
7898,0.33747288688841437
7899,0.9998611543394631
7900,0.01306008720873189
7901,0.9996327988201954
7902,0.39743326560088454
7903,0.7460026569196518
7904,0.00148774435281734
7905,0.00474968493620157
7906,0.9995430468258565
7907,0.014640644299914733
7908,0.999324669673014
7909,0.34226929553301244
7910,0.9992982292290908
7911,0.6945731376616977
7912,0.9565862374213796
7913,0.0002791566559821998
7914,0.0010921909034434544
7915,0.0004554327024233748
7916,0.14543847134244425
7917,0.37989318580794773
7918,0.9995047105160518
7919,0.002822761699385537
7920,0.5889567529747722
7921,0.006880023566356127
7922,0.9995473273360095
7923,0.004829804239844544
7924,0.002137412602752906
7925,0.04426165887054683
7926,0.14252323211414
7927,0.9997404932194537
7928,0.13471143593832244
7929,0.0006456939471792168
7930,0.5292783842940785
7931,0.25245763317440795
7932,0.8829121339832149
7933,0.0039430235908543484
7934,0.35821904899362733
7935,0.9998062692846335
7936,0.679686320111086
7937,0.010737195310930793
7938,0.9267012942112007
7939,0.04916875770736494
7940,0.039420925730838594
7941,0.002261754482203783
7942,0.0012459219899308917
7943,0.4043921705157649
7944,0.6093905781524686
7945,0.01737687541800365
7946,0.9993934019111588
7947,0.7387950276904482
7948,0.5262742003454106
7949,0.006221510111995497
7950,0.28108723946001185
7951,0.305822867924285
7952,0.6114423963576037
7953,0.4983835940883015
7954,0.0053536393231117555
7955,0.0028340424752492928
7956,0.10308946799084735
7957,0.5371909636753431
7958,0.0868295942748747
7959,0.35896525040003147
7960,0.007493218040349149
7961,0.0020912509888189397
7962,0.958127220640048
7963,0.9997358982723642
7964,0.5556018736634853
7965,0.007191190691173155
7966,0.9633776285797352
7967,0.9994996021711064
7968,0.03517083127765209
7969,0.0010761095110598776
7970,0.16583373350378613
7971,0.2901018078764256
7972,0.7891866104625738
7973,0.2642802691517441
7974,0.000389980768304176
7975,0.7156973351173387
7976,0.17279468513592716
7977,0.013346487186224392
7978,0.9997693236947158
7979,0.18835737974518063
7980,0.003582932565354089
7981,0.1197012759884512
7982,0.00028149581494876753
7983,0.005361569169345994
7984,0.9478759372631343
7985,0.7502296065523179
7986,0.6677823155028106
7987,0.06472985362982664
7988,0.0019008963887003816
7989,0.004416165775611358
7990,0.0004250203548137265
7991,0.40596342860806034
7992,0.47402585943462616
7993,0.009125646485334727
7994,0.7710614442472242
7995,0.006253759944013354
7996,0.5836334812209559
7997,0.9999367058976829
7998,0.1282546026684226
7999,0.0014734150543627225
8000,0.0011822358673803878
8001,0.22315392000313208
8002,0.04547238362946508
8003,0.0003948979412015609
8004,0.28982012091705567
8005,0.06633804525575507
8006,0.24046388635636415
8007,0.002665641953339187
8008,0.0550609758722784
8009,0.00024734387892295386
8010,0.9995899050703184
8011,0.9997440387119436
8012,0.0718218148515954
8013,0.6546307495486652
8014,0.00038599219232887026
8015,0.00029671660944761237
8016,0.9995542462236325
8017,0.0002003735696295294
8018,0.23181946848701848
8019,0.00115281064982014
8020,0.020973077858957172
8021,0.02271124275901164
8022,0.0009676587359342496
8023,0.5660823552220746
8024,0.09208192324800026
8025,0.9997495709741165
8026,0.08937344878464823
8027,0.9995191986943253
8028,0.0002128141824283582
8029,0.003716899649544385
8030,0.09615808945066806
8031,0.03439364300764125
8032,0.9993496812754782
8033,0.001860524912800521
8034,0.03341182752122844
8035,0.3386864998227096
8036,0.0033390574943706315
8037,0.30873250380719947
8038,0.20699778400258403
8039,0.019394225476241866
8040,0.00025801995305370313
8041,0.18920397483562867
8042,0.5353338054636804
8043,0.0001430740822041724
8044,0.0007458628349413843
8045,0.0018189792887204842
8046,0.9994823976019458
8047,0.29607507889787016
8048,0.0014118575370971151
8049,0.11807466121674426
8050,0.001121198969747894
8051,0.039113041417607616
8052,0.709977147255496
8053,3.44098949782003e-05
8054,0.01572997038008575
8055,0.1481212824235942
8056,0.2938951169692187
8057,0.9997764883396204
8058,0.9992907723817248
8059,0.0004863690007131596
8060,0.8347077008343612
8061,0.9076214554927873
8062,0.33781992020263046
8063,0.9962985135409205
8064,0.05985244130764216
8065,0.8623843884194096
8066,0.13009119220216972
8067,0.9996899929255046
8068,0.02761727314546541
8069,0.00938960073409155
8070,0.21123911152654828
8071,0.004011028831568338
8072,0.00025247278800821966
8073,0.0895256378440599
8074,0.15793518441345328
8075,0.008151613432642044
8076,0.05024447801657434
8077,0.660058299261199
8078,0.08527910309960961
8079,0.9992567833984433
8080,0.7709496519343895
8081,0.012460133491049605
8082,0.7567657651038504
8083,0.018864806313636528
8084,0.9997121867270569
8085,0.03365265053535862
8086,0.24517528443360073
8087,0.26341824500644917
8088,0.02308912791884609
8089,0.9995739621556083
8090,0.13616099659472322
8091,0.8656559130435771
8092,0.008631552972861124
8093,0.2984563718636453
8094,0.006585518476358004
8095,0.027137041977367455
8096,0.34527521298405106
8097,0.9562985713496653
8098,0.9649525088078701
8099,0.7699159169914132
8100,0.0036633961198290436
8101,0.4635718161100975
8102,0.0001422894380999803
8103,0.9993491643568999
8104,0.0025337008624675052
8105,0.999839854212449
8106,0.21358594777115014
8107,0.0030279391379489273
8108,0.4807663911486465
8109,0.9996811569143697
8110,0.007176687126037629
8111,0.8463848894720228
8112,0.9998529501023748
8113,0.45060921323408504
8114,0.2509603302774962
8115,0.9995301733114041
8116,0.07782646013377492
8117,0.007614490887531912
8118,0.4798210635160449
8119,0.789969138261581
8120,0.8717742721771382
8121,0.34527521298405106
8122,0.9999082497465345
8123,0.9419587386815139
8124,0.06398372215622639
8125,0.04753913323751421
8126,0.8954194782552677
8127,0.008517639094990023
8128,0.013897872780745245
8129,0.06533323165553717
8130,0.6029275857482149
8131,0.004784230768564431
8132,0.12241263122944507
8133,0.1595340948299441
8134,0.8823097500483182
8135,0.01494673813252884
8136,0.12647742691684075
8137,3.547220051460122e-05
8138,0.4850336326231089
8139,0.763006666625834
8140,0.9997562935888821
8141,0.8318323108897261
8142,0.0021582094104135967
8143,0.6444059494461699
8144,0.001821343375242964
8145,0.024910688957660822
8146,0.03231370623047683
8147,0.012061805686726105
8148,0.6504892796594418
8149,0.6787051391876435
8150,0.11295235371147627
8151,0.00023499174368609945
8152,0.00012368820870587276
8153,0.9957361465806546
8154,0.27206424880619745
8155,0.04833613463173042
8156,0.0034024285918737222
8157,0.03244633380823096
8158,0.9995225709038618
8159,0.9175303719089002
8160,0.4102094054394926
8161,0.9996811569143697
8162,0.018002781921328835
8163,0.004262581996128481
8164,0.20115202841842408
8165,0.8404912553960878
8166,0.0020205664476069837
8167,0.23985578200944435
8168,0.00871040420765358
8169,0.00030192421044011023
8170,0.999925437185554
8171,0.6144886636659512
8172,0.12265782211860428
8173,0.9999907435230843
8174,0.007097238746270341
8175,0.012865608812927684
8176,0.31174328900127074
8177,0.0053845874258176794
8178,0.6489938184175019
8179,0.004277092528154071
8180,0.3607274297795869
8181,0.05184229058224631
8182,0.052618702198799334
8183,0.9897707992165005
8184,0.13490953558106109
8185,0.006977015831453577
8186,0.004028385253577073
8187,0.07745434123950126
8188,0.2294048490943401
8189,0.6622955163097717
8190,0.005818787271465821
8191,0.4220332039280407
8192,0.003771465852679344
8193,2.1668270476837576e-05
8194,0.001003565068747719
8195,0.999548755909269
8196,0.8957393741809403
8197,0.04135034858349066
8198,0.0015429246390363679
8199,0.1101741476174806
8200,0.004785216019341887
8201,0.37096143141941124
8202,0.018006734614999798
8203,0.3023199367261467
8204,0.005335119168434263
8205,0.0017633264796509563
8206,0.8787092381564642
8207,0.09279909366019914
8208,0.7530726803092206
8209,0.9964578207508703
8210,0.015839327799877793
8211,0.10268499387195194
8212,0.9998690334312649
8213,0.6200400978359456
8214,0.9983719920515657
8215,0.00010668709929537371
8216,0.6779586231547358
8217,0.9108846710214853
8218,0.8874737069363071
8219,6.663531310057845e-05
8220,0.11554657349719985
8221,0.6452835668056444
8222,0.0811431159803119
8223,0.9766898053085319
8224,0.005295629189311695
8225,0.02946320327177204
8226,0.8108604346357715
8227,0.26255914832188776
8228,0.6431735529604238
8229,0.7249443186609182
8230,0.15805742804924228
8231,0.04794598475818818
8232,0.9998639684301062
8233,2.133770262097809e-05
8234,0.02118174663700214
8235,0.011253577617336197
8236,0.9995985088513702
8237,0.6827569432853609
8238,0.021522869098539413
8239,0.005134688186454341
8240,0.00013240165255543428
8241,0.3489807349417136
8242,0.014417079674617706
8243,0.014688136049912556
8244,0.00035368939843124397
8245,0.9987228925374281
8246,0.001488859242748523
8247,0.004095788586940162
8248,0.0017940579596635233
8249,0.007729530325609665
8250,0.9988824359995679
8251,0.752569701139621
8252,0.0018242696487570406
8253,0.1357786488561595
8254,0.9996179000581937
8255,0.0008864734985283626
8256,0.9986321627939515
8257,0.9995473273360095
8258,0.00014620288717667705
8259,0.6325901684525775
8260,0.202494281472142
8261,0.00035965594763685854
8262,0.3133344229357248
8263,0.0017711590927963717
8264,0.5903787201765872
8265,0.8229606674384706
8266,0.10684695595920492
8267,0.6922478526032997
8268,0.5197270204637896
8269,6.704765651210893e-05
8270,0.07717829497892231
8271,0.2644986711817376
8272,0.0016659755677844292
8273,0.2637538007958983
8274,0.9993336517016168
8275,0.12425096512704611
8276,0.005847659187478391
8277,0.11669852186922275
8278,0.7592135787426096
8279,0.25215830246932236
8280,0.7710614442472242
8281,0.9995921404411323
8282,0.999409621151641
8283,0.043708197835348815
8284,0.04291195648493177
8285,0.7089599455442556
8286,0.999484515451382
8287,0.17269914487654964
8288,0.9999422736442072
8289,0.6739998225618327
8290,0.999538404803149
8291,0.7223298503610139
8292,0.2374969686854872
8293,0.0012431234205227523
8294,0.00021454885757893604
8295,0.5255345813079446
8296,0.0027377961471444605
8297,0.9996327988201954
8298,0.8857578268801973
8299,0.29802996448749386
8300,0.0003318828025668626
8301,0.7089429127140067
8302,0.0001862713498911337
8303,0.8972865442354694
8304,0.027936230285382987
8305,0.028443602135200897
8306,0.997687065917933
8307,0.00014985820708131507
8308,0.9994686355276532
8309,0.23344023531779307
8310,0.13318943463589789
8311,0.017219525789045537
8312,0.000717715566866811
8313,0.000642986694410403
8314,0.0005368102100537269
8315,0.024649916956427587
8316,0.9989654070650074
8317,0.8508496347702043
8318,0.8105107718821624
8319,0.18160644196010237
8320,0.08781863461255868
8321,0.05875908786463076
8322,0.9997229392348688
8323,0.010233302817610817
8324,0.07729370449916421
8325,0.9994285616106388
8326,0.00743858442279416
8327,0.6981342290812912
8328,0.005510703595395131
8329,0.5086981265029671
8330,0.17815189168483736
8331,0.04022849160506094
8332,0.8562663592767114
8333,0.000250984551179603
8334,0.8924993763070175
8335,0.3002537116227334
8336,0.07744713849945103
8337,0.19924191942197833
8338,0.0021319056393411025
8339,0.9999459325614675
8340,0.3626099638765919
8341,0.006257945866871696
8342,0.000716819904409212
8343,0.07614688898308941
8344,0.6847630989597375
8345,0.9999266889802447
8346,0.2994341166130882
8347,0.008022420465866225
8348,0.5688210407264149
8349,0.9998214240206704
8350,0.3476511686667767
8351,0.6847630989597375
8352,5.641403830070213e-05
8353,0.0018604392644879589
8354,0.45225540531589514
8355,0.9997396015332854
8356,0.0002675511578401321
8357,0.017676328570449176
8358,0.00021371929703310554
8359,0.17940599823539943
8360,0.009795616423794873
8361,0.2210104320876287
8362,0.008203042070340593
8363,0.842596714038412
8364,0.9991507841673286
8365,0.10023676121268961
8366,0.7419051288490114
8367,0.999839854212449
8368,0.39017744296381895
8369,0.0008634996750078495
8370,0.9997006824583661
8371,0.00021064766718833966
8372,0.013724273103899844
8373,0.2308910547957163
8374,0.02427705871203855
8375,0.9996283021450161
8376,0.9999082497465345
8377,0.9981159906355216
8378,0.19232040909696765
8379,0.9997000084645683
8380,0.991923009794544
8381,0.39517515520881347
8382,0.8951087644280332
8383,0.008979943633515048
8384,0.017280013450327626
8385,0.999988311377206
8386,0.000668580362370978
8387,0.8164398685577858
8388,0.0002028592038726296
8389,0.9995597018021997
8390,0.6801728834380153
8391,0.09246850157859099
8392,0.6054783316744003
8393,0.34509994283596623
8394,0.0001296044026028144
8395,0.008864404591700136
8396,0.02697441029057868
8397,0.7410682248171364
8398,0.030831172701144723
8399,0.8703755130911227
8400,0.27860697177236576
8401,0.23013946778288863
8402,0.00018642534621727245
8403,0.2307166119155152
8404,0.9919682499040026
8405,0.617476534218837
8406,0.31548925107229975
8407,8.611176453391932e-05
8408,0.9993197299943488
8409,0.0007974440554042376
8410,0.8352193270457625
8411,0.9995225709038618
8412,0.02843851513121784
8413,0.5750018953757556
8414,0.1606074302622279
8415,0.999752202340064
8416,0.0017147973296210537
8417,0.39461440164533257
8418,0.15777109809724627
8419,0.6923350313595957
8420,0.02813427455422505
8421,0.06964289639959832
8422,0.009544909060181107
8423,0.0022625157845112573
8424,0.16527359370265604
8425,0.55387942007974
8426,0.5197270204637896
8427,0.008303062577316648
8428,0.0016805535805421601
8429,0.33762656710988614
8430,0.010246516969269821
8431,0.19615360585052488
8432,0.7837861819714531
8433,0.9995748273396287
8434,0.37631907345774734
8435,0.9998611543394631
8436,0.004222911161851259
8437,0.7143371173571377
8438,0.06655500920008355
8439,0.9997227238349675
8440,0.999925288954087
8441,0.37930043228551075
8442,0.00157056923754744
8443,0.03752906726018935
8444,0.009156010051770407
8445,1.996182455977584e-05
8446,0.000207321646757919
8447,0.4224561994963205
8448,0.02341091542066453
8449,0.013526277742516713
8450,0.7438000856968514
8451,0.0002459035552010328
8452,0.11492127580048965
8453,0.9990817110364171
8454,0.3280457889935764
8455,0.01453074001326536
8456,0.9978680555092209
8457,0.9995227884064404
8458,0.00012353100006960482
8459,0.7786026602796235
8460,0.9995949625908972
8461,0.0012662865177778166
8462,0.4944587669129128
8463,0.49117836365435896
8464,0.03530437754011553
8465,0.010266842565950802
8466,0.010585957739685634
8467,0.16962433876993727
8468,0.8820364904257161
8469,0.1435886798393613
8470,0.023987917237385244
8471,0.17296825452586845
8472,0.027420286291094983
8473,0.21499113043817353
8474,0.00018911353741876872
8475,0.9997657726368168
8476,0.6373046521980115
8477,0.09186156399933765
8478,0.0038708388859000917
8479,0.9996461606466575
8480,0.05126499000520056
8481,0.00414076939699943
8482,0.8115616692380105
8483,0.17385524375292838
8484,0.03774831626908548
8485,0.01063072426211543
8486,0.2545224389335605
8487,0.03703938292988839
8488,0.054398684662640084
8489,0.16654588443040177
8490,0.1603225893728852
8491,0.0032207657420406017
8492,0.002509837096287924
8493,0.9036322251643985
8494,0.999559144029639
8495,0.999911546182346
8496,0.08902528759722096
8497,0.8133009624116219
8498,0.8203525087601948
8499,0.9997524514715835
8500,0.008546354699406457
8501,0.9989469895691123
8502,0.0030808716229344425
8503,0.031537837970550056
8504,0.9993195986873771
8505,0.8323582419917777
8506,0.01016422917000083
8507,3.816815297780531e-05
8508,0.002397106079829965
8509,0.0008304101192017007
8510,0.9993410951481452
8511,0.007064493127163116
8512,0.04541175994412256
8513,0.08514037403379308
8514,0.016243586808476273
8515,0.011564587553547383
8516,0.9992427163074006
8517,0.07294913833001287
8518,0.9470602337592977
8519,0.0009510692459876338
8520,0.011053886596436961
8521,0.9179792257966383
8522,0.011137709680403065
8523,0.8030121158846125
8524,0.9998771574896798
8525,0.03209474491051868
8526,0.7423684129715957
8527,0.001752828679309935
8528,0.12546514766531192
8529,0.08169995571774542
8530,4.9321754372448085e-05
8531,0.005040225802273391
8532,0.024996661288606135
8533,0.0916412767529037
8534,0.07568843445466698
8535,0.8975546864564687
8536,0.0753898542109164
8537,0.3209913338847384
8538,0.017032762887231226
8539,0.004871556862809432
8540,0.08889524666953992
8541,0.6844788822486759
8542,0.0007225838284528131
8543,0.9997342423438442
8544,0.8750567091703081
8545,0.25603082943460853
8546,0.009015074075703839
8547,0.9998441812431935
8548,0.1414802833861536
8549,0.2602053747181926
8550,0.03539137086754136
8551,0.018455610823780017
8552,0.8470659638918911
8553,0.061833419817044974
8554,0.9995301733114041
8555,0.46737116620757674
8556,0.651086074448572
8557,0.6953587474455055
8558,0.09556595579780124
8559,0.1289610334382042
8560,0.7436749198706021
8561,0.9993553174363674
8562,0.9999270451740746
8563,0.426390548069053
8564,0.020108020613848043
8565,0.0016599756093925394
8566,0.6581963660528108
8567,0.8050442418558456
8568,0.9998322125623884
8569,0.08312131734718896
8570,0.17068739234863423
8571,0.5703844495564672
8572,0.6233947016031692
8573,0.26871063837184883
8574,0.02113534867966307
8575,0.3559076157532324
8576,0.447754186649455
8577,0.999548755909269
8578,0.04057096899792321
8579,0.9964578207508703
8580,0.00981632590172921
8581,2.5381287318581233e-05
8582,0.7213889307889249
8583,0.17997635044704366
8584,0.45745170452369066
8585,0.06746219391150604
8586,0.0007421114364951923
8587,0.48524619782740436
8588,0.010436537273901463
8589,0.9993496812754782
8590,0.999665805282999
8591,0.9998481266597455
8592,0.020473928128317633
8593,0.23997396815932887
8594,0.002670393630562863
8595,0.05965974103342567
8596,0.3900034996658058
8597,0.010750048475902125
8598,0.9994314362506218
8599,0.9313705975225214
8600,0.21508611991608087
8601,0.7839677906443339
8602,0.9997345525621321
8603,0.9993870058770137
8604,8.513597593584992e-05
8605,0.9988149430048832
8606,0.015370510290553713
8607,0.0019447021479550828
8608,0.002534766184489824
8609,0.022525322304997226
8610,0.6466847624734728
8611,0.0016041108087521407
8612,0.034371302355788086
8613,0.7894676642420713
8614,0.00893865698098732
8615,0.21149552803599642
8616,0.9990036124201354
8617,0.17805948413649894
8618,0.8786519008652804
8619,0.8162652577254504
8620,0.0008545075758066454
8621,0.6357213718552883
8622,0.7732050818061528
8623,0.876797336587845
8624,0.9999406475982288
8625,0.0027312611563058385
8626,0.0002804253008326666
8627,0.004362463073396655
8628,0.00010148851902513536
8629,0.9995849899636525
8630,0.4585505742320217
8631,0.6184793860410305
8632,0.003141610958634027
8633,0.9999907435230843
8634,0.8556502980467047
8635,0.05616493759277589
8636,0.0005804658018909876
8637,0.9998771574896798
8638,0.06646779575095597
8639,0.00012680828337597653
8640,0.8023666251555868
8641,0.22345226132436
8642,0.00032044183103828065
8643,0.0023075943316102476
8644,0.9999397568880102
8645,0.18882966862392797
8646,0.419186215333234
8647,0.0376399579825098
8648,0.9997495709741165
8649,0.007224590164688477
8650,0.1433222754719109
8651,0.005502045825037425
8652,0.2802974916355967
8653,0.6183907260518902
8654,0.5603169199867967
8655,0.02120588816736716
8656,0.023609612211467682
8657,0.00019269347074087536
8658,0.006424247674256399
8659,0.0018817548698624835
8660,0.9996089753226334
8661,0.9610999822881142
8662,0.29552545941669994
8663,0.03182031082660275
8664,0.0035355503627301885
8665,0.008765965321643717
8666,0.0796694167537609
8667,6.168287045750136e-05
8668,0.01918922911767524
8669,0.0049474975152856236
8670,0.28875404600867455
8671,0.9995386689963247
8672,0.002283486575007459
8673,0.07567543534844527
8674,9.015986264402195e-05
8675,0.0222961591422103
8676,0.18215557063373267
8677,0.013255613904710034
8678,0.010056493430322763
8679,0.0028381574563383525
8680,0.4218513963045835
8681,0.9996327988201954
8682,0.765750426736829
8683,0.601348542247643
8684,0.08260860565312125
8685,0.9995227362796865
8686,0.09600193576687939
8687,0.1286134227842428
8688,0.8624664821682055
8689,0.30833385242680444
8690,0.010049751284131308
8691,0.0037144665448137896
8692,0.3109366281229791
8693,0.0013547161828478596
8694,0.013068745186776278
8695,0.09690554961183422
8696,0.0915110371688929
8697,0.010157214974109567
8698,0.5499416320578636
8699,0.22425862428308133
8700,0.012527891713398616
8701,0.999839854212449
8702,0.5270636296535872
8703,0.0051556383533319
8704,0.7490245603935951
8705,0.008540621110641671
8706,0.18321852845741993
8707,0.006626073994391319
8708,0.0008081786780865166
8709,0.9995862509058605
8710,0.00463912891708014
8711,0.9993911726874215
8712,0.28705625280553554
8713,0.006325853711042617
8714,0.00026907558021541724
8715,0.0003172160486865854
8716,0.009298798495822257
8717,0.9992399372259069
8718,0.7838048067037421
8719,0.3432364239742741
8720,0.00023916702975003692
8721,0.6575285258754974
8722,0.9994740931110417
8723,0.008259886639797015
8724,0.9998347857388117
8725,0.502613539668005
8726,0.08639999150855127
8727,0.06369887278075494
8728,0.0004215651343762344
8729,0.36702802685511604
8730,0.9995600397669068
8731,0.332316892039298
8732,0.8635134327610472
8733,0.30496138743223605
8734,0.12713695619786325
8735,0.9993625244378911
8736,0.6016140617231244
8737,0.051450988462640034
8738,0.8664091920139507
8739,0.034486568700000324
8740,0.00016421119478781705
8741,0.002417878029120664
8742,0.04356793186113455
8743,0.29487729266595303
8744,0.9999784738108163
8745,0.9998771574896798
8746,0.2331580553373644
8747,0.9994900725958821
8748,0.23724668991253128
8749,0.04993216814819922
8750,0.008395688108676537
8751,0.9998445137181696
8752,0.0001786494307111555
8753,0.0038923097903629253
8754,0.9997976474777631
8755,0.08235976624186155
8756,0.906569284160208
8757,0.10394135520121821
8758,0.022371277999591207
8759,0.7200049988638572
8760,0.3249967909581609
8761,0.14287795843591303
8762,0.5060177516212093
8763,0.7881108316706549
8764,0.003264956805775718
8765,0.1065031047201383
8766,0.008365085286007228
8767,0.2352453244747176
8768,0.8265518235268463
8769,0.0003814748745173517
8770,4.607785848674665e-05
8771,0.004798679963913846
8772,0.1798116634236285
8773,0.05720654316452241
8774,0.6226452443880377
8775,0.011509204233801845
8776,0.01068463557473104
8777,0.4176463020163485
8778,0.5177708841511895
8779,0.9998693536850786
8780,0.00843902217373715
8781,0.9193482556809236
8782,0.5671893616127812
8783,0.9994489036802755
8784,0.9999308470783885
8785,0.011445442684525086
8786,0.33150457909845343
8787,0.7062690494275402
8788,0.7910536219008023
8789,0.6737148104822261
8790,0.4864431597366608
8791,0.9006815332837086
8792,0.011724523936657604
8793,0.00032335886577804235
8794,0.04869120655004527
8795,0.008069487945434849
8796,0.8486618032579801
8797,0.006255979785322358
8798,0.01697088501989281
8799,0.17144664588727312
8800,0.999515879975246
8801,0.12867879443221247
8802,0.4660101767920896
8803,0.09922888792131186
8804,0.28741552336968634
8805,0.8286019506915963
8806,0.40368039411775786
8807,0.009432108767737906
8808,0.8583397572869028
8809,0.11807068945975188
8810,0.9047803367205454
8811,0.778797837510014
8812,0.016010508137316713
8813,0.7411461972063854
8814,0.026382004921514872
8815,0.06537725723229346
8816,0.9792677551595076
8817,0.15925129802685614
8818,0.002110120106243343
8819,0.1418084144868013
8820,0.008631495409114802
8821,0.28655768078122656
8822,0.0007141318432843301
8823,0.47667291346387575
8824,0.41443528188394096
8825,0.002192116802570527
8826,0.9993410951481452
8827,0.9996741839935197
8828,0.009915383798692485
8829,0.2336357855972553
8830,0.04190279286661642
8831,0.019117001178216523
8832,0.2121104373089531
8833,0.034227658067292076
8834,0.9994848693618307
8835,0.6489591826844445
8836,0.01776095244215765
8837,0.022368491097415136
8838,0.02042379974575319
8839,0.0020877833763871673
8840,0.9993496812754782
8841,0.8694305574445605
8842,0.9993853831723645
8843,0.3140619823681364
8844,0.0017665349517383298
8845,0.9998611543394631
8846,0.6048779049401856
8847,0.007741089995464259
8848,0.6783522199318185
8849,0.2733873992902615
8850,0.015673202534775797
8851,0.11797385721014299
8852,0.3158754066790453
8853,0.00011324395333996668
8854,0.8412189468761051
8855,0.27147637608967806
8856,0.007616384369047887
8857,0.008430873429923665
8858,0.8808365433759506
8859,4.6552576965397257e-05
8860,0.46370190850697823
8861,0.06312936308300333
8862,0.996800321384127
8863,0.3010747876201144
8864,0.0008730896525577011
8865,0.1268640062295554
8866,0.9995949625908972
8867,0.021387547517234706
8868,0.4318572263291957
8869,0.7060840912625364
8870,0.19689573891046971
8871,0.7850555792241625
8872,0.9992688624273456
8873,0.31620619668355965
8874,0.2168639133811279
8875,0.9971559094007271
8876,0.5777826040012293
8877,0.7216540776434899
8878,0.28235537105464525
8879,0.999811412845875
8880,0.8482267063865362
8881,0.7253046493083399
8882,0.37217091692401255
8883,0.0034449236358040634
8884,0.9282593771781084
8885,0.8140699691329757
8886,0.8914258124324683
8887,0.998538710787412
8888,0.005178185919876642
8889,0.19817777394835545
8890,0.4662166357831687
8891,0.8349832127420358
8892,0.09909895987421599
8893,0.999484515451382
8894,0.1182223821617534
8895,0.0010910351761999133
8896,0.9996869069705021
8897,0.009231252431660569
8898,0.145486752911031
8899,0.9999233312200146
8900,0.01470608274782379
8901,0.018603320634488805
8902,0.9993246274158447
8903,0.2220705426725578
8904,0.01417972359895653
8905,0.27175698934247383
8906,0.00018186453921891892
8907,0.0904312135668287
8908,0.554887010060829
8909,0.043952875114740414
8910,0.001488200151234593
8911,0.0003300284135954848
8912,0.9998909013938798
8913,0.05329843060401134
8914,0.9994285616106388
8915,8.233728106523018e-05
8916,0.8455936001147928
8917,0.020403979112662694
8918,0.7810981670186085
8919,0.6156713651552267
8920,0.8097163163953961
8921,0.03141566090980185
8922,0.10147985608660615
8923,0.0015592350396429909
8924,0.48105460963329555
8925,0.5330769684802648
8926,0.0019008963887003816
8927,0.00022200319009392784
8928,0.9995860782741538
8929,0.41836673078549297
8930,0.00012305352014800467
8931,0.036753309095698794
8932,0.9999881611349023
8933,0.005289699953070188
8934,0.0027273884054480916
8935,0.007098415321381718
8936,0.08331993661450925
8937,3.097031111241369e-05
8938,0.615880850408215
8939,0.9995862509058605
8940,0.9992907723817248
8941,0.005107664449091025
8942,0.08711521125633859
8943,0.3115981781618787
8944,0.6027150771356117
8945,0.999280903012029
8946,0.40044980682576536
8947,0.0006208246918315047
8948,0.8543985445938524
8949,0.008980750973920829
8950,0.05341203102061781
8951,0.8364863588816019
8952,0.9995748273396287
8953,0.9646460345674015
8954,0.99836209650185
8955,0.11468363270905935
8956,0.9987540749782311
8957,0.6074158854061721
8958,0.9996803013613903
8959,0.041857807483743036
8960,0.7236681693276613
8961,0.013250767251888713
8962,0.0037061788454013094
8963,0.0019964393075743974
8964,0.0011460793550461868
8965,0.0901502780723927
8966,0.25256677196342503
8967,0.9996809125536111
8968,0.3965689963085178
8969,0.021360577430917328
8970,0.9994008188338315
8971,0.9995301733114041
8972,0.9999082497465345
8973,0.00024517467593304583
8974,0.04643047281196928
8975,0.08642548467893425
8976,0.00423314249274451
8977,0.00027364826263378357
8978,0.4454894209207957
8979,0.8642735556140384
8980,0.0125157801279005
8981,0.3162571563248804
8982,0.960711244409998
8983,0.5197270204637896
8984,0.5919632463531251
8985,0.06845713605790228
8986,0.9629543377641192
8987,0.1884192381794701
8988,0.498167158727701
8989,0.027333616959232428
8990,0.9997561148083146
8991,0.38118985060614274
8992,0.00030345566359486553
8993,0.7028471551584204
8994,0.9998611543394631
8995,0.9999511827981681
8996,0.9993491643568999
8997,0.33506277722081423
8998,0.145621792950671
8999,0.08813558908955306
9000,0.7422184205308652
9001,0.4272367448676138
9002,0.002241548024850686
9003,0.0011268658238736057
9004,0.25155633807863315
9005,0.2689445840993821
9006,0.33151359627692567
9007,0.8278702501126487
9008,0.9995617766552871
9009,0.5211946636387683
9010,0.0029932372799322004
9011,0.6074158854061721
9012,9.131208419574136e-05
9013,0.2657912121375831
9014,0.9996571114847964
9015,0.999839854212449
9016,0.9995239414562674
9017,0.051288813185879106
9018,0.025912690290869102
9019,0.7006030860934906
9020,0.05796016416656112
9021,0.031322888558024425
9022,0.5373918048058449
9023,0.6465097423865003
9024,0.7455309704789267
9025,0.010275642709104846
9026,0.8697655931370697
9027,0.9995849899636525
9028,0.006284700802353053
9029,0.9341796117161322
9030,0.9994693567457746
9031,0.7650225451556057
9032,0.09131855554449216
9033,0.03286537775579524
9034,0.19253193487234269
9035,0.8444293378716555
9036,0.11465163782853495
9037,0.05166905859310359
9038,0.00959534000414678
9039,0.01194010571715584
9040,0.7519226240295428
9041,0.2486004988534928
9042,0.9419587386815139
9043,0.02423926811423551
9044,0.0029466772695577754
9045,0.3111989878669991
9046,0.12122753844729794
9047,0.24080095490396308
9048,0.15131819160585255
9049,0.00019245926545123006
9050,0.9993036202447331
9051,0.9996327988201954
9052,0.03063325008438753
9053,0.8015757374450416
9054,0.937548526792239
9055,0.49229135416148295
9056,0.0004072768468965237
9057,0.4449210178447891
9058,0.020975651040555935
9059,0.011720620251074057
9060,0.02409850645784701
9061,0.000743811897908545
9062,0.8323983877121632
9063,0.0008260834362279472
9064,0.6963609419498744
9065,0.48441615316609865
9066,0.0021872851467961162
9067,0.24767493878537095
9068,0.6976901982987176
9069,0.005030055239963028
9070,0.22251119951494272
9071,0.0003771322739190968
9072,0.00016208356862519049
9073,0.002755887797164631
9074,0.6498855918384479
9075,0.5316048320969785
9076,0.00018208704137835768
9077,0.8925666205191347
9078,0.0036442575997230895
9079,0.9995301733114041
9080,0.24038599505489383
9081,0.0029938581379320337
9082,0.3871342556251776
9083,0.00035753312086015207
9084,0.0025367941574174603
9085,0.07852589570525502
9086,0.9996179313407902
9087,0.9991351176499722
9088,0.03227969431809721
9089,0.0063855155665783064
9090,0.7814568745261778
9091,0.07344494130178358
9092,0.614732745241052
9093,0.05846176383548778
9094,0.9583657240842077
9095,0.013827302083169039
9096,0.8935501868757152
9097,0.21921309348053344
9098,0.6779900950562441
9099,0.617928935142621
9100,0.055849353156118914
9101,0.9992882155169946
9102,0.023977235278270823
9103,0.1911333729083989
9104,0.5776260040652476
9105,0.0001751921846759349
9106,0.9999141850225391
9107,0.032262308962548315
9108,0.0006747677817508017
9109,0.0012643857970176138
9110,0.999784626370222
9111,0.9227139596790872
9112,0.432608363110758
9113,0.0017741085830243065
9114,0.9996822043264688
9115,0.9996524855960205
9116,0.0654627355013186
9117,0.9984494579348531
9118,0.018455610823780017
9119,3.0797284149566225e-05
9120,0.9998529501023748
9121,0.10546661684454668
9122,0.27768181697473365
9123,0.11837396824550064
9124,0.12386357148349882
9125,0.025064769842873667
9126,0.027482217932148653
9127,0.9992882155169946
9128,0.049558400018553495
9129,0.1872038161269413
9130,7.001391113347713e-05
9131,0.37245135682452796
9132,0.9997514421592059
9133,0.00022561472554006272
9134,0.815479285030953
9135,0.9987391851118493
9136,0.12910148784528738
9137,0.2491228112295643
9138,0.9028121777612828
9139,0.003568726854111242
9140,0.995365198027175
9141,0.530527571199426
9142,0.9997335138292903
9143,0.024094575581492278
9144,0.1231724392741679
9145,0.9597627526669078
9146,0.027693370192166573
9147,0.6277935084445614
9148,0.00011666040894517002
9149,0.00031389158724475397
9150,0.23058419071869946
9151,0.4597379127926082
9152,6.749916547939759e-05
9153,0.0969757310123206
9154,0.00012827464101232102
9155,0.9994706120060642
9156,0.003539270759511359
9157,0.9664958835699058
9158,0.7649077553944791
9159,0.44524348392657415
9160,0.010370034968151535
9161,0.001402368758184533
9162,0.6298473036498987
9163,0.5189682655641948
9164,0.0016383122387711357
9165,0.010964732348497182
9166,0.8014291721923492
9167,0.9996524855960205
9168,0.7225278314332755
9169,0.1850811426828299
9170,0.03754818528316355
9171,0.0009483628094770738
9172,0.012691595412501715
9173,0.08402427355404364
9174,0.024952122125030764
9175,0.04877198893650479
9176,0.002902485622198951
9177,0.194385090686929
9178,0.0009510692459876338
9179,0.6435173652252301
9180,0.005898129969287543
9181,0.999837012811801
9182,0.07190326537653496
9183,0.09440918838081055
9184,0.0004617459440398614
9185,0.9993491643568999
9186,0.11671657851175336
9187,0.05381896425663868
9188,0.3018532485545763
9189,0.0027665626567821857
9190,0.15639053355016302
9191,0.2562314135071604
9192,0.08046718094197662
9193,0.24968303905187506
9194,0.8692886499974918
9195,0.0031396135413149194
9196,0.7310249732235785
9197,0.10416515805933843
9198,0.012233381623925881
9199,0.00011855013572579129
9200,0.011695948073044882
9201,0.28562207341243245
9202,0.050687112860887874
9203,0.29423017872560225
9204,0.09695908231106634
9205,0.999932353589728
9206,0.011401002868049034
9207,0.04462663417757328
9208,0.32510946075949027
9209,0.4027626472349421
9210,0.09904577416033687
9211,0.04670338111950865
9212,0.7796075492783568
9213,0.0008212493009996959
9214,0.7753780939666012
9215,0.8721929363848383
9216,7.627250791833282e-05
9217,0.12255577604368569
9218,0.8486666269871888
9219,0.1435172303236349
9220,0.17764163640086308
9221,0.0008743631496034047
9222,0.6657254929789206
9223,0.9998475756380479
9224,0.45173472272815984
9225,0.0043999065244503055
9226,0.09890815451148381
9227,0.23973669819021015
9228,0.0074252399741561465
9229,0.00012482015031514687
9230,0.00017618370834815542
9231,0.0037801627222328166
9232,0.16205220602602646
9233,0.0029856732573732437
9234,0.34279087203153424
9235,0.6818995269483684
9236,0.0005033509679598446
9237,0.13949522421329333
9238,0.9997913375275314
9239,0.9994363547009741
9240,0.7418062092345249
9241,0.5971359152206982
9242,0.9994848693618307
9243,0.0010411198043677567
9244,0.2360700533068692
9245,0.24099299657404372
9246,0.008890207460737775
9247,0.0034484880922537268
9248,0.961484981927624
9249,0.11768958305867039
9250,0.7328603944604383
9251,0.0856243744375696
9252,0.999925288954087
9253,0.999852384874268
9254,0.018736152612984523
9255,0.08181276189694661
9256,0.16110904894049968
9257,0.25297619570196783
9258,0.09218914458758957
9259,0.6937019020280214
9260,0.33284085424913634
9261,0.9987540749782311
9262,0.1821224240024076
9263,0.31947438274454854
9264,0.6470551779574794
9265,0.00029323426911714406
9266,0.005624341581982666
9267,0.04346782900710737
9268,0.0025573469846719415
9269,0.3424304572710689
9270,0.0004919199581777282
9271,0.999409621151641
9272,0.9991623821032659
9273,0.07438659448953137
9274,0.00025247278800821966
9275,0.998803000502367
9276,1.7097369533588204e-05
9277,0.0298624915883989
9278,0.34653837082310596
9279,0.9994900768075922
9280,0.7004797580536458
9281,0.8431012363923645
9282,0.9994314362506218
9283,0.9997284761514553
9284,0.024401264991051115
9285,8.714910212884244e-05
9286,0.00046439996917650364
9287,0.10956196366088185
9288,0.37637782041064716
9289,0.0009045322997665115
9290,0.9003143626482989
9291,0.802431738877263
9292,0.001962573643135281
9293,0.12259378295391372
9294,0.47501249327612366
9295,0.00011190942557335824
9296,0.191293263487313
9297,0.97081525504691
9298,0.0352870502554118
9299,0.00017475530147172054
9300,0.02886099065958818
9301,0.04066239695812821
9302,0.013978048009540911
9303,0.8670392313064674
9304,0.8651746292658047
9305,0.010932758377071717
9306,0.02702003633463378
9307,0.2534736980010924
9308,0.380211703495117
9309,0.367131701946149
9310,0.8281006053195966
9311,0.027956984126092627
9312,0.004998326808351002
9313,0.07048887315215097
9314,0.013698355508832928
9315,0.012401073121558163
9316,0.9994706120060642
9317,0.0818659174710589
9318,0.012123723783012434
9319,0.0006024561006847095
9320,0.004138217530570255
9321,0.0030527684798505603
9322,0.024736623846686664
9323,0.05640013426759392
9324,0.8075926186997351
9325,0.13873697248856823
9326,0.2581581591699837
9327,0.015728868514129354
9328,0.00012087436931947932
9329,0.4072979940137855
9330,0.7170008790663586
9331,0.00012707691612018785
9332,0.0003802660947048356
9333,0.9996224940764717
9334,0.9836628840336716
9335,0.013812860767767448
9336,0.009195448966714264
9337,0.046583106978933975
9338,0.009779028553691371
9339,0.0073293523098137475
9340,0.0012116172272420222
9341,0.0005904642363642062
9342,0.9997134260055291
9343,5.0124580550217285e-05
9344,0.9997348958249287
9345,0.004806224749866718
9346,0.037650412316879406
9347,0.0051794006468445135
9348,0.6567743899631758
9349,0.08187116905458434
9350,0.17762715326864698
9351,0.007031615749189141
9352,0.337831319444701
9353,0.7935629530904799
9354,0.34008434273900146
9355,0.8077390046545687
9356,0.9942690425473322
9357,0.9981297728676142
9358,0.6906851875713216
9359,0.03234475939632641
9360,0.014824053862836374
9361,0.9997976474777631
9362,0.0013960522233086058
9363,0.8642934588252206
9364,0.010103176819777283
9365,0.001053986066121267
9366,0.0017430797803583834
9367,0.8111438557838893
9368,0.9981451127820872
9369,0.005371584142074046
9370,0.4621984053832048
9371,0.9056381170852531
9372,0.3587677699664608
9373,0.05363609211090501
9374,0.13314419451813245
9375,0.666110524015783
9376,0.3624737393728269
9377,0.8357871069345502
9378,0.27565226956593447
9379,0.020188900781676095
9380,0.018864806313636528
9381,0.0027836916747996385
9382,0.4579581287969443
9383,0.6962464443360802
9384,0.01136300695191172
9385,0.07261772661193225
9386,0.00024005614627937925
9387,0.9458774802512911
9388,0.03918918750753759
9389,0.645407476937247
9390,0.0018671796997469525
9391,0.8216643207986307
9392,0.28841100616106075
9393,0.5472827874197481
9394,0.004155633614584624
9395,0.03766340946379173
9396,0.10377999329066438
9397,0.0004548468935052814
9398,0.0008109172027748131
9399,0.018987579249348838
9400,0.03858581000157684
9401,0.25958384898773185
9402,0.3130124564921434
9403,0.9997693236947158
9404,0.2250703148498257
9405,0.22451464655160483
9406,0.02501137593586344
9407,0.9036524144040464
9408,0.8466403809391583
9409,0.10543541112294653
9410,0.22786944417019236
9411,0.035701271071701866
9412,0.012195226858271412
9413,0.004252573731239432
9414,0.5118410021840327
9415,0.1047391571780928
9416,0.024119316524708282
9417,0.6010718586050604
9418,0.002283486575007459
9419,0.5144407648784011
9420,0.001263924610047561
9421,0.12501448357088507
9422,0.01968449803972553
9423,0.15736365538989971
9424,0.8146371039872824
9425,0.9227301357997734
9426,0.0015769478705763124
9427,0.6958771932894434
9428,0.9990051294527309
9429,0.008801661315492032
9430,0.07538302283588708
9431,0.28705625280553554
9432,0.01730274370974158
9433,0.9999620096311458
9434,0.08285725424270125
9435,0.001314369151463073
9436,0.22875563964862305
9437,0.0008422239885609687
9438,0.10990798928864721
9439,0.38458952041738936
9440,0.00037699012818320467
9441,0.005330425059325019
9442,0.3940865430339043
9443,0.019843627513605567
9444,0.9996163273617402
9445,0.004332242527619375
9446,0.014096305384199127
9447,0.16670512475919055
9448,0.9998481266597455
9449,0.9593617445703276
9450,0.12204810108299637
9451,0.1354466253777354
9452,0.9998441812431935
9453,0.8696123498399783
9454,0.0007062689189398702
9455,0.005730307861603372
9456,0.0048957189880937104
9457,0.0002523847561399322
9458,0.8865478029433957
9459,0.6888617968526028
9460,0.07840225804497264
9461,0.09378139827532059
9462,0.32357168444644174
9463,0.2782505701822288
9464,0.9909133313785264
9465,0.9995783796758239
9466,0.3121748907149223
9467,0.9921762551804273
9468,0.01699747657300359
9469,0.6925430833483557
9470,0.006602048876822216
9471,0.003935216857437086
9472,0.7478777995127326
9473,0.9999534985660126
9474,0.009136034640146245
9475,0.010627038691839539
9476,0.02561379458436611
9477,0.0035302489440423765
9478,0.7876097206398656
9479,0.9997843460828961
9480,0.42057129840399876
9481,0.002283486575007459
9482,0.5343692665339616
9483,0.3955125236685761
9484,0.0446212491962042
9485,0.04247864663863436
9486,0.00266726418451499
9487,0.06242089233822785
9488,0.004651550736449153
9489,0.002283486575007459
9490,0.23895759914719852
9491,0.01137184982178032
9492,0.018455610823780017
9493,0.5474150904582576
9494,0.011643568936197885
9495,0.001542368437389435
9496,0.0296441284743663
9497,0.8720715124282805
9498,0.08050297756294783
9499,0.9108351601226664
9500,0.0695577366986675
9501,0.01935324952171729
9502,0.003231762632641007
9503,0.29523010135287076
9504,0.013295599561253245
9505,0.07065251411341343
9506,0.6380593814035374
9507,0.01881242621388827
9508,0.7973802214279134
9509,0.3605391523340468
9510,0.16163101371846267
9511,0.017014826050984574
9512,0.9997348958249287
9513,0.9993496812754782
9514,0.9521764786781373
9515,0.9182330719968603
9516,0.007002845235807468
9517,0.017176536761796295
9518,5.2049571935171683e-05
9519,0.9593358488182406
9520,0.001263924610047561
9521,0.12702458340132103
9522,0.9470602337592977
9523,0.07143250245012873
9524,0.9993197299943488
9525,0.0002009901770575148
9526,0.6705387523050741
9527,0.5217733604315367
9528,0.9991340337909369
9529,0.4369074217054562
9530,0.7035525909507033
9531,0.9997976474777631
9532,0.9987236992067033
9533,0.9999029313405201
9534,0.6470553739388638
9535,0.00961806890753037
9536,0.0018012511360142984
9537,0.9999755411518962
9538,0.838097507059397
9539,0.044729494339540155
9540,0.7434891134375804
9541,0.015007786924864859
9542,0.14841277891961546
9543,0.9969859077190689
9544,0.9994847650415528
9545,0.5495931891900662
9546,0.17609724728558948
9547,0.3235667112315352
9548,0.022370634806997396
9549,0.8695384084044961
9550,0.14401014737915946
9551,0.01354229145004973
9552,0.0031118797676729293
9553,0.1945386045567609
9554,0.8483352800165451
9555,0.9997156688272456
9556,0.016667939744483457
9557,0.7028937990827725
9558,0.9987243439859613
9559,4.0224685515088874e-05
9560,0.017850661354346986
9561,0.16708555324039795
9562,0.33048557486786506
9563,0.3389690954208593
9564,0.15744021687168996
9565,0.014822923275968174
9566,0.00013250196764806696
9567,0.8217910171046737
9568,0.7243650267946273
9569,0.1135015214904624
9570,0.37677927142221607
9571,0.7622537528679275
9572,0.7337014746985985
9573,0.010212961950252012
9574,0.041780691263410455
9575,0.9498435856397781
9576,0.790561503817686
9577,0.45080588786806197
9578,0.10721443624620221
9579,0.18122607370904062
9580,0.9997077590462575
9581,0.7368685198251063
9582,0.999484515451382
9583,0.008907659141949539
9584,0.000716819904409212
9585,0.45415766108633515
9586,0.4304567007472006
9587,0.6564779550025205
9588,0.004902473421597436
9589,0.999324669673014
9590,0.03306004066703107
9591,0.9998214240206704
9592,0.604099099453788
9593,0.999839854212449
9594,4.5493345366720526e-05
9595,0.9640550935300264
9596,0.24277829250914662
9597,0.008200785122810833
9598,0.017523302823686
9599,0.005803983257353914
9600,0.2510081068590328
9601,0.006628926486510872
9602,0.9990314254297469
9603,0.25265515867898036
9604,0.006243419413061164
9605,0.04594718562015787
9606,0.68627032497513
9607,0.08402427355404364
9608,0.00011742657926113065
9609,0.8116322801099899
9610,0.006154988005989832
9611,0.03936293263191648
9612,0.9846966485642508
9613,0.14114276098648904
9614,0.6509792100536449
9615,0.04972834559523664
9616,0.6236314876669413
9617,0.5577140257341187
9618,0.0025220282679286722
9619,0.021343272718150806
9620,0.017078642293821254
9621,0.00015497388161385753
9622,0.30849267456351487
9623,0.004867559551585057
9624,0.3007829139954617
9625,0.2727584748604821
9626,0.9996217940111329
9627,0.4980187786381428
9628,0.10954953830893929
9629,0.9997043534156574
9630,5.534363030880802e-05
9631,0.37070606667749423
9632,0.01917334522712156
9633,0.005274211332371785
9634,0.13611010570036833
9635,0.00014987327021473093
9636,0.1448087090804396
9637,0.4137766952239842
9638,0.9517054798436329
9639,0.29502933147442706
9640,0.6124822219682999
9641,0.19128429879461048
9642,0.1297848748773431
9643,0.6467763626513845
9644,0.00012325384576790299
9645,0.001695966558190287
9646,0.01108314334705968
9647,0.9998347857388117
9648,0.5066932772520696
9649,0.9997250351828642
9650,0.649162231733613
9651,0.3017930365469684
9652,0.6566312493531145
9653,0.39049829212189924
9654,0.9995834418875225
9655,0.10426418860225455
9656,0.025118632745122584
9657,0.049652184501809464
9658,0.0033667660487460296
9659,0.572612145852208
9660,0.9993036202447331
9661,0.4605914107369827
9662,0.8851392714128882
9663,0.5163019609059428
9664,0.6771414375341271
9665,0.9999070628590069
9666,0.00971836720364072
9667,0.9997703967436925
9668,0.016001409037800236
9669,0.3269763312293742
9670,0.21024358706223123
9671,0.018455610823780017
9672,0.9630772452339824
9673,0.8963446924560615
9674,0.9997599178335559
9675,0.005523666637238432
9676,0.0015667763512666854
9677,0.9998855035880545
9678,0.23919673764944396
9679,0.7774965985776949
9680,0.8914258124324683
9681,0.004940935332375805
9682,0.9997016419575802
9683,3.707175039995908e-05
9684,0.7847201802671989
9685,0.12914769603437784
9686,0.806581538468734
9687,0.0016257096390729692
9688,0.20363344807871916
9689,0.7504449405655751
9690,0.7375089736187648
9691,0.0026541079671173087
9692,0.8156663711785188
9693,0.3005748364204762
9694,0.29730151618670514
9695,0.28140598236435593
9696,0.0024718710669331245
9697,0.9998475756380479
9698,0.0009892000742188747
9699,0.792968164884004
9700,0.9973264770137866
9701,0.03574300900948843
9702,4.472716118195366e-05
9703,0.6152682500467815
9704,0.0031355901505359
9705,0.8122524316989828
9706,0.26402017784711435
9707,0.000381310558415573
9708,0.877114966651394
9709,0.9874870171408209
9710,0.11813969518952606
9711,4.053263810920886e-05
9712,0.9995748273396287
9713,0.7839677906443339
9714,0.4044165518205684
9715,0.08867392071206144
9716,0.8972865442354694
9717,0.006296606726304932
9718,0.0026605792214795523
9719,0.0006966477837146381
9720,0.0002563213709472697
9721,0.7390518718173912
9722,0.9994314362506218
9723,0.45690052257420344
9724,0.11762885746269004
9725,0.061147375547834434
9726,0.22438674303239303
9727,0.9990846130682494
9728,0.0041832783333837515
9729,0.0019622809599331775
9730,0.09335630505086864
9731,0.0008260834362279472
9732,0.23276114219131155
9733,0.5197270204637896
9734,0.0016343018167649175
9735,0.06008845258988349
9736,0.005134688186454341
9737,0.32423288202126466
9738,0.005760920071866456
9739,0.18194104090552088
9740,0.022511516752731203
9741,0.9995752148363412
9742,0.9998447780117197
9743,0.2532201084282237
9744,0.3842777435101838
9745,0.9996655264180665
9746,0.8216508907106977
9747,0.6682117312180732
9748,0.005347123989884744
9749,0.14866257482289652
9750,0.243951459912341
9751,0.9993711860036805
9752,0.09288805484720224
9753,0.10825438754428288
9754,0.28958002043417275
9755,0.7774278917613028
9756,0.7258068361154406
9757,0.034934124724875386
9758,0.7905958696345715
9759,0.31302668711355613
9760,7.083505157239872e-05
9761,0.001383797574014474
9762,0.05512005241508962
9763,0.721580996129672
9764,0.3752888560694843
9765,0.03181458765563844
9766,0.35468050767162096
9767,0.0012219186005571312
9768,0.9195574412561143
9769,0.10354952082504956
9770,0.2909579162007114
9771,0.9995985088513702
9772,0.17366833851946964
9773,0.999742937101724
9774,9.032083039486127e-05
9775,0.8125468108221066
9776,0.12812622217887418
9777,0.025258933087469793
9778,0.9995473273360095
9779,0.09600592928150826
9780,0.0092646894730878
9781,0.0022431406061699
9782,0.010865378674955227
9783,0.3374208114899114
9784,0.20222923470983606
9785,0.023311431571454364
9786,0.00786367314235084
9787,0.03483616053709072
9788,0.0980813945979507
9789,0.8681279964050782
9790,0.19692205692007875
9791,0.8315766340789037
9792,0.9991315610360857
9793,0.026101732183451447
9794,0.8693800523181932
9795,0.8808100007576827
9796,0.04198405230995507
9797,0.09460634131237732
9798,0.4056959059580731
9799,0.06957945498149679
9800,0.999925288954087
9801,0.9383277300571379
9802,0.00020280429933365547
9803,0.06559939198792547
9804,0.35925346797447283
9805,0.29151010914985886
9806,0.020075800713916445
9807,0.27963580776459845
9808,0.02786509829197183
9809,0.10520250274328599
9810,0.012972579417323271
9811,0.18482200170355148
9812,0.32841103943955524
9813,0.0443410173793794
9814,0.6071445578491442
9815,0.00025247278800821966
9816,0.04112322017656863
9817,0.050138044681149234
9818,0.00013902568926340143
9819,0.039526784019237426
9820,0.008054508313914835
9821,0.2643233308547214
9822,0.00861467010116454
9823,0.883033524219657
9824,0.23735946781566739
9825,0.03837301611115092
9826,0.6937447655525928
9827,0.2648448158285217
9828,0.2639288700209799
9829,0.16022079478432652
9830,0.00017167014908550586
9831,0.41557517612102385
9832,0.999555370523253
9833,0.003604902050118727
9834,0.009148894102765542
9835,0.6074756048883985
9836,0.7627012746723159
9837,2.4517099101370413e-05
9838,0.9999364441705685
9839,0.0006483699534488984
9840,0.010865387393593691
9841,0.0053601972067193054
9842,0.25126857833681693
9843,0.0010851934041736671
9844,0.9998728977637205
9845,0.999813541556598
9846,0.00018634127149576814
9847,0.0060911050797561785
9848,0.006068532600104816
9849,0.4084113535161905
9850,0.4597379127926082
9851,0.33356497541607105
9852,0.021077396060659802
9853,0.11502477991051281
9854,0.21220165113127085
9855,0.029061800672226194
9856,0.07852589570525502
9857,0.33076242443965786
9858,0.614924039931156
9859,0.5674507759880663
9860,9.052020323716774e-05
9861,0.7387969666914864
9862,0.0007249998904347717
9863,0.16025304376830612
9864,0.19816654836974068
9865,0.48210980964069233
9866,0.9996128499844703
9867,0.4410827162919585
9868,0.1823377944281534
9869,0.00022593136883066503
9870,0.03272277257989518
9871,0.1182679859943175
9872,0.47912119674744225
9873,0.2565006077205232
9874,0.33330503786762417
9875,0.3367927448106427
9876,0.22049292431364745
9877,0.005346504199158964
9878,6.238854838253883e-05
9879,0.0007421932642199044
9880,0.20141135588296702
9881,0.5594060541236114
9882,0.8024635297774402
9883,0.9992246986531228
9884,0.6624170215071166
9885,0.017787718085985664
9886,0.000256395553342607
9887,0.03561425464215919
9888,0.9995391638962738
9889,0.1974780988662911
9890,0.035946425799504814
9891,0.7114930608241231
9892,0.9769331297542989
9893,0.006067632287040143
9894,0.017536621893426405
9895,0.9995574966193886
9896,0.9076143790543098
9897,0.5138604269015732
9898,0.9999308461696204
9899,0.8919611574640061
9900,0.22588249915860423
9901,0.04952945042230473
9902,0.0031588863029238575
9903,0.6309666997529237
9904,0.5159371382407248
9905,0.999289581474063
9906,0.008847092765233086
9907,0.35404434755647984
9908,0.13388479601729147
9909,0.00032496154149006976
9910,0.0008781262913784032
9911,0.7849660644105909
9912,0.012726814598278036
9913,0.003146805289683911
9914,0.028357861896069526
9915,0.00201498426140097
9916,0.01725020918187518
9917,0.0012035336232680467
9918,0.6413441814691472
9919,0.0009824818683360082
9920,0.6872295387256001
9921,0.8258758761331046
9922,0.6188896382550118
9923,0.8924895099228136
9924,0.7212761711018253
9925,0.013330528069065756
9926,0.664164330017478
9927,0.18358628498464175
9928,0.6459027404190744
9929,0.0030096342175315914
9930,0.011601213505561439
9931,0.0711983112548843
9932,0.14599370271625253
9933,0.00859521796610129
9934,0.9993870058770137
9935,0.9994823976019458
9936,0.34863896278611967
9937,0.020904879113432622
9938,0.9005771538745383
9939,0.35423596158316323
9940,0.999839854212449
9941,0.0030202553309917656
9942,0.7500160762392132
9943,0.8807562724197748
9944,0.9111857085821179
9945,0.2559802676317442
9946,0.7976752944948157
9947,0.6052094645302138
9948,0.0003325033626734507
9949,0.2370495662954721
9950,0.0001108040136613901
9951,0.013462798123575537
9952,0.08679390424378013
9953,0.006005482838397172
9954,0.9993496812754782
9955,0.00866900493404851
9956,0.758093242339743
9957,0.057270508132582644
9958,0.0025428418480454213
9959,0.4642139624384516
9960,0.7263798502530094
9961,0.7979773523581559
9962,0.698990052600509
9963,0.02899858647868644
9964,0.9998611543394631
9965,0.006889564956801867
9966,0.7374870388930495
9967,0.6302069333432739
9968,0.003786187777250781
9969,0.6737498559909366
9970,0.0669526437356117
9971,0.004744609046251225
9972,0.5215649024309227
9973,0.027137041977367455
9974,0.6193834189894998
9975,0.0024869449669783997
9976,0.9470602337592977
9977,0.9962306434448641
9978,0.5019061282942384
9979,0.010216796435766898
9980,0.023612447582846544
9981,0.9984678111903533
9982,0.9994704296180155
9983,0.9997006824583661
9984,0.33294541520530907
9985,0.09795555265477003
9986,0.7789667902620702
9987,0.907606399853504
9988,0.013502490558485136
9989,0.009366861154164829
9990,0.48805109709451344
9991,0.11679695426167147
9992,0.3518185665655182
9993,0.0009511466786118833
9994,0.06829179870378013
9995,0.7737421495053296
9996,0.025128013332440444
9997,0.23278788459228236
9998,0.9998611543394631
9999,0.7531188470146297
10000,0.007742604946340778
10001,0.9998346221381011
10002,0.9992882155169946
10003,0.00035994960971755133
10004,0.6862278941845702
10005,0.9998468193170675
10006,0.18398553942300033
10007,0.8089294972120893
10008,0.44251012222536745
10009,0.03662829278378048
10010,0.01767230897929564
10011,0.007860435873546583
10012,0.9998452880340445
10013,0.08298049419148006
10014,0.7784932137571549
10015,0.9999266889802447
10016,0.013147438609525245
10017,0.49163594260481525
10018,0.9160399371781339
10019,0.024179226671577306
10020,0.07149580140238328
10021,0.16430006530945085
10022,0.25751173942846284
10023,0.1863081483800213
10024,0.7784518475102717
10025,0.11876223662246284
10026,0.04291195648493177
10027,0.009421510822944115
10028,0.17574744091977046
10029,0.14951394429191217
10030,0.00018587063776033343
10031,0.00025247278800821966
10032,0.009198915150897824
10033,0.03448899977166882
10034,0.00041612042402290427
10035,0.7749629027161795
10036,0.00011926572665832767
10037,0.0007715259859161554
10038,0.005672330639334532
10039,0.007604930063158322
10040,0.666513505409951
10041,3.388772717680305e-05
10042,0.2817540514162424
10043,0.00016649069194770726
10044,0.000882666784781124
10045,1.3753025391389375e-05
10046,0.5625082071906924
10047,0.019885487018235122
10048,0.055672286775178256
10049,0.3976500333212937
10050,0.05956944334056692
10051,0.4292251851920246
10052,5.545603632989938e-05
10053,0.7845041994128936
10054,0.8559353605690139
10055,0.37998372213560366
10056,0.01114789913260963
10057,0.8838090113223851
10058,0.9997678009770118
10059,0.8382843267680401
10060,0.00017367752323521585
10061,0.0003230827482602096
10062,0.12326637030126585
10063,0.6938664260913051
10064,0.003648211105461771
10065,0.0873713544261425
10066,0.002076023391936104
10067,0.01396003619521629
10068,0.9298287873982661
10069,0.5085462436599676
10070,0.2865649489244828
10071,0.0930715870682025
10072,0.5197270204637896
10073,0.0038245369312770805
10074,0.8106746688088332
10075,0.008075975093336076
10076,0.7297417407046259
10077,0.05198993529153076
10078,0.020701360438814556
10079,0.11282279295131963
10080,0.18435638646145192
10081,0.9995540848184009
10082,0.11434664509871659
10083,0.0016400890058894748
10084,0.015024964784327606
10085,0.9998329855713413
10086,0.9994632871929426
10087,0.317523287112731
10088,0.0002762316113533072
10089,0.0047567016600648885
10090,0.0009058869560810576
10091,0.880611772309205
10092,0.5919223677122476
10093,0.0003358143114228364
10094,0.007410298241106572
10095,0.03731857934470453
10096,0.9036524144040464
10097,0.0032129325154862907
10098,0.999813541556598
10099,0.16714087083367934
10100,0.00140754893273008
10101,0.00018790745827957568
10102,0.34360710595594307
10103,0.020743657548621508
10104,0.002709600913860279
10105,0.4723217793854028
10106,0.0002483117168473926
10107,0.8937974005321309
10108,0.6410994421752345
10109,0.0002388777293164215
10110,0.6011460232723003
10111,0.003496694319163658
10112,0.9994823976019458
10113,0.8412467953909218
10114,0.08597909989468029
10115,0.0018470336907701116
10116,0.00019041690519113442
10117,6.717633953695656e-05
10118,0.05149058510975042
10119,0.5824188686873196
10120,0.9988149430048832
10121,0.05435808735863945
10122,0.15201749045888013
10123,0.003618148401123529
10124,0.7227082497322663
10125,0.8277584412865605
10126,0.005373842991247296
10127,0.02932904837467701
10128,0.09392500492588919
10129,0.024146032534606437
10130,0.06739712386686361
10131,0.00027616264420238484
10132,0.9998404311885879
10133,0.0003121743283036608
10134,0.00863023731856558
10135,0.8023244664772354
10136,7.57367445837834e-05
10137,0.9984723965604495
10138,0.002399429235473416
10139,0.36585425327095955
10140,0.5929857536236756
10141,0.052573358959058104
10142,0.9998611543394631
10143,0.0651633840714746
10144,0.8787122483839215
10145,0.2006298473186581
10146,0.0442847937193928
10147,0.9995227884064404
10148,0.00034387368835282344
10149,0.011428767543770639
10150,0.01894033301895165
10151,0.060388604772672556
10152,0.00016951052520190247
10153,0.8036643138178426
10154,0.7716255090012085
10155,0.9976709610206831
10156,0.02209304767691686
10157,0.004986187246699084
10158,0.9646460345674015
10159,0.9483794302805547
10160,0.5487960487342181
10161,0.9499190160126516
10162,0.9996187860689761
10163,0.006931806123031897
10164,0.0036706805734772066
10165,3.934664593555713e-05
10166,0.00019374185504146327
10167,0.020259068454113016
10168,0.636493888598776
10169,0.6730879995291718
10170,0.8122608474824393
10171,0.9997109980690538
10172,0.00025287154615000315
10173,0.9043315367577471
10174,0.8195528695685317
10175,0.13251905033817726
10176,0.9993711860036805
10177,0.265428443298657
10178,0.999839854212449
10179,0.11560544246790704
10180,0.9996101455312355
10181,0.011947077596872734
10182,0.9997833471277803
10183,0.20786221330666438
10184,0.03703224332638907
10185,0.001072625630836603
10186,0.005735784533270301
10187,0.9999523163948594
10188,0.999680889090472
10189,0.4173136362411288
10190,0.00015564678738743572
10191,0.1223713740771898
10192,0.7538157034732865
10193,0.18133276311596716
10194,0.23193716061373265
10195,0.999742937101724
10196,0.3857703335156407
10197,0.05871714931916242
10198,0.5291056715092802
10199,0.2661174294961041
10200,0.004428353889332077
10201,0.7608108855635031
10202,9.635923396213344e-06
10203,0.5465357397924733
10204,0.9992720872356241
10205,6.0065905537837655e-05
10206,0.14278390928514928
10207,0.006998646433055935
10208,0.0033011507503557633
10209,0.004870203454126993
10210,0.4897826682705797
10211,0.0008945573282909576
10212,0.06122689826393154
10213,0.9998611543394631
10214,0.49796535472908654
10215,0.004795633910140108
10216,0.6952329572168366
10217,0.2787304128486307
10218,0.022903791150013106
10219,0.06971044006986284
10220,0.44267517885496366
10221,0.77964617827825
10222,0.01044307590539343
10223,0.4881504242866479
10224,0.999715643345991
10225,0.5464555126357721
10226,0.4867112645248104
10227,0.4236041709914859
10228,0.2715470103030126
10229,0.6022434135135957
10230,0.17629278867005033
10231,0.0017586666660898895
10232,0.04860397022604884
10233,0.0009439943079018181
10234,0.7011919206101327
10235,0.18259700538532692
10236,0.9983719920515657
10237,0.31806012670040373
10238,0.9980814220392975
10239,0.09201875344085242
10240,0.3196459908634261
10241,0.034440586995886674
10242,0.1441601989945412
10243,0.014176481511895992
10244,0.0023934047372843217
10245,3.1050071674585855e-06
10246,0.28296799651472304
10247,0.8330439698046409
10248,0.5996918410799948
10249,0.969118964394088
10250,0.00017167014908550586
10251,0.43228422894916974
10252,0.009068481587764632
10253,0.11902891475143929
10254,0.04092944155409162
10255,0.003603769363977281
10256,0.0004926751634925307
10257,0.2455506491191421
10258,0.7229846242799226
10259,0.32658528204364845
10260,0.0002005014087850704
10261,0.283922685988039
10262,0.999990596746921
10263,0.2537521525370638
10264,0.4322402946760471
10265,0.10180115895237002
10266,0.030838620667374927
10267,0.20549337314530544
10268,0.39147138488821553
10269,0.0013044644063576983
10270,0.011445442684525086
10271,9.322295336460404e-05
10272,0.033220906581384636
10273,0.3012009595111257
10274,0.770312341487542
10275,0.017311037919647537
10276,0.23708145170661346
10277,0.00042919960311253643
10278,0.042625992898988274
10279,0.005040970267367418
10280,0.21478338845337497
10281,0.054597002174295986
10282,0.36067936448504484
10283,0.9998904562988747
10284,0.3856777731243061
10285,0.6842008087614605
10286,0.9965791696641895
10287,0.3817787492507274
10288,0.0014122923446807485
10289,0.38509598772648224
10290,0.6448312899651909
10291,0.09861122579284562
10292,0.02964290532039981
10293,0.001588659919824171
10294,0.0028928253598969464
10295,0.19052479343664944
10296,0.00010107751731817752
10297,0.9175548635601339
10298,0.42915725847829406
10299,0.020287120250359038
10300,0.06764135979217699
10301,0.15683804561960318
10302,0.49140076313790054
10303,0.027472824868249944
10304,0.0010655296914453254
10305,0.9999762333744708
10306,0.07965587839295847
10307,0.009376655858740158
10308,0.9386022707323519
10309,0.0010738259715353318
10310,0.23156088497936367
10311,0.0010989181622711923
10312,0.09521575113790029
10313,0.1344854091166305
10314,0.03610004251051954
10315,0.3233103395208983
10316,0.01242804878997336
10317,0.0019008963887003816
10318,0.6844879826256685
10319,0.028537726489144866
10320,0.0003812895348518765
10321,0.8692886499974918
10322,0.9995544571490925
10323,0.0996266345169447
10324,0.9229265772191814
10325,0.05727464887217831
10326,0.9999784738108163
10327,0.1304380512338302
10328,0.8750221873858272
10329,0.2702772566580803
10330,0.14748111511033496
10331,0.9924039558503437
10332,0.031820591718541846
10333,0.012585124759915406
10334,0.08748144107345074
10335,0.9918109449432573
10336,0.015504684442824563
10337,0.0025385936663380026
10338,0.02347233290429221
10339,0.0540014780167007
10340,0.04997201403776624
10341,0.04495317326081437
10342,0.2700483324533954
10343,0.8645126087120323
10344,0.9993901049143069
10345,0.0001470846492249001
10346,0.786224209389671
10347,0.08504085722020263
10348,0.549744762603372
10349,0.9991507841673286
10350,0.999925437185554
10351,0.9983327755147595
10352,0.001409200443291964
10353,0.9975807301244982
10354,0.03371432307845683
10355,0.39717208782764907
10356,0.9995607346868597
10357,0.8914258124324683
10358,7.733834971532922e-05
10359,7.794357499716098e-05
10360,0.22049292431364745
10361,0.15363239229765926
10362,0.9998522683913187
10363,0.8904669717471486
10364,0.005443798867137551
10365,0.9997006824583661
10366,0.011245039766396186
10367,0.39692199792259375
10368,0.6148182440786742
10369,0.005389937624921543
10370,0.0002725112327653287
10371,0.0022732408522554634
10372,0.14572282118084834
10373,0.999555370523253
10374,0.9992505015344231
10375,0.907606399853504
10376,0.2500921487737484
10377,0.48046724991600726
10378,0.005585045430854764
10379,0.22823336953180212
10380,0.016329055122097213
10381,0.8539071505500394
10382,0.6916902949461275
10383,0.07961908194036879
10384,0.8574970040028562
10385,0.13015071436537784
10386,0.34927096019112275
10387,6.308736465972764e-05
10388,0.8489824042188907
10389,0.00033559006140064415
10390,0.0008388936048319235
10391,0.8651614387363133
10392,0.9998522683913187
10393,0.017226100952054995
10394,0.0018524268565302624
10395,0.00029228999496231343
10396,0.19588371801825483
10397,0.003045318941719352
10398,0.9994693567457746
10399,0.03207608178670974
10400,0.753973799798492
10401,0.9111412559238365
10402,0.8050900559670694
10403,0.8721929363848383
10404,0.21260411260852516
10405,0.0013920799889986448
10406,0.4120704857420203
10407,0.6535743123369316
10408,0.013611472704134694
10409,0.17940599823539943
10410,0.01788967821261606
10411,0.9998771574896798
10412,0.00023855636713153008
10413,0.4329355938862865
10414,0.18125964599155306
10415,0.001585632809267582
10416,0.9999534985660126
10417,0.4370305629879756
10418,0.9998639684301062
10419,0.9995484492481195
10420,0.0002713143796845718
10421,0.6913520168422908
10422,0.00323168833262302
10423,0.026804246176018003
10424,0.048607812122663296
10425,0.009011080126924507
10426,0.0015682457404437983
10427,0.13664606336848087
10428,0.3396851871904433
10429,0.591451300639486
10430,0.9995227362796865
10431,0.7541869759847797
10432,0.5696259285237403
10433,0.15519023850183955
10434,0.3190606899911155
10435,0.9989481638194598
10436,0.9995084445741358
10437,0.9759287932529105
10438,0.5088238364783251
10439,0.9992230467861625
10440,0.03982262520512372
10441,0.9084837458496211
10442,0.0012219186005571312
10443,0.0228917578545378
10444,0.06852988076298919
10445,0.1920971391630637
10446,0.47091124977428345
10447,0.0019008963887003816
10448,0.007130398313044265
10449,0.005441010247310413
10450,0.00650472832771364
10451,0.014331394537217856
10452,0.07565496344116435
10453,0.07303707206487377
10454,0.0011324622237901746
10455,0.13240578168200806
10456,5.98128779224275e-05
10457,0.3371258394983885
10458,0.9998441812431935
10459,0.8838090113223851
10460,0.006171740510412675
10461,0.9994285616106388
10462,0.12524373702825436
10463,0.9995618006181946
10464,0.999953014711548
10465,0.000508196072067109
10466,0.032143904250845866
10467,0.0745852681315688
10468,0.9996968236924615
10469,0.009998736830739955
10470,0.5179809190317117
10471,0.051516932236623486
10472,0.1377849086594704
10473,0.9996283021450161
10474,0.28058843013953916
10475,0.0022090023617351955
10476,0.006087770166164346
10477,0.001177075846562051
10478,5.035331359034543e-05
10479,0.011698373286141334
10480,0.099715172340365
10481,0.003755707677428099
10482,0.9987228925374281
10483,0.9997976474777631
10484,0.2907253542409278
10485,0.012687736332341042
10486,0.009455240615705468
10487,0.4718668775477054
10488,0.00026672560577156533
10489,0.9997981490055415
10490,0.6382256901166308
10491,0.11616559443027509
10492,0.7933788450383272
10493,0.13616099659472322
10494,0.9929707139649502
10495,0.9997396015332854
10496,0.0332334395747143
10497,0.1427196369028176
10498,0.8238334426950775
10499,0.9996655264180665
10500,0.1385702032460293
10501,0.0057935300449172
10502,0.10813173792143096
10503,0.9991858153933683
10504,0.8871971403720508
10505,0.0034041142216452254
10506,0.0006427261870377314
10507,0.013687720770111928
10508,0.40922122546449596
10509,0.8518214653667094
10510,0.999911546182346
10511,0.7160105057805204
10512,0.3838437574096133
10513,0.015047720776580372
10514,0.2909068190385847
10515,0.061418395274419176
10516,0.0030133322027412336
10517,0.028477220804501456
10518,0.10455986663558399
10519,0.0007220747706559201
10520,0.8144378632954328
10521,0.004950048545657596
10522,0.5530838739557519
10523,0.0001382624530652234
10524,0.20304872429745185
10525,0.9995301733114041
10526,0.44336967802128346
10527,0.05817929241916269
10528,0.9998176213140284
10529,0.012439890552165407
10530,0.9997987072234696
10531,0.5120223313563199
10532,0.5197270204637896
10533,0.2818731539764758
10534,0.35885012103370084
10535,0.2653605352942173
10536,0.510087628612137
10537,0.013519107006918435
10538,0.20451722335840947
10539,0.9994285616106388
10540,0.13394330666449014
10541,0.5576226250105528
10542,0.0049414064587818655
10543,0.9984723965604495
10544,0.7371363417458504
10545,0.7122226144955534
10546,0.538086832995882
10547,0.00018774817087390173
10548,0.8314241978267894
10549,0.4520227406577473
10550,0.589550869624504
10551,0.327080637608782
10552,0.9996511541797248
10553,0.13245261361651273
10554,0.7472523100660671
10555,0.26803643535426164
10556,0.029717390761306136
10557,0.0006269180320734966
10558,0.3087653262560895
10559,0.5788645511963252
10560,0.999839854212449
10561,0.24044536667463795
10562,0.21992979724708814
10563,0.9255903582919761
10564,0.1279842277756041
10565,0.10152110879740835
10566,0.7038906010292305
10567,0.0012219186005571312
10568,0.9549875841588066
10569,0.052084171204174086
10570,0.16326719888014682
10571,0.004271879551288859
10572,0.6678851947640457
10573,0.9998181260813932
10574,0.9994832696495052
10575,0.012102735517186812
10576,0.9993759122419318
10577,0.5948086797964122
10578,0.5243353162474371
10579,0.9996327988201954
10580,0.024162014155175857
10581,0.36816904390999794
10582,0.01550086869536989
10583,0.9997575351101686
10584,0.9997028323494792
10585,0.4985822582880338
10586,0.00012170212039094375
10587,0.9996271970799889
10588,0.6212837043183633
10589,0.04748971903047296
10590,0.21560731491595703
10591,0.18117567009204455
10592,0.9985585795495608
10593,0.010349653155654693
10594,0.8580842490567577
10595,0.9994847650415528
10596,0.353588966249689
10597,9.135096102262138e-05
10598,0.2916802963742575
10599,0.028140772670503817
10600,0.0008260834362279472
10601,0.004012969012554745
10602,0.39298372508068286
10603,0.9994632871929426
10604,0.048739163954968946
10605,0.07530711711069678
10606,0.061147375547834434
10607,0.01027372684343369
10608,0.04480508887714434
10609,0.00012222212410872306
10610,0.9995214691268731
10611,0.9996365758420503
10612,0.41424596133993724
10613,0.0025261209564703324
10614,0.2007013254814758
10615,0.4711029492305485
10616,0.9998347857388117
10617,0.9994479975684769
10618,0.00024486813168970864
10619,0.01691462815617179
10620,0.004218388951387563
10621,0.012511349995080879
10622,0.5502087174403492
10623,0.0001621053833653694
10624,0.4958712504136409
10625,0.01580752429239958
10626,0.000626442445196852
10627,0.08393310230260131
10628,0.0019180881739186916
10629,0.1557632035510007
10630,0.45152110163603815
10631,0.000200029478150008
10632,0.7411394044615636
10633,0.021732478252175825
10634,0.0031454615516910535
10635,0.03416219318850912
10636,0.050033432696061794
10637,0.29449486441193296
10638,0.7106698900894106
10639,0.08922764249530175
10640,0.036163499464231356
10641,0.023226865200425734
10642,0.9996741839935197
10643,0.0042400134569567415
10644,0.00026833587742114727
10645,0.9998771574896798
10646,0.0002903379015320391
10647,0.023781129292114272
10648,0.005684249426992441
10649,0.03184222669289909
10650,0.6494877078012166
10651,0.9994855861500054
10652,0.7518330657152656
10653,0.8434677804468727
10654,0.9999266889802447
10655,0.016708980102936692
10656,0.9997678009770118
10657,0.01199597247069096
10658,0.19085201296016274
10659,0.0003568800634133469
10660,0.2170460765523977
10661,0.2209700638012695
10662,0.28141262240383474
10663,0.012357587032417473
10664,0.12192848461566613
10665,0.00022843366741257543
10666,0.9997901343623908
10667,0.4508191825768817
10668,0.0027186336932559273
10669,0.322667898485268
10670,0.38617805306639424
10671,0.5037746078320209
10672,0.2878085760407887
10673,0.00023069276637987995
10674,0.9996179313407902
10675,0.004798679963913846
10676,0.2799344050064782
10677,0.9377717126926257
10678,0.2720323963558698
10679,0.00023991589929981194
10680,0.15384085566711422
10681,0.26126842213143503
10682,0.003990161785632409
10683,0.00041624621198833205
10684,0.9666117628834013
10685,0.0076715803537173236
10686,0.30391134235030304
10687,0.9999485596430436
10688,0.5412079049363172
10689,0.01367588378303873
10690,0.19106921095137602
10691,0.3621156126520371
10692,0.4411271399802666
10693,0.015515773590676987
10694,0.005353286497003791
10695,0.20622896252779074
10696,0.9599791241331916
10697,0.003378909159811817
10698,0.9585288144201779
10699,0.07360225434354692
10700,0.003568175319872718
10701,0.8772241260502737
10702,7.064178169347682e-05
10703,0.006960650342295746
10704,0.0010379790817020436
10705,0.7709201764370729
10706,0.999839854212449
10707,0.11622648924774524
10708,0.0013561375949749743
10709,0.9156378568030755
10710,0.00786582522996014
10711,0.9997358982723642
10712,0.6427874309818571
10713,0.007549839722572875
10714,0.9478906325125912
10715,0.9996461606466575
10716,0.9111857085821179
10717,0.9997052328962903
10718,0.42803175444040387
10719,0.690086072907874
10720,0.698859940842664
10721,0.9986242895646849
10722,6.551066427793599e-05
10723,0.0008174653756840904
10724,0.0027665626567821857
10725,0.9997734594164697
10726,0.0001464536906882713
10727,0.00022867324302455261
10728,0.9646460345674015
10729,0.9998611543394631
10730,0.1698090977633618
10731,0.9618353153502303
10732,0.546868520738553
10733,0.31820051912292757
10734,0.00015126120656774956
10735,0.01843220225406203
10736,0.02215375807208916
10737,0.016794125160146396
10738,0.07197037913742096
10739,0.0010049907006206185
10740,0.020245113503667766
10741,0.388574165281115
10742,0.9999678697908694
10743,0.020358486155800024
10744,0.141393486798921
10745,0.03780457455865158
10746,0.999640580382104
10747,0.9999591902111453
10748,0.638664677736205
10749,0.26226906053059607
10750,0.49867148862913896
10751,0.014395921182420142
10752,0.009460931006545688
10753,0.45430164797504397
10754,0.9994314362506218
10755,0.022648315519306
10756,0.0003477873975330245
10757,0.30520598576908636
10758,0.8901615118729534
10759,0.016915483713932915
10760,0.8687520417899265
10761,0.01293268687330213
10762,0.39141813089181365
10763,0.27181095424146384
10764,0.24699803773192403
10765,0.6075492133629826
10766,0.012582589235694183
10767,0.0013105171073405954
10768,0.9995191986943253
10769,0.02044694859424397
10770,0.7863300447782576
10771,0.6311918611931185
10772,0.738804170227455
10773,0.019170584608134787
10774,0.0005670357083072037
10775,0.0043464207878541
10776,0.001649832927430818
10777,0.7191616069347785
10778,0.39051066970739334
10779,0.22430852627817155
10780,0.3055284631504185
10781,0.4117057188480552
10782,0.8947088606042446
10783,0.9209423782453435
10784,0.999839854212449
10785,0.5109185112832806
10786,0.03927185144012755
10787,0.9996682067600998
10788,0.7344877901054423
10789,0.15733125129421704
10790,0.3540728548944435
10791,0.005206615713767447
10792,0.00019881333215307566
10793,0.37742585022074826
10794,0.9994693567457746
10795,6.624449133176287e-05
10796,0.00487456549787491
10797,0.17395880764740018
10798,0.20549337314530544
10799,0.00020615114083872576
10800,0.602819236507142
10801,0.17614333179087935
10802,0.08997398426695628
10803,0.17667011874313834
10804,0.049731795249229736
10805,0.9994141524396067
10806,0.14477311431427237
10807,0.014538730903279675
10808,0.04212167067692759
10809,0.9111626623278257
10810,0.00777796404220682
10811,0.14981500476194584
10812,0.022944136273859224
10813,0.418882364317394
10814,0.005024523000552845
10815,0.03848664291727078
10816,0.999911546182346
10817,0.0094608194614872
10818,0.5053607827294819
10819,0.8812148204398077
10820,0.030627946754170278
10821,0.278009454962847
10822,0.9961897852288042
10823,0.03493264174358574
10824,0.0010910351761999133
10825,0.0005048920139809372
10826,0.9998398776075168
10827,0.0028305293075910954
10828,0.08636163890528395
10829,0.010265175434244085
10830,0.24262954644623622
10831,0.9997267309680048
10832,0.002738359570212782
10833,0.49999711042371264
10834,0.482036702774803
10835,0.07902537338846907
10836,0.0003538389461490909
10837,0.004767395211126008
10838,0.6956078290596586
10839,0.8686480571295928
10840,0.4196542017509514
10841,0.0012377384535834182
10842,0.8458135590988116
10843,0.0005930684456119348
10844,0.16235528678590955
10845,0.9996899929255046
10846,0.00026171662267575503
10847,0.023728443832533287
10848,0.008397815146496363
10849,0.008610881662626446
10850,0.009749969370636364
10851,0.0001118810424081666
10852,0.012981061865064883
10853,0.6366132377604318
10854,0.9994693567457746
10855,0.1872836602156441
10856,0.4450888920086717
10857,0.623369244975803
10858,0.9999620096311458
10859,0.21263068913850186
10860,0.00027816424836298015
10861,0.000938151090787292
10862,0.0053075346488247
10863,0.6824937031486195
10864,0.92550468305787
10865,0.7214427136725076
10866,0.0018996793614373666
10867,0.9996524855960205
10868,0.05115781015628257
10869,0.710591170117465
10870,0.6440319499664676
10871,0.9999312596496137
10872,0.999742937101724
10873,0.2994341166130882
10874,0.00018163461211021176
10875,0.11971404518985065
10876,0.9135751951941424
10877,0.9849689444723888
10878,0.01027372684343369
10879,0.9990846130682494
10880,0.9994314362506218
10881,0.0003728894534585975
10882,0.031537837970550056
10883,0.0010738259715353318
10884,0.8072121968413759
10885,0.00011309590286302436
10886,0.04079870396185507
10887,0.13050545223634183
10888,0.24271968197255997
10889,0.6047825529727968
10890,0.0049639877515996285
10891,0.8235814214072149
10892,0.02930766302056389
10893,0.9995024818083282
10894,0.31488792722572506
10895,0.00025780034822992073
10896,0.06547560980945777
10897,0.9998690334312649
10898,0.18177141679219866
10899,0.1004879110800052
10900,0.02079977414678879
10901,0.4622570345172374
10902,0.2823465045154426
10903,0.779870287888051
10904,0.21221319450322015
10905,0.029010323282824414
10906,0.7436408956659021
10907,0.38793038618127174
10908,0.6981846900349609
10909,0.3598530376348065
10910,0.896457691919025
10911,0.8906054036654155
10912,0.07051658211531708
10913,0.9996617309405117
10914,0.006851617082872188
10915,0.33129254499398203
10916,0.009928387412755715
10917,0.08041659476572292
10918,0.7885761771021886
10919,0.20647157052799278
10920,0.19395129380187037
10921,0.7916206280206659
10922,0.31525743161107717
10923,0.2193363964401866
10924,0.24978728017123564
10925,0.03404756626780537
10926,0.1640670411672329
10927,0.7167446204891704
10928,0.47059648729965514
10929,0.0007656370081766178
10930,0.17614205161551022
10931,0.7569814802756866
10932,0.0014152421594649826
10933,0.12804838774057353
10934,0.01131151291116257
10935,0.28066551969597997
10936,0.6876716825473994
10937,0.9997800107469587
10938,0.553484624122834
10939,0.017331741737610536
10940,0.00835190619657739
10941,2.616917475398942e-05
10942,0.25968301697230084
10943,0.9994706120060642
10944,0.206151918882757
10945,0.1356839124940714
10946,0.8250401109414429
10947,0.11457056793131619
10948,0.536079742771575
10949,0.24814612011195655
10950,0.9994807358729794
10951,0.021208398326950425
10952,0.00013323720959476656
10953,0.0008228832137214931
10954,0.7479714535861705
10955,0.04819984492780394
10956,0.9997374775896319
10957,0.013832763034853382
10958,0.21788142655093456
10959,0.5744835072369907
10960,0.9999187889230255
10961,0.0046501694035543635
10962,0.04617091456829896
10963,0.969118964394088
10964,0.00010749288089005618
10965,0.16607812209097247
10966,0.05925911758079175
10967,0.00810132333362056
10968,0.8009439698509206
10969,0.11023989176401992
10970,0.6085658904213891
10971,0.14873567077734434
10972,0.02076160470509142
10973,0.892757168310603
10974,0.0048034843703265604
10975,0.0021243672082923164
10976,0.9999562912726505
10977,0.6624473956752233
10978,0.018738713597966437
10979,0.5104824724992857
10980,0.9997827622947707
10981,0.6005919229501961
10982,0.016700926175142135
10983,0.1987849599055074
10984,0.999515879975246
10985,0.5679037183255257
10986,0.00011042165930924922
10987,0.006323646336498004
10988,0.000781788101615358
10989,0.09526437229079539
10990,0.35582933743460654
10991,0.011280149358052178
10992,0.9999270451740746
10993,0.00031332856711531346
10994,0.10615222926224592
10995,0.9993410951481452
10996,0.0002929060413335301
10997,0.9995391638962738
10998,0.6145508700461612
10999,0.3541506978661189
11000,0.9715040409887457
11001,0.668515492459899
11002,0.002592002092553652
11003,0.005244235794350973
11004,0.02078516819469715
11005,0.05989848417930781
11006,0.9995321735965664
11007,0.9997023020587968
11008,0.12715848311164546
11009,0.14649794236139074
11010,0.030757961446571357
11011,0.9483955921941732
11012,0.6350781571617103
11013,0.6777460816003896
11014,0.8344989691415873
11015,0.6042466717051524
11016,0.09013394621823946
11017,0.9993711860036805
11018,0.46534734826129515
11019,0.3626895383612112
11020,0.005430335042766499
11021,0.7491558373009518
11022,0.9999697468293665
11023,0.3094183891034222
11024,0.22212980578490552
11025,0.003659292313448978
11026,0.1217909166076946
11027,0.8258758761331046
11028,0.0006784223153887722
11029,0.0006983179111567303
11030,0.38879665336302177
11031,0.9995191986943253
11032,0.005039432020977243
11033,0.024179226671577306
11034,0.9987540749782311
11035,0.590217504352272
11036,0.1779616159296375
11037,0.7760751310140943
11038,0.0021233367655073463
11039,0.008982491470351116
11040,0.001957494093609423
11041,0.001788674152177654
11042,0.7446041804166283
11043,0.7869724752434142
11044,0.02363782975018331
11045,0.9987540749782311
11046,7.946292710726542e-05
11047,0.7762403157699473
11048,0.9999159977524122
11049,0.8972865442354694
11050,0.2114382721840868
11051,0.5747092122082123
11052,0.8925875461401964
11053,0.10155901168478808
11054,0.46015684007951174
11055,0.4206405511434497
11056,0.0004098788680119481
11057,0.005179133922422208
11058,0.8304221076549555
11059,0.030404528748499
11060,0.960711244409998
11061,0.10648233593629718
11062,0.9983310402373371
11063,0.9890538774051979
11064,0.034778746957277805
11065,0.47354060779202106
11066,0.46183467793124794
11067,0.6380593814035374
11068,0.9911148969354896
11069,0.03824058257128888
11070,0.0037170953899362696
11071,0.27734951002139874
11072,0.999484515451382
11073,0.7249204137777175
11074,0.12299703698772592
11075,0.6999888606148469
11076,0.006730775639824796
11077,0.0015736086570166169
11078,0.0011029171574809028
11079,0.9992230467861625
11080,0.05089211052453692
11081,0.11028173538069132
11082,0.08150258510963307
11083,0.2610990288852967
11084,0.32045619044324153
11085,0.22712165980006924
11086,0.477147063076055
11087,0.011156315831240726
11088,9.185843050240534e-05
11089,0.0015429246390363679
11090,0.00016253564489573314
11091,0.05512005241508962
11092,0.00017346877331704625
11093,0.32636029114722376
11094,0.35691850429683253
11095,0.009619687856916219
11096,0.5349403002383059
11097,0.02694209386470459
11098,0.7995520736512961
11099,0.730226800729428
11100,0.004178625298234756
11101,0.02615012493664011
11102,0.0002642650330235016
11103,0.2809692048633426
11104,0.002935832997727767
11105,0.8067494238795937
11106,0.0008255646486148629
11107,0.00033571531685258117
11108,0.5486143977772017
11109,0.0010680039421280913
11110,0.0003609753766572532
11111,0.9984362597658446
11112,0.00026242093929311656
11113,0.002765051935377854
11114,0.0060287677656499
11115,0.1117368670899924
11116,0.3666369346880277
11117,0.9996952630654243
11118,0.2822876554546911
11119,0.041766506798263985
11120,0.9981159906355216
11121,0.310586912043506
11122,0.9140526699941963
11123,0.01609319235408573
11124,0.7689956068827357
11125,0.9205292451857954
11126,0.8099784835238178
11127,0.27980027221139414
11128,0.00033857610794179547
11129,0.599918245695359
11130,3.472973522969828e-05
11131,0.20818007126735058
11132,0.9986242895646849
11133,0.9999029313405201
11134,0.8006754402858209
11135,0.13368770968188864
11136,7.82753055640381e-05
11137,0.5782623481532825
11138,0.8560826252984742
11139,0.9094096398050218
11140,0.053086435432814515
11141,0.6390612230653255
11142,0.011984835407906574
11143,0.17846363392155948
11144,0.9987540749782311
11145,0.4806141855161705
11146,0.010632049277414624
11147,0.4727989239579989
11148,0.07336912752859501
11149,0.00042021958022748894
11150,0.22603243882077045
11151,0.9996523533296412
11152,0.999813541556598
11153,0.25345123409762743
11154,0.9994807358729794
11155,0.5576657108724786
11156,0.9996741839935197
11157,0.12237073713707616
11158,0.1021669544698725
11159,0.999555370523253
11160,0.9992037456674615
11161,0.040629530203058074
11162,0.00011218499319928843
11163,0.04237718239403215
11164,0.01303779709326748
11165,0.0004126356114172919
11166,0.20120666182943317
11167,0.057230996838750846
11168,1.0835779221131403e-05
11169,0.8125581903816119
11170,0.7500315305515708
11171,0.18686382818407363
11172,0.9996365098419284
11173,0.9999777212902027
11174,0.03990751396245989
11175,0.10265340311683185
11176,0.08476142211472072
11177,0.1246133021237299
11178,0.0014122923446807485
11179,0.8257676873646211
11180,0.028018308507869776
11181,0.8022759678666651
11182,0.12904695647241984
11183,0.06382783719824911
11184,0.965040719137944
11185,0.00015403958114875484
11186,0.0006483699534488984
11187,0.2307105491153223
11188,0.04409740523027835
11189,0.021954130834369326
11190,0.2955485343249797
11191,0.9976709610206831
11192,0.006458496690921441
11193,0.390331072334426
11194,0.0029854216882985903
11195,0.9995748273396287
11196,0.6818827932130849
11197,0.4944391281874304
11198,0.1632228374599623
11199,0.9996083192137359
11200,0.8179151953129137
11201,0.8345269858653386
11202,0.2985597092141304
11203,0.24464601642907993
11204,0.8962955913660503
11205,0.22177969806468106
11206,0.8135885277994704
11207,0.0028381574563383525
11208,0.0531381254975811
11209,4.348311759550977e-05
11210,0.001244568358667591
11211,0.6816728092064743
11212,0.1139972594377553
11213,0.7480911792378194
11214,0.9993711860036805
11215,0.7079559011305913
11216,0.00010363337340299546
11217,0.006233179074363802
11218,0.0006663022290195292
11219,0.999490830719601
11220,0.8365366124787393
11221,0.006319986507819541
11222,0.02510857172760177
11223,0.4768566592667016
11224,0.05848623645997835
11225,0.7746867961781393
11226,0.99836209650185
11227,0.19366085419228568
11228,0.7928218853978052
11229,2.212435673189611e-05
11230,0.4348139312765517
11231,0.03617600571218456
11232,0.04117869541679065
11233,0.009216609772065393
11234,0.6820394697053223
11235,0.011982035259932411
11236,0.41201849020053827
11237,0.004144022655749349
11238,0.00021582371514494229
11239,0.024190993331074686
11240,0.002027816345247001
11241,0.13332003338488704
11242,0.9998771574896798
11243,0.8287495917205717
11244,0.09909895987421599
11245,0.011540961531956547
11246,0.003194381318984372
11247,0.6999888606148469
11248,0.003597021574687967
11249,0.003969816770839426
11250,0.7841056644136024
11251,0.9992069185107323
11252,0.00109235561383803
11253,0.008680725384701559
11254,0.01512380953377725
11255,0.06659416532697122
11256,0.7102753206642539
11257,0.003197005151425645
11258,0.015528285579175613
11259,0.001330576494433853
11260,0.7762646277656067
11261,0.4047668912301619
11262,0.2574891549848007
11263,0.016788299829891752
11264,0.1681042763023924
11265,0.8425163057083078
11266,0.16264302019358037
11267,0.8291716806442071
11268,0.031156202664895
11269,7.050095000941648e-05
11270,0.143253510844573
11271,0.01797507019672361
11272,9.318172191905519e-05
11273,0.11708207544371771
11274,0.25726472882168233
11275,0.995365198027175
11276,0.16835689797832526
11277,0.5763517999143702
11278,0.6098661395049289
11279,0.9994686355276532
11280,0.5964569667747572
11281,0.001606373272237589
11282,0.003681821522437777
11283,0.8186551081400782
11284,0.01363003340967734
11285,0.4631107057700818
11286,0.5005831106472584
11287,0.012044747587614322
11288,0.046644942559372994
11289,0.48774676522923993
11290,0.938211450346541
11291,0.8869798130677454
11292,0.00011273738212147289
11293,0.575457174502037
11294,0.3002526185200891
11295,0.09626231816476641
11296,0.0008145502830060556
11297,0.6650882446821049
11298,0.761377361800741
11299,0.999532300468535
11300,0.00396872751228119
11301,0.5601554944667022
11302,0.042276486911670436
11303,0.7629003229441318
11304,0.07913240840512796
11305,0.9995752148363412
11306,0.6061337176950891
11307,0.007946942111367015
11308,0.031078967318867452
11309,0.024885519384692786
11310,0.758564611912367
11311,0.013602076066417588
11312,0.9991507841673286
11313,0.8157963018132682
11314,0.0006111198997093658
11315,0.11074899732305296
11316,0.5739235464485114
11317,0.9995752148363412
11318,0.012130474001671707
11319,0.99947817992549
11320,0.8708542553967349
11321,0.0004118785204682581
11322,0.021464163264974294
11323,0.011043247902451392
11324,0.0016874760069794023
11325,0.14328244317423622
11326,0.8179961714303617
11327,0.9999364441705685
11328,0.0076105109896372975
11329,0.11405601907845421
11330,0.6594267254641392
11331,0.10688696785466847
11332,0.857908183129478
11333,0.4241874148844852
11334,0.9995949625908972
11335,0.9999364441705685
11336,5.096680745795733e-05
11337,0.00013656684274069084
11338,0.9595280489234479
11339,0.0007141318432843301
11340,0.08285956062758476
11341,0.7161351577864825
11342,0.03498294178155256
11343,0.9201218155710459
11344,2.9486394747540677e-05
11345,0.5029165595286894
11346,0.1416630777737699
11347,0.0018655324941328243
11348,0.2958552659918881
11349,0.1572987840699822
11350,0.8228948222459288
11351,0.00021598092608064628
11352,0.03039446841386541
11353,0.0035850637581527423
11354,0.9222663053078358
11355,0.048314987799899414
11356,0.07464735048327342
11357,0.25345123409762743
11358,0.03905879357035445
11359,0.06613596839307995
11360,0.027474742277028095
11361,0.9996829977336692
11362,0.28761255749509
11363,0.8792862037766368
11364,0.07129072797345629
11365,0.002637570283842256
11366,0.14750640500889028
11367,0.9998704162837054
11368,0.00018534503313056872
11369,0.2597733664740906
11370,0.05329843060401134
11371,0.0006087679624871623
11372,0.3256993469481219
11373,0.4007381726475368
11374,0.11784477757941325
11375,0.999973115377271
11376,0.16069164538086647
11377,0.02525255263838913
11378,0.023226865200425734
11379,0.0018194200348181121
11380,0.33857391841926315
11381,0.22932823260913335
11382,0.7067303631669634
11383,0.0002448837133704161
11384,0.5995101323362799
11385,0.21912548667107093
11386,0.5570859476524526
11387,0.08304301394323307
11388,0.0014564809645970388
11389,0.5197270204637896
11390,0.010820587873074626
11391,0.01856542150605677
11392,0.10254436860608361
11393,0.15908383329419543
11394,0.002446816283271736
11395,0.18044027747829294
11396,0.15056283443467333
11397,0.15305785636869873
11398,0.03151866879147347
11399,0.9998268336769098
11400,0.9004869426132599
11401,0.011088739337520612
11402,0.0040172418528502075
11403,0.0017991343788387013
11404,0.9999156860115322
11405,0.9081909295493428
11406,0.2996041230604116
11407,0.44303276470311836
11408,0.999506138346977
11409,0.9993370659712333
11410,0.4737382903350776
11411,0.7655185558619274
11412,0.010533881461875186
11413,0.813214404164
11414,0.9999718846290591
11415,0.49867148862913896
11416,0.3295140769926634
11417,0.5165161993284123
11418,0.3207687720692741
11419,5.5926268322291604e-05
11420,0.9994666407372146
11421,0.787244925816285
11422,0.3519124394222727
11423,0.19616615273652893
11424,5.938415986049527e-05
11425,0.5564654125559314
11426,0.9050108142001353
11427,0.8072628055786023
11428,0.00013010281390652285
11429,0.05754932223817486
11430,0.03306242616959185
11431,0.5040267827612592
11432,0.8701480875056479
11433,0.9998704162837054
11434,0.9222663053078358
11435,0.017551630895563455
11436,0.027872601517239925
11437,0.007323867980801223
11438,0.7203474634659219
11439,0.5850110031598086
11440,0.9995049538841312
11441,0.2617428118926674
11442,0.2592828670825025
11443,0.26917486728089385
11444,0.4432492908283683
11445,0.99947817992549
11446,0.014051322178759913
11447,0.2715504321144477
11448,0.0010738259715353318
11449,0.043681767896301
11450,0.00102330483505815
11451,0.0946650504390279
11452,0.7365731219814289
11453,0.990016842120114
11454,0.9997764883396204
11455,0.013906021057610891
11456,0.5861348502801408
11457,0.04291195648493177
11458,0.6908237934364583
11459,0.9992688624273456
11460,0.6887518068053589
11461,0.40193990736301005
11462,0.8368558849484672
11463,0.259468397209432
11464,0.9999511827981681
11465,0.0039711248929989
11466,0.7630821503679711
11467,0.2373094170417371
11468,0.014028301064119706
11469,0.9995781819570394
11470,0.974743060831241
11471,0.589408089591252
11472,0.0013248547630109334
11473,0.060203262106635694
11474,0.9678492324298154
11475,0.937644688772549
11476,0.07940192153381792
11477,0.11261092672884368
11478,0.0012702508721805302
11479,0.2664785957224265
11480,0.924453508666957
11481,0.05817929241916269
11482,0.17675709650483162
11483,0.9520759626104489
11484,0.019479660353843086
11485,0.02312981738237554
11486,0.14566796453886435
11487,0.8539793571883022
11488,0.2577269067371738
11489,0.8319497142796729
11490,0.4000731531295505
11491,0.7068991225774073
11492,0.002398592539837143
11493,0.3934642960942376
11494,0.005573599451144774
11495,0.3148534642799204
11496,0.038183323208767654
11497,0.7889295845345387
11498,0.5413766973493674
11499,0.0005487487241807076
11500,0.5734527131956104
11501,0.9040199709517437
11502,0.41091286139140665
11503,0.05329843060401134
11504,0.00043242323612673495
11505,0.6404776308204377
11506,0.2565252459569304
11507,0.052838728773306594
11508,0.7641375067140719
11509,0.9995860782741538
11510,0.0036576929569957376
11511,0.355549438450864
11512,0.9997006824583661
11513,0.25682730583644536
11514,0.7139534790811126
11515,0.5672084136341452
11516,0.9113835455778377
11517,0.9998452880340445
11518,0.9998176213140284
11519,0.004988715191327801
11520,0.2723295696229611
11521,0.14327976123294464
11522,0.0022570500053486946
11523,0.9998961760461855
11524,0.004277322211169253
11525,0.004962349519130089
11526,0.9987540749782311
11527,0.3715105947311594
11528,7.647393631939162e-05
11529,0.3876064667540944
11530,0.007742373545517659
11531,0.9998268336769098
11532,0.5000447777611076
11533,0.9994204615799385
11534,0.31030227539288097
11535,0.25919026101147596
11536,0.04715676228101161
11537,0.1442567814106881
11538,0.040274421568868915
11539,0.00023498983143036852
11540,0.7373510113212531
11541,0.9973196017368346
11542,0.7183493884677051
11543,0.004420546079741202
11544,5.718061596475158e-05
11545,0.018892716591454646
11546,0.014035733568121515
11547,0.0007286301932388953
11548,0.06507622143580047
11549,0.43668545528785063
11550,0.999925288954087
11551,0.07855024459804545
11552,0.9995430468258565
11553,0.4594662923649436
11554,0.6999888606148469
11555,0.15618928960019463
11556,0.052801057849818214
11557,0.46263452374017194
11558,0.9998672268658048
11559,0.9999141850225391
11560,0.006569987421334644
11561,0.397254019838144
11562,0.9998959088428638
11563,0.763772808945125
11564,0.7628127628325964
11565,0.11226487236575847
11566,0.6992663054267471
11567,0.6049603937570325
11568,0.7024640427515171
11569,0.9116631017732466
11570,0.00020134221847732277
11571,0.3127458560876991
11572,0.02995205741490135
11573,0.1778151074982936
11574,0.483894252330528
11575,0.0008467333556019914
11576,0.027982095005614112
11577,0.0017026080254085535
11578,0.001091379138182891
11579,0.8683295733666823
11580,0.011627180625183225
11581,0.06479473238070002
11582,0.003413630517672249
11583,0.9999316082189914
11584,0.04756607187227599
11585,0.7060731060054208
11586,0.38564125409370575
11587,0.5613295410155994
11588,6.0749511813338324e-05
11589,0.5328293440862871
11590,0.007540616125961804
11591,6.096856696522998e-05
11592,0.008989791899965785
11593,0.4867462519110177
11594,0.1557632035510007
11595,0.9996182826875794
11596,0.015616688110975012
11597,0.9998397421750914
11598,0.7077092798771242
11599,0.2888450509705447
11600,0.08016389443291431
11601,0.9997121867270569
11602,0.20676148832824404
11603,0.8010274545831942
11604,0.06995934632472289
11605,0.07334441333110671
11606,0.04835020015769995
11607,0.02118764633293779
11608,0.48264846440477316
11609,0.37377294118908183
11610,0.16229087100041606
11611,0.11699314420996793
11612,0.7983863893927323
11613,0.8872731795212058
11614,0.045709655169757724
11615,0.9998481284934239
11616,0.39269303650463294
11617,0.5043100385898605
11618,0.05353245932752459
11619,0.25147321375003096
11620,0.9029657966188991
11621,0.3082627749322331
11622,0.001263924610047561
11623,9.550611318821142e-05
11624,0.06161684740399527
11625,0.08151674546388542
11626,0.37846679845886294
11627,0.6277774224179824
11628,0.0015550402565002984
11629,0.00028927529358321847
11630,0.9998771574896798
11631,0.9996461606466575
11632,0.030511902972765306
11633,0.9987540749782311
11634,0.2233799395461735
11635,0.02882860125985005
11636,0.9998983101824852
11637,0.3215174240760436
11638,0.0038462046411501826
11639,0.9622844930087124
11640,0.9997693236947158
11641,0.007117041842608077
11642,0.9998944236800902
11643,0.004095153579012944
11644,0.14112147849704262
11645,0.3329595616368661
11646,0.002350134240363597
11647,0.3982479549602436
11648,0.3031947479362048
11649,0.9997396015332854
11650,0.9990051294527309
11651,0.49296658638135427
11652,0.0002902261937553659
11653,0.0007764617035329613
11654,0.002389817308553306
11655,0.0031884417383226875
11656,0.2926614457693346
11657,0.8074286670704423
11658,0.999354965896044
11659,0.7731179207896725
11660,0.030956027951435656
11661,0.0026469363279829103
11662,0.010913533602449597
11663,0.6722917559209391
11664,0.0002122179560320418
11665,0.9992319874878447
11666,0.7909393699977534
11667,0.259468397209432
11668,0.8203160847803076
11669,0.999548755909269
11670,0.10575446372407088
11671,0.2871390874593255
11672,0.1090809331337306
11673,0.006722369664443725
11674,0.6101492477658822
11675,0.6109186317361277
11676,0.0007107959652114536
11677,7.86302001100844e-05
11678,0.25258812653884216
11679,0.032008121759543554
11680,0.00019686818568218003
11681,0.00014989299032951256
11682,0.9985585795495608
11683,0.0033763076258873843
11684,0.7737086240628943
11685,0.002265822155477466
11686,0.7622537528679275
11687,0.2957429468592845
11688,0.9995748273396287
11689,0.00040689308190983804
11690,0.0012962596667733597
11691,0.9989056519622268
11692,0.999837012811801
11693,0.8874737069363071
11694,0.31209839910965603
11695,0.0023672840168115347
11696,0.0055631982409955275
11697,0.05789578236182557
11698,0.0021518687261855305
11699,0.5943670419893049
11700,0.9996163273617402
11701,0.35925346797447283
11702,0.9996608488107642
11703,0.19605088874638676
11704,0.9282593771781084
11705,0.999680889090472
11706,0.04203595821189922
11707,0.969118964394088
11708,0.999813541556598
11709,0.9984494579348531
11710,0.9736735607536985
11711,0.9983118087306112
11712,0.3437169868153187
11713,0.2257315545601895
11714,0.8702507727739209
11715,0.6039398980539747
11716,0.008388590273996585
11717,0.10704774989510564
11718,0.9998944236800902
11719,0.0895256378440599
11720,0.10570996071432535
11721,0.7315869416338175
11722,0.0012219186005571312
11723,0.00010570907616332225
11724,0.015542088994132338
11725,0.9992897607141956
11726,0.06169572716189126
11727,0.999573889538792
11728,0.9999364441705685
11729,0.0001527729196975918
11730,0.2483688644027651
11731,0.7612775181010142
11732,0.8028002770291561
11733,0.16869610832087592
11734,0.0035094936507821723
11735,0.4267858073584477
11736,0.13000609411821154
11737,0.1560223386841508
11738,0.5082837961402414
11739,0.9996811569143697
11740,0.9994614757084609
11741,0.4599111975904072
11742,0.8103449729822052
11743,0.003012182087295732
11744,0.7871620359768765
11745,0.916258710230541
11746,0.5197270204637896
11747,0.0030667081560697925
11748,0.001107377218652342
11749,0.16922656253094318
11750,0.9996829977336692
11751,4.913947360064223e-05
11752,0.24956292843407826
11753,0.15772624533775792
11754,0.9974502403676472
11755,0.8274160201555641
11756,0.2876938687946967
11757,0.36249854295268386
11758,0.8859277282930005
11759,0.0702375077733393
11760,0.01750843258785902
11761,0.26498931209830373
11762,0.018664190262500654
11763,0.007368981128270482
11764,0.15066255055369673
11765,0.999548755909269
11766,0.16353078392780013
11767,0.009739127598722449
11768,0.15469251831808317
11769,2.1097256144805654e-05
11770,0.0041994075467699735
11771,0.1986021453283392
11772,0.00202960038054916
11773,0.4002381062306335
11774,0.4718534412890494
11775,0.00028494785855499876
11776,0.32225319796824525
11777,0.5991084253618315
11778,0.8134313425558594
11779,0.0019008963887003816
11780,0.8638426267519701
11781,0.7364587995369863
11782,0.004256775551145676
11783,0.009540411114320276
11784,0.8135134978288523
11785,0.2251547100353142
11786,0.7861152336446721
11787,0.6032279191634761
11788,0.9879893581158702
11789,0.3999542484010739
11790,0.0030526695022947566
11791,0.02457627555373265
11792,0.9998771574896798
11793,0.05254683843611704
11794,0.9996811569143697
11795,0.0009926342729512656
11796,0.031174713177586817
11797,0.0025992771204027924
11798,0.008174485363307534
11799,0.007768078537356304
11800,0.0005427029248327724
11801,0.1563195340630812
11802,0.4253462765349329
11803,0.008301863842674308
11804,0.1968515403791242
11805,0.9995597018021997
11806,0.05736482578046202
11807,0.28931887592462363
11808,0.744704518599856
11809,0.9990140292281044
11810,0.011251681964551794
11811,0.5665172377707046
11812,0.9992536236980566
11813,0.999396684619105
11814,0.9991858153933683
11815,0.016880584303940745
11816,0.43719143649351505
11817,0.9997991557055738
11818,0.5525344743089372
11819,0.6880336328922986
11820,0.008904094665841506
11821,0.07458925334442179
11822,0.22622882365596855
11823,0.0006717498570244699
11824,0.06915337177899109
11825,0.44674961988338
11826,0.00878579718388711
11827,0.0011941195074697726
11828,0.3072458088759303
11829,0.7535429315855732
11830,0.39928649256627646
11831,0.021504545898565725
11832,0.2043860819649791
11833,0.007080076941239502
11834,0.3348038543689051
11835,0.9996454908518063
11836,0.08684243034060286
11837,0.7309924097025468
11838,0.034244643834662594
11839,0.6945275027967248
11840,0.9403366889887538
11841,0.999409621151641
11842,0.028097822661774907
11843,0.7652819848035249
11844,0.9994990550201834
11845,0.02617794186268895
11846,0.9996869069705021
11847,0.00016940190500363108
11848,0.04017937037394053
11849,0.4202577341702744
11850,0.29775697142805535
11851,0.9992274488257629
11852,0.00441223452722689
11853,0.35876312896249235
11854,0.9997016419575802
11855,0.8466093253120802
11856,0.33897523003126745
11857,0.0027186336932559273
11858,0.5337997416144077
11859,0.4657944518188929
11860,0.025355879732728216
11861,0.34678468226867804
11862,0.9996761613971951
11863,0.4923369915582727
11864,0.7392199450855373
11865,0.0062472111902121845
11866,0.1478126999490713
11867,0.004833536782991513
11868,0.6318191830256642
11869,0.4547776779716874
11870,0.4670756557419391
11871,0.002423680154593613
11872,0.0009442402756571658
11873,0.9999562912726505
11874,0.0015626632645527215
11875,0.6347091210410979
11876,0.00016922877566136606
11877,0.6478390359290515
11878,0.010372608376550775
11879,0.07468282906542384
11880,0.9995752148363412
11881,0.1489565777363695
11882,0.003771800167353994
11883,0.02820091547766031
11884,0.0003089592626359564
11885,0.029433386433983605
11886,0.7253912055441976
11887,0.20517476716622238
11888,0.7254427263715011
11889,0.38190575974255975
11890,0.005445285489530433
11891,0.0036521143994252938
11892,0.06798994216222805
11893,0.9997843460828961
11894,0.9996271970799889
11895,0.9986242895646849
11896,0.999786833738551
11897,0.5816365490637014
11898,0.8430183348365602
11899,0.009474772253242317
11900,0.999973115377271
11901,0.7858304767017874
11902,0.00030861059479267774
11903,0.010521752738922446
11904,0.7781470036159204
11905,0.04708364403445932
11906,0.3131198327487478
11907,0.6796679713960343
11908,0.10413632882601324
11909,0.9986211987720303
11910,0.999538404803149
11911,0.7968656218306589
11912,0.016525997323981443
11913,0.4321702913428277
11914,0.016870604617662172
11915,0.9999268237011831
11916,0.0016543755580086317
11917,0.9078157053217036
11918,0.2044490855282534
11919,0.9998125000902157
11920,0.044113142173438605
11921,0.6421983028479022
11922,0.7591637457516901
11923,0.5798733197737364
11924,0.9994740931110417
11925,0.16795117962662523
11926,0.6922425557699654
11927,0.00019262433343610362
11928,0.2658810196174215
11929,0.6869535534220345
11930,3.760313937424605e-05
11931,0.27792112883581754
11932,0.15646946733768569
11933,0.0002077449997905413
11934,0.9995618006181946
11935,0.10451911689622935
11936,0.032408315574169
11937,0.06655125983384715
11938,0.03552451243214695
11939,0.0008762809467141912
11940,0.15542751880371308
11941,0.3568202752040728
11942,0.004916106684793794
11943,0.0001965516869264358
11944,0.0014794329553375705
11945,0.9996365758420503
11946,0.039067782442137
11947,0.07602201321798793
11948,0.9997000084645683
11949,0.1733298895246134
11950,0.36117689998072366
11951,0.023590687189318477
11952,0.025600231188867156
11953,0.6313119055849901
11954,0.8387339069619874
11955,0.9997396015332854
11956,0.24208817097392626
11957,0.5302848832862719
11958,0.2976162568738898
11959,0.011967805283104094
11960,0.170162667949638
11961,0.766731346965767
11962,0.3948869734917003
11963,0.00037528833824678403
11964,0.5679910187582641
11965,0.960401861911497
11966,0.9992745473633374
11967,0.0007981437088911094
11968,0.018987579249348838
11969,0.6850619987460281
11970,0.6668527392666006
11971,0.05311114042645273
11972,0.6645983596812503
11973,0.0421524768354778
11974,0.10234846806748077
11975,0.4450888920086717
11976,0.3184171483966894
11977,0.001197604216316249
11978,0.013383783828399378
11979,0.2498275905573522
11980,0.0003728894534585975
11981,0.0005043167555845408
11982,0.0011186443930047804
11983,0.05069436642998621
11984,0.00039742165715017956
11985,0.000737431593856658
11986,0.3507237902976363
11987,0.0006483699534488984
11988,0.08361279021809967
11989,0.04786085703172125
11990,0.0008123518383988948
11991,0.4717020718374491
11992,0.13616099659472322
11993,0.9996741839935197
11994,0.9996114433097345
11995,0.6805343490960821
11996,0.5511000188535591
11997,0.9999618893166523
11998,0.9994704296180155
11999,0.0012960322913555212
12000,0.01655710572571186
12001,0.28869488530328985
12002,0.2975861109140843
12003,0.5409000046779987
12004,0.9977286124643662
12005,0.10493737529732337
12006,0.2982431741630626
12007,0.0002731257957080918
12008,0.06732136764123411
12009,0.8291052225953032
12010,0.0026827491511243447
12011,2.121513214909369e-05
12012,0.999945400193547
12013,0.999354965896044
12014,0.12703296246088455
12015,0.14099156647740288
12016,0.008076745212106367
12017,0.0109973302682449
12018,0.010651430952888116
12019,0.04318749791415793
12020,0.9971052238819329
12021,0.6705779570829935
12022,0.6920300441595081
12023,0.2561563381892065
12024,0.0036607274403153674
12025,0.00043404566607505973
12026,0.8842471319663058
12027,0.3050576998083711
12028,0.048632868220284446
12029,0.00015362723272289514
12030,0.9995544571490925
12031,0.02377383120359779
12032,0.9996481142640015
12033,0.4903395549092992
12034,0.9167205271814309
12035,0.0001156887902936629
12036,0.07446937796333859
12037,0.027910719934439377
12038,0.052893247576529634
12039,0.003035854680696197
12040,0.0001855145375830011
12041,0.7924927470852893
12042,0.7375095294918812
12043,0.35865543122586246
12044,0.7533487996304967
12045,0.9995999528805428
12046,0.18982698029519943
12047,0.9998029212037286
12048,0.012023669857482941
12049,0.07052213813194161
12050,0.022463754769014986
12051,0.11641741022337662
12052,0.2756363129201949
12053,0.5225722941602171
12054,0.0846514937493879
12055,0.9996114433097345
12056,0.0007400837040635519
12057,0.999620369007414
12058,0.9996182826875794
12059,0.002683752056255091
12060,0.9255589322675107
12061,0.9996571114847964
12062,0.3101006900865576
12063,0.9999029313405201
12064,0.320694073964825
12065,0.9999316082189914
12066,0.9993491643568999
12067,0.02053989916593914
12068,0.5201872069563562
12069,5.337745499541783e-05
12070,0.012363590643146384
12071,0.007991986297801698
12072,0.9992866709610337
12073,0.6779900950562441
12074,0.6491811814772926
12075,0.14104177776832597
12076,0.4944686362777095
12077,0.09510824194383481
12078,0.024268731375192077
12079,0.999548755909269
12080,0.3516083879145845
12081,0.37549063435627217
12082,0.006264348543222817
12083,0.046667336238704345
12084,0.03851485247946586
12085,0.8813949900650753
12086,0.009074119227526859
12087,0.066499582106071
12088,0.7562394633649276
12089,0.9996224940764717
12090,0.00019623396837918712
12091,0.13730833108755536
12092,0.07522309018627711
12093,0.0016043486851767552
12094,0.7085666496225493
12095,0.9998346221381011
12096,0.012744604952223102
12097,0.037717149264574756
12098,0.00011227992729478841
12099,0.8851732972693357
12100,0.00012241910666083456
12101,0.002941805269162006
12102,0.002534393285308403
12103,0.6528221031620416
12104,0.9997077590462575
12105,0.7503366922050376
12106,0.9646019240680795
12107,0.000566543022257243
12108,0.14339808278400165
12109,0.005968671642331244
12110,0.9987236992067033
12111,0.0057852327202710255
12112,8.731301023265695e-05
12113,0.0047799790901058735
12114,0.00015093499015313467
12115,0.4089829369882916
12116,0.18393670688616837
12117,0.0862913195867528
12118,0.018200914679033797
12119,0.6682197255067167
12120,0.6790339350676999
12121,0.25189555739515823
12122,0.5645404763460593
12123,0.021892851028961498
12124,0.999354965896044
12125,0.00019676555749245468
12126,0.05577212134087452
12127,0.9994823251242084
12128,8.371406499107545e-05
12129,0.6471443011399185
12130,0.0011536171355830118
12131,0.24641318558774766
12132,0.7055994781319063
12133,0.06540944180521274
12134,0.10923143327197013
12135,0.7560699366503632
12136,0.9998487393337693
12137,0.1316663981713484
12138,0.9521520756619555
12139,0.17071156284943614
12140,0.9989274180942594
12141,0.5511000188535591
12142,0.003881302756484374
12143,0.23775052463556023
12144,0.008514809877332106
12145,0.004939374510552843
12146,0.9990222878533459
12147,0.9993336517016168
12148,0.8969104943198488
12149,0.5885537182752463
12150,8.570997185503882e-05
12151,0.604807690176103
12152,0.0002600770191803498
12153,0.4293112931332401
12154,0.13130278598039083
12155,2.8131284805044954e-05
12156,0.999766823930587
12157,0.04449642231295662
12158,0.0019608673549661305
12159,0.11072034431332455
12160,0.32045619044324153
12161,0.8158288099339361
12162,0.4494866279882869
12163,0.022648180925089703
12164,0.9999351110072078
12165,0.9998318286966535
12166,0.04264179054945442
12167,0.004426916670179648
12168,0.006264348543222817
12169,0.9992803795967115
12170,0.0018642258627471658
12171,0.12302497016544348
12172,0.5656209612098237
12173,0.10996430665782181
12174,0.31236361027336007
12175,0.008552535812683905
12176,0.17644373733035745
12177,0.006229128695910466
12178,0.2109082787502705
12179,0.002957899823453457
12180,0.7551006987856228
12181,0.9996963922445339
12182,0.3096696836380811
12183,0.7121719429809191
12184,0.03255484020687609
12185,0.7600966014939459
12186,0.003836197309171085
12187,0.630280152761941
12188,0.9992815807706777
12189,0.20079743531047245
12190,0.9995617766552871
12191,0.4715966320211808
12192,0.04536305876208192
12193,0.0023498046949588336
12194,0.010793859783373824
12195,0.8790185916647468
12196,0.08317522564574982
12197,0.23179944081710088
12198,0.9195567858906015
12199,0.004936128739820736
12200,0.003246930778239605
12201,0.8659149720970627
12202,0.02943171206820313
12203,0.6765925422024858
12204,0.24039514608536708
12205,0.0053601972067193054
12206,0.14770713104321667
12207,0.09161763744946369
12208,0.30415226190304534
12209,0.6244264906294857
12210,0.013370085028415192
12211,0.02902534922825704
12212,0.07723593669757833
12213,0.00013247038401803334
12214,9.477947839336384e-06
12215,0.014273165818878395
12216,0.13996882831943533
12217,0.0003212942522728102
12218,0.09378501636850863
12219,0.9995321735965664
12220,0.00021236484921865437
12221,0.8278973343622817
12222,0.0038706538960773702
12223,0.9996179313407902
12224,0.03809222154598552
12225,0.999354965896044
12226,0.6823078253722271
12227,0.09806674163590248
12228,0.0221026423797164
12229,0.009683979886216616
12230,0.00010806826715951133
12231,0.07818814680307692
12232,0.637065655538038
12233,0.09264006631617616
12234,0.8492879577991908
12235,0.3622166843682844
12236,0.13866459077995225
12237,0.24389579376393666
12238,0.9999308461696204
12239,0.2289114711762319
12240,0.012726814598278036
12241,0.0003868015041493707
12242,0.10338546862898458
12243,0.0012050988719432643
12244,0.001265231324039468
12245,0.003561904798898259
12246,0.13003351727299603
12247,0.0002454093792935079
12248,0.8374158745541542
12249,0.029944085239700602
12250,0.9993759122419318
12251,0.8408076645472082
12252,0.9999718846290591
12253,0.998658217136468
12254,0.9997987072234696
12255,0.24066264129133172
12256,0.9222663053078358
12257,0.8772273039909271
12258,0.9996523533296412
12259,0.3427776939744911
12260,0.0003720394942654278
12261,0.9965750147308478
12262,0.9996083192137359
12263,3.889068547938653e-05
12264,0.9995949625908972
12265,0.9998625834251481
12266,0.00011432265111461998
12267,0.8998501001230206
12268,0.1529062089243375
12269,0.9992426381385263
12270,0.571390490395029
12271,0.5588188234640246
12272,0.7770563201979437
12273,0.12919068008762458
12274,0.0022353456005742636
12275,0.886606531846762
12276,0.005001342729052901
12277,0.10153084935883386
12278,0.015593456894560664
12279,0.9996761613971951
12280,0.9679729672949907
12281,0.9098374403271507
12282,0.004355768909336861
12283,0.7297596082232755
12284,0.003267906039020593
12285,0.9991118856657372
12286,0.9996788687464264
12287,0.1360693484109357
12288,7.064062218292611e-05
12289,0.9999266495401228
12290,0.00025279589989669107
12291,0.06315615553715587
12292,0.9976709610206831
12293,0.024116822668089646
12294,0.016943678359600405
12295,0.14616549957539235
12296,0.007871207049509372
12297,0.2744883634558059
12298,0.0006483699534488984
12299,0.13134274442136626
12300,0.8317419858809466
12301,0.00019679405015901765
12302,0.0012367877748499397
12303,0.7908247229562686
12304,0.46948098446170283
12305,0.0037858552958612126
12306,0.006320921604294121
12307,0.012277037110627291
12308,0.6005213172765054
12309,0.01776894334955685
12310,0.8685084892667927
12311,0.36147005492951173
12312,0.0008945189930781906
12313,0.3024024294823823
12314,0.02787984533902425
12315,0.18444298725880542
12316,0.8392250162313326
12317,0.999925288954087
12318,0.45579910211362223
12319,0.382817025630581
12320,0.9996780930018876
12321,0.39495856287693737
12322,0.06841010585837703
12323,0.7795451098078857
12324,0.01005437149097409
12325,0.9986365755993868
12326,0.10806328717494992
12327,0.999766823930587
12328,0.6260229766637114
12329,0.07236934787120794
12330,0.9389528952220231
12331,0.030243275543015556
12332,0.08115058312050716
12333,0.07792759131683273
12334,0.022553248997652882
12335,0.031126500108259205
12336,0.07440522711637619
12337,0.9963831731241032
12338,0.19984665796815723
12339,0.3157046806362672
12340,0.1740821997027279
12341,0.006521020568962161
12342,0.58770625341266
12343,0.31504093618171214
12344,0.15605229295781425
12345,0.34279087203153424
12346,0.9998475756380479
12347,0.05512005241508962
12348,0.15981854278062832
12349,0.28430904419247016
12350,0.005908893251105014
12351,0.999925288954087
12352,0.05331589273091662
12353,0.23085711670895578
12354,0.9973020060107025
12355,0.9973156718399206
12356,0.13122536570364704
12357,0.9993524549323336
12358,0.030147338415843525
12359,0.013561795530960341
12360,0.0073293523098137475
12361,0.004568235496038849
12362,0.7667611354070101
12363,0.10719551671313202
12364,0.19342909512894044
12365,0.2741955510115599
12366,0.010865089620162959
12367,0.36611388086107916
12368,0.9913670739808057
12369,0.00014726303440083105
12370,0.9419587386815139
12371,0.13766974253063824
12372,0.0027627201430526094
12373,9.606323394055663e-05
12374,0.22348254739102832
12375,0.8116898103575928
12376,7.465785748965228e-05
12377,0.9994314362506218
12378,0.011745994654534159
12379,0.15093076189740431
12380,0.44738058654517976
12381,0.05639235820974724
12382,0.7348902842012236
12383,0.3589253897975599
12384,0.06819440333427629
12385,0.6427503416363746
12386,0.01297296696421709
12387,4.931394831139563e-05
12388,0.8369394849743504
12389,0.5455391214672657
12390,0.215023127830711
12391,0.5267029516731032
12392,0.6185392384886633
12393,0.9991315610360857
12394,0.9996304690803428
12395,0.01140520411974412
12396,0.1864491787680931
12397,0.09538244001873093
12398,0.8300164900914399
12399,0.0156988046463078
12400,0.011705841603672452
12401,0.21908615718955582
12402,7.671610115316321e-05
12403,0.005817872430232717
12404,0.0062848669226455356
12405,0.0015324088070481471
12406,0.43843126754635187
12407,0.5028099808268511
12408,0.2842948200112698
12409,0.11520613830731265
12410,5.647721097992361e-05
12411,0.011880836599060514
12412,3.0063915300755944e-05
12413,0.9996516518776984
12414,0.18802747013089938
12415,0.13860409067762497
12416,0.9997109980690538
12417,0.03138096117975314
12418,0.0019558318660388035
12419,0.01408793188635953
12420,0.9993197299943488
12421,0.9640550935300264
12422,0.0027990241473012027
12423,0.006988795615844939
12424,0.9998411885134655
12425,0.9996980994003433
12426,0.0004225138806522029
12427,0.01175192462366198
12428,0.06119365488315192
12429,0.8367692892178494
12430,0.03343878807907588
12431,0.00020746009152684675
12432,0.21491130473515743
12433,0.027734764116962643
12434,0.6032417418160984
12435,0.026480153674959796
12436,0.010135524822975738
12437,0.6561335892438193
12438,0.01685998663100957
12439,0.00013871488673496783
12440,0.6301285697588221
12441,0.004244186404612716
12442,0.8100793454289454
12443,0.11363172223827815
12444,0.01498911313526558
12445,0.49269026406313055
12446,0.004470494032318602
12447,0.7961716427933281
12448,0.7064150597425275
12449,0.03897009772004626
12450,0.9998771574896798
12451,0.0001537794878991923
12452,0.4791074903956748
12453,0.035436214492864555
12454,0.0126388974510191
12455,0.1618333564184479
12456,0.21254793446290673
12457,0.028626506810323655
12458,0.0016780370698002828
12459,0.00037676586001804944
12460,0.08144312477689597
12461,0.33579090330291905
12462,0.8340748788314234
12463,0.7297433563961233
12464,0.0013348849409207956
12465,0.36306500883421
12466,0.7357814792034499
12467,0.016278693651561777
12468,0.9995236778940882
12469,0.0030348217824503663
12470,0.017613612985911607
12471,0.1199118085197037
12472,0.004584621699586686
12473,0.9996365758420503
12474,0.00026615487975493063
12475,0.27674628128606493
12476,0.006843487062677379
12477,0.10346482769755144
12478,0.00040396811908574294
12479,0.8736089670525647
12480,0.025931142936046127
12481,0.08676826234014778
12482,0.9438814627953053
12483,0.0014715019531423837
12484,0.0002100050496803131
12485,0.42292308817563884
12486,0.07700270777416786
12487,0.7347642442687707
12488,0.034794829009994456
12489,0.35584998661301603
12490,0.4206067655449652
12491,0.9998397421750914
12492,0.76700779388268
12493,6.452819888766295e-05
12494,0.9991683204199291
12495,0.8449562863671883
12496,0.353225050979799
12497,0.8208428408487335
12498,0.45332016970679884
12499,0.2814147196316272
12500,0.00016889941798890756
12501,0.8540213270777424
12502,0.9996128499844703
12503,0.1673372894448706
12504,0.07951926495340039
12505,0.000953239861304091
12506,0.0009806376259443373
12507,0.8148123670787497
12508,0.9996899929255046
12509,0.04446395446707692
12510,0.3532338783743168
12511,0.05648395419217801
12512,0.9674209940018584
12513,0.999953014711548
12514,0.4503618516399381
12515,0.9996163273617402
12516,0.8301394360963515
12517,0.886849161092265
12518,0.7710614442472242
12519,0.4782977195419972
12520,0.5465357397924733
12521,0.1112433654215222
12522,0.0336875688373777
12523,0.37875357551229905
12524,0.26162541900915265
12525,0.9792779068137943
12526,0.006102814117953486
12527,0.6846536481986304
12528,0.9993748658634132
12529,0.28964371449374615
12530,0.0021337497538030767
12531,0.07016315284108912
12532,0.5782313092776123
12533,0.9997227238349675
12534,0.38552484245392177
12535,0.0038340315243399685
12536,0.9996524855960205
12537,0.9998625834251481
12538,0.003537599004373077
12539,0.9998247634448995
12540,0.0005457640350721323
12541,0.0303642313023639
12542,0.03151866879147347
12543,0.9997495709741165
12544,0.4963261388181231
12545,0.023750316658483057
12546,0.3774518030217904
12547,0.5786758225133019
12548,0.002283486575007459
12549,0.999559144029639
12550,0.14835735478389475
12551,0.33522596894325213
12552,0.0007403976037235566
12553,0.09427204318484698
12554,0.21237522296875574
12555,0.0019750401979634225
12556,0.007644883306041797
12557,0.783734404498547
12558,0.9987236992067033
12559,0.4779548179460659
12560,0.013087838570306015
12561,0.31554372333279856
12562,0.0003433809559132562
12563,0.9997250351828642
12564,0.6238932794199041
12565,0.0013475359220552977
12566,0.001450638516431173
12567,0.1715106088043504
12568,0.31097826885831087
12569,0.8803268624349069
12570,0.15904539628970368
12571,0.030931396140323003
12572,0.6298079778429878
12573,0.8221822013328566
12574,0.00016149288347160556
12575,0.9992536236980566
12576,0.003190646318359967
12577,0.005134688186454341
12578,0.15678826977330967
12579,0.024097265374074847
12580,0.007703687448776909
12581,0.3702075156376651
12582,0.7646324511391791
12583,0.9995239414562674
12584,0.8459133816537928
12585,0.00825403096626836
12586,0.033774984647937906
12587,0.0025763520233239206
12588,0.06658694284847146
12589,0.06488221713339153
12590,0.7669976884727614
12591,0.49208792684735375
12592,0.9831419311725837
12593,0.9996373889138573
12594,0.015009293520399118
12595,0.936111004621437
12596,0.025057041294013968
12597,0.27898086815771767
12598,0.9995391638962738
12599,0.0123928407580061
12600,0.0945873234893055
12601,0.999543983356419
12602,0.969118964394088
12603,0.4919955253831081
12604,0.7028471551584204
12605,0.49267551715496954
12606,0.005606076702933259
12607,0.040180874969572344
12608,0.00837894644840566
12609,0.03507145632778506
12610,0.9993143983068229
12611,0.091225579620566
12612,0.20045733825601847
12613,0.004639824095173476
12614,0.0011339462732399596
12615,0.3034698764136939
12616,0.049256162366676626
12617,0.806772896741606
12618,0.15783897254838575
12619,0.572519735937456
12620,0.00019574515407432894
12621,0.09159224373088563
12622,0.4405140056948541
12623,0.8085025265806953
12624,0.03654076887788859
12625,0.1385840056285428
12626,0.43064438605507155
12627,0.9999438275324406
12628,0.6575223495014304
12629,0.03546587513254752
12630,0.8388935552047073
12631,0.6955091997550935
12632,0.18444927440976833
12633,0.999563261867387
12634,0.42024064066279665
12635,0.03873462378378809
12636,0.6625473055806581
12637,0.5734209184570432
12638,0.0577711440490661
12639,0.5794953830654109
12640,0.7507481478028742
12641,0.7697380356460981
12642,0.21101973673168642
12643,0.006092705226282161
12644,0.3218253459459045
12645,8.164323302325682e-05
12646,0.4968453214932979
12647,0.9992688624273456
12648,0.2099135039010491
12649,0.19909560527942943
12650,0.9454549125451608
12651,0.01910541256742453
12652,0.15345388563287501
12653,0.24568279351058792
12654,0.3507280255471373
12655,0.009234506921499398
12656,0.7417018559789075
12657,0.008961213068707972
12658,0.02297389119084511
12659,0.08867761898940678
12660,0.14817035321796193
12661,5.026584833701455e-05
12662,0.037940551747033216
12663,0.02111084552867259
12664,0.05395302868137518
12665,0.11874610447272692
12666,0.9993711860036805
12667,0.7035563288084248
12668,0.005059042699731205
12669,0.016217618412059674
12670,0.5690854235404559
12671,0.7766877919095849
12672,0.004371393806438515
12673,0.017094721797064377
12674,0.009109139952418818
12675,0.3638010100567633
12676,0.27982268403000443
12677,0.04809781564646728
12678,0.9998529501023748
12679,0.9345062032648908
12680,0.002283486575007459
12681,0.5512337445664783
12682,0.008956369223455664
12683,0.9996316093511417
12684,0.7032271776578202
12685,0.9987540749782311
12686,9.07027667400808e-05
12687,0.017783171774646677
12688,0.011117650273942556
12689,0.01795437021098009
12690,0.7117434507411493
12691,0.00014540147037886452
12692,0.8373326182969485
12693,0.05817929241916269
12694,0.9999494056365192
12695,0.3933869225757684
12696,0.8622367180976812
12697,3.486566027535342e-05
12698,0.14908917520979245
12699,0.041447364741250735
12700,0.11687270582459446
12701,0.9005771538745383
12702,0.2210994462743097
12703,0.011041271719135224
12704,0.006905055652750269
12705,0.018977936427661317
12706,0.066946742664028
12707,0.9995084445741358
12708,0.9999029313405201
12709,0.999813541556598
12710,0.9996182826875794
12711,0.9999082497465345
12712,0.03898377059114092
12713,0.9690851535848398
12714,0.008905539137212565
12715,0.5825213472570027
12716,0.5400223280268289
12717,0.9986157545855908
12718,0.027163578079905385
12719,0.13511532975254334
12720,0.8632066260161447
12721,0.9994807358729794
12722,0.19831936836232603
12723,0.34433870660141
12724,0.0010895226317775926
12725,0.9899596902925071
12726,0.06683158909244896
12727,0.0031934335626447354
12728,0.012274345124930043
12729,0.32314336683018213
12730,0.00031793943734364474
12731,0.9994314362506218
12732,0.6893040197539847
12733,0.32131812839245627
12734,6.86688229389991e-05
12735,0.35598424084204944
12736,0.1383624753753074
12737,0.7543355491950722
12738,0.06549645725927777
12739,0.3096595918159753
12740,0.4680341734725899
12741,0.18972911906288403
12742,0.999766823930587
12743,0.018961362632079957
12744,0.9990051294527309
12745,0.8372645761347239
12746,0.9995618006181946
12747,0.005696449027997596
12748,0.5059243191242037
12749,0.7384891761165265
12750,0.4894397588171
12751,0.999945400193547
12752,0.022394898461665383
12753,0.04479851779231281
12754,0.0004709651897189228
12755,0.8630507524771225
12756,0.9995739621556083
12757,0.007152950006745927
12758,0.9582284165470982
12759,0.0037061788454013094
12760,0.014613193385365835
12761,0.9998069574986757
12762,0.00031484122242509977
12763,0.1477039249743553
12764,0.0010747160035099687
12765,0.005544499061321684
12766,0.007253398244187139
12767,0.31578455818109724
12768,0.00011543965880643347
12769,0.01170400343822681
12770,0.9997495709741165
12771,0.7675888502676625
12772,0.02293932798138945
12773,0.10336450976356162
12774,0.11308063821105936
12775,0.9999122716636379
12776,0.26977035074983224
12777,0.00015731836803255537
12778,0.022780313579056435
12779,0.9990546367028946
12780,0.00020903424917689876
12781,0.00017197206067070625
12782,0.23485384250982103
12783,0.9996571114847964
12784,0.10440483520024635
12785,0.16523089138255773
12786,0.0011490045120365242
12787,0.6761411762501872
12788,0.22307749303446958
12789,0.5930857187370702
12790,0.001707881032961694
12791,0.6431735529604238
12792,0.003554393063992903
12793,0.006284700802353053
12794,0.2234379715873602
12795,0.00021633862993569709
12796,0.39037135826686525
12797,0.00022245982168241297
12798,0.7713824164009807
12799,0.000861290064322468
12800,0.8220087202668265
12801,0.0008422239885609687
12802,0.003731433568905653
12803,0.3180273468430235
12804,0.754016691057857
12805,0.9999484612432658
12806,0.34982879316832527
12807,0.6546307495486652
12808,0.99966616556887
12809,0.9995732123242959
12810,7.559821911413137e-05
12811,0.011599062324683215
12812,0.06152841093002305
12813,0.00010789640820589889
12814,0.636304491049186
12815,0.052372349504335364
12816,0.9998611543394631
12817,0.09915794080197624
12818,0.7223611797194749
12819,0.003688871954388043
12820,0.03204094747699667
12821,0.9406675290202251
12822,0.6287034945849284
12823,0.23200506602823387
12824,0.0090202874214152
12825,0.9995949625908972
12826,0.1435375530869525
12827,0.6201260089601288
12828,0.19030758205099188
12829,0.03272425694928265
12830,0.05638226665429014
12831,0.0006670767307552449
12832,0.8460329668387115
12833,0.7158671055923337
12834,0.05670423393308669
12835,0.25747361170657773
12836,0.9997171302829033
12837,0.9419587386815139
12838,0.23122669053687303
12839,0.6418666931084218
12840,0.0032002947542249826
12841,0.00017584348384167274
12842,0.014358873098712432
12843,0.8972865442354694
12844,0.0003657543581787196
12845,0.21135195220176045
12846,0.9998197263286934
12847,0.10902596823033668
12848,0.1167756371442929
12849,0.009607499569734165
12850,0.5873448801558092
12851,0.001072625630836603
12852,0.018658368521668668
12853,0.47656113045727716
12854,0.5019478731475099
12855,0.8355852615647144
12856,0.018942683688150462
12857,0.003927155470927372
12858,0.014927909320632192
12859,0.02503116046061822
12860,0.6400358745079611
12861,0.9999877955874008
12862,0.042599662097044036
12863,0.788066480817997
12864,0.03272277257989518
12865,0.16958401361047942
12866,0.9996179000581937
12867,0.052148709001513305
12868,0.044235850359015345
12869,0.5219057253887933
12870,0.22250038884672274
12871,0.00018929722006419072
12872,0.19168154721245345
12873,0.24028263673953745
12874,0.5870073940382475
12875,0.676102793157322
12876,0.0011511983851433497
12877,0.007767023011702032
12878,0.9996187860689761
12879,0.9996365758420503
12880,0.9991475852858643
12881,0.8011897453274169
12882,0.018069316103818314
12883,0.6800760811731996
12884,0.6231533806891468
12885,0.9111826143172306
12886,0.9995697468821
12887,0.10176349376997994
12888,0.0007063539034319759
12889,0.23288131551064756
12890,0.9993143983068229
12891,0.0003393404355141737
12892,0.48762244527903886
12893,0.0009402751259245125
12894,0.001738921343473808
12895,0.04087619905243038
12896,0.10132402669147934
12897,0.999839854212449
12898,0.000597124904606139
12899,0.0008934137438468304
12900,0.10548018368231656
12901,0.8355238281540738
12902,0.38764332922849926
12903,0.5564552005717919
12904,0.007459904156141987
12905,0.0070367046299186775
12906,0.007126274977924554
12907,0.007271476548802778
12908,0.9998530185338447
12909,0.04291364000042429
12910,0.738409758825033
12911,0.0014321845788266587
12912,0.028842549692216498
12913,0.9122884146140291
12914,0.4950928208113071
12915,0.0012301103241671575
12916,0.023773126514827603
12917,0.45576866998554544
12918,0.9996365758420503
12919,0.0715374958410531
12920,0.10678035059264959
12921,0.030690310373825025
12922,0.9998986372375684
12923,0.1911333729083989
12924,0.6295346080761676
12925,0.2811714987843083
12926,0.21533272917300228
12927,0.10247821304162333
12928,0.004335248632441611
12929,0.8177555129107769
12930,0.9990956187220987
12931,0.17721878365845692
12932,0.0004322597495259462
12933,0.08883425419097009
12934,0.015496335204858255
12935,0.7295332977678914
12936,0.017503635011211154
12937,0.03730435339674834
12938,0.563931706539114
12939,0.10126917679418283
12940,0.9995600397669068
12941,0.9989290058525521
12942,0.01748149747036799
12943,0.0017157758925238891
12944,0.27877131258236976
12945,0.007631224935814422
12946,0.004682360996599772
12947,0.999839854212449
12948,0.8929549064310052
12949,0.9996572181919964
12950,0.012357587032417473
12951,0.28779240373970627
12952,0.999839854212449
12953,0.9997000596848941
12954,0.015148806367401449
12955,0.00018738700043673568
12956,0.9999511827981681
12957,0.13073470102891913
12958,0.34567609713652664
12959,0.7733240010883904
12960,0.0012219186005571312
12961,0.8398091940777291
12962,0.6744401579657702
12963,0.9995624275569132
12964,0.49140076313790054
12965,0.32652716042292057
12966,0.001146482418373754
12967,0.08128931871581581
12968,0.002932391918614855
12969,0.0021245200607001038
12970,0.0896115497463853
12971,0.765007143035943
12972,0.9999678697908694
12973,0.2385720726841496
12974,0.055755544002978226
12975,0.46820817997840386
12976,0.4925972296180958
12977,0.3583948446354503
12978,0.9974278700289516
12979,4.761621764402168e-05
12980,0.22033573276238436
12981,0.6322394842451721
12982,0.029190097119895713
12983,0.08765816715517276
12984,0.01427468568603184
12985,0.01884569075737076
12986,0.008481632348874639
12987,0.017900449864315136
12988,0.9997077590462575
12989,0.9988111814980287
12990,0.00643245114182454
12991,0.20072027431770975
12992,0.6542090779438837
12993,9.766987574554018e-05
12994,0.9972206161288658
12995,0.00035986234107294524
12996,0.024524971118202784
12997,0.9998611543394631
12998,0.6879393757713435
12999,0.0006318096183943676
13000,0.6707821120978467
13001,0.004175510667889642
13002,0.27310037333168363
13003,0.005737000102541588
13004,0.021582870235045407
13005,0.5213318814783554
13006,0.001457274038447866
13007,0.4039777010267507
13008,0.9998771574896798
13009,0.9998268336769098
13010,0.004324073531113202
13011,0.014885689951966305
13012,0.9995752148363412
13013,0.4264026065636129
13014,0.999506138346977
13015,0.025094717019251783
13016,0.004383909266737691
13017,0.004774287342581463
13018,0.00036938114244133163
13019,0.0017132888814148234
13020,0.5547507788114069
13021,0.0855896180393829
13022,0.0374007221050268
13023,0.00030778434941022473
13024,0.30332994492661064
13025,0.015995424385528683
13026,0.027137041977367455
13027,0.8874737069363071
13028,0.9998611543394631
13029,0.20574826474082616
13030,0.014289361699305109
13031,0.18054094669750434
13032,0.005446240238529557
13033,0.9992680655927223
13034,0.4704628357923362
13035,0.12722083803769338
13036,0.5458245555606154
13037,0.4944586686254112
13038,0.5497358052949547
13039,0.001072625630836603
13040,0.1685259199308774
13041,0.6699471198624564
13042,0.4497308828076257
13043,0.5721730043058418
13044,0.014428755204283248
13045,0.2121786970618223
13046,0.46576102662816055
13047,0.556499538675117
13048,0.06763885130666067
13049,0.0001894524611251206
13050,0.10838910302903533
13051,0.3824017197338535
13052,0.3003017910721264
13053,0.20372621029593918
13054,0.002551254098342413
13055,0.1379710061157421
13056,0.00011526768834414155
13057,0.9995135488549148
13058,0.999409621151641
13059,0.0939300540626207
13060,0.052830952714238946
13061,0.8799300267855411
13062,0.004294372069698809
13063,0.999373068022386
13064,0.5040143053947093
13065,0.7762314979694335
13066,0.9999511827981681
13067,0.9996006926695259
13068,0.999911546182346
13069,0.0019245144401799955
13070,0.31720318714810697
13071,0.0003359223917652659
13072,0.08732589033313283
13073,0.00012669126580144453
13074,0.7154332788840024
13075,0.009795107604706964
13076,0.27482469163841633
13077,0.9995191986943253
13078,0.4711904955663356
13079,0.0019103364389078832
13080,0.006021751670561135
13081,0.17760100453200237
13082,0.49624544037396645
13083,0.0003247374523831407
13084,0.0006846600880113542
13085,0.1757502031172422
13086,0.004776556061803146
13087,0.9997121867270569
13088,0.1202283166186471
13089,0.834745018240342
13090,0.8998225148847787
13091,0.9999266889802447
13092,0.003665240109860201
13093,0.9995321735965664
13094,0.01908922595035549
13095,0.9993711860036805
13096,0.01177237039180922
13097,0.00035304324873845414
13098,0.04477466622942079
13099,0.0006939499359648795
13100,0.08104567169921151
13101,0.694261596927568
13102,0.011396399108837758
13103,0.005134259005004213
13104,0.7898080827333641
13105,0.9996407630722979
13106,0.9973957382657145
13107,0.10537891339936198
13108,0.14417980438551298
13109,0.17489879574115091
13110,0.008040524959535063
13111,0.7756419206728425
13112,0.6932298742267069
13113,0.8777354435020984
13114,0.7581826617500576
13115,0.3913028913523123
13116,0.03265511384067237
13117,0.19032093957966115
13118,0.0380579940690106
13119,0.34279087203153424
13120,0.4614684053298972
13121,0.005744222606973288
13122,0.999506138346977
13123,0.00014357038398290402
13124,0.9132378146447885
13125,0.9983934363023304
13126,0.9701411678528146
13127,0.7701067020797807
13128,0.49398461945847233
13129,0.9067664935970358
13130,0.30485868902247637
13131,0.40616943541887746
13132,0.6626496058782585
13133,0.8064891184663042
13134,0.7432796904894534
13135,0.9996396881542292
13136,0.3101499600374115
13137,0.009519339468915517
13138,0.6120950656257429
13139,0.46799777192855546
13140,0.5652738729924114
13141,0.9996524855960205
13142,0.4488830711765805
13143,0.6105988308178809
13144,0.24291668490884732
13145,0.09998803736247293
13146,0.8801805959983099
13147,0.0024107194860339756
13148,0.5793433881611687
13149,0.00015307949763521304
13150,0.0030033796325236273
13151,0.9045863730181967
13152,0.10766726221176008
13153,0.00015047705399820946
13154,0.6015481439631213
13155,0.003497130083343843
13156,0.6593820592415938
13157,0.003792932377523052
13158,0.9999029708119284
13159,0.031452168243762645
13160,0.059875313956557576
13161,0.5864683035931079
13162,0.054160107738092336
13163,0.07416407951017373
13164,0.2282355682202149
13165,0.03658321308916983
13166,0.558570818430487
13167,0.0022010663351395305
13168,0.2588107507003687
13169,0.0038550406539763758
13170,0.9998611543394631
13171,0.028539975547564805
13172,0.7873731156285267
13173,6.0042952537895984e-05
13174,0.21761753729550742
13175,0.2817540514162424
13176,0.0002966271433866155
13177,0.4214431783962969
13178,0.18597223748824462
13179,0.2732119883639682
13180,0.009217871535266068
13181,0.5678586820318074
13182,0.6440048990167393
13183,0.6916474840347151
13184,0.013328558239469117
13185,0.04524002321143413
13186,0.03202537251541901
13187,0.0003249846661974512
13188,4.830411344666772e-05
13189,0.6142027681248937
13190,0.7086959151667428
13191,0.022938413743463816
13192,0.000315430312920146
13193,0.5044224995088945
13194,0.5233688824633802
13195,0.3794420367736017
13196,0.7529044968152869
13197,0.8603367817120728
13198,0.10296307795901392
13199,0.467090350893604
13200,0.8910524662443343
13201,0.004971772582767807
13202,0.3099997505476818
13203,0.15115586040600723
13204,0.45487074649129267
13205,0.0008252762222574032
13206,0.8851202323738376
13207,0.9996429750733369
13208,0.008262487867319401
13209,0.9996608488107642
13210,0.27147637608967806
13211,0.24272900637831643
13212,0.18091767959956823
13213,0.10070713519834804
13214,0.0008264555079688136
13215,0.10286057124566418
13216,0.16808592557332636
13217,0.0008304101192017007
13218,0.9999512695705507
13219,0.9986242895646849
13220,0.5826376940937605
13221,4.73643826383318e-05
13222,0.6864346479614283
13223,0.634006124213491
13224,6.1030213138955856e-05
13225,0.007493207367250084
13226,0.02174101452131193
13227,0.11494518454919025
13228,0.0002618196374133066
13229,0.9036524144040464
13230,0.9995739621556083
13231,0.005230406244567755
13232,0.03892609866277128
13233,0.0037784265598810067
13234,0.4329355938862865
13235,0.01714667643450022
13236,0.2621385913848771
13237,0.9994659373673813
13238,0.6167488071863209
13239,0.6036699921892714
13240,0.0007770606270558669
13241,0.9996617309405117
13242,0.4545438776925185
13243,0.9994050780537049
13244,0.9997524514715835
13245,0.868423880879489
13246,0.2767078643310521
13247,0.009928387412755715
13248,0.023715110263776026
13249,0.009476878366230799
13250,0.18597223748824462
13251,0.11194293447786102
13252,0.784605537405747
13253,0.8280562953852139
13254,0.011130172611523869
13255,0.9999374138072226
13256,0.018790040137901854
13257,0.9273081778419118
13258,0.002115547236910931
13259,0.8681489778039408
13260,0.43325973579727184
13261,0.2748111979301255
13262,0.09191856488813173
13263,0.02244367363923324
13264,0.2410042515911504
13265,0.3829178780364029
13266,0.038392529897575245
13267,0.07823437749518025
13268,0.00705246845339202
13269,0.00903687989091438
13270,0.21702856135564094
13271,0.9989469895691123
13272,0.6033365351176538
13273,0.0029405929780285506
13274,0.33630569332809157
13275,0.7459487679304726
13276,0.25801464260479295
13277,0.7045125486946137
13278,0.004917035272085986
13279,0.007355717608182249
13280,0.31051341359346446
13281,0.9997769842221527
13282,0.0006747677817508017
13283,0.00680176515076235
13284,0.2443170355242888
13285,0.02014312021417792
13286,0.03546219017577953
13287,0.3409860786716601
13288,0.32975828530577106
13289,0.0011404295729006884
13290,0.8018975311478209
13291,0.9995728033124269
13292,0.004230067653761325
13293,0.01611806181459139
13294,0.9997863721700495
13295,0.04165919714376117
13296,0.9998615057030716
13297,0.3192834248044704
13298,0.999839854212449
13299,0.885555932429465
13300,0.655520339284092
13301,0.8173778721204522
13302,0.0002066055802052414
13303,0.9995949625908972
13304,0.6796268674546762
13305,0.028692405113031453
13306,0.7344877901054423
13307,0.005134688186454341
13308,0.0009533434410446515
13309,0.0031546921669813217
13310,0.02059994011895695
13311,0.6591510676292736
13312,0.009502022497951573
13313,0.00025853986633475747
13314,0.6268869909300832
13315,0.9997016419575802
13316,0.5263210911744457
13317,0.9996968236924615
13318,0.011823568362043197
13319,0.020262879173578156
13320,0.08342572190406415
13321,0.9976709610206831
13322,0.4495088883263007
13323,0.42777861946713097
13324,0.00025756634825854964
13325,0.014790907656462203
13326,0.0005334653122767445
13327,0.007726441788173716
13328,0.9996899929255046
13329,0.9999364441705685
13330,0.037672793541843934
13331,0.9995809189857174
13332,0.21955604505313545
13333,0.1416432507278938
13334,0.008498391196093476
13335,0.9998452880340445
13336,0.006212946522416304
13337,0.38890273281313137
13338,0.6186467656068682
13339,0.23639586263498732
13340,0.017893049542676533
13341,0.002359494021568686
13342,0.0008081786780865166
13343,1.729381697004511e-05
13344,0.011134641884774463
13345,0.11648425866373986
13346,0.19558636049582975
13347,0.6282084770323825
13348,0.010506258297771754
13349,0.08865898875073215
13350,0.9872414558331786
13351,0.68423717190635
13352,0.018478894068114288
13353,0.9732451777868537
13354,0.12268157554215563
13355,0.9997077590462575
13356,0.5348348986614552
13357,0.487564666406864
13358,0.9993410951481452
13359,0.6629278633681015
13360,0.20580683822370605
13361,0.006580115380882875
13362,0.2211001820275933
13363,0.343856346627153
13364,0.00026247173315799814
13365,0.6995890562221944
13366,0.28807325061253025
13367,0.002701659417824191
13368,0.0030990213892409506
13369,0.001752828679309935
13370,0.7564661768269414
13371,0.9547835314803983
13372,0.25655646545927774
13373,0.7964851442358823
13374,0.006068777270361394
13375,0.34718687119476166
13376,0.004912246385982573
13377,0.16552542025678862
13378,0.528321681169845
13379,0.06243561497698098
13380,0.6342750179297679
13381,0.10141120308429673
13382,0.0024634478739297785
13383,0.16773240029836411
13384,0.09416868228393353
13385,0.005747940824320312
13386,0.008277487700929505
13387,0.9992882155169946
13388,0.2460155209908405
13389,0.00015608751565951475
13390,0.02105168219964006
13391,0.4474101048802837
13392,0.019603137172307886
13393,0.05360222261618
13394,0.00939783541581272
13395,0.4118507983668685
13396,0.13005573264271894
13397,0.9996461606466575
13398,0.009468137380331022
13399,0.009842345515902184
13400,8.661623739819795e-05
13401,0.01056234087862217
13402,0.0006140303817560575
13403,0.005412619502480778
13404,0.0003844830612584214
13405,0.24641318558774766
13406,0.33194835591898286
13407,0.43819784547168783
13408,0.3675900532733154
13409,0.447754186649455
13410,0.17030479693115527
13411,0.381641299925358
13412,0.9994823976019458
13413,0.005054105514084102
13414,0.16428957359646204
13415,0.9999312596496137
13416,0.46198645059803506
13417,0.07179267692016705
13418,0.143858578845935
13419,0.004865635325703937
13420,0.002021120887077706
13421,0.037759073250782295
13422,0.7956022701570203
13423,0.12099311492940146
13424,0.06100751943159157
13425,0.9054412473414138
13426,0.1347053598490196
13427,0.84507463308179
13428,0.9997833471277803
13429,0.03589798246832
13430,0.9987236992067033
13431,0.16185327915085185
13432,0.011453216660383328
13433,0.3950229661690584
13434,0.4844233594790582
13435,0.01383605301214109
13436,0.22325527190066344
13437,0.002253648208804845
13438,0.9995560591595821
13439,0.8625960673186523
13440,0.6695462540889001
13441,0.9997009862096128
13442,0.14080707435307008
13443,0.40188183588198206
13444,0.00016880247591437363
13445,0.5026769840277596
13446,0.9998959088428638
13447,0.9113420122956454
13448,0.7712301544911252
13449,9.390786188543047e-06
13450,3.465093471743228e-05
13451,0.9264059413692504
13452,0.010891281608404989
13453,0.34828567057131454
13454,0.00017194076880190298
13455,0.4455251470978058
13456,0.9996327988201954
13457,0.1403088531982452
13458,0.9999630265116695
13459,0.4265323203710285
13460,0.0033450575933904555
13461,0.6075355780130267
13462,0.9997498529679368
13463,0.6836455769867709
13464,0.0001323958424642328
13465,0.09493620789107533
13466,0.0012879288064863326
13467,0.006460401610025125
13468,0.8539071505500394
13469,0.13185474930244123
13470,0.2644057436833116
13471,0.4205022222233668
13472,0.0003497926962867124
13473,0.0005658007819812624
13474,0.8631741796336243
13475,0.5968590427447212
13476,0.28402015157705635
13477,0.03263513542397783
13478,0.004992458554371715
13479,0.9969058993074875
13480,0.021677487667727147
13481,0.0010989200191108199
13482,0.36132303921265463
13483,0.7337014746985985
13484,0.28216103295810857
13485,0.06392698726951264
13486,0.19294368322355923
13487,0.15371680923353753
13488,0.6452150930636419
13489,0.0936847906230177
13490,0.17329021689384289
13491,0.15494803259599943
13492,0.8813274455936043
13493,0.9996524855960205
13494,0.0577840925791585
13495,0.33052981357230454
13496,0.7885252836293429
13497,0.01611483068366871
13498,0.061970237261430264
13499,0.007589582101342449
13500,0.017765662404678806
13501,0.08451623282069845
13502,0.1206556896150758
13503,0.08847153727204198
13504,0.9994706120060642
13505,0.0002364466937097073
13506,0.9995191986943253
13507,0.0003126692661965185
13508,0.9995748273396287
13509,0.002315012203408075
13510,0.5467305547725928
13511,0.0007270840141223567
13512,0.39963666285196053
13513,0.019011004647863067
13514,0.9470602337592977
13515,0.16314582474407896
13516,0.999522859096116
13517,0.048808546390916197
13518,0.7966015325785357
13519,0.885255061618067
13520,0.7984079754480903
13521,0.055762750561726394
13522,0.5261273258110852
13523,0.3165383864303006
13524,0.5457622336205487
13525,0.9995748273396287
13526,0.0061297700399760725
13527,0.8505827609823996
13528,0.999742937101724
13529,0.0010294111077675837
13530,1.3047382411957561e-05
13531,0.33774073461936877
13532,0.09796645057747462
13533,0.9349489228422629
13534,0.7306782821223818
13535,0.8085849843880049
13536,0.10640762415587696
13537,0.05335246984736422
13538,0.4372619279837629
13539,0.05803606964036816
13540,0.6503866303006651
13541,0.009150213238310601
13542,0.06390094585383436
13543,0.9995618006181946
13544,0.013166130284448756
13545,0.18280780727451373
13546,0.7351428166619357
13547,5.34887988601595e-05
13548,0.999694775444472
13549,0.11997832851403434
13550,0.7225228114662821
13551,0.011254822672671624
13552,0.0009329676805961514
13553,0.11168199021476694
13554,0.9995965210393848
13555,0.01064667288455723
13556,0.13395815742084988
13557,0.0014359373166223787
13558,0.2674013219743014
13559,0.9923915746231962
13560,0.39344105067177976
13561,0.12839326454065034
13562,0.8536952881612799
13563,0.18652963342007534
13564,0.002729519926295518
13565,0.20260099018545324
13566,0.053825703402450055
13567,0.18935390880204378
13568,0.9997957235608228
13569,0.45226505574926223
13570,0.5087465799956004
13571,0.10392791256757707
13572,0.06464744086255422
13573,0.5270842017831017
13574,0.19032093957966115
13575,0.9999504658711689
13576,0.09805335877321494
13577,0.012019395644362845
13578,0.999839854212449
13579,0.003185572594694218
13580,0.001959975075769591
13581,0.9995262668123734
13582,0.40616943541887746
13583,0.9997859621855122
13584,0.8922372195614184
13585,0.0002060578431058769
13586,0.19296206811148317
13587,0.7138098018503524
13588,0.998803000502367
13589,0.7875455181928209
13590,0.1009054852408787
13591,0.9994847016473641
13592,0.7488890838224878
13593,0.4140081187772102
13594,0.04360261470804175
13595,0.005457880492090471
13596,0.0057133708821556824
13597,0.0009706587691555294
13598,0.04980382998259998
13599,0.008800989232157337
13600,0.7904328116162919
13601,0.9987236992067033
13602,0.009081535950430288
13603,0.1588953491826834
13604,0.4703899347646087
13605,0.9921248073281385
13606,0.8665156360634652
13607,0.8515066119059931
13608,0.3768367331988891
13609,0.0029803826605222052
13610,0.9467949579154571
13611,0.00028452468095436535
13612,0.3422249180197066
13613,0.7699457882629657
13614,0.7655903349052533
13615,0.6618024550363409
13616,0.0007437673412464014
13617,0.9993524549323336
13618,0.005844379032941376
13619,0.812286680435232
13620,0.033294087686250445
13621,0.9999512695705507
13622,0.8550888802391285
13623,0.2581132350627196
13624,0.5571777004755298
13625,0.00732030723021561
13626,0.862046909534552
13627,0.7282727088701023
13628,0.9996571114847964
13629,0.30985408195500175
13630,0.9419587386815139
13631,0.17863889801808142
13632,0.030238251412180322
13633,0.605619043373871
13634,0.0002047100852004263
13635,0.6496919217884901
13636,0.9998214240206704
13637,0.6087847339006239
13638,0.0013955037865321335
13639,0.06504259687654962
13640,0.5091738851346106
13641,0.30694500856904045
13642,0.2348941968043939
13643,0.5322912048119204
13644,0.0030021951233991945
13645,0.15237358719065386
13646,0.01832773141922139
13647,0.6342546552013378
13648,0.0012975297799549725
13649,0.0021158548079347373
13650,0.17739113604880208
13651,0.20352365023122568
13652,0.9998549538771617
13653,0.010510152316552382
13654,0.004020736434368605
13655,0.9996524855960205
13656,0.36307746943699115
13657,0.5346441145265777
13658,0.07576186521076582
13659,0.015754476544335726
13660,0.0007862188741137291
13661,0.006458670620265658
13662,0.006158738915142579
13663,0.49296658638135427
13664,0.2059744487386874
13665,0.22394953211289384
13666,0.003446081798106588
13667,0.003895738818665735
13668,0.5593502859061841
13669,0.07679770382194968
13670,8.150742226582604e-05
13671,0.8019128898962481
13672,0.010376654094814199
13673,0.737274812901403
13674,0.17940599823539943
13675,0.0024319402268337237
13676,0.6963744963248742
13677,0.7293810893647337
13678,0.7395358592575247
13679,0.022236486063994608
13680,0.4076610613155584
13681,0.8513054790728447
13682,0.18690259876846294
13683,0.999548755909269
13684,0.0011712864889998102
13685,0.003921343724162718
13686,0.39145892934360144
13687,0.30749412005028104
13688,0.08136320273877501
13689,0.030396712707699627
13690,0.0005780259258973409
13691,0.006150590474731963
13692,0.00044072846449550276
13693,0.49687999346650763
13694,0.999742937101724
13695,0.00010556987818085085
13696,0.006006798561626235
13697,0.09587679239022633
13698,7.637416704150522e-05
13699,0.00013268167817737447
13700,0.007441386590812515
13701,0.5118959368258134
13702,0.9400461480309138
13703,0.9999506312216214
13704,0.8889964883394207
13705,0.028025329869313168
13706,0.02336355540796343
13707,0.40384552033569826
13708,0.873515787324314
13709,0.0008260834362279472
13710,0.0026245326492502444
13711,0.3651290227768233
13712,0.8791091677694095
13713,0.0006563642408466561
13714,0.0010411198043677567
13715,0.9020429040124759
13716,0.9998814695025698
13717,0.007597332258873231
13718,0.6805284096183922
13719,0.5437403577167533
13720,0.24553053763899793
13721,0.0001344398701956039
13722,0.6802390915942071
13723,0.0049571768558497546
13724,0.13143414796908903
13725,0.0010910351761999133
13726,0.00041081381739378075
13727,0.0571889245358297
13728,0.9997269586333245
13729,0.9995752148363412
13730,0.008831952990138498
13731,0.7075788316373792
13732,0.04574817870338622
13733,0.0003117282441133536
13734,0.2857903829135629
13735,0.11721150870067058
13736,0.14688011686928396
13737,0.9991340337909369
13738,0.04305436545224132
13739,0.0005994172318667716
13740,0.9998970438633309
13741,0.9514684904341737
13742,0.9998481266597455
13743,0.02092950205144239
13744,0.00016903103986375492
13745,0.17861249628874198
13746,0.6802452587746411
13747,0.03433924766974305
13748,0.48837450240148816
13749,0.12154440678971233
13750,0.5959517845613241
13751,0.04385170395424278
13752,0.038015951737298534
13753,0.49398461945847233
13754,0.876399008280415
13755,0.835682426476069
13756,0.0031569560517516787
13757,0.47579126523996923
13758,0.13332905722866756
13759,0.0012533257475294192
13760,0.9988824359995679
13761,0.5197270204637896
13762,0.39792004117017266
13763,0.005134688186454341
13764,0.9602452186446662
13765,0.5824943777306488
13766,0.48190000245118486
13767,0.14691414990825308
13768,0.5709670999215365
13769,0.3856777731243061
13770,0.06523258770830008
13771,0.9996224940764717
13772,0.9998625834251481
13773,0.99947817992549
13774,0.005151805949384048
13775,0.25554415304127764
13776,0.31219165604572646
13777,0.8721929363848383
13778,0.9995227362796865
13779,0.24860039931762856
13780,0.6328483688103157
13781,0.1240586509679462
13782,0.3909655656278113
13783,3.897731745219876e-05
13784,0.013576235271357243
13785,0.870487378528579
13786,0.9998322125623884
13787,0.00024219846146678723
13788,0.07827698598196359
13789,0.000312040067866052
13790,0.5097193345568971
13791,0.007418720868275582
13792,0.642059059341173
13793,0.20595394359398445
13794,0.03831439813747057
13795,0.004871199864004947
13796,0.9264059413692504
13797,0.9997171302829033
13798,0.600263570846483
13799,0.6571618374791895
13800,0.6345879977705892
13801,0.7352480661160533
13802,0.6905883370138828
13803,0.022553248997652882
13804,0.8320295743563454
13805,0.0006831973274265982
13806,0.00016707887247817004
13807,0.9995607346868597
13808,0.25099283606388584
13809,0.004849502099800681
13810,0.3317074780019872
13811,0.6247380874040322
13812,0.9991939223315464
13813,0.00011968029432267438
13814,0.9996062951574587
13815,0.25617010013080643
13816,0.339839504092931
13817,0.052759140596134735
13818,0.021206359595368294
13819,0.07317656408321024
13820,0.5614947583738257
13821,0.9996481142640015
13822,0.0003155934962091154
13823,0.015772273877396808
13824,0.6581741486428402
13825,0.09949059274321528
13826,0.004638014541374511
13827,0.006007036090547836
13828,0.999715643345991
13829,0.09353497214709355
13830,0.0003418610253713856
13831,0.8234958180068102
13832,0.028462084133281166
13833,0.15384948850606764
13834,0.5854562589197937
13835,0.004164685012650692
13836,0.10292598853826099
13837,0.02118764633293779
13838,0.08195462700011373
13839,0.010302338155709339
13840,0.7437422699762622
13841,0.7368928502579399
13842,0.005300293134468409
13843,0.7087836514103948
13844,0.08625724725383552
13845,0.29765706790665686
13846,0.08119886801029298
13847,0.00021245341207269282
13848,0.5197270204637896
13849,0.6894782760093945
13850,0.5718650423354852
13851,0.9998322125623884
13852,0.232665944135287
13853,0.023331991832878304
13854,0.9998611543394631
13855,0.0007723422448076869
13856,0.0018446123010708727
13857,0.20102178824038963
13858,0.7449391852247792
13859,0.7272986905609587
13860,0.0008375176886310687
13861,0.2684880875079313
13862,0.24717311685354473
13863,0.6313343274310893
13864,0.03888102088510592
13865,0.061770243660745565
13866,0.06356776048795426
13867,0.9998631713655618
13868,0.9999219791324048
13869,0.9996167311830632
13870,0.021978273763912738
13871,0.7138098018503524
13872,0.21732264364269918
13873,0.13573738635061067
13874,0.9988824359995679
13875,0.004296351985406248
13876,0.9997134260055291
13877,0.0902853972681118
13878,0.9996905130665825
13879,0.003878449799108582
13880,0.4412487812764367
13881,0.3597895216667473
13882,0.3894667233589767
13883,0.0551584084916701
13884,0.9305812141240326
13885,0.0003935228830555298
13886,0.09904783930737815
13887,0.23391262475420813
13888,0.9999607090645114
13889,0.23008309502355634
13890,0.7734647863557139
13891,0.25427500462192976
13892,0.11025608195960261
13893,0.9998322125623884
13894,0.00023197047531576542
13895,0.7702388474182407
13896,0.2610641780173026
13897,0.7939759899004141
13898,0.04947061654476546
13899,0.04310936788090437
13900,0.526102177944927
13901,0.017164452681679494
13902,0.00012661186820700737
13903,0.00010501072707353313
13904,0.3413628439343712
13905,0.7710614442472242
13906,0.02341085732420243
13907,0.07318100208776086
13908,0.1004406252244845
13909,0.322212200550607
13910,0.020775128722658416
13911,0.9999122716636379
13912,0.00016650415073346655
13913,0.19310849709261646
13914,0.001046914208586681
13915,0.6080934605112143
13916,0.012718145896646323
13917,0.7472192475012841
13918,0.9995191986943253
13919,0.38286273680454513
13920,0.26024172789410477
13921,0.0026541079671173087
13922,0.0003606633381195334
13923,0.9283272859795205
13924,0.8483523176016398
13925,0.01306008720873189
13926,0.6712658396741041
13927,0.4089473871458642
13928,0.0976294878648017
13929,0.5438222853857019
13930,0.6322394842451721
13931,0.9875346973519953
13932,0.8075742684550399
13933,0.0002791566559821998
13934,0.22783839193206545
13935,0.0008252762222574032
13936,0.07564799770315982
13937,0.004798679963913846
13938,0.9999039848033272
13939,0.4152347445068297
13940,0.021139709950530255
13941,0.7851296377832986
13942,0.005938956362353398
13943,0.0027497960005720013
13944,0.6200242177511579
13945,0.019911879882002305
13946,0.777453800231351
13947,0.008182829966393648
13948,0.19764118079033483
13949,0.004350226221148023
13950,0.2471546675641518
13951,0.009343221651536794
13952,0.853333875909561
13953,0.1431072415448292
13954,0.16603160107853154
13955,0.0691972070088621
13956,0.6099467420617001
13957,0.01836259774594329
13958,0.9996803013613903
13959,0.7337014746985985
13960,0.45418651684209965
13961,0.04000883918248559
13962,0.9997693236947158
13963,0.22049292431364745
13964,0.00034007097339624977
13965,0.003255085357142743
13966,0.9988149430048832
13967,0.00010302103543134926
13968,0.04011559753169174
13969,0.002289344198278167
13970,0.4751364607649851
13971,0.05077506279511245
13972,0.037244913461558365
13973,0.03465880391876156
13974,0.5997645788599069
13975,0.9395101770718474
13976,0.2910995964305149
13977,0.3718479517115557
13978,0.21055658229506247
13979,0.9719848030265176
13980,0.006526928962505099
13981,2.7607472594670206e-06
13982,0.017796215289925692
13983,0.7844478851170633
13984,0.3714481665345327
13985,0.2548839534010099
13986,0.2548224561762515
13987,0.00019462854775894993
13988,0.017114921544370627
13989,0.0011719671794267127
13990,0.02847408693318209
13991,0.26227687797935684
13992,0.8820364904257161
13993,0.9998214240206704
13994,0.29370066016282004
13995,0.35778540530956493
13996,0.7906212091821321
13997,0.002899688808884114
13998,0.0016284500035872518
13999,0.1779616159296375
14000,0.7313892348079641
14001,0.9917435571767476
14002,0.9996114433097345
14003,0.011905843605953124
14004,0.0025962348692035423
14005,0.254680583140512
14006,0.16074474765358032
14007,0.008070131559774497
14008,0.002517673946854268
14009,0.17119131566859094
14010,0.00487259196438225
14011,0.014173691116191895
14012,0.44445051174527006
14013,0.35760733979309794
14014,0.37980274964003696
14015,0.5842223864772287
14016,0.0035725802434459926
14017,0.16540529595419884
14018,0.0065962122637056395
14019,0.017380453292874472
14020,0.00023605479460855818
14021,0.9783717553925206
14022,0.9996571114847964
14023,0.038141921809213684
14024,0.5644673183524475
14025,0.010466596004791032
14026,0.47510261994150327
14027,0.5189637276960202
14028,0.2202862774091934
14029,0.00815488905158992
14030,0.5761418562731342
14031,0.6087760000314217
14032,0.6808389016166503
14033,0.010908135178572101
14034,0.0012263694584897682
14035,0.0515839115688906
14036,0.8027116131763593
14037,0.28741093538960805
14038,0.08514037403379308
14039,0.29737947587541874
14040,0.027188285390715487
14041,0.2386337581980417
14042,0.010289586926770568
14043,0.0002347302580759629
14044,0.4986840071696771
14045,0.8167923161163079
14046,0.5548830754201765
14047,0.1320312756940074
14048,0.1767495080878128
14049,0.003589188242425638
14050,0.4527118053935321
14051,0.00191588526320859
14052,0.0010271250675180975
14053,0.6121124740009237
14054,0.9999329886732777
14055,0.9996524855960205
14056,0.4474101048802837
14057,0.16120909606232695
14058,0.16380914244565634
14059,0.999945400193547
14060,0.5833986581711621
14061,0.9994008188338315
14062,0.0025135327751187645
14063,0.34203017437830435
14064,0.4309310311633001
14065,0.0012021630428881724
14066,0.009480191723422498
14067,0.33604977446988904
14068,0.00025080460334087735
14069,0.004311790150481824
14070,0.9026295009861176
14071,0.5544993785087022
14072,0.8630233848360329
14073,0.00016972728223014938
14074,0.9994314362506218
14075,0.3931687096915723
14076,0.00022689179631353622
14077,0.00014940729677953012
14078,0.006416468181769714
14079,0.6452835668056444
14080,0.1907042498449449
14081,0.09814921770977116
14082,0.00010361015510071647
14083,0.005868071582624877
14084,0.8419187013199317
14085,0.018455610823780017
14086,0.9992723524338993
14087,0.5105291362248168
14088,0.5321344491077774
14089,0.5289361583354237
14090,0.04895981186902792
14091,0.0007490925414139755
14092,0.01129237363031502
14093,0.9997710774652279
14094,0.9987236992067033
14095,0.8919131494098027
14096,0.30334473635999043
14097,0.10467187355342011
14098,0.0004155609939352789
14099,0.6193910119376043
14100,0.001108637457085105
14101,0.006304262980450877
14102,0.19684853087191953
14103,0.9635415789210618
14104,0.0483066899720738
14105,0.38936723424056413
14106,0.3263769972389025
14107,0.24737623625503724
14108,0.1452740897473917
14109,0.0034628141236237977
14110,0.6209594515238831
14111,0.002490313397681506
14112,0.0003124634756574485
14113,0.05329843060401134
14114,0.8102634586245807
14115,0.0012331044487555742
14116,0.005232557227280596
14117,0.006975927216177729
14118,0.3743687754504747
14119,0.7638772118927571
14120,0.035447721499130454
14121,0.8551285804096086
14122,0.0025114148037597966
14123,0.12989820750773712
14124,0.21435070110633744
14125,0.10532522685962703
14126,0.8594822043273816
14127,0.08824938994772664
14128,0.9550582467892083
14129,0.014141424399142448
14130,0.2200681963803516
14131,0.0007401047756385932
14132,0.002340327806477076
14133,0.9994847016473641
14134,0.04271492150925692
14135,0.6342514048034024
14136,0.0003806244396042807
14137,0.007144109874793054
14138,0.9997316218388834
14139,0.9995862509058605
14140,0.9996365758420503
14141,0.008448081890546301
14142,0.10362744563043981
14143,0.9988824359995679
14144,0.4504868044277825
14145,0.92550468305787
14146,0.9994314362506218
14147,0.006016623147466123
14148,0.0010647938447530016
14149,0.1291739345948688
14150,0.9994314362506218
14151,0.999945400193547
14152,0.5786769601025276
14153,0.92774662117489
14154,0.08744092339213243
14155,0.019601378744805574
14156,0.626131766140501
14157,0.07063690394370124
14158,0.9993410951481452
14159,0.04095240965223787
14160,0.9994314362506218
14161,0.00019032719645492363
14162,0.255590053968053
14163,0.0004502183271624926
14164,0.2145638447434575
14165,0.15550601310209655
14166,0.3625681591802542
14167,0.9998639023968607
14168,0.0006846600880113542
14169,0.0111873975274524
14170,0.10851125187225936
14171,0.9996283021450161
14172,0.4397491810424194
14173,0.960711244409998
14174,0.3147461806898386
14175,0.00931246308731728
14176,0.05260268719647274
14177,0.04791483938199737
14178,0.9348006173254937
14179,0.21207180640563114
14180,0.003033460907096435
14181,0.009296548268429666
14182,0.5969690838462568
14183,0.4107403383265037
14184,0.08318161382399347
14185,0.2872734559477459
14186,0.07556040317307339
14187,0.20040224765566017
14188,0.9999881611349023
14189,0.00027984350734084224
14190,0.015796737903596345
14191,0.999486744269481
14192,0.4462915293151063
14193,0.03718959692576759
14194,0.10652749884630609
14195,0.24015416505861972
14196,0.00030494588390540003
14197,0.0016288142471672172
14198,0.0017866961910038646
14199,0.037972065863032686
14200,0.012383319310337803
14201,0.00812471921865309
14202,0.07489327844846551
14203,0.3066596928780859
14204,0.9994870920655785
14205,0.7866193049781766
14206,0.9289434582796771
14207,0.5483977313206285
14208,0.059068479522229315
14209,0.25383681857612733
14210,0.023068093263764567
14211,0.00019287498894254748
14212,0.44575126988127073
14213,0.9999511827981681
14214,0.999694775444472
14215,0.023866153682904827
14216,0.0029339991602178
14217,0.0006665824810275664
14218,0.17674560875688589
14219,0.8513033550930916
14220,0.9997023020587968
14221,0.9998963952931639
14222,0.8112222487026383
14223,0.39658953291330784
14224,0.09520771490500483
14225,0.8065018113055932
14226,0.12366265963646172
14227,0.0005724515083974806
14228,0.6805722664057143
14229,0.21965490777525054
14230,0.0004086034408492208
14231,0.01576483158433112
14232,0.0006468361095225093
14233,0.00010268511987400854
14234,0.41610849493497803
14235,0.7176201960762381
14236,0.004029970694344837
14237,0.1972169805614928
14238,0.5837884715378727
14239,0.9998611543394631
14240,0.8691692789994895
14241,0.9438814627953053
14242,0.6610510246640173
14243,0.8875809213037013
14244,0.21516628120599293
14245,9.422558745272844e-05
14246,0.9998944236800902
14247,0.24291214773207737
14248,0.05661722779446476
14249,0.8480470846184837
14250,0.15448160822357188
14251,0.005968671642331244
14252,0.13708430003556585
14253,0.2679354204559236
14254,0.0016483716666476317
14255,0.04416323759422248
14256,0.0139677725875482
14257,0.5972442914456368
14258,0.2646632517238367
14259,0.0038340315243399685
14260,0.9384615305707487
14261,0.046360659259290886
14262,0.9994659373673813
14263,0.2757143027304562
14264,0.9998529501023748
14265,0.8173741702924029
14266,0.26831641325712147
14267,0.017820764617413967
14268,0.0017682854166093823
14269,6.311136749529423e-05
14270,0.04551603822642633
14271,0.6208935691244929
14272,0.014046800592831752
14273,0.0052583649930659756
14274,0.6080919475823438
14275,0.8367618456489777
14276,0.4918937993794683
14277,0.8521798652687522
14278,0.38745607895654416
14279,0.0978932698359317
14280,0.07057246987828564
14281,0.0012219186005571312
14282,0.07706191682672212
14283,0.9997153891236222
14284,0.8263747324757333
14285,0.8120051881380784
14286,0.008550687416035582
14287,0.6734019515006656
14288,0.6744813037856114
14289,0.4348355382590842
14290,0.041916305086574464
14291,0.023016906837847115
14292,0.07784667643565074
14293,0.20298612678172745
14294,0.005044437157483102
14295,0.32410092320565304
14296,0.07038060251257891
14297,0.6013644492099522
14298,0.7539827071553838
14299,0.9994314362506218
14300,0.00017432627766009157
14301,0.4496350343680922
14302,0.14893033552349327
14303,0.0007179728715100156
14304,0.012819986014188522
14305,0.00023729598459519538
14306,0.024474935842458308
14307,0.999909619079461
14308,0.28674928817395245
14309,0.005598561577243489
14310,0.06985342684240176
14311,0.01027372684343369
14312,0.013613358904583827
14313,0.00106572768593751
14314,0.9993197299943488
14315,0.8050916275485168
14316,0.4812007578006565
14317,0.9992499768088454
14318,0.5201872069563562
14319,0.2980393569107884
14320,0.00021373808851594622
14321,0.9996951936355856
14322,0.3973474800457839
14323,0.9993711860036805
14324,0.07177934131600809
14325,0.0031819951174968265
14326,0.7243302636621556
14327,0.9640550935300264
14328,0.04460694035407944
14329,0.17532406355431385
14330,0.0075602711282174795
14331,0.0030791488476611976
14332,0.9089775238018384
14333,0.24287235996879036
14334,0.008620571019137676
14335,0.06375386486857142
14336,0.035970871865431506
14337,0.26216814326319354
14338,0.9995301733114041
14339,0.0011383116440317855
14340,0.07895714204307853
14341,0.9646460345674015
14342,0.8624664821682055
14343,0.9155162084533294
14344,0.004270803823757487
14345,0.018982758664110477
14346,0.06942571281507984
14347,0.9998475756380479
14348,0.00019274218366903425
14349,0.5894877402342272
14350,0.0006074592541593859
14351,0.8812708139903102
14352,0.7562932000390182
14353,0.0360848850636719
14354,0.9263536557759391
14355,0.8382270061230347
14356,0.1326853166610909
14357,0.05875162735746797
14358,0.9995158737954354
14359,0.9115838260971588
14360,0.012948525142494232
14361,0.7927633193656596
14362,0.02303567884596706
14363,0.8874737069363071
14364,0.24729479691362607
14365,0.3020317085662882
14366,0.004798679963913846
14367,0.014052265235365164
14368,0.0023456593773700145
14369,0.0002899002849153483
14370,0.0895256378440599
14371,0.5506115287861966
14372,0.00030077580300913345
14373,0.9996114433097345
14374,0.27682181075194684
14375,0.0039295606209410775
14376,0.9319810169723267
14377,0.12269368056776286
14378,0.9996608488107642
14379,0.9398117113574703
14380,0.018251762499703714
14381,0.012595500492888467
14382,0.18597223748824462
14383,0.06165821819927878
14384,0.00023466618437775888
14385,0.0002950815734375688
14386,0.6738826446059407
14387,0.0031798393814456917
14388,0.4826571812338969
14389,0.001188227597238899
14390,0.19151864522634574
14391,0.9993711860036805
14392,0.004217675218243647
14393,0.16509187840993653
14394,0.8821234219143287
14395,0.1156290281694952
14396,0.5254126975974225
14397,0.7524530130824777
14398,0.005390723083536957
14399,0.8106746688088332
14400,0.8511343215043821
14401,0.08427880556750687
14402,0.5197270204637896
14403,0.00029866363340981305
14404,0.002921547288121735
14405,0.00024176875874933371
14406,0.9995191986943253
14407,0.9995526620384678
14408,0.5932284304496817
14409,0.010101648585659357
14410,0.0001334656779977637
14411,0.7500307592317031
14412,8.657159332243919e-05
14413,0.07150621037183544
14414,0.007159248093187529
14415,0.15454538671348966
14416,0.00013568762368100523
14417,0.8705455030137934
14418,0.022844437387295028
14419,0.1411452041133344
14420,0.2670607648779042
14421,0.0002453734657318937
14422,0.990183988872193
14423,0.7315128731057209
14424,0.04967401014531302
14425,0.0021340781805262504
14426,0.770235912355055
14427,0.22261230570491156
14428,0.02012425646078807
14429,0.38076188808283457
14430,0.5414946121528351
14431,0.03482516064245219
14432,0.02440068164480977
14433,0.047542862564402426
14434,0.005134688186454341
14435,0.9997666097225817
14436,0.0044652955278462365
14437,0.3248828888644763
14438,0.0486833186635089
14439,0.9999471619643481
14440,0.03147481850648832
14441,0.3017891662227536
14442,0.9995618006181946
14443,0.0013835128255329909
14444,0.7615970241143794
14445,0.7233654607230212
14446,0.6447723972536293
14447,0.7706500656498906
14448,0.018311199527854056
14449,4.7098233043796556e-05
14450,0.14893353054275416
14451,0.8992347864214794
14452,0.25108265023698506
14453,0.0134950321219353
14454,0.0010738259715353318
14455,0.5729593991371839
14456,0.0055284193820609
14457,0.18528295471693615
14458,0.10324181451079542
14459,0.8410467476221346
14460,0.9997814102038588
14461,0.04842273020377751
14462,0.6499859386912338
14463,0.017191489355485045
14464,0.5108817272520798
14465,0.9912031299518127
14466,0.0005586965050783187
14467,0.05873909975672916
14468,0.18429591398495845
14469,0.6881754487753666
14470,0.013578420201951307
14471,0.00011444509284384877
14472,0.4702866349073436
14473,0.14732381955610066
14474,0.699768044206458
14475,0.00048650494399749385
14476,0.9406324823488781
14477,0.06138525456252068
14478,0.6172932222816598
14479,0.897160416937092
14480,0.0024152988968187484
14481,0.0022258196866889145
14482,0.12760696735519875
14483,0.4181573003986362
14484,0.9988824359995679
14485,0.8117034775461133
14486,0.2832580046172518
14487,0.002153529626405263
14488,0.9996608488107642
14489,0.17861458675777508
14490,0.787585865599565
14491,0.03229441919355042
14492,0.6576811494972694
14493,0.00012512808208811304
14494,0.999563261867387
14495,0.9116631017732466
14496,0.27143747639049526
14497,0.6953289596526909
14498,0.9021455940331573
14499,0.18775701352224317
14500,7.923252080281521e-05
14501,0.00017000304430867119
14502,0.03456929566668916
14503,0.00023735024875963013
14504,0.09403584602663712
14505,0.2414689272845706
14506,0.026071813566899634
14507,0.07403390996423127
14508,0.9885788801670946
14509,0.3261526713502396
14510,0.09685563891335755
14511,0.8631618187297829
14512,0.0048867277078276
14513,0.9043315367577471
14514,0.02840602904616179
14515,0.999555370523253
14516,0.7345040357969019
14517,0.9997133107374945
14518,0.015985618887072752
14519,0.020462179703223223
14520,0.999506138346977
14521,0.999958440217578
14522,0.4240371810364618
14523,0.13853060111617327
14524,0.05114516365336988
14525,0.0025616884214520923
14526,0.021355404114995112
14527,0.7957632261119857
14528,0.999973115377271
14529,0.0023157722655179997
14530,0.003489561134919666
14531,0.12813739630943324
14532,0.5339888008936375
14533,0.005373842991247296
14534,0.017519009035008082
14535,0.9996511541797248
14536,0.999945400193547
14537,0.007845077709932449
14538,0.0002147053059006441
14539,0.9789523600395834
14540,0.011225859381603722
14541,0.8349788996194294
14542,0.8702507727739209
14543,0.9047803367205454
14544,0.7041043022684003
14545,0.9996396881542292
14546,0.06296461006445275
14547,0.7190671124299312
14548,0.0024253493369542777
14549,0.9121694490943851
14550,0.7723700742077219
14551,0.00011023457574311964
14552,0.012464363516955753
14553,0.012487825444987645
14554,0.1285558366209208
14555,0.17271709339047575
14556,0.024403564155507297
14557,0.3268457751810675
14558,0.00031760562829543737
14559,0.2801751362488345
14560,0.4329355938862865
14561,0.2486021187547616
14562,0.0006026120423823806
14563,0.004775916545353511
14564,0.940203733159295
14565,0.5055710808092635
14566,0.2102697158042015
14567,0.0003553084056571875
14568,0.010271656033463123
14569,0.18514289471447676
14570,0.7929793225000796
14571,0.49778842419741837
14572,0.054795369434299385
14573,0.0020600934505000798
14574,0.0009755407084503617
14575,0.9984447787517456
14576,0.25253131249059096
14577,0.8755822569724476
14578,0.9996788687464264
14579,0.019137520521642044
14580,0.00031812106225138963
14581,0.9998690334312649
14582,0.9964578207508703
14583,0.15956617127357753
14584,0.15081814344045932
14585,0.35416993837156513
14586,0.9993410951481452
14587,0.5971417191798674
14588,0.7825004261505801
14589,0.07321249997552261
14590,0.8507786840799383
14591,0.00150335753070816
14592,0.007049720312742514
14593,0.9987236992067033
14594,0.9996741839935197
14595,0.05212048435372142
14596,0.009035452360317553
14597,0.9989481638194598
14598,0.20788858682770603
14599,0.0023104825511604593
14600,0.08141102994199387
14601,0.27210655361886577
14602,0.9998475756380479
14603,0.03771056779760338
14604,0.5718808187146519
14605,0.9992246986531228
14606,0.002283486575007459
14607,0.02968526254365406
14608,0.9999316082189914
14609,0.006686945587297506
14610,0.4592147846268393
14611,0.009110457651455824
14612,0.08114742222497133
14613,0.00031887908192038605
14614,0.006486230484425538
14615,0.9640550935300264
14616,0.18189144751029823
14617,0.14582373268152551
14618,0.00013092077923706848
14619,0.7746475186650867
14620,0.45195522883518396
14621,0.9687335562011458
14622,0.6685986413067102
14623,0.999563261867387
14624,0.13802209952658287
14625,0.3802145210134029
14626,0.8317712961912659
14627,0.12155602933820588
14628,0.11278227496879473
14629,0.8434213393969029
14630,0.0004926751634925307
14631,0.004902703753325097
14632,0.9999364441705685
14633,0.27542168811833784
14634,0.40542865161684577
14635,0.0007776017243937013
14636,0.032488140793672154
14637,0.028003576635703027
14638,0.015828625908834784
14639,0.710484539052501
14640,0.008408633044752945
14641,0.9994706120060642
14642,0.0007220747706559201
14643,0.9988824359995679
14644,0.9996523533296412
14645,0.06892220898260902
14646,0.9999364441705685
14647,0.005817214797560654
14648,0.007575960035806545
14649,0.9995301733114041
14650,0.5079940030051626
14651,0.1018167058632429
14652,0.7354010064492342
14653,0.35892931717241267
14654,0.03247161952252128
14655,0.9996114433097345
14656,0.9996271970799889
14657,0.5667949136217965
14658,0.9993496812754782
14659,0.29911436011777287
14660,0.9136872200798154
14661,0.7646084695741279
14662,0.21382195766267179
14663,0.6855858853748532
14664,0.49182849261379924
14665,0.0024688847137954075
14666,0.9998771574896798
14667,0.7459291210477553
14668,0.04692973352713793
14669,0.07141880191297434
14670,0.9996163273617402
14671,0.03742590358581605
14672,0.009267506793765716
14673,0.051484528723665504
14674,0.1649522204904353
14675,0.04126234370471725
14676,0.9997077590462575
14677,0.2500921487737484
14678,0.11857108399431057
14679,0.16590337949560813
14680,0.5857737495452551
14681,0.2562333441495332
14682,0.0671789993830167
14683,0.5329159340434539
14684,0.9999697468293665
14685,0.16640447196470057
14686,0.00036472726532384207
14687,0.001227106631581027
14688,0.8552801280782961
14689,0.003213311876182491
14690,0.8278144236686531
14691,0.36309818089345974
14692,0.9994847016473641
14693,0.5035230778038937
14694,0.006927061511056443
14695,0.4953311015600385
14696,0.6809247714551392
14697,0.8189169375658795
14698,0.8603852661862009
14699,3.291090760055297e-05
14700,0.025450352925723386
14701,0.9995761861991088
14702,0.008755903881776647
14703,0.050652526280509744
14704,0.9999511827981681
14705,0.715602714696654
14706,0.999620369007414
14707,0.03770149154813803
14708,0.7143583562124435
14709,0.2989922400919503
14710,0.4579471083700708
14711,0.06743061345626432
14712,0.9993911726874215
14713,0.29589605680344366
14714,0.4228515349388385
14715,0.8015249971608085
14716,0.9998771574896798
14717,0.0006985983008512719
14718,0.17948618590206772
14719,0.00022937193806658358
14720,0.9991943495064869
14721,0.006080837340255863
14722,0.0002856813530226213
14723,0.9226929101430589
14724,0.8284489796799556
14725,0.6004904212472556
14726,0.053677896285179084
14727,0.028517512142210776
14728,0.0008081786780865166
14729,0.999925288954087
14730,0.03357114439993384
14731,0.637918447896515
14732,0.999813541556598
14733,0.7252666937914528
14734,0.9883416361502647
14735,0.775194047387362
14736,0.877418657866553
14737,0.03472399384485694
14738,0.7215855889220487
14739,0.5414808131008164
14740,0.22631736164201066
14741,0.9998214240206704
14742,0.6088924448860892
14743,0.5465357397924733
14744,0.3390746034226108
14745,0.02100887382792183
14746,0.0025136726195158425
14747,0.38190894689475846
14748,0.9997599178335559
14749,0.9999156860115322
14750,0.0012258283661007484
14751,0.004651550736449153
14752,0.9987236992067033
14753,0.999691346889872
14754,0.011059262435660817
14755,0.7793481569821532
14756,0.14137528084542061
14757,0.02247560432021921
14758,0.033381354463831135
14759,0.019385175606894692
14760,0.5236751125349678
14761,0.00938960073409155
14762,0.02924843739187426
14763,0.9993036202447331
14764,0.12908185200915456
14765,0.9173985890769024
14766,0.003975109762496596
14767,0.04291195648493177
14768,0.7623066752100955
14769,0.07795567144168301
14770,0.055056722530268276
14771,0.6638881046636934
14772,0.7533657745869335
14773,0.001256600739173061
14774,0.2652697392453714
14775,0.0015848006390288564
14776,0.999515879975246
14777,8.23805993339972e-05
14778,0.001994297212231713
14779,0.6656781664353072
14780,0.9992626217302686
14781,0.13729017448792266
14782,0.001424743250007495
14783,0.7353544324366016
14784,0.08318161382399347
14785,0.9993732563716197
14786,0.5779108900228787
14787,0.010585636217842276
14788,0.8432829763132098
14789,0.03350986795449091
14790,0.8881119398331184
14791,0.037642703126038714
14792,0.6944101415131808
14793,0.009910480341580439
14794,0.01042115614638225
14795,0.9997524514715835
14796,0.9479587442710056
14797,0.745599948464994
14798,0.11247576451527422
14799,0.9850947014866348
14800,0.08278311030370393
14801,0.9996461606466575
14802,0.01334916679382581
14803,0.00023673874408735768
14804,0.00234745325347843
14805,0.008798976183903476
14806,0.999742937101724
14807,0.4085798892140147
14808,0.001072625630836603
14809,0.04670432519190868
14810,0.00019577020285802742
14811,0.8107735553522392
14812,0.7513447963364529
14813,0.0009510692459876338
14814,0.9997524514715835
14815,0.8229677598581077
14816,0.3757179441538594
14817,0.00023743467642091778
14818,0.0008591782770668598
14819,0.00010308635557530262
14820,0.3808155217348062
14821,0.9614610458280478
14822,0.0007982696672482331
14823,0.12297366444114284
14824,0.04596624549480334
14825,0.0030990213892409506
14826,0.9993143983068229
14827,0.9063317274359701
14828,0.005602004469313851
14829,0.8546775873809803
14830,0.0070515705118418485
14831,0.9532770586879654
14832,0.9976216471124966
14833,0.003521683244346328
14834,0.9997859621855122
14835,0.01353868618414509
14836,0.6156447214923718
14837,0.12922726056712164
14838,0.006499974377950487
14839,0.29597730959232216
14840,0.999594987092361
14841,0.34420168043128163
14842,0.9784277536005411
14843,0.15596917461566978
14844,0.03614288194326961
14845,0.35854813493848203
14846,0.0018524268565302624
14847,0.8319352913506953
14848,0.015368574742876612
14849,0.9993934019111588
14850,0.9957361465806546
14851,0.02831575478773315
14852,0.25264102460528587
14853,0.9628336504283074
14854,0.6466847624734728
14855,0.0005368102100537269
14856,0.0029858407162587325
14857,0.9995747293601738
14858,0.04953611237724261
14859,0.9998983101824852
14860,0.7128075102606215
14861,0.07883215818134465
14862,0.5366997459658768
14863,0.0003483177309931198
14864,0.9456832555146694
14865,0.999548755909269
14866,0.003306352291360045
14867,0.9996788687464264
14868,0.079491819007472
14869,0.7984633210851616
14870,0.12911679716904534
14871,0.025304130626057977
14872,0.8225120022059385
14873,0.9284501298999582
14874,0.0014982135167852582
14875,0.0038555940056359075
14876,0.3981228323640402
14877,0.4607027666134035
14878,0.018484302181890955
14879,0.9994947603848401
14880,0.4186765180151522
14881,0.9995597018021997
14882,0.3946852498727461
14883,0.9995225709038618
14884,0.023987917237385244
14885,0.012660594298991322
14886,0.0009481465882541921
14887,0.23716822450925915
14888,0.771226627388469
14889,0.29302310837320067
14890,0.017315041054062334
14891,0.0035759362059940747
14892,0.0044772617943222015
14893,0.9994847016473641
14894,0.6277740272506027
14895,0.9963472803607627
14896,0.027606806155318405
14897,0.9995748273396287
14898,0.6198521450192147
14899,0.16077665657766255
14900,0.1159766802999417
14901,0.06402509232556977
14902,0.017165979039055798
14903,0.13520098373278916
14904,0.9187112650378145
14905,0.14860326487519088
14906,0.015658862016706868
14907,0.9992882155169946
14908,0.017547481786106343
14909,0.7527380469339874
14910,0.9997678009770118
14911,0.0001895468299882194
14912,0.17940599823539943
14913,0.003711532340206284
14914,0.8545880703941267
14915,0.02909225848024235
14916,0.012884150857780705
14917,0.037650412316879406
14918,0.06828517236375903
14919,0.07535999920220375
14920,0.08084141556325272
14921,0.9998092954865335
14922,0.04438840109875614
14923,7.575339973941284e-05
14924,0.004361628811548925
14925,0.005761503355888612
14926,0.006611066156852356
14927,0.07086555978669261
14928,0.7960956574319448
14929,0.9994479975684769
14930,0.9998268336769098
14931,0.01943515542135561
14932,0.00901412335376315
14933,0.7501518597550646
14934,0.4637375386260315
14935,0.9997693236947158
14936,0.9647788415976487
14937,0.9994990550201834
14938,0.9999718846290591
14939,0.5376062673418794
14940,0.7322056584853183
14941,0.5793918494635119
14942,0.636016834926585
14943,0.539654441599439
14944,0.0012628006347892662
14945,0.014199445599202491
14946,0.26792691602266905
14947,0.006858123963472401
14948,0.7162094089279907
14949,5.594965415573488e-05
14950,0.3998320479977592
14951,0.7072146582493594
14952,0.9057794568867408
14953,0.002105200274512298
14954,0.2943067361095578
14955,0.999839854212449
14956,0.9982036032556068
14957,0.28447078786079644
14958,0.29292706362476884
14959,0.13106084265605536
14960,0.9996511541797248
14961,0.6317798266639078
14962,0.9061929877925706
14963,0.1285558366209208
14964,0.0001441987517430505
14965,6.323582688407388e-05
14966,0.5564228698156642
14967,0.00010048744074201748
14968,0.057270508132582644
14969,0.021493305730245563
14970,0.1495531341972316
14971,0.9406675290202251
14972,0.00021759418626688117
14973,0.018652985061435142
14974,0.056385503524658286
14975,0.277846883290756
14976,0.0014509146648648877
14977,0.04073064037574105
14978,0.4785776468027422
14979,0.0007098965032113864
14980,0.22420106765136547
14981,0.006401154990782326
14982,0.26448004099836375
14983,0.4213945675829729
14984,0.598993729890861
14985,0.6320741396366792
14986,0.8796767190909573
14987,0.27963191195072085
14988,0.47550697078718945
14989,0.03157333872292647
14990,0.004054372898959502
14991,0.06861146093122267
14992,7.676499588685047e-05
14993,5.2854024363849336e-05
14994,0.005807132767640956
14995,0.00017404391786314495
14996,0.06225377571419062
14997,0.04129475606940731
14998,0.025913265419197813
14999,0.5799051978433358
15000,0.6011658540056951
15001,0.002404063031596854
15002,0.46345307011230413
15003,0.677321765073779
15004,0.9995636427540336
15005,0.8385598966964808
15006,0.5008650779732542
15007,0.037554109118301295
15008,0.0007259918237017011
15009,0.03723968323464806
15010,0.4023463328711874
15011,0.6143759912364559
15012,0.06651263180864012
15013,0.003640321802098061
15014,0.039909774504526714
15015,0.9999255414090258
15016,0.9996829977336692
15017,0.05125261058884956
15018,0.11344634080977355
15019,0.03684162354882134
15020,0.0075171026974388405
15021,0.4574680536563571
15022,0.5935430890022771
15023,0.9285744968096309
15024,0.019632943774606514
15025,0.42570864156624827
15026,0.7636300682425082
15027,0.9997703967436925
15028,0.5658922488606388
15029,0.999280903012029
15030,0.04678489904109995
15031,0.18055322864848783
15032,0.00451131986392832
15033,0.013376860379082174
15034,0.011335661355432678
15035,0.08069619772940964
15036,0.10119377750950975
15037,0.004111364982201853
15038,0.002960936312551968
15039,0.024804351064777002
15040,0.00024549993377949995
15041,0.19009610474018077
15042,0.009737099844186031
15043,0.2727750441245222
15044,0.4342687217783316
15045,0.7266531011508853
15046,0.1954199829582913
15047,0.11196805413324815
15048,2.9116144289555212e-05
15049,0.23710734840393177
15050,0.819636015323669
15051,0.7963062555763303
15052,0.9999364441705685
15053,0.959101562336012
15054,0.7138415420341759
15055,0.3879090286935103
15056,0.6750863255310633
15057,0.047511736969258575
15058,0.8862672440194779
15059,0.7391052761062301
15060,0.9998329855713413
15061,0.0509400654930738
15062,0.9994632871929426
15063,0.7110244555081454
15064,0.9019100923896087
15065,0.999563261867387
15066,0.3476715741487334
15067,0.11650120869820506
15068,0.8128530423772382
15069,0.023116679303603692
15070,0.9992680655927223
15071,0.9862859945964588
15072,0.9994706120060642
15073,0.012021358062881654
15074,0.7429693241962125
15075,0.2202862774091934
15076,0.011095871265881822
15077,0.00046395183385193394
15078,0.5488663549943724
15079,0.006369078874691358
15080,0.9489240918264121
15081,0.7622537528679275
15082,0.11612077116311485
15083,0.8185060251176487
15084,0.004910621275482637
15085,0.0034056195740255475
15086,0.37235532803435906
15087,0.9984362597658446
15088,0.1980054779861382
15089,0.07729898013979128
15090,0.9720116422445454
15091,0.09549160436713132
15092,0.09952656512444515
15093,0.0005409098434335137
15094,0.2940846042845524
15095,0.9504199912466785
15096,0.13698569669404353
15097,0.046288542035864744
15098,9.667885946971661e-05
15099,0.08410313799662614
15100,0.43356610940898827
15101,0.18599512424697143
15102,0.8652358255315983
15103,0.9674838436217217
15104,0.0020136053001275646
15105,0.47651940743922605
15106,0.06742223691327814
15107,0.03120769827746158
15108,0.46451575337416945
15109,0.34257697022199013
15110,0.027298585339350943
15111,0.92547031360374
15112,0.21468554959225633
15113,0.9997657726368168
15114,0.9384615305707487
15115,3.447681817196675e-05
15116,0.00473660195534577
15117,0.22431010165638118
15118,0.003984375790892835
15119,0.2173673769898121
15120,0.23812860975421185
15121,0.9653503997037957
15122,0.013371141865741848
15123,0.7898971917016915
15124,0.08087052016043471
15125,0.2742494677583687
15126,0.00043570569094412666
15127,0.16665004335214584
15128,0.23403105692266185
15129,0.0002205857181404536
15130,0.3092679642514688
15131,0.181212491461963
15132,0.37927612654872517
15133,0.0006118354661616879
15134,0.6829906098130818
15135,0.0034809583146027953
15136,0.0009752355243601599
15137,0.9998470000369628
15138,0.011301942279573712
15139,0.3752878738901886
15140,0.007733207618702547
15141,0.007600347849490598
15142,0.9997303693781457
15143,0.010828083229929385
15144,0.14752174332719034
15145,0.14119195997038111
15146,0.0026586231726459923
15147,0.005291380040110614
15148,0.05910517521079365
15149,0.8190427995003413
15150,0.9998704162837054
15151,0.1639172060081988
15152,0.019644706810961365
15153,0.0687618721690084
15154,0.6106910362982201
15155,0.43767724590156365
15156,0.3720793478091308
15157,0.5718345536713837
15158,0.026450952483143726
15159,0.05715204444817766
15160,0.6147527310191999
15161,0.005349751199677196
15162,0.9996179313407902
15163,0.8246921403195134
15164,0.9999029642249432
15165,7.315172646037789e-05
15166,0.5150373852217983
15167,0.01581282450053986
15168,0.5576198114343514
15169,0.003722199422158113
15170,0.001415706704971798
15171,0.04774339639179432
15172,0.11157324312245939
15173,4.817449232272294e-05
15174,0.011995236741300283
15175,0.9995239414562674
15176,0.00024475043451398524
15177,0.07809142611131428
15178,0.9995842359451568
15179,0.35602481069425257
15180,0.06918907371240872
15181,8.160758747915992e-05
15182,0.06039792609743717
15183,0.3532875840507996
15184,0.9998842906774459
15185,0.005754537551782486
15186,0.0038691081417683098
15187,0.029818193296393992
15188,0.9984494579348531
15189,0.10624336962153144
15190,0.7737856316449828
15191,0.9995301733114041
15192,0.5768742602294048
15193,0.18224597914177404
15194,0.0005033509679598446
15195,0.33532351473431166
15196,0.0002565646841464464
15197,0.002667985548309139
15198,0.0014193394872649974
15199,0.22206871127694044
15200,6.368297568453894e-05
15201,0.20613348771352355
15202,0.9997516205605174
15203,0.016270893165040122
15204,0.25994719733329846
15205,5.350688484461629e-05
15206,0.07295678056141308
15207,0.014333517850276601
15208,0.08069382838049026
15209,0.7005742311181669
15210,0.6231533806891468
15211,0.01240862650953829
15212,0.7743764694966759
15213,0.6043356090230355
15214,0.9979777501941165
15215,0.5184305095588767
15216,0.14175069812038812
15217,0.2041695366923492
15218,0.1901800516326483
15219,0.12136161186246866
15220,0.8931316608417901
15221,0.6142650460994022
15222,0.99947817992549
15223,0.8943837207774807
15224,0.727662620229209
15225,0.34084663785526126
15226,0.41169432392281324
15227,0.8120884151832712
15228,0.47671903616009015
15229,0.9994632871929426
15230,6.926471698514878e-05
15231,0.7934102249993676
15232,0.998788561576042
15233,9.39718456598743e-05
15234,0.9996511541797248
15235,0.00889629439196329
15236,0.05853798319636504
15237,0.004500114718828718
15238,0.12113206653826417
15239,0.37669861639168173
15240,0.5852341098465836
15241,0.9995781819570394
15242,0.46769062135382833
15243,0.012767383883166832
15244,0.6706990603487014
15245,0.7980519942001939
15246,0.14411054522944727
15247,0.6986599265782715
15248,0.8612746768249796
15249,0.7439428018496872
15250,0.016613453332263342
15251,0.9996365758420503
15252,0.9995214691268731
15253,0.9983394641395945
15254,0.5959131264349442
15255,0.9995301733114041
15256,0.9998771574896798
15257,0.008145696977699094
15258,0.0558152594506271
15259,0.9784277536005411
15260,0.10734339853479843
15261,0.9997678009770118
15262,0.13802129491604
15263,0.04677216534409938
15264,0.9333772331419918
15265,0.03169752951758886
15266,0.08075107953527996
15267,0.24470227166145767
15268,0.1686083520330849
15269,0.23518416184178068
15270,0.017707475047180798
15271,0.7115545003099878
15272,0.0018278302303415324
15273,0.7248300479174167
15274,0.008405745745595123
15275,0.001250682822180773
15276,0.9999506312216214
15277,0.995691354975391
15278,0.1927537086816821
15279,0.37015882297288955
15280,0.05086916112173394
15281,0.11672470867654083
15282,0.9992246986531228
15283,6.380562210272231e-05
15284,0.999742937101724
15285,0.7305880095309394
15286,0.9897495456490298
15287,0.05056958641895979
15288,9.712691809400019e-06
15289,0.007699593885051709
15290,0.2141641298000963
15291,0.7529926191272434
15292,0.8674392998079118
15293,0.9992453249755359
15294,0.7522972069980377
15295,0.41201460920068467
15296,0.16578602115232927
15297,0.00010954288628889282
15298,0.9266221355758636
15299,0.011005843810526692
15300,0.9995321735965664
15301,0.8379428621329951
15302,0.4688790403566922
15303,0.00013318294021883543
15304,0.09464840306376661
15305,0.7562842747615747
15306,0.018518488770296933
15307,0.24732632360621412
15308,0.9999607090645114
15309,0.17248568314768783
15310,0.007182168442179591
15311,0.02790741662013361
15312,0.8389699618594433
15313,0.38428004980087077
15314,0.01668783478230929
15315,0.3024024294823823
15316,0.006376806988023082
15317,0.030848005570677326
15318,0.632917888505261
15319,0.0049571768558497546
15320,0.004173711262707503
15321,0.047705406122289865
15322,0.013017906805071843
15323,0.005033517110877783
15324,0.24968915942213915
15325,0.7749643063863709
15326,0.15323253920526753
15327,0.002179689519090064
15328,0.20315091097469715
15329,0.999816528563738
15330,0.5387437397452908
15331,0.021914046217931204
15332,0.030707871224850115
15333,0.4174457747822355
15334,0.8514860891472781
15335,0.1965958671211048
15336,0.8449192326876189
15337,0.319575944666018
15338,0.8343414564746324
15339,0.6802912649467965
15340,0.004394894957199831
15341,0.2226638221957433
15342,0.21685808582313137
15343,0.9449347356999597
15344,0.4478468484128946
15345,0.00786483128088012
15346,0.048564939935061634
15347,0.007225833651660113
15348,0.5665527417902426
15349,0.004577596960211125
15350,0.999607241606399
15351,0.25824085575349465
15352,0.15129485409323648
15353,0.012185503728948588
15354,0.15018407490260344
15355,0.27351714443223196
15356,0.08801198356563228
15357,0.6709334889355043
15358,0.08670255079360605
15359,0.007325171719941764
15360,0.7298671422221855
15361,0.19962371473781376
15362,0.6701986836919219
15363,0.6380332802998171
15364,0.07396185938999249
15365,0.030432028827880757
15366,0.22104401778685892
15367,0.00012907089205628456
15368,0.04426165887054683
15369,0.00023602290424451218
15370,0.012557470543633981
15371,0.027228999982557157
15372,0.3773968228789373
15373,0.5944951687139863
15374,0.11329318017092613
15375,0.49296658638135427
15376,0.7174805584670069
15377,0.003066714821263601
15378,0.25045544298132133
15379,0.804509042729851
15380,0.3487625317526327
15381,0.020147871530803132
15382,0.9522481773572489
15383,0.013354508472368666
15384,0.004951629331228605
15385,0.25213767533576714
15386,0.6657862022285429
15387,0.028877040740028483
15388,0.10615524540241048
15389,0.0038638428170860526
15390,0.008200785122810833
15391,0.2503244620754385
15392,0.4309678899670553
15393,0.000716819904409212
15394,0.7094393294893437
15395,0.00014151012216169799
15396,0.06188270655311272
15397,0.30203778140216303
15398,0.010717473303943738
15399,0.8721929363848383
15400,0.8898028632246162
15401,0.12866814050552863
15402,0.013698355508832928
15403,0.02503116046061822
15404,0.3224112720453279
15405,0.39766319875901357
15406,0.6840044320814461
15407,0.5233940503624678
15408,0.015514308291052676
15409,0.7774255707018495
15410,0.03263284889491675
15411,0.9995227362796865
15412,0.061207555270036094
15413,0.19373120172235958
15414,0.7471174901032329
15415,0.031245623967070486
15416,0.604283404595293
15417,0.6873220279948322
15418,0.3052763254825898
15419,0.28785343889004245
15420,0.011839029945915484
15421,0.7552546951266303
15422,0.8247063418819662
15423,0.7389048028616851
15424,0.9998481284934239
15425,0.9775732018153267
15426,0.8496157001339166
15427,0.09612685931090671
15428,0.8967530064773999
15429,0.9997156688272456
15430,0.8470659638918911
15431,0.0009510692459876338
15432,0.04381356517759801
15433,0.029290142655535555
15434,0.7369622657879972
15435,0.5734527131956104
15436,0.45045740387558736
15437,0.5723893220689571
15438,0.10999650381985411
15439,0.18661499068369647
15440,0.015002315032026843
15441,0.8872049489021555
15442,0.005731383176814193
15443,0.37068584346926753
15444,0.13616099659472322
15445,0.0008750139738749083
15446,0.874004020557273
15447,0.5455436774460818
15448,0.04611922407582839
15449,0.0034654800849542072
15450,0.7176968093841545
15451,0.0026638753487050813
15452,0.873756176864365
15453,0.27228534580669633
15454,0.7503655171878966
15455,0.25839947853237133
15456,0.9493843370956294
15457,0.11891951137880678
15458,0.008438881556827054
15459,0.002333986233928033
15460,0.17346265194570348
15461,0.028003576635703027
15462,0.004869698771815212
15463,0.005204382551966839
15464,0.9433630679088787
15465,0.9962605070266922
15466,0.21523466291122842
15467,0.011695948073044882
15468,0.10090357973994694
15469,0.3762383731359521
15470,0.9997807879144255
15471,0.14875577337066773
15472,0.627225597677406
15473,0.47907447436014594
15474,0.2985295248791934
15475,0.5354513194642818
15476,0.006332935428811036
15477,0.0249172519388201
15478,0.00011897486138639345
15479,0.5519530833736594
15480,0.8382858425671956
15481,0.9995022176941539
15482,0.10909096489822166
15483,0.8013242932964026
15484,0.0013167991685392353
15485,0.9988362055788842
15486,0.957677345745992
15487,0.006197783075856229
15488,0.969118964394088
15489,0.003553784996426548
15490,0.9005771538745383
15491,0.2032219609312341
15492,0.0002805323094589469
15493,0.792968164884004
15494,0.04611491081656287
15495,0.2530757598245746
15496,0.9996571114847964
15497,0.45924665384936547
15498,0.0013869747340123952
15499,0.9979271581485404
15500,0.00022127457222908316
15501,0.00022711785233494773
15502,0.7239190592659211
15503,0.0001096118791123315
15504,0.9036524144040464
15505,0.7555579523231392
15506,0.012989026989863477
15507,0.9438814627953053
15508,0.02295018894816397
15509,0.12050751034987593
15510,0.015465122945973747
15511,0.22670597363803183
15512,0.8402953554532183
15513,0.004785508675808971
15514,0.9994285616106388
15515,0.015974603537257243
15516,0.8722924300220557
15517,0.044824310270139084
15518,0.9992680655927223
15519,0.17654913698707314
15520,0.03347339853948427
15521,0.02576372803499945
15522,0.00447080313917399
15523,0.2317988171015113
15524,0.999373068022386
15525,0.9997153891236222
15526,0.0140337647280545
15527,0.16540538190418377
15528,0.7400844479603564
15529,0.008203042070340593
15530,0.004015813290970475
15531,6.566581696479322e-05
15532,0.04881617082897754
15533,0.9093999861191837
15534,0.00886702033386853
15535,0.30635822958365055
15536,0.7206156831896244
15537,0.6024087697778561
15538,0.1293393546699819
15539,0.5079273013095807
15540,0.1533166064764766
15541,0.29928141972942485
15542,0.15595528473529713
15543,0.0001964693375809211
15544,0.00017112272707289848
15545,0.0012050623196070982
15546,0.17454318420007772
15547,0.7959887814085224
15548,0.0006562194380047844
15549,8.994013041740216e-05
15550,0.22250038884672274
15551,4.430980366864677e-05
15552,0.12480762227209904
15553,0.006815901639134327
15554,0.3849945621047839
15555,0.03578705896379869
15556,0.9997710774652279
15557,0.31118131941971894
15558,0.8391327519484174
15559,0.0046351355575638305
15560,0.12496260645010002
15561,0.9993143983068229
15562,0.9998704162837054
15563,0.00011428776598841189
15564,0.0006002492532963477
15565,0.22437783121330926
15566,0.18561581793431942
15567,0.035893154327944016
15568,0.6786483478312146
15569,0.9998470000369628
15570,0.08117982656945132
15571,0.8148925226828652
15572,0.0002807381515379976
15573,0.11308553118209191
15574,0.8914258124324683
15575,0.11550677141685617
15576,0.1596123234089263
15577,0.0001719238988541444
15578,0.9995321735965664
15579,0.28490276980929424
15580,0.9998880980107413
15581,0.5156290626619492
15582,0.6847630989597375
15583,0.8949735195017342
15584,0.9992567833984433
15585,0.003210866877580684
15586,0.0025351371806344126
15587,2.2806969518101796e-05
15588,7.589987129443666e-05
15589,0.10360831570940311
15590,0.01233207557723218
15591,0.12910148784528738
15592,0.6171885369485903
15593,0.4195208049462561
15594,0.9155666821851651
15595,0.014066121130566338
15596,0.8080963083935158
15597,0.2533664130194105
15598,0.05515449475372426
15599,0.05846692909608702
15600,0.0076063964598432855
15601,0.02146408534056579
15602,0.9999056378012121
15603,0.09665894861497468
15604,0.00020749257892342584
15605,0.14286844658033593
15606,0.028005344970605008
15607,0.8892545474532676
15608,0.00013086572301375802
15609,0.9630319169219379
15610,0.004224700229533383
15611,0.0019302315137391956
15612,0.6492383198234565
15613,0.9993197299943488
15614,0.886606531846762
15615,0.18234809380295258
15616,0.9994465477739006
15617,0.7056877774693429
15618,0.019303330056565385
15619,0.731237680924002
15620,0.2708064136036202
15621,0.7610451354351399
15622,0.7068345879217661
15623,0.5208863418451696
15624,0.01696385247670051
15625,0.0023291245173705823
15626,0.0017447365756957333
15627,0.13252037767337446
15628,0.9988824359995679
15629,0.9993805390384587
15630,0.061509503786674975
15631,0.005285900383469877
15632,0.011305727745200882
15633,0.003691062400225989
15634,0.00012563275603994675
15635,0.7597573088840763
15636,0.08738779994508114
15637,0.0019008963887003816
15638,0.24702988210937998
15639,0.009243900970919408
15640,0.6454890100234659
15641,0.002388630366990428
15642,0.9998771574896798
15643,0.19786106668685358
15644,0.9975322426625957
15645,0.00020525818548975495
15646,0.01794928897512391
15647,0.0009479971151488129
15648,0.0012225887608770644
15649,0.06354057634863457
15650,0.13456710458692103
15651,0.016979573526345666
15652,0.0063776025342262175
15653,0.5104752962950038
15654,0.2980671745210146
15655,0.012687748115150313
15656,0.3975089757005415
15657,0.9998631713655618
15658,0.7662472530351023
15659,0.4369724531566183
15660,0.08618501901300495
15661,0.38638747164354426
15662,0.7150326000666973
15663,0.8646712769042303
15664,0.9996461606466575
15665,0.0017132888814148234
15666,0.0036221450633575946
15667,0.9993625244378911
15668,0.025931142936046127
15669,0.005597940034277179
15670,0.017209458386052597
15671,0.0032815886428243985
15672,0.6036698352533936
15673,0.017674869197608238
15674,0.34460119202749284
15675,0.648328899876655
15676,0.007014771800753559
15677,0.12022570384050218
15678,0.7054071288984507
15679,0.4591230006271118
15680,0.00032804926359113456
15681,0.9998944236800902
15682,0.0002504909958396149
15683,0.8707884119630289
15684,0.8819835848207213
15685,0.0005680112131470623
15686,0.0015421124446851205
15687,0.012748731397051141
15688,0.9995949625908972
15689,0.5343566871198148
15690,0.005151595576695785
15691,0.7976226829372889
15692,6.29071975351718e-05
15693,0.7846217927798871
15694,0.003070307197398519
15695,0.32462089306674063
15696,0.8677831192672207
15697,0.35458018001174646
15698,0.9993571825958766
15699,0.24293696798000383
15700,0.9997764883396204
15701,0.8914258124324683
15702,0.38626791468639743
15703,0.056639592751107685
15704,0.0035028923407607977
15705,0.006516304368505413
15706,0.9333426313394146
15707,0.7219327032153366
15708,0.9429587285140111
15709,0.07061680904437921
15710,0.4673914877535216
15711,0.15005016486548994
15712,0.03763629463558912
15713,0.8597484759395879
15714,0.4759532116666452
15715,0.10923143327197013
15716,0.5849304064203129
15717,0.013428184955285537
15718,0.10401160668844914
15719,0.9999718846290591
15720,0.3818886610090475
15721,0.4194177771103928
15722,0.9992712724512643
15723,0.7510183131720605
15724,0.9998481266597455
15725,0.07966897213441804
15726,0.6807967442529441
15727,0.1810785363939083
15728,0.0010673804329693398
15729,0.14451963055705283
15730,0.384199664091318
15731,0.013232070361825856
15732,0.60182295105359
15733,0.5924494460288258
15734,0.0001628021813152935
15735,0.8374930573697255
15736,0.003481790350609567
15737,0.999894569782393
15738,0.7845698405804327
15739,0.005868071582624877
15740,0.001072625630836603
15741,0.9999364441705685
15742,0.01375183970237066
15743,0.9992237584357746
15744,0.008475769831897982
15745,0.9995473273360095
15746,0.999563261867387
15747,0.014437751626241476
15748,0.004343533491580236
15749,0.0001964056394073445
15750,0.1987838948372866
15751,0.029170270364626646
15752,0.003881826156973265
15753,0.7545819110065047
15754,0.7397210995497435
15755,0.9996461606466575
15756,0.9537585675891187
15757,0.008183615718877055
15758,0.2517394451964442
15759,0.3635184752016739
15760,0.0005541316386881394
15761,0.8526757067469658
15762,0.5540205693052919
15763,0.9132369086705201
15764,0.48519000577735094
15765,0.005083975552853355
15766,0.5462175736859715
15767,0.9994900725958821
15768,0.27255762130125255
15769,0.00017601842662807852
15770,0.13566350599576724
15771,0.014627308222438743
15772,0.9993060906673478
15773,0.023234954416823588
15774,0.9997440387119436
15775,0.0023262932061529746
15776,0.030067256177602173
15777,0.7496257712059028
15778,0.00021775172813587893
15779,0.3550551995856399
15780,0.45878442933618796
15781,0.009099342347753607
15782,0.8578691048226452
15783,0.04953721117589808
15784,0.015020141699444624
15785,0.022553248997652882
15786,0.7331713607845256
15787,0.8224367690957449
15788,0.08612846024485503
15789,0.9997006824583661
15790,0.7656462020363395
15791,0.03210596420650302
15792,0.7401947917057492
15793,0.8536952881612799
15794,0.02285497148165437
15795,0.9997800107469587
15796,0.013223134094225415
15797,0.9994578980614803
15798,0.9744434117003593
15799,0.008890207460737775
15800,0.30249522213892827
15801,0.5703691985761943
15802,0.1301017182616997
15803,0.8876289787922753
15804,0.02056158619303874
15805,0.33163516176900576
15806,0.0008175382698195353
15807,0.000241443812266507
15808,0.9998394586118978
15809,0.809685616860536
15810,0.08381045396758859
15811,0.9470602337592977
15812,0.853557339418434
15813,0.26521112174076245
15814,0.5569040014550894
15815,0.30846652764414817
15816,0.003432853742926856
15817,0.9993911726874215
15818,0.0008081786780865166
15819,0.017114265820667798
15820,0.19621945529888823
15821,0.49657663086673187
15822,0.0012219186005571312
15823,0.00015955229593637765
15824,0.3517689825774707
15825,0.9994571105478101
15826,0.6394209582191954
15827,0.999839854212449
15828,0.7608405742833648
15829,0.001577742894434614
15830,0.00012809460792229707
15831,0.00019215175251629756
15832,0.0036391869654440667
15833,0.17940599823539943
15834,0.020589663279626132
15835,0.27898086815771767
15836,0.005497248761883333
15837,0.3700641091296512
15838,0.199477338030768
15839,0.9981159906355216
15840,0.00012397441302687323
15841,0.9999329886732777
15842,0.02196387410756218
15843,0.00024779610013918123
15844,0.8104229848840909
15845,0.8038205356093169
15846,0.12879597933635015
15847,0.0014685141092319735
15848,0.04626304783496745
15849,0.4171217257477803
15850,0.9992246986531228
15851,0.7976812393849937
15852,0.006387033861195661
15853,0.0004491933924602236
15854,0.06900903773929716
15855,0.012974953126967025
15856,0.6939800875161138
15857,0.0030817318682699046
15858,0.006987764116886365
15859,0.7452350433592937
15860,0.39516261112138507
15861,0.0011946365732508541
15862,0.6002798458382922
15863,0.8880114019457543
15864,0.005654185261084415
15865,0.0006808507369262951
15866,0.9999082497465345
15867,0.06760632432333596
15868,0.33707011606653503
15869,0.6706061257117991
15870,0.00028232658881838273
15871,0.8989108115762311
15872,0.0028221326148893675
15873,0.006681302160426573
15874,0.10954656993097282
15875,0.0049080093122959075
15876,0.09823948836299305
15877,0.4460143337325064
15878,0.004978915199294896
15879,0.11489326065328717
15880,0.145486752911031
15881,0.26283863166156574
15882,0.03625871541908407
15883,0.09477333725226875
15884,0.06136066446036925
15885,0.26291841892755036
15886,0.0009065494310871255
15887,0.0014363133453789577
15888,0.08653042085734333
15889,0.0035837135593218567
15890,0.0032092740195851475
15891,0.4680616204721541
15892,0.3809597720814117
15893,0.0022570500053486946
15894,0.9997377148230725
15895,0.1873472875786054
15896,0.18126569273697435
15897,0.9994832696495052
15898,0.07221135425066147
15899,0.9994686355276532
15900,0.3906737188596451
15901,0.0017931834887871517
15902,0.9969859077190689
15903,0.7576973506127149
15904,0.0019131428963662137
15905,0.006617169764694287
15906,0.9997313722308496
15907,0.005151805949384048
15908,0.12573062978263203
15909,0.21251115975179197
15910,0.005938387077161751
15911,0.9996365758420503
15912,0.9944890704759087
15913,0.45885003061901825
15914,0.9995473273360095
15915,0.17940599823539943
15916,0.15009104231632964
15917,0.004870583217093905
15918,0.23764396053631023
15919,0.35149376965842616
15920,0.06507622143580047
15921,0.9784277536005411
15922,0.16270663216632794
15923,0.6180096323876834
15924,0.004286841243124644
15925,0.9094287358090403
15926,0.0002405517482106416
15927,0.692678345137066
15928,0.10625319114469975
15929,0.31799507229675267
15930,0.9345007777379408
15931,0.1949191703553286
15932,0.3020706328196839
15933,0.033598691373124615
15934,0.010281592108914524
15935,0.05029363632033555
15936,0.5092455270275199
15937,0.8324498899967295
15938,0.0044666216454940415
15939,0.11447750569710749
15940,0.00036449237119801883
15941,0.007171520415558976
15942,4.001809278508974e-05
15943,0.00023767013137938398
15944,0.9997109980690538
15945,0.011423399787656064
15946,0.9998062692846335
15947,0.9992982292290908
15948,0.07090481762692834
15949,0.016573275013323865
15950,0.2500921487737484
15951,0.03505247851000319
15952,0.006516410941320221
15953,0.6930240271090504
15954,0.9997440387119436
15955,0.32965542286159705
15956,0.020379299781510075
15957,0.38611027500189066
15958,0.0028355021188958634
15959,0.028003576635703027
15960,0.8191805906274533
15961,0.33647168429753455
15962,0.3414182811947913
15963,0.0004333655730263765
15964,0.5763736176588447
15965,0.1505672716029739
15966,0.3694065876053596
15967,0.001502103476924288
15968,0.6113696038417755
15969,0.981629895578756
15970,0.9996182826875794
15971,0.005969405392126194
15972,0.9996283021450161
15973,0.15864522561205496
15974,0.4623131639945961
15975,0.158958027834263
15976,0.0004872808679723858
15977,0.9996083192137359
15978,0.4968946376410884
15979,0.8293607456344834
15980,0.20046398566489862
15981,0.01663607836642881
15982,0.47545422200705434
15983,0.8605842899783684
15984,0.9995899050703184
15985,0.9520092882635588
15986,0.0010462587535768279
15987,0.6725416194579951
15988,0.8515078052093192
15989,0.21688439938536289
15990,0.06084769380102092
15991,0.8235814214072149
15992,0.9963831731241032
15993,0.18993876935292894
15994,0.294262673942607
15995,0.00014983350190852536
15996,0.05329843060401134
15997,0.9993491643568999
15998,0.999925437185554
15999,0.4896049960833525
16000,0.27216150037303155
16001,0.1446571717878828
16002,0.19792398252890506
16003,0.23169045993154347
16004,0.004584699068082725
16005,0.11186054430463852
16006,0.03799142793403356
16007,0.998803000502367
16008,0.010134864795312204
16009,0.0022586181265179662
16010,0.003647110732713243
16011,0.17390296498589902
16012,0.00039394893966106573
16013,0.45251537594809854
16014,0.999839854212449
16015,0.06862403563253232
16016,0.2718586755585431
16017,0.044165331876088586
16018,0.007505194793807428
16019,0.0014816864262143794
16020,0.9041874106813743
16021,0.34826031173777017
16022,0.02281462074148434
16023,0.003385077050047509
16024,0.7045493367479628
16025,0.04246996313485521
16026,0.00024619179298232546
16027,0.9996456703118978
16028,0.9993491643568999
16029,0.17974038995201586
16030,0.1864110962163555
16031,0.00021253343002692742
16032,0.9667629839223429
16033,0.004183462766201635
16034,0.5948086797964122
16035,0.9995949625908972
16036,0.057601446680067704
16037,0.9996461606466575
16038,0.001072625630836603
16039,0.5065499947601344
16040,0.03924376916015472
16041,0.776543778647263
16042,0.08910940990486371
16043,0.025841919166535762
16044,0.5201872069563562
16045,0.4142434908418621
16046,0.9996396881542292
16047,0.0035216875735659655
16048,0.801204823468674
16049,0.5230012661593824
16050,0.9997250351828642
16051,0.9490831001813645
16052,0.602663998033909
16053,0.999925288954087
16054,0.034486294318553025
16055,0.8768395617500914
16056,0.3288936438094837
16057,0.05795902470607947
16058,0.836044105442161
16059,0.27136061657136523
16060,0.79948735380783
16061,0.024013477909306514
16062,0.29601995265900277
16063,0.017083533510313546
16064,0.0838974799328218
16065,0.872095249236044
16066,0.14401014737915946
16067,0.013614506722563029
16068,0.05365981572125782
16069,0.421242592900516
16070,0.0025360310405859125
16071,0.022484770042671638
16072,0.999409621151641
16073,0.9998892969043036
16074,0.9996905130665825
16075,0.756761698374833
16076,0.44546450212674477
16077,0.011084569021662534
16078,0.8726412615118034
16079,0.7222724741871784
16080,0.9998611543394631
16081,0.02160379990760736
16082,0.7997929114948971
16083,0.0023752932740146726
16084,0.7401083691386902
16085,0.027071547358556908
16086,0.00028071270493501305
16087,0.0003102546108653468
16088,0.06037074988973544
16089,0.7337470079604792
16090,0.16747611736605492
16091,0.0028389833778933874
16092,0.7417018559789075
16093,0.9952045456395955
16094,0.9992291905912508
16095,0.10007202037745412
16096,0.08950210997636246
16097,0.0036104599784442678
16098,0.999555370523253
16099,0.06680080984042545
16100,0.9132468604072599
16101,0.030160679478942843
16102,0.3198251766005507
16103,0.29552545941669994
16104,0.00020739205447263605
16105,0.7376736154484965
16106,0.11249467533873878
16107,0.8441965001083653
16108,0.12059063690278042
16109,0.578690124135966
16110,0.9981483228062634
16111,0.5015995420455992
16112,0.00940865850206709
16113,0.4710086483582421
16114,0.9981159906355216
16115,0.0002527768643467862
16116,0.9718610522556761
16117,0.019104427984656766
16118,0.00020146302203613898
16119,0.002227140322524113
16120,0.0038374627467808987
16121,0.0009000089414363187
16122,0.0006223021589219208
16123,0.2216586989202112
16124,0.9783809328956351
16125,0.06776441738751725
16126,0.00011926835324643363
16127,0.5690720495463731
16128,0.00019224389930424518
16129,0.0041267824673253
16130,0.2602053747181926
16131,0.003030241233569225
16132,0.1741663571719923
16133,0.2185548756665308
16134,0.12175241289861238
16135,0.06339886244351331
16136,0.2487989971302231
16137,0.0006509963653747328
16138,0.03092567924077466
16139,0.0010115741728640919
16140,0.8601143494168335
16141,0.003932096752879171
16142,0.004665379972341245
16143,0.06262291027921299
16144,0.00017620238814287283
16145,0.9997918801942359
16146,0.005542201869583207
16147,0.2666757610800264
16148,0.9629543377641192
16149,0.05033830236902359
16150,0.4247712108980454
16151,0.7034167733948206
16152,0.474300635826734
16153,0.19297159998385188
16154,0.0006562194380047844
16155,0.06065879808268181
16156,0.4613552688329133
16157,7.201152487241987e-05
16158,0.6466847624734728
16159,0.9111626623278257
16160,0.8695867151570071
16161,0.5511222401397036
16162,0.9999029708119284
16163,6.283066927232172e-05
16164,0.00014981694648723715
16165,0.0012459219899308917
16166,0.9993336517016168
16167,0.0005930684456119348
16168,0.02217761072928766
16169,0.19232732828051977
16170,0.5283327313169532
16171,0.000153046226060861
16172,0.9969433942732082
16173,0.31276814319746477
16174,0.10110898361255309
16175,0.23049390926514432
16176,0.0033814724460616884
16177,0.0015769478705763124
16178,0.03163120002574902
16179,0.3930144243787168
16180,0.31893460919957495
16181,0.0008559998164993382
16182,0.2638462600770534
16183,0.5951749112429396
16184,0.1571134982257109
16185,0.1156130086284774
16186,0.003987119313017017
16187,0.04892549698167318
16188,0.0020490416600598277
16189,0.26373540454792094
16190,0.4138270089275804
16191,0.00010449987101914967
16192,0.6322394842451721
16193,0.009155089809901458
16194,0.0012367877748499397
16195,0.09305789166596673
16196,0.026984712710242848
16197,0.7952001386244505
16198,0.9995860782741538
16199,0.28122113486279027
16200,0.6427023595002642
16201,0.8093501064418251
16202,0.004754639700153791
16203,0.45730024913303163
16204,0.8646503600900555
16205,0.2621870900038305
16206,0.07100716444175234
16207,0.2516580571999764
16208,0.0916136953765158
16209,0.008666985015511885
16210,0.8324953142419808
16211,0.7105081499629269
16212,0.23895452856668303
16213,0.02482213984189937
16214,0.014109731478152773
16215,0.6899706218658178
16216,0.0028913484031545416
16217,0.8386900249851745
16218,2.262592324416881e-05
16219,0.0031396556611514703
16220,0.09053344980680057
16221,0.001984590136675013
16222,0.34509002462672655
16223,0.004203968748617394
16224,0.04291195648493177
16225,0.033345591258598144
16226,0.005454816171559925
16227,0.2984683770459095
16228,0.6352180449840547
16229,0.16878757482548293
16230,0.1175987562342101
16231,0.9983836700433376
16232,0.2993446064207252
16233,0.704278655981475
16234,0.6979702543417529
16235,0.5505466332841322
16236,0.9996591428369765
16237,0.9994285616106388
16238,0.9992274488257629
16239,0.9999243816335729
16240,0.999958440217578
16241,0.36887777297805324
16242,0.00021975175492930585
16243,0.13804107627799334
16244,0.005876667907897802
16245,0.045028144126912306
16246,0.011627180625183225
16247,0.05629593796275872
16248,0.6818043440656791
16249,0.03544590285697251
16250,0.7717111775052145
16251,0.2361377406823391
16252,0.270630982101268
16253,0.00023908283324084758
16254,0.051939836160325464
16255,0.00127302411808051
16256,0.003460916561025699
16257,0.6967348096055599
16258,0.18500347240659154
16259,0.016266790198112314
16260,0.00010253094216885546
16261,0.16012633169712107
16262,0.0042621371911627706
16263,0.01599354987435294
16264,0.06615800098114699
16265,0.0532279503274938
16266,0.08011947154440975
16267,0.3423931759898158
16268,0.8217910171046737
16269,0.005166993613202418
16270,0.16067080793121802
16271,0.9994855861500054
16272,0.13993393674361068
16273,0.7344877901054423
16274,0.005777681892408897
16275,0.25714133394720584
16276,0.7083605565842485
16277,0.020082679063458623
16278,0.020385825052420193
16279,0.30124150850921244
16280,0.24525783719176045
16281,0.26565672143403185
16282,0.004605271459310762
16283,0.01696098046860908
16284,0.2998942313013418
16285,0.5744428043848017
16286,0.17329021689384289
16287,0.2576501624230583
16288,0.13662726541838704
16289,0.00023764880041846103
16290,0.25299843838832586
16291,0.11050514670414378
16292,0.9980264580957812
16293,0.0727318119370947
16294,0.7972618230135093
16295,0.10197717001859624
16296,0.91059863730586
16297,0.509134072474346
16298,0.17867563643864656
16299,0.9995860782741538
16300,0.11194324648507209
16301,0.9173325808729982
16302,0.06306465526953081
16303,0.6980029156410156
16304,0.6380593814035374
16305,6.35804795097381e-05
16306,0.999607241606399
16307,0.9980890101028972
16308,0.06388171811503207
16309,0.1956807026278912
16310,0.005689036731083982
16311,0.875104508780206
16312,0.23185530486724756
16313,0.06303987694916105
16314,0.9995748273396287
16315,0.0006311613642385268
16316,0.00025969005920698223
16317,0.9995996544068503
16318,0.910648578501046
16319,0.0005876998030440721
16320,0.0017727603106858748
16321,0.9997575351101686
16322,0.7831115839458552
16323,0.9419587386815139
16324,0.8539764156233267
16325,0.03270005388417011
16326,0.7616645137885645
16327,0.006512125462182347
16328,0.9997901343623908
16329,0.3654099288352194
16330,0.9035778445630271
16331,0.9976380575800631
16332,0.05538030524793455
16333,0.9766544964321564
16334,0.016007933811988322
16335,0.612403323256506
16336,0.003927511441279611
16337,0.9996780930018876
16338,0.00017585216616063218
16339,0.00017667177614298074
16340,0.7727297307728992
16341,0.9992230467861625
16342,0.025159619354800534
16343,0.15088083908191297
16344,0.0217714614585305
16345,0.5897634246580747
16346,0.0002252046887896727
16347,0.4891776767197968
16348,0.03162634683701257
16349,0.04875270732449153
16350,0.043064827850593186
16351,0.002748029377848646
16352,0.013370085028415192
16353,0.9588414823444316
16354,0.11539892690422651
16355,0.1388520523283219
16356,0.08402427355404364
16357,0.600263570846483
16358,0.8143679775889677
16359,0.5445210288541831
16360,0.25445406407347265
16361,0.014605814961309612
16362,0.043048199688159094
16363,0.003976839366999921
16364,0.20837428780542663
16365,0.012867079761613361
16366,0.3484884353210229
16367,0.0006258931682718297
16368,0.17311124554511964
16369,0.9996524855960205
16370,0.9988111814980287
16371,0.38871847414350946
16372,0.9995544571490925
16373,0.6747821363062312
16374,0.022237801208562086
16375,0.02617794186268895
16376,0.033431796157068414
16377,0.37325536999970194
16378,0.41606121464958995
16379,0.9998481266597455
16380,0.9961441536290959
16381,0.8200954576570133
16382,0.24095916030489423
16383,0.0002115083775903187
16384,0.2558878542844407
16385,0.019731920005616493
16386,0.9992982292290908
16387,0.9965750147308478
16388,0.9995748273396287
16389,0.7267713227349245
16390,0.291042902028312
16391,0.9997800107469587
16392,0.0003784516196164574
16393,0.003187253195595065
16394,0.22435053509236844
16395,0.38240450935333237
16396,0.09118930312623358
16397,0.0028192395510935864
16398,0.40735820407005124
16399,0.08252627023898235
16400,0.003113667877057821
16401,0.15781428207801163
16402,0.08699463239087672
16403,0.7648941217262345
16404,0.013169759001520856
16405,0.8645255123615379
16406,0.4861086466574202
16407,0.4576475949226103
16408,0.061147375547834434
16409,0.5464603584654518
16410,0.012285471051078833
16411,0.10016882550476146
16412,0.011560197892636797
16413,0.005288915298186748
16414,0.17561939041407582
16415,0.09399606651017275
16416,0.9971559094007271
16417,0.2495508717409641
16418,0.9997710774652279
16419,0.8233307249825826
16420,0.013925356622313971
16421,0.24084389004075532
16422,0.7406775482028171
16423,0.04080297177233505
16424,0.0037747563585461856
16425,0.013993928171841339
16426,0.34778329628073346
16427,0.16784510402655053
16428,0.011438088171591516
16429,0.2230724116770906
16430,0.0010025977105634501
16431,7.398271345355113e-05
16432,0.6045694307496923
16433,0.014558072307400027
16434,0.06782939247500987
16435,0.00023465242080688095
16436,0.5197270204637896
16437,0.173397755973105
16438,0.6101324300517568
16439,0.23719941948806816
16440,0.2613882061000649
16441,0.9181110316750706
16442,0.2333213559229873
16443,0.4554186033679283
16444,0.0008098332765036449
16445,0.6790759669315073
16446,0.916105854276532
16447,0.28395557128056687
16448,0.0018245170214349414
16449,0.558009378777744
16450,0.0021815275655191857
16451,0.09777410133297403
16452,0.9995560591595821
16453,0.9603460377882592
16454,0.016291281100404325
16455,0.0025826664606254956
16456,0.9125353465660768
16457,0.9600394128843065
16458,0.9993410951481452
16459,0.5025573965272483
16460,0.0020261352302355412
16461,0.00015151796730975077
16462,0.00021311939042479607
16463,0.8406833970253123
16464,0.05572349786805346
16465,0.8120962277016708
16466,0.45760576464421715
16467,0.17511813619831498
16468,0.4956981341663967
16469,0.0025568933652780424
16470,0.04360020736965827
16471,0.2775349350015362
16472,0.0009439943079018181
16473,0.000973114248393694
16474,0.825748419740548
16475,0.6881754487753666
16476,0.008200052443763057
16477,0.0037836649460218034
16478,0.016225571242819453
16479,0.046944222726650324
16480,0.11226526940914032
16481,0.0019103364389078832
16482,0.8589870203416924
16483,0.13999260595953147
16484,0.6394209582191954
16485,0.1948040185953666
16486,0.13365083078403725
16487,0.02048429195396382
16488,0.22900704382178602
16489,0.9998771574896798
16490,0.030052388513894118
16491,0.21557866568263304
16492,0.4173139796477323
16493,0.999409621151641
16494,0.004368573603717172
16495,0.5261917873775175
16496,0.008956369223455664
16497,0.7965775925849409
16498,0.875807588811703
16499,0.9994848693618307
16500,0.9438645331191532
16501,0.00010277556803430153
16502,0.05554162151172339
16503,0.016528700819005232
16504,0.9651774206475289
16505,0.35373090108431515
16506,0.9993571825958766
16507,0.011263860013966885
16508,0.07451230342703928
16509,0.9972347465630699
16510,0.15821925812581342
16511,0.0002728381365823766
16512,0.00151601634349895
16513,0.8539071505500394
16514,0.633429598880969
16515,0.9999678697908694
16516,0.030244353389064706
16517,0.8319338404977216
16518,0.00031760757105820384
16519,0.008460951590333162
16520,0.4037234646508982
16521,0.0024405494523275003
16522,0.041056293290122635
16523,0.0010531667681269587
16524,0.9971559094007271
16525,5.710567464143801e-05
16526,0.006284700802353053
16527,0.7544177592092266
16528,0.05685617220128686
16529,0.0034900703923802542
16530,0.03851277673144757
16531,0.01234599722178527
16532,0.06096698904562468
16533,0.00014896687190017575
16534,0.3082342790161105
16535,0.0032164020835477587
16536,0.16767666850294463
16537,0.8319223858696424
16538,0.0012219186005571312
16539,0.09690457142058542
16540,0.011343001754850578
16541,0.007015998678823586
16542,0.5207857056053897
16543,0.9996327988201954
16544,0.043870739322085475
16545,0.7321384362644172
16546,0.2428992021238369
16547,0.005198725670085828
16548,0.5434199809667115
16549,0.046951940890595664
16550,0.0006808507369262951
16551,0.028003576635703027
16552,0.00032208089317185693
16553,0.16537531948969023
16554,0.14666002019496208
16555,0.04908502447437465
16556,0.029523923975227146
16557,0.9997421658299348
16558,4.402392844517171e-05
16559,0.5962605625214173
16560,0.002113235100459447
16561,0.22291874984472632
16562,0.8340748788314234
16563,0.8736662505452011
16564,0.9964578207508703
16565,0.0030990213892409506
16566,0.4657405018983514
16567,0.945572550151575
16568,0.6771314717266085
16569,0.0010420223191985674
16570,0.7080127383152024
16571,0.02330274293147538
16572,0.06427337443379703
16573,0.04720825151460567
16574,0.14037598120314335
16575,0.03744383233174266
16576,0.062204863141898194
16577,0.7724677114266868
16578,0.011924504982704488
16579,0.8636803580028234
16580,0.0013499838362873667
16581,0.015425381880356562
16582,0.0011023477021163295
16583,0.035132514405863895
16584,0.0008288631929460106
16585,0.3508057711449115
16586,0.0012252517347711347
16587,0.9998611543394631
16588,0.005470335390225686
16589,0.9999159977524122
16590,0.6488489017586087
16591,0.9995862509058605
16592,0.012255104390361732
16593,0.0019395998850336015
16594,0.012351119870391412
16595,0.0006562194380047844
16596,2.601749681497861e-05
16597,0.014838175779751368
16598,0.9996365758420503
16599,0.9568413869418714
16600,0.006846150661074852
16601,0.00031148880641694555
16602,0.0006852346435117468
16603,0.4468295104588179
16604,0.05846176383548778
16605,0.6768681276653797
16606,0.3741738011129105
16607,0.8921501060119077
16608,0.41366711783373616
16609,0.9996396881542292
16610,0.0002804616834890879
16611,8.05130092359672e-05
16612,0.5776770669381605
16613,0.13174295135832415
16614,0.0047474540982697135
16615,0.03017544890226179
16616,0.6471480229070273
16617,0.15043478398389698
16618,0.08836030199437826
16619,0.0021451899799186224
16620,0.3382959417756577
16621,0.9992567833984433
16622,0.5768558733779466
16623,0.022871405241703478
16624,0.03737699998939089
16625,0.9995783796758239
16626,0.27535651789948773
16627,0.0007555589088175865
16628,0.21512581592757515
16629,0.02499334848153639
16630,0.034564318878249525
16631,0.0018580957765863334
16632,0.11408996432806705
16633,0.016234368568433282
16634,0.00214145296254721
16635,0.8939919438038183
16636,0.01485942699534763
16637,0.8631470243154316
16638,0.004406166553523944
16639,0.871364313133055
16640,0.8861243671576581
16641,0.005021978018595796
16642,0.862386233507106
16643,0.4290772469959507
16644,0.3998167012320224
16645,0.6931219561602038
16646,0.8182499045617478
16647,0.06427998581780978
16648,0.6810569706651352
16649,0.0022414654758518195
16650,0.07338047649768036
16651,9.799808632832068e-05
16652,0.613688641271272
16653,0.19105702695240456
16654,0.7991874460610084
16655,0.09462869800812146
16656,0.0011841079556096736
16657,0.016303520428206472
16658,0.8165780641847655
16659,0.00868455056446158
16660,0.8024165449060913
16661,0.09035566653210546
16662,0.1269937491381983
16663,0.024649916956427587
16664,0.6223581755288238
16665,0.17329021689384289
16666,0.015717227029750352
16667,0.009998049135245119
16668,0.043681767896301
16669,0.00011761200219856725
16670,0.9186827333281092
16671,0.7164909747274685
16672,0.004853484314930083
16673,0.15715990188224496
16674,0.06317269794688979
16675,0.13362461238521653
16676,0.2310245820882054
16677,0.8060052013020488
16678,0.0031819951174968265
16679,0.9994807358729794
16680,0.9995703846977534
16681,0.5474613696575016
16682,0.9996682067600998
16683,0.12660973495785705
16684,0.20240654180433976
16685,0.7361354454709418
16686,0.12150156088601337
16687,0.04866933383919908
16688,0.3048300941279825
16689,0.8252192184481119
16690,0.0061002836673500725
16691,0.3506554025225242
16692,0.00019933935859760594
16693,0.6874100263982102
16694,0.0010202357664992063
16695,0.0988261502010899
16696,0.0027799325336977194
16697,0.97081525504691
16698,0.2069116532260129
16699,0.1004885246608831
16700,0.5024963998862945
16701,0.00040399893517392065
16702,0.03233634719760692
16703,0.05916847349328475
16704,0.9997976474777631
16705,0.4104368111653388
16706,0.703021135422772
16707,0.10599226864484716
16708,0.3363621819137082
16709,0.005747940824320312
16710,0.9994848693618307
16711,0.6611370790275672
16712,0.04259731654039438
16713,0.23846427876810372
16714,0.16380862802449692
16715,0.01467322009174463
16716,0.9996114433097345
16717,0.8430104594664017
16718,0.8963327092384271
16719,0.6291651208917984
16720,0.7089392310374342
16721,0.8384100360450267
16722,0.7610349738765684
16723,0.17402405878708663
16724,0.0014002122794093761
16725,0.4602425621695397
16726,0.9997516205605174
16727,0.00011898109955785461
16728,0.47516089400938505
16729,0.000257810889342464
16730,0.0026612101220614493
16731,0.0002016877143165015
16732,0.21455832661670776
16733,0.9653503997037957
16734,0.00024471403736581323
16735,0.002035437058950797
16736,0.26912889116370076
16737,0.043366305507794675
16738,0.9996905130665825
16739,0.10775726333522334
16740,0.0008540079286801955
16741,0.6844788822486759
16742,0.9999156860115322
16743,0.4302606485479336
16744,0.25591116823144683
16745,0.9996663279172785
16746,0.36331243972841454
16747,0.9988990919448758
16748,0.25300077436699836
16749,0.44279126823895393
16750,0.9419587386815139
16751,0.08284762232871891
16752,0.424358590007975
16753,0.05994701919421997
16754,0.30100155441995496
16755,0.004123778611395111
16756,0.779146249105473
16757,0.8631618187297829
16758,0.28190228459060046
16759,0.5713395608254198
16760,0.046411851539479125
16761,0.006408941760246295
16762,0.9740303883012138
16763,0.4747275952839069
16764,0.0019953187671256276
16765,0.0020012569778643783
16766,0.00038992116645930293
16767,0.0738445225893529
16768,0.29237226379074005
16769,0.9997657726368168
16770,0.7616599458652986
16771,0.9998069574986757
16772,0.012386578309039057
16773,0.7317192108598594
16774,0.22934398394854147
16775,0.752817084597992
16776,0.01952718751928344
16777,0.041656302128807526
16778,0.07797125257700628
16779,0.8721929363848383
16780,0.0031454615516910535
16781,0.05512005241508962
16782,0.5801705796151372
16783,0.8473986270339805
16784,0.051055947718389075
16785,0.8721929363848383
16786,0.558483138999243
16787,0.07734117799855399
16788,0.06422099201225123
16789,0.044704512332879184
16790,0.9999844451729947
16791,0.003747410316940572
16792,0.15192475490764226
16793,0.0033593263887583187
16794,0.0840501657767104
16795,0.9997000596848941
16796,0.9996905130665825
16797,0.19969983944373831
16798,0.0015594472388917465
16799,0.999790634910745
16800,0.9299876542968628
16801,0.20249351035945642
16802,0.5508114075848083
16803,0.9994823251242084
16804,0.9996283021450161
16805,0.02159817266492749
16806,0.01015861338178175
16807,0.09546398313434983
16808,0.03375022712597683
16809,0.380997875897431
16810,0.5224442775102807
16811,0.0005013573713158993
16812,0.7538394528280296
16813,0.23618180150207055
16814,0.04236894594859686
16815,0.9996951936355856
16816,0.3619065346921358
16817,0.00021231775288493154
16818,0.0005487487241807076
16819,0.8556131360989768
16820,0.0026899394577674703
16821,0.29435736006346014
16822,0.028138500066622052
16823,0.0019038959121512368
16824,0.0644281643923559
16825,0.6943451473407165
16826,5.803143397644145e-05
16827,0.8721929363848383
16828,0.9998639684301062
16829,0.7811359488655196
16830,0.10973487743609067
16831,0.035474415830810846
16832,0.10183917023303901
16833,0.061019675852411026
16834,0.9997575351101686
16835,0.15428146709727522
16836,0.7116137325236039
16837,0.9361142797306629
16838,0.0007776017243937013
16839,0.8692090465834243
16840,0.09516925810081611
16841,0.09828017516732028
16842,0.0055377274517402035
16843,0.0014872708268287961
16844,0.757429910833687
16845,0.136016111924533
16846,0.466229959241652
16847,0.0316601001998798
16848,0.999324669673014
16849,0.9992246986531228
16850,0.9996454908518063
16851,0.9847610215607241
16852,0.001197604216316249
16853,0.9993496812754782
16854,0.00680176515076235
16855,0.10689631098204813
16856,0.15804284507713798
16857,0.26672236477986205
16858,0.033488568991500094
16859,6.217737678513509e-05
16860,0.004164169914587671
16861,0.002524203299395621
16862,0.002103536933348712
16863,0.5523268900066302
16864,0.0013345444290084971
16865,0.07331054189902085
16866,0.23520306010275435
16867,0.5736442333550781
16868,0.43509088524024625
16869,0.6115223831842362
16870,0.03399534064296924
16871,0.9999308470783885
16872,0.004379927254123267
16873,0.000716819904409212
16874,0.6817349632935152
16875,4.442202463708396e-05
16876,0.9922936229777242
16877,0.9994479975684769
16878,0.20195974285007753
16879,0.14192645579702626
16880,0.2168575988444844
16881,0.00014491916244115555
16882,0.0014612563376889109
16883,0.3026885739392404
16884,0.019129055917834436
16885,0.9998944236800902
16886,0.03120769827746158
16887,0.0082084737137906
16888,0.5514924978116066
16889,0.20221293146250832
16890,0.009606562707110373
16891,0.8311023593891198
16892,0.1423038069792596
16893,0.3017921938727234
16894,0.9969859077190689
16895,0.5879443840871983
16896,0.9851574314258039
16897,0.7963474541973434
16898,0.7044642823067027
16899,0.8754763041138367
16900,0.61460671570054
16901,0.6480127590982773
16902,0.0022942367876138767
16903,0.0007613765236101801
16904,0.015972140203990418
16905,0.16071566920934513
16906,0.9941741661358239
16907,0.8056729951280174
16908,0.9996511541797248
16909,0.766314816915583
16910,0.1181593196592031
16911,0.07840318877344457
16912,3.0741295328257085e-05
16913,0.8927220836579383
16914,0.9995386689963247
16915,0.35383417121522515
16916,0.002569884413964668
16917,0.07105473999164688
16918,0.20200213126619146
16919,0.8632427269514752
16920,0.16236095404850193
16921,0.5371133278067782
16922,0.0002406428043121381
16923,0.009772437715918066
16924,0.8217522090183974
16925,0.9011864557628542
16926,0.017942884588866427
16927,0.6399122093741871
16928,0.11481457173155422
16929,0.11350931299218193
16930,0.061770243660745565
16931,0.00041406079018035025
16932,0.7956360080500678
16933,0.00017660763415442657
16934,0.031885747982735996
16935,0.9995617766552871
16936,0.01587809499504144
16937,0.3386850136683058
16938,0.0007951026426188238
16939,0.10500791527554576
16940,0.3312064451176099
16941,0.5036846945883873
16942,0.9999156860115322
16943,0.08470958000319483
16944,0.667667174194769
16945,0.010117475749030333
16946,0.999506138346977
16947,0.18531713704112018
16948,0.9994659373673813
16949,0.023708032734699392
16950,0.006519279262152059
16951,0.0008969697321770809
16952,0.9375419329657937
16953,0.9911148969354896
16954,0.027263919626906604
16955,0.7935945766645627
16956,0.1352738846995703
16957,0.006859909087080499
16958,0.22461753977204235
16959,0.002036361565588466
16960,0.9995047105160518
16961,0.7602095567174237
16962,0.05128714380532787
16963,0.7055521712961036
16964,0.01108796192550067
16965,0.004953957035537363
16966,0.01229414415504823
16967,0.06302211067752496
16968,0.12749955434719615
16969,0.0024286265933436066
16970,0.7220128582078481
16971,0.08886328744435248
16972,0.0022414654758518195
16973,0.999680889090472
16974,0.008895085233775196
16975,0.11261668056608994
16976,0.012274546105744893
16977,0.9993625244378911
16978,0.0008283320983719451
16979,0.0009508198502540608
16980,0.9994740931110417
16981,0.999715643345991
16982,0.4132563597679629
16983,0.999839854212449
16984,0.7182336110543653
16985,0.13750621388523274
16986,8.220392494247305e-05
16987,0.9965750147308478
16988,0.7632280608605934
16989,0.17524036870558107
16990,0.04290082730901052
16991,0.006724956951700434
16992,0.7557543328110106
16993,0.474187903884743
16994,0.15789639538240793
16995,0.056220115209642055
16996,0.40368783999699576
16997,0.09819700107078826
16998,0.9633936359189931
16999,0.9997421658299348
17000,0.0001866367499290354
17001,5.166960798191123e-05
17002,0.6992750046342145
17003,0.7914245992036185
17004,0.17927399826262988
17005,0.9133346289275844
17006,0.04824349033412948
17007,0.9998475756380479
17008,0.020706371542433693
17009,0.11583819599834225
17010,0.39471067658132025
17011,0.3444678273425772
17012,0.00016559590710317793
17013,0.6497671284930844
17014,0.17329021689384289
17015,0.06526812863223022
17016,0.7676658255307474
17017,0.06760023020132085
17018,0.005813270862642902
17019,0.03983925961243358
17020,0.036072485259262994
17021,0.0008346358279621273
17022,0.8066373515885235
17023,0.03270320912469947
17024,0.998788561576042
17025,0.13661608312073004
17026,0.999548755909269
17027,0.0014676894851632521
17028,0.0042621371911627706
17029,0.007009017502812066
17030,0.000539660166174205
17031,0.32991513541940976
17032,0.09375951008101652
17033,0.005424820847967469
17034,0.001165777378911498
17035,0.004695781717790309
17036,0.5627462810899785
17037,0.0004948454250902902
17038,0.9998959088428638
17039,0.6685099691223191
17040,0.5076567655009243
17041,0.2862255116145847
17042,0.010024662808254014
17043,0.7637893913394599
17044,0.09983363567168842
17045,0.01448926154358696
17046,0.016305816682947546
17047,0.001646299702614993
17048,0.021895649889821376
17049,0.9999282706469728
17050,0.007561030144844816
17051,0.0017823378704058248
17052,0.8759377803323781
17053,0.09038955142782368
17054,0.001246918987434296
17055,0.08944639066973153
17056,0.8366514034551634
17057,0.9996899929255046
17058,0.13739034483416257
17059,0.13341144407603914
17060,0.5818226204401211
17061,0.9992680655927223
17062,0.32938872434099525
17063,0.7356423537844821
17064,0.2365991232303819
17065,0.06669811251891307
17066,0.14343395597403963
17067,0.6470959706686975
17068,0.010861185292827548
17069,0.46640266651556817
17070,0.02297389119084511
17071,0.713304676311536
17072,0.05849494615179517
17073,0.999839854212449
17074,0.9786991649833526
17075,0.012518326994603967
17076,0.004550189991827713
17077,0.0004868314142207768
17078,0.49957546226309313
17079,0.5696292487382606
17080,0.8220378924552333
17081,0.10972232094284635
17082,0.9640550935300264
17083,0.0018585022316302848
17084,0.0029770582587579763
17085,0.031316564368395666
17086,0.9995646685076958
17087,0.0016218400419975175
17088,0.4165710495801979
17089,0.05079378798117078
17090,0.999813541556598
17091,0.9997267309680048
17092,0.0006644374802165529
17093,0.9999029708119284
17094,0.7021565418081644
17095,0.023468151603437522
17096,0.9991118856657372
17097,0.4329355938862865
17098,0.7732538625806747
17099,0.02349726714789353
17100,0.014763117423896367
17101,0.42288500607051716
17102,0.03348419624101304
17103,0.6099349769706295
17104,0.02841154129067222
17105,0.5242072928391969
17106,0.00039948595021969247
17107,0.5100054668544396
17108,5.2771971095208587e-05
17109,0.3972881354445581
17110,0.18784051357739537
17111,0.24408736666415495
17112,0.9995574966193886
17113,0.00025001121556283545
17114,0.8787122483839215
17115,0.08727731197438152
17116,0.9912031299518127
17117,0.3898424134382985
17118,0.059922052415787526
17119,0.18875984385607442
17120,0.01907674237737233
17121,0.09183226994089375
17122,0.9996327988201954
17123,0.04590544035199468
17124,0.35158116793952654
17125,0.7107885576776825
17126,0.9971830757757819
17127,0.8467629439722916
17128,0.09596131706018068
17129,0.7810462720789416
17130,0.31455969800415984
17131,0.00022833559745341888
17132,0.6801004593227585
17133,0.003040762441829472
17134,0.28053418580116807
17135,0.9998611543394631
17136,0.3118008592242853
17137,0.9994784139088406
17138,0.6528289402756678
17139,0.6299564412731665
17140,0.14410184205844953
17141,0.2213388312096281
17142,0.9118610557509113
17143,0.014804891851390776
17144,0.22451829706245585
17145,0.2262470140871798
17146,0.5928511987159204
17147,0.0003789601444205715
17148,0.00011312566682451165
17149,0.2908963018623344
17150,0.05139440797759964
17151,0.8900442005972646
17152,0.012434012525774705
17153,0.9994807358729794
17154,0.9997957235608228
17155,0.9998986372375684
17156,0.008506186958894756
17157,0.9997976474777631
17158,0.9108846710214853
17159,0.9997593647653571
17160,0.29328477028941036
17161,0.0005071453945692497
17162,0.2600479934426201
17163,0.018722092256498502
17164,0.6358372075251592
17165,0.10856645580542318
17166,0.6612933868448836
17167,0.9997284761514553
17168,0.12664552827177075
17169,0.9999364441705685
17170,0.021525278142339264
17171,0.40158377309384213
17172,0.9996741839935197
17173,0.01381825786618578
17174,0.18783924567873503
17175,0.9995430468258565
17176,0.999559144029639
17177,0.21462816084218228
17178,0.9965750147308478
17179,0.28479777275644447
17180,0.0007526979018235265
17181,0.9419587386815139
17182,0.8758741748216599
17183,0.9036530590760266
17184,0.0007128943137361191
17185,0.5022415822921701
17186,0.015385549862097827
17187,2.7224655693882784e-05
17188,0.006033040771823791
17189,0.35254885363486094
17190,0.21836870450529505
17191,0.18900708849867398
17192,0.9998983101824852
17193,0.06318779248563416
17194,0.14131951835780168
17195,0.5517590414768271
17196,0.006556634481108814
17197,0.011496829304882302
17198,0.7806215722786286
17199,0.007350992489590519
17200,0.12119880884826145
17201,0.0007718975158576169
17202,0.9740465211688134
17203,0.025157233522458706
17204,0.7562448246848819
17205,0.015371476750450475
17206,0.010159442879033764
17207,0.15740455792741725
17208,0.9995781819570394
17209,0.9366998974789196
17210,0.00569644915016974
17211,0.004493816173258854
17212,0.022553248997652882
17213,0.028468413143926643
17214,0.4716947853623538
17215,0.6594147954828071
17216,0.012077496351873863
17217,0.22738220766776485
17218,0.10477565044566962
17219,0.6829010002088406
17220,0.0009507690892405183
17221,0.832380574803511
17222,0.7736079274383204
17223,0.0009493636056121163
17224,0.15369522340795896
17225,0.017910333880962873
17226,0.005542201869583207
17227,0.07626780081094646
17228,0.07155665679554145
17229,0.00023928777738606278
17230,0.004667152571895903
17231,0.8094832532504397
17232,0.06717451737942379
17233,0.10958168543002811
17234,0.11024636536545668
17235,0.09461885598682407
17236,0.008693346976313706
17237,0.06135204497773307
17238,0.004942465259909283
17239,0.9994855861500054
17240,0.0008014014463051288
17241,0.29339480439156307
17242,0.999790634910745
17243,0.9154037416828397
17244,0.005101790898959533
17245,0.006498745316901662
17246,0.051043078689243335
17247,0.47028139631147475
17248,0.01567403044964622
17249,0.9991340337909369
17250,0.004095788586940162
17251,0.6231533806891468
17252,0.011986607133720566
17253,0.8852016942786777
17254,0.029944085239700602
17255,0.40403537398671424
17256,0.05508747909876099
17257,0.00015474573164125967
17258,0.012243214505020606
17259,0.9994910555937943
17260,0.6298473036498987
17261,0.9996710799040994
17262,0.28224391095193413
17263,0.17098978586522864
17264,0.003251845122965473
17265,0.018154658011028793
17266,0.9762387261945297
17267,0.8631618187297829
17268,0.08940242931909649
17269,0.9999331278440812
17270,0.0009439943079018181
17271,0.19844822132486037
17272,4.48504998941506e-05
17273,0.0004265884377025353
17274,0.0010605379132886212
17275,0.48618706024819636
17276,0.9992567833984433
17277,0.9326203900511756
17278,0.35520260969316875
17279,0.872781963321769
17280,0.9973264770137866
17281,0.03105498355606147
17282,0.999786833738551
17283,0.1226753062383474
17284,0.01417672953605523
17285,0.011434046505320204
17286,0.006283005211712094
17287,0.9995301733114041
17288,0.0037407765279099145
17289,0.999486744269481
17290,0.9163487988803937
17291,0.004276912824714689
17292,0.9154413783692211
17293,0.14287044397937565
17294,0.0015769478705763124
17295,0.9999504658711689
17296,0.0018834256255959136
17297,0.036505168187881167
17298,0.30892685290101235
17299,0.9997957235608228
17300,0.3873143691438825
17301,0.9994050780537049
17302,0.9991475852858643
17303,0.014053598912805191
17304,0.0035437368214448622
17305,0.9216085596843956
17306,0.18006437265348388
17307,0.04587077775973922
17308,0.007944829244830079
17309,0.31723047226844364
17310,0.9994847016473641
17311,0.2500749502200712
17312,0.27790775414726443
17313,0.09403064650881832
17314,0.009317429661154735
17315,0.0005904467150307625
17316,0.9996761613971951
17317,0.11881886420371625
17318,0.9993911726874215
17319,0.12761436297462603
17320,0.9976709610206831
17321,0.936855879667132
17322,0.59384458737459
17323,0.00016359505411184198
17324,0.003254646175355351
17325,0.2511979280309827
17326,0.0013019187190981421
17327,0.007729188119650649
17328,0.334584893744603
17329,0.018948113843659565
17330,0.412104555066926
17331,0.27030922731497636
17332,0.1684382174391375
17333,0.0020544837316290093
17334,0.00015608751565951475
17335,0.002315644035305116
17336,0.006318954767941285
17337,0.9998631713655618
17338,0.005855855622852077
17339,0.8791777968716884
17340,0.005066383423473181
17341,0.1191994347817629
17342,0.41354891876356353
17343,0.000356404848133229
17344,0.00047611412666980944
17345,0.44528550873841855
17346,0.9991858153933683
17347,0.0812794172000547
17348,0.5370959908579729
17349,0.002107964727725883
17350,6.599433926955203e-05
17351,0.3518189375814621
17352,0.6545866592202394
17353,0.005847659187478391
17354,0.0789302682368317
17355,0.9997981490055415
17356,0.0003548703366055694
17357,0.9997564195940568
17358,0.00026434901457387855
17359,0.8874789827917869
17360,0.6621637951415626
17361,0.010547243940336156
17362,0.9998092954865335
17363,0.9960858503822668
17364,0.6457831535893404
17365,0.0014685141092319735
17366,0.0572426699676294
17367,0.18625846064426124
17368,0.9999881611349023
17369,0.8284402309142735
17370,0.2897626103743717
17371,0.14038666383534634
17372,0.0001537572457189434
17373,0.9996608488107642
17374,0.1285558366209208
17375,0.9997626540081153
17376,0.8821234219143287
17377,0.2959988118787764
17378,0.9994489036802755
17379,0.9993370659712333
17380,0.9993759122419318
17381,0.9998983101824852
17382,0.17371086364639177
17383,0.1800094972247697
17384,0.6130669898465622
17385,0.00692000156081909
17386,0.9381640102705567
17387,0.00025247278800821966
17388,0.7357323455073317
17389,4.817608999930405e-05
17390,0.01074262731132876
17391,0.007269649862977327
17392,0.932418522626826
17393,0.006865225793235418
17394,0.9994832696495052
17395,0.08085219621233808
17396,0.00015292923304212542
17397,0.4172147099125069
17398,0.018701359647762802
17399,0.2165651912783441
17400,0.004992458554371715
17401,0.12045282150761186
17402,0.45664951910928364
17403,0.053042360314658
17404,0.5391253217380262
17405,0.9996089753226334
17406,0.04739652544285291
17407,0.6712574087690604
17408,0.0007685006934019293
17409,0.4672635102715086
17410,0.0003925825661439227
17411,0.5200147778393134
17412,0.02606563750386006
17413,0.0026968431380555886
17414,0.018607222021809658
17415,0.7491909459578597
17416,0.0016775461192623448
17417,0.000137056566859119
17418,0.9997976474777631
17419,0.34705949077087
17420,0.9965750147308478
17421,0.1524120169339679
17422,0.00014377580042722435
17423,0.7399657200480749
17424,0.3449482649943873
17425,0.07928053655546258
17426,0.0031913902135220994
17427,0.0003935809693979115
17428,0.539916562866142
17429,0.0564424912562054
17430,6.364442087938369e-05
17431,0.03515168034679164
17432,0.03329278867730436
17433,0.0070367046299186775
17434,0.1381528823716831
17435,0.5027136842573963
17436,0.015350748181157675
17437,0.4873182487682507
17438,0.17819378735196326
17439,0.9999082497465345
17440,0.9998176213140284
17441,0.0020366700490725637
17442,0.014265675305644706
17443,0.45578539790831923
17444,0.14548441886546953
17445,0.009317429661154735
17446,0.005237870528998073
17447,6.032633145018922e-05
17448,0.004697945023506876
17449,0.04982476002329156
17450,0.05095405512753438
17451,0.0011234461402999344
17452,0.009105052687236596
17453,0.9995783796758239
17454,0.0018918866953394574
17455,0.5062751625794544
17456,0.01984946303774463
17457,0.19254031931355045
17458,0.005113529279851865
17459,0.11244647278705586
17460,0.7807536910000658
17461,0.03133640806840539
17462,0.2812388258955571
17463,0.84719672434424
17464,0.18755904633121973
17465,0.011044082353484195
17466,0.99947817992549
17467,0.33826891010621524
17468,0.000126521734912904
17469,0.013264242236272313
17470,0.004420869341803825
17471,0.06353955334996818
17472,0.05520480061748644
17473,0.007968498032116723
17474,0.09487033674205517
17475,0.5432407629205726
17476,0.12517445298977672
17477,0.9999534985660126
17478,0.0064210369975494855
17479,0.0010738259715353318
17480,0.05620787845669319
17481,0.005398510837227957
17482,0.040154352070858414
17483,0.999925288954087
17484,0.38407944643048986
17485,0.0346307805527325
17486,0.7871966983828347
17487,0.006319986507819541
17488,0.09820490990492013
17489,0.43233310401616715
17490,0.6533240244155494
17491,0.00024814882143413746
17492,0.9995748273396287
17493,0.7364567669111708
17494,0.5947684526357139
17495,0.9998475756380479
17496,0.03092712003011974
17497,0.019879345270496236
17498,0.9912031299518127
17499,0.00548774370000577
17500,0.9996829977336692
17501,0.9997678009770118
17502,0.030901448398744286
17503,0.01376682806369848
17504,0.023177010497937245
17505,0.041871231274750516
17506,0.005395123399251898
17507,0.0044507775669658115
17508,0.01627452976051426
17509,0.27898086815771767
17510,0.20854034276199754
17511,0.008283490088709072
17512,0.9996516518776984
17513,0.11906041493582903
17514,0.263645972942173
17515,0.9992723524338993
17516,0.78275153963005
17517,0.02811138042028471
17518,0.0005930684456119348
17519,0.09939667969495856
17520,0.9385448550747689
17521,0.03719250247017082
17522,0.5942885049220844
17523,0.14009162716970286
17524,0.9996571114847964
17525,0.002222247163055013
17526,0.7022462934275043
17527,0.054477375087997576
17528,0.03893250043342917
17529,0.01567346230874848
17530,0.9425178430563121
17531,0.00018110473895433175
17532,0.16516961087673654
17533,0.13477720644143726
17534,0.05329843060401134
17535,0.00023871905986796185
17536,0.0006815666662841149
17537,0.25098379747784727
17538,0.01631087673745028
17539,0.25783685596691186
17540,0.711931761972091
17541,0.9994947603848401
17542,0.00011170324939565532
17543,0.9374483933420616
17544,0.005071058629046574
17545,0.00018105299362030297
17546,0.28820822730984647
17547,0.8795636095245023
17548,0.08189976952936596
17549,0.06481899201917023
17550,0.00014829228414040468
17551,0.5924494460288258
17552,0.0033153596009413925
17553,0.5553840124500661
17554,0.23401231855455898
17555,0.005751865596214588
17556,0.011036428478717315
17557,0.6191894797005655
17558,0.00018262215087114418
17559,0.0004632197663167412
17560,0.0020192022199576323
17561,0.0007323812718817849
17562,0.04446932590466659
17563,0.001091379138182891
17564,0.4079432066572471
17565,0.002266743984376155
17566,0.0028114609107284506
17567,0.8249946601505614
17568,0.41365675104425503
17569,0.007747852066896356
17570,0.8461854392786968
17571,0.07296770589786622
17572,0.020313981536756762
17573,0.3495908446161318
17574,0.9882559730353051
17575,0.8514123732509323
17576,0.6582390073216635
17577,0.01512380953377725
17578,0.9997818553731932
17579,0.41852042664665035
17580,0.7624052511558375
17581,0.041228139540417784
17582,0.00019826766525248902
17583,0.05068150719283958
17584,0.9999877955874008
17585,0.7533800595982635
17586,0.0432308945043621
17587,0.926269103722542
17588,0.6239905391264945
17589,0.999694775444472
17590,0.009749969370636364
17591,8.62339079106154e-05
17592,0.3444407147846307
17593,0.9999219791324048
17594,0.383442091553835
17595,0.4633739032728736
17596,0.0006196489635196585
17597,0.9994460534412183
17598,0.00731302082500856
17599,0.0006572010344192682
17600,0.7629504991149358
17601,0.6522132028218974
17602,0.001813038041481626
17603,0.9999050379667717
17604,0.9100147460158801
17605,0.02599406431517453
17606,0.9984723965604495
17607,0.7671082453531516
17608,0.04613932600182143
17609,0.8272268561531334
17610,0.8721929363848383
17611,0.7667768101880725
17612,0.0074626893384422775
17613,0.005555489988799084
17614,0.40614989980028493
17615,0.0544494253716612
17616,0.999839854212449
17617,0.999484515451382
17618,0.07503438985081112
17619,0.0016566520969779432
17620,0.00031864151263052086
17621,0.007365280823202799
17622,0.0004082350070933333
17623,0.026273530546505365
17624,0.0011107677631007804
17625,0.00020659316638593794
17626,0.5614361438741672
17627,0.9996461606466575
17628,0.008782634143220782
17629,0.0012195819588925816
17630,0.055265226443293805
17631,0.9175914344550764
17632,0.6243144504281567
17633,0.23466468579422609
17634,0.06877257669026
17635,0.00580917206460907
17636,0.8007656585938896
17637,0.3126333847403809
17638,0.00216887509738462
17639,0.1731591921248756
17640,0.30646582317183746
17641,0.02175178945007338
17642,0.00016488701147940145
17643,0.37132141142334923
17644,0.00046375921759742446
17645,0.678326163316987
17646,0.021908445958541783
17647,0.9653503997037957
17648,0.005987037642627181
17649,0.016113416476789537
17650,0.39798810507446586
17651,0.17887618630233112
17652,0.11024856625292703
17653,0.0003740856473833037
17654,0.0001106109807906987
17655,0.006042818866861829
17656,0.021816110237676115
17657,0.030611926685816183
17658,0.6699553585247972
17659,0.012684294586962136
17660,0.4920529696157162
17661,0.008340409251237389
17662,0.007526137411289356
17663,0.00023407961744715435
17664,0.036220258100572965
17665,0.011305727745200882
17666,0.9404621982767686
17667,0.07613870984876023
17668,0.004650299452530736
17669,0.0012219186005571312
17670,0.07237155188124601
17671,0.9996780930018876
17672,0.9996524855960205
17673,0.10145068020219952
17674,0.5325435286448592
17675,0.266563960722159
17676,9.145653455944424e-05
17677,0.9995899050703184
17678,0.0023129002672582348
17679,0.01710566939212781
17680,0.7066290271047995
17681,0.006808092769201533
17682,0.010388977733210705
17683,0.039542080779646355
17684,0.04419942967545545
17685,0.0009510692459876338
17686,0.9998394586118978
17687,0.00015543258362487653
17688,0.054523199327284125
17689,0.007393328443187386
17690,0.12964268183570055
17691,0.7747230415311464
17692,0.01048156090920536
17693,0.1508887517702919
17694,0.25375987102124725
17695,0.04387591752141976
17696,0.08517779889116481
17697,0.33032911917139424
17698,0.9995473273360095
17699,0.004539952437796399
17700,0.00011381806351953887
17701,0.6655795970063336
17702,0.9867169261838724
17703,0.003603769363977281
17704,0.23904762633846735
17705,0.001303845013145848
17706,0.05709674288898695
17707,0.00036302445915893335
17708,0.009127615742012058
17709,0.030691980699375725
17710,0.04492472407384339
17711,0.23702425261930077
17712,0.0015959767487589791
17713,0.0035213273575282803
17714,0.14639504760057356
17715,0.25841059171627
17716,0.9953899681533275
17717,0.9999122716636379
17718,0.006296564470167933
17719,0.0002572937394426805
17720,0.9999220118151623
17721,0.07026798664512957
17722,0.9993911726874215
17723,0.9995526620384678
17724,0.5304021429879274
17725,0.01524812437034991
17726,0.04057141190474579
17727,0.009557005482675554
17728,0.9994615688896811
17729,0.054710365451777716
17730,0.36147573779736336
17731,0.009071170994913058
17732,0.5654173507647637
17733,0.9999037356640853
17734,0.004671101750723357
17735,0.029900506988849964
17736,0.36690850190263086
17737,0.9998029212037286
17738,0.013246920720012555
17739,0.07684045927210233
17740,0.5684392199400281
17741,0.03626489655248289
17742,0.8248410986304119
17743,0.9997000084645683
17744,0.012027287025187799
17745,0.0034872574494906024
17746,0.7203111897598754
17747,0.9997132979805019
17748,0.6868345564309756
17749,0.06165081779641508
17750,0.21200933599875643
17751,0.9995227884064404
17752,0.24203181031162685
17753,0.9997374775896319
17754,0.232605258877755
17755,0.01662185630224435
17756,0.15236839536205712
17757,0.999555370523253
17758,0.14705485405896404
17759,0.1369158646662556
17760,0.9998690334312649
17761,0.8767286998229807
17762,0.2881867719246738
17763,0.999990596746921
17764,0.0026486533500491138
17765,0.9992319874878447
17766,0.004910313893766211
17767,0.11855804157525486
17768,0.1481627158831208
17769,0.10207834337332447
17770,0.0036538875929576432
17771,0.6515448551848504
17772,0.0006808507369262951
17773,0.584397652113892
17774,0.6447061829464029
17775,0.22821533554900617
17776,6.336006304490047e-05
17777,0.5243687262231176
17778,0.145486752911031
17779,0.06482844097600292
17780,0.0003728894534585975
17781,0.4951369114804561
17782,0.18142844511476583
17783,0.022292952745349197
17784,0.00979945172100567
17785,0.9997863721700495
17786,0.035733738436142755
17787,0.08041659476572292
17788,0.9998214240206704
17789,0.9992626217302686
17790,0.0011386711956395375
17791,0.9994722745248423
17792,0.02173591635740787
17793,0.3391502141808428
17794,0.653738441691206
17795,0.0013678793710359992
17796,0.21042860895871585
17797,0.999839854212449
17798,0.15927318606037752
17799,0.31708019256307773
17800,0.8326040105687295
17801,0.16287426783391473
17802,0.8320342639732392
17803,0.08797554341518413
17804,0.005852788126825785
17805,0.19285676921559292
17806,0.017587490151214358
17807,0.9996893871383533
17808,0.15105284724311316
17809,0.5841122395888414
17810,0.0067259819534194595
17811,0.8327958039367036
17812,0.9997985217275712
17813,0.846113337143682
17814,0.08579525658469611
17815,0.4810986491420828
17816,0.04050173477633076
17817,0.5686032974804269
17818,0.011627180625183225
17819,0.167064768260692
17820,0.012689069856001201
17821,0.8277256500046102
17822,0.20538123430341518
17823,0.0025531337081723796
17824,0.021816110237676115
17825,0.004726499052610256
17826,0.014778565287322977
17827,0.021407718921878736
17828,0.5744880555930214
17829,0.0030791488476611976
17830,0.00021204696075648063
17831,0.001623515273750305
17832,0.999813541556598
17833,0.07777244190268494
17834,0.2049536635417142
17835,0.4596110751103533
17836,0.3534076550418367
17837,0.27720912368886863
17838,0.32547549172004825
17839,0.712486804915477
17840,0.03769665521208556
17841,0.07085699127802428
17842,0.6514407542103663
17843,0.013037065335166364
17844,0.9993759122419318
17845,0.005985547126929657
17846,0.018340683476244558
17847,0.97081525504691
17848,0.16803418326431907
17849,0.5469175762353746
17850,0.9706801522566953
17851,0.00010182001362587376
17852,0.26381464421719286
17853,0.18920134919210316
17854,0.5464445851678305
17855,0.007667267056649514
17856,0.00037220347125039335
17857,0.5953218749941828
17858,0.08860277194417567
17859,0.0009549327522235602
17860,0.9997274931873702
17861,0.999354965896044
17862,0.014488933498499938
17863,0.0027850673096941124
17864,0.871342951452324
17865,0.0019430040160379727
17866,0.00010716711620861903
17867,0.7282498129353324
17868,0.002280951879340939
17869,0.25970470281427055
17870,0.5881179110572585
17871,0.04827249403811978
17872,0.017486993342029786
17873,0.22560577830209144
17874,0.22340950767873038
17875,0.006671282749325913
17876,0.9993870058770137
17877,0.8788162764857491
17878,0.9997227238349675
17879,0.9995574966193886
17880,0.053494376719745905
17881,0.002417878029120664
17882,0.9996655264180665
17883,9.69607279024145e-05
17884,0.0029591329959447474
17885,0.9996608488107642
17886,0.3855400656123636
17887,0.002079406400418789
17888,0.08744593180803319
17889,0.2401258766131952
17890,0.6523169325572603
17891,0.00017791216690757623
17892,0.9997404932194537
17893,0.018413223178660648
17894,0.056955837025497745
17895,0.99966616556887
17896,0.0028794185725069606
17897,6.715452352106347e-05
17898,0.586114222307793
17899,0.6349336270873895
17900,0.12782573629529828
17901,0.8414932130923419
17902,0.9995466024518899
17903,0.9999807954951554
17904,0.0030336224135680155
17905,0.050736212830091325
17906,0.03192568751589976
17907,0.00018876417693564052
17908,0.16945682219788533
17909,0.0895256378440599
17910,0.04240555913163923
17911,0.11975372290675623
17912,0.38256638996314263
17913,0.004500114718828718
17914,0.13521605545843746
17915,0.04222156050684127
17916,0.07325593698679349
17917,0.6169638047424356
17918,0.5984976886227037
17919,0.0002340256394901417
17920,0.00888542177847626
17921,0.9997269586333245
17922,0.4824441920097269
17923,0.4745131759575855
17924,0.7361331521974901
17925,0.15795183036071905
17926,0.6571868414092186
17927,0.0945647775299993
17928,0.6124083813021755
17929,0.2804798326835796
17930,0.04064870560709929
17931,0.7341166720968316
17932,0.30545596891193644
17933,0.15741977392923118
17934,0.03424137780812275
17935,0.9998690334312649
17936,0.024720318731599387
17937,0.011478217957709657
17938,0.16896966596126373
17939,0.09556595579780124
17940,0.3182437005277532
17941,0.012786744160208762
17942,0.0006830872309364337
17943,0.02013359380151923
17944,0.7310647773369366
17945,0.8983422834394635
17946,0.002338072017144409
17947,0.008812048109649069
17948,0.012808395491864234
17949,0.0001395950394790983
17950,0.4724968880954986
17951,0.3510437591783184
17952,0.999813541556598
17953,0.13623815809946274
17954,0.6395030080859331
17955,0.9419587386815139
17956,0.0005130146840967168
17957,0.08342951183217155
17958,0.9999755411518962
17959,0.1911333729083989
17960,0.8557724759067199
17961,0.0053189182742057915
17962,0.9998411885134655
17963,0.5607617922069196
17964,0.6710605528435161
17965,0.10827733225471092
17966,0.30351966775798367
17967,0.012968573995085438
17968,0.17940599823539943
17969,0.0009510692459876338
17970,0.615023771019615
17971,0.22482861284618325
17972,0.005915981162518809
17973,0.4448578442561206
17974,0.23596314983730549
17975,0.23895861413296182
17976,0.7756004950024803
17977,0.00014270549967488613
17978,0.9997734594164697
17979,0.7383888657123363
17980,0.2779650173450387
17981,0.5620596684623075
17982,0.012236759395386437
17983,0.49065519248530304
17984,0.18044227504909854
17985,0.04459662613206661
17986,0.3468425030533604
17987,0.007065175632235281
17988,0.16042009869490345
17989,0.1053987698619878
17990,0.12807842058222113
17991,0.1622271277447732
17992,0.914902525029087
17993,0.7078143650808751
17994,0.011156315831240726
17995,0.5091738851346106
17996,0.5854516966422393
17997,0.18476084900514772
17998,0.7642409162887757
17999,0.999563261867387
18000,0.06972605607856512
18001,0.29685015104419016
18002,0.5546761032721068
18003,0.002562617638260589
18004,0.14785238806467266
18005,0.0002636438454432661
18006,0.8172904849992688
18007,0.07617699186691594
18008,0.09826307736121215
18009,0.009096724372608214
18010,0.0002843924924455949
18011,0.03413474601120593
18012,0.12133922775612523
18013,0.2609286200617419
18014,0.9996461606466575
18015,0.9998475756380479
18016,0.6145823982514224
18017,0.3470466760343079
18018,0.3036630502506452
18019,0.0007947925261137536
18020,0.3442205781092122
18021,0.9999506312216214
18022,0.13203808564696629
18023,0.9476067114411442
18024,0.00024365345971314527
18025,0.005769917076566061
18026,0.6118855357955333
18027,0.9995430468258565
18028,0.17524036870558107
18029,0.336115970957791
18030,0.047045533696327774
18031,6.665998811286092e-05
18032,0.421188592504199
18033,0.06899859668142339
18034,0.06369887278075494
18035,0.00012280486464458075
18036,0.9996224940764717
18037,0.9997121867270569
18038,0.2936821068984709
18039,0.005956627261836882
18040,0.062113447324606066
18041,0.8376167660078813
18042,0.5214074073465578
18043,0.9993036202447331
18044,0.9997981490055415
18045,0.4681465648556736
18046,0.11440932093639197
18047,0.019007301262126894
18048,0.9386022707323519
18049,0.8096507373965954
18050,0.2535555559323416
18051,0.1162092285457288
18052,0.9996655264180665
18053,0.2901814612553986
18054,0.24476912686033878
18055,0.9318571005350753
18056,0.25660207313969513
18057,0.09483453445752796
18058,0.0784457332228064
18059,0.01915119295968845
18060,0.5879927421884966
18061,0.13045212364391212
18062,0.04460789452641614
18063,0.0002593072487956876
18064,0.6821877104681708
18065,0.8196875413061844
18066,0.12386357148349882
18067,0.9995862509058605
18068,0.6075970101397724
18069,0.12204423273789847
18070,0.9989274180942594
18071,9.444288823935177e-05
18072,0.5581140532785933
18073,0.9997800107469587
18074,0.0015671003622655724
18075,0.9048646612099174
18076,0.9993496812754782
18077,0.43352027093020373
18078,0.9997324084621292
18079,0.010711026856511078
18080,0.9994693567457746
18081,0.33781992020263046
18082,0.005482476374629693
18083,0.07019747674328543
18084,0.0850190501225855
18085,0.26159755628637255
18086,0.5717193379730126
18087,0.9539072980288205
18088,0.99947817992549
18089,0.12541675534554983
18090,0.04181385700897541
18091,0.028104776129707
18092,0.8687494584696047
18093,0.4978569252773388
18094,0.47654510394044
18095,0.8916989685570932
18096,0.02086527261173809
18097,0.22585840500072393
18098,0.20182968906094528
18099,0.9995227884064404
18100,0.025495754945832488
18101,0.25573230801203345
18102,0.5197270204637896
18103,0.2431163690186357
18104,0.0006915454202274453
18105,0.0021938257871091053
18106,0.043304883530980685
18107,0.048211000065387845
18108,0.05663942119670623
18109,0.09093383478556731
18110,0.9029356199298867
18111,0.6915807661837009
18112,0.0021768400453053014
18113,0.1324116730420094
18114,0.9997342423438442
18115,0.6410642048858042
18116,0.9640550935300264
18117,0.23473802105188038
18118,0.15638099474576758
18119,0.8048324369509946
18120,0.6116947297461549
18121,0.004142228925347054
18122,0.9999029313405201
18123,0.8532211703857101
18124,0.1074046765846185
18125,0.792968164884004
18126,0.9596796848558976
18127,0.3232721508162439
18128,0.1416630777737699
18129,0.6067359742564247
18130,0.9019789762285744
18131,0.9811253177703514
18132,0.0034080994605868225
18133,0.866488343249971
18134,0.011923496863694906
18135,0.006294994933604555
18136,0.003006963808093461
18137,0.17572669430600674
18138,0.004747173810603879
18139,4.557819236063231e-05
18140,0.0053696606463016685
18141,0.6619086985771587
18142,0.1557610120162897
18143,0.5445639005367859
18144,8.847217873432906e-05
18145,0.10338278710982324
18146,0.7752342231050987
18147,0.4436031824350049
18148,0.0021210435485518623
18149,0.05828400496869978
18150,0.11206465022039395
18151,0.056347185771549735
18152,0.9997728724091055
18153,0.9995301733114041
18154,0.3345333131500468
18155,0.6740933961619817
18156,0.915059423821684
18157,0.09995092936635297
18158,0.7220446341077367
18159,0.2798880551361803
18160,0.1975800778323039
18161,0.9897495456490298
18162,0.24839763351091002
18163,0.21710657719019927
18164,0.011583773260904102
18165,0.2313812874386679
18166,0.589173960940476
18167,0.9998983101824852
18168,0.3202326156234748
18169,0.0038737771692843935
18170,0.05700199308664547
18171,0.002212339293781487
18172,0.9993759122419318
18173,8.036161417373094e-05
18174,0.6046501820991946
18175,0.7405028849238109
18176,0.0006483699534488984
18177,0.9875086091454502
18178,0.999563261867387
18179,0.10251569140184187
18180,0.019598423832849928
18181,0.020358486155800024
18182,0.23989757869090247
18183,0.7432432525992105
18184,0.002133275145107728
18185,0.9994047040232447
18186,0.812098283966485
18187,0.9668043842626521
18188,0.00386659435725742
18189,0.10619135073261994
18190,0.12108599285661774
18191,0.16976185675126373
18192,0.0027388063228384707
18193,0.9060677499804338
18194,0.0008540079286801955
18195,0.31708019256307773
18196,0.8921045610290426
18197,0.00026263287276386796
18198,0.0009368364653694591
18199,0.07073053625608369
18200,0.021142235112861493
18201,0.005324259784639502
18202,0.473215290720737
18203,0.7932681839623111
18204,0.7521092849971298
18205,0.004884668950260952
18206,0.9992256643503542
18207,0.0017373684540429
18208,7.629622409514853e-05
18209,0.05534898176629224
18210,0.34829820629385844
18211,0.8293187640900734
18212,0.6533300893354329
18213,0.7507850032904131
18214,0.0022762699833639597
18215,0.03244262922560458
18216,0.0009935658539180234
18217,0.019232413915456513
18218,0.27185087479117176
18219,0.860661049460855
18220,0.8259068653675856
18221,0.06850247141386191
18222,0.001072625630836603
18223,0.4074995436829445
18224,0.999813541556598
18225,0.0226370918469771
18226,0.999484515451382
18227,0.39901100724685945
18228,0.1363634216805918
18229,0.20454651897133885
18230,7.838147580343508e-05
18231,0.16759443148202743
18232,0.9991939223315464
18233,0.10422719123562868
18234,0.9988824359995679
18235,0.311915407760848
18236,0.16912248848517153
18237,0.9996524855960205
18238,0.048796188770415305
18239,0.0326919236984834
18240,0.9996809125536111
18241,0.23553190625551687
18242,0.018987581358239785
18243,0.9721300810667703
18244,0.6866616724463928
18245,0.9998529501023748
18246,0.01915588002127795
18247,0.10878694723355838
18248,0.6392342663181217
18249,0.30276714631260704
18250,0.5008207791484522
18251,0.11821487832667561
18252,0.060431842981128414
18253,0.8448337231883492
18254,0.08715017414519846
18255,0.034844991844589314
18256,0.24253350767297271
18257,0.518607355307749
18258,0.004282279522119219
18259,0.07211496275215067
18260,0.9987245697773054
18261,0.5702443451878574
18262,0.00014846092557786297
18263,0.9999308470783885
18264,0.9994947603848401
18265,0.07412394134146079
18266,0.04804011004608957
18267,2.9168333800889506e-05
18268,0.007908464242952544
18269,0.13415593457125435
18270,0.00017643260178424526
18271,0.10775422401802116
18272,0.004279792969536985
18273,0.16356924154631886
18274,0.25557015789353726
18275,0.003169877902886131
18276,0.8405347052880838
18277,0.09201875344085242
18278,0.3384326009284574
18279,0.3009967917440684
18280,0.8968943862941929
18281,0.00019563710097394535
18282,0.9897707992165005
18283,0.0070367046299186775
18284,0.00861467010116454
18285,0.35534448116759926
18286,0.4091304906504433
18287,0.999953014711548
18288,0.011698373286141334
18289,0.013289674224056401
18290,0.0028349230794550073
18291,0.02211386543742124
18292,0.004916707148532449
18293,0.00448802378228697
18294,0.4439894780440316
18295,0.0024554992057504
18296,0.30121171033840083
18297,0.8351808845244264
18298,0.9028481405293598
18299,0.4642372300685197
18300,0.07576178927465538
18301,0.9659763796253247
18302,0.4016995260074205
18303,0.26419299639310595
18304,0.02548652519507756
18305,0.00015182278243071974
18306,0.08796504284946886
18307,0.9996435247189838
18308,0.9009642624440958
18309,0.34279087203153424
18310,0.9992712724512643
18311,0.013390644203607747
18312,0.99947817992549
18313,0.018455610823780017
18314,0.009235033738954242
18315,0.006061827494580621
18316,0.0413212976949438
18317,0.3763922163253761
18318,0.2626101555124717
18319,0.09004765038355331
18320,0.9463185799982107
18321,0.2589932673341259
18322,0.999555370523253
18323,0.6732957401580314
18324,0.15896723547853403
18325,0.9996187860689761
18326,0.005750512356733255
18327,0.07803124080203815
18328,0.15452447215709278
18329,0.0002103104557802465
18330,0.632825430975621
18331,0.8282943598318172
18332,0.5215649024309227
18333,0.9973264770137866
18334,0.9947429136465412
18335,0.004906145997636139
18336,0.004015813290970475
18337,0.9640550935300264
18338,0.9995536881494053
18339,0.09201875344085242
18340,0.7286767037280585
18341,0.1703088177277441
18342,0.025913238934794643
18343,0.21980134820140615
18344,0.8969017485059625
18345,0.23948613315082323
18346,0.580502364192247
18347,0.9992237584357746
18348,0.004756926267071305
18349,0.08828755608313023
18350,0.9229676597654758
18351,0.0023860934445793414
18352,0.010039172232940418
18353,0.5152625353274777
18354,0.8914258124324683
18355,0.9995540848184009
18356,0.7166503114684293
18357,0.03685019472619181
18358,0.9813818429733265
18359,0.016133060945124324
18360,0.025124159312928343
18361,0.007975487451710466
18362,0.9132043447623006
18363,0.9993036202447331
18364,0.8334173347109177
18365,0.4913201458532914
18366,0.9754469447489053
18367,0.22977844129189007
18368,0.48530438908870105
18369,0.9999308461696204
18370,0.8005493360970642
18371,0.095129540188309
18372,0.6211425418024153
18373,0.009750987155227235
18374,0.8363399068138659
18375,0.9991818355879741
18376,0.00413472690591252
18377,0.10533060321428708
18378,0.007357198718091253
18379,0.8037147242008061
18380,0.7393503562857162
18381,0.5931739288005331
18382,0.02268799526588611
18383,0.14542370246574837
18384,0.6750883878626696
18385,0.49139288715876467
18386,0.14604538881972223
18387,0.15084222198986366
18388,0.00039420459774161645
18389,0.9458640431997207
18390,0.9853620078740348
18391,0.28003448419070937
18392,0.14930913616782054
18393,0.003380493621730726
18394,0.31731007085281454
18395,0.012091270555492065
18396,0.7196372257345371
18397,0.9438814627953053
18398,0.999839854212449
18399,0.6499299556840791
18400,0.006074827247222157
18401,0.00151914397606229
18402,0.15923681130828876
18403,0.006945047795265695
18404,0.8177200379906068
18405,0.0028359407709034616
18406,0.16057184676144326
18407,0.6835563281663918
18408,0.004630842817028514
18409,0.9997163865284479
18410,0.004292882169827515
18411,0.1065526426266962
18412,0.11928798517217905
18413,0.8178813945262059
18414,0.00690397532966037
18415,0.0018780433017185345
18416,0.001994776398314593
18417,0.8018488777173945
18418,0.9995849899636525
18419,0.018941452328831005
18420,0.1655976397012879
18421,0.9996179000581937
18422,0.8760196424854666
18423,0.9998481266597455
18424,0.9751026605374618
18425,0.9998771574896798
18426,0.04204694387602996
18427,0.00020969108350776661
18428,0.3153708149213755
18429,0.310997930562252
18430,0.002507026653388218
18431,0.0031633324185510307
18432,0.9220779728009408
18433,0.28003445972725893
18434,0.9992907723817248
18435,0.14542708042505673
18436,0.0020982970814113116
18437,0.002403482047018821
18438,0.049339389070523196
18439,0.0008805082458544884
18440,0.5113194350957327
18441,0.025669651850609484
18442,0.03219128139591301
18443,0.0007271362450268197
18444,0.9995227362796865
18445,0.08691625585056338
18446,0.5937778566471736
18447,0.9993759122419318
18448,0.2407500744437679
18449,0.029612526142572745
18450,0.08146581852551314
18451,0.9994900768075922
18452,0.15725252346708193
18453,0.046375365800907564
18454,0.0026965784261157952
18455,0.9987228925374281
18456,0.01442035919205451
18457,0.17896629116951795
18458,0.5334671159194861
18459,0.9992246986531228
18460,0.09358544379258774
18461,0.0005789602359556905
18462,0.9983719920515657
18463,0.12656430387246598
18464,0.5126250883194743
18465,0.6779900950562441
18466,0.9997440387119436
18467,0.37663644189288087
18468,0.42778741500874784
18469,0.11462752795837348
18470,0.6855858853748532
18471,0.07641862555055848
18472,0.15936253115795634
18473,0.00011066773196278763
18474,0.0617330142143513
18475,0.10721867618725894
18476,0.002161358294104115
18477,0.0001331294377331904
18478,0.0015282035717471452
18479,0.9995728033124269
18480,0.002035002417342824
18481,0.99947817992549
18482,0.0008288631929460106
18483,6.6116211165374e-05
18484,0.9996511541797248
18485,0.6466847624734728
18486,0.9997818553731932
18487,0.999925288954087
18488,0.001091379138182891
18489,0.002731833600862297
18490,0.033674727686795504
18491,0.05342829472691201
18492,0.44648387866369493
18493,0.25090667407599887
18494,0.6052188624922707
18495,0.2509378892996011
18496,0.5333594877669466
18497,0.9976380575800631
18498,0.032844847681566085
18499,0.02198651487457694
18500,0.7569433547128319
18501,0.0002585798477523788
18502,0.6708559013138764
18503,0.1792548505055183
18504,0.000194586767209627
18505,0.0016529877103038126
18506,0.9999268237011831
18507,0.9997918801942359
18508,0.5736442333550781
18509,0.3440048896484204
18510,0.003718959510063126
18511,6.076705257829682e-05
18512,0.3486107836849399
18513,0.0013239852201211817
18514,0.6108756044567558
18515,0.0038514514131240776
18516,0.33781992020263046
18517,0.7862235448458003
18518,0.0011291355856741434
18519,0.9178074444446961
18520,0.003568175319872718
18521,0.0028752168469733355
18522,0.030535555904744927
18523,0.9318180079409193
18524,0.08033723269534632
18525,0.758056385299332
18526,0.9960748135943954
18527,0.0007535773492277393
18528,0.06800838612222612
18529,0.8499076608130299
18530,0.04094605051295391
18531,0.13300632453615785
18532,0.9987685488435509
18533,0.9987976448216611
18534,0.201773741063951
18535,0.5795308348980032
18536,0.03565547897621317
18537,0.8677515279441838
18538,0.0801584269298944
18539,0.45882005495751954
18540,0.39542185572086164
18541,0.0860677674910988
18542,0.022533208827996767
18543,0.000902656570027025
18544,0.09055160339713245
18545,0.003194538784911447
18546,0.9993546532417059
18547,0.9995781819570394
18548,0.6013617901937336
18549,0.9963831731241032
18550,0.7560779394961487
18551,0.0005508374735117939
18552,0.0017327672237487407
18553,0.4737601152828932
18554,0.00041772698252022896
18555,0.13340576698932086
18556,0.26642287911969703
18557,0.23378410428859062
18558,0.0016362729250280312
18559,0.5984589854737755
18560,0.0006019844371715739
18561,0.3500214453431189
18562,0.9959029084569159
18563,0.9994870920655785
18564,0.9998771574896798
18565,0.7649915725367257
18566,0.7159195347188505
18567,0.30100489567118405
18568,0.08178504372670371
18569,0.04939171681909248
18570,0.8721929363848383
18571,0.029433386433983605
18572,0.012973591267274135
18573,0.9420428698690014
18574,0.0629660529060242
18575,0.0114282930379812
18576,0.32514465488867333
18577,0.9999512695705507
18578,0.010601280943600674
18579,0.9998639023968607
18580,0.999813541556598
18581,0.007042448659488575
18582,0.22006321244261617
18583,0.9999141850225391
18584,0.20546081276399664
18585,0.9999364441705685
18586,0.9994050780537049
18587,0.011628076324651878
18588,0.018455610823780017
18589,0.37687667115175144
18590,0.0007141318432843301
18591,0.013087665669247461
18592,0.5751430218498413
18593,0.009297512583916841
18594,0.9736735607536985
18595,0.005053419304271431
18596,0.001871389446739374
18597,0.003483576096770706
18598,0.00015101751907204536
18599,0.5778893551058172
18600,0.5863288338867063
18601,0.9999316082189914
18602,0.002470566199348952
18603,0.0008730896525577011
18604,0.8716971387913118
18605,0.06652552238748306
18606,0.8715230405103951
18607,0.4750591021124519
18608,0.0068249148557182025
18609,0.03345356119164177
18610,0.0035119108267575782
18611,0.9994659373673813
18612,0.999538404803149
18613,0.9222995864492051
18614,0.47028139631147475
18615,0.13792067043618267
18616,0.00011551971186653591
18617,0.21222882196192802
18618,0.005024178009263639
18619,0.9987236992067033
18620,0.02700936969660651
18621,0.25605515594838396
18622,0.19520329134926787
18623,0.36139926598476474
18624,0.4435355885678248
18625,0.0035002868406974917
18626,0.005555562149369843
18627,0.4624032812183681
18628,0.021202028056947743
18629,0.0010738259715353318
18630,0.1421722213808297
18631,0.021802983143590454
18632,0.0016680444242943553
18633,0.472412673701359
18634,0.9654805753474357
18635,0.00040095684581211815
18636,0.002563635093462506
18637,0.2944767124366506
18638,0.00037460588317604686
18639,0.010193086992827793
18640,5.214575249143428e-05
18641,0.9923547137664336
18642,0.0022278107411046605
18643,0.03518988455391401
18644,0.28599281768848717
18645,0.24649087523726512
18646,0.06037985471475769
18647,0.003871870779430964
18648,0.0014853829716201651
18649,0.8637253625319524
18650,0.004112072496380227
18651,0.6291776431621566
18652,0.3283379414781302
18653,0.01036395174275695
18654,0.9993036202447331
18655,0.000119628006369568
18656,0.0022989242479017975
18657,0.4216005405331521
18658,0.5760467468204294
18659,0.027078951606280734
18660,0.9398117113574703
18661,0.0002501401894042849
18662,0.012025302115268954
18663,0.298951551190144
18664,0.9995761861991088
18665,0.000760853295994143
18666,0.009554056746020166
18667,0.3088789270428383
18668,0.4989200617242613
18669,0.007196139252543564
18670,0.00506327165246477
18671,0.007675385150379643
18672,0.04217407155900845
18673,0.13511532975254334
18674,0.024571233031829464
18675,0.999932353589728
18676,0.6671954001606284
18677,0.03478037878816309
18678,0.33267485134074487
18679,0.808122085371508
18680,0.5156167699619955
18681,0.9994832696495052
18682,0.9996524855960205
18683,0.001598816056843718
18684,0.9792677551595076
18685,0.9995781819570394
18686,0.08141291800966984
18687,0.4939721047313461
18688,0.6238925299791598
18689,0.9995636427540336
18690,0.9056381170852531
18691,0.00861467010116454
18692,0.5740161184827461
18693,0.5226621440871494
18694,0.05964388103733477
18695,0.09199518611820907
18696,0.0005924382076792872
18697,0.0872055021084783
18698,0.09166318902343977
18699,0.08307227459766087
18700,0.26102302747967865
18701,0.008539725826834377
18702,0.027659057362511494
18703,0.07031125517754121
18704,0.00010777416448962207
18705,0.4284630923624819
18706,0.06122170289061285
18707,0.00017671424487229173
18708,0.01306008720873189
18709,0.0001278733811424765
18710,0.003470538503369721
18711,0.00014952091568326523
18712,0.004020736434368605
18713,0.30624651690245
18714,0.9999208904857733
18715,0.009274921396687522
18716,0.0002443656574915879
18717,0.3844783541342089
18718,0.06037985471475769
18719,0.18092203399718362
18720,0.14993369061716516
18721,0.6315711010024746
18722,0.7542403749448862
18723,0.2483928311348848
18724,0.40356065874818625
18725,0.09549220832727495
18726,0.0008422239885609687
18727,0.2353443426512318
18728,0.9996648660218873
18729,0.008938713474240157
18730,0.0006513162150275058
18731,0.31854459099110466
18732,0.0015673703449973714
18733,0.5857737495452551
18734,0.004898033214224842
18735,0.0018460036235550107
18736,0.987096262952259
18737,9.338595495898837e-05
18738,0.44285596414780404
18739,0.6463911026980788
18740,0.147990020995145
18741,0.9108042065954147
18742,0.10406342910992955
18743,0.06375217440878066
18744,0.32875542023910637
18745,0.9994285616106388
18746,0.7615928196770909
18747,0.9995536881494053
18748,0.04215230748727919
18749,0.22973440622228278
18750,0.4645997356912967
18751,0.009317429661154735
18752,0.38580468783677124
18753,0.0037310899792684102
18754,0.3545987568596391
18755,0.577405877007552
18756,0.023905887357015203
18757,0.015229548206049933
18758,0.5213155883399859
18759,0.9687335562011458
18760,0.7851816979137471
18761,0.011132497471492508
18762,0.031051369604174747
18763,0.8721929363848383
18764,0.2046659787227957
18765,0.13058668749748586
18766,0.024851163007682014
18767,0.002194649308808578
18768,0.0006808507369262951
18769,0.7611747542814287
18770,0.006178117612312448
18771,0.009284554643744452
18772,0.9975633972721326
18773,0.9998411885134655
18774,0.8346824557520485
18775,0.845292629527911
18776,0.5206856298049513
18777,0.10936001370379754
18778,0.0013917289998212935
18779,0.42333704211218676
18780,0.937548526792239
18781,0.020382460290628696
18782,0.3390921348389199
18783,0.0019008963887003816
18784,0.7891757215045015
18785,0.9990715488806942
18786,0.03780457455865158
18787,0.6891204152615211
18788,0.951559828747212
18789,0.4333382720631506
18790,4.843631701279247e-05
18791,0.9987641290609633
18792,0.14376128437730123
18793,0.015717393268439524
18794,0.07324993123683984
18795,0.8119502735393919
18796,0.999418062973209
18797,0.031528383286698866
18798,0.7121394309952402
18799,0.6691847920750156
18800,0.0006491026154701573
18801,0.600647441339463
18802,5.923295571767691e-05
18803,0.019715846249140093
18804,0.999693176956454
18805,0.030831172701144723
18806,0.9994848693618307
18807,0.5046174190539437
18808,0.9997957235608228
18809,0.024189616114017105
18810,0.14721925957508336
18811,0.9998880980107413
18812,0.07202278921395226
18813,0.0022722057103436444
18814,0.0460867315570939
18815,0.1766241918069558
18816,0.7853323444402669
18817,0.0344319759318419
18818,0.7553968421292655
18819,0.01114548905700799
18820,0.0018860893056621743
18821,0.32517172409658945
18822,0.9997984977338812
18823,0.03817290923682511
18824,0.9999877955874008
18825,0.011627180625183225
18826,0.0003086557840463656
18827,0.09484083484232898
18828,0.2425132876801234
18829,0.47360502271391297
18830,0.20740658957061234
18831,0.3797950357126437
18832,0.03519577158096745
18833,0.00012943059118810413
18834,0.04046971441815095
18835,0.2874287095395818
18836,0.19280144687787437
18837,0.1416630777737699
18838,0.09288805484720224
18839,0.9952648605446761
18840,0.36634364114930074
18841,0.01006259610613842
18842,0.999436818139924
18843,0.0018524268565302624
18844,0.00381170074480111
18845,0.30869374838289815
18846,0.03292355870965465
18847,0.027073638438942206
18848,0.00020982843840280599
18849,0.8160912159910467
18850,0.38456966137114157
18851,0.8603367817120728
18852,0.9012531194152761
18853,0.22552008488090924
18854,0.9997901343623908
18855,0.39520451434420745
18856,0.9987228925374281
18857,0.009480851728564953
18858,0.7348144242553879
18859,0.08297685338012842
18860,0.0007545966855720256
18861,0.8299073183426152
18862,0.31275757348073124
18863,0.9997466708791825
18864,0.00024368262239140055
18865,0.0008081786780865166
18866,0.043292713954127475
18867,0.04291195648493177
18868,0.4782677819630795
18869,0.0007723422448076869
18870,0.1849888662066059
18871,0.8462470966577524
18872,0.9172072882350318
18873,0.18373472546692196
18874,0.10147167469806087
18875,0.028003576635703027
18876,0.0004513931917874231
18877,0.9995262668123734
18878,0.9999317452036011
18879,0.00351851054741971
18880,0.0733474192417765
18881,0.00014047549553184113
18882,0.0002983051408766526
18883,0.0011154331941712235
18884,0.28339613946815995
18885,0.6115289756761398
18886,0.8787316325573508
18887,0.7086413313435102
18888,0.8192257906485428
18889,0.05468528857443197
18890,0.005888769983169173
18891,0.01431399086357358
18892,0.4493052157669346
18893,0.9999122716636379
18894,0.0008126564371230009
18895,0.9036595167174769
18896,0.6385955320753831
18897,0.19999725989463532
18898,0.9995752148363412
18899,0.9994900305169079
18900,0.0048867277078276
18901,0.02076854713847522
18902,0.5127972574576245
18903,0.9492588282284413
18904,0.0038660818119942725
18905,0.738820816231472
18906,0.02791914248138654
18907,0.8742327467788186
18908,0.6912743595936709
18909,0.0018669549673195126
18910,0.9992230467861625
18911,0.0039905345333979885
18912,0.46532446830105967
18913,0.7626776167287324
18914,0.8420646057605328
18915,0.9997428109332847
18916,0.5634305682026278
18917,0.9963831731241032
18918,0.7978954586627033
18919,0.20909365150713383
18920,0.6449297538965153
18921,0.17146251500904075
18922,0.2688469413835382
18923,0.010919916500654603
18924,0.9958515958045745
18925,0.503464420847816
18926,0.4895137345166731
18927,0.538678414799372
18928,0.9486083753336132
18929,0.14746594341244995
18930,0.00118003080724333
18931,0.000908467959438191
18932,0.06949857612886215
18933,0.7598891060352092
18934,0.999769437079721
18935,0.7605066064821668
18936,0.04013522717623783
18937,0.9692516248734795
18938,0.9998397421750914
18939,0.0014626323501685994
18940,0.8365754113880288
18941,0.001072625630836603
18942,0.0015933732328066675
18943,0.9996951375426228
18944,0.8299574814351225
18945,0.45578539790831923
18946,0.19541455143424988
18947,0.8080912347626624
18948,0.1214747273138191
18949,0.9997718305143011
18950,0.008095248167231785
18951,0.005857024110388687
18952,0.9592734375737939
18953,0.08465204103578874
18954,0.003007493795931597
18955,0.08041325527082298
18956,0.0043289335398838365
18957,0.2916288344792719
18958,0.999522859096116
18959,0.216299404773971
18960,0.8642784221465424
18961,0.6423871918949262
18962,0.001227106631581027
18963,0.11007610129554402
18964,0.0018715880185556522
18965,0.8170868432411783
18966,0.9996516518776984
18967,0.00025247278800821966
18968,0.004246240432000608
18969,0.27598725436556065
18970,0.5152359497202795
18971,0.24320588723225478
18972,0.06834467509796956
18973,0.00021264826010755118
18974,0.20050856043385237
18975,0.6677128433237685
18976,0.809943103588384
18977,0.02303740954331855
18978,0.001969109421662777
18979,0.8525111685977278
18980,0.8302081065465504
18981,0.2296832859717734
18982,0.4975997400556176
18983,0.00010243509287612716
18984,0.6194386877252196
18985,0.06406374723014445
18986,0.000158006981632698
18987,0.47911119232136856
18988,0.9792677551595076
18989,0.4491778550639728
18990,0.6478548769741852
18991,0.005447121274470059
18992,0.4566476199249813
18993,0.04844432743979707
18994,0.00011628396558319505
18995,0.9994706120060642
18996,0.05987737815149815
18997,0.0063911776698466465
18998,5.734595925741429e-05
18999,0.02786509829197183
19000,0.009448957411188648
19001,0.8983664661660726
19002,0.09878840513647462
19003,0.0245502446524238
19004,0.9494108823702445
19005,0.9998771574896798
19006,0.1845891113792889
19007,0.9996571114847964
19008,0.0007215144206496688
19009,0.00028267860423103166
19010,0.5144322252874363
19011,0.9986365755993868
19012,0.8078758902932346
19013,0.000508688913945303
19014,0.017840211562030545
19015,0.9997693236947158
19016,9.536222419209066e-05
19017,0.1081898715149807
19018,0.9996114433097345
19019,0.2463934275321268
19020,0.523675070774813
19021,0.04500995426473535
19022,0.05187362218378286
19023,0.14048744979022768
19024,0.06283610197402134
19025,0.0010310883936908793
19026,0.0002750989318024371
19027,0.47641532486436067
19028,0.013819823446065065
19029,0.08956601947843391
19030,0.08870640474870417
19031,0.5197270204637896
19032,0.036659272309378765
19033,0.0029987108072861935
19034,0.1943092823547711
19035,0.47324545485651903
19036,0.9997250351828642
19037,0.3155208662509756
19038,0.9991411823255856
19039,0.8928062940899525
19040,0.4329770614451573
19041,0.0008550389019899324
19042,0.004017467889229158
19043,0.06074805276500206
19044,0.2802694518843994
19045,0.9997859621855122
19046,0.9995084445741358
19047,0.41428263249892544
19048,0.6466847624734728
19049,0.9219905097160748
19050,4.391347570136509e-05
19051,0.9995047105160518
19052,0.41107030634593394
19053,0.7148598550619912
19054,0.0002556971071676699
19055,0.13785916628936148
19056,0.6747347113978744
19057,0.0009892000742188747
19058,0.03285123920774454
19059,0.003402535391246157
19060,0.11949083683253715
19061,0.9988824359995679
19062,0.5250637922498881
19063,0.9995236778940882
19064,0.6147788995979608
19065,0.0010932472323928592
19066,0.011445442684525086
19067,0.01055774757174682
19068,0.7609872886929222
19069,0.1650772513696264
19070,0.9995618006181946
19071,0.2533452282006368
19072,0.0013321614065953565
19073,0.06236268283981031
19074,0.9992319874878447
19075,0.7685417067502315
19076,0.00023624601036447264
19077,0.45782001099960834
19078,0.670705707147987
19079,0.7529796379244775
19080,0.28331747393520823
19081,0.0001662052085934203
19082,0.07417951891510952
19083,0.8899932413111789
19084,0.009855646651033794
19085,0.32303766371490367
19086,0.35429363872085284
19087,0.024863760186344785
19088,0.0015032085205663821
19089,0.999715643345991
19090,0.19032093957966115
19091,3.5519956563807944e-05
19092,0.767458805385927
19093,0.011617838112543473
19094,0.06990451113580547
19095,0.45551866921705775
19096,0.5197270204637896
19097,0.5904042605967851
19098,0.1097907268936891
19099,0.971480582440382
19100,0.999852384874268
19101,0.4996421279670736
19102,0.999344273166265
19103,0.014647711063573758
19104,0.0193845750839037
19105,0.004654259131343736
19106,0.5796972213223596
19107,0.05080364074396362
19108,0.7963855553734553
19109,0.0009510692459876338
19110,0.1330914235490656
19111,0.05292385466630596
19112,0.8624664821682055
19113,0.0004211936588493568
19114,0.40641631001414696
19115,0.9998625834251481
19116,0.00018994588181143115
19117,0.05743465465865179
19118,0.23321158764134717
19119,0.0031501948730582006
19120,0.0005487487241807076
19121,0.0031934335626447354
19122,0.00035340724361433495
19123,0.9992897607141956
19124,0.03791749381061047
19125,6.714839246482316e-05
19126,0.5260192039126271
19127,5.2761136886683377e-05
19128,0.8486618032579801
19129,0.03732567998102829
19130,0.0008156087265254125
19131,0.9039697842878069
19132,0.016138789065530044
19133,0.00031582707360801847
19134,0.05171873562607039
19135,0.004502559761911115
19136,0.7227082497322663
19137,0.34268104158114443
19138,0.29725817989359077
19139,0.9999755411518962
19140,0.01497334103617137
19141,0.0009640111034720287
19142,0.003464009897018536
19143,0.8710500756389256
19144,0.11431453244672687
19145,0.39023932704275205
19146,0.7132298413041892
19147,0.969118964394088
19148,0.18867853451935765
19149,0.00011127304972161866
19150,0.000713526639425402
19151,0.8855587814721735
19152,0.0011110728339584657
19153,0.1112433654215222
19154,0.0003707054533977275
19155,0.13660092970983448
19156,0.22736390031532824
19157,0.002563635093462506
19158,9.640650804371763e-05
19159,0.8625960673186523
19160,0.42161471128528216
19161,0.8460030938685178
19162,0.0031383983367263084
19163,0.3963583898852931
19164,0.009639917947488887
19165,0.010820642961156488
19166,0.8215973944541256
19167,0.30216446556018567
19168,0.055672286775178256
19169,0.09681835302216378
19170,0.7851008948626527
19171,0.7400845331900178
19172,0.0015769478705763124
19173,0.037947941439638776
19174,0.41718396547308717
19175,0.002182723830032166
19176,0.016149107525732308
19177,0.211768609109128
19178,0.7319292210695979
19179,0.20512663714296175
19180,2.801272811774919e-05
19181,0.43559154773100106
19182,0.19729772760644046
19183,0.47674623351275347
19184,0.5978543163984883
19185,0.9170783016050519
19186,0.00011504690490808158
19187,0.2538274581591776
19188,0.9999543093291324
19189,0.36496275896518854
19190,0.002360470765874912
19191,0.028860506338875987
19192,0.2169511165267579
19193,0.9355441173416047
19194,0.014284653837056597
19195,0.15668307645678403
19196,0.40616943541887746
19197,0.9995728033124269
19198,0.18418958659114698
19199,0.01227131211110232
19200,0.9966064174234744
19201,0.02934241685849275
19202,0.7467053116245322
19203,0.006800109311291946
19204,0.02482872017926509
19205,0.9998441812431935
19206,0.754083050856441
19207,0.0009217673378329857
19208,0.8400047583613464
19209,0.009157026256147166
19210,0.12497410426829209
19211,0.39042537951017187
19212,0.2131035081478143
19213,0.20006227029410625
19214,0.00207426971996235
19215,0.6912480530794648
19216,0.23157975042181164
19217,0.1238664582580221
19218,0.6092746985531068
19219,0.9996905130665825
19220,4.153607680693261e-05
19221,0.9995188686824839
19222,0.11560601848327105
19223,0.9995225709038618
19224,2.3778562932832393e-05
19225,0.4093362049450345
19226,0.8422930111700556
19227,0.0014509146648648877
19228,0.0011882890721082006
19229,0.9063901844963302
19230,0.48484959038309683
19231,0.0144356442482345
19232,0.022553248997652882
19233,0.9996511541797248
19234,0.19910601380459036
19235,0.0022989242479017975
19236,0.005154386625031773
19237,0.22952457113605482
19238,0.9002129506501124
19239,0.8954194782552677
19240,0.009177655872622023
19241,0.011629488207773889
19242,0.9483794302805547
19243,0.11052420494495195
19244,0.0011392852880208553
19245,0.008132329815738746
19246,0.5346377568826852
19247,5.868681874016585e-05
19248,0.014291305082747502
19249,0.9998475756380479
19250,0.21345753831312872
19251,0.009051936172910108
19252,0.02759393867777406
19253,0.9994632871929426
19254,0.9997229510364227
19255,0.1268640062295554
19256,0.18838738552431267
19257,0.6677209742234502
19258,0.999813541556598
19259,0.00019558968116255415
19260,0.28760815247916277
19261,0.026719623730712978
19262,0.8390507045578137
19263,0.0527227009458412
19264,0.0025022459113547345
19265,0.42853603515167854
19266,0.09440918838081055
19267,0.9996905130665825
19268,0.6430843238382877
19269,0.3001860817148714
19270,0.7666015485735881
19271,0.0034041142216452254
19272,0.6534723245451688
19273,0.999990596746921
19274,1.1193503994466484e-05
19275,0.005180243868869829
19276,0.00015788474824525298
19277,0.20570401609290703
19278,0.004553260755903204
19279,0.39399002017568524
19280,0.014747121582677658
19281,0.9996182826875794
19282,0.03792409365907572
19283,0.012830781803353675
19284,0.9996655264180665
19285,0.00022946975924439716
19286,0.9998939055184133
19287,0.5265681931168563
19288,0.02205587797898413
19289,0.999396684619105
19290,0.9992882155169946
19291,0.999484515451382
19292,0.9999240009909476
19293,0.9999364441705685
19294,0.5611349018524591
19295,0.8791091677694095
19296,0.7403093390062726
19297,0.00011391428502294906
19298,0.2790388286562787
19299,0.8101898821165626
19300,0.7947262883160957
19301,0.31292642471971305
19302,0.6160196076814461
19303,0.998653856459058
19304,0.00394964604267548
19305,0.0019008963887003816
19306,0.0020261352302355412
19307,0.301637876148708
19308,0.0998327996321768
19309,0.20262030585606738
19310,0.26672236477986205
19311,0.8408757716532991
19312,0.8424404206783055
19313,0.9788639221545251
19314,0.0020809571905893824
19315,0.9997564195940568
19316,0.005411180562378278
19317,0.07006552561003829
19318,0.999839854212449
19319,0.9999504658711689
19320,0.4891005550434709
19321,0.4415071192479494
19322,0.3173822510199848
19323,0.09187431121214105
19324,0.9999881611349023
19325,0.3768970224812222
19326,0.7627460070202188
19327,0.05871714931916242
19328,0.006327066484850585
19329,0.7973081279912121
19330,0.7991934276094218
19331,0.015530241577465258
19332,0.6341266038439701
19333,0.9996454908518063
19334,0.011215861959808712
19335,0.9996822043264688
19336,0.001402368758184533
19337,0.006804210795510814
19338,0.9999219791324048
19339,0.003612608802676229
19340,0.9993962546929599
19341,0.9692335553901917
19342,0.00043242323612673495
19343,0.87384660988005
19344,0.0012161571165968078
19345,0.5269126495755481
19346,0.2397063235508252
19347,0.01209199990461969
19348,0.6935992000109519
19349,0.779146249105473
19350,0.1200169746122555
19351,0.00763404896731959
19352,0.3476209793381847
19353,0.9999422736442072
19354,0.4688397451597198
19355,0.4625661971397515
19356,0.07597358399117157
19357,0.00014418387591232998
19358,2.431573174415981e-05
19359,0.0002483942253103716
19360,0.0046572817774754366
19361,0.999354965896044
19362,0.5759040919453018
19363,0.07094163015342171
19364,0.9999807954951554
19365,0.9994706120060642
19366,0.0035725802434459926
19367,0.01649236532383963
19368,0.6559693874245632
19369,0.8522301148891613
19370,0.002862442355646082
19371,0.10288233852217535
19372,0.9994910555937943
19373,0.006531646216579026
19374,0.0063524025045978505
19375,0.3156435965350916
19376,0.8551272434618488
19377,0.5153440056338153
19378,0.15350577440037522
19379,0.3770436889800354
19380,0.8172538670458943
19381,0.2342177760603395
19382,0.0997746670882656
19383,0.020701360438814556
19384,0.021758366142634784
19385,0.999484515451382
19386,0.6623939078853115
19387,0.9962985135409205
19388,0.08278774590346037
19389,0.0004694719434379673
19390,0.0011720819699536414
19391,0.9927339354752456
19392,0.9999459325614675
19393,0.005134688186454341
19394,0.3401349645316688
19395,0.5734527131956104
19396,0.9999156860115322
19397,0.009994076193714119
19398,0.5548830754201765
19399,0.008969751340989573
19400,0.9981483228062634
19401,0.7501914080276454
19402,0.136193551040185
19403,0.02064775219997691
19404,0.9995748273396287
19405,0.7007639679149639
19406,0.17110125539226728
19407,0.07863551932282437
19408,0.06566603036925886
19409,0.44140802411354924
19410,0.15696601880219127
19411,0.003104314609835587
19412,0.9995748273396287
19413,0.5877074614073439
19414,0.38219481746504097
19415,0.003733582787546714
19416,0.4073649251991461
19417,0.7101675146889044
19418,0.1925014620472959
19419,0.0002368643195982595
19420,0.4176899900763134
19421,0.9998447780117197
19422,0.0014198902957189101
19423,0.06798632763916661
19424,0.000716819904409212
19425,0.00021061445807229694
19426,0.4949951713051134
19427,0.0022714544214524272
19428,0.18180077458150426
19429,0.9995380667526763
19430,0.07147946081413879
19431,0.731331277957269
19432,0.8992090413992677
19433,0.36788491866199863
19434,0.8392571752462039
19435,0.4575653998271781
19436,0.0662351259499047
19437,0.00599098134883277
19438,0.9489143147684819
19439,8.13697751513757e-05
19440,0.9997800107469587
19441,0.004116294006668796
19442,2.5960283606870815e-05
19443,0.01027372684343369
19444,0.2516118690486193
19445,0.9994047040232447
19446,0.8523477254437928
19447,0.3688704132131976
19448,0.1887965742173121
19449,0.8943229722063624
19450,0.058959594974720315
19451,0.6819762444058037
19452,0.5923158035329608
19453,0.8696822344627014
19454,0.05149097002239253
19455,0.0033948805565574888
19456,0.9995047105160518
19457,0.12146352936392874
19458,0.9762387261945297
19459,0.001157232729667259
19460,0.8430797701340864
19461,0.13534420738528982
19462,0.1784075999393097
19463,0.1382473689161458
19464,0.18620846706718586
19465,0.05253096659778725
19466,0.11692224430536309
19467,0.5582587582675833
19468,0.9996788687464264
19469,0.3540195508262149
19470,0.021860641704863897
19471,0.999538404803149
19472,0.1425511350924872
19473,0.8262744826913497
19474,0.1597486589633998
19475,0.9995049538841312
19476,0.025556539500730488
19477,0.09837711904666212
19478,0.05971664640692707
19479,0.9996365758420503
19480,0.40616943541887746
19481,0.7611821450767262
19482,0.26112321324544324
19483,0.21972776274191372
19484,0.5317467210480542
19485,0.9608511146600749
19486,0.1352813254335827
19487,0.09468408052291409
19488,0.0008982551542407016
19489,0.9266887094041633
19490,0.007408726443448795
19491,0.9708580571493829
19492,0.9992567833984433
19493,0.8384100360450267
19494,0.06570103955340219
19495,0.6734638101197798
19496,6.348919932483317e-05
19497,0.519758830023967
19498,0.00010196098807096982
19499,0.15347950122257975
19500,0.4635718161100975
19501,0.47452067745208976
19502,0.1853917334274991
19503,0.0018949455728373944
19504,0.49908895351207255
19505,0.6441956032769566
19506,0.019959616281319027
19507,0.2471717819101618
19508,0.999779004323364
19509,0.16211068604132478
19510,0.5138412904029588
19511,0.9997324084621292
19512,0.055638316264162054
19513,0.002082980355631962
19514,0.937906228804121
19515,0.0033640170807416564
19516,0.99947817992549
19517,0.48533740063284525
19518,0.7783243280432192
19519,0.18810665113131955
19520,0.48504879364825804
19521,0.003801740168296299
19522,0.3984894673823705
19523,0.9994693567457746
19524,0.38870296778081104
19525,0.014711315599608752
19526,0.999911546182346
19527,0.01280323056922702
19528,0.999620369007414
19529,0.00118003080724333
19530,0.6301159367264226
19531,0.837954836105448
19532,0.9999268237011831
19533,0.2823237955450504
19534,0.9470602337592977
19535,0.2426061931286355
19536,0.7756172243173401
19537,0.0026149584095340956
19538,0.01493345168056829
19539,0.0029817998867110143
19540,0.0004033294577150007
19541,0.00029779128765029176
19542,0.007269910660445061
19543,0.10990498955718998
19544,0.17078017279697333
19545,0.38554713648104216
19546,0.28692224382923015
19547,0.09458107471817127
19548,0.44982841369146137
19549,0.6204116487924286
19550,0.28574810733575484
19551,0.17693360396315114
19552,0.6419247460446382
19553,0.13093790221193374
19554,0.00020391407303237732
19555,0.010796541328232791
19556,0.8834012424709733
19557,0.2507062768483051
19558,8.374150639371495e-05
19559,8.844734657752193e-05
19560,0.8848311191754608
19561,0.7268659798812015
19562,0.999486744269481
19563,0.010967691701493842
19564,0.17320695683435106
19565,8.844032879925501e-05
19566,0.9996899929255046
19567,0.999779004323364
19568,0.08449169885656942
19569,0.24039645545898053
19570,0.9568529314078033
19571,0.13495681140565882
19572,0.527544766365575
19573,0.24470986617965532
19574,0.9996786040118752
19575,0.00023668241006411108
19576,0.032865578693144375
19577,0.6979437103850004
19578,0.0001061221662004367
19579,0.011307688775152548
19580,0.8672248075410597
19581,0.08680814627624268
19582,0.013061291938179571
19583,0.000155914616603353
19584,0.015677918413587875
19585,0.0027295855744446807
19586,0.08672069844605625
19587,0.29862272412687085
19588,0.7131205685141878
19589,0.4498613621137684
19590,0.46696118546424803
19591,0.0008975668412474311
19592,0.00012163942798155569
19593,0.6337045757135313
19594,0.7887082121038872
19595,0.03426137593105741
19596,0.9127436971445171
19597,0.016721049270371484
19598,0.2611745163620348
19599,0.0006282533318136196
19600,0.04117378365443107
19601,0.023078221462748287
19602,0.9995047105160518
19603,0.005053419304271431
19604,0.9226929101430589
19605,0.0006451093387106527
19606,0.058633371130054485
19607,0.10070387555721586
19608,0.21494314993895003
19609,0.01062264951578734
19610,0.5834309624181326
19611,0.420383420467567
19612,0.23316696954048313
19613,0.9999755411518962
19614,0.28555996834612374
19615,0.17055898463228714
19616,0.0001539929487976901
19617,0.0064811924723543295
19618,0.005249182666985192
19619,0.0008279728859961697
19620,0.00014417372842370811
19621,0.011536281262154249
19622,0.8088089453541447
19623,0.09164963462386407
19624,0.6517103400064743
19625,0.7547203083236224
19626,0.9994941679767683
19627,0.7648693547037486
19628,0.35213458011681686
19629,0.03405223180089324
19630,0.32635812936695274
19631,0.18787714246024306
19632,0.3270962803286801
19633,0.011972574441568767
19634,0.40418444322494157
19635,0.02764653001122771
19636,0.13237664928345716
19637,0.9614972423913807
19638,0.0009232438994108454
19639,0.9996511541797248
19640,0.9952045456395955
19641,0.013375810636582044
19642,0.040371019872161275
19643,0.007944829244830079
19644,0.4513941847966235
19645,0.02079521383393842
19646,0.07806622956351947
19647,0.9993870058770137
19648,0.9993759122419318
19649,0.005533870936273234
19650,0.06235111324327628
19651,0.9999607090645114
19652,0.01787646787904343
19653,0.999852384874268
19654,0.6156978652302175
19655,0.11933376618388035
19656,0.9517269179041511
19657,0.316554949694113
19658,0.0010620893605509526
19659,0.9579130278261863
19660,0.12143772819108554
19661,0.17715491888120644
19662,0.26672510926474013
19663,0.626405223346146
19664,0.32391532792443456
19665,0.0032601546154533857
19666,4.693116316550029e-05
19667,0.00150335753070816
19668,0.7301476092186305
19669,0.8693621468832148
19670,0.0642383365611072
19671,0.022770965776226004
19672,0.0022799767127224314
19673,0.485216810782937
19674,0.6984539734652376
19675,0.001585632809267582
19676,0.002117735731883393
19677,0.007759472675066685
19678,0.24454930370529865
19679,0.27482469163841633
19680,0.0607429350446781
19681,0.13662942801951353
19682,0.047115775998070486
19683,0.9997976474777631
19684,0.012993468141776515
19685,0.9991507841673286
19686,0.004123778611395111
19687,0.0008876382147608608
19688,0.009142528290420525
19689,0.2901018078764256
19690,0.07751266865713968
19691,0.0025369733458177695
19692,0.0003568800634133469
19693,0.0008452412872339256
19694,0.24697174481771564
19695,0.21654511187615738
19696,0.0320395578435875
19697,0.34552829519634315
19698,0.27935405541539093
19699,0.35991604314147513
19700,0.9992567833984433
19701,0.31263087698806835
19702,0.710484539052501
19703,0.07862287338519444
19704,0.7900985697684242
19705,0.0006086967769349614
19706,0.021443957553444803
19707,0.9171231163368345
19708,0.12844620603138984
19709,0.3631139835598976
19710,0.9998771574896798
19711,0.12744259955133197
19712,0.34279087203153424
19713,8.997802808002237e-05
19714,0.0015391814785231759
19715,0.055845568269023184
19716,0.9995326650337986
19717,0.8714993650264559
19718,0.3346601330939966
19719,0.9997693236947158
19720,0.7843879864836174
19721,0.33193137642461273
19722,0.06775619967871709
19723,0.9491764198144435
19724,0.3626041776263255
19725,0.6508941038795947
19726,0.3163893803518711
19727,0.34982171058094513
19728,0.7923616187347531
19729,0.27898086815771767
19730,0.001535935578084593
19731,0.8721929363848383
19732,0.007328267764316732
19733,0.6849156590847152
19734,0.959577991232823
19735,0.0006665824810275664
19736,0.6182591318475945
19737,0.24221940572658204
19738,0.00867999213861091
19739,0.00013795197520601976
19740,0.00013933077312957084
19741,0.0015679259059256147
19742,0.0001454137335272589
19743,0.4391235984405282
19744,0.06970350246931709
19745,0.7125343058153968
19746,0.07575498479712812
19747,0.9996655264180665
19748,0.9998447780117197
19749,0.28760917994467666
19750,0.7546598603573378
19751,0.35582933743460654
19752,0.9999266889802447
19753,0.8526692384539132
19754,0.08012864370237599
19755,0.849374336616122
19756,0.6292424669405162
19757,0.6380793766067285
19758,0.03262511342497783
19759,0.13020662865324434
19760,0.0024795319684519633
19761,0.9999506312216214
19762,0.10101917994793394
19763,0.03507722574787548
19764,0.8219767169062263
19765,0.0008125401574967686
19766,9.001136583114447e-05
19767,0.9999082497465345
19768,0.933825482961949
19769,0.0007470836407986271
19770,0.9740465211688134
19771,0.008395424879769684
19772,0.9965750147308478
19773,0.3852809867692507
19774,0.7595775992644603
19775,0.06067186618486733
19776,0.04618233995146282
19777,0.06491698274605368
19778,0.27753019071101115
19779,1.8246009394925462e-05
19780,0.005395123399251898
19781,0.01573617973358144
19782,0.07284698903876094
19783,0.15230500053091434
19784,0.0747763247018407
19785,0.999354965896044
19786,0.9649525088078701
19787,0.714516664807309
19788,0.9996952630654243
19789,0.0742753683277844
19790,0.2408157040758507
19791,0.7611144225203915
19792,0.012577024006355785
19793,0.007770565520159161
19794,0.018177002678223416
19795,0.3269456513758271
19796,0.9990222878533459
19797,0.2618992067318712
19798,0.3672877858849544
19799,0.8624664821682055
19800,0.00734004228524382
19801,0.00129918897764644
19802,0.047851574780762844
19803,0.6473285388838196
19804,0.9141171256603424
19805,0.002462449574538353
19806,0.690703002331367
19807,0.0037919903880037132
19808,0.00034027090724773516
19809,0.07830984655337528
19810,0.8505472509550823
19811,0.7974579907669321
19812,0.9993197299943488
19813,0.00729672039024171
19814,0.9984639089386153
19815,0.008628422921422832
19816,0.0022547380709431394
19817,0.8177335196397791
19818,0.40986169219595403
19819,0.32247015778498583
19820,0.013358709889170001
19821,0.9998181260813932
19822,0.21460225327840032
19823,0.04142710372664488
19824,0.9999329886732777
19825,0.22741184880322793
19826,0.07405063708108978
19827,0.3563522385331779
19828,0.25575209570526014
19829,0.7625341015037183
19830,0.43559154773100106
19831,0.1477155562690544
19832,0.9993901049143069
19833,0.018455610823780017
19834,0.999839854212449
19835,0.003066150765615938
19836,0.0054292894648044505
19837,0.9996327988201954
19838,0.9995985088513702
19839,0.00019747802463991338
19840,4.759009522960955e-05
19841,0.0634560707353182
19842,0.36681034182821143
19843,0.00046689189770688283
19844,0.04096196965289784
19845,0.0879806408055095
19846,0.9999208904857733
19847,0.15179274813232393
19848,0.0005054818081901915
19849,0.00023249292735884236
19850,8.391513176424768e-05
19851,0.14404941309891459
19852,0.0028431497565763455
19853,0.00020958016815914314
19854,0.21284184270843723
19855,0.6336121865190822
19856,0.99947817992549
19857,0.9994285616106388
19858,0.02083722313202185
19859,0.0008547716187384054
19860,0.0009806376259443373
19861,0.999324669673014
19862,0.6293505318851429
19863,0.008518129751640971
19864,0.9999722862076992
19865,0.7181439898346714
19866,0.9998549538771617
19867,0.8645922288192153
19868,0.9651168651054983
19869,0.04551421587802918
19870,0.0030492962513128203
19871,5.0039253883880925e-05
19872,0.9994832696495052
19873,0.09481124080785441
19874,0.14184744013254325
19875,0.7614938409167672
19876,0.969301157938866
19877,0.9997693236947158
19878,0.5329954279887417
19879,0.2838795561751546
19880,0.6676931987874918
19881,0.9998771574896798
19882,0.007156691813293563
19883,0.0010019046610125796
19884,0.03238084800182535
19885,0.9998181260813932
19886,0.03860093217393686
19887,0.9997009862096128
19888,0.8216505894290277
19889,0.0011906204961476291
19890,0.3886770033711887
19891,0.9997764883396204
19892,0.3105717070298459
19893,0.9997396015332854
19894,0.005151805949384048
19895,0.0011467481283804317
19896,0.24086406059387352
19897,0.22245090059563855
19898,0.5118029462812171
19899,0.0028431497565763455
19900,0.01890678204826088
19901,0.24153322474998246
19902,8.611176453391932e-05
19903,0.3529286138569146
19904,0.9988667370115811
19905,0.007597465773102848
19906,0.9093939418840534
19907,0.1363514892644369
19908,0.014324793092954898
19909,0.9963831731241032
19910,0.015126053300507845
19911,0.23011756676551431
19912,0.0008843379898792935
19913,0.9994693567457746
19914,0.9997575351101686
19915,0.45638601663146905
19916,0.9996523533296412
19917,0.7871938914211515
19918,0.0004019684483392381
19919,0.43493618243601156
19920,0.8247510183656327
19921,0.7634112371773637
19922,0.5088215638303573
19923,0.002954624502774238
19924,0.3745498741331849
19925,0.08255272049007271
19926,0.029841059083937298
19927,0.000596115624418999
19928,0.014830170566917102
19929,0.02493771011547599
19930,0.9564910283162396
19931,0.007299700667519575
19932,0.0014745077948867032
19933,0.8055429614360534
19934,0.8668401768026631
19935,0.07481126795231353
19936,0.09194223971988501
19937,0.9571882690889916
19938,0.30416399680411144
19939,0.8217910171046737
19940,0.02786509829197183
19941,0.3970378410968271
19942,0.4895630572082385
19943,0.9996163273617402
19944,0.004524513785317284
19945,0.560426340960354
19946,0.0001413422621112543
19947,0.9997957235608228
19948,0.22953319814079565
19949,0.18042387877337684
19950,0.996948163535284
19951,0.999839854212449
19952,0.24515998998817173
19953,0.2539380919850694
19954,0.7056129624464444
19955,0.03417165756904349
19956,0.8054294300277437
19957,0.00010023924261982222
19958,0.08378345765140467
19959,0.07008187761900114
19960,0.44349670546151315
19961,0.1744424496524145
19962,0.0011315710669630766
19963,0.9996571114847964
19964,0.18783465836112076
19965,0.1421437525911953
19966,0.020904942815876088
19967,0.0012331589308320794
19968,0.25374900317771365
19969,0.24100262634464195
19970,0.003338361380616991
19971,0.6790562634527639
19972,0.7801976591910383
19973,0.0012219186005571312
19974,0.8864775648203052
19975,0.9996617309405117
19976,0.017335297603116286
19977,0.028399590590617113
19978,0.14807585032373544
19979,0.14845900357874617
19980,0.9997313722308496
19981,0.05477603238542566
19982,0.009373281825517102
19983,0.14738533300980503
19984,0.999894569782393
19985,0.8299823320623779
19986,0.999768843864897
19987,0.11862401574407742
19988,0.0007141318432843301
19989,0.9995748273396287
19990,0.9998502406786122
19991,0.9572432095799961
19992,0.9872886739860698
19993,0.0002717447590178318
19994,0.1211737126501812
19995,0.44230474914199347
19996,0.00021911125667088514
19997,0.028417029137971804
19998,0.0012395605368334514
19999,0.07109497048856386
20000,0.3627954492038778
20001,0.06636535663384463
20002,0.015310395422269588
20003,0.0029269245480712637
20004,0.9131684297542846
20005,0.0028682869256695456
20006,0.008631552972861124
20007,0.2557708406611324
20008,0.9792677551595076
20009,9.359217675019714e-05
20010,0.007741089995464259
20011,0.06059796473174819
20012,0.914902525029087
20013,0.0024121225201272243
20014,0.009862238094549858
20015,0.7849489678684217
20016,0.0284883037890155
20017,0.04708448898060493
20018,0.0008422239885609687
20019,0.05144206973449195
20020,0.23000206165834705
20021,0.4455830019766656
20022,0.05540578797610628
20023,0.33524472588754833
20024,0.014630276186078353
20025,0.21793368151416495
20026,0.2980393569107884
20027,0.032849892653900016
20028,0.756580682880077
20029,6.279833016845916e-05
20030,0.0019082268741533752
20031,0.8497089491231681
20032,0.9061472724362332
20033,0.5788430024553152
20034,0.7784932137571549
20035,0.0006358556076520975
20036,0.00767379598368064
20037,0.9674209940018584
20038,0.04564946801153103
20039,0.005913356448712538
20040,0.00014598218250379478
20041,0.0026580002715871965
20042,0.00018215839118135434
20043,0.009305062049026033
20044,0.031322888558024425
20045,0.999508942673257
20046,0.9988824359995679
20047,0.010769143243686021
20048,0.9999343388402087
20049,0.8586781797783101
20050,0.998658217136468
20051,0.9199461047967349
20052,0.9995597018021997
20053,0.9994314362506218
20054,0.8305947330468376
20055,0.002863157720709456
20056,0.1795270899125677
20057,0.2891159609801645
20058,0.1009573220626583
20059,0.016432445141955517
20060,0.11494501807445727
20061,0.01380327647791969
20062,0.05304366711899855
20063,7.388034637509361e-05
20064,0.03482587634140843
20065,0.9991411823255856
20066,0.9250896293360441
20067,0.23513170625102553
20068,0.0005428588319196675
20069,0.999506138346977
20070,0.11958710563210793
20071,0.00026933415159221505
20072,0.01564078755347354
20073,0.9628066868556882
20074,0.9990051294527309
20075,0.07194653248299539
20076,0.0005854170759322279
20077,0.864726920184743
20078,0.8707129839303235
20079,0.3903099189290554
20080,0.004094336973265842
20081,0.4340144312882143
20082,0.009345488136956952
20083,0.00019824154785009189
20084,0.01942855729355536
20085,0.8415744768754801
20086,0.009881557235172837
20087,0.7238140240468971
20088,0.9996008796111369
20089,0.020017880246414817
20090,0.0019087708074760341
20091,0.9993491643568999
20092,0.9267012942112007
20093,0.9999762333744708
20094,0.14471683182738948
20095,0.005750512356733255
20096,0.0026094580584678554
20097,0.8440585687872134
20098,0.9996524855960205
20099,0.3068852065862627
20100,0.00813656434443894
20101,0.4558396367792578
20102,0.1654510452015367
20103,0.9996163273617402
20104,0.4551280118596182
20105,0.7223326701181515
20106,0.012624768725815753
20107,0.780032591154393
20108,0.7805359206490098
20109,0.0006848878730891159
20110,0.9995809189857174
20111,0.9999691528149475
20112,0.9998611543394631
20113,0.06887757527969982
20114,0.9997009862096128
20115,0.2822023329128639
20116,0.970374889275817
20117,0.034490507931099916
20118,0.36044502138285417
20119,0.04761272385371754
20120,0.3420609826560499
20121,0.0014077303531915791
20122,0.40758156910777205
20123,0.527763474806726
20124,0.618854313678134
20125,0.2741955510115599
20126,0.10717759439697397
20127,0.7726082440504112
20128,0.00018325986467582098
20129,0.00043572098919158423
20130,0.2558081334659306
20131,0.7721303357704628
20132,0.014848469039190862
20133,0.17904425983937153
20134,0.0006102259745424948
20135,0.555457521873523
20136,0.17462556524546521
20137,0.7199966285494825
20138,0.999515950955773
20139,0.9996997661328945
20140,0.011849631246606842
20141,0.00033049439600538
20142,0.05512005241508962
20143,0.3139801063500271
20144,0.914902525029087
20145,0.5534891939946025
20146,0.20658584436164676
20147,7.243376510943305e-05
20148,0.5770417328105761
20149,0.4304099607751967
20150,0.017634406732530045
20151,0.17912192391945433
20152,0.05009715235252024
20153,0.48990557987873007
20154,0.4348139312765517
20155,0.002741686725806091
20156,0.016111351178574363
20157,0.07026798664512957
20158,0.999839854212449
20159,0.9997077590462575
20160,0.00015608751565951475
20161,0.999506138346977
20162,0.7749581509912332
20163,0.23494468981384872
20164,0.8880861501730474
20165,0.0944131600415685
20166,0.6216108608577308
20167,0.9998529501023748
20168,0.9998445137181696
20169,0.8998501001230206
20170,0.19961183734930293
20171,0.0016543755580086317
20172,0.003045318941719352
20173,0.4440816506712012
20174,0.005346452846066892
20175,0.03912802722853813
20176,0.2701623494445922
20177,0.00279342056752432
20178,0.9963831731241032
20179,0.9993911726874215
20180,0.03229675342167514
20181,0.3156435965350916
20182,0.46136227672219665
20183,0.004496948624328906
20184,0.9988824359995679
20185,0.11315330743085107
20186,0.013654507411173
20187,0.0867271597337387
20188,0.030874423258697978
20189,0.00013017461097436736
20190,0.002683752056255091
20191,0.005007820631289539
20192,0.935523895623565
20193,0.7491272852498597
20194,0.1235829978877967
20195,0.09484103681097016
20196,0.009200818442265408
20197,0.024617473231887677
20198,0.006073577720621826
20199,0.7692674618779107
20200,0.8293607456344834
20201,0.10597974338658256
20202,0.023320359373243206
20203,0.6174576350006676
20204,0.022023601768856378
20205,0.5893480584199088
20206,0.1922814519227394
20207,0.3829178780364029
20208,0.0030529159935538956
20209,0.17329021689384289
20210,0.4939721047313461
20211,0.49549551121556185
20212,0.010136652932145985
20213,0.016016994226077934
20214,0.007279227872514197
20215,0.11633340186526371
20216,0.027935529045660375
20217,0.9845823230543391
20218,0.17263332939840145
20219,0.00022630023110336051
20220,0.008873101457778317
20221,0.0006562194380047844
20222,0.013689483009190595
20223,0.7148414575962382
20224,0.036025656613192125
20225,0.5424591418015972
20226,0.019674623672331974
20227,0.052755684074636086
20228,0.0007912200495271471
20229,0.18565470203903306
20230,0.05097949580319295
20231,0.17212182245268212
20232,0.9995617766552871
20233,0.502956293086095
20234,0.9996062951574587
20235,0.0003156003160723862
20236,0.7564721770488335
20237,0.9995349479743515
20238,0.02902778821724376
20239,0.0916412767529037
20240,0.00483791808166469
20241,0.00013432801115418873
20242,0.016408202654464302
20243,0.9996511541797248
20244,0.2500921487737484
20245,0.9998722786759866
20246,0.004217675218243647
20247,0.9685108268827965
20248,0.09951658474348028
20249,0.85751498093339
20250,0.11625958677912142
20251,0.0011909108529906056
20252,0.003263469558301908
20253,0.8644448516245523
20254,0.07583072538344425
20255,0.004302770354850963
20256,0.3931687096915723
20257,0.6082137171207951
20258,0.000985667993897896
20259,0.9992037456674615
20260,0.0037758914459224235
20261,0.039831394097677095
20262,0.9995761861991088
20263,0.1349990902733651
20264,0.18776157463335563
20265,0.9995158737954354
20266,0.9417470937733573
20267,0.003533606800399927
20268,0.02503845952650722
20269,0.8874737069363071
20270,0.9997421658299348
20271,0.07679770382194968
20272,0.9998880980107413
20273,0.999548755909269
20274,0.7138163412759827
20275,0.27691618819250813
20276,0.8631741796336243
20277,0.7043331488349484
20278,0.9997561148083146
20279,0.9333426313394146
20280,0.001679259853696085
20281,0.0018700592837516633
20282,0.11632862092813286
20283,0.34741249400025415
20284,0.0063551533964676344
20285,0.11018844792105167
20286,0.7887068741319488
20287,0.021044925746562835
20288,0.00017208290464325052
20289,0.06399976004297173
20290,7.699186928162849e-05
20291,0.005131784359671721
20292,0.041300978403305634
20293,0.42642903813258576
20294,0.07644610392648817
20295,0.004309072768929268
20296,0.9993711860036805
20297,0.9954726212119598
20298,0.8418729104730014
20299,0.004096388754735122
20300,0.09614851400321252
20301,0.8645126087120323
20302,0.1840084807353213
20303,0.14781133594609647
20304,0.18311659391455745
20305,0.6597004468308745
20306,0.3982217501440253
20307,0.5024278464542358
20308,0.4126321470756492
20309,0.00045559584391444705
20310,0.7547586689516542
20311,0.933633834794503
20312,0.9997718305143011
20313,0.7264469187988165
20314,0.028718692622495396
20315,0.7127806985698926
20316,0.01279406631598235
20317,0.9999877955874008
20318,0.5016932225034104
20319,0.999839854212449
20320,0.0019053201008422931
20321,0.6449003259174704
20322,0.5059688722475514
20323,0.17427360578391635
20324,0.008680725384701559
20325,0.3655507834419813
20326,0.8790185916647468
20327,0.019682585840104502
20328,0.0014122923446807485
20329,0.7709808368427425
20330,0.04975183248658903
20331,0.4460143337325064
20332,0.9914875789453117
20333,0.6663360656494256
20334,0.20480258008328583
20335,0.1771948947017625
20336,0.7979773523581559
20337,0.4136038489256906
20338,0.4058071853334093
20339,0.9995618006181946
20340,0.02813567622088573
20341,0.052745604646720345
20342,0.33400996732357463
20343,0.6607313817218322
20344,0.037972065863032686
20345,0.7855828564206842
20346,0.0025568078779859803
20347,0.2633255579610345
20348,0.024053970200392395
20349,0.6829424765322007
20350,0.6835482795441037
20351,0.1712904869254848
20352,0.8520811857990058
20353,0.48048875942942915
20354,0.9997518722376667
20355,0.09922718254617269
20356,0.016217266361141628
20357,0.07959816265627963
20358,0.002855384930422981
20359,0.042306238990600195
20360,0.03589826348486063
20361,0.052187052961890544
20362,0.37688925309107885
20363,0.05346983567574916
20364,0.016478221388213598
20365,0.259468397209432
20366,0.4353525571113312
20367,0.9995617766552871
20368,0.25058593742814905
20369,0.639101634649234
20370,0.7330788932227111
20371,0.002083019965111081
20372,0.005818446313511174
20373,0.0753211312386516
20374,0.06380966775761171
20375,0.9995574966193886
20376,0.0002716370766771424
20377,0.9947609038205726
20378,0.10176349376997994
20379,0.46024236185485456
20380,0.02262761628865313
20381,0.1713870954454902
20382,0.1252871891490057
20383,0.023036489179149695
20384,0.03886642128069318
20385,0.6619087532912045
20386,0.9999718846290591
20387,0.3352367178018727
20388,0.07908882789400547
20389,0.49470368567260253
20390,0.90068647593763
20391,0.0029269246872307524
20392,0.9579109704374744
20393,0.2832633913407334
20394,0.13441817044132834
20395,0.015075946309039178
20396,0.990230713595299
20397,0.9997987072234696
20398,0.9992893364335703
20399,0.9992723524338993
20400,0.004386240043082434
20401,0.1264264918233704
20402,0.2705765341487016
20403,0.4018951507863489
20404,0.999506138346977
20405,0.18623480073027054
20406,0.23579234689537576
20407,0.0032614470661499577
20408,0.8807895998355529
20409,0.0003402199485328629
20410,0.9994947603848401
20411,0.9640550935300264
20412,0.9998452880340445
20413,0.0009050634811972974
20414,0.9997335138292903
20415,0.0001717476586826945
20416,0.019343488206247178
20417,0.9820611476179018
20418,0.3803069838886421
20419,0.060632532495615954
20420,0.28222869658476135
20421,0.6818864857139852
20422,0.027137041977367455
20423,0.21871635957877159
20424,0.969118964394088
20425,0.015382789037989614
20426,0.004926158054750997
20427,0.999354965896044
20428,0.223948837932992
20429,0.03518106742967585
20430,0.9996396881542292
20431,0.6348794558373604
20432,0.2876239584484213
20433,0.0009510692459876338
20434,0.12949726415711174
20435,0.015594364702894594
20436,0.00022482284926707944
20437,0.9996217940111329
20438,0.036247869737090065
20439,0.09544375564762383
20440,0.5439750132575857
20441,0.06828744498635987
20442,0.9990036124201354
20443,0.99947817992549
20444,0.8669292124085873
20445,0.10556625549713243
20446,0.02218441138277187
20447,0.9993496812754782
20448,0.22672917042769142
20449,0.9281207512890893
20450,0.05027231303567178
20451,0.2735437503006314
20452,0.05004108762181425
20453,0.03258695709766785
20454,0.9997077590462575
20455,0.18010441575740935
20456,0.2554863993371165
20457,0.44789949867120576
20458,0.4168627312232186
20459,0.9173457247220113
20460,0.07664230058646664
20461,0.17536261018279348
20462,0.862589499397331
20463,0.8928447253609256
20464,0.08007403624243746
20465,0.7763980217428524
20466,0.010410467720345349
20467,0.9792860663995197
20468,0.09730828290738372
20469,0.5666625841497406
20470,0.0001446762445411618
20471,0.0005871433897877055
20472,0.9998487393337693
20473,0.834185977504458
20474,0.13213381478911765
20475,0.9470602337592977
20476,0.6868223500692655
20477,0.11561794838604486
20478,0.0008034372462833514
20479,0.9569491153508015
20480,0.1949744791506398
20481,0.998788561576042
20482,0.00021489185616110933
20483,0.7313313679636956
20484,0.471084527559156
20485,0.20482510660337117
20486,0.12019004768320184
20487,7.460202290924717e-05
20488,0.9996899659151031
20489,0.10789533610091061
20490,0.9999312596496137
20491,0.045713430737578414
20492,0.17141499175038735
20493,0.08008093798386887
20494,0.20110958057815562
20495,0.0028302547956176234
20496,0.0002762121311736507
20497,0.0018978985180482144
20498,0.057396795832657804
20499,6.167437489270627e-05
20500,0.3922874756270893
20501,0.04329369775287021
20502,0.0004926751634925307
20503,0.9997171302829033
20504,0.006919005514304097
20505,0.040564966674665776
20506,0.00018880294649617304
20507,0.6469666555810224
20508,0.554288258751616
20509,0.38789145614201387
20510,0.7267480465983776
20511,2.2817708591170534e-05
20512,0.01015861338178175
20513,0.30926927258272857
20514,0.016746628502843572
20515,0.0711665465334875
20516,0.9997374775896319
20517,0.03881885120532371
20518,0.0011325676005833085
20519,0.9147176602298722
20520,0.0207057360757282
20521,0.5701128859435896
20522,0.0003709013116578426
20523,0.14117292957816752
20524,0.45791502607254636
20525,0.916718484182801
20526,0.006602622238611861
20527,0.10746123703457161
20528,9.490197088307618e-05
20529,0.9601349488412004
20530,0.9922936229777242
20531,0.8044567821625892
20532,0.1371524859145327
20533,0.08122509627778413
20534,0.7387950276904482
20535,0.27147637608967806
20536,0.002157144720737861
20537,0.8520190459953714
20538,0.012518946979369191
20539,0.06913005343099497
20540,0.0940697046830623
20541,0.053049370668846095
20542,0.37253364930421495
20543,0.00045195830537763233
20544,0.999344273166265
20545,0.9993496812754782
20546,0.8014642638871324
20547,0.9988824359995679
20548,0.006359724165489335
20549,0.8525613433896136
20550,0.8214453824493121
20551,0.2749889929937979
20552,0.7675976152762761
20553,0.0007141318432843301
20554,0.6077470756439933
20555,0.9993057612099676
20556,0.00014150550351410855
20557,0.00016476693745583434
20558,0.9994848693618307
20559,0.204495553334784
20560,0.0012130562030549794
20561,0.04557827588840061
20562,0.0003189114371994322
20563,0.13456200429214749
20564,0.3367057634417037
20565,0.9994314362506218
20566,0.7589899262006948
20567,0.18799840711291138
20568,0.9996511541797248
20569,0.28465119978323183
20570,0.007589251448744574
20571,0.11863629800715075
20572,2.4058433413018253e-05
20573,0.07613450577422642
20574,0.02178205502625774
20575,0.6240219580451651
20576,0.7866193049781766
20577,0.9995419586809628
20578,0.07172493425088335
20579,0.9999187889230255
20580,0.11447185276179354
20581,0.8618445391060383
20582,0.001072625630836603
20583,0.4415071192479494
20584,0.0002715647839360004
20585,0.9825778843049197
20586,0.0038122160379727627
20587,0.9993759122419318
20588,0.00658864280106353
20589,0.022394232989955177
20590,0.0032628263066423386
20591,0.25527205201242775
20592,0.2500921487737484
20593,0.573757331945488
20594,0.2102411543185628
20595,0.5879482508554912
20596,0.006054057969900769
20597,0.9988824359995679
20598,0.41011255325540913
20599,0.8735548808130129
20600,0.8167696700040988
20601,0.7195146943404473
20602,0.002283486575007459
20603,0.2683856804725571
20604,0.5197270204637896
20605,0.29015295708455563
20606,0.010416130406532798
20607,0.9987685488435509
20608,0.99966616556887
20609,0.7970482011909698
20610,0.6737618398028125
20611,0.30738344491226216
20612,0.43021463475640065
20613,0.5191885384728838
20614,0.01254452208630321
20615,0.1151393783115507
20616,0.0017109132594625527
20617,0.9994285616106388
20618,0.343942062649686
20619,0.8916291441560653
20620,0.00025247278800821966
20621,0.07673400760518152
20622,0.6736358035662862
20623,0.9972347465630699
20624,0.00219920785028732
20625,0.9998441812431935
20626,0.4034576399879838
20627,0.6964260133799735
20628,0.06561001979076105
20629,0.00040013349272299196
20630,0.8259068653675856
20631,0.7063311436368277
20632,0.005940323272865124
20633,0.5352837185010189
20634,0.00021823312608245957
20635,0.9997984977338812
20636,0.0001639945505653104
20637,0.24524396305624516
20638,0.05841445409756028
20639,0.049191918024510256
20640,0.5819608621808504
20641,0.10029103561678085
20642,0.009049040427310905
20643,0.0012384232188289313
20644,0.8514366607048484
20645,0.7318164605498841
20646,0.32579821252602076
20647,0.004442389564555774
20648,0.998788561576042
20649,0.10542749212937452
20650,0.00017482099849606825
20651,0.9997396015332854
20652,0.0908614968065521
20653,0.09431504657842564
20654,0.0008829287581215556
20655,0.02118764633293779
20656,0.7984989906418274
20657,0.003348033097234606
20658,0.0009510692459876338
20659,0.747262434857538
20660,0.08308852240719738
20661,0.0004703548578101102
20662,0.8455936001147928
20663,2.750213158997125e-05
20664,0.9997626540081153
20665,0.16577465425784604
20666,0.9999037356640853
20667,0.011253577617336197
20668,0.6477615355758315
20669,0.005474167337594507
20670,0.33737941000259714
20671,0.9999266495401228
20672,0.9997109980690538
20673,0.011641056990404942
20674,0.6031341696358387
20675,0.27238377262588565
20676,0.08966593964695797
20677,0.006908431549435473
20678,0.00179756857149994
20679,0.0006541867178471
20680,0.9999243816335729
20681,0.5849726987352974
20682,0.9143466559134754
20683,0.3755452974364212
20684,0.562087714251161
20685,0.4957664241039618
20686,0.9998704162837054
20687,0.6713291235403592
20688,0.017327225883288312
20689,0.11652719848687795
20690,0.0007645897574337223
20691,0.1822156701315785
20692,0.005151805949384048
20693,0.9470602337592977
20694,0.45895216690218044
20695,0.0008920224981673127
20696,0.9989999279121454
20697,0.007754957144385719
20698,0.9798799312743703
20699,0.684090222568018
20700,0.8165299504396054
20701,0.004420869341803825
20702,0.6476147493381497
20703,0.0019569091090061636
20704,0.40014881617106646
20705,3.877675342887107e-05
20706,0.14550533125983364
20707,0.9999691528149475
20708,0.22131917430698764
20709,0.8443896246456839
20710,0.054657322572164636
20711,0.0001744848477600837
20712,0.22946837646350873
20713,0.22049292431364745
20714,0.9998398776075168
20715,0.09800034544246038
20716,0.9992536236980566
20717,0.9997250351828642
20718,0.00308732061802483
20719,0.7112576069842493
20720,0.04952945042230473
20721,0.029664657513159595
20722,0.5653423769898225
20723,0.8635666923278403
20724,0.0001156289507540953
20725,0.10853317666508015
20726,0.000166310553766083
20727,0.031244884980329412
20728,0.22006584885378044
20729,0.9222995864492051
20730,0.9649525088078701
20731,0.9092941200920261
20732,0.1886014968442853
20733,0.2971870020856979
20734,0.23178934040791818
20735,0.17481783365134426
20736,0.9329703948835155
20737,0.9110219046006665
20738,0.0019008963887003816
20739,0.5628419456914108
20740,0.9999784738108163
20741,0.001450638516431173
20742,0.8380499230285267
20743,0.002344343276083407
20744,0.4168615469683758
20745,0.46973220827210593
20746,0.00010078573734476884
20747,0.0015550402565002984
20748,0.00041505714782938456
20749,0.6063651049731844
20750,0.9999406475982288
20751,0.003299352180750531
20752,0.0006947744504774744
20753,0.8535113382387847
20754,0.2772472618803697
20755,0.9792677551595076
20756,0.0204431333636604
20757,0.25997797946623435
20758,0.7960780931684226
20759,0.9999877955874008
20760,0.8432801589574945
20761,0.4181742411439659
20762,0.16369224242286398
20763,0.9998397421750914
20764,0.008682969366777519
20765,0.1448087090804396
20766,0.6629958030006174
20767,0.9998347857388117
20768,0.0003202978600742013
20769,0.30150987843334753
20770,0.03357231515686476
20771,0.5154323262515061
20772,0.08810447186916995
20773,0.9922936229777242
20774,0.6129502076911753
20775,0.9995357236789374
20776,0.029089996387576558
20777,0.1975597893604405
20778,0.07881555000024965
20779,0.5830729987794242
20780,0.6677760377019939
20781,0.7207211263436858
20782,0.9996083192137359
20783,0.8837446484908092
20784,0.05329843060401134
20785,0.5621508359478004
20786,0.00017939343926783345
20787,0.9994102562963755
20788,0.9997396015332854
20789,0.6893758525429594
20790,0.5762448125812134
20791,0.12258488194081238
20792,0.04373218259575345
20793,0.004618341429694635
20794,0.9987228925374281
20795,0.0008934137438468304
20796,0.21010331935017582
20797,0.0011843395760763314
20798,0.39400086587414124
20799,0.02524949368545271
20800,0.0015054117686463253
20801,0.9999122716636379
20802,0.08214844657483932
20803,0.6339164470808903
20804,0.054479764254798765
20805,0.9992982292290908
20806,0.9992426381385263
20807,0.28395557128056687
20808,0.6440814035931204
20809,0.016260824614238067
20810,0.013029723045275384
20811,0.002619451521213975
20812,0.9993496812754782
20813,0.00405983978131392
20814,0.28520113497347604
20815,0.9983116134577784
20816,0.011011067373404463
20817,0.02689660628918799
20818,0.20245373976933836
20819,0.004513628614066364
20820,0.9994659373673813
20821,0.016259231090389095
20822,0.9995225709038618
20823,0.9996431823673618
20824,0.44629864382376533
20825,0.05051399915785157
20826,0.9599791241331916
20827,0.27681535236211113
20828,0.8185147384162541
20829,0.009749600540326735
20830,0.28511065249469697
20831,0.0002149839376702674
20832,0.019160707410026585
20833,0.18074963581080186
20834,0.7655865630343236
20835,0.4084014958733048
20836,0.009305062049026033
20837,0.9997121867270569
20838,0.1839709609224018
20839,0.14109344454835446
20840,0.0069778840811187855
20841,0.999680889090472
20842,0.9997718305143011
20843,0.9998062692846335
20844,0.1599886840824381
20845,0.4486097679528861
20846,0.0016770238164233449
20847,0.04741211758701142
20848,0.36656388733083584
20849,0.7531538869404989
20850,0.006662819167542731
20851,0.010103460834595296
20852,0.9998441812431935
20853,0.24084702116171555
20854,0.9531687409806824
20855,0.009327590271199131
20856,0.031186154398279806
20857,0.004201495442648055
20858,0.17445849727980853
20859,0.650506821262667
20860,0.5355460972656961
20861,0.050557938541555776
20862,0.11949817619816545
20863,0.9113907261342316
20864,0.20324868566917365
20865,0.0675552616057212
20866,0.9044851119462053
20867,0.9139402213410402
20868,0.9602874154462431
20869,0.4975024153929344
20870,0.9987236992067033
20871,0.8614319812304505
20872,0.7312289204974618
20873,0.19778450037216372
20874,0.750952974457319
20875,0.1486618908257582
20876,0.02188638323221652
20877,0.018417576003317653
20878,0.36158836804582284
20879,0.7439043869194607
20880,0.12115165311391465
20881,0.27011762554199314
20882,0.04946149685948251
20883,0.01512380953377725
20884,0.0032211837864287666
20885,0.8431467684428914
20886,0.013037164414257955
20887,0.0002203899239735816
20888,0.37388643669650434
20889,0.001107377218652342
20890,0.02951015415402491
20891,0.22766201609188824
20892,0.11082228434040102
20893,0.9996980994003433
20894,0.6203510595018917
20895,0.006105988177977722
20896,0.03006772591091921
20897,0.02436231337450484
20898,0.8871360550908511
20899,0.0022240592902012094
20900,0.005530670256041706
20901,0.00028589385315043887
20902,0.0006483699534488984
20903,0.0064772527488092205
20904,0.8883951071287751
20905,0.0009439265700757397
20906,0.3301527573312333
20907,0.25817252793464074
20908,0.9997863721700495
20909,0.005034747416163557
20910,0.025178882333439442
20911,0.9997718305143011
20912,0.9998639023968607
20913,0.6912932458287117
20914,0.8521706248796503
20915,0.5811128952015113
20916,0.24756158307730092
20917,0.9965826142658347
20918,0.00014961246665276366
20919,0.9998219556284126
20920,0.6167024197107903
20921,0.11456341921404395
20922,0.05760003761408663
20923,0.43559154773100106
20924,0.024749819556833245
20925,0.004569877166588344
20926,0.0002102161479470942
20927,0.22456291373007775
20928,0.9994704296180155
20929,0.00893865698098732
20930,0.021443957553444803
20931,0.03403508766644969
20932,0.7549804800019545
20933,0.4788588558635464
20934,0.0651487709757969
20935,0.15675740873463162
20936,0.728392532285469
20937,0.9996062951574587
20938,0.1524790110989545
20939,0.9996365758420503
20940,0.00023142575533789642
20941,0.9994285616106388
20942,0.7809095639354066
20943,0.5870092689122386
20944,0.04728249446909926
20945,0.02363090261341093
20946,0.041838275589339634
20947,0.9971319501074999
20948,0.01573617973358144
20949,0.004801529604194779
20950,0.5544413349750255
20951,0.2981278196876859
20952,0.13995447238537284
20953,0.007711745452466381
20954,0.35542312219787586
20955,0.11422687280386373
20956,0.9999504658711689
20957,0.0003129084012784817
20958,0.012204356502544807
20959,0.5364856477195977
20960,0.5552653199446889
20961,0.5709908088405428
20962,0.0020689311352328128
20963,0.26501505528619257
20964,0.9883416361502647
20965,0.5147514488203353
20966,0.8918659392076541
20967,0.2536360561729776
20968,0.45719617506564547
20969,0.4373473973299892
20970,0.04721025321499621
20971,0.30272035311484413
20972,0.09087817624935549
20973,0.9994848693618307
20974,0.17949403848789622
20975,0.002488403925537448
20976,0.9996608488107642
20977,0.0004124333088865442
20978,0.9986229611510573
20979,0.9751366044845875
20980,0.010082310402103873
20981,0.4206598868485208
20982,0.1334724568031238
20983,0.03389365197756694
20984,0.0258767856844923
20985,0.01849580289450541
20986,0.0822225104062585
20987,0.9163566638095096
20988,0.9993711860036805
20989,0.7292907656430259
20990,0.015940703099840574
20991,0.001249796635644544
20992,0.042858533021058985
20993,9.907504071134975e-05
20994,0.23964434389977235
20995,0.06375390962575364
20996,0.9997843460828961
20997,0.999813541556598
20998,0.8851241539144461
20999,0.0016327545674940766
21000,0.5117504143176514
21001,0.0008934137438468304
21002,0.10517960347585809
21003,0.6624072004919668
21004,0.9993901049143069
21005,0.442738331882304
21006,0.8765721367248482
21007,0.9995321735965664
21008,0.7336559680638524
21009,0.09249652723217788
21010,0.03498800760390067
21011,0.9990051294527309
21012,0.011798976134360569
21013,0.48026586902896373
21014,0.36676734593926474
21015,0.0006562194380047844
21016,0.9922936229777242
21017,0.579975036706503
21018,0.12720593643371642
21019,9.257741940024619e-05
21020,0.654798507159584
21021,0.0071186088858109274
21022,0.152154511527686
21023,0.00011079191660071314
21024,0.06237994350598287
21025,0.7337014746985985
21026,0.999559144029639
21027,0.08990197562916112
21028,0.07556040317307339
21029,0.8721929363848383
21030,0.6598646775165382
21031,0.07283304753162839
21032,0.1885134710299886
21033,0.1568564375858895
21034,0.9411682190764435
21035,0.1730786467640189
21036,0.9986229611510573
21037,0.5603439955944629
21038,0.999715643345991
21039,0.4236041709914859
21040,1.1360321286297717e-05
21041,0.7141847435536324
21042,0.9995239414562674
21043,0.17316924237720857
21044,0.12849524207733437
21045,0.004341267058761083
21046,0.7024433214556609
21047,5.259585466922207e-05
21048,0.7731100105519635
21049,0.11822678426602604
21050,0.3472775212921464
21051,0.0002618071167333341
21052,0.03285432723931339
21053,0.9999266495401228
21054,0.10572974027049689
21055,0.9993853831723645
21056,0.6762012778306419
21057,0.0074782335359870914
21058,0.999559144029639
21059,0.9995617766552871
21060,0.000744265282038885
21061,0.5718173459380599
21062,2.9726506119975753e-05
21063,0.007859703522755146
21064,0.20222923470983606
21065,0.02006609824006087
21066,0.2321788402116284
21067,0.7940185385033194
21068,0.5562346478557304
21069,0.8556131360989768
21070,0.03348419624101304
21071,0.24593256415542633
21072,0.8257347522957754
21073,0.9995262668123734
21074,0.9995357236789374
21075,0.9997693236947158
21076,0.0002569649761661123
21077,0.9992037456674615
21078,0.0002123385154084829
21079,0.99836209650185
21080,0.1739418139395656
21081,0.9994900305169079
21082,0.15515000462770442
21083,0.0010375993401875543
21084,0.000707824892195779
21085,0.9997482309450332
21086,0.004096063320526307
21087,0.024648810716144352
21088,0.360756069183898
21089,0.2843566164404942
21090,0.9962605070266922
21091,0.046033169359819374
21092,0.33621792815207985
21093,0.06536040638298002
21094,0.05560967267717825
21095,0.8914258124324683
21096,0.0001240170758315046
21097,0.5624144924542175
21098,0.1811689507027029
21099,0.0002935700227175397
21100,0.9996174235648648
21101,0.4427901655379574
21102,0.006904970670164999
21103,0.12923327418233968
21104,0.8804536004016305
21105,0.06201434628248792
21106,0.08976818377328301
21107,0.05661553524110322
21108,0.6274621622264688
21109,0.07223918555137977
21110,0.004595673104318268
21111,0.8688883892162502
21112,0.0009755407084503617
21113,0.1695608163905111
21114,0.0016440216482472042
21115,0.07897431381229389
21116,0.00026712484856191045
21117,0.0025195428880705633
21118,0.6369036219894212
21119,0.6553517228191625
21120,0.011377399501871143
21121,0.0005317800949453547
21122,0.011201146626718133
21123,0.45047195484280295
21124,0.03223890701263593
21125,0.698159758189545
21126,0.7767031473374196
21127,0.029101624070384434
21128,0.9079294262183465
21129,0.5528500588262961
21130,0.33369802878065524
21131,0.9996997661328945
21132,0.09752947312730377
21133,0.9952788226401684
21134,0.445269228463307
21135,0.006087770166164346
21136,0.06551329639638058
21137,0.9996396881542292
21138,0.0029817998867110143
21139,0.0019962827666454752
21140,0.0005541316386881394
21141,0.633583060290356
21142,0.004364738613605859
21143,0.0005009192310822998
21144,0.4886980075695301
21145,6.88310692610602e-05
21146,0.0006445705695310895
21147,0.0016053133526320296
21148,0.9996128499844703
21149,0.2796324395046076
21150,0.8979279879177358
21151,0.8499716967413589
21152,0.9998963952931639
21153,0.9996811569143697
21154,0.0022395466832058606
21155,0.9997016419575802
21156,0.5656497377492427
21157,0.0039397363762797765
21158,0.0026094580584678554
21159,0.0055284193820609
21160,0.12464135834033022
21161,0.9998346221381011
21162,0.004106302769581105
21163,0.8539071505500394
21164,0.030476161821343
21165,0.005487915920732246
21166,0.12815038399630346
21167,0.2110854055085926
21168,0.32250213190746096
21169,0.9981913406033757
21170,0.017635742646081823
21171,0.036280328855071466
21172,0.5607844546604113
21173,0.0680046725375955
21174,0.08085173174694629
21175,0.012811512914993821
21176,0.06756649157771097
21177,0.0017157477692778275
21178,0.019531144469985006
21179,0.061371846007052054
21180,0.060805976646533366
21181,0.27531380204057343
21182,0.029159005983704717
21183,0.9999618893166523
21184,0.05427686447120629
21185,0.41428408231699126
21186,0.03137976256273056
21187,0.035879572108726915
21188,0.15761443725772833
21189,0.005863873187760242
21190,0.0025590560469252346
21191,0.01593611263515818
21192,0.8995116530304961
21193,0.0004227615279775049
21194,0.9992536236980566
21195,0.19735571701710644
21196,0.8563371731364735
21197,0.5094170230568319
21198,0.9999406475982288
21199,0.010998300872648505
21200,0.002578998388512045
21201,0.0002279572186256996
21202,0.05331505790541522
21203,0.0800595303517509
21204,0.059389426901538984
21205,0.001091379138182891
21206,0.8607791266686498
21207,0.05203651982573916
21208,0.004404776541576062
21209,0.803587102796115
21210,0.7408950563997896
21211,0.9965750147308478
21212,0.08198654896273459
21213,0.049948210782493174
21214,0.5261765251140131
21215,0.27417900843864973
21216,0.6411586203432134
21217,0.020538374428757306
21218,0.9999233312200146
21219,0.11438532713420504
21220,0.24880621398156036
21221,0.02503116046061822
21222,0.9276149739487326
21223,0.19609328034374407
21224,0.03372233683144089
21225,3.4295266510576516e-05
21226,0.024000804053372495
21227,0.23925061591207647
21228,0.3217971652800267
21229,0.005413373558420969
21230,0.0067301483440143205
21231,0.09405207150008184
21232,0.014804602272178408
21233,0.0003159908567458948
21234,0.034571323888053944
21235,0.01401694738282849
21236,0.00034870712434413126
21237,0.702252250626966
21238,0.39515516038187715
21239,0.0013459983614243032
21240,0.21328685841715556
21241,0.05137291542162244
21242,0.025532715945459517
21243,0.9996741839935197
21244,0.5422096105193194
21245,0.9998447780117197
21246,0.48642729523440825
21247,0.4026981231225538
21248,0.3851196802840657
21249,0.00010186597153112112
21250,0.49816969702632274
21251,0.9226929101430589
21252,0.000577783281918812
21253,0.8055619977789462
21254,0.023650402194510242
21255,0.28329244948303484
21256,0.7328715475584502
21257,8.88766957018532e-05
21258,0.006615643189895155
21259,0.002404063031596854
21260,0.0005249027597105265
21261,0.24328653713064935
21262,0.488580990050257
21263,0.548462208454267
21264,0.0037340852210376763
21265,0.00011351308154920213
21266,0.5298215563556801
21267,0.9995191986943253
21268,0.061353189278998896
21269,0.0006985983008512719
21270,0.005690786472125198
21271,0.16799595632495884
21272,0.5827204636803675
21273,0.36097781522424544
21274,0.027651387170225982
21275,0.17859197979886127
21276,0.6736946169688035
21277,0.15567667455251355
21278,0.37964425795006984
21279,0.8889218159117449
21280,0.9935620331737564
21281,0.44336967802128346
21282,0.9999567486955467
21283,0.001875642493501884
21284,0.03368297222308337
21285,0.12065919840786914
21286,0.2482568688010582
21287,0.7026713301274703
21288,0.9992505015344231
21289,0.9998672268658048
21290,0.9998411885134655
21291,0.1958938849787731
21292,7.927932766962288e-05
21293,0.01625742074112276
21294,0.11853811764300351
21295,0.04353373798117648
21296,0.5783080105883953
21297,0.01493450065339319
21298,1.214581459702551e-05
21299,0.0027816751003909633
21300,0.015380781971599812
21301,0.034694439978087854
21302,0.0002159260492262104
21303,0.004533421652854228
21304,0.11462752795837348
21305,0.0019008963887003816
21306,0.3374829631429905
21307,0.20580278356436205
21308,0.6725310998744949
21309,0.5155683905688008
21310,0.013175093665734775
21311,0.9995049538841312
21312,0.6405845764564526
21313,0.03372233683144089
21314,0.02927362313375695
21315,0.0014321845788266587
21316,0.011937290896095345
21317,0.004896359088571529
21318,0.19231085115118834
21319,0.0032886721454013696
21320,0.002201667955734869
21321,0.26981541286664296
21322,0.04689037113179848
21323,0.9992536236980566
21324,0.12211532720569934
21325,0.2630990101498649
21326,0.9981109703075488
21327,0.8521744722595854
21328,0.0014660481403863934
21329,0.9990051294527309
21330,0.9996167311830632
21331,0.13224756785236236
21332,0.32442743627520526
21333,0.006857062970138992
21334,0.28562231325809245
21335,0.0316601001998798
21336,0.11726705818366712
21337,0.048986493022830965
21338,0.9152932611536337
21339,0.008704804375728311
21340,0.014558072307400027
21341,0.18248385383124252
21342,0.36665783502333366
21343,0.7419704159900858
21344,0.025159619354800534
21345,0.6380593814035374
21346,0.9992256643503542
21347,0.9998970438633309
21348,0.8484417615290796
21349,0.0003280419529356196
21350,0.3804425254250765
21351,0.5126136721594199
21352,0.4604218915201209
21353,0.25834415339782674
21354,0.1275094743034531
21355,0.9993062598467874
21356,0.01311227902094402
21357,0.6646662537830108
21358,0.9998771574896798
21359,0.14401628909587721
21360,0.012449767726981446
21361,0.9998346221381011
21362,0.262578167714311
21363,0.0012809269616332847
21364,0.30615832133475746
21365,0.001628288654058666
21366,0.09417638930196484
21367,0.01453364781941177
21368,0.999925437185554
21369,0.7769593707517621
21370,0.7991619208874918
21371,3.5244525913906876e-05
21372,0.0009614757704663109
21373,0.9995296912168098
21374,0.8985796044036091
21375,0.30336486218236564
21376,0.8971366627255746
21377,0.9980890101028972
21378,0.9997052328962903
21379,0.7949085341751495
21380,0.006327270893481778
21381,0.6309371244209268
21382,0.5582013287320062
21383,0.959746278518245
21384,0.00022688879915527796
21385,0.025457620972241395
21386,0.9997533163785236
21387,0.002709064606686261
21388,0.9996788687464264
21389,0.05875162735746797
21390,0.3853984180091586
21391,0.0005487487241807076
21392,0.3720344108488244
21393,0.004502559761911115
21394,0.5970771573225779
21395,0.1426250551646366
21396,0.39179659789150123
21397,0.4742252900284085
21398,0.0648806504724316
21399,0.034232351764853085
21400,0.914902525029087
21401,0.0002787794744795591
21402,0.1692513131583988
21403,0.00012403391368270627
21404,0.039810901862781016
21405,0.13905003053654422
21406,0.9922936229777242
21407,0.15546942172389722
21408,0.015134470355626393
21409,0.0022120903225374793
21410,0.018846634949734212
21411,0.9984494579348531
21412,0.8310394677705903
21413,0.05980012173112219
21414,0.7192611336424369
21415,0.619650239801596
21416,0.6158028492786461
21417,0.08764830633843503
21418,0.3854054134370573
21419,0.04552874438920134
21420,0.00015771851481673912
21421,0.06918644849621346
21422,0.023975807995613198
21423,0.000197714911251981
21424,0.00403032636856106
21425,0.21409882429676036
21426,0.45614032356695
21427,0.23445199749458404
21428,0.2901703123671312
21429,0.001071195762628929
21430,0.9999364441705685
21431,0.9995391638962738
21432,0.9997827622947707
21433,0.14849332322411826
21434,0.999484515451382
21435,0.026242712693481014
21436,0.008340409251237389
21437,0.6722771831750276
21438,0.0017132888814148234
21439,0.7096932260188311
21440,0.9983836700433376
21441,0.02769916920585268
21442,0.0002473939324120372
21443,0.7074883497487906
21444,0.08531380423062211
21445,0.5793912936950649
21446,8.387085249051706e-05
21447,0.4281946710270732
21448,0.923175984751769
21449,0.6034980250481939
21450,0.9999907435230843
21451,0.6796527302083217
21452,0.3676352695532717
21453,0.00826999217885866
21454,0.09236657250934911
21455,0.002941275322036074
21456,6.115299818396781e-05
21457,0.08884396235858666
21458,0.00013991159966779976
21459,0.014785875589580099
21460,0.14274698369176875
21461,0.18194261743659843
21462,0.49466972908269974
21463,0.012157391218857554
21464,9.78556706337627e-06
21465,0.5197270204637896
21466,7.688400462074726e-05
21467,0.06635584944684847
21468,0.00015696915447944477
21469,0.08819990020008527
21470,0.04025867846136386
21471,0.00043124040960109046
21472,0.409210248980683
21473,0.9998411885134655
21474,0.07353954117500432
21475,0.9997987072234696
21476,0.00021158291458394624
21477,0.7968462013978567
21478,0.00029971611068529616
21479,0.04692053186712366
21480,0.08106988098821878
21481,0.07938863130204306
21482,0.19895076282733337
21483,0.0037426611571687815
21484,0.7743867797776119
21485,0.061028186437396416
21486,0.4657405018983514
21487,0.056864053593113195
21488,0.0007600587354544667
21489,0.018661796750906515
21490,0.03991415045717565
21491,0.4314837866745877
21492,0.9987236992067033
21493,0.9100539805553386
21494,0.9994823976019458
21495,0.030240567507045527
21496,0.999911546182346
21497,0.024766554739734662
21498,0.33781992020263046
21499,0.558506588381317
21500,0.1918323516739569
21501,0.18298469079557242
21502,4.084205485534731e-06
21503,0.28145032984953505
21504,0.046854901541887296
21505,0.6621160723697308
21506,0.01920725869527465
21507,0.02621278983034776
21508,0.0003271831770352416
21509,0.9996348334539058
21510,0.0060922441733579176
21511,0.6947349084603162
21512,0.0003389571158277668
21513,0.10567307791389274
21514,0.004895952513266573
21515,0.5081862756526457
21516,0.6631458876763445
21517,0.8603367817120728
21518,0.06429184459145958
21519,0.9995728033124269
21520,0.00023894748612070585
21521,0.969118964394088
21522,0.0020493067631354644
21523,0.07626159864662403
21524,0.60651461660231
21525,0.0006530602159827495
21526,0.00022868505166420474
21527,0.3554198583598709
21528,0.00014771706208011802
21529,0.011621630494125849
21530,0.009176880674317664
21531,0.01834372775211041
21532,0.5628332046869188
21533,0.09576581864379238
21534,0.007449416607606638
21535,0.009059937996310712
21536,0.29840433429852364
21537,0.9999050379667717
21538,0.0009218501205621022
21539,0.37746545419430716
21540,0.6432828966427728
21541,0.0027254415343205616
21542,0.1762221665284707
21543,0.0038941360981754308
21544,0.9621110403658051
21545,0.0007442071357316874
21546,0.00046714825071246286
21547,0.348636911714899
21548,0.49421389506161034
21549,0.025409701315555085
21550,0.0064503719531358895
21551,8.939023080463319e-05
21552,0.10013727083949764
21553,0.9990051294527309
21554,0.5878900672342346
21555,0.0001251746985480265
21556,0.9997498529679368
21557,0.34705949077087
21558,0.011305727745200882
21559,0.0019820049290530197
21560,0.02931187238249465
21561,0.9754469447489053
21562,0.0120593370297209
21563,0.7063347886863296
21564,0.004142899696473697
21565,0.6568633640635538
21566,0.0009510692459876338
21567,0.8006087911055485
21568,0.0023214037367705336
21569,0.30632737495872076
21570,0.43321121936485535
21571,0.7712326628310177
21572,0.36586395529830973
21573,0.2013113001705929
21574,0.003194538784911447
21575,0.0012233494435708854
21576,0.8024638493810652
21577,0.9959897155370504
21578,0.999814928456154
21579,0.016945501122131865
21580,0.017568326312193926
21581,0.1697066318147832
21582,0.9963831731241032
21583,0.003783169027463175
21584,0.08046744040455635
21585,0.3629097921601019
21586,0.0011163397513155493
21587,0.3359180881779557
21588,0.0012219186005571312
21589,0.9996761613971951
21590,0.047359569258564535
21591,0.14793159134416148
21592,0.08680855320535236
21593,0.9995293707008368
21594,0.16285528609882596
21595,0.22073600306942226
21596,0.13980642244777652
21597,0.999839854212449
21598,0.003111548521553716
21599,0.04863466517358672
21600,0.5774561640664958
21601,0.2256839846986569
21602,0.0010438101183263316
21603,0.5604477694478243
21604,0.7512422169580721
21605,0.8507827077947188
21606,0.9245491771984131
21607,0.0016771821080880452
21608,0.14004002437118915
21609,0.9996571114847964
21610,0.00011624506021429494
21611,0.999506138346977
21612,0.5813471312563422
21613,0.00015608751565951475
21614,0.9998611543394631
21615,0.024447641326158207
21616,0.018278797525863644
21617,0.9996980994003433
21618,0.7248345510129856
21619,0.02282462455444878
21620,0.21493841995454144
21621,0.9994900768075922
21622,0.29777304663218895
21623,0.9995544571490925
21624,0.006097331576925704
21625,0.029286246890252082
21626,0.9996780930018876
21627,0.0009695682005695932
21628,0.0004144641971449926
21629,0.015637887899149272
21630,0.06447876778394737
21631,0.007408726443448795
21632,0.1482582512605038
21633,0.9992291905912508
21634,0.10360440309204746
21635,0.9995047105160518
21636,0.8999369329019768
21637,0.8231650444138551
21638,8.507541012403405e-05
21639,0.2822023329128639
21640,0.9647875411064913
21641,0.24342487352095116
21642,0.0011230487933710529
21643,0.9999159977524122
21644,0.0011633445245417247
21645,0.04165919714376117
21646,0.520061989552392
21647,0.0004703524702289474
21648,0.01604252722703065
21649,0.006681755380836886
21650,0.0006808507369262951
21651,0.00043495983855738505
21652,0.9998372188811845
21653,0.6645954805064316
21654,0.9998447780117197
21655,0.0025977204665562216
21656,0.005634549453126549
21657,0.9999422736442072
21658,0.9999630265116695
21659,0.00016067018805893707
21660,0.20158243737364862
21661,0.27147637608967806
21662,0.999607241606399
21663,0.007523751428785618
21664,0.7001187186961315
21665,0.2473696361481255
21666,0.0001732972306717791
21667,0.999280903012029
21668,0.01131268065519151
21669,0.0028324474763312645
21670,0.7829539120838267
21671,0.9994823251242084
21672,0.0004525249126886661
21673,0.002173581243955007
21674,0.009998736830739955
21675,0.04317680470332306
21676,0.007548213719905981
21677,0.9993496812754782
21678,0.1939801634660359
21679,0.9997218758101527
21680,0.0027986171865753556
21681,0.5524716404048571
21682,0.77005546328377
21683,0.9550596195282787
21684,0.004172549003104119
21685,0.10381667467198824
21686,0.02356173164354071
21687,0.31109505649447056
21688,0.005438699620437307
21689,0.07725827698401783
21690,0.17431238039840524
21691,0.6205639846492075
21692,0.011747821023366386
21693,0.0015123620814186368
21694,0.6475926903511269
21695,0.01775892942521142
21696,0.011255223205074008
21697,0.1333399442448676
21698,0.00035836250005215657
21699,0.743652661313021
21700,0.006554716344678587
21701,0.0001977779009218892
21702,0.02412290450980259
21703,0.04303515130293422
21704,0.05088524127365775
21705,0.9996963922445339
21706,0.8060000877502708
21707,0.7187462754359901
21708,0.052533113284610036
21709,0.2652190574767089
21710,0.00019731316040679303
21711,0.8671768467021351
21712,0.008668222619174016
21713,0.9998615057030716
21714,0.9996682067600998
21715,0.018018122150367463
21716,0.2005431788802359
21717,0.10434413545699489
21718,0.5787893295645692
21719,0.9997981490055415
21720,0.9997404932194537
21721,0.19329212153399608
21722,0.01846874744075847
21723,0.04402862028137734
21724,0.937548526792239
21725,0.015470383300811625
21726,0.8933679352846187
21727,0.999742937101724
21728,0.9992882155169946
21729,0.5224442775102807
21730,0.9995487852558396
21731,0.49296658638135427
21732,0.00027661521300441973
21733,0.25117987318355284
21734,0.3141079360329315
21735,0.07128606795084798
21736,0.0024149950039826875
21737,0.09734965570762476
21738,0.9990051294527309
21739,0.12667386420187632
21740,0.30931892580562115
21741,0.4083888125767116
21742,0.5071755004152502
21743,0.00018413038333314673
21744,0.29894529899224215
21745,0.17837277893315615
21746,0.3885325656481645
21747,0.004509445566623589
21748,0.7762048312369966
21749,0.38009905468813676
21750,0.11899282443500904
21751,0.9934940467344698
21752,0.008089720762153932
21753,0.0004548468935052814
21754,0.6004399428221897
21755,0.21363294462888194
21756,0.0007475542361526832
21757,0.4728764447535026
21758,0.0407964801075861
21759,0.05751999997169445
21760,0.008624860267644394
21761,0.5782069384262817
21762,0.6983282962459219
21763,0.027646080874496007
21764,0.0015705302375865042
21765,0.007106474799492312
21766,0.9998452880340445
21767,0.9994848693618307
21768,0.2850793263519296
21769,0.0657653499537941
21770,0.7933731943447505
21771,0.0036585344060823936
21772,0.8853760545318139
21773,0.04726824312670836
21774,0.00042437390815524705
21775,0.0027046940448883427
21776,0.0001266913350835102
21777,0.03487312464720457
21778,0.7529150474680385
21779,0.4566476199249813
21780,0.00152081173813996
21781,0.003279960199687046
21782,0.014558881157308745
21783,0.7416214606483316
21784,0.30626045974510807
21785,4.601363988965105e-05
21786,0.7851816979137471
21787,0.502055430778337
21788,0.00038538703790521055
21789,0.15168668192393012
21790,0.23661769353485038
21791,0.8110744273213478
21792,0.04815422528961129
21793,0.2788372327624671
21794,0.9997128906389872
21795,0.09355240753068363
21796,0.07469026654579919
21797,0.009428904225092632
21798,0.9987236992067033
21799,0.020069138523392642
21800,1.1581572540108859e-05
21801,0.009927497269628969
21802,8.247624483515804e-05
21803,0.9987540749782311
21804,0.509830562511488
21805,0.07795653582422937
21806,0.040702998702702185
21807,0.0014731291266183724
21808,0.027137041977367455
21809,0.01998965930028359
21810,0.12430086462810565
21811,0.0015830389158827127
21812,0.01474277270192153
21813,0.8760089104372897
21814,0.9993410951481452
21815,0.004717364978392845
21816,0.08767776110046645
21817,0.9115045960789042
21818,0.022254511520271816
21819,0.49411311362978805
21820,2.809726501990564e-05
21821,0.3202457688157557
21822,0.00013244250789202122
21823,0.025817969189546295
21824,0.011445442684525086
21825,0.9994947603848401
21826,0.11273149031636791
21827,0.5197270204637896
21828,0.23271777025981116
21829,0.8914258124324683
21830,0.15575862440163274
21831,0.008980407196159982
21832,0.031094206056488386
21833,0.5496563495969523
21834,0.2403686004843123
21835,0.2611075884189196
21836,0.7513447963364529
21837,0.6714673675392157
21838,0.025886586215870793
21839,0.0024691622661404955
21840,6.957065286666897e-05
21841,0.8692090465834243
21842,0.0006808507369262951
21843,0.09720958099128699
21844,0.26498429042889304
21845,0.6508008132794533
21846,0.025880129762528545
21847,0.025061137720193145
21848,0.04396469127637795
21849,0.9650287132740062
21850,0.14240136317219884
21851,0.00867202646935655
21852,0.3108058394299558
21853,0.06073640436084818
21854,0.021537058661302726
21855,0.9995227362796865
21856,0.3539992941631417
21857,0.4763753577800593
21858,0.012561851692855864
21859,0.35760237233531156
21860,7.22146417115431e-05
21861,0.013354735964416874
21862,0.004815030192875023
21863,0.00889454185880469
21864,0.21891699820150762
21865,0.26896620546364974
21866,0.9996283021450161
21867,0.9993760985405767
21868,0.9991507841673286
21869,0.9992680655927223
21870,0.8000807015540518
21871,0.9998722786759866
21872,0.6867221345577919
21873,0.7975489523430945
21874,0.032205614605995976
21875,0.09510266742889716
21876,0.005164245377219552
21877,0.5957621362617863
21878,0.007992883617296623
21879,0.7561411672387645
21880,0.2172790544632958
21881,0.30675424670934415
21882,0.06775701578696489
21883,0.8029773396009767
21884,0.6595051011296295
21885,0.07324993123683984
21886,0.8356123909804763
21887,0.002050468172602063
21888,0.07085241102829223
21889,0.4043067959227532
21890,0.44695641092760097
21891,0.999164793194341
21892,0.00754850206597919
21893,0.009814065387659268
21894,0.30877311510066924
21895,0.9994314362506218
21896,0.6228574062818366
21897,0.17805078019818965
21898,0.9306972664397833
21899,0.00861467010116454
21900,0.9614610458280478
21901,0.22049292431364745
21902,0.006220096780377267
21903,0.9989778274857618
21904,0.7642283525813576
21905,0.25949563852813795
21906,0.006002033200372108
21907,0.9337038990361565
21908,0.008962322884985004
21909,0.6059379011531787
21910,0.2837760788415919
21911,0.07106646226860744
21912,0.8838090113223851
21913,0.23642858417033782
21914,0.30822131524862545
21915,0.184952827911345
21916,0.11661272330728463
21917,0.9306618749919771
21918,0.1402094975364645
21919,0.01146592698505069
21920,0.9996511541797248
21921,0.0009510692459876338
21922,0.03641640009908868
21923,0.9996655264180665
21924,0.2791917329020389
21925,0.008992007202705076
21926,0.0014638816476853869
21927,0.022128225419088675
21928,0.04291195648493177
21929,0.9572432095799961
21930,0.0035320941070947987
21931,0.7731844365856857
21932,0.41354891876356353
21933,0.009419493431787974
21934,0.7950928026949566
21935,0.9962900722714373
21936,0.07899762716428246
21937,0.12863281330256313
21938,0.25458420892049777
21939,0.0036637934430602
21940,0.001401678536389356
21941,0.01120028720156247
21942,0.00043008077992517533
21943,0.030261096496731005
21944,0.1971402722062293
21945,0.00034673939925680984
21946,0.9999459325614675
21947,0.015202384858076954
21948,0.02868231438960891
21949,0.9973247695642079
21950,0.999515879975246
21951,0.9994847650415528
21952,0.9993805618947154
21953,0.008364514297485784
21954,0.9998347857388117
21955,0.02819258064891896
21956,0.9998322125623884
21957,0.07927896227499082
21958,0.0001221663805704481
21959,0.00034188178303180995
21960,0.14902097385252763
21961,0.0059866756238101445
21962,0.8029773396009767
21963,0.26440824190731954
21964,0.9987236992067033
21965,0.7776282251753796
21966,0.0030720043562907826
21967,0.06478251020935877
21968,0.5259927988058062
21969,0.048723562741477905
21970,0.020976177311419306
21971,0.38200769313347444
21972,0.0017528140909744557
21973,0.00018674757163568184
21974,0.9568413869418714
21975,0.25307717871887897
21976,0.07556040317307339
21977,0.83367819943354
21978,0.5617668505526955
21979,0.8656395987879147
21980,0.018987581358239785
21981,0.3946022372229415
21982,0.7163860387803959
21983,0.6576412687503796
21984,0.24323840463278845
21985,0.13829337771436584
21986,0.12887881583168895
21987,0.8699593792385124
21988,0.2980393569107884
21989,0.00024416504578915867
21990,0.5104724882925586
21991,0.8918659392076541
21992,0.9991903044603065
21993,0.5103487177989341
21994,0.9996775520486391
21995,0.021040319720215243
21996,0.5750134301541597
21997,0.021059289291457152
21998,0.004524323000316514
21999,4.061754030881396e-05
22000,0.37740402256996003
22001,0.000717070118746423
22002,0.017622418876912266
22003,0.015925706114488705
22004,0.814751992253856
22005,0.08402427355404364
22006,2.451452503637669e-05
22007,0.0002833406434411514
22008,0.0851187730683137
22009,0.852478150604115
22010,0.8032954370860007
22011,0.44735542168432885
22012,0.3225891557551455
22013,0.05485904117223644
22014,0.9994848693618307
22015,0.8097274619739808
22016,0.00015104710519130268
22017,0.9996163273617402
22018,0.16522391095082942
22019,0.02357227034028103
22020,0.020842719509228926
22021,0.06237931903839461
22022,0.08681986823730241
22023,0.999691346889872
22024,0.00016651891089134902
22025,0.3292028834303158
22026,0.7974503510215705
22027,0.00010099086087117
22028,0.19700013649756645
22029,0.020770179112365006
22030,0.9980264580957812
22031,0.9996456703118978
22032,0.0034955893443196035
22033,0.45429529508346506
22034,0.0002127070085213108
22035,0.5999394175503976
22036,0.17509707843293565
22037,0.07339309037588715
22038,0.8767868887762144
22039,0.6176901982775022
22040,0.9994996229572392
22041,0.011916841578270955
22042,0.999532300468535
22043,0.029082008790731133
22044,0.00043436136718860013
22045,0.003715951518714531
22046,0.9994314362506218
22047,0.006387733986189992
22048,0.9996114433097345
22049,0.017928662241907655
22050,0.0014118575370971151
22051,0.3329204011529933
22052,0.9108365001061176
22053,0.41933690118254957
22054,0.93882954144828
22055,0.6081351781758504
22056,0.009853214635608827
22057,0.24257380667478104
22058,0.0002672902804083001
22059,0.7722201586366781
22060,0.27645522235782943
22061,0.0003928836888684599
22062,0.9742184045444526
22063,0.999837012811801
22064,0.028003576635703027
22065,0.023709397495183145
22066,0.9991507841673286
22067,0.027595653095642225
22068,0.019364200808802766
22069,0.6841147977254519
22070,0.003894641984332404
22071,0.003122351917844856
22072,0.47167716232114326
22073,0.00020709588397559825
22074,0.017975714763657603
22075,0.0003103417011334583
22076,0.00022984022114073738
22077,0.9323928399389424
22078,0.008131150905134438
22079,0.2350773663555164
22080,0.8190441459717808
22081,0.003935414744962496
22082,0.9998611543394631
22083,0.018630780702671608
22084,0.9998445137181696
22085,0.03691412650188905
22086,0.0007383497710794231
22087,0.583729313524498
22088,0.8289172541752698
22089,0.9338497508261346
22090,0.15984244600467773
22091,0.06381502757238787
22092,0.9993711860036805
22093,0.7337855355542598
22094,0.0746417876939092
22095,0.0002167648087337365
22096,0.01407985461772032
22097,0.28753808919072427
22098,0.0866678790420627
22099,0.0007989757320533005
22100,0.00041040235814912335
22101,0.999515879975246
22102,0.5995838995748031
22103,0.008630582833215189
22104,0.07346375313864834
22105,0.006280524112696533
22106,0.02655841753616143
22107,0.5868839107097719
22108,0.9139823192127016
22109,0.1623282684522317
22110,0.4049954771591993
22111,0.9997374775896319
22112,0.7574695423876803
22113,4.384741561040949e-05
22114,0.9762387261945297
22115,0.00893865698098732
22116,0.9982907689073789
22117,0.5841289109238818
22118,0.19883802366126047
22119,0.3864970432765587
22120,7.17228585398468e-05
22121,0.8721929363848383
22122,0.009030042159742986
22123,0.006164372109649161
22124,0.41301597628913544
22125,0.7272809875826581
22126,0.008214872600589649
22127,0.9623561461012723
22128,0.00901656641127284
22129,0.8189659683357532
22130,0.031943082375276426
22131,0.0003584539460468943
22132,0.33627576177609153
22133,7.704658018240138e-05
22134,0.004507529674495846
22135,0.6773477174601614
22136,0.9918120970288381
22137,0.17316620323080834
22138,0.3922284359636998
22139,0.00022682975302287147
22140,0.960711244409998
22141,0.7886129300575673
22142,0.5273728160293726
22143,0.04291195648493177
22144,0.3659568323632644
22145,0.9994807358729794
22146,0.8377344070771336
22147,0.12032128878231726
22148,0.001171542598147632
22149,0.20380570445667404
22150,0.459064983688084
22151,0.00018011306028172994
22152,0.018662157516096463
22153,0.08696062797485374
22154,0.03236496060207006
22155,0.057558669013087226
22156,0.14016314733010526
22157,0.04046403823850479
22158,0.5305382326071878
22159,0.0002545277676096745
22160,0.553128887505802
22161,0.5197270204637896
22162,0.029074845826638537
22163,0.008954766253816533
22164,0.12523368742324117
22165,0.27359713702696015
22166,0.6806972996038424
22167,6.0879343526412914e-05
22168,0.70972548118471
22169,0.00025065915117611294
22170,0.01796501020251472
22171,0.9162731669453426
22172,0.0057371866522146694
22173,0.5113756232372428
22174,0.018675394606086384
22175,0.9500622608588816
22176,0.11351604626904792
22177,0.6616822627912893
22178,0.3585279763328127
22179,0.9997702118324852
22180,0.5097478512813262
22181,0.0006483699534488984
22182,0.016172893595369844
22183,0.0011820419787787963
22184,0.10795159310150734
22185,0.008407393470895712
22186,0.627790038963057
22187,0.25480611637098133
22188,0.03824616671783315
22189,0.03923884914070023
22190,0.08835209664403189
22191,0.999515879975246
22192,0.1588953491826834
22193,0.7033059148443237
22194,0.002203741295101652
22195,0.1355098657588907
22196,0.6006084577649632
22197,0.999164793194341
22198,0.00024734387892295386
22199,0.6907345385161423
22200,0.9185639509721217
22201,0.9999208904857733
22202,0.5063568159696419
22203,0.9998961760461855
22204,0.969118964394088
22205,0.006264348543222817
22206,0.9995536881494053
22207,0.00016241463811697462
22208,0.00010218043552562511
22209,4.24348831813782e-05
22210,0.13776643556324056
22211,0.8468535680724226
22212,0.003489561134919666
22213,0.18201620013135528
22214,0.999715643345991
22215,0.14927917685084
22216,0.996948163535284
22217,0.006433481476169637
22218,0.059067330914932395
22219,0.007049657151847535
22220,0.9640550935300264
22221,0.016464544005993557
22222,0.3896459817688295
22223,0.38860613495898644
22224,0.21605819372110838
22225,0.0006721111799635913
22226,0.00037256917203287466
22227,0.7291037351230318
22228,0.002565061311096537
22229,0.7986140737286639
22230,0.776672583014227
22231,0.022942789020575446
22232,0.9997421658299348
22233,9.329624253238649e-05
22234,0.15248545214182802
22235,0.08810447186916995
22236,0.0003272310581610586
22237,0.004238358137489683
22238,0.09950121734400146
22239,0.010396236914578546
22240,0.257996557420331
22241,0.03323042990009179
22242,0.5033494681414569
22243,0.15692170988212628
22244,0.022148552729602006
22245,0.23123801826397306
22246,0.9990222878533459
22247,0.0003541283204424246
22248,0.25706613079118346
22249,0.8680098174199709
22250,0.012317859349972649
22251,0.4212784156931543
22252,0.8594542191744076
22253,0.9995743746884126
22254,0.14895237300111697
22255,0.7450855897311685
22256,0.6587870305835497
22257,0.280826812899966
22258,0.9994706120060642
22259,0.005361569169345994
22260,0.12915528079590807
22261,0.00406693559933053
22262,0.1980877680421739
22263,0.7547660605143959
22264,0.02189198717135386
22265,0.8845330171784145
22266,0.013745844217811477
22267,0.7646090039711554
22268,0.0024917270853538572
22269,0.8480641371045023
22270,0.2618446841282068
22271,0.0003980338062293174
22272,0.0032856184679945313
22273,0.12655200673268688
22274,0.005437203406417745
22275,0.7545598714652558
22276,0.9976380575800631
22277,0.24385143885112587
22278,0.9997981490055415
22279,0.49296658638135427
22280,0.0133970597898829
22281,0.17142115367384544
22282,0.00011531087187967733
22283,0.7675034656581247
22284,0.0025998671783127054
22285,0.9992536236980566
22286,0.0003874667690358925
22287,0.08516704998951519
22288,0.2902341193946159
22289,0.6526339100624106
22290,0.89213013724981
22291,0.014659181461610889
22292,0.9996608488107642
22293,0.1288108582637248
22294,0.3549655294984679
22295,0.8161734221272657
22296,4.3621243412905264e-05
22297,0.09191616192470842
22298,0.002534393285308403
22299,0.9270723720186174
22300,0.32598144807772583
22301,0.04227886999912327
22302,0.9996796668678835
22303,0.7829987324360963
22304,0.6825439302021166
22305,0.7670576035860129
22306,0.3019117207674318
22307,0.3093716458124515
22308,0.0021182294326626203
22309,0.0017253584597679559
22310,0.021661078065807485
22311,0.4560891461491104
22312,0.10918674982435009
22313,0.9996829977336692
22314,0.9470602337592977
22315,0.04312525870117434
22316,0.6073809172114971
22317,0.06559011376705284
22318,0.003181658815625294
22319,0.030878666215887855
22320,0.0006420675501356046
22321,0.19060169137485947
22322,0.6998755803941599
22323,0.00023793026844832744
22324,0.7641859563447073
22325,0.9994832696495052
22326,0.7134776458240619
22327,0.6221250126314741
22328,0.23756075887708045
22329,0.0005945130573200894
22330,0.018864806313636528
22331,0.00031745116470059697
22332,0.007526137411289356
22333,0.05718139162814726
22334,0.004655045765195258
22335,0.9289305379636904
22336,4.966982774649631e-05
22337,0.031221135941584353
22338,0.463716446357684
22339,0.9997284761514553
22340,4.016451711584949e-05
22341,0.0064754341796296345
22342,0.30638318761224653
22343,0.003798366342680223
22344,0.9999630265116695
22345,0.08743630505994487
22346,0.8460290123289389
22347,0.985549645812991
22348,0.999396684619105
22349,0.9986321627939515
22350,0.7044821610536769
22351,0.48545984081780397
22352,0.00020733001206848316
22353,0.404840095579764
22354,0.7905405341413715
22355,0.01662435348188353
22356,0.08172305554735845
22357,0.1454331381191032
22358,0.9222995864492051
22359,0.008135605270215165
22360,0.999911546182346
22361,0.032440441377302134
22362,0.11460953428490948
22363,0.0004057155211626108
22364,0.5627380992423591
22365,0.08332698469050429
22366,0.8999693688859699
22367,0.1537050250030587
22368,0.19969101427536431
22369,0.5013213888507891
22370,0.2586982258855662
22371,0.052671921496156675
22372,0.09714423190704491
22373,0.9993496812754782
22374,0.42726558590866726
22375,0.9995899050703184
22376,0.19085979629946676
22377,0.0038376964220455207
22378,0.9595789825717692
22379,0.00801277517152266
22380,0.014180568773670216
22381,5.758787551236509e-05
22382,0.7424321293527384
22383,0.06471363380987359
22384,0.16739663554154122
22385,0.9999485596430436
22386,0.17776362425475523
22387,0.05044725888973385
22388,0.8369394849743504
22389,0.5215649024309227
22390,0.9994847650415528
22391,0.2947935590346953
22392,0.0072837752181103945
22393,0.08608688048091753
22394,0.0048189101756489034
22395,0.1448087090804396
22396,0.0035621669718592193
22397,0.38252300102391745
22398,0.02046963378092747
22399,0.9995473273360095
22400,0.7782674048153786
22401,0.9529527342119999
22402,0.8530589426300235
22403,0.22871624838347843
22404,0.04865588394874356
22405,0.9997229510364227
22406,0.030138095635815057
22407,0.018971691240871034
22408,0.9996365758420503
22409,0.009948512639144758
22410,0.017594789898773652
22411,0.00893865698098732
22412,0.0002874313034832021
22413,0.00029203407368881735
22414,0.8207611258371413
22415,0.9981478901182191
22416,0.9996682067600998
22417,0.004168166337791698
22418,0.7089521404811134
22419,0.35370715041454687
22420,0.008847092765233086
22421,0.9996456703118978
22422,0.2468303849433419
22423,0.08352573339529619
22424,0.8427072744549399
22425,0.002173087223595877
22426,0.0013410595073317627
22427,0.9993759122419318
22428,0.7484530961351074
22429,0.9997134260055291
22430,0.00027468993957318976
22431,0.0014122923446807485
22432,0.9997678009770118
22433,0.3322996416331173
22434,0.005833663978685109
22435,0.9996571172304456
22436,0.0009777998037845763
22437,0.30920757415536293
22438,0.9998347857388117
22439,0.9998944236800902
22440,0.9963831731241032
22441,0.0006915271585497976
22442,0.958906568666971
22443,0.1571484026955429
22444,0.99968254703227
22445,0.12677607566824572
22446,0.43731684755086614
22447,0.41423421273130356
22448,0.30957184633554513
22449,0.9088827047485682
22450,0.9999807954951554
22451,0.05170541206366578
22452,0.0015593315264119598
22453,0.016245663878969745
22454,0.9998125000902157
22455,0.013232331615564887
22456,0.999839854212449
22457,0.0005878898591440798
22458,0.9999630265116695
22459,0.006494165994798445
22460,0.9992499768088454
22461,5.926142854809722e-05
22462,0.003512882500589012
22463,0.008732619109458635
22464,0.722589010348967
22465,0.5197270204637896
22466,0.9995781819570394
22467,0.9996179000581937
22468,0.00014364779967115924
22469,0.7870975351685888
22470,0.5387773381147374
22471,0.9999471619643481
22472,0.08317522564574982
22473,0.2371981996972349
22474,0.0410606743744953
22475,0.017593829322530195
22476,0.45838273168160715
22477,0.6953289596526909
22478,0.230164888282336
22479,3.2289866548978436e-05
22480,0.3295993294340378
22481,0.3200711318936897
22482,0.9534519947972064
22483,0.03411842047505862
22484,0.9998814695025698
22485,0.004123778611395111
22486,0.06425339056920173
22487,0.004147661542449542
22488,0.1258361706197271
22489,0.0007081669475908282
22490,0.795581396573033
22491,0.9998398776075168
22492,0.11627877285488249
22493,0.12683524678548297
22494,0.5567078261135724
22495,0.653027445402385
22496,0.5090526234179392
22497,0.8961358751499434
22498,0.01255161323144018
22499,0.05026207859181024
22500,0.9599791241331916
22501,0.18843648627894463
22502,0.2823658527631505
22503,0.8186215276735835
22504,0.007060974930097419
22505,7.382698198150949e-05
22506,0.014117219804649092
22507,0.038407070125928124
22508,0.1839322360912789
22509,0.000751110677008663
22510,9.813297928623004e-05
22511,0.001415752181878116
22512,0.39594013202119477
22513,0.027131078721371348
22514,0.6700178932155102
22515,0.9996182826875794
22516,0.021002861618671407
22517,0.8624661671978958
22518,0.9982738141711266
22519,0.10885707094006397
22520,0.10074864656621943
22521,0.0030000716242711586
22522,0.00017902393919703915
22523,0.0030791237407957277
22524,8.103743394575978e-05
22525,0.0027071335691710025
22526,0.4361681665619982
22527,0.009649052719508784
22528,0.8095159543145456
22529,0.6551827180906041
22530,0.6557900165104229
22531,0.9600084024143033
22532,0.0037479573395181646
22533,0.0017799416350634217
22534,0.9995739621556083
22535,0.29639029604119904
22536,0.13428625449730705
22537,0.021342073688962414
22538,0.005344774514695568
22539,0.00023263897842372785
22540,0.4628242800217978
22541,0.7894235695746735
22542,0.45315101341849273
22543,0.7216540776434899
22544,0.7065867729867075
22545,0.7400342065467787
22546,0.0008101630298890666
22547,0.006434680711748042
22548,0.7807469172792562
22549,0.8937447892533186
22550,0.8750250200995509
22551,0.22954403338768758
22552,0.2662704697173561
22553,0.5573140413006512
22554,0.7886049578964036
22555,0.005500548737139614
22556,0.04544145504976082
22557,0.04010836365638895
22558,0.05400038185434847
22559,0.9990839857298036
22560,0.09183997891575918
22561,0.004366997662318661
22562,0.35319600669202655
22563,0.9335213905970327
22564,0.006165919987644831
22565,0.9993571825958766
22566,0.7801133356800635
22567,0.0001796463497667432
22568,0.00929877861249286
22569,0.999990596746921
22570,0.999909619079461
22571,0.0009067567374512968
22572,0.056012631268371534
22573,0.002421779558091239
22574,0.4192950954406678
22575,0.17804587412503753
22576,0.1782628411763331
22577,0.143239252455812
22578,0.23144198819252484
22579,0.0005930684456119348
22580,0.9470605181926358
22581,0.42141295420265235
22582,0.1977044006264991
22583,0.999555370523253
22584,0.48536683128461217
22585,0.19628235884972017
22586,0.0008288631929460106
22587,6.693895706279946e-06
22588,0.7917430563898998
22589,0.27050732283472295
22590,0.9997814102038588
22591,0.9995239414562674
22592,0.02620311370334077
22593,0.13041377638805715
22594,0.00011964611748361377
22595,0.0006310090090263745
22596,0.9975633972721326
22597,0.0030216870375995575
22598,0.011476505926067521
22599,0.006503514334514009
22600,0.3457841285387661
22601,0.0014231276027108935
22602,0.6553724201335206
22603,0.15363421200243896
22604,0.02390485545664981
22605,0.0226704614718538
22606,0.004166035072156832
22607,0.17065012909342742
22608,0.00719332437223573
22609,0.0021455391811621067
22610,0.03425472455054845
22611,0.27898086815771767
22612,0.3593109023159597
22613,0.04576864516760837
22614,0.00012541797524556804
22615,0.999816528563738
22616,3.724173341047405e-05
22617,0.06374680419540991
22618,0.9996829977336692
22619,0.8989707532424637
22620,0.004238749349564086
22621,0.009998736830739955
22622,0.037991711443280896
22623,0.21683290081037063
22624,0.15381343861914687
22625,0.01904676869244355
22626,0.05082650631150379
22627,0.07769747484584624
22628,0.9045863730181967
22629,0.7387243041931841
22630,0.9999678697908694
22631,0.06420813831569791
22632,0.6561491311329174
22633,3.779504110692916e-05
22634,0.18881248810742526
22635,7.358073872699628e-05
22636,0.9995834418875225
22637,0.2697550913741219
22638,0.003893031911372737
22639,0.05416987571976782
22640,0.0038374627467808987
22641,0.07874482100095642
22642,0.0038712101064384678
22643,0.03942474449269487
22644,0.0015542652224418997
22645,0.0020877833763871673
22646,0.7112510327346636
22647,0.539161329559626
22648,6.784384384801948e-05
22649,0.062406754774544194
22650,0.996948163535284
22651,0.6000955075823413
22652,0.019275714509080683
22653,0.9998970438633309
22654,0.0003348236646971768
22655,0.01127336532201231
22656,0.9992567833984433
22657,0.24722823142015243
22658,0.6901631290464914
22659,0.002722905951551324
22660,0.3201769247742267
22661,0.3759702408610385
22662,0.9996786040118752
22663,0.23040731536916695
22664,0.999344273166265
22665,0.9578391537916002
22666,0.0002690286234215064
22667,0.38448345146011087
22668,0.0009703576622717053
22669,0.005690794354340228
22670,0.9568413869418714
22671,0.08334112107928367
22672,0.03021395816567567
22673,0.8745783653589483
22674,0.01990354122295177
22675,0.3193791429938584
22676,0.3775372452229303
22677,0.02265420533799279
22678,0.13804164222253312
22679,0.8127106306404925
22680,0.8641421898631091
22681,0.0009885036004741304
22682,0.10114832762283024
22683,0.42195536753950746
22684,0.4582521431209597
22685,0.9992803795967115
22686,0.19251705456447565
22687,0.0007102087322611162
22688,0.9995607346868597
22689,0.0002520062310693694
22690,0.14068586133627106
22691,0.00278106217898439
22692,0.010591835010402081
22693,0.9997284265958364
22694,0.002391983828891959
22695,0.022363145769371796
22696,0.9957682028738455
22697,0.6366715773568765
22698,0.004248353580826313
22699,0.00018876853460170388
22700,0.01343857720950217
22701,0.8901393931174557
22702,0.9996829977336692
22703,0.9992230467861625
22704,0.7894474712784503
22705,0.9996571114847964
22706,0.8840884058373358
22707,0.7777007689352878
22708,0.9976380575800631
22709,9.768494907286216e-05
22710,0.9635621218721834
22711,0.007540810586698944
22712,0.002498817253157791
22713,0.0018669549673195126
22714,0.0010791927239899113
22715,0.2574667924104884
22716,0.2391938837355823
22717,0.9625765067204827
22718,0.01839126641775805
22719,0.0005188889134018841
22720,0.243737422242419
22721,7.16774600121336e-05
22722,0.9997410948863343
22723,0.6983820264697627
22724,0.0006884505133939757
22725,0.9999270451740746
22726,0.9995703846977534
22727,0.35288220418209215
22728,0.0036107635006353564
22729,0.00015608751565951475
22730,0.01044307590539343
22731,0.10999650381985411
22732,0.9998247634448995
22733,0.8130500247637642
22734,0.6039398980539747
22735,0.010072730218971438
22736,0.010377187682880937
22737,0.6212047240309533
22738,0.0004950758737170184
22739,0.025280763211399056
22740,0.8130500247637642
22741,0.7504449405655751
22742,0.7868869915827453
22743,0.002993974717972298
22744,0.10508483507530722
22745,0.0021022486291919188
22746,0.9999270451740746
22747,0.537236488554828
22748,0.9028741119691662
22749,0.0008270634255810176
22750,0.999409621151641
22751,0.0572426699676294
22752,0.6021894478528489
22753,0.2844498765304111
22754,0.23439066472108117
22755,0.8263274486597286
22756,0.00037789749922375286
22757,0.00030109793685385714
22758,0.0036234564355168974
22759,0.2813943791352849
22760,0.005772986786877673
22761,0.9984362597658446
22762,0.07743398847039379
22763,0.0009766427032969571
22764,0.0055816304593420876
22765,0.6414226535394212
22766,2.3871680172534613e-05
22767,0.9994285616106388
22768,0.007885906232287817
22769,0.653076649701029
22770,0.2021599926679944
22771,0.5030467439087531
22772,0.9622669971294187
22773,0.000579842291989833
22774,0.022096731292201043
22775,0.9985585795495608
22776,0.33667255057636214
22777,0.05508446791580714
22778,0.9411480738223279
22779,0.999522859096116
22780,0.008854406031077284
22781,0.08509298632667556
22782,0.07117127089179943
22783,0.6815179086458037
22784,0.887350111043531
22785,0.06691418022611803
22786,0.2065333049499906
22787,0.9848508184283099
22788,0.9992723524338993
22789,0.0010169035977231405
22790,0.044203015373128776
22791,0.9981819221075515
22792,0.7129803520661344
22793,0.5073034545914513
22794,0.9975863398346921
22795,2.2357734907470033e-05
22796,0.27921458503509183
22797,0.4367054795053514
22798,0.12938194683515766
22799,0.7359190708368868
22800,0.6029513095108009
22801,0.042777524620825784
22802,0.9998690334312649
22803,0.0012824519936547557
22804,0.3161144548335003
22805,0.013985517328853649
22806,0.6742438189746826
22807,0.0008976527575534449
22808,0.0014968998260254296
22809,0.7184143887031682
22810,0.27542168811833784
22811,0.33303286511199187
22812,0.048076295311930986
22813,0.060356720627153276
22814,0.12087290343288945
22815,0.5097347385828526
22816,0.8901875664250708
22817,0.0009703281839986073
22818,0.001727363176020551
22819,0.24641318558774766
22820,0.09574336862219891
22821,0.00010912053477055974
22822,0.12444243214847792
22823,0.00012326414602607528
22824,0.9995617766552871
22825,0.05780448024539532
22826,0.001091379138182891
22827,0.2289365959255554
22828,0.7941601056699754
22829,0.01840040297858556
22830,0.0003292566248447959
22831,0.6785091652502565
22832,0.7521044412037049
22833,0.03590059289305768
22834,0.006619141339144625
22835,0.9997269586333245
22836,0.7635528616404569
22837,0.9990682470322699
22838,0.5435509268322054
22839,0.8924503310924542
22840,0.10468014990165093
22841,0.008242667904679823
22842,0.6045270450425834
22843,0.0010261551316642155
22844,0.7769405185047847
22845,0.6380593814035374
22846,0.031855225766376644
22847,0.10076662696098938
22848,0.917917949338772
22849,0.03189459133189996
22850,0.017493153735940077
22851,0.9999513919307581
22852,0.9999141850225391
22853,0.2659337418226099
22854,0.15611249701927782
22855,0.09139537062304337
22856,0.28611405388171957
22857,0.32462089306674063
22858,0.9972141976021918
22859,0.003950420297356051
22860,0.01109656277480714
22861,0.7667010400081128
22862,0.008125602025206619
22863,0.5248254264711693
22864,0.004924470266525376
22865,0.8427420754333728
22866,0.9999506312216214
22867,0.10022772480809149
22868,0.7567312544030793
22869,0.904241117209154
22870,0.07343925776282428
22871,0.5178715255224274
22872,0.03108069898987069
22873,0.15465661799727717
22874,0.872120168496681
22875,0.005361569169345994
22876,0.0010122798784409693
22877,0.0019485608558386354
22878,0.9987236992067033
22879,0.9988149430048832
22880,0.17129562002310794
22881,0.21265360801042246
22882,0.9997077590462575
22883,0.9991683204199291
22884,0.8531193503873029
22885,0.006377660454338206
22886,0.8731308447098938
22887,0.1613371744912881
22888,0.03367081813512619
22889,0.027407692865969377
22890,0.4185098955064783
22891,0.5041488134395675
22892,0.0007188954449485194
22893,0.001072625630836603
22894,0.00849909239382093
22895,0.14719461810091763
22896,0.9990390626960058
22897,0.7253450033163974
22898,0.04884935236890248
22899,0.18860793788176905
22900,0.4964552601642866
22901,0.11728317334871134
22902,0.24719752002734174
22903,0.33781992020263046
22904,0.005390916434425724
22905,0.00024264062088986686
22906,0.20993305644934052
22907,0.6904542978343686
22908,0.08716911428586656
22909,0.08429344146698522
22910,0.6775851847299083
22911,0.998803000502367
22912,0.6765578927452532
22913,0.053385612632581604
22914,0.00928456528707196
22915,0.01374350652404576
22916,0.9998611543394631
22917,0.03272744696042853
22918,0.020241286785145328
22919,0.0013533474052910865
22920,0.30002808881841847
22921,0.0045952015243684195
22922,0.00019265906168068852
22923,0.11042459008554349
22924,0.753818369997053
22925,0.2719243684986999
22926,0.11193694162631856
22927,0.9444375029281296
22928,0.1285558366209208
22929,0.9998771574896798
22930,0.0005379426881278133
22931,0.06158805764708228
22932,0.0062827098775120015
22933,0.7389947588583385
22934,0.6699275584618638
22935,0.49274841799911034
22936,0.9994823976019458
22937,0.18704503184989796
22938,0.792968164884004
22939,0.057767735287599674
22940,0.7312750373805692
22941,0.03312519091445699
22942,0.9995761861991088
22943,0.00908062243948255
22944,0.8301682834962847
22945,0.17279468513592716
22946,0.4268890367409474
22947,0.9996968236924615
22948,0.9977332094838586
22949,4.517180590861402e-05
22950,0.8741312328558325
22951,0.7336534144011506
22952,0.07761037586092494
22953,0.00010344627038460709
22954,0.9999484612432658
22955,0.006975927216177729
22956,0.9998814695025698
22957,0.02055428099729462
22958,0.0006793499523979609
22959,0.0002738166136126796
22960,0.00664761540396852
22961,0.9988824359995679
22962,0.1025637593456783
22963,0.9999807954951554
22964,0.0009510692459876338
22965,0.31937621751631556
22966,0.012645370077588569
22967,0.8086548592908499
22968,0.0017830031164236793
22969,0.21227290536065999
22970,0.0005819176689062131
22971,0.3326306550143513
22972,0.00018238177517604582
22973,0.8239506712141484
22974,0.07177436846989158
22975,0.6620477998623105
22976,0.4821903282057707
22977,0.8644773810608033
22978,0.00012243622467772894
22979,0.03735400107139924
22980,0.9998481266597455
22981,0.05946808179983736
22982,0.004704613768922438
22983,0.0012101498795960416
22984,0.969118964394088
22985,0.0038374627467808987
22986,0.24921726904120292
22987,0.9988702376698231
22988,0.00071256793172565
22989,0.020736776907684495
22990,0.00514073790128073
22991,0.4272824077787077
22992,0.023788839831463994
22993,0.8238698226279525
22994,0.01351843927363427
22995,0.7283798140305954
22996,0.9486083753336132
22997,0.1008868023457185
22998,0.01570694243879626
22999,0.5260955463197797
23000,0.021794573935387074
23001,0.007340367505511999
23002,0.13525678538448657
23003,0.9998445137181696
23004,0.000577783281918812
23005,0.00011221145745803574
23006,0.9349070006591068
23007,0.6972220105120629
23008,0.13566574409914056
23009,0.026998075209832006
23010,0.7545684526206284
23011,0.0004385345337435409
23012,0.5693906335591092
23013,0.2454827055758491
23014,0.0006483699534488984
23015,0.012963153753893732
23016,0.01146592698505069
23017,0.4373170066360877
23018,0.0016395119264746287
23019,0.04975104573789057
23020,0.0035355914612523226
23021,0.00238009113189228
23022,0.03337267310183676
23023,0.024460543306518447
23024,0.6926360191984305
23025,0.9994285616106388
23026,0.01504585977335232
23027,0.9996205987736354
23028,0.005991630758162741
23029,0.8916536053858729
23030,0.004232515761968916
23031,0.0010777022809407434
23032,0.9995084445741358
23033,0.5538525869210263
23034,0.15057707193311787
23035,0.008417239539582433
23036,0.0003131578879248409
23037,0.0035002868406974917
23038,0.0001563274883084628
23039,3.437390140789032e-05
23040,0.47170261858811463
23041,0.8541424389901892
23042,0.0004494448016728731
23043,0.015676183749555244
23044,0.0337793805401207
23045,0.5129212050005506
23046,0.9222995864492051
23047,0.5132323340846392
23048,0.021268579595142362
23049,0.4758006176655306
23050,0.7913492964946685
23051,0.009740859664909719
23052,0.31454135165072217
23053,0.08391033902921774
23054,0.03354614066919841
23055,0.9299670013350907
23056,0.9998452880340445
23057,0.025913238934794643
23058,0.9993711860036805
23059,0.9995466024518899
23060,0.06246921664388594
23061,0.9999240009909476
23062,0.7077967574077082
23063,0.24061600524778237
23064,0.21251115975179197
23065,0.16816298272815935
23066,0.6414442129679068
23067,0.08969679721001705
23068,0.6184342399287914
23069,0.10820359349481959
23070,0.9762387261945297
23071,0.8821234219143287
23072,0.24458957450183128
23073,0.0014625483613788543
23074,0.9996174235648648
23075,0.9998625834251481
23076,0.00673001908592543
23077,0.00019704375351123536
23078,0.3190703977974755
23079,0.22002371256451453
23080,0.004957061678091252
23081,0.0011383116440317855
23082,0.007130893053071032
23083,0.23527662698490856
23084,0.17347923649593638
23085,0.03810293575075737
23086,0.7900797042477656
23087,0.005822894937048895
23088,0.73031835685654
23089,0.6268003843213621
23090,0.11879920754237165
23091,0.22049292431364745
23092,0.21162035722354147
23093,0.00027172198107247683
23094,0.5492921483136877
23095,0.9245491771984131
23096,0.9996309611833578
23097,0.7367767820864474
23098,0.0005434439241297721
23099,0.9998069574986757
23100,0.6272420013906395
23101,0.6188059918025185
23102,0.8365632811260103
23103,0.003397383202250353
23104,0.010625813090161463
23105,0.10840146545879126
23106,0.014222747673481168
23107,0.9981159906355216
23108,0.5338234462008972
23109,0.24702699903814954
23110,0.010812139543802163
23111,0.005299277625118352
23112,0.07716207364554231
23113,0.039064288848565755
23114,0.032149436290330236
23115,0.40916832233782474
23116,0.11099365780734591
23117,0.2713766902475767
23118,0.604650520214365
23119,0.9999718846290591
23120,0.00455692396767921
23121,0.20403611763918314
23122,0.00977018840688461
23123,0.0008077183690771744
23124,0.3749439643405545
23125,0.9997524514715835
23126,0.012519082242233212
23127,0.448871856842263
23128,0.8078843952560834
23129,0.3374924111107922
23130,0.016818536845295814
23131,0.24485091238986018
23132,0.007622170283823972
23133,0.9998522683913187
23134,0.027266668740779695
23135,0.015795056692815748
23136,0.009209335252447888
23137,0.002585268776434424
23138,8.265992971911021e-05
23139,0.3449083342599237
23140,0.21392549226102975
23141,0.9998611543394631
23142,0.9568413869418714
23143,0.9997957235608228
23144,0.9990839857298036
23145,0.2307166119155152
23146,0.8545119837800517
23147,0.10145368868324506
23148,0.0026754840550957675
23149,0.7481438524942341
23150,0.6424532499679738
23151,0.40025737488138213
23152,0.9999718846290591
23153,0.24641318558774766
23154,0.6390020696073597
23155,0.00020656708253928273
23156,0.9998268336769098
23157,0.1363577983973006
23158,0.3126722190546958
23159,0.4860447241289704
23160,0.2964849470428207
23161,0.23225271635667116
23162,0.26227687797935684
23163,0.9992499768088454
23164,0.626674938702869
23165,0.00013421298730508126
23166,0.004114544063451672
23167,0.18115490918498456
23168,0.0025464396334308787
23169,0.48689751847295515
23170,0.4316693697612606
23171,0.2558235804812783
23172,0.06546696346521104
23173,0.002139554826902936
23174,0.3990725904666848
23175,0.7159780809807551
23176,0.9999029313405201
23177,0.008969751340989573
23178,0.9996524855960205
23179,0.002417878029120664
23180,0.46820817997840386
23181,0.009540411114320276
23182,0.19214832197921003
23183,0.007872677226341001
23184,0.49398461945847233
23185,0.9998219556284126
23186,0.9027006128702606
23187,0.9997734594164697
23188,0.5327648844705553
23189,0.2968153143665982
23190,0.24852953349663887
23191,0.29164401170305654
23192,0.032180404001007926
23193,0.6599147502546184
23194,0.3168229652119582
23195,0.22922310266288012
23196,0.9997913375275314
23197,0.7225761010205465
23198,0.0026094580584678554
23199,0.9995732123242959
23200,0.2912723016314502
23201,0.7498474829392069
23202,0.02636474632301707
23203,0.3614784778025211
23204,0.5187509068689525
23205,0.00028435163986142227
23206,0.9996803013613903
23207,0.960401861911497
23208,0.14906179652112286
23209,0.22878214671047312
23210,0.006980102387768262
23211,0.36449773345295455
23212,0.13570770781555822
23213,0.0028064447726867205
23214,0.0034041142216452254
23215,0.9994314362506218
23216,0.2961596825095957
23217,0.032188896093630494
23218,0.00031625702197243376
23219,0.9996429750733369
23220,0.0009541026160913542
23221,0.9649525088078701
23222,6.92527315286703e-05
23223,0.7918099140901665
23224,0.006893504527795138
23225,0.0819316143889661
23226,0.9989290058525521
23227,0.00018415011584183285
23228,0.27218179901376005
23229,0.9998722786759866
23230,0.16318821645942194
23231,0.030346403773963374
23232,0.07566972289359866
23233,0.32326297849459545
23234,0.9987540749782311
23235,0.36326411353669563
23236,0.009835911810150023
23237,0.9352492616913797
23238,0.07534074414817493
23239,0.019233339471460116
23240,0.9999543093291324
23241,0.003169877902886131
23242,0.004532496673294777
23243,0.10957499333310658
23244,0.9999691528149475
23245,0.00016012362645457699
23246,0.009574145085919809
23247,0.003405909118200653
23248,0.8928447253609256
23249,0.3098904451871193
23250,0.12343851993091083
23251,0.0006904662796159357
23252,0.00011647476754321942
23253,0.9111412559238365
23254,0.006661781140173084
23255,0.5622438415764545
23256,0.9994706120060642
23257,0.9987236992067033
23258,0.9997672926103712
23259,0.3415713183947805
23260,0.0014122923446807485
23261,0.003792932377523052
23262,0.9992810993103919
23263,0.2621202457788892
23264,0.2741955510115599
23265,0.2841404933918309
23266,0.3164845419783481
23267,0.08120458229897412
23268,0.5713666106263917
23269,0.3326421415492497
23270,0.23866350932489402
23271,0.05453939283439962
23272,0.8410655333418754
23273,0.8949768298347265
23274,0.08021310418836747
23275,0.0069268078738842255
23276,0.06287353733338519
23277,0.017656008725899407
23278,0.6485891666160258
23279,3.760313937424605e-05
23280,0.4759681000544906
23281,0.7294819755305556
23282,0.15805742804924228
23283,0.0007339717530505941
23284,2.5137987660172075e-05
23285,0.14726975276786955
23286,0.14547157933817326
23287,0.019547336421949682
23288,0.9996565881296677
23289,0.002707974292110041
23290,0.9996101455312355
23291,0.8658790189268244
23292,0.20275012465463216
23293,0.04670432519190868
23294,0.9991351176499722
23295,0.5965661151713001
23296,0.006558654841399285
23297,0.15756975468818818
23298,0.9997410948863343
23299,0.025734881570667976
23300,0.01043137196588929
23301,0.9998814695025698
23302,0.6289610788293207
23303,0.0010624830762323571
23304,0.09091397847905099
23305,0.9583076339235537
23306,0.00024276639042695598
23307,0.02283773526099156
23308,0.17369106029934953
23309,0.001877479723826186
23310,0.3143787494525283
23311,7.422569108668194e-05
23312,0.004756908862296964
23313,0.4517173649429504
23314,0.2870468943650601
23315,0.09972660336494768
23316,0.3554645705943657
23317,0.0012933463351266863
23318,0.00023165423459723885
23319,0.0664485894825424
23320,0.02535845508605497
23321,0.69744821883178
23322,0.8187160645417679
23323,0.9629959857981855
23324,0.1588953491826834
23325,0.00010757849184531143
23326,0.06503058858310638
23327,0.15625649763440413
23328,0.3880112717587747
23329,0.01196140799291421
23330,0.03145251877104647
23331,0.44064393759089077
23332,0.0015108540009343367
23333,0.9883416361502647
23334,0.4949812126425562
23335,0.09478153116627767
23336,7.563537692127398e-05
23337,0.04041395468322528
23338,0.7385036318370224
23339,0.9991943495064869
23340,0.5032863443808435
23341,0.010499278185309421
23342,0.17302643121626665
23343,0.6824950511519401
23344,0.023693518085631506
23345,0.006760012827475145
23346,0.31236361027336007
23347,0.00011883385117805505
23348,0.9996083192137359
23349,0.3733771789474277
23350,0.9885463815974426
23351,0.792968164884004
23352,0.9997657726368168
23353,0.3536542530268183
23354,0.0073972663313175155
23355,0.7067603149331799
23356,0.01206271818085091
23357,0.9997016419575802
23358,0.003307553214742881
23359,0.9997052328962903
23360,0.9999050379667717
23361,0.09749632808285774
23362,0.0013473579572818037
23363,0.9059337731234177
23364,0.14853180523073967
23365,0.9997440387119436
23366,0.8040094900607216
23367,0.031155031771769804
23368,0.02689155504676844
23369,0.690169103865032
23370,0.9211026135650431
23371,0.0957854351889358
23372,6.34102175533715e-05
23373,0.04670432519190868
23374,0.018688047850983932
23375,0.08937104859993451
23376,0.9998983101824852
23377,0.999715643345991
23378,0.07670489070278888
23379,0.021278618671303477
23380,0.1944483473714316
23381,0.8279607236842687
23382,0.00018968002905331562
23383,0.03083799668806233
23384,0.9993249733448629
23385,0.14807585032373544
23386,0.07246974394778308
23387,0.008203042070340593
23388,0.0006817777275142609
23389,0.12070599675101436
23390,0.000794710288851693
23391,0.9994807358729794
23392,0.16660817460430738
23393,0.001875642493501884
23394,0.10469952722083106
23395,0.9189235767579327
23396,0.1612520706854954
23397,0.9999844451729947
23398,1.6746116316390488e-05
23399,0.6870333696853994
23400,0.9993911726874215
23401,0.009634034560226983
23402,0.004584665977372307
23403,0.0010122870596188127
23404,0.0004902863851763261
23405,0.7731071828420658
23406,0.4127265077154279
23407,9.258149963656693e-05
23408,0.9988111814980287
23409,0.005182772144378853
23410,0.052548727480904014
23411,0.1400557378373885
23412,0.37491802933148644
23413,0.5714513413114971
23414,0.03853383177061725
23415,0.5786973594804286
23416,0.011731312730042453
23417,0.2782959835465114
23418,0.8158288099339361
23419,0.008962322884985004
23420,0.5033057199258607
23421,0.0017281767069370717
23422,0.48154091618411476
23423,0.053909018201308265
23424,0.9995191986943253
23425,0.025399593267916933
23426,0.3560975005463733
23427,0.01734174206357662
23428,0.9996163273617402
23429,0.0170023460206434
23430,0.3518980126974606
23431,0.002417878029120664
23432,0.9998611543394631
23433,0.3320063411729002
23434,0.7778839939848315
23435,0.7326807160069663
23436,0.9999607090645114
23437,0.08262704128200926
23438,0.027884537448297025
23439,0.0004101827988354989
23440,0.003527457230824507
23441,0.07392376205989871
23442,0.04629781017342215
23443,0.8353113753086724
23444,0.8705232909409047
23445,0.17401002462784246
23446,0.039067782442137
23447,0.9998549538771617
23448,0.017892107276215416
23449,0.9996780930018876
23450,0.676063457562024
23451,0.7689187144960208
23452,0.9986211987720303
23453,0.000246605799175089
23454,0.05710999031364708
23455,0.00033827993958991177
23456,0.015069459159969153
23457,0.000481497408493849
23458,0.9995949625908972
23459,0.0031383983367263084
23460,0.20208459683787722
23461,0.8131723309793999
23462,0.7496406979930005
23463,0.7622442824125418
23464,0.002542574272051965
23465,0.007618889457751877
23466,0.9999070628590069
23467,0.34524153584975337
23468,0.0008531617747785495
23469,0.9997984977338812
23470,0.0751759848234771
23471,0.14827832336411692
23472,0.021454829188700845
23473,0.25215380859903624
23474,0.0038374627467808987
23475,0.9306972664397833
23476,0.0002208207714264637
23477,0.9992567833984433
23478,0.9998983101824852
23479,9.802472216613011e-05
23480,0.014123187177086676
23481,0.33978248268783745
23482,0.1059881018562735
23483,0.7358454678599269
23484,0.9682446028988487
23485,0.5522325305280084
23486,0.9998441812431935
23487,0.9999543093291324
23488,0.5305932439383256
23489,0.007994432136495023
23490,0.2590965788536781
23491,0.00829808604688606
23492,0.754793682799927
23493,0.05307485369244496
23494,0.18682898522533906
23495,0.010548558300706112
23496,0.4349932043780235
23497,0.40610986852816183
23498,0.033892369768998336
23499,0.6604510202376301
23500,0.12630295650096293
23501,0.015664264475580975
23502,0.9994050780537049
23503,0.13358691178951557
23504,0.4627873456685849
23505,0.08867098878802622
23506,0.1349934006492311
23507,0.4887721516156529
23508,0.00406749138615193
23509,0.06438272348877089
23510,0.0039430235908543484
23511,0.034342596676839955
23512,0.0036480582594678275
23513,0.8201369386288472
23514,0.9998939055184133
23515,0.02922335806398854
23516,2.6527691852151597e-05
23517,0.3274616462257751
23518,0.4903917049254229
23519,0.01479990056378952
23520,0.005624341581982666
23521,0.3334350070356119
23522,0.9994578980614803
23523,0.14809877839053864
23524,0.06773990784159843
23525,0.0284352285736837
23526,0.0002581070324859262
23527,0.999280903012029
23528,0.6119903171481366
23529,0.01450197464433217
23530,0.0125157801279005
23531,0.15655861087387632
23532,0.32767950677803537
23533,0.739722439656197
23534,0.270152141652385
23535,0.5916497872991259
23536,0.02300488480228018
23537,0.9989274180942594
23538,0.025913238934794643
23539,0.31578953213320227
23540,0.9995743746884126
23541,0.0011335840671660095
23542,0.019034627391264186
23543,0.5381968746525377
23544,0.004315218075491741
23545,0.9970746471440454
23546,0.8202617366127499
23547,0.16644549194552996
23548,0.06080426172276916
23549,0.002379223580842531
23550,0.057148781517552
23551,0.9995487852558396
23552,0.011488608350262325
23553,0.01353756699139006
23554,0.005452839350163793
23555,0.9997228309506574
23556,0.0008816387470583762
23557,0.037614095784222444
23558,0.9998693536850786
23559,0.999673126570884
23560,0.00029557907141828353
23561,0.0014400486913406015
23562,0.0001544163428685462
23563,0.008724213499972697
23564,0.08141544921281944
23565,0.021078061395689587
23566,0.32396587607816835
23567,0.8558882203429904
23568,0.05046192043990441
23569,0.2287105520684187
23570,0.00015898280455230968
23571,0.7959122582868615
23572,0.011118901992140768
23573,0.18463198194518776
23574,0.002028882225717707
23575,0.01280462537388565
23576,0.8633510878435101
23577,0.9997693236947158
23578,0.19723657713066275
23579,0.9998722786759866
23580,0.17096808741296027
23581,0.48003628035247115
23582,0.052056251219143784
23583,0.023206396167422712
23584,0.007612447929065113
23585,0.4730385785722859
23586,0.5159262381972713
23587,0.4270195637421458
23588,0.8914258124324683
23589,0.11755568576251069
23590,0.0024192010681670503
23591,0.10610619255899759
23592,0.0033723282972550005
23593,0.006804070553353641
23594,0.0005061751095833751
23595,0.29063625198689785
23596,0.7745242805864693
23597,0.6760485196168169
23598,0.12492633279384782
23599,0.12365472624588865
23600,0.0011013025821745564
23601,0.09733477265731147
23602,0.11383216926322072
23603,0.3290067697811222
23604,0.9998549538771617
23605,0.043958090607360015
23606,0.22302609489008907
23607,0.9998347857388117
23608,0.22519862315004865
23609,0.9992907723817248
23610,0.08444255336122009
23611,0.02637209702988521
23612,0.21261882277922206
23613,0.4346445872079704
23614,0.9578187784506677
23615,0.5774561640664958
23616,0.0002674888131301742
23617,0.5836522225133729
23618,0.014275007040627147
23619,0.00024950682024649196
23620,0.21623626984030644
23621,0.023496445049063754
23622,0.8891173995708429
23623,0.8170348670424757
23624,0.6144858506277837
23625,0.0006844103913615969
23626,0.8750587126517407
23627,0.0002453931203166579
23628,0.010393108558810042
23629,0.9983327755147595
23630,0.010193854337964782
23631,0.4021521947235172
23632,0.08245248243422848
23633,0.12361983902893522
23634,0.8298493678380257
23635,0.22984709659103056
23636,0.9359479059299561
23637,0.06706196565334721
23638,0.010766086223803357
23639,0.06534544073837893
23640,0.007240480759262241
23641,0.8314241978267894
23642,0.6336121865190822
23643,0.9499235454580548
23644,0.39430096089548194
23645,0.004348218721194578
23646,0.8669539413296655
23647,0.9969058993074875
23648,0.9998475756380479
23649,0.023294133785223835
23650,0.9998771574896798
23651,0.999548755909269
23652,0.9997800107469587
23653,0.1890195182772819
23654,0.003785770755538784
23655,0.058053313236847134
23656,0.3587854645181983
23657,0.9996663279172785
23658,0.987096262952259
23659,0.9996071687867105
23660,0.3048364750248456
23661,4.195761132202424e-05
23662,0.03621943187024684
23663,0.008255915459682298
23664,0.02118764633293779
23665,0.0548589099563849
23666,0.00978683074979024
23667,0.0016599756093925394
23668,0.021260181968600227
23669,0.7919173692948035
23670,0.20899834282541832
23671,0.9999317452036011
23672,0.0015502071037366933
23673,0.5350129953928946
23674,0.26365739180339615
23675,0.02127117889069571
23676,0.004131669349414446
23677,0.7866343559901058
23678,0.05983182205957001
23679,0.18377800872333586
23680,0.008492333568904848
23681,0.005879332080840886
23682,0.57180967604447
23683,0.0002345867674314172
23684,0.28645873159037205
23685,0.0612290204962278
23686,0.022253526413588555
23687,0.1858793314363959
23688,0.8068440052171086
23689,0.9007875947512272
23690,0.027879696358199334
23691,0.9996174235648648
23692,0.02160379990760736
23693,0.00025247278800821966
23694,0.24635925275737705
23695,0.7851816979137471
23696,0.3623259060097719
23697,0.29775191947041985
23698,0.9999364441705685
23699,0.2058458228151079
23700,0.0015032085205663821
23701,0.8979485728637949
23702,0.45418651684209965
23703,0.9999282706469728
23704,0.9991507841673286
23705,0.004946906565962335
23706,0.38234524242605383
23707,0.00034128823325611156
23708,0.011594096421193424
23709,0.9995047105160518
23710,0.9993336517016168
23711,0.999742937101724
23712,0.9357084831835294
23713,0.4956839548221384
23714,0.053448627760247544
23715,0.31295187135704167
23716,0.9997548923490454
23717,0.0014589455430249413
23718,0.5932850669624067
23719,0.7284162325603464
23720,0.2350325445245535
23721,0.3963583898852931
23722,0.023120685623760004
23723,0.8349788996194294
23724,0.9766544964321564
23725,0.999814928456154
23726,0.9984447787517456
23727,0.0036442575997230895
23728,0.5645751274679086
23729,0.0544494253716612
23730,0.999953014711548
23731,0.14655598976906703
23732,0.9484682148459814
23733,0.9992567833984433
23734,0.18254621917970942
23735,0.010072730218971438
23736,0.9282593771781084
23737,0.8173436657265652
23738,0.9993962546929599
23739,0.041908650814398034
23740,0.999409621151641
23741,0.07503165644828629
23742,0.25641823289031984
23743,0.11340170051427095
23744,0.2645568632828734
23745,0.9675332907487106
23746,0.02276724745928127
23747,0.8989108115762311
23748,0.07808806428485938
23749,0.07957432163876459
23750,0.6862216397148991
23751,0.6188867523430959
23752,0.00031309627105397187
23753,0.07165329552915216
23754,0.0001755645310034606
23755,0.9154413783692211
23756,0.3800181859040077
23757,0.8677383833624632
23758,0.04365028972162104
23759,0.13521605545843746
23760,0.005981417690343731
23761,0.0005379426881278133
23762,0.7433680495758461
23763,0.6554748081992786
23764,0.969118964394088
23765,0.6367484455824156
23766,0.5129293315120117
23767,0.7757359763919526
23768,0.999607241606399
23769,0.005702292615859089
23770,6.769669063804562e-05
23771,0.6929166391367422
23772,0.09540123415612921
23773,0.13917326401045205
23774,0.6762002553086993
23775,0.27960524512600404
23776,0.999839854212449
23777,0.04460384413226304
23778,0.9993243545468926
23779,0.0014786236262475307
23780,0.9395982883740769
23781,0.3208158646123677
23782,0.76882515994434
23783,0.24332858312443914
23784,0.7529260826671053
23785,0.3088144804285927
23786,0.03027794065868767
23787,0.001072625630836603
23788,0.9996869069705021
23789,0.12310171526968032
23790,7.752517331006769e-05
23791,0.5917187399714238
23792,0.07885911391738272
23793,0.002563635093462506
23794,0.02126715323852024
23795,0.004185991858366056
23796,0.4624141862566488
23797,0.8914258124324683
23798,0.6050540701294984
23799,0.031471229152393164
23800,0.2667327174227997
23801,0.337559766320614
23802,0.9998181260813932
23803,0.9995357236789374
23804,0.013281189530986538
23805,0.00447125278125193
23806,0.00020426001002374903
23807,0.12140039739053698
23808,0.0005759722106552302
23809,0.31825275227836813
23810,0.020625483602919624
23811,0.007810326555102979
23812,0.9015994587281678
23813,0.24483057043338508
23814,0.0076379404922788646
23815,0.00012316674415131502
23816,0.2871176333009777
23817,0.00024108981525618534
23818,0.3782147174810754
23819,0.9995135488549148
23820,0.1117484762491889
23821,0.1356932945812308
23822,0.14523177833762582
23823,0.9436091972285566
23824,0.0020316188926628167
23825,9.918816389947047e-05
23826,0.7433336385123878
23827,0.0001562297743120704
23828,0.03374861890664052
23829,0.3947180900228068
23830,0.014225145908793348
23831,0.9165377666555173
23832,0.359845636923367
23833,0.8180895053272279
23834,0.03537553435075976
23835,0.0006844103913615969
23836,0.006804210795510814
23837,0.0017207546414125222
23838,0.0004926751634925307
23839,0.9222995864492051
23840,0.014501141863948502
23841,0.6303407314082236
23842,0.8753376437897562
23843,0.00014620907860939588
23844,8.409659870542038e-05
23845,0.00041612042402290427
23846,0.02786509829197183
23847,0.1276995039294638
23848,0.7624696804212383
23849,0.3922494526049013
23850,0.9250176085840736
23851,0.9962985135409205
23852,0.0049568097677286085
23853,0.8094951556739981
23854,0.02310687145112697
23855,0.13866298939566762
23856,0.9995321735965664
23857,0.9640550935300264
23858,0.9998318286966535
23859,0.07686846274293037
23860,0.6209612531021739
23861,0.9996114433097345
23862,0.5535785849944592
23863,0.47378705358605666
23864,0.0198748309107062
23865,0.9996565881296677
23866,0.8122707869416846
23867,0.9994807358729794
23868,0.9983055771468846
23869,0.41525959772339993
23870,0.020138789253648533
23871,0.14509245417125233
23872,0.006508968949967478
23873,0.8652334731143095
23874,0.6002206163855093
23875,0.6487783872632478
23876,0.03240111677041796
23877,0.24158283818037501
